	B	78		United Kingdom	The World's End		hotel										Q26511772	2026-08-16T23:24:35.197698Z		Canonical queue drain | fit B | GitHub MASTER dedupe passed	http://worldsendpatching.co.uk/		https://www.worldsendpatching.co.uk/contact-us/	https://www.instagram.com/worldsendpatching/	https://www.facebook.com/profile.php/						Medium	Recall-first	http://www.wikidata.org/entity/Q26511772; https://www.worldsendpatching.co.uk/	Wikidata structured evidence; country=Q145; class=Q27686; official website property P856.				q26511772	worldsendpatching.co.uk		the world s end		United Kingdom	MEDIUM	domain:worldsendpatching.co.uk
	B	78		United Kingdom	The White Hart Hotel		hotel										Q26520355	2026-08-16T23:24:35.197698Z		Canonical queue drain | fit B | GitHub MASTER dedupe passed	http://www.whiteharthotelmartock.co.uk/	info@whiteharthotelmartock.co.uk	https://www.whiteharthotelmartock.co.uk/contact-us/		https://www.facebook.com/martock.whitehart/						High	Verified	http://www.wikidata.org/entity/Q26520355; https://www.whiteharthotelmartock.co.uk/; https://www.whiteharthotelmartock.co.uk/contact-us/	Wikidata structured evidence; country=Q145; class=Q27686; official website property P856. Public business email recovered from first-party website; no inference.				q26520355	whiteharthotelmartock.co.uk		the white hart hotel		United Kingdom	HIGH	domain:whiteharthotelmartock.co.uk
	B	78		United Kingdom	White Hart Inn		hotel										Q26395021	2026-08-16T23:24:35.197698Z		Canonical queue drain | fit B | GitHub MASTER dedupe passed	http://thewhitehartheadington.com/	thewhitehartheadington@gmail.com		https://www.instagram.com/thewhitehartheadington/	https://www.facebook.com/thewhitehartheadington/						Medium	Recall-first	http://www.wikidata.org/entity/Q26395021; https://thewhitehartheadington.com/	Wikidata structured evidence; country=Q145; class=Q27686; official website property P856. Public business email recovered from first-party website; no inference.				q26395021	thewhitehartheadington.com		white hart inn		United Kingdom	MEDIUM	domain:thewhitehartheadington.com
	B	78		United Kingdom	Three Conies Inn		hotel										Q26485767	2026-08-16T23:24:35.197698Z		Canonical queue drain | fit B | GitHub MASTER dedupe passed	http://www.thethreeconies.com/	bookings@thethreeconies.com	https://www.thethreeconies.com/find-contact-us/		https://www.facebook.com/TheThreeConies/						Medium	Recall-first	http://www.wikidata.org/entity/Q26485767; https://www.thethreeconies.com/	Wikidata structured evidence; country=Q145; class=Q27686; official website property P856. Public business email recovered from first-party website; no inference.				q26485767	thethreeconies.com		three conies inn		United Kingdom	MEDIUM	domain:thethreeconies.com
	B	78		United Kingdom	Red Lion Inn		hotel										Q26452540	2026-08-16T23:24:35.197698Z		Canonical queue drain | fit B | GitHub MASTER dedupe passed	https://theredlionlitton.co.uk/	info@theredlionlitton.co.uk	https://theredlionlitton.co.uk/contact/		https://www.facebook.com/Red-Lion-Inn-475296019345600/						High	Verified	http://www.wikidata.org/entity/Q26452540; https://theredlionlitton.co.uk/	Wikidata structured evidence; country=Q145; class=Q27686; official website property P856. Public business email recovered from first-party website; no inference.				q26452540	theredlionlitton.co.uk		red lion inn		United Kingdom	HIGH	domain:theredlionlitton.co.uk
	B	78		United Kingdom	The Plough Inn		hotel										Q26432320	2026-08-16T23:24:35.197698Z		Canonical queue drain | fit B | GitHub MASTER dedupe passed	https://theploughinncheshire.com	enquiries@theploughinncheshire.com	https://theploughinncheshire.com/contact/	https://www.instagram.com/theploughinneaton/							High	Verified	http://www.wikidata.org/entity/Q26432320; https://theploughinncheshire.com/; https://theploughinncheshire.com	Wikidata structured evidence; country=Q145; class=Q27686; official website property P856. Public business email recovered from first-party website; no inference.				q26432320	theploughinncheshire.com		the plough inn		United Kingdom	HIGH	domain:theploughinncheshire.com
	B	78		United Kingdom	Phoenix Inn		hotel										Q26388047	2026-08-16T23:24:35.197698Z		Canonical queue drain | fit B | GitHub MASTER dedupe passed	http://www.thephoenixinn.co.uk	info@thephoenixinn.co.uk		https://www.instagram.com/phoenixinn/	https://www.facebook.com/thephoenixinntwyford/						Permissive	Qualification	http://www.wikidata.org/entity/Q26388047; https://www.thephoenixinn.co.uk/	Wikidata structured evidence; country=Q145; class=Q27686; official website property P856. Public business email recovered from first-party website; no inference.				q26388047	thephoenixinn.co.uk		phoenix inn		United Kingdom	PERMISSIVE	domain:thephoenixinn.co.uk
	B	78		United Kingdom	King's Arms Inn		hotel										Q26435955	2026-08-16T23:24:35.197698Z		Canonical queue drain | fit B | GitHub MASTER dedupe passed	http://www.thekingsarmspaul.com/	thekingsarmspaul@outlook.com	https://www.thekingsarmspaul.com/contact-us/		https://www.facebook.com/TheKingsArmsPaul/						High	Verified	http://www.wikidata.org/entity/Q26435955; https://www.thekingsarmspaul.com/	Wikidata structured evidence; country=Q145; class=Q27686; official website property P856. Public business email recovered from first-party website; no inference.				q26435955	thekingsarmspaul.com		king s arms inn		United Kingdom	HIGH	domain:thekingsarmspaul.com
	B	78		United Kingdom	The Gin Trapp Inn		hotel										Q26466593	2026-08-16T23:24:35.197698Z		Canonical queue drain | fit B | GitHub MASTER dedupe passed	https://www.thegintrapinn.co.uk/		https://www.thegintrapinn.co.uk/food/	https://www.instagram.com/thegintrap/	https://www.facebook.com/thegintrapinn/						Permissive	Qualification	http://www.wikidata.org/entity/Q26466593; https://www.thegintrapinn.co.uk/	Wikidata structured evidence; country=Q145; class=Q27686; official website property P856.				q26466593	thegintrapinn.co.uk		the gin trapp inn		United Kingdom	PERMISSIVE	domain:thegintrapinn.co.uk
	B	78		United Kingdom	The Crown Tap And Archway, (Part Of Crown Hotel)		hotel										Q26451073	2026-08-16T23:24:35.197698Z		Canonical queue drain | fit B | GitHub MASTER dedupe passed	https://www.thecrowntapringwood.co.uk/	info@thecrowntapringwood.co.uk		https://www.instagram.com/wix/	https://www.facebook.com/wix/						Permissive	Qualification	http://www.wikidata.org/entity/Q26451073; https://www.thecrowntapringwood.co.uk/	Wikidata structured evidence; country=Q145; class=Q27686; official website property P856. Public business email recovered from first-party website; no inference.				q26451073	thecrowntapringwood.co.uk		the crown tap and archway part of crown hotel		United Kingdom	PERMISSIVE	domain:thecrowntapringwood.co.uk
	B	78		United Kingdom	Crown Inn		hotel										Q26505412	2026-08-16T23:24:35.197698Z		Canonical queue drain | fit B | GitHub MASTER dedupe passed	http://www.thecrownpenzance.co.uk/	info@thecrownpenzance.co.uk	https://www.thecrownpenzance.co.uk/contact-us/		https://www.facebook.com/TheCrownPenzance/						Permissive	Qualification	http://www.wikidata.org/entity/Q26505412; https://www.thecrownpenzance.co.uk/	Wikidata structured evidence; country=Q145; class=Q27686; official website property P856. Public business email recovered from first-party website; no inference.				q26505412	thecrownpenzance.co.uk		crown inn		United Kingdom	PERMISSIVE	domain:thecrownpenzance.co.uk
	B	78		United Kingdom	Bull's Head Inn		hotel										Q26431603	2026-08-16T23:24:35.197698Z		Canonical queue drain | fit B | GitHub MASTER dedupe passed	https://thebullsheaddavenham.co.uk/	info@thebullsheaddavenham.co.uk	https://thebullsheaddavenham.co.uk/contact-us/		https://www.facebook.com/bullsheadpubdavenham/						High	Verified	http://www.wikidata.org/entity/Q26431603; https://thebullsheaddavenham.co.uk/contact-us/	Wikidata structured evidence; country=Q145; class=Q27686; official website property P856. Public business email recovered from first-party website; no inference.				q26431603	thebullsheaddavenham.co.uk		bull s head inn		United Kingdom	HIGH	domain:thebullsheaddavenham.co.uk
	B	78		United Kingdom	Bull Inn		hotel										Q26499536	2026-08-16T23:24:35.197698Z		Canonical queue drain | fit B | GitHub MASTER dedupe passed	http://www.thebullatbenenden.co.uk		https://www.thebullatbenenden.co.uk/contact	https://www.instagram.com/bullbenenden/	https://www.facebook.com/Thebullatbenenden/						High	Verified	http://www.wikidata.org/entity/Q26499536; https://www.thebullatbenenden.co.uk/	Wikidata structured evidence; country=Q145; class=Q27686; official website property P856.				q26499536	thebullatbenenden.co.uk		bull inn		United Kingdom	HIGH	domain:thebullatbenenden.co.uk
	B	78		United Kingdom	The Boat House		hotel										Q26531571	2026-08-16T23:24:35.197698Z		Canonical queue drain | fit B | GitHub MASTER dedupe passed	https://www.theboathouseiow.co.uk/		https://www.theboathouseiow.co.uk/contact/	https://www.instagram.com/boathouse_iow/	https://www.facebook.com/pg/TheBoatHouseIOW/posts/						High	Verified	http://www.wikidata.org/entity/Q26531571; https://www.theboathouseiow.co.uk/	Wikidata structured evidence; country=Q145; class=Q27686; official website property P856.				q26531571	theboathouseiow.co.uk		the boat house		United Kingdom	HIGH	domain:theboathouseiow.co.uk
	B	78		United Kingdom	Bear Inn		hotel										Q26529940	2026-08-16T23:24:35.197698Z		Canonical queue drain | fit B | GitHub MASTER dedupe passed	http://thebearstock.com/		https://thebearstock.com/contact-us/	https://www.instagram.com/thebearinstock/	https://www.facebook.com/thebearstock/						Medium	Recall-first	http://www.wikidata.org/entity/Q26529940; https://thebearstock.com/	Wikidata structured evidence; country=Q145; class=Q27686; official website property P856.				q26529940	thebearstock.com		bear inn		United Kingdom	MEDIUM	domain:thebearstock.com
	B	78		United Kingdom	The Anchor Inn		hotel										Q26415315	2026-08-16T23:24:35.197698Z		Canonical queue drain | fit B | GitHub MASTER dedupe passed	http://www.theanchordanbury.co.uk/	info@theanchordanbury.co.uk	https://www.theanchordanbury.co.uk/contact		https://www.facebook.com/theanchordanbury/						Permissive	Qualification	http://www.wikidata.org/entity/Q26415315; https://www.theanchordanbury.co.uk/index	Wikidata structured evidence; country=Q145; class=Q27686; official website property P856. Public business email recovered from first-party website; no inference.				q26415315	theanchordanbury.co.uk		the anchor inn		United Kingdom	PERMISSIVE	domain:theanchordanbury.co.uk
	B	78		United Kingdom	Tamar Hotel		hotel										Q26433027	2026-08-16T23:24:35.197698Z		Canonical queue drain | fit B | GitHub MASTER dedupe passed	https://www.tamarinn.co.uk/		https://www.tamarinn.co.uk/contact-us	https://www.instagram.com/tamarinncalstock/	https://www.facebook.com/TheTamarInn/						Medium	Recall-first	http://www.wikidata.org/entity/Q26433027; https://www.tamarinn.co.uk/	Wikidata structured evidence; country=Q145; class=Q27686; official website property P856.				q26433027	tamarinn.co.uk		tamar hotel		United Kingdom	MEDIUM	domain:tamarinn.co.uk
	B	78		United Kingdom	Swan Hotel		hotel										Q26519300	2026-08-16T23:24:35.197698Z		Canonical queue drain | fit B | GitHub MASTER dedupe passed	https://www.swanhotel.com/		https://swanhotel.com/about-us-hotel-story/	https://www.instagram.com/swanhotelnewbybridge/	https://www.facebook.com/swanhotelandspa/						High	Verified	http://www.wikidata.org/entity/Q26519300; https://swanhotel.com/	Wikidata structured evidence; country=Q145; class=Q27686; official website property P856.				q26519300	swanhotel.com		swan hotel		United Kingdom	HIGH	domain:swanhotel.com
	B	78		United Kingdom	Steam Packet Inn		hotel										Q26530080	2026-08-16T23:24:35.197698Z		Canonical queue drain | fit B | GitHub MASTER dedupe passed	http://www.steampacketinn.co.uk		https://www.steampacketinn.co.uk/contact/	https://www.instagram.com/thesteampacket_totnes/	https://www.facebook.com/thesteampacket/						Medium	Recall-first	http://www.wikidata.org/entity/Q26530080; https://www.steampacketinn.co.uk/	Wikidata structured evidence; country=Q145; class=Q27686; official website property P856.				q26530080	steampacketinn.co.uk		steam packet inn		United Kingdom	MEDIUM	domain:steampacketinn.co.uk
	B	78		United Kingdom	The Ship Inn		hotel										Q26404046	2026-08-16T23:24:35.197698Z		Canonical queue drain | fit B | GitHub MASTER dedupe passed	http://www.shipinn-dorset.com		https://www.shipinn-dorset.com/index.php/home/about-us	https://www.instagram.com/theshipinnweststour/	https://www.facebook.com/profile.php/						Permissive	Qualification	http://www.wikidata.org/entity/Q26404046; https://www.shipinn-dorset.com/	Wikidata structured evidence; country=Q145; class=Q27686; official website property P856.				q26404046	shipinn-dorset.com		the ship inn		United Kingdom	PERMISSIVE	domain:shipinn-dorset.com
	B	78		United Kingdom	The Royal Mount Ephraim Hotel		hotel										Q26519715	2026-08-16T23:24:35.197698Z		Canonical queue drain | fit B | GitHub MASTER dedupe passed	http://www.royalwells.co.uk/food		https://royalwells.co.uk/about-us/	https://www.instagram.com/theroyalwells/	https://www.facebook.com/TheRoyalWells/						High	Verified	http://www.wikidata.org/entity/Q26519715; https://royalwells.co.uk/food-and-drinks/	Wikidata structured evidence; country=Q145; class=Q27686; official website property P856.				q26519715	royalwells.co.uk		the royal mount ephraim hotel		United Kingdom	HIGH	domain:royalwells.co.uk
	B	78		United Kingdom	The Rose And Crown Inn		hotel										Q26487922	2026-08-16T23:24:35.197698Z		Canonical queue drain | fit B | GitHub MASTER dedupe passed	http://www.roseandcrownmayfield.co.uk		https://www.roseandcrownmayfield.co.uk/contact-details	https://www.instagram.com/roseandcrownmayfield/	https://www.facebook.com/roseandcrownTN20/						Medium	Recall-first	http://www.wikidata.org/entity/Q26487922; https://www.roseandcrownmayfield.co.uk/	Wikidata structured evidence; country=Q145; class=Q27686; official website property P856.				q26487922	roseandcrownmayfield.co.uk		the rose and crown inn		United Kingdom	MEDIUM	domain:roseandcrownmayfield.co.uk
	B	78		United Kingdom	The Swan Inn		hotel										Q26431686	2026-08-16T23:24:35.197698Z		Canonical queue drain | fit B | GitHub MASTER dedupe passed	https://www.robinsonsbrewery.com/pubs/swan-inn-wybunbury/		https://www.robinsonsbrewery.com/contact-us/	https://www.instagram.com/swaninnwybunbury/	https://www.facebook.com/swaninnwybunbury/						High	Verified	http://www.wikidata.org/entity/Q26431686; https://www.robinsonsbrewery.com/pubs/swan-inn-wybunbury/	Wikidata structured evidence; country=Q145; class=Q27686; official website property P856.				q26431686	robinsonsbrewery.com		the swan inn		United Kingdom	HIGH	domain:robinsonsbrewery.com
	B	78		United Kingdom	The Red Lion Inn		hotel										Q26494335	2026-08-16T23:24:35.197698Z		Canonical queue drain | fit B | GitHub MASTER dedupe passed	https://www.redlionlacock.co.uk/		https://www.redlionlacock.co.uk/contact	https://www.instagram.com/theredlionlacock/	https://www.facebook.com/RedLionLacock/						High	Verified	http://www.wikidata.org/entity/Q26494335; https://www.redlionlacock.co.uk/	Wikidata structured evidence; country=Q145; class=Q27686; official website property P856.				q26494335	redlionlacock.co.uk		the red lion inn		United Kingdom	HIGH	domain:redlionlacock.co.uk
	B	78		United Kingdom	Red Lion Inn		hotel										Q26420952	2026-08-16T23:24:35.197698Z		Canonical queue drain | fit B | GitHub MASTER dedupe passed	http://www.redlionhinxton.co.uk	info@redlionhinxton.co.uk	https://redlionhinxton.co.uk/contact-us/		https://www.facebook.com/redlionhinxton/						High	Verified	http://www.wikidata.org/entity/Q26420952; https://redlionhinxton.co.uk/contact-us/; https://redlionhinxton.co.uk/	Wikidata structured evidence; country=Q145; class=Q27686; official website property P856. Public business email recovered from first-party website; no inference.				q26420952	redlionhinxton.co.uk		red lion inn		United Kingdom	HIGH	domain:redlionhinxton.co.uk
	B	78		United Kingdom	The Ram Inn		hotel										Q26515777	2026-08-16T23:24:35.197698Z		Canonical queue drain | fit B | GitHub MASTER dedupe passed	http://www.raminn.co.uk/	bookings@raminn.co.uk	https://www.raminn.co.uk:443/contact		https://www.facebook.com/theraminnfirle/						Permissive	Qualification	http://www.wikidata.org/entity/Q26515777; https://www.raminn.co.uk:443/contact	Wikidata structured evidence; country=Q145; class=Q27686; official website property P856. Public business email recovered from first-party website; no inference.				q26515777	raminn.co.uk		the ram inn		United Kingdom	PERMISSIVE	domain:raminn.co.uk
	B	78		United Kingdom	Prested Hall		hotel										Q26462643	2026-08-16T23:24:35.197698Z		Canonical queue drain | fit B | GitHub MASTER dedupe passed	https://prested.co.uk/		https://prested.co.uk/contact-us/	https://www.instagram.com/carrottopphotos/	https://www.facebook.com/prestedhall16/						Medium	Recall-first	http://www.wikidata.org/entity/Q26462643; https://prested.co.uk/	Wikidata structured evidence; country=Q145; class=Q27686; official website property P856.				q26462643	prested.co.uk		prested hall		United Kingdom	MEDIUM	domain:prested.co.uk
	B	78		United Kingdom	The New Inn		hotel										Q26527802	2026-08-16T23:24:35.197698Z		Canonical queue drain | fit B | GitHub MASTER dedupe passed	https://newinnpubwinchelsea.co.uk/	newinnpubwinchelsea@outlook.com	https://newinnpubwinchelsea.co.uk/contact-us/		https://www.facebook.com/newinn.winchelsea.5/						Permissive	Qualification	http://www.wikidata.org/entity/Q26527802; https://newinnpubwinchelsea.co.uk/; https://newinnpubwinchelsea.co.uk/contact-us/	Wikidata structured evidence; country=Q145; class=Q27686; official website property P856. Public business email recovered from first-party website; no inference.				q26527802	newinnpubwinchelsea.co.uk		the new inn		United Kingdom	PERMISSIVE	domain:newinnpubwinchelsea.co.uk
	B	78		United Kingdom	Napoleon Inn		hotel										Q26532701	2026-08-16T23:24:35.197698Z		Canonical queue drain | fit B | GitHub MASTER dedupe passed	http://www.napoleoninn.co.uk/	thenapoleoninn@yahoo.com	https://www.napoleoninn.co.uk/contact-us/		https://www.facebook.com/p/The-Napoleon-Inn-61554571217381/						High	Verified	http://www.wikidata.org/entity/Q26532701; https://www.napoleoninn.co.uk/contact-us/	Wikidata structured evidence; country=Q145; class=Q27686; official website property P856. Public business email recovered from first-party website; no inference.				q26532701	napoleoninn.co.uk		napoleon inn		United Kingdom	HIGH	domain:napoleoninn.co.uk
	B	78		United Kingdom	Lympstone Manor		hotel										Q26390092	2026-08-16T23:24:35.197698Z		Canonical queue drain | fit B | GitHub MASTER dedupe passed	https://lympstonemanor.co.uk/	reservations@lympstonemanor.co.uk	https://lympstonemanor.co.uk/about/	https://www.instagram.com/lympstone_manor/							High	Verified	http://www.wikidata.org/entity/Q26390092; https://lympstonemanor.co.uk/	Wikidata structured evidence; country=Q145; class=Q27686; official website property P856. Public business email recovered from first-party website; no inference.				q26390092	lympstonemanor.co.uk		lympstone manor		United Kingdom	HIGH	domain:lympstonemanor.co.uk
	B	78		United Kingdom	The Kings Arms Hotel		hotel										Q26451114	2026-08-16T23:24:35.197698Z		Canonical queue drain | fit B | GitHub MASTER dedupe passed	https://www.kingsarmsaskrigg.com		https://www.kingsarmsaskrigg.com/about-us	https://www.instagram.com/holidaypropertybond/	https://www.facebook.com/HPBKingsArms/						High	Verified	http://www.wikidata.org/entity/Q26451114; https://www.kingsarmsaskrigg.com/; https://www.kingsarmsaskrigg.com	Wikidata structured evidence; country=Q145; class=Q27686; official website property P856.				q26451114	kingsarmsaskrigg.com		the kings arms hotel		United Kingdom	HIGH	domain:kingsarmsaskrigg.com
	B	78		United Kingdom	Grassington House Hotel		hotel										Q26460433	2026-08-16T23:24:35.197698Z		Canonical queue drain | fit B | GitHub MASTER dedupe passed	http://www.grassingtonhousehotel.co.uk/		https://www.grassingtonhousehotel.co.uk/contact.html	https://www.instagram.com/grassington_house/	https://www.facebook.com/GrassingtonHouse/						High	Verified	http://www.wikidata.org/entity/Q26460433; https://www.grassingtonhousehotel.co.uk/	Wikidata structured evidence; country=Q145; class=Q27686; official website property P856.				q26460433	grassingtonhousehotel.co.uk		grassington house hotel		United Kingdom	HIGH	domain:grassingtonhousehotel.co.uk
	B	78		United Kingdom	The Golden Fleece Hotel		hotel										Q26444101	2026-08-16T23:24:35.197698Z		Canonical queue drain | fit B | GitHub MASTER dedupe passed	http://www.goldenfleecehotel.com		https://goldenfleecehotel.com/about-us/	https://www.instagram.com/goldenfleecethirsk/	https://www.facebook.com/goldenfleecehotel/						High	Verified	http://www.wikidata.org/entity/Q26444101; https://goldenfleecehotel.com/	Wikidata structured evidence; country=Q145; class=Q27686; official website property P856.				q26444101	goldenfleecehotel.com		the golden fleece hotel		United Kingdom	HIGH	domain:goldenfleecehotel.com
	B	78		United Kingdom	Dukes		hotel										Q26390150	2026-08-16T23:24:35.197698Z		Canonical queue drain | fit B | GitHub MASTER dedupe passed	http://www.dukessidmouth.co.uk/		https://dukessidmouth.co.uk/about/	https://www.instagram.com/dukessidmouth/	https://www.facebook.com/dukesinnsidmouth/						Medium	Recall-first	http://www.wikidata.org/entity/Q26390150; https://dukessidmouth.co.uk/	Wikidata structured evidence; country=Q145; class=Q27686; official website property P856.				q26390150	dukessidmouth.co.uk		dukes		United Kingdom	MEDIUM	domain:dukessidmouth.co.uk
	B	78		United Kingdom	Double Locks Inn		hotel										Q26398044	2026-08-16T23:24:35.197698Z		Canonical queue drain | fit B | GitHub MASTER dedupe passed	https://www.doublelocks.com		https://www.doublelocks.com/contact-us/	https://www.instagram.com/doublelockspubexeter/	https://www.facebook.com/Double-Locks-91086933945/						Permissive	Qualification	http://www.wikidata.org/entity/Q26398044; https://www.doublelocks.com/; https://www.doublelocks.com	Wikidata structured evidence; country=Q145; class=Q27686; official website property P856.				q26398044	doublelocks.com		double locks inn		United Kingdom	PERMISSIVE	domain:doublelocks.com
	B	78		United Kingdom	Dewdrop Inn		hotel										Q26411058	2026-08-16T23:24:35.197698Z		Canonical queue drain | fit B | GitHub MASTER dedupe passed	http://www.dewdrophurley.co.uk/	enquiries@dewdrophurley.co.uk		https://www.instagram.com/dew_drop_hurley/	https://www.facebook.com/Dewdrophurley/						Permissive	Qualification	http://www.wikidata.org/entity/Q26411058; https://www.dewdrophurley.co.uk/	Wikidata structured evidence; country=Q145; class=Q27686; official website property P856. Public business email recovered from first-party website; no inference.				q26411058	dewdrophurley.co.uk		dewdrop inn		United Kingdom	PERMISSIVE	domain:dewdrophurley.co.uk
	B	78		United Kingdom	City Gate Hotel		hotel										Q26397893	2026-08-16T23:24:35.197698Z		Canonical queue drain | fit B | GitHub MASTER dedupe passed	https://www.citygatehotel.com/		https://www.citygatehotel.com/contact-us/	https://www.instagram.com/citygateexeter/	https://www.facebook.com/citygateexeter/						High	Verified	http://www.wikidata.org/entity/Q26397893; https://www.citygatehotel.com/	Wikidata structured evidence; country=Q145; class=Q27686; official website property P856.				q26397893	citygatehotel.com		city gate hotel		United Kingdom	HIGH	domain:citygatehotel.com
	B	78		United Kingdom	The Castle Inn		hotel										Q26386868	2026-08-16T23:24:35.197698Z		Canonical queue drain | fit B | GitHub MASTER dedupe passed	http://www.castleinnrowlandscastle.co.uk/	thecastleinnrowlands@gmail.com	https://www.castleinnrowlandscastle.co.uk/contact-us		https://www.facebook.com/TheCastleInnRowlands/						High	Verified	http://www.wikidata.org/entity/Q26386868; https://www.castleinnrowlandscastle.co.uk/	Wikidata structured evidence; country=Q145; class=Q27686; official website property P856. Public business email recovered from first-party website; no inference.				q26386868	castleinnrowlandscastle.co.uk		the castle inn		United Kingdom	HIGH	domain:castleinnrowlandscastle.co.uk
	B	78		United Kingdom	The Camden Arms		hotel										Q26546061	2026-08-16T23:24:35.197698Z		Canonical queue drain | fit B | GitHub MASTER dedupe passed	http://www.camdenarms.co.uk/	food@camdenarms.co.uk	https://www.camdenarms.co.uk/contact.html		https://www.facebook.com/CamdenArmsHotel/						High	Verified	http://www.wikidata.org/entity/Q26546061; https://www.camdenarms.co.uk/; https://www.camdenarms.co.uk/contact.html	Wikidata structured evidence; country=Q145; class=Q27686; official website property P856. Public business email recovered from first-party website; no inference.				q26546061	camdenarms.co.uk		the camden arms		United Kingdom	HIGH	domain:camdenarms.co.uk
	B	78		United Kingdom	Brewhouse & Kitchen		hotel										Q26542516	2026-08-16T23:24:35.197698Z		Canonical queue drain | fit B | GitHub MASTER dedupe passed	https://www.brewhouseandkitchen.com/venue/worthing/		https://www.brewhouseandkitchen.com/contact	https://www.instagram.com/brewhouse_and_kitchen/	https://www.facebook.com/brewhouseandkitchen/						Permissive	Qualification	http://www.wikidata.org/entity/Q26542516; https://www.brewhouseandkitchen.com/brewpubs/worthing	Wikidata structured evidence; country=Q145; class=Q27686; official website property P856.				q26542516	brewhouseandkitchen.com		brewhouse kitchen		United Kingdom	PERMISSIVE	domain:brewhouseandkitchen.com
	B	78		United Kingdom	Bell Hotel		hotel										Q26387534	2026-08-16T23:24:35.197698Z		Canonical queue drain | fit B | GitHub MASTER dedupe passed	http://www.bellalresford.com/	info@bellalresford.com	https://bellalresford.com/contact-us/		https://www.facebook.com/pages/Bell-Inn-Alresford/158702781583289/						Permissive	Qualification	http://www.wikidata.org/entity/Q26387534; https://bellalresford.com/	Wikidata structured evidence; country=Q145; class=Q27686; official website property P856. Public business email recovered from first-party website; no inference.				q26387534	bellalresford.com		bell hotel		United Kingdom	PERMISSIVE	domain:bellalresford.com
	B	78		United Kingdom	Park Terrace  Queens Hotel		hotel										Q26437634	2026-08-16T23:24:35.197698Z		Canonical queue drain | fit B | GitHub MASTER dedupe passed	https://bedandbreakfast-silloth.co.uk/	moregainus@gmail.com	https://bedandbreakfast-silloth.co.uk		https://www.facebook.com/Thebankofsilloth/						High	Verified	http://www.wikidata.org/entity/Q26437634; https://bedandbreakfast-silloth.co.uk/	Wikidata structured evidence; country=Q145; class=Q27686; official website property P856. Public business email recovered from first-party website; no inference.				q26437634	bedandbreakfast-silloth.co.uk		park terrace queens hotel		United Kingdom	HIGH	domain:bedandbreakfast-silloth.co.uk
	B	78		United Kingdom	The Agricultural Inn		hotel										Q26389863	2026-08-16T23:24:35.197698Z		Canonical queue drain | fit B | GitHub MASTER dedupe passed	https://agriculturalinn.co.uk/		https://agriculturalinn.co.uk/	https://www.instagram.com/agriculturalinn/	https://www.facebook.com/Agriculturalinn/						High	Verified	http://www.wikidata.org/entity/Q26389863; https://agriculturalinn.co.uk/	Wikidata structured evidence; country=Q145; class=Q27686; official website property P856.				q26389863	agriculturalinn.co.uk		the agricultural inn		United Kingdom	HIGH	domain:agriculturalinn.co.uk
	B	78		United Kingdom	Two Brewers Inn		hotel										Q26546033	2026-08-16T23:24:35.197698Z		Canonical queue drain | fit B | GitHub MASTER dedupe passed	http://www.2brewers.co.uk/	thetwobrewersshaftesbury@gmail.com	https://2brewers.co.uk/about/		https://www.facebook.com/378253926310427/						Medium	Recall-first	http://www.wikidata.org/entity/Q26546033; https://2brewers.co.uk/; https://2brewers.co.uk/contact/	Wikidata structured evidence; country=Q145; class=Q27686; official website property P856. Public business email recovered from first-party website; no inference.				q26546033	2brewers.co.uk		two brewers inn		United Kingdom	MEDIUM	domain:2brewers.co.uk
	B	78	Crete	Greece	Vacation-Apartments		hospitality_search_candidate										fresh:c529a912c74b662c53d9	2026-08-16T23:15:44.144187Z		Canonical queue drain | fit B | GitHub MASTER dedupe passed	https://www.vacation-apartments.com/		https://www.vacation-apartments.com/vacation-booking/	https://www.instagram.com/traumferienwohnungen/	https://www.facebook.com/TraumFerienwohnungen/						High	Verified	https://www.vacation-apartments.com/	Public search evidence; market_id=crete-gr; family=guesty_footprint__portfolio; provider=ddgs; rank=4; query="Powered by Guesty" Crete Greece vacation rentals "our properties"				fresh:c529a912c74b662c53d9	vacation-apartments.com		vacation apartments	Crete	Greece	HIGH	domain:vacation-apartments.com
	B	78	Oyo	NG	Kapfilmvillageandresort		resort	KAP Film Village and Resort, Igojaye, Komu	+2348077772276								overture:e75cfd35-6faf-4868-a7e8-63089a024009	2026-08-16T21:36:01.052959Z		Canonical queue drain | fit B | GitHub MASTER dedupe passed	https://www.kapfilmvillageandresort.com/		https://www.kapfilmvillageandresort.com/about.html				https://www.kapfilmvillageandresort.com/film-village.html				Permissive	Qualification	https://explore.overturemaps.org/#id=e75cfd35-6faf-4868-a7e8-63089a024009	Public Overture website; no usable Overture email. First-party public contact crawl required; no inference.				overture:e75cfd35-6faf-4868-a7e8-63089a024009	kapfilmvillageandresort.com	2348077772276	kapfilmvillageandresort	Oyo	NG	PERMISSIVE	domain:kapfilmvillageandresort.com
	B	78	Lagos	NG	Sujimoto Residences Luxury Apartments		holiday_rental_home	14B Milverton Rd	+2348026269262								overture:4e808695-5055-46a3-a979-5d2014186171	2026-08-16T21:36:01.052959Z		Canonical queue drain | fit B | GitHub MASTER dedupe passed	https://sujimotoresidence.com/			https://www.instagram.com/sujimotoresidences/	https://www.facebook.com/sujimotoresidence/						Permissive	Qualification	https://explore.overturemaps.org/#id=4e808695-5055-46a3-a979-5d2014186171; https://www.sujimotoresidence.com/	Public Overture website; no usable Overture email. First-party public contact crawl required; no inference.				overture:4e808695-5055-46a3-a979-5d2014186171	sujimotoresidence.com	2348026269262	sujimoto residences luxury apartments	Lagos	NG	PERMISSIVE	domain:sujimotoresidence.com
	B	78		Switzerland	Refuge du Col de Balme		hotel										Q113552528	2026-08-16T21:36:01.052959Z		Canonical queue drain | fit B | GitHub MASTER dedupe passed	https://www.refugeducoldebalme.com/	refugeducoldebalme@gmail.com	https://www.refugeducoldebalme.com/contact	https://www.instagram.com/refugeducoldebalme/							Permissive	Qualification	http://www.wikidata.org/entity/Q113552528; https://www.refugeducoldebalme.com/	Wikidata structured evidence; country=Q39; class=Q27686; official website property P856. Public business email recovered from first-party website; no inference.				q113552528	refugeducoldebalme.com		refuge du col de balme		Switzerland	PERMISSIVE	domain:refugeducoldebalme.com
	B	78		United Kingdom	Woolpack Inn		hotel										Q26326350	2026-08-16T21:31:15.198708Z		Canonical queue drain | fit B | GitHub MASTER dedupe passed	http://www.woolpackinnchilham.co.uk/		https://www.woolpackinnchilham.co.uk/enquiries/		https://www.facebook.com/TheWoolpackInnChilham/		https://www.woolpackinnchilham.co.uk/accommodation/				High	Verified	http://www.wikidata.org/entity/Q26326350; https://www.woolpackinnchilham.co.uk/	Wikidata structured evidence; country=Q145; class=Q27686; official website property P856.				q26326350	woolpackinnchilham.co.uk		woolpack inn		United Kingdom	HIGH	domain:woolpackinnchilham.co.uk
	B	78		United Kingdom	The Gainsborough		hotel										Q26289207	2026-08-16T21:31:15.198708Z		Canonical queue drain | fit B | GitHub MASTER dedupe passed	https://thegainsboroughsudbury.co.uk/		https://thegainsboroughsudbury.co.uk/contact-us/		https://www.facebook.com/thegainsboroughpub/		https://thegainsboroughsudbury.co.uk/book-a-table/				Permissive	Qualification	http://www.wikidata.org/entity/Q26289207; https://thegainsboroughsudbury.co.uk/	Wikidata structured evidence; country=Q145; class=Q27686; official website property P856.				q26289207	thegainsboroughsudbury.co.uk		the gainsborough		United Kingdom	PERMISSIVE	domain:thegainsboroughsudbury.co.uk
	B	78		United Kingdom	The Angel Inn		hotel										Q26297182	2026-08-16T21:31:15.198708Z		Canonical queue drain | fit B | GitHub MASTER dedupe passed	http://www.theangelinnblyth.co.uk		https://theangelinnblyth.co.uk/contact-us/		https://www.facebook.com/angelinnblyth/		https://theangelinnblyth.co.uk/rooms/				High	Verified	http://www.wikidata.org/entity/Q26297182; https://theangelinnblyth.co.uk/	Wikidata structured evidence; country=Q145; class=Q27686; official website property P856.				q26297182	theangelinnblyth.co.uk		the angel inn		United Kingdom	HIGH	domain:theangelinnblyth.co.uk
	B	78		United Kingdom	Swan Hotel		hotel										Q26387527	2026-08-16T21:31:15.198708Z		Canonical queue drain | fit B | GitHub MASTER dedupe passed	http://www.swanhotelalresford.com/		https://www.swanhotelalresford.com/about-us/		https://www.facebook.com/swanhotelalresford/		https://www.swanhotelalresford.com/cancel-my-booking/				High	Verified	http://www.wikidata.org/entity/Q26387527; https://www.swanhotelalresford.com/	Wikidata structured evidence; country=Q145; class=Q27686; official website property P856.				q26387527	swanhotelalresford.com		swan hotel		United Kingdom	HIGH	domain:swanhotelalresford.com
	B	78		United Kingdom	The Royal Seven Stars Hotel		hotel										Q17534109	2026-08-16T21:31:15.198708Z		Canonical queue drain | fit B | GitHub MASTER dedupe passed	http://www.royalsevenstars.co.uk/			https://www.instagram.com/royalsevenstarshotel/	https://www.facebook.com/Royal7Stars/		https://www.royalsevenstars.co.uk/our-rooms/				High	Verified	http://www.wikidata.org/entity/Q17534109; https://www.royalsevenstars.co.uk/	Wikidata structured evidence; country=Q145; class=Q27686; official website property P856.				q17534109	royalsevenstars.co.uk		the royal seven stars hotel		United Kingdom	HIGH	domain:royalsevenstars.co.uk
	B	78		United Kingdom	Royal Hotel		hotel										Q26303504	2026-08-16T21:31:15.198708Z		Canonical queue drain | fit B | GitHub MASTER dedupe passed	https://royalhotelkettering.com/	enquiries@royalhotelkettering.com	https://royalhotelkettering.com/about-us-2				https://royalhotelkettering.com/Rooms				High	Verified	http://www.wikidata.org/entity/Q26303504; https://royalhotelkettering.com/	Wikidata structured evidence; country=Q145; class=Q27686; official website property P856. Public business email recovered from first-party website; no inference.				q26303504	royalhotelkettering.com		royal hotel		United Kingdom	HIGH	domain:royalhotelkettering.com
	B	78		United Kingdom	Royal Goat Hotel		hotel										Q26333520	2026-08-16T21:31:15.198708Z		Canonical queue drain | fit B | GitHub MASTER dedupe passed	https://www.royalgoathotel.com/	royalgoathotel@gmail.com	https://www.royalgoathotel.com/contact				https://www.royalgoathotel.com/rooms				High	Verified	http://www.wikidata.org/entity/Q26333520; https://www.royalgoathotel.com/	Wikidata structured evidence; country=Q145; class=Q27686; official website property P856. Public business email recovered from first-party website; no inference.				q26333520	royalgoathotel.com		royal goat hotel		United Kingdom	HIGH	domain:royalgoathotel.com
	B	78		United Kingdom	Oakeley Arms Hotel		hotel										Q20713664	2026-08-16T21:31:15.198708Z		Canonical queue drain | fit B | GitHub MASTER dedupe passed	http://www.oakeleyarms.co.uk/		https://oakeleyarms.co.uk/contact/		https://www.facebook.com/oakeleyarms/		https://oakeleyarms.co.uk/book-a-table				High	Verified	http://www.wikidata.org/entity/Q20713664; https://oakeleyarms.co.uk/	Wikidata structured evidence; country=Q145; class=Q27686; official website property P856.				q20713664	oakeleyarms.co.uk		oakeley arms hotel		United Kingdom	HIGH	domain:oakeleyarms.co.uk
	B	78		United Kingdom	Mansfield Castle Hotel, Scotsburn Road, Tain		hotel										Q17829873	2026-08-16T21:31:15.198708Z		Canonical queue drain | fit B | GitHub MASTER dedupe passed	https://www.mansfieldcastlehotel.com/		https://www.mansfieldcastlehotel.com/contact		https://www.facebook.com/mansfieldcastlehoteltain/		https://www.mansfieldcastlehotel.com/accommodation-tain-scotland				High	Verified	http://www.wikidata.org/entity/Q17829873; https://www.mansfieldcastlehotel.com/	Wikidata structured evidence; country=Q145; class=Q27686; official website property P856.				q17829873	mansfieldcastlehotel.com		mansfield castle hotel scotsburn road tain		United Kingdom	HIGH	domain:mansfieldcastlehotel.com
	B	78		United Kingdom	Kings Head Hotel		hotel										Q26316568	2026-08-16T21:31:15.198708Z		Canonical queue drain | fit B | GitHub MASTER dedupe passed	https://kingsheadlouth.co.uk/		https://kingsheadlouth.co.uk/about.html		https://www.facebook.com/people/The-Kings-Head-Louth/100057236538565/		https://kingsheadlouth.co.uk/images/booking/booking.com-award-2025.jpg				High	Verified	http://www.wikidata.org/entity/Q26316568; https://kingsheadlouth.co.uk/	Wikidata structured evidence; country=Q145; class=Q27686; official website property P856.				q26316568	kingsheadlouth.co.uk		kings head hotel		United Kingdom	HIGH	domain:kingsheadlouth.co.uk
	B	78		United Kingdom	The Fox Inn		hotel										Q26299594	2026-08-16T21:31:15.198708Z		Canonical queue drain | fit B | GitHub MASTER dedupe passed	http://www.foxandgoat.co.uk/	foxandgoatpub@gmail.com			https://www.facebook.com/profile.php/		https://foxandgoat.co.uk/accommodation				Permissive	Qualification	http://www.wikidata.org/entity/Q26299594; https://foxandgoat.co.uk/	Wikidata structured evidence; country=Q145; class=Q27686; official website property P856. Public business email recovered from first-party website; no inference.				q26299594	foxandgoat.co.uk		the fox inn		United Kingdom	PERMISSIVE	domain:foxandgoat.co.uk
	B	78		United Kingdom	Manor Hotel		hotel										Q26291232	2026-08-16T21:31:15.198708Z		Canonical queue drain | fit B | GitHub MASTER dedupe passed	http://blakeneymanor.co.uk/		https://blakeneymanor.co.uk/about-us/		https://www.facebook.com/blakeneymanorhotel/		https://blakeneymanor.co.uk/wp-content/themes/redcat/assets/css/booking-system.css?ver=1.3.8				High	Verified	http://www.wikidata.org/entity/Q26291232; https://blakeneymanor.co.uk/	Wikidata structured evidence; country=Q145; class=Q27686; official website property P856.				q26291232	blakeneymanor.co.uk		manor hotel		United Kingdom	HIGH	domain:blakeneymanor.co.uk
	B	78		United Kingdom	The Plough Inn		hotel										Q26381924	2026-08-16T21:31:15.198708Z		Canonical queue drain | fit B | GitHub MASTER dedupe passed	http://theploughinnford.co.uk/		https://www.theploughinnford.co.uk/about	https://www.instagram.com/ploughinnford/	https://www.facebook.com/theploughinnford/						Medium	Recall-first	http://www.wikidata.org/entity/Q26381924; https://www.theploughinnford.co.uk/	Wikidata structured evidence; country=Q145; class=Q27686; official website property P856.				q26381924	theploughinnford.co.uk		the plough inn		United Kingdom	MEDIUM	domain:theploughinnford.co.uk
	B	78		United Kingdom	Old Mill House Hotel		hotel										Q26346985	2026-08-16T21:31:15.198708Z		Canonical queue drain | fit B | GitHub MASTER dedupe passed	https://www.theoldmillpub.co.uk/	hello@theoldmillpub.co.uk		https://www.instagram.com/the.old.mill.pub/	https://www.facebook.com/profile.php/						Permissive	Qualification	http://www.wikidata.org/entity/Q26346985; https://www.theoldmillpub.co.uk/	Wikidata structured evidence; country=Q145; class=Q27686; official website property P856. Public business email recovered from first-party website; no inference.				q26346985	theoldmillpub.co.uk		old mill house hotel		United Kingdom	PERMISSIVE	domain:theoldmillpub.co.uk
	B	78		United Kingdom	The Hare Arms		hotel										Q26345974	2026-08-16T21:31:15.198708Z		Canonical queue drain | fit B | GitHub MASTER dedupe passed	http://www.theharearms.co.uk	info@theharearms.co.uk	https://theharearms.co.uk/contact-us/		https://www.facebook.com/theharearms/						Medium	Recall-first	http://www.wikidata.org/entity/Q26345974; https://theharearms.co.uk/; https://theharearms.co.uk/contact-us/	Wikidata structured evidence; country=Q145; class=Q27686; official website property P856. Public business email recovered from first-party website; no inference.				q26345974	theharearms.co.uk		the hare arms		United Kingdom	MEDIUM	domain:theharearms.co.uk
	B	78		United Kingdom	Golf Hotel		hotel										Q17576091	2026-08-16T21:31:15.198708Z		Canonical queue drain | fit B | GitHub MASTER dedupe passed	https://www.thegolfhotelcrail.com	info@thegolfhotelcrail.com	https://www.thegolfhotelcrail.com/contact		https://www.facebook.com/The-Golf-Hotel-Crail-112119572197040/						High	Verified	http://www.wikidata.org/entity/Q17576091; https://www.thegolfhotelcrail.com	Wikidata structured evidence; country=Q145; class=Q27686; official website property P856. Public business email recovered from first-party website; no inference.				q17576091	thegolfhotelcrail.com		golf hotel		United Kingdom	HIGH	domain:thegolfhotelcrail.com
	B	78		United Kingdom	Cherry Tree Inn		hotel										Q26282400	2026-08-16T21:31:15.198708Z		Canonical queue drain | fit B | GitHub MASTER dedupe passed	http://www.thecherrytreepub.co.uk		https://www.thecherrytreepub.co.uk/contactus	https://www.instagram.com/ctreewoodbridge/	https://www.facebook.com/TheCherryTreeWoodbridge/						High	Verified	http://www.wikidata.org/entity/Q26282400; https://www.thecherrytreepub.co.uk/	Wikidata structured evidence; country=Q145; class=Q27686; official website property P856.				q26282400	thecherrytreepub.co.uk		cherry tree inn		United Kingdom	HIGH	domain:thecherrytreepub.co.uk
	B	78		United Kingdom	The Bull Hotel		hotel										Q26396056	2026-08-16T21:31:15.198708Z		Canonical queue drain | fit B | GitHub MASTER dedupe passed	https://www.oldbullinn-royston.co.uk/	theoldbullinn.royston@gmail.com		https://www.instagram.com/theoldbull_royston/	https://www.facebook.com/theoldbullinn/						High	Verified	http://www.wikidata.org/entity/Q26396056; https://www.oldbullinn-royston.co.uk/	Wikidata structured evidence; country=Q145; class=Q27686; official website property P856. Public business email recovered from first-party website; no inference.				q26396056	oldbullinn-royston.co.uk		the bull hotel		United Kingdom	HIGH	domain:oldbullinn-royston.co.uk
	B	78		United Kingdom	The Swan Inn		hotel										Q26285150	2026-08-16T21:31:15.198708Z		Canonical queue drain | fit B | GitHub MASTER dedupe passed	https://www.longmelfordswan.co.uk/	info@longmelfordswan.co.uk		https://www.instagram.com/theswanlongmelford/	https://www.facebook.com/theswanlongmelford/						High	Verified	http://www.wikidata.org/entity/Q26285150; https://longmelfordswan.co.uk/	Wikidata structured evidence; country=Q145; class=Q27686; official website property P856. Public business email recovered from first-party website; no inference.				q26285150	longmelfordswan.co.uk		the swan inn		United Kingdom	HIGH	domain:longmelfordswan.co.uk
	B	78		United Kingdom	Cock O'Budworth		hotel										Q26379494	2026-08-16T21:31:15.198708Z		Canonical queue drain | fit B | GitHub MASTER dedupe passed	https://www.joseph-holt.com/pubs/cock-budworth		https://www.joseph-holt.com/contact	https://www.instagram.com/cockobudworth/	https://www.facebook.com/TheCockOBudworth/						High	Verified	http://www.wikidata.org/entity/Q26379494; https://www.joseph-holt.com/pubs/cock-budworth	Wikidata structured evidence; country=Q145; class=Q27686; official website property P856.				q26379494	joseph-holt.com		cock o budworth		United Kingdom	HIGH	domain:joseph-holt.com
	B	78		United Kingdom	Healds Hall		hotel										Q24705031	2026-08-16T21:31:15.198708Z		Canonical queue drain | fit B | GitHub MASTER dedupe passed	http://www.healdshall.co.uk		https://healdshall.co.uk/contact-us/	https://www.instagram.com/healdshall/	https://www.facebook.com/healdshall/						High	Verified	http://www.wikidata.org/entity/Q24705031; https://healdshall.co.uk/	Wikidata structured evidence; country=Q145; class=Q27686; official website property P856.				q24705031	healdshall.co.uk		healds hall		United Kingdom	HIGH	domain:healdshall.co.uk
	B	78		United Kingdom	The Bull's Head Inn		hotel										Q26277713	2026-08-16T21:31:15.198708Z		Canonical queue drain | fit B | GitHub MASTER dedupe passed	https://www.bulls-head-fishbourne.co.uk/	bullsheadfishbourne99@gmail.com	https://www.bulls-head-fishbourne.co.uk/about-us		https://www.facebook.com/BullsHeadNewFishbourne/						High	Verified	http://www.wikidata.org/entity/Q26277713; https://www.bulls-head-fishbourne.co.uk/	Wikidata structured evidence; country=Q145; class=Q27686; official website property P856. Public business email recovered from first-party website; no inference.				q26277713	bulls-head-fishbourne.co.uk		the bull s head inn		United Kingdom	HIGH	domain:bulls-head-fishbourne.co.uk
	B	78	Губаха	RU	Горнолыжный центр Губаха		ski_resort	губаха	+75700002600								overture:2d344c68-c40e-4669-a1c0-8398fed4b11c	2026-08-16T21:24:29.185225Z		Canonical queue drain | fit B | GitHub MASTER dedupe passed	http://lozaski.ru/	info@lozaski.ru	https://lozaski.ru/								Permissive	Qualification	https://explore.overturemaps.org/#id=2d344c68-c40e-4669-a1c0-8398fed4b11c; https://lozaski.ru/	Public Overture website; no usable Overture email. First-party public contact crawl required; no inference. Public business email recovered from first-party website; no inference.				overture:2d344c68-c40e-4669-a1c0-8398fed4b11c	lozaski.ru	75700002600		Губаха	RU	PERMISSIVE	domain:lozaski.ru
	B	78	Нижний Новгород	RU	Спортивная Деревня Новинки		ski_resort	Новинки	8 (831) 230-90-05								overture:47d05f19-d4bf-4429-a572-b7f6695b203b	2026-08-16T21:20:26.447645Z		Canonical queue drain | fit B | GitHub MASTER dedupe passed	http://www.novinki-nn.ru	ok@novinki-nn.ru	https://novinki-nn.ru/contacts								Permissive	Qualification	https://explore.overturemaps.org/#id=47d05f19-d4bf-4429-a572-b7f6695b203b; https://novinki-nn.ru/	Public Overture website; no usable Overture email. First-party public contact crawl required; no inference. Public business email recovered from first-party website; no inference.				overture:47d05f19-d4bf-4429-a572-b7f6695b203b	novinki-nn.ru	88312309005		Нижний Новгород	RU	PERMISSIVE	domain:novinki-nn.ru
	B	78	Las Palmas de Gran Canaria	Spain	El sueño de Alejandra Apartments		vacation_rental_agent	Calle Anzofre, 31	623412147								overture:21b09787-e4be-43eb-bdff-4fdb8627e601	2026-08-16T21:16:22.187320Z		Canonical queue drain | fit B | GitHub MASTER dedupe passed	http://www.elsuenodealejandraapartments.com/		https://elsuenodealejandraapartments.com/contact				https://elsuenodealejandraapartments.com/favicon2.ico				High	Verified	https://explore.overturemaps.org/#id=21b09787-e4be-43eb-bdff-4fdb8627e601	Public Overture website; no usable Overture email. First-party public contact crawl required; no inference.				overture:21b09787-e4be-43eb-bdff-4fdb8627e601	elsuenodealejandraapartments.com	623412147	el sueno de alejandra apartments	Las Palmas de Gran Canaria	Spain	HIGH	domain:elsuenodealejandraapartments.com
	B	78		New Zealand	White Heron Motor Lodge		hotel										Q112010527	2026-08-16T21:13:10.754720Z		Canonical queue drain | fit B | GitHub MASTER dedupe passed	https://whiteheronmotorlodge.co.nz/		https://whiteheronmotorlodge.co.nz/contact-us/		https://www.facebook.com/White-Heron-Motor-Lodge-210860242268289/		https://whiteheronmotorlodge.co.nz/book				Medium	Recall-first	http://www.wikidata.org/entity/Q112010527; https://whiteheronmotorlodge.co.nz/	Wikidata structured evidence; country=Q664; class=Q27686; official website property P856.				q112010527	whiteheronmotorlodge.co.nz		white heron motor lodge		New Zealand	MEDIUM	domain:whiteheronmotorlodge.co.nz
	B	78		New Zealand	Whatipu Lodge		hotel										Q122653449	2026-08-16T21:13:10.754720Z		Canonical queue drain | fit B | GitHub MASTER dedupe passed	https://www.whatipulodge.co.nz/		https://www.whatipulodge.co.nz/contact/		https://www.facebook.com/Whatipu/		https://www.whatipulodge.co.nz/bookings/				Medium	Recall-first	http://www.wikidata.org/entity/Q122653449; https://www.whatipulodge.co.nz/	Wikidata structured evidence; country=Q664; class=Q27686; official website property P856.				q122653449	whatipulodge.co.nz		whatipu lodge		New Zealand	MEDIUM	domain:whatipulodge.co.nz
	B	78		New Zealand	Waikanae Beach Motel		hotel										Q112010526	2026-08-16T21:13:10.754720Z		Canonical queue drain | fit B | GitHub MASTER dedupe passed	https://www.waikanaebeachmotel.co.nz	info@waikanaebeachmotel.co.nz			https://www.facebook.com/WaikanaeBeachMotelGisborne/		https://www.waikanaebeachmotel.co.nz/accommodation-gisborne.html				High	Verified	http://www.wikidata.org/entity/Q112010526; https://www.waikanaebeachmotel.co.nz	Wikidata structured evidence; country=Q664; class=Q27686; official website property P856. Public business email recovered from first-party website; no inference.				q112010526	waikanaebeachmotel.co.nz		waikanae beach motel		New Zealand	HIGH	domain:waikanaebeachmotel.co.nz
	B	78		New Zealand	Tudor Park Motel		hotel										Q112010529	2026-08-16T21:13:10.754720Z		Canonical queue drain | fit B | GitHub MASTER dedupe passed	https://www.tudorparkmotel.co.nz	stay@tudorparkmotel.co.nz			https://www.facebook.com/profile.php/		https://www.tudorparkmotel.co.nz/accommodation-gisborne.html				High	Verified	http://www.wikidata.org/entity/Q112010529; https://www.tudorparkmotel.co.nz	Wikidata structured evidence; country=Q664; class=Q27686; official website property P856. Public business email recovered from first-party website; no inference.				q112010529	tudorparkmotel.co.nz		tudor park motel		New Zealand	HIGH	domain:tudorparkmotel.co.nz
	B	78		New Zealand	Atrium Apartments		hotel										Q111870496	2026-08-16T21:13:10.754720Z		Canonical queue drain | fit B | GitHub MASTER dedupe passed	https://theatrium.net.nz/	admin@theatrium.net.nz	https://theatrium.net.nz/contact-us/				https://theatrium.net.nz/booking-page/				Permissive	Qualification	http://www.wikidata.org/entity/Q111870496; https://theatrium.net.nz/contact-us/	Wikidata structured evidence; country=Q664; class=Q27686; official website property P856. Public business email recovered from first-party website; no inference.				q111870496	theatrium.net.nz		atrium apartments		New Zealand	PERMISSIVE	domain:theatrium.net.nz
	B	78		New Zealand	Teal Motor Lodge		hotel										Q112010528	2026-08-16T21:13:10.754720Z		Canonical queue drain | fit B | GitHub MASTER dedupe passed	https://www.teal.co.nz/		https://www.teal.co.nz/contact		https://www.facebook.com/tealmotorlodge/		https://www.teal.co.nz/book				High	Verified	http://www.wikidata.org/entity/Q112010528	Wikidata structured evidence; country=Q664; class=Q27686; official website property P856.				q112010528	teal.co.nz		teal motor lodge		New Zealand	HIGH	domain:teal.co.nz
	B	78		New Zealand	Silver Fern Rotorua		hotel										Q111408268	2026-08-16T21:13:10.754720Z		Canonical queue drain | fit B | GitHub MASTER dedupe passed	https://www.silverfernrotorua.co.nz/	stay@silverfernrotorua.co.nz	https://www.silverfernrotorua.co.nz/gallery				https://www.silverfernrotorua.co.nz/suites				High	Verified	http://www.wikidata.org/entity/Q111408268; https://www.silverfernrotorua.co.nz/	Wikidata structured evidence; country=Q664; class=Q27686; official website property P856. Public business email recovered from first-party website; no inference.				q111408268	silverfernrotorua.co.nz		silver fern rotorua		New Zealand	HIGH	domain:silverfernrotorua.co.nz
	B	78		New Zealand	Shoreline Motel		hotel										Q111408258	2026-08-16T21:13:10.754720Z		Canonical queue drain | fit B | GitHub MASTER dedupe passed	https://shorelinenapier.co.nz/	info@shorelinenapier.co.nz	https://shorelinenapier.co.nz/contact-us/				https://shorelinenapier.co.nz/our-rooms/				High	Verified	http://www.wikidata.org/entity/Q111408258; https://shorelinenapier.co.nz/	Wikidata structured evidence; country=Q664; class=Q27686; official website property P856. Public business email recovered from first-party website; no inference.				q111408258	shorelinenapier.co.nz		shoreline motel		New Zealand	HIGH	domain:shorelinenapier.co.nz
	B	78		New Zealand	Seascape Villa Bed & Breakfast		hotel										Q111122865	2026-08-16T21:13:10.754720Z		Canonical queue drain | fit B | GitHub MASTER dedupe passed	https://seascapevilla.co.nz/	info@seascapevilla.co.nz			https://www.facebook.com/profile.php/		https://www.seascapevilla.co.nz/index.html				High	Verified	http://www.wikidata.org/entity/Q111122865; https://www.seascapevilla.co.nz/	Wikidata structured evidence; country=Q664; class=Q27686; official website property P856. Public business email recovered from first-party website; no inference.				q111122865	seascapevilla.co.nz		seascape villa bed breakfast		New Zealand	HIGH	domain:seascapevilla.co.nz
	B	78		New Zealand	Rotorua Motel		hotel										Q111870387	2026-08-16T21:13:10.754720Z		Canonical queue drain | fit B | GitHub MASTER dedupe passed	https://rotoruamotel.co/		https://rotoruamotel.co/contact/		https://www.facebook.com/Rotorua-Motel-426083457433249/		https://rotoruamotel.co/wp-content/plugins/wp-hotel-booking/assets/css/libraries.css				High	Verified	http://www.wikidata.org/entity/Q111870387; https://rotoruamotel.co/	Wikidata structured evidence; country=Q664; class=Q27686; official website property P856.				q111870387	rotoruamotel.co		rotorua motel		New Zealand	HIGH	domain:rotoruamotel.co
	B	78		New Zealand	Pebble Beach Motor Inn		hotel										Q111408255	2026-08-16T21:13:10.754720Z		Canonical queue drain | fit B | GitHub MASTER dedupe passed	https://pebblebeach.co.nz/	info@pebblebeach.co.nz	https://pebblebeach.co.nz/contact-us/				https://pebblebeach.co.nz/our-properties/				High	Verified	http://www.wikidata.org/entity/Q111408255; https://pebblebeach.co.nz/	Wikidata structured evidence; country=Q664; class=Q27686; official website property P856. Public business email recovered from first-party website; no inference.				q111408255	pebblebeach.co.nz		pebble beach motor inn		New Zealand	HIGH	domain:pebblebeach.co.nz
	B	78		New Zealand	Pavilion Apartments		hotel										Q112010470	2026-08-16T21:13:10.754720Z		Canonical queue drain | fit B | GitHub MASTER dedupe passed	https://www.pavilion.net.nz	bookings@pavilion.net.nz	https://pavilion.net.nz/about				https://pavilion.net.nz/accommodation				High	Verified	http://www.wikidata.org/entity/Q112010470; https://pavilion.net.nz/	Wikidata structured evidence; country=Q664; class=Q27686; official website property P856. Public business email recovered from first-party website; no inference.				q112010470	pavilion.net.nz		pavilion apartments		New Zealand	HIGH	domain:pavilion.net.nz
	B	78		New Zealand	Palm Court Rotorua Motel		hotel										Q111870385	2026-08-16T21:13:10.754720Z		Canonical queue drain | fit B | GitHub MASTER dedupe passed	https://www.palmcourtrotorua.co.nz/	stay@palmcourtrotorua.co.nz	https://www.palmcourtrotorua.co.nz/contact-us/				https://www.palmcourtrotorua.co.nz/wp-content/themes/wpnation-child/css/booking-calendar-pro.css?ver=e564f29fba8c1eb4b80722d3863e2567				Medium	Recall-first	http://www.wikidata.org/entity/Q111870385; https://www.palmcourtrotorua.co.nz/	Wikidata structured evidence; country=Q664; class=Q27686; official website property P856. Public business email recovered from first-party website; no inference.				q111870385	palmcourtrotorua.co.nz		palm court rotorua motel		New Zealand	MEDIUM	domain:palmcourtrotorua.co.nz
	B	78		New Zealand	BK's Palm Court Motor Lodge		hotel										Q112010525	2026-08-16T21:13:10.754720Z		Canonical queue drain | fit B | GitHub MASTER dedupe passed	https://www.palmcourt.co.nz/	info@palmcourt.co.nz	https://www.palmcourt.co.nz/contact-us/				https://www.palmcourt.co.nz/accommodation-gisborne/				Medium	Recall-first	http://www.wikidata.org/entity/Q112010525; https://www.palmcourt.co.nz/	Wikidata structured evidence; country=Q664; class=Q27686; official website property P856. Public business email recovered from first-party website; no inference.				q112010525	palmcourt.co.nz		bk s palm court motor lodge		New Zealand	MEDIUM	domain:palmcourt.co.nz
	B	78		New Zealand	Ohope Beach Resort		hotel										Q111870559	2026-08-16T21:13:10.754720Z		Canonical queue drain | fit B | GitHub MASTER dedupe passed	https://www.ohopebeachresort.co.nz/		https://www.ohopebeachresort.co.nz/contact-us		https://www.facebook.com/people/Ohope-Beach-Resort/100088284747288/		https://www.ohopebeachresort.co.nz/accommodation/two-bedroom-apartments				High	Verified	http://www.wikidata.org/entity/Q111870559; https://www.ohopebeachresort.co.nz/	Wikidata structured evidence; country=Q664; class=Q27686; official website property P856.				q111870559	ohopebeachresort.co.nz		ohope beach resort		New Zealand	HIGH	domain:ohopebeachresort.co.nz
	B	78		New Zealand	Oceanside Resort & Twin Towers		hotel										Q111870495	2026-08-16T21:13:10.754720Z		Canonical queue drain | fit B | GitHub MASTER dedupe passed	https://www.oceanside.co.nz/	info@oceanside.co.nz	https://www.oceanside.co.nz/about-us/				https://www.oceanside.co.nz/book-now/				High	Verified	http://www.wikidata.org/entity/Q111870495; https://www.oceanside.co.nz/contact-us/	Wikidata structured evidence; country=Q664; class=Q27686; official website property P856. Public business email recovered from first-party website; no inference.				q111870495	oceanside.co.nz		oceanside resort twin towers		New Zealand	HIGH	domain:oceanside.co.nz
	B	78		New Zealand	The Nautilus Napier		hotel										Q111408256	2026-08-16T21:13:10.754720Z		Canonical queue drain | fit B | GitHub MASTER dedupe passed	https://nautilusnapier.co.nz/	info@nautilusnapier.co.nz	https://nautilusnapier.co.nz/contact-us.html				https://nautilusnapier.co.nz/accommodation.html				High	Verified	http://www.wikidata.org/entity/Q111408256; https://nautilusnapier.co.nz/contact-us.html	Wikidata structured evidence; country=Q664; class=Q27686; official website property P856. Public business email recovered from first-party website; no inference.				q111408256	nautilusnapier.co.nz		the nautilus napier		New Zealand	HIGH	domain:nautilusnapier.co.nz
	B	78		New Zealand	Manapouri Lakeview Motor Inn		hotel										Q111121502	2026-08-16T21:13:10.754720Z		Canonical queue drain | fit B | GitHub MASTER dedupe passed	https://www.manapouri.com/	reservations@manapouri.com	https://www.manapouri.com/contact-us/				https://www.manapouri.com/book-online/				High	Verified	http://www.wikidata.org/entity/Q111121502; https://www.manapouri.com/	Wikidata structured evidence; country=Q664; class=Q27686; official website property P856. Public business email recovered from first-party website; no inference.				q111121502	manapouri.com		manapouri lakeview motor inn		New Zealand	HIGH	domain:manapouri.com
	B	78		New Zealand	Lake Lodge Motel		hotel										Q112010414	2026-08-16T21:13:10.754720Z		Canonical queue drain | fit B | GitHub MASTER dedupe passed	https://www.lakelodgerotorua.co.nz/	info@lakelodgerotorua.co.nz	https://www.lakelodgerotorua.co.nz/contact-us.htm				https://www.lakelodgerotorua.co.nz/accommodation.htm				High	Verified	http://www.wikidata.org/entity/Q112010414; https://www.lakelodgerotorua.co.nz/	Wikidata structured evidence; country=Q664; class=Q27686; official website property P856. Public business email recovered from first-party website; no inference.				q112010414	lakelodgerotorua.co.nz		lake lodge motel		New Zealand	HIGH	domain:lakelodgerotorua.co.nz
	B	78		New Zealand	The Great Ponsonby Arthotel		hotel										Q111408293	2026-08-16T21:13:10.754720Z		Canonical queue drain | fit B | GitHub MASTER dedupe passed	https://www.greatpons.co.nz	info@greatpons.co.nz	https://www.greatpons.co.nz/contact-2/				https://www.greatpons.co.nz/rooms/				High	Verified	http://www.wikidata.org/entity/Q111408293; https://www.greatpons.co.nz	Wikidata structured evidence; country=Q664; class=Q27686; official website property P856. Public business email recovered from first-party website; no inference.				q111408293	greatpons.co.nz		the great ponsonby arthotel		New Zealand	HIGH	domain:greatpons.co.nz
	B	78		New Zealand	Waikanae Beach Top 10 Holiday Park		hotel										Q111408331	2026-08-16T21:13:10.754720Z		Canonical queue drain | fit B | GitHub MASTER dedupe passed	https://www.gisborneholidaypark.co.nz/		https://www.gisborneholidaypark.co.nz/contact-us/		https://www.facebook.com/waikanaebeachtop10holidaypark/		https://www.gisborneholidaypark.co.nz/cabins/				High	Verified	http://www.wikidata.org/entity/Q111408331; https://www.gisborneholidaypark.co.nz/	Wikidata structured evidence; country=Q664; class=Q27686; official website property P856.				q111408331	gisborneholidaypark.co.nz		waikanae beach top 10 holiday park		New Zealand	HIGH	domain:gisborneholidaypark.co.nz
	B	78		New Zealand	Gateway International Motel		hotel										Q111870388	2026-08-16T21:13:10.754720Z		Canonical queue drain | fit B | GitHub MASTER dedupe passed	https://www.gatewayrotorua.co.nz	gatewayrotorua@hotmail.com	https://www.gatewayrotorua.co.nz/contact/				https://www.gatewayrotorua.co.nz/accommodation/				High	Verified	http://www.wikidata.org/entity/Q111870388; https://www.gatewayrotorua.co.nz	Wikidata structured evidence; country=Q664; class=Q27686; official website property P856. Public business email recovered from first-party website; no inference.				q111870388	gatewayrotorua.co.nz		gateway international motel		New Zealand	HIGH	domain:gatewayrotorua.co.nz
	B	78		New Zealand	Fellworth House		hotel										Q79301878	2026-08-16T21:13:10.754720Z		Canonical queue drain | fit B | GitHub MASTER dedupe passed	http://fellworthhouse.co.nz	amdental37@gmail.com	http://fellworthhouse.co.nz/contact-us/				http://fellworthhouse.co.nz/accommodation				High	Verified	http://www.wikidata.org/entity/Q79301878; http://fellworthhouse.co.nz/contact-us/	Wikidata structured evidence; country=Q664; class=Q27686; official website property P856. Public business email recovered from first-party website; no inference.				q79301878	fellworthhouse.co.nz		fellworth house		New Zealand	HIGH	domain:fellworthhouse.co.nz
	B	78		New Zealand	Emerald Hotel Gisborne		hotel										Q111870583	2026-08-16T21:13:10.754720Z		Canonical queue drain | fit B | GitHub MASTER dedupe passed	https://emeraldhotel.co.nz/	reservations@emeraldhotel.co.nz	https://emeraldhotel.co.nz/contact-us/				https://emeraldhotel.co.nz/our-rooms/executive-apartment-accommodation/				High	Verified	http://www.wikidata.org/entity/Q111870583; https://emeraldhotel.co.nz/	Wikidata structured evidence; country=Q664; class=Q27686; official website property P856. Public business email recovered from first-party website; no inference.				q111870583	emeraldhotel.co.nz		emerald hotel gisborne		New Zealand	HIGH	domain:emeraldhotel.co.nz
	B	78		New Zealand	Asure at Eden Park		hotel										Q111870431	2026-08-16T21:13:10.754720Z		Canonical queue drain | fit B | GitHub MASTER dedupe passed	https://www.edenparkmotel.co.nz/	reservations@edenparkmotel.co.nz			https://www.facebook.com/pages/AT-Eden-Park-Your-Parkside-Accommodation/260202734006528/		https://www.edenparkmotel.co.nz/rooms.htm				High	Verified	http://www.wikidata.org/entity/Q111870431; https://www.edenparkmotel.co.nz/	Wikidata structured evidence; country=Q664; class=Q27686; official website property P856. Public business email recovered from first-party website; no inference.				q111870431	edenparkmotel.co.nz		asure at eden park		New Zealand	HIGH	domain:edenparkmotel.co.nz
	B	78		New Zealand	Devonwood Motel Rotorua		hotel										Q111870383	2026-08-16T21:13:10.754720Z		Canonical queue drain | fit B | GitHub MASTER dedupe passed	https://devonwoodmotel.co.nz	info@devonwoodmotel.co.nz	https://devonwoodmotel.co.nz/contact-us/				https://devonwoodmotel.co.nz/accommodation/				High	Verified	http://www.wikidata.org/entity/Q111870383; https://devonwoodmotel.co.nz/contact-us/	Wikidata structured evidence; country=Q664; class=Q27686; official website property P856. Public business email recovered from first-party website; no inference.				q111870383	devonwoodmotel.co.nz		devonwood motel rotorua		New Zealand	HIGH	domain:devonwoodmotel.co.nz
	B	78		New Zealand	Captain Cook Motor Lodge		hotel										Q111870582	2026-08-16T21:13:10.754720Z		Canonical queue drain | fit B | GitHub MASTER dedupe passed	https://www.captaincook.co.nz/	info@captaincook.co.nz			https://www.facebook.com/CaptainCookGisborne/		https://www.captaincook.co.nz/accommodation-gisborne.html				Medium	Recall-first	http://www.wikidata.org/entity/Q111870582; https://www.captaincook.co.nz/	Wikidata structured evidence; country=Q664; class=Q27686; official website property P856. Public business email recovered from first-party website; no inference.				q111870582	captaincook.co.nz		captain cook motor lodge		New Zealand	MEDIUM	domain:captaincook.co.nz
	B	78		New Zealand	Cameron Thermal Motel		hotel										Q111870470	2026-08-16T21:13:10.754720Z		Canonical queue drain | fit B | GitHub MASTER dedupe passed	https://www.cameronmotel.co.nz/	stay@cameronmotel.co.nz	https://www.cameronmotel.co.nz/contact/				https://www.cameronmotel.co.nz/accommodation/book-online/				High	Verified	http://www.wikidata.org/entity/Q111870470; https://www.cameronmotel.co.nz/	Wikidata structured evidence; country=Q664; class=Q27686; official website property P856. Public business email recovered from first-party website; no inference.				q111870470	cameronmotel.co.nz		cameron thermal motel		New Zealand	HIGH	domain:cameronmotel.co.nz
	B	78		New Zealand	Blue Thistle Cottages		hotel										Q111870157	2026-08-16T21:13:10.754720Z		Canonical queue drain | fit B | GitHub MASTER dedupe passed	https://bluethistlecottages.com/	info@bluethistlecottages.com	https://bluethistlecottages.com/contact/				https://bluethistlecottages.com/bookings/				High	Verified	http://www.wikidata.org/entity/Q111870157; https://bluethistlecottages.com/	Wikidata structured evidence; country=Q664; class=Q27686; official website property P856. Public business email recovered from first-party website; no inference.				q111870157	bluethistlecottages.com		blue thistle cottages		New Zealand	HIGH	domain:bluethistlecottages.com
	B	78		New Zealand	Black Swan Lakeside Boutique Hotel		hotel										Q111870398	2026-08-16T21:13:10.754720Z		Canonical queue drain | fit B | GitHub MASTER dedupe passed	https://www.blackswanhotel.co.nz/	info@blackswanhotel.co.nz	https://www.blackswanhotel.co.nz/contact/				https://www.blackswanhotel.co.nz/stay/lake-front-suites/				High	Verified	http://www.wikidata.org/entity/Q111870398; https://www.blackswanhotel.co.nz/	Wikidata structured evidence; country=Q664; class=Q27686; official website property P856. Public business email recovered from first-party website; no inference.				q111870398	blackswanhotel.co.nz		black swan lakeside boutique hotel		New Zealand	HIGH	domain:blackswanhotel.co.nz
	B	78		New Zealand	Bay Palm Motel		hotel										Q111870500	2026-08-16T21:13:10.754720Z		Canonical queue drain | fit B | GitHub MASTER dedupe passed	https://www.baypalmmotel.co.nz/	info@baypalmmotel.co.nz	https://www.baypalmmotel.co.nz/contact-us.htm				https://www.baypalmmotel.co.nz/rooms.htm				High	Verified	http://www.wikidata.org/entity/Q111870500; https://www.baypalmmotel.co.nz/contact-us.htm	Wikidata structured evidence; country=Q664; class=Q27686; official website property P856. Public business email recovered from first-party website; no inference.				q111870500	baypalmmotel.co.nz		bay palm motel		New Zealand	HIGH	domain:baypalmmotel.co.nz
	B	78		New Zealand	Aquarius Motel		hotel										Q112010513	2026-08-16T21:13:10.754720Z		Canonical queue drain | fit B | GitHub MASTER dedupe passed	https://aquariusmotel.co.nz/		https://aquariusmotel.co.nz/contact-us/		https://www.facebook.com/aquariusmotelohope/		https://aquariusmotel.co.nz/book-online/				Medium	Recall-first	http://www.wikidata.org/entity/Q112010513; https://aquariusmotel.co.nz/	Wikidata structured evidence; country=Q664; class=Q27686; official website property P856.				q112010513	aquariusmotel.co.nz		aquarius motel		New Zealand	MEDIUM	domain:aquariusmotel.co.nz
	B	78		New Zealand	Arthur's Pass Alpine Motel		hotel										Q111869987	2026-08-16T21:13:10.754720Z		Canonical queue drain | fit B | GitHub MASTER dedupe passed	http://www.apam.co.nz/		https://www.apam.co.nz/contact.php		https://www.facebook.com/alpinemotels/		https://www.apam.co.nz/book.php				High	Verified	http://www.wikidata.org/entity/Q111869987; https://www.apam.co.nz/	Wikidata structured evidence; country=Q664; class=Q27686; official website property P856.				q111869987	apam.co.nz		arthur s pass alpine motel		New Zealand	HIGH	domain:apam.co.nz
	B	78		New Zealand	Albatross Motel		hotel										Q111408251	2026-08-16T21:13:10.754720Z		Canonical queue drain | fit B | GitHub MASTER dedupe passed	https://www.albatrossmotel.co.nz	info@albatrossmotel.co.nz			https://www.facebook.com/albatrossmotel/		https://www.albatrossmotel.co.nz/accommodation-napier.html				High	Verified	http://www.wikidata.org/entity/Q111408251; https://www.albatrossmotel.co.nz	Wikidata structured evidence; country=Q664; class=Q27686; official website property P856. Public business email recovered from first-party website; no inference.				q111408251	albatrossmotel.co.nz		albatross motel		New Zealand	HIGH	domain:albatrossmotel.co.nz
	B	78		New Zealand	Airport Palms Motel		hotel										Q111408095	2026-08-16T21:13:10.754720Z		Canonical queue drain | fit B | GitHub MASTER dedupe passed	https://www.airportpalmsmotelchch.co.nz/	info@airportpalmsmotelchch.co.nz	https://airportpalmsmotelchch.co.nz/contact/				https://airportpalmsmotelchch.co.nz/accommodation/				High	Verified	http://www.wikidata.org/entity/Q111408095; https://airportpalmsmotelchch.co.nz/	Wikidata structured evidence; country=Q664; class=Q27686; official website property P856. Public business email recovered from first-party website; no inference.				q111408095	airportpalmsmotelchch.co.nz		airport palms motel		New Zealand	HIGH	domain:airportpalmsmotelchch.co.nz
	B	78		New Zealand	Airport Gateway Motor Lodge		hotel										Q111408094	2026-08-16T21:13:10.754720Z		Canonical queue drain | fit B | GitHub MASTER dedupe passed	https://www.airportgateway.co.nz/	info@airportgateway.co.nz	https://www.airportgateway.co.nz/contact				https://www.airportgateway.co.nz/accommodation				High	Verified	http://www.wikidata.org/entity/Q111408094; https://www.airportgateway.co.nz/	Wikidata structured evidence; country=Q664; class=Q27686; official website property P856. Public business email recovered from first-party website; no inference.				q111408094	airportgateway.co.nz		airport gateway motor lodge		New Zealand	HIGH	domain:airportgateway.co.nz
	B	78		New Zealand	850 Cameron Motel		hotel										Q111870475	2026-08-16T21:13:10.754720Z		Canonical queue drain | fit B | GitHub MASTER dedupe passed	https://www.850motel.co.nz/index.html	stay@850motel.co.nz	https://www.850motel.co.nz/aboutus-tauranga.html				https://www.850motel.co.nz/accommodation-tauranga.html				High	Verified	http://www.wikidata.org/entity/Q111870475; https://www.850motel.co.nz/index.html	Wikidata structured evidence; country=Q664; class=Q27686; official website property P856. Public business email recovered from first-party website; no inference.				q111870475	850motel.co.nz		850 cameron motel		New Zealand	HIGH	domain:850motel.co.nz
	B	78		New Zealand	Warkworth Hotel (Former)		hotel										Q79308678	2026-08-16T21:13:10.754720Z		Canonical queue drain | fit B | GitHub MASTER dedupe passed	https://www.warkworthhotel.co.nz/		https://www.warkworthhotel.co.nz/reservations	https://www.instagram.com/warkworthhotel/	https://www.facebook.com/warkworthhotel/						High	Verified	http://www.wikidata.org/entity/Q79308678; https://www.warkworthhotel.co.nz/	Wikidata structured evidence; country=Q664; class=Q27686; official website property P856.				q79308678	warkworthhotel.co.nz		warkworth hotel former		New Zealand	HIGH	domain:warkworthhotel.co.nz
	B	78		New Zealand	Wade Hotel (former)		hotel										Q133963168	2026-08-16T21:13:10.754720Z		Canonical queue drain | fit B | GitHub MASTER dedupe passed	https://thewade.nz/	info@thewade.nz		https://www.instagram.com/wadesince1863/	https://www.facebook.com/thewadenz/						Permissive	Qualification	http://www.wikidata.org/entity/Q133963168; https://thewade.nz/	Wikidata structured evidence; country=Q664; class=Q27686; official website property P856. Public business email recovered from first-party website; no inference.				q133963168	thewade.nz		wade hotel former		New Zealand	PERMISSIVE	domain:thewade.nz
	B	78		New Zealand	The French Country House		hotel										Q111870443	2026-08-16T21:13:10.754720Z		Canonical queue drain | fit B | GitHub MASTER dedupe passed	https://www.thefrenchcountryhouse.co.nz/		https://www.thefrenchcountryhouse.co.nz/contact	https://www.instagram.com/thefrenchcountryhouse/	https://www.facebook.com/TheFrenchCountryHouse/						Medium	Recall-first	http://www.wikidata.org/entity/Q111870443; https://www.thefrenchcountryhouse.co.nz/	Wikidata structured evidence; country=Q664; class=Q27686; official website property P856.				q111870443	thefrenchcountryhouse.co.nz		the french country house		New Zealand	MEDIUM	domain:thefrenchcountryhouse.co.nz
	B	78		New Zealand	Riccarton Motor Lodge		hotel										Q112010086	2026-08-16T21:13:10.754720Z		Canonical queue drain | fit B | GitHub MASTER dedupe passed	https://www.riccartonmotorlodge.co.nz/	book@riccartonmotorlodge.co.nz	https://www.riccartonmotorlodge.co.nz/contact		https://www.facebook.com/Riccarton-Motor-Lodge-2230986853790329/						Medium	Recall-first	http://www.wikidata.org/entity/Q112010086; https://www.riccartonmotorlodge.co.nz/	Wikidata structured evidence; country=Q664; class=Q27686; official website property P856. Public business email recovered from first-party website; no inference.				q112010086	riccartonmotorlodge.co.nz		riccarton motor lodge		New Zealand	MEDIUM	domain:riccartonmotorlodge.co.nz
	B	78		New Zealand	Northcote Tavern		hotel										Q123674189	2026-08-16T21:13:10.754720Z		Canonical queue drain | fit B | GitHub MASTER dedupe passed	https://northcotetavern.co.nz/	hello@northcotetavern.co.nz		https://www.instagram.com/northcotetavern/	https://www.facebook.com/northcotetavern/						Permissive	Qualification	http://www.wikidata.org/entity/Q123674189; https://northcotetavern.co.nz/	Wikidata structured evidence; country=Q664; class=Q27686; official website property P856. Public business email recovered from first-party website; no inference.				q123674189	northcotetavern.co.nz		northcote tavern		New Zealand	PERMISSIVE	domain:northcotetavern.co.nz
	B	78		New Zealand	Huapai Tavern		hotel										Q135483966	2026-08-16T21:13:10.754720Z		Canonical queue drain | fit B | GitHub MASTER dedupe passed	https://www.huapaitavern.co.nz/	huapaitavern@gmail.com	https://www.huapaitavern.co.nz/contact-us/		https://www.facebook.com/huapaitavern/						High	Verified	http://www.wikidata.org/entity/Q135483966; https://www.huapaitavern.co.nz/	Wikidata structured evidence; country=Q664; class=Q27686; official website property P856. Public business email recovered from first-party website; no inference.				q135483966	huapaitavern.co.nz		huapai tavern		New Zealand	HIGH	domain:huapaitavern.co.nz
	B	78		New Zealand	Waiteti Trout Stream Holiday Park		hotel										Q111870416	2026-08-16T21:13:10.754720Z		Canonical queue drain | fit B | GitHub MASTER dedupe passed	https://holidayparks.co.nz/park/waiteti-trout-stream-holiday-park/		https://holidayparks.co.nz/about/	https://www.instagram.com/holiday_parks_nz/	https://www.facebook.com/HAPNZ/						High	Verified	http://www.wikidata.org/entity/Q111870416; https://holidayparks.co.nz/park/waiteti-trout-stream-holiday-park/	Wikidata structured evidence; country=Q664; class=Q27686; official website property P856.				q111870416	holidayparks.co.nz		waiteti trout stream holiday park		New Zealand	HIGH	domain:holidayparks.co.nz
	B	78		Australia	The Urban Newtown		hotel										Q111407647	2026-08-16T21:09:48.975560Z		Canonical queue drain | fit B | GitHub MASTER dedupe passed	http://www.theurbannewtown.com.au/	stay@theurbannewtown.com.au	https://theurbannewtown.com.au/contact-us/				https://theurbannewtown.com.au/extended-stays/				High	Verified	http://www.wikidata.org/entity/Q111407647; https://theurbannewtown.com.au/	Wikidata structured evidence; country=Q408; class=Q27686; official website property P856. Public business email recovered from first-party website; no inference.				q111407647	theurbannewtown.com.au		the urban newtown		Australia	HIGH	domain:theurbannewtown.com.au
	B	78		Australia	Roxburgh House		hotel										Q56432937	2026-08-16T21:09:48.975560Z		Canonical queue drain | fit B | GitHub MASTER dedupe passed	https://www.roxburghhouse.com.au	info@roxburghhouse.com.au			https://www.facebook.com/Roxburgh-House-Apartments-417956475019148/		https://www.roxburghhouse.com.au/apartments1				Medium	Recall-first	http://www.wikidata.org/entity/Q56432937; https://www.roxburghhouse.com.au	Wikidata structured evidence; country=Q408; class=Q27686; official website property P856. Public business email recovered from first-party website; no inference.				q56432937	roxburghhouse.com.au		roxburgh house		Australia	MEDIUM	domain:roxburghhouse.com.au
	B	78		Australia	QT Sydney		hotel										Q111407690	2026-08-16T21:09:48.975560Z		Canonical queue drain | fit B | GitHub MASTER dedupe passed	https://www.qthotels.com/sydney-cbd/		https://www.qthotels.com/about/	https://www.instagram.com/qt_hotels/			https://www.qthotels.com/sydney-cbd/wp-content/themes/evt-core/modules/booking-widget/lib/daterangepicker/daterangepicker.css?ver=1.2.2				High	Verified	http://www.wikidata.org/entity/Q111407690	Wikidata structured evidence; country=Q408; class=Q27686; official website property P856.				q111407690	qthotels.com		qt sydney		Australia	HIGH	domain:qthotels.com
	B	78		Australia	Mercure Sydney Liverpool		hotel										Q111407605	2026-08-16T21:09:48.975560Z		Canonical queue drain | fit B | GitHub MASTER dedupe passed	https://www.mercuresydneyliverpool.com.au/	reservations@mercuresydneyliverpool.com.au	https://www.mercuresydneyliverpool.com.au/contact				https://www.mercuresydneyliverpool.com.au/accommodation				High	Verified	http://www.wikidata.org/entity/Q111407605; https://www.mercuresydneyliverpool.com.au/	Wikidata structured evidence; country=Q408; class=Q27686; official website property P856. Public business email recovered from first-party website; no inference.				q111407605	mercuresydneyliverpool.com.au		mercure sydney liverpool		Australia	HIGH	domain:mercuresydneyliverpool.com.au
	B	78		Australia	Langham Hotel, Warwick		hotel										Q20085690	2026-08-16T21:09:48.975560Z		Canonical queue drain | fit B | GitHub MASTER dedupe passed	http://www.condaminesportsclub.com.au/	admin@condaminesportsclub.com.au	https://www.condaminesportsclub.com.au/contact				https://www.condaminesportsclub.com.au/book_a_table				Permissive	Qualification	http://www.wikidata.org/entity/Q20085690; https://www.condaminesportsclub.com.au/	Wikidata structured evidence; country=Q408; class=Q27686; official website property P856. Public business email recovered from first-party website; no inference.				q20085690	condaminesportsclub.com.au		langham hotel warwick		Australia	PERMISSIVE	domain:condaminesportsclub.com.au
	B	78		Australia	Captain's Rest		hotel										Q138663314	2026-08-16T21:09:48.975560Z		Canonical queue drain | fit B | GitHub MASTER dedupe passed	https://www.captainsrest.com		https://www.captainsrest.com/contact	https://www.instagram.com/captainsrest/			https://www.captainsrest.com/book-now				High	Verified	http://www.wikidata.org/entity/Q138663314; https://www.captainsrest.com/	Wikidata structured evidence; country=Q408; class=Q27686; official website property P856.				q138663314	captainsrest.com		captain s rest		Australia	HIGH	domain:captainsrest.com
	B	78		Australia	Treasury Casino		hotel										Q7836793	2026-08-16T21:09:48.975560Z		Canonical queue drain | fit B | GitHub MASTER dedupe passed	https://www.treasurybrisbane.com.au/		https://www.treasurybrisbane.com.au/contact-us	https://www.instagram.com/treasurybrisbane/	https://www.facebook.com/treasurybrisbane/						Medium	Recall-first	http://www.wikidata.org/entity/Q7836793; https://www.treasurybrisbane.com.au/; https://www.treasurybrisbane.com.au/contact-us	Wikidata structured evidence; country=Q408; class=Q27686; official website property P856.				q7836793	treasurybrisbane.com.au		treasury casino		Australia	MEDIUM	domain:treasurybrisbane.com.au
	B	78		Australia	The Carrington Hotel, Katoomba		hotel										Q48796718	2026-08-16T21:09:48.975560Z		Canonical queue drain | fit B | GitHub MASTER dedupe passed	https://thecarrington.com.au/		https://thecarrington.com.au/contact/	https://www.instagram.com/thecarringtonhotel/	https://www.facebook.com/thecarringtonhotel/						High	Verified	http://www.wikidata.org/entity/Q48796718; https://thecarrington.com.au/	Wikidata structured evidence; country=Q408; class=Q27686; official website property P856.				q48796718	thecarrington.com.au		the carrington hotel katoomba		Australia	HIGH	domain:thecarrington.com.au
	B	78		Australia	Subiaco Hotel		hotel										Q66976420	2026-08-16T21:09:48.975560Z		Canonical queue drain | fit B | GitHub MASTER dedupe passed	https://www.subiacohotel.com.au/	info@subiacohotel.com.au		https://www.instagram.com/subihotel/	https://www.facebook.com/subiacohotel/						Medium	Recall-first	http://www.wikidata.org/entity/Q66976420; https://www.subiacohotel.com.au/	Wikidata structured evidence; country=Q408; class=Q27686; official website property P856. Public business email recovered from first-party website; no inference.				q66976420	subiacohotel.com.au		subiaco hotel		Australia	MEDIUM	domain:subiacohotel.com.au
	B	78		Australia	Palisade Hotel		hotel										Q59833664	2026-08-16T21:09:48.975560Z		Canonical queue drain | fit B | GitHub MASTER dedupe passed	http://hotelpalisade.com.au/		https://hotelpalisade.com.au/henry-deane-reservations	https://www.instagram.com/henrydeanelounge/	https://www.facebook.com/profile.php/						High	Verified	http://www.wikidata.org/entity/Q59833664; https://hotelpalisade.com.au/	Wikidata structured evidence; country=Q408; class=Q27686; official website property P856.				q59833664	hotelpalisade.com.au		palisade hotel		Australia	HIGH	domain:hotelpalisade.com.au
	B	78		Australia	Crowne Plaza Hawkesbury Valley		hotel										Q109719064	2026-08-16T21:09:48.975560Z		Canonical queue drain | fit B | GitHub MASTER dedupe passed	https://www.cphawkesburyvalley.com.au/		https://www.cphawkesburyvalley.com.au/contact-us/	https://www.instagram.com/cphawkesburyvalley/	https://www.facebook.com/CrownePlazaHawkesburyValley/						High	Verified	http://www.wikidata.org/entity/Q109719064; https://www.cphawkesburyvalley.com.au/	Wikidata structured evidence; country=Q408; class=Q27686; official website property P856.				q109719064	cphawkesburyvalley.com.au		crowne plaza hawkesbury valley		Australia	HIGH	domain:cphawkesburyvalley.com.au
	B	78		Australia	Byron Links Apartments		hotel										Q130415367	2026-08-16T21:09:48.975560Z		Canonical queue drain | fit B | GitHub MASTER dedupe passed	http://www.byronlinks.com.au/	info@byronlinks.com.au	https://www.byronlinks.com.au/contact-us/		https://www.facebook.com/pages/Byron-Links-Apartments/440523252713906/						High	Verified	http://www.wikidata.org/entity/Q130415367; https://www.byronlinks.com.au/	Wikidata structured evidence; country=Q408; class=Q27686; official website property P856. Public business email recovered from first-party website; no inference.				q130415367	byronlinks.com.au		byron links apartments		Australia	HIGH	domain:byronlinks.com.au
	B	78		Switzerland	Hotel Waldhaus (Sils)		hotel										Q1631066	2026-08-16T21:02:51.172430Z		Canonical queue drain | fit B | GitHub MASTER dedupe passed	http://www.waldhaus-sils.ch/	mail@waldhaus-sils.ch	https://booking.waldhaus-sils.ch/waldhaus-sils				https://booking.waldhaus-sils.ch/waldhaus-sils				High	Verified	http://www.wikidata.org/entity/Q1631066; https://www.waldhaus-sils.ch/	Wikidata structured evidence; country=Q39; class=Q27686; official website property P856. Public business email recovered from first-party website; no inference.				q1631066	waldhaus-sils.ch		hotel waldhaus sils		Switzerland	HIGH	domain:waldhaus-sils.ch
	B	78		Switzerland	Chalet Belmont		hotel										Q115053791	2026-08-16T21:02:51.172430Z		Canonical queue drain | fit B | GitHub MASTER dedupe passed	https://chalet-belmont.top-hotels-switzerland.com/en/	emal@gmail.com	https://chalet-belmont.top-hotels-switzerland.com/#contact				https://www.top-hotels-switzerland.com/flims-hotels-13799/type/apartments-3/				High	Verified	http://www.wikidata.org/entity/Q115053791; https://chalet-belmont.top-hotels-switzerland.com/en/	Wikidata structured evidence; country=Q39; class=Q27686; official website property P856. Public business email recovered from first-party website; no inference.				q115053791	top-hotels-switzerland.com		chalet belmont		Switzerland	HIGH	domain:top-hotels-switzerland.com
	B	78		Switzerland	The Chedi Andermatt		hotel										Q55504450	2026-08-16T21:02:51.172430Z		Canonical queue drain | fit B | GitHub MASTER dedupe passed	https://www.thechediandermatt.com/fr		https://reservations.thechediandermatt.com/signin?hotel=6810&SRC=30	https://www.instagram.com/TheChediAndermatt/			https://www.thechediandermatt.com/fr/rooms-suites				High	Verified	http://www.wikidata.org/entity/Q55504450; https://www.thechediandermatt.com/fr	Wikidata structured evidence; country=Q39; class=Q27686; official website property P856.				q55504450	thechediandermatt.com		the chedi andermatt		Switzerland	HIGH	domain:thechediandermatt.com
	B	78		Switzerland	Capanna al Legn		hotel										Q2152661	2026-08-16T21:02:51.172430Z		Canonical queue drain | fit B | GitHub MASTER dedupe passed	http://www.legn.ch/		https://www.legn.ch		https://www.facebook.com/legn1995/		https://www.legn.ch/wp-content/themes/ciestra/css/motopress-hotel-booking.css?ver=1.5.4				Medium	Recall-first	http://www.wikidata.org/entity/Q2152661; https://www.legn.ch/	Wikidata structured evidence; country=Q39; class=Q27686; official website property P856.				q2152661	legn.ch		capanna al legn		Switzerland	MEDIUM	domain:legn.ch
	B	78		Switzerland	Hollandia Hut		hotel										Q14907533	2026-08-16T21:02:51.172430Z		Canonical queue drain | fit B | GitHub MASTER dedupe passed	http://www.hollandiahuette.ch/		https://www.hollandiahuette.ch/de/online-booking	https://www.instagram.com/hollandiahuette3238/			https://www.hollandiahuette.ch/de/online-booking				Medium	Recall-first	http://www.wikidata.org/entity/Q14907533; https://www.hollandiahuette.ch/de	Wikidata structured evidence; country=Q39; class=Q27686; official website property P856.				q14907533	hollandiahuette.ch		hollandia hut		Switzerland	MEDIUM	domain:hollandiahuette.ch
	B	78		Switzerland	Hörnlihütte, Arosa		hotel										Q1651829	2026-08-16T21:02:51.172430Z		Canonical queue drain | fit B | GitHub MASTER dedupe passed	http://hoernliarosa.ch/	mail@hoernliarosa.ch	https://hoernliarosa.ch/zimmer-reservation/				https://hoernliarosa.ch/wp-content/plugins/beds24-online-booking/theme-files/beds24.css?ver=7.0.4				Permissive	Qualification	http://www.wikidata.org/entity/Q1651829; https://hoernliarosa.ch/kontakt/	Wikidata structured evidence; country=Q39; class=Q27686; official website property P856. Public business email recovered from first-party website; no inference.				q1651829	hoernliarosa.ch		hornlihutte arosa		Switzerland	PERMISSIVE	domain:hoernliarosa.ch
	B	78		Switzerland	Heidelberger Hut		hotel										Q680434	2026-08-16T21:02:51.172430Z		Canonical queue drain | fit B | GitHub MASTER dedupe passed	https://www.heidelbergerhuette.at/		https://www.heidelbergerhuette.at/wp-content/cache/min/1/wp-content/themes/enfold/config-templatebuilder/avia-shortcodes/contact/contact.css?ver=1786603652		https://www.facebook.com/heidelbergerhuette/		https://www.heidelbergerhuette.at/wp-content/cache/min/1/wp-content/themes/enfold/config-templatebuilder/avia-shortcodes/portfolio/portfolio.css?ver=1786603652				Permissive	Qualification	http://www.wikidata.org/entity/Q680434; https://www.heidelbergerhuette.at/	Wikidata structured evidence; country=Q39; class=Q27686; official website property P856.				q680434	heidelbergerhuette.at		heidelberger hut		Switzerland	PERMISSIVE	domain:heidelbergerhuette.at
	B	78		Switzerland	Schmadri hut		hotel										Q1472253	2026-08-16T21:02:51.172430Z		Canonical queue drain | fit B | GitHub MASTER dedupe passed	https://www.aacb.ch/huetten/schmadrihuette		https://www.aacb.ch/mitgliederbereich/reservation-aacb-stuebli-schmnadrihuette/	https://www.instagram.com/schmadrihuette/			https://www.aacb.ch/wp-content/plugins/booking-calendar-pro-payment/css/style.css?ver=10.12				Medium	Recall-first	http://www.wikidata.org/entity/Q1472253; https://www.aacb.ch/huetten/schmadrihuette/	Wikidata structured evidence; country=Q39; class=Q27686; official website property P856.				q1472253	aacb.ch		schmadri hut		Switzerland	MEDIUM	domain:aacb.ch
	B	78		Switzerland	Montreux Youth Hostel		hotel										Q55863756	2026-08-16T21:02:51.172430Z		Canonical queue drain | fit B | GitHub MASTER dedupe passed	http://www.youthhostel.ch/montreux	montreux@youthhostel.ch		https://www.instagram.com/swissyouthhostels/	https://www.facebook.com/youthhostel.ch/						High	Verified	http://www.wikidata.org/entity/Q55863756; https://www.youthhostel.ch/de/hostels/jugendherberge-montreux	Wikidata structured evidence; country=Q39; class=Q27686; official website property P856. Public business email recovered from first-party website; no inference.				q55863756	youthhostel.ch		montreux youth hostel		Switzerland	HIGH	domain:youthhostel.ch
	B	78		Switzerland	Windegghütte		hotel										Q1719862	2026-08-16T21:02:51.172430Z		Canonical queue drain | fit B | GitHub MASTER dedupe passed	http://www.windegghuette.ch	huettenwart@windegghuette.ch	https://www.windegghuette.ch/reservation		https://www.facebook.com/windegghuette/						Medium	Recall-first	http://www.wikidata.org/entity/Q1719862; https://www.windegghuette.ch/	Wikidata structured evidence; country=Q39; class=Q27686; official website property P856. Public business email recovered from first-party website; no inference.				q1719862	windegghuette.ch		windegghutte		Switzerland	MEDIUM	domain:windegghuette.ch
	B	78		Switzerland	Hotel Villa Honegg		hotel										Q111409723	2026-08-16T21:02:51.172430Z		Canonical queue drain | fit B | GitHub MASTER dedupe passed	https://villa-honegg.ch	info@villa-honegg.ch		https://www.instagram.com/villahonegg/	https://www.facebook.com/villahonegg/						High	Verified	http://www.wikidata.org/entity/Q111409723; https://villa-honegg.ch/de/	Wikidata structured evidence; country=Q39; class=Q27686; official website property P856. Public business email recovered from first-party website; no inference.				q111409723	villa-honegg.ch		hotel villa honegg		Switzerland	HIGH	domain:villa-honegg.ch
	B	78		Switzerland	Q2432127		hotel										Q2432127	2026-08-16T21:02:51.172430Z		Canonical queue drain | fit B | GitHub MASTER dedupe passed	http://www.tierbergli.ch		https://tierbergli.ch/reservation/	https://www.instagram.com/tierberglihuette/	https://www.facebook.com/tierberglihuette/						Permissive	Qualification	http://www.wikidata.org/entity/Q2432127; https://tierbergli.ch/	Wikidata structured evidence; country=Q39; class=Q27686; official website property P856.				q2432127	tierbergli.ch		q2432127		Switzerland	PERMISSIVE	domain:tierbergli.ch
	B	78		Switzerland	Spitzmeilenhütte		hotel										Q14544685	2026-08-16T21:02:51.172430Z		Canonical queue drain | fit B | GitHub MASTER dedupe passed	http://www.spitzmeilenhuette.ch/	info@spitzmeilenhuette.ch	https://www.spitzmeilenhuette.ch/reservationen	https://www.instagram.com/spitzmeilenhuette/							Medium	Recall-first	http://www.wikidata.org/entity/Q14544685; https://www.spitzmeilenhuette.ch/	Wikidata structured evidence; country=Q39; class=Q27686; official website property P856. Public business email recovered from first-party website; no inference.				q14544685	spitzmeilenhuette.ch		spitzmeilenhutte		Switzerland	MEDIUM	domain:spitzmeilenhuette.ch
	B	78		Switzerland	Rifugio Saoseo		hotel										Q65718573	2026-08-16T21:02:51.172430Z		Canonical queue drain | fit B | GitHub MASTER dedupe passed	http://www.saoseo.ch/	info@saoseo.ch		https://www.instagram.com/rifugio.saoseo/	https://www.facebook.com/Rifugio-Saoseo-SAC-428326140632940/						Permissive	Qualification	http://www.wikidata.org/entity/Q65718573; https://www.saoseo.ch/de/	Wikidata structured evidence; country=Q39; class=Q27686; official website property P856. Public business email recovered from first-party website; no inference.				q65718573	saoseo.ch		rifugio saoseo		Switzerland	PERMISSIVE	domain:saoseo.ch
	B	78		Switzerland	Q2451814		hotel										Q2451814	2026-08-16T21:02:51.172430Z		Canonical queue drain | fit B | GitHub MASTER dedupe passed	https://www.sac-albis.ch/huetten/treschhuette/		https://www.sac-albis.ch/huetten/eseltritt-clubhaus	https://www.instagram.com/treschhuette_sac/	https://www.facebook.com/treschhuette/						Permissive	Qualification	http://www.wikidata.org/entity/Q2451814; https://www.sac-albis.ch/huetten/treschhuette/	Wikidata structured evidence; country=Q39; class=Q27686; official website property P856.				q2451814	sac-albis.ch		q2451814		Switzerland	PERMISSIVE	domain:sac-albis.ch
	B	78		Switzerland	Europa Hut		hotel										Q677583	2026-08-16T21:02:51.172430Z		Canonical queue drain | fit B | GitHub MASTER dedupe passed	https://www.randa.ch/tourismus/berghuetten/europahuette/	gemeinde@randa.ch	https://www.randa.ch/tourismus/kontakt/		https://www.facebook.com/gemeinde.randa/						Medium	Recall-first	http://www.wikidata.org/entity/Q677583; https://www.randa.ch/tourismus/berghuetten/europahuette/	Wikidata structured evidence; country=Q39; class=Q27686; official website property P856. Public business email recovered from first-party website; no inference.				q677583	randa.ch		europa hut		Switzerland	MEDIUM	domain:randa.ch
	B	78		Switzerland	Muttseehütte		hotel										Q1956096	2026-08-16T21:02:51.172430Z		Canonical queue drain | fit B | GitHub MASTER dedupe passed	http://www.muttseehuette.ch/	mail@muttseehuette.ch	https://www.muttseehuette.ch/reservation/	https://www.instagram.com/muttseehuette_sac/							Permissive	Qualification	http://www.wikidata.org/entity/Q1956096; https://www.muttseehuette.ch/	Wikidata structured evidence; country=Q39; class=Q27686; official website property P856. Public business email recovered from first-party website; no inference.				q1956096	muttseehuette.ch		muttseehutte		Switzerland	PERMISSIVE	domain:muttseehuette.ch
	B	78		Switzerland	Medelserhütte		hotel										Q1400791	2026-08-16T21:02:51.172430Z		Canonical queue drain | fit B | GitHub MASTER dedupe passed	http://www.medelserhuette.ch/		https://www.medelserhuette.ch/reservation	https://www.instagram.com/medelserhuette_sac/	https://www.facebook.com/medelserhuette/						Medium	Recall-first	http://www.wikidata.org/entity/Q1400791; https://www.medelserhuette.ch/aktuell-1	Wikidata structured evidence; country=Q39; class=Q27686; official website property P856.				q1400791	medelserhuette.ch		medelserhutte		Switzerland	MEDIUM	domain:medelserhuette.ch
	B	78		Switzerland	Camona da Maighels		hotel										Q1885245	2026-08-16T21:02:51.172430Z		Canonical queue drain | fit B | GitHub MASTER dedupe passed	http://www.maighelshuette.ch/	info@maighelshuette.ch		https://www.instagram.com/camonadamaighels/	https://www.facebook.com/maighelshuette/						Permissive	Qualification	http://www.wikidata.org/entity/Q1885245; https://www.maighelshuette.ch/	Wikidata structured evidence; country=Q39; class=Q27686; official website property P856. Public business email recovered from first-party website; no inference.				q1885245	maighelshuette.ch		camona da maighels		Switzerland	PERMISSIVE	domain:maighelshuette.ch
	B	78		Switzerland	Q2364721		hotel										Q2364721	2026-08-16T21:02:51.172430Z		Canonical queue drain | fit B | GitHub MASTER dedupe passed	http://www.lobhornhuette.ch		https://lobhornhuette.ch/en/contact/	https://www.instagram.com/lobhornhuette/	https://www.facebook.com/lobhornhuette/						Permissive	Qualification	http://www.wikidata.org/entity/Q2364721; https://lobhornhuette.ch/	Wikidata structured evidence; country=Q39; class=Q27686; official website property P856.				q2364721	lobhornhuette.ch		q2364721		Switzerland	PERMISSIVE	domain:lobhornhuette.ch
	B	78		Switzerland	Former Spa Hotel Limmathof		hotel										Q29575440	2026-08-16T21:02:51.172430Z		Canonical queue drain | fit B | GitHub MASTER dedupe passed	https://www.limmathof.ch	info@limmathof.ch		https://www.instagram.com/limmathof/	https://www.facebook.com/limmathof/						High	Verified	http://www.wikidata.org/entity/Q29575440; https://www.limmathof.ch/; https://www.limmathof.ch	Wikidata structured evidence; country=Q39; class=Q27686; official website property P856. Public business email recovered from first-party website; no inference.				q29575440	limmathof.ch		former spa hotel limmathof		Switzerland	HIGH	domain:limmathof.ch
	B	78		Switzerland	Lenkerhof		hotel										Q38181663	2026-08-16T21:02:51.172430Z		Canonical queue drain | fit B | GitHub MASTER dedupe passed	https://www.lenkerhof.ch/	welcome@lenkerhof.ch		https://www.instagram.com/lenkerhof/	https://www.facebook.com/Lenkerhof/						High	Verified	http://www.wikidata.org/entity/Q38181663; https://www.lenkerhof.ch/	Wikidata structured evidence; country=Q39; class=Q27686; official website property P856. Public business email recovered from first-party website; no inference.				q38181663	lenkerhof.ch		lenkerhof		Switzerland	HIGH	domain:lenkerhof.ch
	B	78		Switzerland	Boutique Hotel Le Bourg 7		hotel										Q115053557	2026-08-16T21:02:51.172430Z		Canonical queue drain | fit B | GitHub MASTER dedupe passed	http://lebourg.ch/	info@lebourg.ch	http://lebourg.ch/contactez-nous.html		https://www.facebook.com/Association-des-int%C3%A9r%C3%AAts-du-quartier-du-Bourg-1543612382608117/						Permissive	Qualification	http://www.wikidata.org/entity/Q115053557; http://lebourg.ch/	Wikidata structured evidence; country=Q39; class=Q27686; official website property P856. Public business email recovered from first-party website; no inference.				q115053557	lebourg.ch		boutique hotel le bourg 7		Switzerland	PERMISSIVE	domain:lebourg.ch
	B	78		Switzerland	Länta-Hütte		hotel										Q1879262	2026-08-16T21:02:51.172430Z		Canonical queue drain | fit B | GitHub MASTER dedupe passed	http://www.laentahuette.ch/	info@laentahuette.ch	https://laentahuette.ch/kontakt-onlinereservation/	https://www.instagram.com/laenta_huette/							Permissive	Qualification	http://www.wikidata.org/entity/Q1879262; https://laentahuette.ch/	Wikidata structured evidence; country=Q39; class=Q27686; official website property P856. Public business email recovered from first-party website; no inference.				q1879262	laentahuette.ch		lanta hutte		Switzerland	PERMISSIVE	domain:laentahuette.ch
	B	78		Switzerland	Q1502471		hotel										Q1502471	2026-08-16T21:02:51.172430Z		Canonical queue drain | fit B | GitHub MASTER dedupe passed	https://www.kreuz-solothurn.ch/		https://www.kreuz-solothurn.ch/about.html	https://www.instagram.com/kreuzsolothurn/	https://www.facebook.com/Genossenschaft.Kreuz.Solothurn/						Permissive	Qualification	http://www.wikidata.org/entity/Q1502471; https://www.kreuz-solothurn.ch/	Wikidata structured evidence; country=Q39; class=Q27686; official website property P856.				q1502471	kreuz-solothurn.ch		q1502471		Switzerland	PERMISSIVE	domain:kreuz-solothurn.ch
	B	78		Switzerland	Grand Hotel Victoria		hotel										Q29785148	2026-08-16T21:02:51.172430Z		Canonical queue drain | fit B | GitHub MASTER dedupe passed	https://www.hotel-reine-victoria.ch/		https://www.hotel-reine-victoria.ch/ueber-uns/	https://www.instagram.com/hotelreinevictoria/	https://www.facebook.com/hotelreinevictoria/						High	Verified	http://www.wikidata.org/entity/Q29785148; https://www.hotel-reine-victoria.ch/	Wikidata structured evidence; country=Q39; class=Q27686; official website property P856.				q29785148	hotel-reine-victoria.ch		grand hotel victoria		Switzerland	HIGH	domain:hotel-reine-victoria.ch
	B	78		Switzerland	Schönbiel Hut		hotel										Q179153	2026-08-16T21:02:51.172430Z		Canonical queue drain | fit B | GitHub MASTER dedupe passed	https://haus-bielti.ch/schoenbielhuette/		https://haus-bielti.ch/kontakt/	https://www.instagram.com/schoenbiel/	https://www.facebook.com/schoenbiel/						Permissive	Qualification	http://www.wikidata.org/entity/Q179153; https://haus-bielti.ch/schoenbielhuette/	Wikidata structured evidence; country=Q39; class=Q27686; official website property P856.				q179153	haus-bielti.ch		schonbiel hut		Switzerland	PERMISSIVE	domain:haus-bielti.ch
	B	78		Switzerland	Guarda Val		hotel										Q90283834	2026-08-16T21:02:51.172430Z		Canonical queue drain | fit B | GitHub MASTER dedupe passed	http://www.guardaval.ch/	hotel@guardaval.ch		https://www.instagram.com/HotelGuardaVal/	https://www.facebook.com/HotelGuardaVal/						High	Verified	http://www.wikidata.org/entity/Q90283834; https://www.guardaval.ch/de/	Wikidata structured evidence; country=Q39; class=Q27686; official website property P856. Public business email recovered from first-party website; no inference.				q90283834	guardaval.ch		guarda val		Switzerland	HIGH	domain:guardaval.ch
	B	78		Switzerland	Gspaltenhornhütte		hotel										Q16064923	2026-08-16T21:02:51.172430Z		Canonical queue drain | fit B | GitHub MASTER dedupe passed	http://www.gspaltenhornhuette.ch	info@gspaltenhornhuette.ch		https://www.instagram.com/gspaltenhornhuette/	https://www.facebook.com/gspaltenhornhuette.ch/						High	Verified	http://www.wikidata.org/entity/Q16064923; https://www.gspaltenhornhuette.ch/	Wikidata structured evidence; country=Q39; class=Q27686; official website property P856. Public business email recovered from first-party website; no inference.				q16064923	gspaltenhornhuette.ch		gspaltenhornhutte		Switzerland	HIGH	domain:gspaltenhornhuette.ch
	B	78		Switzerland	Grand Hôtel & Kurhaus		hotel										Q98924133	2026-08-16T21:02:51.172430Z		Canonical queue drain | fit B | GitHub MASTER dedupe passed	https://grandhotelkurhaus.com		https://www.grandhotelkurhaus.com/contact/	https://www.instagram.com/grandhotelkurhausarolla/	https://www.facebook.com/arolla.grandhotelkurhaus/						High	Verified	http://www.wikidata.org/entity/Q98924133; https://www.grandhotelkurhaus.com/	Wikidata structured evidence; country=Q39; class=Q27686; official website property P856.				q98924133	grandhotelkurhaus.com		grand hotel kurhaus		Switzerland	HIGH	domain:grandhotelkurhaus.com
	B	78		Switzerland	Gasthof Engelberg		hotel										Q112013393	2026-08-16T21:02:51.172430Z		Canonical queue drain | fit B | GitHub MASTER dedupe passed	https://gasthof-engelberg.ch/	info@gasthof-engelberg.ch		https://www.instagram.com/gasthof_engelberg_scharnachtal/	https://www.facebook.com/Gasthof-Engelberg-Scharnachtal-111904540487704/						High	Verified	http://www.wikidata.org/entity/Q112013393; https://gasthof-engelberg.ch/	Wikidata structured evidence; country=Q39; class=Q27686; official website property P856. Public business email recovered from first-party website; no inference.				q112013393	gasthof-engelberg.ch		gasthof engelberg		Switzerland	HIGH	domain:gasthof-engelberg.ch
	B	78		Switzerland	Finsteraarhorn Hut		hotel										Q1418340	2026-08-16T21:02:51.172430Z		Canonical queue drain | fit B | GitHub MASTER dedupe passed	http://www.finsteraarhornhuette.ch/	info@finsteraarhornhuette.ch		https://www.instagram.com/finsteraarhornhuette/	https://www.facebook.com/Finsteraarhornhuette/						Permissive	Qualification	http://www.wikidata.org/entity/Q1418340; https://new.finsteraarhornhuette.ch/	Wikidata structured evidence; country=Q39; class=Q27686; official website property P856. Public business email recovered from first-party website; no inference.				q1418340	finsteraarhornhuette.ch		finsteraarhorn hut		Switzerland	PERMISSIVE	domain:finsteraarhornhuette.ch
	B	78		Switzerland	Hotel Einstein St. Gallen		hotel										Q1630886	2026-08-16T21:02:51.172430Z		Canonical queue drain | fit B | GitHub MASTER dedupe passed	https://www.einstein.ch/	info@einstein.ch		https://www.instagram.com/einsteinstgallen/	https://www.facebook.com/einsteinstgallen/						Medium	Recall-first	http://www.wikidata.org/entity/Q1630886; https://www.einstein.ch/de/	Wikidata structured evidence; country=Q39; class=Q27686; official website property P856. Public business email recovered from first-party website; no inference.				q1630886	einstein.ch		hotel einstein st gallen		Switzerland	MEDIUM	domain:einstein.ch
	B	78		Switzerland	Doldenhornhütte		hotel										Q1235426	2026-08-16T21:02:51.172430Z		Canonical queue drain | fit B | GitHub MASTER dedupe passed	http://www.doldenhornhuette.ch/		https://www.doldenhornhuette.ch/about/	https://www.instagram.com/doldenhornhuette/	https://www.facebook.com/doldenhornhuette.sac/						Medium	Recall-first	http://www.wikidata.org/entity/Q1235426; https://www.doldenhornhuette.ch/	Wikidata structured evidence; country=Q39; class=Q27686; official website property P856.				q1235426	doldenhornhuette.ch		doldenhornhutte		Switzerland	MEDIUM	domain:doldenhornhuette.ch
	B	78		Switzerland	Chelenalp mountain hut		hotel										Q1069054	2026-08-16T21:02:51.172430Z		Canonical queue drain | fit B | GitHub MASTER dedupe passed	http://www.chelenalp.ch/	info@chelenalp.ch	https://www.chelenalp.ch/about/	https://www.instagram.com/chelenalphuette_sac/							Permissive	Qualification	http://www.wikidata.org/entity/Q1069054; https://www.chelenalp.ch/; https://www.chelenalp.ch/about/	Wikidata structured evidence; country=Q39; class=Q27686; official website property P856. Public business email recovered from first-party website; no inference.				q1069054	chelenalp.ch		chelenalp mountain hut		Switzerland	PERMISSIVE	domain:chelenalp.ch
	B	78		Switzerland	Central Plaza Hotel		hotel										Q63741417	2026-08-16T21:02:51.172430Z		Canonical queue drain | fit B | GitHub MASTER dedupe passed	https://central.ch	info@central.ch		https://www.instagram.com/centralplazahotelzurich/	https://www.facebook.com/centralplazahotelzurich/						Medium	Recall-first	http://www.wikidata.org/entity/Q63741417; https://www.central.ch/de	Wikidata structured evidence; country=Q39; class=Q27686; official website property P856. Public business email recovered from first-party website; no inference.				q63741417	central.ch		central plaza hotel		Switzerland	MEDIUM	domain:central.ch
	B	78		Switzerland	Saleina Hut		hotel										Q2932230	2026-08-16T21:02:51.172430Z		Canonical queue drain | fit B | GitHub MASTER dedupe passed	http://www.cas-neuchatel.ch/cabanes/cabane-de-saleinaz-2691m/	menee@cas-neuchatel.ch	https://www.cas-neuchatel.ch/cabanes/cabane-perrenoud/tarifs-et-reservations.php		https://www.facebook.com/CabaneSaleinaz/						Permissive	Qualification	http://www.wikidata.org/entity/Q2932230; https://www.cas-neuchatel.ch/cabanes/cabane-de-saleinaz-2691m/; https://www.cas-neuchatel.ch/cabanes/cabane-de-la-menee/tarifs-et-reservations.php	Wikidata structured evidence; country=Q39; class=Q27686; official website property P856. Public business email recovered from first-party website; no inference.				q2932230	cas-neuchatel.ch		saleina hut		Switzerland	PERMISSIVE	domain:cas-neuchatel.ch
	B	78		Switzerland	Q863996		hotel										Q863996	2026-08-16T21:02:51.172430Z		Canonical queue drain | fit B | GitHub MASTER dedupe passed	http://www.cas-delemont.ch/index.php?pg=14		https://cas-delemont.ch/contact-page/	https://www.instagram.com/clubalpinsuisse_delemont/	https://www.facebook.com/ClubAlpinSuisseDelemont/						Permissive	Qualification	http://www.wikidata.org/entity/Q863996; https://cas-delemont.ch/?pg=14	Wikidata structured evidence; country=Q39; class=Q27686; official website property P856.				q863996	cas-delemont.ch		q863996		Switzerland	PERMISSIVE	domain:cas-delemont.ch
	B	78		Switzerland	Capanna Gorda		hotel										Q3656711	2026-08-16T21:02:51.172430Z		Canonical queue drain | fit B | GitHub MASTER dedupe passed	https://www.capannagorda-sanda.ch/		https://www.capannagorda-sanda.ch/about/	https://www.instagram.com/capannagorda/	https://www.facebook.com/capannagorda/						Permissive	Qualification	http://www.wikidata.org/entity/Q3656711; https://www.capannagorda-sanda.ch/	Wikidata structured evidence; country=Q39; class=Q27686; official website property P856.				q3656711	capannagorda-sanda.ch		capanna gorda		Switzerland	PERMISSIVE	domain:capannagorda-sanda.ch
	B	78		Switzerland	Hotel Beatus		hotel										Q112013343	2026-08-16T21:02:51.172430Z		Canonical queue drain | fit B | GitHub MASTER dedupe passed	https://www.beatus.ch	welcome@beatus.ch		https://www.instagram.com/beatus_merligen/	https://www.facebook.com/HotelBeatus/						High	Verified	http://www.wikidata.org/entity/Q112013343; https://www.beatus.ch/de	Wikidata structured evidence; country=Q39; class=Q27686; official website property P856. Public business email recovered from first-party website; no inference.				q112013343	beatus.ch		hotel beatus		Switzerland	HIGH	domain:beatus.ch
	B	78		Switzerland	Bären Inn		hotel										Q19362712	2026-08-16T21:02:51.172430Z		Canonical queue drain | fit B | GitHub MASTER dedupe passed	https://www.baeren-sumiswald.ch	hotel@baeren-sumiswald.ch		https://www.instagram.com/landgasthofbaerensumiswald/	https://www.facebook.com/pages/Landgasthof-B%C3%A4ren-Sumiswald/1528616624039371/						Permissive	Qualification	http://www.wikidata.org/entity/Q19362712; https://www.baeren-sumiswald.ch/home	Wikidata structured evidence; country=Q39; class=Q27686; official website property P856. Public business email recovered from first-party website; no inference.				q19362712	baeren-sumiswald.ch		baren inn		Switzerland	PERMISSIVE	domain:baeren-sumiswald.ch
	B	78		Switzerland	Bären Inn		hotel										Q19362574	2026-08-16T21:02:51.172430Z		Canonical queue drain | fit B | GitHub MASTER dedupe passed	https://www.baeren-duerrenroth.ch/de	info@baeren-duerrenroth.ch		https://www.instagram.com/romantik_hotel_baeren/	https://www.facebook.com/BaerenDuerrenroth/						Permissive	Qualification	http://www.wikidata.org/entity/Q19362574; https://www.baeren-duerrenroth.ch/de	Wikidata structured evidence; country=Q39; class=Q27686; official website property P856. Public business email recovered from first-party website; no inference.				q19362574	baeren-duerrenroth.ch		baren inn		Switzerland	PERMISSIVE	domain:baeren-duerrenroth.ch
	B	78		Switzerland	Albani		hotel										Q63254565	2026-08-16T21:02:51.172430Z		Canonical queue drain | fit B | GitHub MASTER dedupe passed	https://albani.ch/		https://www.albani.ch/	https://www.instagram.com/orisha.d/	https://www.facebook.com/albaniwinterthur/						Medium	Recall-first	http://www.wikidata.org/entity/Q63254565; https://www.albani.ch/	Wikidata structured evidence; country=Q39; class=Q27686; official website property P856.				q63254565	albani.ch		albani		Switzerland	MEDIUM	domain:albani.ch
	B	78		Greece	Kyparissia Beach Hotel		hotel										Q111858113	2026-08-16T20:57:03.241565Z		Canonical queue drain | fit B | GitHub MASTER dedupe passed	https://kyparissiabeachhotel.gr/		https://www.kyparissiabeachhotel.gr/contact/		https://www.facebook.com/people/Kyparissia-Beach-Hotel/100057611282586/		https://www.kyparissiabeachhotel.gr/rooms-and-suites/				High	Verified	http://www.wikidata.org/entity/Q111858113; https://www.kyparissiabeachhotel.gr/	Wikidata structured evidence; country=Q41; class=Q27686; official website property P856.				q111858113	kyparissiabeachhotel.gr		kyparissia beach hotel		Greece	HIGH	domain:kyparissiabeachhotel.gr
	B	78		Greece	Konitsa Montain Hotel		hotel										Q112280343	2026-08-16T20:57:03.241565Z		Canonical queue drain | fit B | GitHub MASTER dedupe passed	http://www.konitsahotel.gr			https://www.instagram.com/konitsamountainhotel/	https://www.facebook.com/konitsamountain/		https://www.konitsahotel.gr/rooms-and-suites				Medium	Recall-first	http://www.wikidata.org/entity/Q112280343; https://www.konitsahotel.gr	Wikidata structured evidence; country=Q41; class=Q27686; official website property P856.				q112280343	konitsahotel.gr		konitsa montain hotel		Greece	MEDIUM	domain:konitsahotel.gr
	B	78		Greece	Arta Palace Hotel		hotel										Q112655377	2026-08-16T20:57:03.241565Z		Canonical queue drain | fit B | GitHub MASTER dedupe passed	http://www.artapalace.gr		https://artapalace.gr/contact	https://www.instagram.com/arta_palace_hotel/			https://artapalace.gr/<a%20href="https:/artapalace.book-onlinenow.net/index.aspx?Page=1"%20target="_blank">BOOK%20NOW</a>				High	Verified	http://www.wikidata.org/entity/Q112655377; https://artapalace.gr/	Wikidata structured evidence; country=Q41; class=Q27686; official website property P856.				q112655377	artapalace.gr		arta palace hotel		Greece	HIGH	domain:artapalace.gr
	B	78		Greece	Anemolia Mountain Resort		hotel										Q140562635	2026-08-16T20:57:03.241565Z		Canonical queue drain | fit B | GitHub MASTER dedupe passed	https://www.anemolia.gr/	info@anemolia.gr	https://www.anemolia.gr/about-us/				https://www.anemolia.gr/rooms/				High	Verified	http://www.wikidata.org/entity/Q140562635; https://www.anemolia.gr/	Wikidata structured evidence; country=Q41; class=Q27686; official website property P856. Public business email recovered from first-party website; no inference.				q140562635	anemolia.gr		anemolia mountain resort		Greece	HIGH	domain:anemolia.gr
	B	78		Greece	Seli Ski Centre		resort										Q12886104	2026-08-16T20:57:03.241565Z		Canonical queue drain | fit B | GitHub MASTER dedupe passed	http://www.seli-ski.gr/	info@seli-ski.gr	https://seli-ski.gr/about-us/		https://www.facebook.com/exkseliou/						Permissive	Qualification	http://www.wikidata.org/entity/Q12886104; https://seli-ski.gr/	Wikidata structured evidence; country=Q41; class=Q875157; official website property P856. Public business email recovered from first-party website; no inference.				q12886104	seli-ski.gr		seli ski centre		Greece	PERMISSIVE	domain:seli-ski.gr
	B	78		Portugal	Q134359743		hotel										Q134359743	2026-08-16T20:54:07.986238Z		Canonical queue drain | fit B | GitHub MASTER dedupe passed	https://www.lockeliving.com/en/lisbon/locke-de-santa-joana		https://www.lockeliving.com/en/contact-us	https://www.instagram.com/lockehotels/			https://www.lockeliving.com/en/help/property-information/which-locke-hotels-are-accessible-and-offer-interconnecting-rooms				Permissive	Qualification	http://www.wikidata.org/entity/Q134359743; https://www.lockeliving.com/en/lisbon/locke-de-santa-joana	Wikidata structured evidence; country=Q45; class=Q27686; official website property P856.				q134359743	lockeliving.com		q134359743		Portugal	PERMISSIVE	domain:lockeliving.com
	B	78		Portugal	Hotel Cidnay		hotel										Q138457836	2026-08-16T20:54:07.986238Z		Canonical queue drain | fit B | GitHub MASTER dedupe passed	https://www.hotel-cidnay.pt/	eventos@hotel-cidnay.pt	https://www.hotel-cidnay.pt/localizacao-contactos/			https://wa.me/+351910533300					High	Verified	http://www.wikidata.org/entity/Q138457836; https://www.hotel-cidnay.pt/localizacao-contactos/	Wikidata structured evidence; country=Q45; class=Q27686; official website property P856. Public business email recovered from first-party website; no inference.				q138457836	hotel-cidnay.pt		hotel cidnay		Portugal	HIGH	domain:hotel-cidnay.pt
	B	78		Portugal	Douro Royal Valley Hotel		hotel										Q59624526	2026-08-16T20:54:07.986238Z		Canonical queue drain | fit B | GitHub MASTER dedupe passed	https://www.douroroyal.com/		https://www.douroroyal.com/contactos	https://www.instagram.com/douroroyal/	https://www.facebook.com/douroroyal/						Medium	Recall-first	http://www.wikidata.org/entity/Q59624526; https://www.douroroyal.com/	Wikidata structured evidence; country=Q45; class=Q27686; official website property P856.				q59624526	douroroyal.com		douro royal valley hotel		Portugal	MEDIUM	domain:douroroyal.com
	B	78		Portugal	Casa da Calçada		hotel										Q9698166	2026-08-16T20:54:07.986238Z		Canonical queue drain | fit B | GitHub MASTER dedupe passed	http://www.casadacalcada.com	geral@casadacalcada.com		https://www.instagram.com/casa_da_calcada/	https://www.facebook.com/casadacalcada/						High	Verified	http://www.wikidata.org/entity/Q9698166; https://www.casadacalcada.com/	Wikidata structured evidence; country=Q45; class=Q27686; official website property P856. Public business email recovered from first-party website; no inference.				q9698166	casadacalcada.com		casa da calcada		Portugal	HIGH	domain:casadacalcada.com
	B	78		United Kingdom	Crown Hotel, Poole		hotel										Q5189383	2026-08-16T20:50:44.772214Z		Canonical queue drain | fit B | GitHub MASTER dedupe passed	http://www.thecrownhotelpoole.com		http://www.thecrownhotelpoole.com/about	https://www.instagram.com/teepublic/	https://www.facebook.com/TeePubliccom-865099700332025/						Medium	Recall-first	http://www.wikidata.org/entity/Q5189383; http://www.thecrownhotelpoole.com/; http://www.thecrownhotelpoole.com	Wikidata structured evidence; country=Q145; class=Q27686; official website property P856.				q5189383	thecrownhotelpoole.com		crown hotel poole		United Kingdom	MEDIUM	domain:thecrownhotelpoole.com
	B	78		United Kingdom	The Crown		hotel										Q7728223	2026-08-16T20:50:44.772214Z		Canonical queue drain | fit B | GitHub MASTER dedupe passed	http://www.thecrownamersham.com/		https://www.thecrownamersham.com/contact/	https://www.instagram.com/crowninnoldamersham/			https://www.thecrownamersham.com/eat-drink/				High	Verified	http://www.wikidata.org/entity/Q7728223; https://www.thecrownamersham.com/	Wikidata structured evidence; country=Q145; class=Q27686; official website property P856.				q7728223	thecrownamersham.com		the crown		United Kingdom	HIGH	domain:thecrownamersham.com
	B	78		United Kingdom	Royal Castle Hotel		hotel										Q7373925	2026-08-16T20:50:44.772214Z		Canonical queue drain | fit B | GitHub MASTER dedupe passed	http://www.royalcastle.co.uk			https://www.instagram.com/royalcastledartmouth/	https://www.facebook.com/royalcastlehotel/		https://www.royalcastle.co.uk/our-rooms/				High	Verified	http://www.wikidata.org/entity/Q7373925; https://www.royalcastle.co.uk/	Wikidata structured evidence; country=Q145; class=Q27686; official website property P856.				q7373925	royalcastle.co.uk		royal castle hotel		United Kingdom	HIGH	domain:royalcastle.co.uk
	B	78		United Kingdom	New Quay		resort										Q2039004	2026-08-16T20:50:44.772214Z		Canonical queue drain | fit B | GitHub MASTER dedupe passed	http://www.newquay-westwales.co.uk/		https://www.newquay-westwales.co.uk/		https://www.facebook.com/newquaywestwales/		https://www.newquay-westwales.co.uk/cottages.html				High	Verified	http://www.wikidata.org/entity/Q2039004; https://www.newquay-westwales.co.uk/	Wikidata structured evidence; country=Q145; class=Q875157; official website property P856.				q2039004	newquay-westwales.co.uk		new quay		United Kingdom	HIGH	domain:newquay-westwales.co.uk
	B	78		United Kingdom	George Hotel		hotel										Q5540760	2026-08-16T20:50:44.772214Z		Canonical queue drain | fit B | GitHub MASTER dedupe passed	http://www.georgehotelswaffham.co.uk		http://www.georgehotelswaffham.co.uk/contact-us.html		https://www.facebook.com/profile.php/		http://www.georgehotelswaffham.co.uk/our-bedrooms.html				High	Verified	http://www.wikidata.org/entity/Q5540760; http://www.georgehotelswaffham.co.uk	Wikidata structured evidence; country=Q145; class=Q27686; official website property P856.				q5540760	georgehotelswaffham.co.uk		george hotel		United Kingdom	HIGH	domain:georgehotelswaffham.co.uk
	B	78		United Kingdom	Chiltern Firehouse		hotel										Q17361841	2026-08-16T20:50:44.772214Z		Canonical queue drain | fit B | GitHub MASTER dedupe passed	http://www.chilternfirehouse.com	frontofhouse@chilternfirehouse.com	https://reservations.chilternfirehouse.com/109493				https://reservations.chilternfirehouse.com/109493				High	Verified	http://www.wikidata.org/entity/Q17361841; http://www.chilternfirehouse.com	Wikidata structured evidence; country=Q145; class=Q27686; official website property P856. Public business email recovered from first-party website; no inference.				q17361841	chilternfirehouse.com		chiltern firehouse		United Kingdom	HIGH	domain:chilternfirehouse.com
	B	78		United Kingdom	Chewton Glen		hotel										Q5094546	2026-08-16T20:50:44.772214Z		Canonical queue drain | fit B | GitHub MASTER dedupe passed	http://www.chewtonglen.com/	reservations@chewtonglen.com	https://www.chewtonglen.com/about-us/				https://www.chewtonglen.com/accommodation/				High	Verified	http://www.wikidata.org/entity/Q5094546; https://www.chewtonglen.com/contact/	Wikidata structured evidence; country=Q145; class=Q27686; official website property P856. Public business email recovered from first-party website; no inference.				q5094546	chewtonglen.com		chewton glen		United Kingdom	HIGH	domain:chewtonglen.com
	B	78		United Kingdom	Beaufort Hotel		hotel										Q7716157	2026-08-16T20:50:44.772214Z		Canonical queue drain | fit B | GitHub MASTER dedupe passed	http://www.beauforthotelchepstow.com/		https://www.beauforthotelchepstow.com/table-reservations		https://www.facebook.com/BeaufortHotel/		https://www.beauforthotelchepstow.com/offers/business-offers/exclusive-day-delegate-rate-offer-for-direct-bookings				High	Verified	http://www.wikidata.org/entity/Q7716157; https://www.beauforthotelchepstow.com/	Wikidata structured evidence; country=Q145; class=Q27686; official website property P856.				q7716157	beauforthotelchepstow.com		beaufort hotel		United Kingdom	HIGH	domain:beauforthotelchepstow.com
	B	78		United Kingdom	The Reefs Hotel & Club		hotel										Q7760009	2026-08-16T20:50:44.772214Z		Canonical queue drain | fit B | GitHub MASTER dedupe passed	http://www.thereefs.com/		https://www.thereefs.com/contact-us	https://www.instagram.com/thereefs/	https://www.facebook.com/TheReefsBermuda/						High	Verified	http://www.wikidata.org/entity/Q7760009; https://www.thereefs.com/	Wikidata structured evidence; country=Q145; class=Q27686; official website property P856.				q7760009	thereefs.com		the reefs hotel club		United Kingdom	HIGH	domain:thereefs.com
	B	78		United Kingdom	The Bentley London		hotel										Q13529117	2026-08-16T20:50:44.772214Z		Canonical queue drain | fit B | GitHub MASTER dedupe passed	http://www.thebentley-hotel.com/		https://thebentley-hotel.com/contact/location.html	https://www.instagram.com/thebentleylondonhotel/	https://www.facebook.com/THEBENTLEYLONDON/						High	Verified	http://www.wikidata.org/entity/Q13529117; http://www.thebentley-hotel.com/	Wikidata structured evidence; country=Q145; class=Q27686; official website property P856.				q13529117	thebentley-hotel.com		the bentley london		United Kingdom	HIGH	domain:thebentley-hotel.com
	B	78		United Kingdom	Northcote Manor		hotel										Q7057767	2026-08-16T20:50:44.772214Z		Canonical queue drain | fit B | GitHub MASTER dedupe passed	http://www.northcote.com		https://www.northcote.com/contact-us/	https://www.instagram.com/northcoteuk/	https://www.facebook.com/NorthcoteUK/						High	Verified	http://www.wikidata.org/entity/Q7057767; https://www.northcote.com/	Wikidata structured evidence; country=Q145; class=Q27686; official website property P856.				q7057767	northcote.com		northcote manor		United Kingdom	HIGH	domain:northcote.com
	B	78		United Kingdom	Morston Hall		hotel										Q13529213	2026-08-16T20:50:44.772214Z		Canonical queue drain | fit B | GitHub MASTER dedupe passed	http://www.morstonhall.com/		https://morstonhall.com/about-us/	https://www.instagram.com/morstonhallhotel/	https://www.facebook.com/morstonhallhotel/						High	Verified	http://www.wikidata.org/entity/Q13529213; https://morstonhall.com/	Wikidata structured evidence; country=Q145; class=Q27686; official website property P856.				q13529213	morstonhall.com		morston hall		United Kingdom	HIGH	domain:morstonhall.com
	B	78		United Kingdom	The Kings Arms Hotel		hotel										Q17539966	2026-08-16T20:50:44.772214Z		Canonical queue drain | fit B | GitHub MASTER dedupe passed	https://www.kings-arms-hotel.com/		https://www.kings-arms-hotel.com/contact/	https://www.instagram.com/kingsarmsoldamersham/	https://www.facebook.com/KingsArmsHotelAmersham/						High	Verified	http://www.wikidata.org/entity/Q17539966; https://www.kings-arms-hotel.com/	Wikidata structured evidence; country=Q145; class=Q27686; official website property P856.				q17539966	kings-arms-hotel.com		the kings arms hotel		United Kingdom	HIGH	domain:kings-arms-hotel.com
	B	78		United Kingdom	Cringletie		hotel										Q5185742	2026-08-16T20:50:44.772214Z		Canonical queue drain | fit B | GitHub MASTER dedupe passed	https://www.cringletie.com/		https://www.cringletie.com/about-us/careers	https://www.instagram.com/cringletie/	https://www.facebook.com/cringletie/						High	Verified	http://www.wikidata.org/entity/Q5185742; https://www.cringletie.com/	Wikidata structured evidence; country=Q145; class=Q27686; official website property P856.				q5185742	cringletie.com		cringletie		United Kingdom	HIGH	domain:cringletie.com
	B	78		United Kingdom	Courthouse Hotel		hotel										Q5178513	2026-08-16T20:50:44.772214Z		Canonical queue drain | fit B | GitHub MASTER dedupe passed	http://www.courthouse-hotel.com/	reservations@courthouse-hotel.com	https://www.courthouse-hotel.com/contact/	https://www.instagram.com/courthousehotellondon/							High	Verified	http://www.wikidata.org/entity/Q5178513; https://www.courthouse-hotel.com/; https://www.courthouse-hotel.com/contact/	Wikidata structured evidence; country=Q145; class=Q27686; official website property P856. Public business email recovered from first-party website; no inference.				q5178513	courthouse-hotel.com		courthouse hotel		United Kingdom	HIGH	domain:courthouse-hotel.com
	B	78		Canada	Auberge Saint-Antoine Relais & Châteaux		hotel										Q111231568	2026-08-16T20:50:04.397001Z		Canonical queue drain | fit B | GitHub MASTER dedupe passed	https://www.saint-antoine.com/		https://www.saint-antoine.com/contact	https://www.instagram.com/aubergesaintantoine/			https://www.saint-antoine.com/accommodations/rooms				High	Verified	http://www.wikidata.org/entity/Q111231568; https://www.saint-antoine.com/	Wikidata structured evidence; country=Q16; class=Q27686; official website property P856.				q111231568	saint-antoine.com		auberge saint antoine relais chateaux		Canada	HIGH	domain:saint-antoine.com
	B	78		Canada	Presidents' Suites		hotel										Q110418504	2026-08-16T20:50:04.397001Z		Canonical queue drain | fit B | GitHub MASTER dedupe passed	https://www.presidentssuites.com/			https://www.instagram.com/presidentssuites/	https://www.facebook.com/presidentssuites/		https://presidentssuites.com/en/corporate-short-term-stays				High	Verified	http://www.wikidata.org/entity/Q110418504; https://presidentssuites.com/	Wikidata structured evidence; country=Q16; class=Q27686; official website property P856.				q110418504	presidentssuites.com		presidents suites		Canada	HIGH	domain:presidentssuites.com
	B	78		Canada	Chalets Lac à la Truite		resort										Q140197230	2026-08-16T20:50:04.397001Z		Canonical queue drain | fit B | GitHub MASTER dedupe passed	https://chaletslacalatruite.com		https://chaletslacalatruite.com/contact/		https://www.facebook.com/Chalets-Lac-%C3%A0-la-Truite-Trout-Lake-Chalets-137910109565132/		https://chaletslacalatruite.com/rooms/chalet-43/?portorder=menu				High	Verified	http://www.wikidata.org/entity/Q140197230; https://chaletslacalatruite.com	Wikidata structured evidence; country=Q16; class=Q875157; official website property P856.				q140197230	chaletslacalatruite.com		chalets lac a la truite		Canada	HIGH	domain:chaletslacalatruite.com
	B	78		Canada	Château Albert		hotel										Q112692715	2026-08-16T20:50:04.397001Z		Canonical queue drain | fit B | GitHub MASTER dedupe passed	https://villagehistoriqueacadien.com/en/hotel		https://villagehistoriqueacadien.com	https://www.instagram.com/village_acadien/	https://www.facebook.com/villagehistoriqueacadien/						High	Verified	http://www.wikidata.org/entity/Q112692715; https://villagehistoriqueacadien.com/en/	Wikidata structured evidence; country=Q16; class=Q27686; official website property P856.				q112692715	villagehistoriqueacadien.com		chateau albert		Canada	HIGH	domain:villagehistoriqueacadien.com
	B	78		Canada	Snow Lake Motor Inn		hotel										Q135550540	2026-08-16T20:50:04.397001Z		Canonical queue drain | fit B | GitHub MASTER dedupe passed	https://www.snowlakemotorinn.com/	snowlakemotorinn@gmail.com	https://www.snowlakemotorinn.com/contactus		https://www.facebook.com/groups/143085709035568/about/						Medium	Recall-first	http://www.wikidata.org/entity/Q135550540; https://www.snowlakemotorinn.com/	Wikidata structured evidence; country=Q16; class=Q27686; official website property P856. Public business email recovered from first-party website; no inference.				q135550540	snowlakemotorinn.com		snow lake motor inn		Canada	MEDIUM	domain:snowlakemotorinn.com
	B	78		Canada	River Rock Casino Resort		hotel										Q7337769	2026-08-16T20:50:04.397001Z		Canonical queue drain | fit B | GitHub MASTER dedupe passed	https://riverrock.com/		https://riverrock.com/gordon-ramsay-steak-about/	https://www.instagram.com/riverrockcasinoresort/	https://www.facebook.com/RiverRockCasinoResort/						High	Verified	http://www.wikidata.org/entity/Q7337769; https://riverrock.com/	Wikidata structured evidence; country=Q16; class=Q27686; official website property P856.				q7337769	riverrock.com		river rock casino resort		Canada	HIGH	domain:riverrock.com
	B	78		Canada	Pinnacle Hotel at the Pier		hotel										Q55832450	2026-08-16T20:50:04.397001Z		Canonical queue drain | fit B | GitHub MASTER dedupe passed	https://www.pinnaclepierhotel.com/		https://pinnaclepierhotel.com/contact/	https://www.instagram.com/pinnaclepierhotel/	https://www.facebook.com/PinnaclePierHotel/						High	Verified	http://www.wikidata.org/entity/Q55832450; https://pinnaclepierhotel.com/	Wikidata structured evidence; country=Q16; class=Q27686; official website property P856.				q55832450	pinnaclepierhotel.com		pinnacle hotel at the pier		Canada	HIGH	domain:pinnaclepierhotel.com
	B	78		Canada	Old Mill Toronto		hotel										Q7084525	2026-08-16T20:50:04.397001Z		Canonical queue drain | fit B | GitHub MASTER dedupe passed	https://www.oldmilltoronto.com/		https://www.oldmilltoronto.com/about-us/	https://www.instagram.com/oldmilltoronto/	https://www.facebook.com/oldmilltoronto/						Medium	Recall-first	http://www.wikidata.org/entity/Q7084525; https://www.oldmilltoronto.com/	Wikidata structured evidence; country=Q16; class=Q27686; official website property P856.				q7084525	oldmilltoronto.com		old mill toronto		Canada	MEDIUM	domain:oldmilltoronto.com
	B	78		Canada	La Côte Surprise		hotel										Q139859347	2026-08-16T20:50:04.397001Z		Canonical queue drain | fit B | GitHub MASTER dedupe passed	https://www.hotelcotesurprise.com/	reservations@hotelcotesurprise.com	https://www.hotelcotesurprise.com/contact		https://www.facebook.com/hotelcotesurprise/						Medium	Recall-first	http://www.wikidata.org/entity/Q139859347; https://www.hotelcotesurprise.com/	Wikidata structured evidence; country=Q16; class=Q27686; official website property P856. Public business email recovered from first-party website; no inference.				q139859347	hotelcotesurprise.com		la cote surprise		Canada	MEDIUM	domain:hotelcotesurprise.com
	B	78		Canada	The Waldorf Hotel		hotel										Q7773258	2026-08-16T20:50:04.397001Z		Canonical queue drain | fit B | GitHub MASTER dedupe passed	https://www.hotelatthewaldorf.ca/	info@hotelatthewaldorf.ca	https://www.hotelatthewaldorf.ca/contact/		https://www.facebook.com/hotelatthewaldorf/						Medium	Recall-first	http://www.wikidata.org/entity/Q7773258; https://www.hotelatthewaldorf.ca/; https://www.hotelatthewaldorf.ca/contact/	Wikidata structured evidence; country=Q16; class=Q27686; official website property P856. Public business email recovered from first-party website; no inference.				q7773258	hotelatthewaldorf.ca		the waldorf hotel		Canada	MEDIUM	domain:hotelatthewaldorf.ca
	B	78		Canada	Hotel Épik Montréal		hotel										Q111392575	2026-08-16T20:50:04.397001Z		Canonical queue drain | fit B | GitHub MASTER dedupe passed	https://www.epikmontreal.com/		https://reservations.epikmontreal.com/search-rates	https://www.instagram.com/epikhotelmontreal/	https://www.facebook.com/epikmontreal/						Medium	Recall-first	http://www.wikidata.org/entity/Q111392575; https://epikmontreal.com/	Wikidata structured evidence; country=Q16; class=Q27686; official website property P856.				q111392575	epikmontreal.com		hotel epik montreal		Canada	MEDIUM	domain:epikmontreal.com
	B	78		Canada	Le Baluchon Éco-villégiature		resort										Q111392241	2026-08-16T20:50:04.397001Z		Canonical queue drain | fit B | GitHub MASTER dedupe passed	https://baluchon.com/		https://baluchon.com/reservation	https://www.instagram.com/lebaluchon_/	https://www.facebook.com/baluchonecovillegiature/						Medium	Recall-first	http://www.wikidata.org/entity/Q111392241; https://baluchon.com/	Wikidata structured evidence; country=Q16; class=Q875157; official website property P856.				q111392241	baluchon.com		le baluchon eco villegiature		Canada	MEDIUM	domain:baluchon.com
	B	78		Canada	Auberge le Parasol		hotel										Q111887203	2026-08-16T20:50:04.397001Z		Canonical queue drain | fit B | GitHub MASTER dedupe passed	https://www.aubergeleparasol.com/		https://aubergeleparasol.com/fr/contact	https://www.instagram.com/aubergeleparasol/	https://www.facebook.com/aubergeleparasol/						Medium	Recall-first	http://www.wikidata.org/entity/Q111887203; https://aubergeleparasol.com/	Wikidata structured evidence; country=Q16; class=Q27686; official website property P856.				q111887203	aubergeleparasol.com		auberge le parasol		Canada	MEDIUM	domain:aubergeleparasol.com
	B	78	Улаанбаатар	MN	Red Rock Resort		hotel	Горхи-Тэрэлж БЦГ, Red rock resort	+97677000111								overture:49b60c23-6074-4d71-af72-dc07c89bde23	2026-08-16T20:36:13.611821Z		Canonical queue drain | fit B | GitHub MASTER dedupe passed	http://www.redrockresort.mn/		https://redrockresort.mn/contact-us/		https://www.facebook.com/RedRockmongolia/						High	Verified	https://explore.overturemaps.org/#id=49b60c23-6074-4d71-af72-dc07c89bde23; https://redrockresort.mn/	Public Overture website; no usable Overture email. First-party public contact crawl required; no inference.				overture:49b60c23-6074-4d71-af72-dc07c89bde23	redrockresort.mn	97677000111	red rock resort	Улаанбаатар	MN	HIGH	domain:redrockresort.mn
	B	78	Ulaanbaatar	MN	Palm Springs resort and villa		hotel	Жаргалантын ам, Хан-Уул дүүрэг, 8 хороо	+97677015000								overture:744fa4cc-fc2b-46a0-abe0-1625a0a9ed96	2026-08-16T20:36:13.611821Z		Canonical queue drain | fit B | GitHub MASTER dedupe passed	http://www.palmsprings.mn/		https://palmsprings.mn/contact-us		https://www.facebook.com/PalmSpringsresortandvilla/						High	Verified	https://explore.overturemaps.org/#id=744fa4cc-fc2b-46a0-abe0-1625a0a9ed96; https://palmsprings.mn/	Public Overture website; no usable Overture email. First-party public contact crawl required; no inference.				overture:744fa4cc-fc2b-46a0-abe0-1625a0a9ed96	palmsprings.mn	97677015000	palm springs resort and villa	Ulaanbaatar	MN	HIGH	domain:palmsprings.mn
	B	78		France	Hôtel Mondial Paris		hotel										Q112154637	2026-08-16T20:33:15.749759Z		Canonical queue drain | fit B | GitHub MASTER dedupe passed	https://www.hotelmondialparis.com	reservation@hotelmondialparis.com	http://www.hotelmondialparis.com/contact-us/				https://www.hotelmondialparis.com/wp-content/plugins/tp-hotel-booking/assets/css/libraries.css?ver=6.9.7				High	Verified	http://www.wikidata.org/entity/Q112154637; https://www.hotelmondialparis.com	Wikidata structured evidence; country=Q142; class=Q27686; official website property P856. Public business email recovered from first-party website; no inference.				q112154637	hotelmondialparis.com		hotel mondial paris		France	HIGH	domain:hotelmondialparis.com
	B	78		France	Best Western Saint Louis		hotel										Q140089959	2026-08-16T20:33:15.749759Z		Canonical queue drain | fit B | GitHub MASTER dedupe passed	https://www.hotel-saint-louis-vincennes.com/		https://www.hotel-saint-louis-vincennes.com/fr/page/contact-hotel-proche-paris.2259.html		https://www.facebook.com/BestWesternHotelSaintLouis/		https://www.hotel-saint-louis-vincennes.com/fr/book.html				High	Verified	http://www.wikidata.org/entity/Q140089959; https://www.hotel-saint-louis-vincennes.com/	Wikidata structured evidence; country=Q142; class=Q27686; official website property P856.				q140089959	hotel-saint-louis-vincennes.com		best western saint louis		France	HIGH	domain:hotel-saint-louis-vincennes.com
	B	78		France	Q123410223		hotel										Q123410223	2026-08-16T20:33:15.749759Z		Canonical queue drain | fit B | GitHub MASTER dedupe passed	https://hotel-la-vanoise.com/fr/		https://hotel-la-vanoise.com/fr/contact.html		https://www.facebook.com/H%C3%B4tel-La-Vanoise-Peisey-Vallandry-2255776011407003/		https://hotel-la-vanoise.com/fr/chambres-et-chalets.html				Permissive	Qualification	http://www.wikidata.org/entity/Q123410223; https://hotel-la-vanoise.com/fr/	Wikidata structured evidence; country=Q142; class=Q27686; official website property P856.				q123410223	hotel-la-vanoise.com		q123410223		France	PERMISSIVE	domain:hotel-la-vanoise.com
	B	78	Amrad	India	Hamsa Eco Resort Mannanur		resort	Srisailam Road, Mannanur village, Amrabad Mandal,	+919281412737								overture:072f8070-334e-4ae3-aaa7-f68ed5fb1982	2026-08-16T20:33:15.749759Z		Canonical queue drain | fit B | GitHub MASTER dedupe passed	http://www.hamsaresorts.com/		https://www.hamsaresorts.com/about				https://www.hamsaresorts.com/stays				High	Verified	https://explore.overturemaps.org/#id=072f8070-334e-4ae3-aaa7-f68ed5fb1982	Public Overture website; no usable Overture email. First-party public contact crawl required; no inference.				overture:072f8070-334e-4ae3-aaa7-f68ed5fb1982	hamsaresorts.com	919281412737	hamsa eco resort mannanur	Amrad	India	HIGH	domain:hamsaresorts.com
	B	78		France	Fimmvörðuháls hut		hotel										Q134073625	2026-08-16T20:33:15.749759Z		Canonical queue drain | fit B | GitHub MASTER dedupe passed	https://www.utivist.is/english/fimmvorduhals-hut	utivist@utivist.is	https://www.utivist.is/english/about-utivist		https://www.facebook.com/utivist/						High	Verified	http://www.wikidata.org/entity/Q134073625; https://www.utivist.is/english/fimmvorduhals-hut	Wikidata structured evidence; country=Q142; class=Q27686; official website property P856. Public business email recovered from first-party website; no inference.				q134073625	utivist.is		fimmvoruhals hut		France	HIGH	domain:utivist.is
	B	78		France	Q115625471		resort										Q115625471	2026-08-16T20:33:15.749759Z		Canonical queue drain | fit B | GitHub MASTER dedupe passed	https://www.stationdugranier.com/home	stationdugranier@gmail.com	https://www.stationdugranier.com/about-1	https://www.instagram.com/stationdugranier/							Permissive	Qualification	http://www.wikidata.org/entity/Q115625471; https://www.stationdugranier.com/home	Wikidata structured evidence; country=Q142; class=Q875157; official website property P856. Public business email recovered from first-party website; no inference.				q115625471	stationdugranier.com		q115625471		France	PERMISSIVE	domain:stationdugranier.com
	B	78		France	Les Sources du Val		hotel										Q140136617	2026-08-16T20:33:15.749759Z		Canonical queue drain | fit B | GitHub MASTER dedupe passed	https://www.sourcesduval.com	info@sourcesduval.com	https://www.sourcesduval.com/contact	https://www.instagram.com/lessourcesduval/							High	Verified	http://www.wikidata.org/entity/Q140136617; https://www.sourcesduval.com/; https://www.sourcesduval.com/contact	Wikidata structured evidence; country=Q142; class=Q27686; official website property P856. Public business email recovered from first-party website; no inference.				q140136617	sourcesduval.com		les sources du val		France	HIGH	domain:sourcesduval.com
	B	78	Hyderabad	India	Reva Luxury Spa		hotel	3-6-154, Himayat Nagar, Above Peter England Show Room	09000487871								overture:b096b259-0f19-4c47-8541-5ce5d1c853fd	2026-08-16T20:33:15.749759Z		Canonical queue drain | fit B | GitHub MASTER dedupe passed	https://revaluxuryspa.com/	revaspa@gmail.com	https://revaluxuryspa.com/contact.html								Permissive	Qualification	https://explore.overturemaps.org/#id=b096b259-0f19-4c47-8541-5ce5d1c853fd; https://revaluxuryspa.com/	Public Overture website; no usable Overture email. First-party public contact crawl required; no inference. Public business email recovered from first-party website; no inference.				overture:b096b259-0f19-4c47-8541-5ce5d1c853fd	revaluxuryspa.com	09000487871	reva luxury spa	Hyderabad	India	PERMISSIVE	domain:revaluxuryspa.com
	B	78		France	Refugi del Ras de Carançà		hotel										Q140473307	2026-08-16T20:33:15.749759Z		Canonical queue drain | fit B | GitHub MASTER dedupe passed	https://www.refugelacaranca.com/ca	refugedelacaranca@gmail.com	https://www.refugelacaranca.com/ca/reservation		https://www.facebook.com/genin.alexandre.90/						Medium	Recall-first	http://www.wikidata.org/entity/Q140473307; https://www.refugelacaranca.com/ca	Wikidata structured evidence; country=Q142; class=Q27686; official website property P856. Public business email recovered from first-party website; no inference.				q140473307	refugelacaranca.com		refugi del ras de caranca		France	MEDIUM	domain:refugelacaranca.com
	B	78		France	Refuge de la Croix de Pierre		hotel										Q113642278	2026-08-16T20:33:15.749759Z		Canonical queue drain | fit B | GitHub MASTER dedupe passed	https://www.refugedelacroixdepierre.fr/fr/m_1_refuge-domaine-les-saisies-col-de-very.php	info@refugedelacroixdepierre.fr	https://www.refugedelacroixdepierre.fr/site/contact.php		https://www.facebook.com/profile.php/						Medium	Recall-first	http://www.wikidata.org/entity/Q113642278; https://www.refugedelacroixdepierre.fr/fr/m_1_refuge-domaine-les-saisies-col-de-very.php	Wikidata structured evidence; country=Q142; class=Q27686; official website property P856. Public business email recovered from first-party website; no inference.				q113642278	refugedelacroixdepierre.fr		refuge de la croix de pierre		France	MEDIUM	domain:refugedelacroixdepierre.fr
	B	78		France	Q120316406		hotel										Q120316406	2026-08-16T20:33:15.749759Z		Canonical queue drain | fit B | GitHub MASTER dedupe passed	https://refugedelacoire.fr/	bonjour@refugedelacoire.fr	https://www.refugedelacoire.fr/contacts/	https://www.instagram.com/refugedelacoire/							Permissive	Qualification	http://www.wikidata.org/entity/Q120316406; https://www.refugedelacoire.fr/; https://www.refugedelacoire.fr/contacts/	Wikidata structured evidence; country=Q142; class=Q27686; official website property P856. Public business email recovered from first-party website; no inference.				q120316406	refugedelacoire.fr		q120316406		France	PERMISSIVE	domain:refugedelacoire.fr
	B	78		France	Q124439323		hotel										Q124439323	2026-08-16T20:33:15.749759Z		Canonical queue drain | fit B | GitHub MASTER dedupe passed	https://www.refuge-loriaz.com/		https://www.refuge-loriaz.com/fr/contact	https://www.instagram.com/refugedeloriaz/	https://www.facebook.com/p/Refuge-de-Loriaz-100040055443458/						Permissive	Qualification	http://www.wikidata.org/entity/Q124439323; https://www.refuge-loriaz.com/fr	Wikidata structured evidence; country=Q142; class=Q27686; official website property P856.				q124439323	refuge-loriaz.com		q124439323		France	PERMISSIVE	domain:refuge-loriaz.com
	B	78		France	Q120316249		hotel										Q120316249	2026-08-16T20:33:15.749759Z		Canonical queue drain | fit B | GitHub MASTER dedupe passed	https://refuge-econdu.com/	refuge@refuge-econdu.com	https://www.refuge-econdu.com/contact/	https://www.instagram.com/refugedelecondu/							Permissive	Qualification	http://www.wikidata.org/entity/Q120316249; https://www.refuge-econdu.com/	Wikidata structured evidence; country=Q142; class=Q27686; official website property P856. Public business email recovered from first-party website; no inference.				q120316249	refuge-econdu.com		q120316249		France	PERMISSIVE	domain:refuge-econdu.com
	B	78		France	Q131870250		hotel										Q131870250	2026-08-16T20:33:15.749759Z		Canonical queue drain | fit B | GitHub MASTER dedupe passed	http://www.refuge-alpage.com/		https://refuge-alpage.com/contact.php	https://www.instagram.com/refugedelalpage/	https://www.facebook.com/Refuge-restaurant-lAlpage-257339307653152/						Permissive	Qualification	http://www.wikidata.org/entity/Q131870250; https://refuge-alpage.com/	Wikidata structured evidence; country=Q142; class=Q27686; official website property P856.				q131870250	refuge-alpage.com		q131870250		France	PERMISSIVE	domain:refuge-alpage.com
	B	78		France	Grand Hotel Nord-Pinus		hotel										Q115927665	2026-08-16T20:33:15.749759Z		Canonical queue drain | fit B | GitHub MASTER dedupe passed	https://nord-pinus.com/fr/	contact@nord-pinus.com		https://www.instagram.com/nordpinus/	https://www.facebook.com/NordPinusArles/						Medium	Recall-first	http://www.wikidata.org/entity/Q115927665; https://www.nord-pinus.com/fr/	Wikidata structured evidence; country=Q142; class=Q27686; official website property P856. Public business email recovered from first-party website; no inference.				q115927665	nord-pinus.com		grand hotel nord pinus		France	MEDIUM	domain:nord-pinus.com
	B	78		France	Manoir des Indes, The Originals Relais (Relais du Silence)		hotel										Q111662267	2026-08-16T20:33:15.749759Z		Canonical queue drain | fit B | GitHub MASTER dedupe passed	https://www.manoir-hoteldesindes.com/		https://www.manoir-hoteldesindes.com/contact	https://www.instagram.com/manoirdesindes/	https://www.facebook.com/manoirdesindes/						Medium	Recall-first	http://www.wikidata.org/entity/Q111662267; https://www.manoir-hoteldesindes.com/	Wikidata structured evidence; country=Q142; class=Q27686; official website property P856.				q111662267	manoir-hoteldesindes.com		manoir des indes the originals relais relais du silence		France	MEDIUM	domain:manoir-hoteldesindes.com
	B	78		France	Q140958585		hotel										Q140958585	2026-08-16T20:33:15.749759Z		Canonical queue drain | fit B | GitHub MASTER dedupe passed	https://www.lesecuriesderigny.com/		https://www.lesecuriesderigny.com/contact	https://www.instagram.com/lesecuriesderigny/	https://www.facebook.com/lesecuriesderigny/						High	Verified	http://www.wikidata.org/entity/Q140958585; https://www.lesecuriesderigny.com/; https://www.lesecuriesderigny.com/contact	Wikidata structured evidence; country=Q142; class=Q27686; official website property P856.				q140958585	lesecuriesderigny.com		q140958585		France	HIGH	domain:lesecuriesderigny.com
	B	78		France	Q118162212		hotel										Q118162212	2026-08-16T20:33:15.749759Z		Canonical queue drain | fit B | GitHub MASTER dedupe passed	https://www.lerefugedespres.com/fr/		https://www.lerefugedespres.com/fr/contactez-nous/	https://www.instagram.com/lerefugedespres/	https://www.facebook.com/lerefugedespres/						Permissive	Qualification	http://www.wikidata.org/entity/Q118162212; https://www.lerefugedespres.com/fr/	Wikidata structured evidence; country=Q142; class=Q27686; official website property P856.				q118162212	lerefugedespres.com		q118162212		France	PERMISSIVE	domain:lerefugedespres.com
	B	78		France	The Marmotel		hotel										Q140843175	2026-08-16T20:33:15.749759Z		Canonical queue drain | fit B | GitHub MASTER dedupe passed	https://www.le-marmotel.fr/	reception@le-marmotel.fr	https://www.le-marmotel.fr/contact		https://www.facebook.com/lemarmotel/						High	Verified	http://www.wikidata.org/entity/Q140843175; https://www.le-marmotel.fr/; https://www.le-marmotel.fr/contact	Wikidata structured evidence; country=Q142; class=Q27686; official website property P856. Public business email recovered from first-party website; no inference.				q140843175	le-marmotel.fr		the marmotel		France	HIGH	domain:le-marmotel.fr
	B	78		France	Hotel Palombaggia		hotel										Q136655840	2026-08-16T20:33:15.749759Z		Canonical queue drain | fit B | GitHub MASTER dedupe passed	http://www.hotelpalombaggia.fr	contact@hotelpalombaggia.fr	https://www.hotelpalombaggia.fr	https://www.instagram.com/hotelpalombaggia/							High	Verified	http://www.wikidata.org/entity/Q136655840; https://www.hotelpalombaggia.fr/	Wikidata structured evidence; country=Q142; class=Q27686; official website property P856. Public business email recovered from first-party website; no inference.				q136655840	hotelpalombaggia.fr		hotel palombaggia		France	HIGH	domain:hotelpalombaggia.fr
	B	78		France	Best Western Hotel Alexandra		hotel										Q111662314	2026-08-16T20:33:15.749759Z		Canonical queue drain | fit B | GitHub MASTER dedupe passed	https://www.hotelalexandra.com/fr/	contact@hotelalexandra.com	https://www.hotelalexandra.com/fr/		https://www.facebook.com/BestWesternHotelAlexandra/						Medium	Recall-first	http://www.wikidata.org/entity/Q111662314; https://www.hotelalexandra.com/fr/	Wikidata structured evidence; country=Q142; class=Q27686; official website property P856. Public business email recovered from first-party website; no inference.				q111662314	hotelalexandra.com		best western hotel alexandra		France	MEDIUM	domain:hotelalexandra.com
	B	78		France	Q125469930		hotel										Q125469930	2026-08-16T20:33:15.749759Z		Canonical queue drain | fit B | GitHub MASTER dedupe passed	https://www.hotel-restaurant-euzkadi.com/	contact@hotel-restaurant-euzkadi.com	https://www.hotel-restaurant-euzkadi.com/infos-pratiques	https://www.instagram.com/hotelrestauranteuzkadi/							Permissive	Qualification	http://www.wikidata.org/entity/Q125469930; https://www.hotel-restaurant-euzkadi.com/	Wikidata structured evidence; country=Q142; class=Q27686; official website property P856. Public business email recovered from first-party website; no inference.				q125469930	hotel-restaurant-euzkadi.com		q125469930		France	PERMISSIVE	domain:hotel-restaurant-euzkadi.com
	B	78		France	Best Western Plus Hotel Kregenn		hotel										Q111876930	2026-08-16T20:33:15.749759Z		Canonical queue drain | fit B | GitHub MASTER dedupe passed	https://www.hotel-kregenn.fr/		https://www.hotel-kregenn.fr/contact	https://www.instagram.com/hotel.kregenn/	https://www.facebook.com/hotel.kregenn/						High	Verified	http://www.wikidata.org/entity/Q111876930; https://www.hotel-kregenn.fr/	Wikidata structured evidence; country=Q142; class=Q27686; official website property P856.				q111876930	hotel-kregenn.fr		best western plus hotel kregenn		France	HIGH	domain:hotel-kregenn.fr
	B	78		France	Aletti Palace		hotel										Q129405325	2026-08-16T20:33:15.749759Z		Canonical queue drain | fit B | GitHub MASTER dedupe passed	http://www.hotel-aletti.fr/		https://hotel-aletti.fr/contact/	https://www.instagram.com/hotelalettipalace/	https://www.facebook.com/AlettiPalace/						Medium	Recall-first	http://www.wikidata.org/entity/Q129405325; https://hotel-aletti.fr/	Wikidata structured evidence; country=Q142; class=Q27686; official website property P856.				q129405325	hotel-aletti.fr		aletti palace		France	MEDIUM	domain:hotel-aletti.fr
	B	78		France	Q131343724		hotel										Q131343724	2026-08-16T20:33:15.749759Z		Canonical queue drain | fit B | GitHub MASTER dedupe passed	https://www.futuroscope.com/fr/xperiences/hotels/hotel-station-cosmos		https://www.futuroscope.com/fr/nous-contacter	https://www.instagram.com/futuroscope/	https://www.facebook.com/Futuroscope/						Permissive	Qualification	http://www.wikidata.org/entity/Q131343724; https://www.futuroscope.com/fr/xperiences/hotels/hotel-station-cosmos	Wikidata structured evidence; country=Q142; class=Q27686; official website property P856.				q131343724	futuroscope.com		q131343724		France	PERMISSIVE	domain:futuroscope.com
	B	78	Shangri-La	China	香格里拉松赞林卡美憬阁 Songtsam Retreat at Shangri-La		resort	Song Zan Lin Yunnan Province Shangri La 674400	400 000 0830								overture:e7f65507-d57f-4e5e-b478-79603adc482f	2026-08-16T20:14:18.600730Z		Canonical queue drain | fit B | GitHub MASTER dedupe passed	https://www.songtsam.com/hotel/1	info@songtsam.com	https://www.songtsam.com/about								Permissive	Qualification	https://explore.overturemaps.org/#id=e7f65507-d57f-4e5e-b478-79603adc482f; https://www.songtsam.com/hotel/1	Public Overture website; no usable Overture email. First-party public contact crawl required; no inference. Public business email recovered from first-party website; no inference.				overture:e7f65507-d57f-4e5e-b478-79603adc482f	songtsam.com	4000000830	songtsam retreat at shangri la	Shangri-La	China	PERMISSIVE	domain:songtsam.com
	B	78		Italy	Rifugio Tavecchia		hotel										Q130216081	2026-08-16T20:10:08.805114Z		Canonical queue drain | fit B | GitHub MASTER dedupe passed	https://rifugiotavecchia.it/	info@rifugiotavecchia.it	https://rifugiotavecchia.it/about-us/		https://www.facebook.com/rifugiotavecchia.biandino/						Medium	Recall-first	http://www.wikidata.org/entity/Q130216081; https://rifugiotavecchia.it/	Wikidata structured evidence; country=Q38; class=Q27686; official website property P856. Public business email recovered from first-party website; no inference.				q130216081	rifugiotavecchia.it		rifugio tavecchia		Italy	MEDIUM	domain:rifugiotavecchia.it
	B	78		Italy	PhotoGuest B&B		hotel										Q140393374	2026-08-16T20:10:08.805114Z		Canonical queue drain | fit B | GitHub MASTER dedupe passed	https://www.photoguest-bb.com			https://www.instagram.com/photoguest.siracusa/	https://www.facebook.com/photoguest/	https://wa.me/393920008687?text=Cari%20Eleonora%20e%20Giovanni%2C%20vi%20contatto%20dal%20sito%20internet%20di%20PhotoGuest%20B%26B%2C%20vi%20scrivo%20per...					High	Verified	http://www.wikidata.org/entity/Q140393374; https://www.photoguest-bb.com/; https://www.photoguest-bb.com	Wikidata structured evidence; country=Q38; class=Q27686; official website property P856.				q140393374	photoguest-bb.com		photoguest b b		Italy	HIGH	domain:photoguest-bb.com
	B	78		Italy	Petit Château		hotel										Q55807460	2026-08-16T20:10:08.805114Z		Canonical queue drain | fit B | GitHub MASTER dedupe passed	http://www.petitchateau.it/	info@petitchateau.it	https://www.petitchateau.it/it/booking/room				https://www.petitchateau.it/it/booking/room				High	Verified	http://www.wikidata.org/entity/Q55807460; https://www.petitchateau.it/contact	Wikidata structured evidence; country=Q38; class=Q27686; official website property P856. Public business email recovered from first-party website; no inference.				q55807460	petitchateau.it		petit chateau		Italy	HIGH	domain:petitchateau.it
	B	78		Italy	Hotel Villa Pannonia		hotel										Q111878644	2026-08-16T20:10:08.805114Z		Canonical queue drain | fit B | GitHub MASTER dedupe passed	http://www.hotelvillapannonia.it/	info@hotelvillapannonia.it	https://www.hotelvillapannonia.it/en/contacts				https://www.hotelvillapannonia.it/de				High	Verified	http://www.wikidata.org/entity/Q111878644; https://www.hotelvillapannonia.it/	Wikidata structured evidence; country=Q38; class=Q27686; official website property P856. Public business email recovered from first-party website; no inference.				q111878644	hotelvillapannonia.it		hotel villa pannonia		Italy	HIGH	domain:hotelvillapannonia.it
	B	78		Italy	Hotel Villa Cipro		hotel										Q124359398	2026-08-16T20:10:08.805114Z		Canonical queue drain | fit B | GitHub MASTER dedupe passed	https://hotelvillacipro.com/	info@hotelvillacipro.com	https://www.hotelvillacipro.com/contacts/				https://www.hotelvillacipro.com/dove/				High	Verified	http://www.wikidata.org/entity/Q124359398; https://www.hotelvillacipro.com/	Wikidata structured evidence; country=Q38; class=Q27686; official website property P856. Public business email recovered from first-party website; no inference.				q124359398	hotelvillacipro.com		hotel villa cipro		Italy	HIGH	domain:hotelvillacipro.com
	B	78		Italy	Hotel Edelweiss		hotel										Q28819361	2026-08-16T20:10:08.805114Z		Canonical queue drain | fit B | GitHub MASTER dedupe passed	https://www.hoteledelweiss.net	info@hoteledelweiss.net			https://www.facebook.com/Hotel-Edelweiss-Bognanco-100123466741440/		https://www.hoteledelweiss.net/images/rooms/family-room-edelweiss-bognanco.jpg				Medium	Recall-first	http://www.wikidata.org/entity/Q28819361; https://www.hoteledelweiss.net/it/	Wikidata structured evidence; country=Q38; class=Q27686; official website property P856. Public business email recovered from first-party website; no inference.				q28819361	hoteledelweiss.net		hotel edelweiss		Italy	MEDIUM	domain:hoteledelweiss.net
	B	78		Italy	Hotel Cristoforo Colombo		hotel										Q135901210	2026-08-16T20:10:08.805114Z		Canonical queue drain | fit B | GitHub MASTER dedupe passed	https://www.hotelcolomboroma.it/en/		https://www.hotelcolomboroma.it/en/location-and-contacts/		https://www.facebook.com/Cristoforocolombohtl/		https://www.hotelcolomboroma.it/en/rooms/				High	Verified	http://www.wikidata.org/entity/Q135901210; https://www.hotelcolomboroma.it/en/location-and-contacts/	Wikidata structured evidence; country=Q38; class=Q27686; official website property P856.				q135901210	hotelcolomboroma.it		hotel cristoforo colombo		Italy	HIGH	domain:hotelcolomboroma.it
	B	78	Murshidabad Jiaganj	India	Hotel Anwesha		hotel	Hazarduari Museum Rd	+919434115470								overture:42f2f446-2414-4be9-82d6-833c58a50a13	2026-08-16T20:10:08.805114Z		Canonical queue drain | fit B | GitHub MASTER dedupe passed	http://hotelanwesha.com/index.html		https://hotelanwesha.com/about				https://hotelanwesha.com/deluxe_rooms				High	Verified	https://explore.overturemaps.org/#id=42f2f446-2414-4be9-82d6-833c58a50a13	Public Overture website; no usable Overture email. First-party public contact crawl required; no inference.				overture:42f2f446-2414-4be9-82d6-833c58a50a13	hotelanwesha.com	919434115470	hotel anwesha	Murshidabad Jiaganj	India	HIGH	domain:hotelanwesha.com
	B	78		Italy	Chalet Hotel Hartmann		hotel										Q138762455	2026-08-16T20:10:08.805114Z		Canonical queue drain | fit B | GitHub MASTER dedupe passed	https://www.hotel-hartmann.com			https://www.instagram.com/enjoyhartmann/	https://www.facebook.com/Hotel.Hartmann/	https://api.whatsapp.com/send?phone=393773979120					High	Verified	http://www.wikidata.org/entity/Q138762455; https://www.hotel-hartmann.com/it/	Wikidata structured evidence; country=Q38; class=Q27686; official website property P856.				q138762455	hotel-hartmann.com		chalet hotel hartmann		Italy	HIGH	domain:hotel-hartmann.com
	B	78		Italy	Q135299265		hotel										Q135299265	2026-08-16T20:10:08.805114Z		Canonical queue drain | fit B | GitHub MASTER dedupe passed	https://www.gruppostudicesaremattei.com/mulino-cati/			https://www.instagram.com/gruppostudi_cesaremattei/	https://www.facebook.com/GruppoStudiCesareMattei/		https://www.gruppostudicesaremattei.com/mulino-cati-info-point-bookshop/				Permissive	Qualification	http://www.wikidata.org/entity/Q135299265; https://www.gruppostudicesaremattei.com/mulino-cati/	Wikidata structured evidence; country=Q38; class=Q27686; official website property P856.				q135299265	gruppostudicesaremattei.com		q135299265		Italy	PERMISSIVE	domain:gruppostudicesaremattei.com
	B	78		Italy	Grand Hotel Menaggio		hotel										Q108420880	2026-08-16T20:10:08.805114Z		Canonical queue drain | fit B | GitHub MASTER dedupe passed	https://www.grandhotelmenaggio.com/	info@grandhotelmenaggio.com	https://www.grandhotelmenaggio.com/contacts				https://www.grandhotelmenaggio.com/rooms-4-star-hotel-menaggio				High	Verified	http://www.wikidata.org/entity/Q108420880; https://www.grandhotelmenaggio.com/	Wikidata structured evidence; country=Q38; class=Q27686; official website property P856. Public business email recovered from first-party website; no inference.				q108420880	grandhotelmenaggio.com		grand hotel menaggio		Italy	HIGH	domain:grandhotelmenaggio.com
	B	78		Italy	Cittadella Ospitalità della Pro Civitate Christiana		hotel										Q56476405	2026-08-16T20:10:08.805114Z		Canonical queue drain | fit B | GitHub MASTER dedupe passed	http://www.cittadelladiassisi.it/		https://www.cittadelladiassisi.it/contatti/		https://www.facebook.com/CittadelladiAssisi/		https://www.cittadelladiassisi.it/ns/wp-content/plugins/easy-facebook-likebox/public/assets/css/public.css?ver=4.3.8				Permissive	Qualification	http://www.wikidata.org/entity/Q56476405; https://www.cittadelladiassisi.it/	Wikidata structured evidence; country=Q38; class=Q27686; official website property P856.				q56476405	cittadelladiassisi.it		cittadella ospitalita della pro civitate christiana		Italy	PERMISSIVE	domain:cittadelladiassisi.it
	B	78		Italy	Bvlgari Hotel & Resort Milano		hotel										Q115280141	2026-08-16T20:10:08.805114Z		Canonical queue drain | fit B | GitHub MASTER dedupe passed	http://www.bulgarihotels.com/en-us/milan/the-hotel/overview		https://www.bulgarihotels.com/en_US/milan/contact-us			https://web.whatsapp.com/send?phone=39028058051	https://www.bulgarihotels.com/en_US/milan/rooms-and-suites/rooms				High	Verified	http://www.wikidata.org/entity/Q115280141	Wikidata structured evidence; country=Q38; class=Q27686; official website property P856.				q115280141	bulgarihotels.com		bvlgari hotel resort milano		Italy	HIGH	domain:bulgarihotels.com
	B	78		Italy	Batzenhäusl		hotel										Q14540724	2026-08-16T20:10:08.805114Z		Canonical queue drain | fit B | GitHub MASTER dedupe passed	https://batzenhaeusl.com/	booking@batzenhaeusl.com			https://www.facebook.com/batzenhaeusl/	https://wa.me/436604798358?text=Bewerbung					Medium	Recall-first	http://www.wikidata.org/entity/Q14540724; https://batzenhaeusl.com/	Wikidata structured evidence; country=Q38; class=Q27686; official website property P856. Public business email recovered from first-party website; no inference.				q14540724	batzenhaeusl.com		batzenhausl		Italy	MEDIUM	domain:batzenhaeusl.com
	B	78		Italy	We.Me Suite Hotel		hotel										Q138496973	2026-08-16T20:10:08.805114Z		Canonical queue drain | fit B | GitHub MASTER dedupe passed	https://www.wemehotel.com	info@wemehotel.com		https://www.instagram.com/wemehotel/	https://www.facebook.com/wemehotel/						Medium	Recall-first	http://www.wikidata.org/entity/Q138496973; https://www.wemehotel.com/; https://www.wemehotel.com	Wikidata structured evidence; country=Q38; class=Q27686; official website property P856. Public business email recovered from first-party website; no inference.				q138496973	wemehotel.com		we me suite hotel		Italy	MEDIUM	domain:wemehotel.com
	B	78		Italy	SHG Hotel Antonella		hotel										Q111412491	2026-08-16T20:10:08.805114Z		Canonical queue drain | fit B | GitHub MASTER dedupe passed	https://www.shghotelantonella.com/	info@shghotelantonella.com		https://www.instagram.com/shg_hotel_antonella/	https://www.facebook.com/SHGhotelantonellapomezia/						High	Verified	http://www.wikidata.org/entity/Q111412491; https://www.shghotelantonella.com/	Wikidata structured evidence; country=Q38; class=Q27686; official website property P856. Public business email recovered from first-party website; no inference.				q111412491	shghotelantonella.com		shg hotel antonella		Italy	HIGH	domain:shghotelantonella.com
	B	78		Italy	Albergo San Lorenzo		hotel										Q98563480	2026-08-16T20:10:08.805114Z		Canonical queue drain | fit B | GitHub MASTER dedupe passed	https://sanlorenzogrosseto.com/	info@sanlorenzogrosseto.com		https://www.instagram.com/hotel_sanlorenzo/	https://www.facebook.com/hotel.sanlorenzo.grosseto/						High	Verified	http://www.wikidata.org/entity/Q98563480; https://sanlorenzogrosseto.com/	Wikidata structured evidence; country=Q38; class=Q27686; official website property P856. Public business email recovered from first-party website; no inference.				q98563480	sanlorenzogrosseto.com		albergo san lorenzo		Italy	HIGH	domain:sanlorenzogrosseto.com
	B	78		Italy	Rifugio Valbiandino		hotel										Q130216128	2026-08-16T20:10:08.805114Z		Canonical queue drain | fit B | GitHub MASTER dedupe passed	https://www.rifugiovalbiandino.com/	info@rifugiovalbiandino.com		https://www.instagram.com/rifugiovalbiandino/	https://www.facebook.com/Rifugio-Valbiandino-215985042071070/						Medium	Recall-first	http://www.wikidata.org/entity/Q130216128; https://www.rifugiovalbiandino.com/	Wikidata structured evidence; country=Q38; class=Q27686; official website property P856. Public business email recovered from first-party website; no inference.				q130216128	rifugiovalbiandino.com		rifugio valbiandino		Italy	MEDIUM	domain:rifugiovalbiandino.com
	B	78		Italy	Rifugio Passo San Nicolò		hotel										Q97819826	2026-08-16T20:10:08.805114Z		Canonical queue drain | fit B | GitHub MASTER dedupe passed	https://www.rifugiopassosannicolo.com/	rifugiopassosannicolo@gmail.com		https://www.instagram.com/rifugiopassosannicolo/	https://www.facebook.com/people/Rifugio-Passo-San-Nicol%C3%B2/61572910041230/						Permissive	Qualification	http://www.wikidata.org/entity/Q97819826; https://www.rifugiopassosannicolo.com/	Wikidata structured evidence; country=Q38; class=Q27686; official website property P856. Public business email recovered from first-party website; no inference.				q97819826	rifugiopassosannicolo.com		rifugio passo san nicolo		Italy	PERMISSIVE	domain:rifugiopassosannicolo.com
	B	78		Italy	Q26821425		hotel										Q26821425	2026-08-16T20:10:08.805114Z		Canonical queue drain | fit B | GitHub MASTER dedupe passed	http://www.rifugiopadova.it/		https://www.rifugiopadova.it/about-us/	https://www.instagram.com/rifugiopadova/	https://www.facebook.com/macellerialasc/						Permissive	Qualification	http://www.wikidata.org/entity/Q26821425; https://www.rifugiopadova.it/	Wikidata structured evidence; country=Q38; class=Q27686; official website property P856.				q26821425	rifugiopadova.it		q26821425		Italy	PERMISSIVE	domain:rifugiopadova.it
	B	78		Italy	Q101536755		hotel										Q101536755	2026-08-16T20:10:08.805114Z		Canonical queue drain | fit B | GitHub MASTER dedupe passed	https://www.rifugiocarestiato.com/	info@rifugiocarestiato.com	https://www.rifugiocarestiato.com/wordpress/rifugio-carestiato_it/about-2/		https://www.facebook.com/Rifugio-Bruto-Carestiato-268136020001773/						Permissive	Qualification	http://www.wikidata.org/entity/Q101536755; https://www.rifugiocarestiato.com/wordpress/	Wikidata structured evidence; country=Q38; class=Q27686; official website property P856. Public business email recovered from first-party website; no inference.				q101536755	rifugiocarestiato.com		q101536755		Italy	PERMISSIVE	domain:rifugiocarestiato.com
	B	78		Italy	Rifugio Cima d’Asta		hotel										Q21234806	2026-08-16T20:10:08.805114Z		Canonical queue drain | fit B | GitHub MASTER dedupe passed	https://www.rifugio-cimadasta.it/	info@rifugio-cimadasta.it	https://www.rifugio-cimadasta.it/en/contacts/		https://www.facebook.com/Rifugio-Cima-dAsta-471161846400262/						Permissive	Qualification	http://www.wikidata.org/entity/Q21234806; https://www.rifugio-cimadasta.it/en/contacts/; https://www.rifugio-cimadasta.it/	Wikidata structured evidence; country=Q38; class=Q27686; official website property P856. Public business email recovered from first-party website; no inference.				q21234806	rifugio-cimadasta.it		rifugio cima dasta		Italy	PERMISSIVE	domain:rifugio-cimadasta.it
	B	78		Italy	Shangri-La Hotel		hotel										Q135901240	2026-08-16T20:10:08.805114Z		Canonical queue drain | fit B | GitHub MASTER dedupe passed	https://www.omniahotels.com/it/hotel-shangri-la-roma/index	info.hsl@omniahotels.com		https://www.instagram.com/hotelshangrilaroma/	https://www.facebook.com/HotelShangriLaRoma/						Medium	Recall-first	http://www.wikidata.org/entity/Q135901240; https://www.omniahotels.com/it/hotel-shangri-la-roma/index	Wikidata structured evidence; country=Q38; class=Q27686; official website property P856. Public business email recovered from first-party website; no inference.				q135901240	omniahotels.com		shangri la hotel		Italy	MEDIUM	domain:omniahotels.com
	B	78		Italy	Hotel Roma		hotel										Q140073532	2026-08-16T20:10:08.805114Z		Canonical queue drain | fit B | GitHub MASTER dedupe passed	https://www.hotelroma.biz	info@hotelroma.biz		https://www.instagram.com/hotelroma_bologna/	https://www.facebook.com/hotelromabologna/						High	Verified	http://www.wikidata.org/entity/Q140073532; https://www.hotelroma.biz/; https://www.hotelroma.biz	Wikidata structured evidence; country=Q38; class=Q27686; official website property P856. Public business email recovered from first-party website; no inference.				q140073532	hotelroma.biz		hotel roma		Italy	HIGH	domain:hotelroma.biz
	B	78		Italy	Hotel Metropole Suisse		hotel										Q56261157	2026-08-16T20:10:08.805114Z		Canonical queue drain | fit B | GitHub MASTER dedupe passed	https://www.hotelmetropolesuisse.com/	info@hotelmetropolesuisse.com	https://www.hotelmetropolesuisse.com/contatti-hotel-sul-lago-di-como/	https://www.instagram.com/hotelmetropolesuisse/							Medium	Recall-first	http://www.wikidata.org/entity/Q56261157; https://www.hotelmetropolesuisse.com/	Wikidata structured evidence; country=Q38; class=Q27686; official website property P856. Public business email recovered from first-party website; no inference.				q56261157	hotelmetropolesuisse.com		hotel metropole suisse		Italy	MEDIUM	domain:hotelmetropolesuisse.com
	B	78		Italy	Hotel Arnolfo		hotel										Q55807390	2026-08-16T20:10:08.805114Z		Canonical queue drain | fit B | GitHub MASTER dedupe passed	http://www.hotelarnolfo.com	info@hotelarnolfo.com	https://www.hotelarnolfo.com/informazioni-contatti-hotel-arnolfo-montecatini/		https://www.facebook.com/arnolfo.aqualaetitia/						High	Verified	http://www.wikidata.org/entity/Q55807390; https://www.hotelarnolfo.com/	Wikidata structured evidence; country=Q38; class=Q27686; official website property P856. Public business email recovered from first-party website; no inference.				q55807390	hotelarnolfo.com		hotel arnolfo		Italy	HIGH	domain:hotelarnolfo.com
	B	78		Italy	Grand Hotel Cocumella		hotel										Q28146357	2026-08-16T20:10:08.805114Z		Canonical queue drain | fit B | GitHub MASTER dedupe passed	http://www.cocumella.com	info@cocumella.com		https://www.instagram.com/lacocumella/	https://www.facebook.com/Grand-Hotel-Cocumella-188536201191466/						High	Verified	http://www.wikidata.org/entity/Q28146357; https://www.cocumella.com/	Wikidata structured evidence; country=Q38; class=Q27686; official website property P856. Public business email recovered from first-party website; no inference.				q28146357	cocumella.com		grand hotel cocumella		Italy	HIGH	domain:cocumella.com
	B	78		Italy	Bockerhütte		hotel										Q14541090	2026-08-16T20:10:08.805114Z		Canonical queue drain | fit B | GitHub MASTER dedupe passed	https://www.bockerhuette.com/		https://www.bockerhuette.com	https://www.instagram.com/schutzhuette.bockerhuette/	https://www.facebook.com/BockerhÃÂ¼tte-518570271681787/						Permissive	Qualification	http://www.wikidata.org/entity/Q14541090; https://www.bockerhuette.com/	Wikidata structured evidence; country=Q38; class=Q27686; official website property P856.				q14541090	bockerhuette.com		bockerhutte		Italy	PERMISSIVE	domain:bockerhuette.com
	B	78		Italy	Klein Fein Hotel Anderlahn		hotel										Q140675763	2026-08-16T20:10:08.805114Z		Canonical queue drain | fit B | GitHub MASTER dedupe passed	https://www.anderlahn.com	info@anderlahn.com		https://www.instagram.com/kleinfeinhotelanderlahn/	https://www.facebook.com/kleinfeinhotelanderlahn/						Medium	Recall-first	http://www.wikidata.org/entity/Q140675763; https://www.anderlahn.com/de/urlaub-deluxe.html	Wikidata structured evidence; country=Q38; class=Q27686; official website property P856. Public business email recovered from first-party website; no inference.				q140675763	anderlahn.com		klein fein hotel anderlahn		Italy	MEDIUM	domain:anderlahn.com
	B	78		Italy	Hotel Almhof		hotel										Q111876132	2026-08-16T20:10:08.805114Z		Canonical queue drain | fit B | GitHub MASTER dedupe passed	https://www.almhof.it/	info@almhof.it	https://www.almhof.it/contact	https://www.instagram.com/wellnesshotelalmhof/							High	Verified	http://www.wikidata.org/entity/Q111876132; https://www.almhof.it/	Wikidata structured evidence; country=Q38; class=Q27686; official website property P856. Public business email recovered from first-party website; no inference.				q111876132	almhof.it		hotel almhof		Italy	HIGH	domain:almhof.it
	B	78		Spain	Rocamar		hotel										Q112147432	2026-08-16T20:02:25.210024Z		Canonical queue drain | fit B | GitHub MASTER dedupe passed	http://apartamentosrocamar.com/		https://www.apartamentosrocamar.com/es/contactar			https://wa.me/34621142867?text=Hi	https://www.apartamentosrocamar.com/es/booking/room				High	Verified	http://www.wikidata.org/entity/Q112147432	Wikidata structured evidence; country=Q29; class=Q27686; official website property P856.				q112147432	apartamentosrocamar.com		rocamar		Spain	HIGH	domain:apartamentosrocamar.com
	B	78		Spain	Son Sabater by Zafiro		hotel										Q133306344	2026-08-16T20:02:25.210024Z		Canonical queue drain | fit B | GitHub MASTER dedupe passed	https://www.zafiroboutiquecollection.com/hoteles/son-sabater-by-zafiro/		https://www.zafiroboutiquecollection.com/proteccion-datos	https://www.instagram.com/zafiroboutiquecollection/	https://www.facebook.com/profile.php/						High	Verified	http://www.wikidata.org/entity/Q133306344; https://www.zafiroboutiquecollection.com/hoteles/son-sabater-by-zafiro	Wikidata structured evidence; country=Q29; class=Q27686; official website property P856.				q133306344	zafiroboutiquecollection.com		son sabater by zafiro		Spain	HIGH	domain:zafiroboutiquecollection.com
	B	78		Spain	Flamboyan Caribe Hotel & Spa		hotel										Q134887675	2026-08-16T20:02:25.210024Z		Canonical queue drain | fit B | GitHub MASTER dedupe passed	https://www.hotelflamboyancaribe.com/		https://www.hotelflamboyancaribe.com/informacion/contacto	https://www.instagram.com/hotelspaflamboyancaribe/	https://www.facebook.com/HotelFlamboyanCaribe/						High	Verified	http://www.wikidata.org/entity/Q134887675; https://www.hotelflamboyancaribe.com/	Wikidata structured evidence; country=Q29; class=Q27686; official website property P856.				q134887675	hotelflamboyancaribe.com		flamboyan caribe hotel spa		Spain	HIGH	domain:hotelflamboyancaribe.com
	B	78		France	Villa Hortensia		hotel										Q106869752	2026-08-16T19:58:38.267629Z		Canonical queue drain | fit B | GitHub MASTER dedupe passed	https://www.villahortensia.fr/			https://www.instagram.com/villa.hortensia.jacou/	https://www.facebook.com/villa.hortensia.jacou/		https://villahortensia.fr/feed/				High	Verified	http://www.wikidata.org/entity/Q106869752; https://villahortensia.fr/	Wikidata structured evidence; country=Q142; class=Q27686; official website property P856.				q106869752	villahortensia.fr		villa hortensia		France	HIGH	domain:villahortensia.fr
	B	78		France	Le Lazaret		resort										Q56062492	2026-08-16T19:58:38.267629Z		Canonical queue drain | fit B | GitHub MASTER dedupe passed	http://www.lazaretsete.com		https://www.lazaretsete.com/reservations-familles/	https://www.instagram.com/domaine_lazaret_sete/			https://www.lazaretsete.com/accueil-village-vacances-le-lazaret-2/feed/				High	Verified	http://www.wikidata.org/entity/Q56062492; https://www.lazaretsete.com/	Wikidata structured evidence; country=Q142; class=Q875157; official website property P856.				q56062492	lazaretsete.com		le lazaret		France	HIGH	domain:lazaretsete.com
	B	78		France	Hotel Jules César		hotel										Q47786489	2026-08-16T19:58:38.267629Z		Canonical queue drain | fit B | GitHub MASTER dedupe passed	https://www.hotel-julescesar.fr/	commercial@hotel-julescesar.fr	https://hotel-julescesar.fr/fr/page/contact-hotel-jules-cesar-hotel-5-arles.23731.html				https://hotel-julescesar.fr/fr/book.html				High	Verified	http://www.wikidata.org/entity/Q47786489; https://hotel-julescesar.fr/	Wikidata structured evidence; country=Q142; class=Q27686; official website property P856. Public business email recovered from first-party website; no inference.				q47786489	hotel-julescesar.fr		hotel jules cesar		France	HIGH	domain:hotel-julescesar.fr
	B	78		France	Mas de Malherbes		hotel										Q17520947	2026-08-16T19:58:38.267629Z		Canonical queue drain | fit B | GitHub MASTER dedupe passed	http://www.grandmalherbes.com/	contact@grandmalherbes.com	https://grandmalherbes.com/contact				https://grandmalherbes.com/chambres-suites				High	Verified	http://www.wikidata.org/entity/Q17520947; https://grandmalherbes.com/	Wikidata structured evidence; country=Q142; class=Q27686; official website property P856. Public business email recovered from first-party website; no inference.				q17520947	grandmalherbes.com		mas de malherbes		France	HIGH	domain:grandmalherbes.com
	B	78		France	Grand Hotel du Midi		hotel										Q57506201	2026-08-16T19:58:38.267629Z		Canonical queue drain | fit B | GitHub MASTER dedupe passed	https://www.grandhoteldumidimontpellier.com/		https://www.grandhoteldumidimontpellier.com/module/FormReservation/css/form_dt_open_v2.min.css	https://www.instagram.com/grandhoteldumidi/	https://www.facebook.com/GrandHotelDuMidi/						Medium	Recall-first	http://www.wikidata.org/entity/Q57506201; https://www.grandhoteldumidimontpellier.com/fr	Wikidata structured evidence; country=Q142; class=Q27686; official website property P856.				q57506201	grandhoteldumidimontpellier.com		grand hotel du midi		France	MEDIUM	domain:grandhoteldumidimontpellier.com
	B	78		France	FIAP Jean Monnet		hotel										Q111113693	2026-08-16T19:58:38.267629Z		Canonical queue drain | fit B | GitHub MASTER dedupe passed	https://www.fiap.paris/		https://www.fiap.paris/reservations/	https://www.instagram.com/fiap_paris/			https://www.fiap.paris/en/booking/				Medium	Recall-first	http://www.wikidata.org/entity/Q111113693; https://www.fiap.paris/	Wikidata structured evidence; country=Q142; class=Q27686; official website property P856.				q111113693	fiap.paris		fiap jean monnet		France	MEDIUM	domain:fiap.paris
	B	78		France	Q83715123		hotel										Q83715123	2026-08-16T19:58:38.267629Z		Canonical queue drain | fit B | GitHub MASTER dedupe passed	http://chateaudelaferriere.com	chateaudelaferriere@gmail.com	https://www.chateaudelaferriere.com/contact-2/	https://www.instagram.com/chateaudelaferriere/							Permissive	Qualification	http://www.wikidata.org/entity/Q83715123; https://www.chateaudelaferriere.com/contact-2/	Wikidata structured evidence; country=Q142; class=Q27686; official website property P856. Public business email recovered from first-party website; no inference.				q83715123	chateaudelaferriere.com		q83715123		France	PERMISSIVE	domain:chateaudelaferriere.com
	B	78	Белокуриха	RU	Горнолыжный комплекс Благодать		ski_resort	улица Славского 77	+79635003806								overture:880c1614-6ee1-4681-bcf5-714bccc6e8b8	2026-08-16T19:58:38.267629Z		Canonical queue drain | fit B | GitHub MASTER dedupe passed	http://blagodat22.ru/		https://blagodat22.ru/booking				https://blagodat22.ru/booking				Permissive	Qualification	https://explore.overturemaps.org/#id=880c1614-6ee1-4681-bcf5-714bccc6e8b8	Public Overture website; no usable Overture email. First-party public contact crawl required; no inference.				overture:880c1614-6ee1-4681-bcf5-714bccc6e8b8	blagodat22.ru	79635003806		Белокуриха	RU	PERMISSIVE	domain:blagodat22.ru
	B	78		France	Hotel  La Villefromoy		hotel										Q111110786	2026-08-16T19:58:38.267629Z		Canonical queue drain | fit B | GitHub MASTER dedupe passed	https://villefromoy.com	contact@villefromoy.com		https://www.instagram.com/hotel_la_villefromoy/	https://www.facebook.com/hotellavillefromoy.saintmalo/						High	Verified	http://www.wikidata.org/entity/Q111110786; https://villefromoy.com/; https://villefromoy.com	Wikidata structured evidence; country=Q142; class=Q27686; official website property P856. Public business email recovered from first-party website; no inference.				q111110786	villefromoy.com		hotel la villefromoy		France	HIGH	domain:villefromoy.com
	B	78		France	Villa Orangère		hotel										Q106829479	2026-08-16T19:58:38.267629Z		Canonical queue drain | fit B | GitHub MASTER dedupe passed	https://www.villaorangere.com/nederlands.htm	info@villaorangere.com	https://www.villaorangere.com/index.htm		https://www.facebook.com/pages/Villa-Orang%C3%A8re/610950305616808/						Medium	Recall-first	http://www.wikidata.org/entity/Q106829479; https://www.villaorangere.com/index.htm; https://www.villaorangere.com/nederlands.htm	Wikidata structured evidence; country=Q142; class=Q27686; official website property P856. Public business email recovered from first-party website; no inference.				q106829479	villaorangere.com		villa orangere		France	MEDIUM	domain:villaorangere.com
	B	78		France	Château des Vigiers		resort										Q83723367	2026-08-16T19:58:38.267629Z		Canonical queue drain | fit B | GitHub MASTER dedupe passed	https://vigiers.com		https://vigiers.com/fr/hotel-dordogne/contact-globale-fr.php	https://www.instagram.com/chateaudesvigiers/	https://www.facebook.com/chateaudesvigiers/						High	Verified	http://www.wikidata.org/entity/Q83723367; https://vigiers.com/index.php	Wikidata structured evidence; country=Q142; class=Q875157; official website property P856.				q83723367	vigiers.com		chateau des vigiers		France	HIGH	domain:vigiers.com
	B	78		France	Q19947573		hotel										Q19947573	2026-08-16T19:58:38.267629Z		Canonical queue drain | fit B | GitHub MASTER dedupe passed	https://refugedematalza.com/		https://refugedematalza.com/contact/	https://www.instagram.com/matalza/	https://www.facebook.com/refugedematalza/						Permissive	Qualification	http://www.wikidata.org/entity/Q19947573; https://refugedematalza.com/	Wikidata structured evidence; country=Q142; class=Q27686; official website property P856.				q19947573	refugedematalza.com		q19947573		France	PERMISSIVE	domain:refugedematalza.com
	B	78		France	Najeti Golf Hotel de Valescure		hotel										Q111390352	2026-08-16T19:58:38.267629Z		Canonical queue drain | fit B | GitHub MASTER dedupe passed	https://www.valescure.najeti.fr/		https://www.valescure.najeti.fr/acces-contact/	https://www.instagram.com/golfhoteldevalescureetspanuxe/	https://www.facebook.com/golfhoteldevalescure/						High	Verified	http://www.wikidata.org/entity/Q111390352; https://www.valescure.najeti.fr/	Wikidata structured evidence; country=Q142; class=Q27686; official website property P856.				q111390352	najeti.fr		najeti golf hotel de valescure		France	HIGH	domain:najeti.fr
	B	78		France	Molitor Paris - MGallery		hotel										Q111390643	2026-08-16T19:58:38.267629Z		Canonical queue drain | fit B | GitHub MASTER dedupe passed	https://www.molitorparis.com/en/hotel/		https://www.molitorparis.com/en/contact/	https://www.instagram.com/molitorparis/	https://www.facebook.com/MolitorParisMGallery/						High	Verified	http://www.wikidata.org/entity/Q111390643; https://www.molitorparis.com/en/hotel/	Wikidata structured evidence; country=Q142; class=Q27686; official website property P856.				q111390643	molitorparis.com		molitor paris mgallery		France	HIGH	domain:molitorparis.com
	B	78		France	Courchevel		resort										Q26270929	2026-08-16T19:58:38.267629Z		Canonical queue drain | fit B | GitHub MASTER dedupe passed	https://www.mairie-courchevel.com/	cpa@mairie-courchevel.com	https://courchevelparcauto.mairie-courchevel.com/mentions-legales.html		https://www.facebook.com/MairiedeCourchevel/						Permissive	Qualification	http://www.wikidata.org/entity/Q26270929; https://www.mairie-courchevel.com/; https://courchevelparcauto.mairie-courchevel.com/mentions-legales.html	Wikidata structured evidence; country=Q142; class=Q875157; official website property P856. Public business email recovered from first-party website; no inference.				q26270929	mairie-courchevel.com		courchevel		France	PERMISSIVE	domain:mairie-courchevel.com
	B	78		France	Schnepfenried		resort										Q28041177	2026-08-16T19:58:38.267629Z		Canonical queue drain | fit B | GitHub MASTER dedupe passed	http://www.leschnepf.com/		https://www.leschnepf.com/ete/contact-schnepf	https://www.instagram.com/leschnepf/	https://www.facebook.com/leschnepf/						Permissive	Qualification	http://www.wikidata.org/entity/Q28041177; https://www.leschnepf.com/	Wikidata structured evidence; country=Q142; class=Q875157; official website property P856.				q28041177	leschnepf.com		schnepfenried		France	PERMISSIVE	domain:leschnepf.com
	B	78		France	Van der Valk Hotel Saint - Aygulf		hotel										Q80207108	2026-08-16T19:58:38.267629Z		Canonical queue drain | fit B | GitHub MASTER dedupe passed	https://www.hotelstaygulf.fr		https://www.hotelstaygulf.fr/contact	https://www.instagram.com/valkaygulf/	https://www.facebook.com/vandervalkstaygulf/						High	Verified	http://www.wikidata.org/entity/Q80207108; https://www.hotelstaygulf.fr/; https://www.hotelstaygulf.fr	Wikidata structured evidence; country=Q142; class=Q27686; official website property P856.				q80207108	hotelstaygulf.fr		van der valk hotel saint aygulf		France	HIGH	domain:hotelstaygulf.fr
	B	78		France	Hotel des Causses		hotel										Q106538795	2026-08-16T19:58:38.267629Z		Canonical queue drain | fit B | GitHub MASTER dedupe passed	https://www.hoteldescausses.com	contact@hoteldescausses.com	https://www.hoteldescausses.com/		https://www.facebook.com/HotelDesCausses/						High	Verified	http://www.wikidata.org/entity/Q106538795; https://www.hoteldescausses.com	Wikidata structured evidence; country=Q142; class=Q27686; official website property P856. Public business email recovered from first-party website; no inference.				q106538795	hoteldescausses.com		hotel des causses		France	HIGH	domain:hoteldescausses.com
	B	78		France	Hôtel Lyon-Est		hotel										Q26932331	2026-08-16T19:58:38.267629Z		Canonical queue drain | fit B | GitHub MASTER dedupe passed	http://www.hotel-lyon-est.com/	contact@hotel-lyon-est.com	https://www.hotel-lyon-est.com/404		https://www.facebook.com/logislyonest/						High	Verified	http://www.wikidata.org/entity/Q26932331; https://www.hotel-lyon-est.com/	Wikidata structured evidence; country=Q142; class=Q27686; official website property P856. Public business email recovered from first-party website; no inference.				q26932331	hotel-lyon-est.com		hotel lyon est		France	HIGH	domain:hotel-lyon-est.com
	B	78		France	Hôtel Kermor		hotel										Q111876919	2026-08-16T19:58:38.267629Z		Canonical queue drain | fit B | GitHub MASTER dedupe passed	https://www.hotel-kermor.com/	contact@hotel-kermor.com	https://www.hotel-kermor.com/378-contact.html		https://www.facebook.com/H%C3%B4tel-Kermoor-127295814361739/						High	Verified	http://www.wikidata.org/entity/Q111876919; https://www.hotel-kermor.com/	Wikidata structured evidence; country=Q142; class=Q27686; official website property P856. Public business email recovered from first-party website; no inference.				q111876919	hotel-kermor.com		hotel kermor		France	HIGH	domain:hotel-kermor.com
	B	78		France	Château de la Villedubois		hotel										Q112016968	2026-08-16T19:58:38.267629Z		Canonical queue drain | fit B | GitHub MASTER dedupe passed	https://www.chateaudelavilledubois.com		https://www.chateaudelavilledubois.com/contact/	https://www.instagram.com/chateau_de_la_villedubois/	https://www.facebook.com/Ch%C3%A2teau-de-La-Villedubois-719572045141988/						High	Verified	http://www.wikidata.org/entity/Q112016968; https://www.chateaudelavilledubois.com/; https://www.chateaudelavilledubois.com	Wikidata structured evidence; country=Q142; class=Q27686; official website property P856.				q112016968	chateaudelavilledubois.com		chateau de la villedubois		France	HIGH	domain:chateaudelavilledubois.com
	B	78		France	Q97292868		hotel										Q97292868	2026-08-16T19:58:38.267629Z		Canonical queue drain | fit B | GitHub MASTER dedupe passed	https://www.chaletrefugedechamoissiere.fr/	chaletrefugechamoissiere@gmail.com	https://www.chaletrefugedechamoissiere.fr/about/		https://www.facebook.com/chaletrefugechamoissiere/						Permissive	Qualification	http://www.wikidata.org/entity/Q97292868; https://www.chaletrefugedechamoissiere.fr/; https://www.chaletrefugedechamoissiere.fr/contact/	Wikidata structured evidence; country=Q142; class=Q27686; official website property P856. Public business email recovered from first-party website; no inference.				q97292868	chaletrefugedechamoissiere.fr		q97292868		France	PERMISSIVE	domain:chaletrefugedechamoissiere.fr
	B	78		France	Hotel Bourgogne & Montana		hotel										Q111390752	2026-08-16T19:58:38.267629Z		Canonical queue drain | fit B | GitHub MASTER dedupe passed	https://www.bourgogne-montana.com/	resa@bourgogne-montana.com	https://www.bourgogne-montana.com/contact	https://www.instagram.com/bmhotel/							High	Verified	http://www.wikidata.org/entity/Q111390752; https://www.bourgogne-montana.com/	Wikidata structured evidence; country=Q142; class=Q27686; official website property P856. Public business email recovered from first-party website; no inference.				q111390752	bourgogne-montana.com		hotel bourgogne montana		France	HIGH	domain:bourgogne-montana.com
	B	78		France	Hôtel Au Vieux Morvan		hotel										Q17630177	2026-08-16T19:58:38.267629Z		Canonical queue drain | fit B | GitHub MASTER dedupe passed	http://www.auvieuxmorvan.com/		https://www.auvieuxmorvan.com/hotel-restaurant-morvan/contacter-hotel-musee-septennat	https://www.instagram.com/auvieuxmorvan/	https://www.facebook.com/AuVieuxMorvan/						High	Verified	http://www.wikidata.org/entity/Q17630177; https://www.auvieuxmorvan.com/	Wikidata structured evidence; country=Q142; class=Q27686; official website property P856.				q17630177	auvieuxmorvan.com		hotel au vieux morvan		France	HIGH	domain:auvieuxmorvan.com
	B	78		Italy	Alta Badia		resort										Q433534	2026-08-16T19:55:10.455121Z		Canonical queue drain | fit B | GitHub MASTER dedupe passed	https://www.south-tirol.com/ski-holidays-south-tyrol/skiing/alta-badia			https://www.instagram.com/ilovesuedtirol/	https://www.facebook.com/ilovesuedtirol/		https://www.south-tirol.com/accommodations/dolomites/apartments				High	Verified	http://www.wikidata.org/entity/Q433534; https://www.south-tirol.com/ski-holidays-south-tyrol/skiing/alta-badia	Wikidata structured evidence; country=Q38; class=Q875157; official website property P856.				q433534	south-tirol.com		alta badia		Italy	HIGH	domain:south-tirol.com
	B	78		Italy	Rifugio Malinvern		hotel										Q3935547	2026-08-16T19:55:10.455121Z		Canonical queue drain | fit B | GitHub MASTER dedupe passed	http://www.rifugiomalinvern.it/	infomalinvern@gmail.com		https://www.instagram.com/rifugiomalinvern/	https://www.facebook.com/rifugiomalinvern/						Medium	Recall-first	http://www.wikidata.org/entity/Q3935547; https://www.rifugiomalinvern.it/	Wikidata structured evidence; country=Q38; class=Q27686; official website property P856. Public business email recovered from first-party website; no inference.				q3935547	rifugiomalinvern.it		rifugio malinvern		Italy	MEDIUM	domain:rifugiomalinvern.it
	B	78		Italy	Rifugio Granero		hotel										Q428495	2026-08-16T19:55:10.455121Z		Canonical queue drain | fit B | GitHub MASTER dedupe passed	https://www.rifugiogranero.com/			https://www.instagram.com/rifugiogranero/	https://www.facebook.com/rifugio.granero/	https://api.whatsapp.com/send?phone=393714579535					Permissive	Qualification	http://www.wikidata.org/entity/Q428495; https://www.rifugiogranero.com/	Wikidata structured evidence; country=Q38; class=Q27686; official website property P856.				q428495	rifugiogranero.com		rifugio granero		Italy	PERMISSIVE	domain:rifugiogranero.com
	B	78		Italy	Rifugio Città di Fiume		hotel										Q3935463	2026-08-16T19:55:10.455121Z		Canonical queue drain | fit B | GitHub MASTER dedupe passed	http://www.rifugiocittadifiume.it	info@rifugiocittadifiume.it	https://rifugiocittadifiume.it/wp-content/plugins/booking/css/client.css?ver=9.9.1				https://rifugiocittadifiume.it/wp-content/plugins/booking/css/client.css?ver=9.9.1				Medium	Recall-first	http://www.wikidata.org/entity/Q3935463; https://rifugiocittadifiume.it/	Wikidata structured evidence; country=Q38; class=Q27686; official website property P856. Public business email recovered from first-party website; no inference.				q3935463	rifugiocittadifiume.it		rifugio citta di fiume		Italy	MEDIUM	domain:rifugiocittadifiume.it
	B	78		Italy	Q1701187		hotel										Q1701187	2026-08-16T19:55:10.455121Z		Canonical queue drain | fit B | GitHub MASTER dedupe passed	http://www.refugevieuxcrest.com/	info@refugevieuxcrest.com	https://www.refugevieuxcrest.com/en/contacts/				https://www.refugevieuxcrest.com/en/rooms/				Permissive	Qualification	http://www.wikidata.org/entity/Q1701187; https://www.refugevieuxcrest.com/	Wikidata structured evidence; country=Q38; class=Q27686; official website property P856. Public business email recovered from first-party website; no inference.				q1701187	refugevieuxcrest.com		q1701187		Italy	PERMISSIVE	domain:refugevieuxcrest.com
	B	78		Italy	Lavarellahütte		hotel										Q1606681	2026-08-16T19:55:10.455121Z		Canonical queue drain | fit B | GitHub MASTER dedupe passed	http://www.lavarella.it/	rifugio@lavarella.it			https://www.facebook.com/pages/Ücia-Lavarella/804932839540097/		https://lavarella.it/en/book-online				Permissive	Qualification	http://www.wikidata.org/entity/Q1606681; https://lavarella.it/	Wikidata structured evidence; country=Q38; class=Q27686; official website property P856. Public business email recovered from first-party website; no inference.				q1606681	lavarella.it		lavarellahutte		Italy	PERMISSIVE	domain:lavarella.it
	B	78		Italy	Hotel Excelsior		hotel										Q1542590	2026-08-16T19:55:10.455121Z		Canonical queue drain | fit B | GitHub MASTER dedupe passed	https://www.hotelexcelsiorvenezia.com/		https://www.hotelexcelsiorvenezia.com/contact-us/	https://www.instagram.com/excelsiorvenice/			https://www.hotelexcelsiorvenezia.com/rooms-and-suites/				High	Verified	http://www.wikidata.org/entity/Q1542590; https://www.hotelexcelsiorvenezia.com/	Wikidata structured evidence; country=Q38; class=Q27686; official website property P856.				q1542590	hotelexcelsiorvenezia.com		hotel excelsior		Italy	HIGH	domain:hotelexcelsiorvenezia.com
	B	78		Italy	Landshuter Europahütte		hotel										Q1803865	2026-08-16T19:55:10.455121Z		Canonical queue drain | fit B | GitHub MASTER dedupe passed	http://www.europahuette.it/	info@europahuette.it	https://www.europahuette.it/wp-content/plugins/contact-form-7/includes/css/styles.css?ver=5.2.2		https://www.facebook.com/Europahütte-Rifugio-Europa-442296619115165/						Permissive	Qualification	http://www.wikidata.org/entity/Q1803865; https://www.europahuette.it/	Wikidata structured evidence; country=Q38; class=Q27686; official website property P856. Public business email recovered from first-party website; no inference.				q1803865	europahuette.it		landshuter europahutte		Italy	PERMISSIVE	domain:europahuette.it
	B	78		Italy	Dürrensteinhütte		hotel										Q910174	2026-08-16T19:55:10.455121Z		Canonical queue drain | fit B | GitHub MASTER dedupe passed	http://www.vallandro.it	info@vallandro.it		https://www.instagram.com/duerrensteinhuette/	https://www.facebook.com/people/D%C3%BCrrensteinh%C3%BCtte-Rifugio-Vallandro/100043577426319/						High	Verified	http://www.wikidata.org/entity/Q910174; https://www.vallandro.it/	Wikidata structured evidence; country=Q38; class=Q27686; official website property P856. Public business email recovered from first-party website; no inference.				q910174	vallandro.it		durrensteinhutte		Italy	HIGH	domain:vallandro.it
	B	78		Italy	Schlernhaus		hotel										Q1583697	2026-08-16T19:55:10.455121Z		Canonical queue drain | fit B | GitHub MASTER dedupe passed	http://www.schlernhaus.it	info@schlernhaus.it		https://www.instagram.com/schlernhaus_rifugiobolzano/	https://www.facebook.com/schlernhaus/						High	Verified	http://www.wikidata.org/entity/Q1583697; https://www.schlernhaus.it/	Wikidata structured evidence; country=Q38; class=Q27686; official website property P856. Public business email recovered from first-party website; no inference.				q1583697	schlernhaus.it		schlernhaus		Italy	HIGH	domain:schlernhaus.it
	B	78		Italy	Refuge Victor-Emmanuel II		hotel										Q1448718	2026-08-16T19:55:10.455121Z		Canonical queue drain | fit B | GitHub MASTER dedupe passed	http://www.rifugiovittorioemanuele.com/	info@rifugiovittorioemanuele.com		https://www.instagram.com/rifugiovittorioemanuele/	https://www.facebook.com/rifugiovittorioemanuele/						Permissive	Qualification	http://www.wikidata.org/entity/Q1448718; https://www.rifugiovittorioemanuele.com/	Wikidata structured evidence; country=Q38; class=Q27686; official website property P856. Public business email recovered from first-party website; no inference.				q1448718	rifugiovittorioemanuele.com		refuge victor emmanuel ii		Italy	PERMISSIVE	domain:rifugiovittorioemanuele.com
	B	78		Italy	Rifugio Velo della Madonna		hotel										Q2152728	2026-08-16T19:55:10.455121Z		Canonical queue drain | fit B | GitHub MASTER dedupe passed	https://www.rifugiovelodellamadonna.it/	info@rifugiovelodellamadonna.it		https://www.instagram.com/rifugioalvelo/	https://www.facebook.com/www.rifugiovelodellamadonna.it/						Permissive	Qualification	http://www.wikidata.org/entity/Q2152728; https://www.rifugiovelodellamadonna.it/	Wikidata structured evidence; country=Q38; class=Q27686; official website property P856. Public business email recovered from first-party website; no inference.				q2152728	rifugiovelodellamadonna.it		rifugio velo della madonna		Italy	PERMISSIVE	domain:rifugiovelodellamadonna.it
	B	78		Italy	Rifugio Vallanta		hotel										Q1692274	2026-08-16T19:55:10.455121Z		Canonical queue drain | fit B | GitHub MASTER dedupe passed	http://www.rifugiovallanta.it	rifugio.vallanta@gmail.com		https://www.instagram.com/rifugio.vallanta/	https://www.facebook.com/www.rifugiovallanta.it/						Permissive	Qualification	http://www.wikidata.org/entity/Q1692274; https://www.rifugiovallanta.it/	Wikidata structured evidence; country=Q38; class=Q27686; official website property P856. Public business email recovered from first-party website; no inference.				q1692274	rifugiovallanta.it		rifugio vallanta		Italy	PERMISSIVE	domain:rifugiovallanta.it
	B	78		Italy	Rifugio Ponti		hotel										Q3935448	2026-08-16T19:55:10.455121Z		Canonical queue drain | fit B | GitHub MASTER dedupe passed	http://www.rifugioponti.it	gestore@rifugioponti.it	https://www.rifugioponti.it/contact		https://www.facebook.com/rifugioponti/						Permissive	Qualification	http://www.wikidata.org/entity/Q3935448; https://www.rifugioponti.it/	Wikidata structured evidence; country=Q38; class=Q27686; official website property P856. Public business email recovered from first-party website; no inference.				q3935448	rifugioponti.it		rifugio ponti		Italy	PERMISSIVE	domain:rifugioponti.it
	B	78		Italy	Überetscher Hütte		hotel										Q331665	2026-08-16T19:55:10.455121Z		Canonical queue drain | fit B | GitHub MASTER dedupe passed	https://www.rifugiooltradigealroen.it/	info@rifugiooltradigealroen.it		https://www.instagram.com/rifugio_oltradige_uberetscher/	https://www.facebook.com/rifugiooltradige/						Permissive	Qualification	http://www.wikidata.org/entity/Q331665; https://www.rifugiooltradigealroen.it/index.php/it/	Wikidata structured evidence; country=Q38; class=Q27686; official website property P856. Public business email recovered from first-party website; no inference.				q331665	rifugiooltradigealroen.it		uberetscher hutte		Italy	PERMISSIVE	domain:rifugiooltradigealroen.it
	B	78		Italy	Rifugio Monzino		hotel										Q1141333	2026-08-16T19:55:10.455121Z		Canonical queue drain | fit B | GitHub MASTER dedupe passed	http://www.rifugiomonzino.com	info@rifugiomonzino.com		https://www.instagram.com/rifugio_monzino/	https://www.facebook.com/pages/Rifugio-Monzino/104501702916771/						Permissive	Qualification	http://www.wikidata.org/entity/Q1141333; https://www.rifugiomonzino.com/	Wikidata structured evidence; country=Q38; class=Q27686; official website property P856. Public business email recovered from first-party website; no inference.				q1141333	rifugiomonzino.com		rifugio monzino		Italy	PERMISSIVE	domain:rifugiomonzino.com
	B	78		Italy	Rifugio Maria Luisa		hotel										Q3935556	2026-08-16T19:55:10.455121Z		Canonical queue drain | fit B | GitHub MASTER dedupe passed	https://www.rifugiomarialuisa.it/	info@rifugiomarialuisa.it		https://www.instagram.com/rifugiomarialuisa/	https://www.facebook.com/rifugiomarialuisa/						Permissive	Qualification	http://www.wikidata.org/entity/Q3935556; https://www.rifugiomarialuisa.it/	Wikidata structured evidence; country=Q38; class=Q27686; official website property P856. Public business email recovered from first-party website; no inference.				q3935556	rifugiomarialuisa.it		rifugio maria luisa		Italy	PERMISSIVE	domain:rifugiomarialuisa.it
	B	78		Italy	Rifugio Dante Livio Bianco		hotel										Q3935474	2026-08-16T19:55:10.455121Z		Canonical queue drain | fit B | GitHub MASTER dedupe passed	http://www.rifugioliviobianco.com/	rifugiodanteliviobianco@gmail.com		https://www.instagram.com/rifugiodanteliviobianco/	https://www.facebook.com/groups/75919003034/						Permissive	Qualification	http://www.wikidata.org/entity/Q3935474; https://rifugioliviobianco.com/	Wikidata structured evidence; country=Q38; class=Q27686; official website property P856. Public business email recovered from first-party website; no inference.				q3935474	rifugioliviobianco.com		rifugio dante livio bianco		Italy	PERMISSIVE	domain:rifugioliviobianco.com
	B	78		Italy	Rifugio Franz Kostner al Vallon		hotel										Q1445876	2026-08-16T19:55:10.455121Z		Canonical queue drain | fit B | GitHub MASTER dedupe passed	http://www.rifugiokostner.it	info@rifugiokostner.it		https://www.instagram.com/rifugiokostner/	https://www.facebook.com/Rifugio-Franz-Kostner-418311194870661/						Medium	Recall-first	http://www.wikidata.org/entity/Q1445876; https://rifugiokostner.it/en	Wikidata structured evidence; country=Q38; class=Q27686; official website property P856. Public business email recovered from first-party website; no inference.				q1445876	rifugiokostner.it		rifugio franz kostner al vallon		Italy	MEDIUM	domain:rifugiokostner.it
	B	78		Italy	Rifugio Gerli-Porro		hotel										Q3935503	2026-08-16T19:55:10.455121Z		Canonical queue drain | fit B | GitHub MASTER dedupe passed	http://www.rifugiogerliporro.it	info@rifugiogerliporro.it		https://www.instagram.com/gerliporro/	https://www.facebook.com/gerliporro/						Permissive	Qualification	http://www.wikidata.org/entity/Q3935503; https://www.rifugiogerliporro.it/	Wikidata structured evidence; country=Q38; class=Q27686; official website property P856. Public business email recovered from first-party website; no inference.				q3935503	rifugiogerliporro.it		rifugio gerli porro		Italy	PERMISSIVE	domain:rifugiogerliporro.it
	B	78		Italy	Rifugio Fanes		hotel										Q1395510	2026-08-16T19:55:10.455121Z		Canonical queue drain | fit B | GitHub MASTER dedupe passed	http://www.rifugiofanes.com	info@rifugiofanes.com		https://www.instagram.com/rifugiofanes/	https://www.facebook.com/RegnDeFanes/						Permissive	Qualification	http://www.wikidata.org/entity/Q1395510; https://www.rifugiofanes.com/	Wikidata structured evidence; country=Q38; class=Q27686; official website property P856. Public business email recovered from first-party website; no inference.				q1395510	rifugiofanes.com		rifugio fanes		Italy	PERMISSIVE	domain:rifugiofanes.com
	B	78		Italy	Chabod Hut		hotel										Q838240	2026-08-16T19:55:10.455121Z		Canonical queue drain | fit B | GitHub MASTER dedupe passed	http://www.rifugiochabod.com	info.rifugiochabod@gmail.com	https://www.rifugiochabod.com/contatti/		https://www.facebook.com/pages/category/Landmark---Historical-Place/Rifugio-Chabod-766006330079165/						Medium	Recall-first	http://www.wikidata.org/entity/Q838240; https://www.rifugiochabod.com/	Wikidata structured evidence; country=Q38; class=Q27686; official website property P856. Public business email recovered from first-party website; no inference.				q838240	rifugiochabod.com		chabod hut		Italy	MEDIUM	domain:rifugiochabod.com
	B	78		Italy	Q3935432		hotel										Q3935432	2026-08-16T19:55:10.455121Z		Canonical queue drain | fit B | GitHub MASTER dedupe passed	http://www.rifugiocarducci.eu	rifugiocarducci@gmail.com		https://www.instagram.com/rifugiocarducci/	https://www.facebook.com/rifugiocarducci/						Permissive	Qualification	http://www.wikidata.org/entity/Q3935432; http://www.rifugiocarducci.eu/; http://www.rifugiocarducci.eu	Wikidata structured evidence; country=Q38; class=Q27686; official website property P856. Public business email recovered from first-party website; no inference.				q3935432	rifugiocarducci.eu		q3935432		Italy	PERMISSIVE	domain:rifugiocarducci.eu
	B	78		Italy	Seekofelhütte		hotel										Q2265128	2026-08-16T19:55:10.455121Z		Canonical queue drain | fit B | GitHub MASTER dedupe passed	http://www.rifugiobiella.it		https://rifugiobiella.it/contattaci/	https://www.instagram.com/rifugio_biella_2.0/	https://www.facebook.com/rifugiobiella2.0/						Permissive	Qualification	http://www.wikidata.org/entity/Q2265128; https://rifugiobiella.it/	Wikidata structured evidence; country=Q38; class=Q27686; official website property P856.				q2265128	rifugiobiella.it		seekofelhutte		Italy	PERMISSIVE	domain:rifugiobiella.it
	B	78		Italy	Ücia Pederü		hotel										Q1646981	2026-08-16T19:55:10.455121Z		Canonical queue drain | fit B | GitHub MASTER dedupe passed	http://www.pederue.it	info@pederue.it		https://www.instagram.com/pederue_albergoalpino/	https://www.facebook.com/AlbergoAlpinoPEDERUBerggasthaus/						High	Verified	http://www.wikidata.org/entity/Q1646981; https://www.pederue.it/de	Wikidata structured evidence; country=Q38; class=Q27686; official website property P856. Public business email recovered from first-party website; no inference.				q1646981	pederue.it		ucia pederu		Italy	HIGH	domain:pederue.it
	B	78		Italy	Hintergrathütte		hotel										Q1253073	2026-08-16T19:55:10.455121Z		Canonical queue drain | fit B | GitHub MASTER dedupe passed	http://www.hintergrathuette.com/	info@hintergrathuette.com		https://www.instagram.com/hintergrathuette/	https://www.facebook.com/profile.php/						Permissive	Qualification	http://www.wikidata.org/entity/Q1253073; https://www.hintergrathuette.com/de	Wikidata structured evidence; country=Q38; class=Q27686; official website property P856. Public business email recovered from first-party website; no inference.				q1253073	hintergrathuette.com		hintergrathutte		Italy	PERMISSIVE	domain:hintergrathuette.com
	B	78		Italy	Eishof		hotel										Q1317592	2026-08-16T19:55:10.455121Z		Canonical queue drain | fit B | GitHub MASTER dedupe passed	https://www.eishof.com/	info@eishof.com		https://www.instagram.com/eishof.pfossental/	https://www.facebook.com/eishof/						Medium	Recall-first	http://www.wikidata.org/entity/Q1317592; https://www.eishof.com/	Wikidata structured evidence; country=Q38; class=Q27686; official website property P856. Public business email recovered from first-party website; no inference.				q1317592	eishof.com		eishof		Italy	MEDIUM	domain:eishof.com
	B	78		Italy	Q3935439		hotel										Q3935439	2026-08-16T19:55:10.455121Z		Canonical queue drain | fit B | GitHub MASTER dedupe passed	http://www.capannacervino.it	info@capannacervino.it		https://www.instagram.com/rifugiocapannacervino/	https://www.facebook.com/rifugio.capannacervino/						Permissive	Qualification	http://www.wikidata.org/entity/Q3935439; https://www.capannacervino.it/	Wikidata structured evidence; country=Q38; class=Q27686; official website property P856. Public business email recovered from first-party website; no inference.				q3935439	capannacervino.it		q3935439		Italy	PERMISSIVE	domain:capannacervino.it
	B	78		Italy	Rifugio Antonio Curò		hotel										Q3935406	2026-08-16T19:55:10.455121Z		Canonical queue drain | fit B | GitHub MASTER dedupe passed	http://www.antoniocuro.it	info@antoniocuro.it		https://www.instagram.com/fabiorifugiocuro/	https://www.facebook.com/pages/category/Mountain/Rifugio-Antonio-Cur%C3%B2-248402455187726/						Permissive	Qualification	http://www.wikidata.org/entity/Q3935406; https://www.antoniocuro.it/	Wikidata structured evidence; country=Q38; class=Q27686; official website property P856. Public business email recovered from first-party website; no inference.				q3935406	antoniocuro.it		rifugio antonio curo		Italy	PERMISSIVE	domain:antoniocuro.it
	B	78		Spain	Hotel Torre Vermella		hotel										Q55429233	2026-08-16T19:50:59.973149Z		Canonical queue drain | fit B | GitHub MASTER dedupe passed	http://www.torrevermella.es/	hotel@torrevermella.es	https://www.torrevermella.es/es/localizacion-contacto				https://www.torrevermella.es/modules/mod_vikbooking_rooms/mod_vikbooking_rooms.css				High	Verified	http://www.wikidata.org/entity/Q55429233; https://www.torrevermella.es/es/	Wikidata structured evidence; country=Q29; class=Q27686; official website property P856. Public business email recovered from first-party website; no inference.				q55429233	torrevermella.es		hotel torre vermella		Spain	HIGH	domain:torrevermella.es
	B	78		Spain	Hotel & Spa S'Entrador Playa		hotel										Q111389742	2026-08-16T19:50:59.973149Z		Canonical queue drain | fit B | GitHub MASTER dedupe passed	https://www.serranohotels.com/hoteles/hotel-spa-sentrador-playa	info@serranohotels.com	https://www.serranohotels.com/proteccion-datos				https://www.serranohotels.com/hoteles/hotel-spa-sentrador-playa/villa-vitalia				High	Verified	http://www.wikidata.org/entity/Q111389742; https://www.serranohotels.com/hoteles/hotel-spa-sentrador-playa	Wikidata structured evidence; country=Q29; class=Q27686; official website property P856. Public business email recovered from first-party website; no inference.				q111389742	serranohotels.com		hotel spa s entrador playa		Spain	HIGH	domain:serranohotels.com
	B	78		Spain	Gran Hotel España		hotel										Q111409015	2026-08-16T19:50:59.973149Z		Canonical queue drain | fit B | GitHub MASTER dedupe passed	https://www.granhotelespana.es	recepcion@granhotelespana.es	https://www.granhotelespana.es/reservas/				https://www.granhotelespana.es/portfolio_page/desayunos/				Medium	Recall-first	http://www.wikidata.org/entity/Q111409015; https://www.granhotelespana.es	Wikidata structured evidence; country=Q29; class=Q27686; official website property P856. Public business email recovered from first-party website; no inference.				q111409015	granhotelespana.es		gran hotel espana		Spain	MEDIUM	domain:granhotelespana.es
	B	78		Spain	Centro de esquí nórdico Navafría		resort										Q5486448	2026-08-16T19:50:59.973149Z		Canonical queue drain | fit B | GitHub MASTER dedupe passed	https://doblehuella.es/		https://doblehuella.es/contact	https://www.instagram.com/doblehuella.es/	https://www.facebook.com/DobleHuella.es/						Permissive	Qualification	http://www.wikidata.org/entity/Q5486448	Wikidata structured evidence; country=Q29; class=Q875157; official website property P856.				q5486448	doblehuella.es		centro de esqui nordico navafria		Spain	PERMISSIVE	domain:doblehuella.es
	B	78		Spain	Refugi del Gerdar		hotel										Q11945103	2026-08-16T19:50:59.973149Z		Canonical queue drain | fit B | GitHub MASTER dedupe passed	http://www.refugidelgerdar.com	refugidelgerdar@gmail.com		https://www.instagram.com/refugidelgerdar/	https://www.facebook.com/RefugiGerdar/						Permissive	Qualification	http://www.wikidata.org/entity/Q11945103; https://refugidelgerdar.com/	Wikidata structured evidence; country=Q29; class=Q27686; official website property P856. Public business email recovered from first-party website; no inference.				q11945103	refugidelgerdar.com		refugi del gerdar		Spain	PERMISSIVE	domain:refugidelgerdar.com
	B	78		Spain	PortAventura World		resort										Q908792	2026-08-16T19:50:59.973149Z		Canonical queue drain | fit B | GitHub MASTER dedupe passed	https://www.portaventuraworld.com/		https://www.portaventuraworld.com/contacto	https://www.instagram.com/portaventuraworld/	https://www.facebook.com/portaventuraoficial/						High	Verified	http://www.wikidata.org/entity/Q908792; https://www.portaventuraworld.com/	Wikidata structured evidence; country=Q29; class=Q875157; official website property P856.				q908792	portaventuraworld.com		portaventura world		Spain	HIGH	domain:portaventuraworld.com
	B	78		Spain	Hotel Pazo Los Escudos		hotel										Q6067764	2026-08-16T19:50:59.973149Z		Canonical queue drain | fit B | GitHub MASTER dedupe passed	https://pazolosescudos.com/	reservas@pazolosescudos.com		https://www.instagram.com/hotelpazolosescudos/	https://www.facebook.com/pazolosescudos/						High	Verified	http://www.wikidata.org/entity/Q6067764; https://www.pazolosescudos.com/	Wikidata structured evidence; country=Q29; class=Q27686; official website property P856. Public business email recovered from first-party website; no inference.				q6067764	pazolosescudos.com		hotel pazo los escudos		Spain	HIGH	domain:pazolosescudos.com
	B	78		Spain	Castle of Sigüenza		hotel										Q2790418	2026-08-16T19:50:59.973149Z		Canonical queue drain | fit B | GitHub MASTER dedupe passed	https://paradores.es/en/parador-de-siguenza		https://paradores.es/en/contact	https://www.instagram.com/paradores/	https://www.facebook.com/paradores/						High	Verified	http://www.wikidata.org/entity/Q2790418; https://paradores.es/en/parador-de-siguenza	Wikidata structured evidence; country=Q29; class=Q27686; official website property P856.				q2790418	paradores.es		castle of siguenza		Spain	HIGH	domain:paradores.es
	B	78		Spain	Olé Tropical Tenerife		hotel										Q111389915	2026-08-16T19:50:59.973149Z		Canonical queue drain | fit B | GitHub MASTER dedupe passed	https://www.olehotels.com/	callcenter@olehotels.com	https://www.olehotels.com/contacto	https://www.instagram.com/oletropicaltenerife/							High	Verified	http://www.wikidata.org/entity/Q111389915; https://www.olehotels.com/	Wikidata structured evidence; country=Q29; class=Q27686; official website property P856. Public business email recovered from first-party website; no inference.				q111389915	olehotels.com		ole tropical tenerife		Spain	HIGH	domain:olehotels.com
	B	78		Spain	Lles		resort										Q3257499	2026-08-16T19:50:59.973149Z		Canonical queue drain | fit B | GitHub MASTER dedupe passed	http://www.lles.net/	estacio@lles.net	https://lles.net/contacte/	https://www.instagram.com/llesestacio/							Permissive	Qualification	http://www.wikidata.org/entity/Q3257499; https://lles.net/	Wikidata structured evidence; country=Q29; class=Q875157; official website property P856. Public business email recovered from first-party website; no inference.				q3257499	lles.net		lles		Spain	PERMISSIVE	domain:lles.net
	B	78		Spain	Hotel Pez Espada		hotel										Q5911850	2026-08-16T19:50:59.973149Z		Canonical queue drain | fit B | GitHub MASTER dedupe passed	https://hotelpezespada.com/		https://www.hotelpezespada.com/es/contacto	https://www.instagram.com/pezespadahotel/	https://www.facebook.com/medplayapezespada/						High	Verified	http://www.wikidata.org/entity/Q5911850; https://www.hotelpezespada.com/es	Wikidata structured evidence; country=Q29; class=Q27686; official website property P856.				q5911850	hotelpezespada.com		hotel pez espada		Spain	HIGH	domain:hotelpezespada.com
	B	78		Spain	Hotel AR Los Arcos		hotel										Q64947719	2026-08-16T19:50:59.973149Z		Canonical queue drain | fit B | GitHub MASTER dedupe passed	https://www.hotellosarcos.com		https://www.hotellosarcos.com/contacto.html	https://www.instagram.com/grupoarhoteles/	https://www.facebook.com/Grupo-AR-Hoteles-1438845813018228/						High	Verified	http://www.wikidata.org/entity/Q64947719; https://www.hotellosarcos.com/; https://www.hotellosarcos.com	Wikidata structured evidence; country=Q29; class=Q27686; official website property P856.				q64947719	hotellosarcos.com		hotel ar los arcos		Spain	HIGH	domain:hotellosarcos.com
	B	78		Spain	Hotel Carlton building		hotel										Q11682615	2026-08-16T19:50:59.973149Z		Canonical queue drain | fit B | GitHub MASTER dedupe passed	https://www.hotelcarlton.es/		https://www.hotelcarlton.es/contacto.html	https://www.instagram.com/hotelcarltonbilbao/	https://www.facebook.com/HotelCarltonBilbao/						High	Verified	http://www.wikidata.org/entity/Q11682615; https://www.hotelcarlton.es/	Wikidata structured evidence; country=Q29; class=Q27686; official website property P856.				q11682615	hotelcarlton.es		hotel carlton building		Spain	HIGH	domain:hotelcarlton.es
	B	78		Spain	Hotel Balneario Alhama de Aragón		hotel										Q5903301	2026-08-16T19:50:59.973149Z		Canonical queue drain | fit B | GitHub MASTER dedupe passed	https://www.hotelbalnearioalhamadearagon.com/	reservas@hotelbalnearioalhamadearagon.com		https://www.instagram.com/hb_alhama_de_aragon/	https://www.facebook.com/hotelbalnearioalhamadearagon/						High	Verified	http://www.wikidata.org/entity/Q5903301; https://www.hotelbalnearioalhamadearagon.com/	Wikidata structured evidence; country=Q29; class=Q27686; official website property P856. Public business email recovered from first-party website; no inference.				q5903301	hotelbalnearioalhamadearagon.com		hotel balneario alhama de aragon		Spain	HIGH	domain:hotelbalnearioalhamadearagon.com
	B	78		Spain	Q62274556		hotel										Q62274556	2026-08-16T19:50:59.973149Z		Canonical queue drain | fit B | GitHub MASTER dedupe passed	http://www.hostallallagosta.com/	hostallallagosta@gmail.com	https://www.hostallallagosta.com/contact/	https://www.instagram.com/lallagostallafranc/							Permissive	Qualification	http://www.wikidata.org/entity/Q62274556; https://www.hostallallagosta.com/	Wikidata structured evidence; country=Q29; class=Q27686; official website property P856. Public business email recovered from first-party website; no inference.				q62274556	hostallallagosta.com		q62274556		Spain	PERMISSIVE	domain:hostallallagosta.com
	B	78		Spain	Balneario Sicilia		hotel										Q109279570	2026-08-16T19:50:59.973149Z		Canonical queue drain | fit B | GitHub MASTER dedupe passed	https://www.balneariosicilia.com/	reservas@balneariosicilia.com		https://www.instagram.com/balneariosicilia/	https://www.facebook.com/BalnearioSicilia/						Medium	Recall-first	http://www.wikidata.org/entity/Q109279570; https://www.balneariosicilia.com/	Wikidata structured evidence; country=Q29; class=Q27686; official website property P856. Public business email recovered from first-party website; no inference.				q109279570	balneariosicilia.com		balneario sicilia		Spain	MEDIUM	domain:balneariosicilia.com
	B	78		Spain	Q68339694		hotel										Q68339694	2026-08-16T19:50:59.973149Z		Canonical queue drain | fit B | GitHub MASTER dedupe passed	https://www.b51hotel.com		https://www.b51hotel.com/	https://www.instagram.com/hotelb51/	https://www.facebook.com/HotelB51/						Permissive	Qualification	http://www.wikidata.org/entity/Q68339694; https://www.b51hotel.com/; https://www.b51hotel.com	Wikidata structured evidence; country=Q29; class=Q27686; official website property P856.				q68339694	b51hotel.com		q68339694		Spain	PERMISSIVE	domain:b51hotel.com
	B	78		United States	Limestone Inn Bed and Breakfast		hotel										Q6549332	2026-08-16T19:45:30.907089Z		Canonical queue drain | fit B | GitHub MASTER dedupe passed	http://www.thelimestoneinn.com/	limestoneinn@yahoo.com	https://www.thelimestoneinn.com/contact/				https://www.thelimestoneinn.com/rooms-list/				Medium	Recall-first	http://www.wikidata.org/entity/Q6549332; https://www.thelimestoneinn.com/	Wikidata structured evidence; country=Q30; class=Q27686; official website property P856. Public business email recovered from first-party website; no inference.				q6549332	thelimestoneinn.com		limestone inn bed and breakfast		United States	MEDIUM	domain:thelimestoneinn.com
	B	78		United States	Fairmount Hotel		hotel										Q5430647	2026-08-16T19:45:30.907089Z		Canonical queue drain | fit B | GitHub MASTER dedupe passed	http://www.thefairmounthotel-sanantonio.com/		https://www.thefairmounthotel-sanantonio.com/about	https://www.instagram.com/teepublic/	https://www.facebook.com/TeePubliccom-865099700332025/						Medium	Recall-first	http://www.wikidata.org/entity/Q5430647; https://www.thefairmounthotel-sanantonio.com/	Wikidata structured evidence; country=Q30; class=Q27686; official website property P856.				q5430647	thefairmounthotel-sanantonio.com		fairmount hotel		United States	MEDIUM	domain:thefairmounthotel-sanantonio.com
	B	78		United States	Hotel des Arts		hotel										Q5912182	2026-08-16T19:45:30.907089Z		Canonical queue drain | fit B | GitHub MASTER dedupe passed	http://www.sfhoteldesarts.com	info@sfhoteldesarts.com	https://www.sfhoteldesarts.com/contacts-directions				https://www.sfhoteldesarts.com/our-rooms				High	Verified	http://www.wikidata.org/entity/Q5912182; https://www.sfhoteldesarts.com/	Wikidata structured evidence; country=Q30; class=Q27686; official website property P856. Public business email recovered from first-party website; no inference.				q5912182	sfhoteldesarts.com		hotel des arts		United States	HIGH	domain:sfhoteldesarts.com
	B	78		United States	Hotel on Rivington		hotel										Q5912214	2026-08-16T19:45:30.907089Z		Canonical queue drain | fit B | GitHub MASTER dedupe passed	http://hotelonrivington.com		https://www.hotelonrivington.com/contact/		https://www.facebook.com/HotelOnRivingtonNY/		https://www.hotelonrivington.com/rooms-suites/				High	Verified	http://www.wikidata.org/entity/Q5912214; https://www.hotelonrivington.com/	Wikidata structured evidence; country=Q30; class=Q27686; official website property P856.				q5912214	hotelonrivington.com		hotel on rivington		United States	HIGH	domain:hotelonrivington.com
	B	78		United States	Caribbean Motel		hotel										Q5039402	2026-08-16T19:45:30.907089Z		Canonical queue drain | fit B | GitHub MASTER dedupe passed	https://caribbeanmotel.com/		https://caribbeanmotel.com/about/		https://www.facebook.com/caribbeanmotel/		https://caribbeanmotel.com/rooms/				High	Verified	http://www.wikidata.org/entity/Q5039402; https://caribbeanmotel.com/	Wikidata structured evidence; country=Q30; class=Q27686; official website property P856.				q5039402	caribbeanmotel.com		caribbean motel		United States	HIGH	domain:caribbeanmotel.com
	B	78		United States	Boulder Station		hotel										Q4949600	2026-08-16T19:45:30.907089Z		Canonical queue drain | fit B | GitHub MASTER dedupe passed	https://www.boulderstation.com/		https://boulderstation.com/contact/		https://www.facebook.com/boulderstation/		https://boulderstation.com/stay/rooms/				Medium	Recall-first	http://www.wikidata.org/entity/Q4949600; https://boulderstation.com/	Wikidata structured evidence; country=Q30; class=Q27686; official website property P856.				q4949600	boulderstation.com		boulder station		United States	MEDIUM	domain:boulderstation.com
	B	78		United States	Gadsden Hotel		hotel										Q5516455	2026-08-16T19:45:30.907089Z		Canonical queue drain | fit B | GitHub MASTER dedupe passed	http://www.thegadsdenhotel.com	frontdesk@thegadsdenhotel.com	https://thegadsdenhotel.com/about/	https://www.instagram.com/gadsdenhotel/							High	Verified	http://www.wikidata.org/entity/Q5516455; https://thegadsdenhotel.com/	Wikidata structured evidence; country=Q30; class=Q27686; official website property P856. Public business email recovered from first-party website; no inference.				q5516455	thegadsdenhotel.com		gadsden hotel		United States	HIGH	domain:thegadsdenhotel.com
	B	78		United States	H. H. Richardson Complex		hotel										Q5628289	2026-08-16T19:45:30.907089Z		Canonical queue drain | fit B | GitHub MASTER dedupe passed	http://www.richardson-olmsted.com/		https://richardson-olmsted.com/about-us/	https://www.instagram.com/richardsonolmstedcampus/	https://www.facebook.com/RichardsonOlmstedCampus/						Permissive	Qualification	http://www.wikidata.org/entity/Q5628289; https://richardson-olmsted.com/	Wikidata structured evidence; country=Q30; class=Q27686; official website property P856.				q5628289	richardson-olmsted.com		h h richardson complex		United States	PERMISSIVE	domain:richardson-olmsted.com
	B	78		United States	Naniboujou Club Lodge		hotel										Q6963600	2026-08-16T19:45:30.907089Z		Canonical queue drain | fit B | GitHub MASTER dedupe passed	https://www.naniboujou.com/	info@naniboujou.com	https://www.naniboujou.com/contact/?doing_wp_cron=1786836169.1903910636901855468750		https://www.facebook.com/Naniboujou.Lodge/						High	Verified	http://www.wikidata.org/entity/Q6963600; https://www.naniboujou.com/	Wikidata structured evidence; country=Q30; class=Q27686; official website property P856. Public business email recovered from first-party website; no inference.				q6963600	naniboujou.com		naniboujou club lodge		United States	HIGH	domain:naniboujou.com
	B	78		United States	Lightner Museum		hotel										Q6546396	2026-08-16T19:45:30.907089Z		Canonical queue drain | fit B | GitHub MASTER dedupe passed	http://www.lightnermuseum.org/		https://lightnermuseum.org/about/	https://www.instagram.com/lightner_museum/	https://www.facebook.com/LightnerMuseum/						High	Verified	http://www.wikidata.org/entity/Q6546396; https://lightnermuseum.org/	Wikidata structured evidence; country=Q30; class=Q27686; official website property P856.				q6546396	lightnermuseum.org		lightner museum		United States	HIGH	domain:lightnermuseum.org
	B	78		United States	Le Pavillon Hotel		hotel										Q6507418	2026-08-16T19:45:30.907089Z		Canonical queue drain | fit B | GitHub MASTER dedupe passed	http://www.lepavillon.com	reservations@lepavillon.com		https://www.instagram.com/lepavillonnola/	https://www.facebook.com/lepavillonneworleans/						Medium	Recall-first	http://www.wikidata.org/entity/Q6507418; https://www.lepavillon.com/	Wikidata structured evidence; country=Q30; class=Q27686; official website property P856. Public business email recovered from first-party website; no inference.				q6507418	lepavillon.com		le pavillon hotel		United States	MEDIUM	domain:lepavillon.com
	B	78		United States	La Concha Resort		hotel										Q6461934	2026-08-16T19:45:30.907089Z		Canonical queue drain | fit B | GitHub MASTER dedupe passed	http://www.laconcharesort.com		https://www.laconcharesort.com/contact	https://www.instagram.com/laconcharesort/	https://www.facebook.com/laconcharesort/						High	Verified	http://www.wikidata.org/entity/Q6461934; https://www.laconcharesort.com/	Wikidata structured evidence; country=Q30; class=Q27686; official website property P856.				q6461934	laconcharesort.com		la concha resort		United States	HIGH	domain:laconcharesort.com
	B	78		United States	Grand Lake Lodge		hotel										Q5594733	2026-08-16T19:45:30.907089Z		Canonical queue drain | fit B | GitHub MASTER dedupe passed	https://highwaywestvacations.com/properties/grand-lake-lodge		https://www.highwaywestvacations.com/contact-us/	https://www.instagram.com/highwaywestvacations/	https://www.facebook.com/HighwayWestVacations/						Permissive	Qualification	http://www.wikidata.org/entity/Q5594733; https://www.highwaywestvacations.com/hwv-sites/grand-lake-lodge/	Wikidata structured evidence; country=Q30; class=Q27686; official website property P856.				q5594733	highwaywestvacations.com		grand lake lodge		United States	PERMISSIVE	domain:highwaywestvacations.com
	B	78		United States	Heritage International Ministries		hotel										Q5738901	2026-08-16T19:45:30.907089Z		Canonical queue drain | fit B | GitHub MASTER dedupe passed	http://www.heritageconferencecenter.org/		https://www.heritageconferencecenter.org/contact-hcc	https://www.instagram.com/himconferencecenter/	https://www.facebook.com/HeritageConferenceCenter/						Permissive	Qualification	http://www.wikidata.org/entity/Q5738901; https://www.heritageconferencecenter.org/	Wikidata structured evidence; country=Q30; class=Q27686; official website property P856.				q5738901	heritageconferencecenter.org		heritage international ministries		United States	PERMISSIVE	domain:heritageconferencecenter.org
	B	78		United States	Gramercy Park Hotel		hotel										Q5593636	2026-08-16T19:45:30.907089Z		Canonical queue drain | fit B | GitHub MASTER dedupe passed	http://www.gramercyparkhotel.com		http://www.gramercyparkhotel.com/contact	https://www.instagram.com/hover_domains/	https://www.facebook.com/hover/						Medium	Recall-first	http://www.wikidata.org/entity/Q5593636; http://www.gramercyparkhotel.com/; http://www.gramercyparkhotel.com	Wikidata structured evidence; country=Q30; class=Q27686; official website property P856.				q5593636	gramercyparkhotel.com		gramercy park hotel		United States	MEDIUM	domain:gramercyparkhotel.com
	B	78		United States	Gold Spike Hotel and Casino		hotel										Q5578861	2026-08-16T19:45:30.907089Z		Canonical queue drain | fit B | GitHub MASTER dedupe passed	http://www.goldspike.com		https://goldspike.com/reservations/	https://www.instagram.com/goldspikedtlv/	https://www.facebook.com/NEWGoldSpike/						Medium	Recall-first	http://www.wikidata.org/entity/Q5578861; https://goldspike.com/	Wikidata structured evidence; country=Q30; class=Q27686; official website property P856.				q5578861	goldspike.com		gold spike hotel and casino		United States	MEDIUM	domain:goldspike.com
	B	78		United States	Golden Lamb Inn		hotel										Q5579622	2026-08-16T19:45:30.907089Z		Canonical queue drain | fit B | GitHub MASTER dedupe passed	https://www.goldenlamb.com		https://www.goldenlamb.com/about-us/	https://www.instagram.com/thegoldenlamb/	https://www.facebook.com/TheGoldenLamb/						Medium	Recall-first	http://www.wikidata.org/entity/Q5579622; https://www.goldenlamb.com/; https://www.goldenlamb.com	Wikidata structured evidence; country=Q30; class=Q27686; official website property P856.				q5579622	goldenlamb.com		golden lamb inn		United States	MEDIUM	domain:goldenlamb.com
	B	78		United States	Gold Dust West Hotel and Casino		hotel										Q5578724	2026-08-16T19:45:30.907089Z		Canonical queue drain | fit B | GitHub MASTER dedupe passed	http://www.gdwcasino.com/Carson/		https://www.gdwcasino.com/carson-city/contact/	https://www.instagram.com/gdw_carsoncty/	https://www.facebook.com/gdwcarsoncity/						Medium	Recall-first	http://www.wikidata.org/entity/Q5578724; https://www.gdwcasino.com/carson-city/	Wikidata structured evidence; country=Q30; class=Q27686; official website property P856.				q5578724	gdwcasino.com		gold dust west hotel and casino		United States	MEDIUM	domain:gdwcasino.com
	B	78		United States	Garfield Farm and Inn Museum		hotel										Q5523065	2026-08-16T19:45:30.907089Z		Canonical queue drain | fit B | GitHub MASTER dedupe passed	https://www.garfieldfarm.org	info@garfieldfarm.org	https://www.garfieldfarm.org/about.html		https://www.facebook.com/pages/Garfield-Farm-Museum/130873026930670/						Permissive	Qualification	http://www.wikidata.org/entity/Q5523065; https://www.garfieldfarm.org	Wikidata structured evidence; country=Q30; class=Q27686; official website property P856. Public business email recovered from first-party website; no inference.				q5523065	garfieldfarm.org		garfield farm and inn museum		United States	PERMISSIVE	domain:garfieldfarm.org
	B	78		France	Saint-Jean-de-Sixt		resort										Q818418	2026-08-16T19:41:36.090400Z		Canonical queue drain | fit B | GitHub MASTER dedupe passed	https://www.saint-jean-de-sixt.fr	urbanisme2@saint-jean-de-sixt.fr	https://saint-jean-de-sixt.fr/contact/				https://saint-jean-de-sixt.fr/commune/village/				Medium	Recall-first	http://www.wikidata.org/entity/Q818418; https://saint-jean-de-sixt.fr/	Wikidata structured evidence; country=Q142; class=Q875157; official website property P856. Public business email recovered from first-party website; no inference.				q818418	saint-jean-de-sixt.fr		saint jean de sixt		France	MEDIUM	domain:saint-jean-de-sixt.fr
	B	78		France	Refuge de Presset		hotel										Q3423178	2026-08-16T19:41:36.090400Z		Canonical queue drain | fit B | GitHub MASTER dedupe passed	https://www.refugedepresset.fr/fr/		https://www.refugedepresset.fr/fr/contact		https://www.facebook.com/Refuge-de-Presset-Beaufortain--1071779462949961/		https://www.refugedepresset.fr/en/info/booking				Permissive	Qualification	http://www.wikidata.org/entity/Q3423178; https://www.refugedepresset.fr/fr/	Wikidata structured evidence; country=Q142; class=Q27686; official website property P856.				q3423178	refugedepresset.fr		refuge de presset		France	PERMISSIVE	domain:refugedepresset.fr
	B	78		France	Refuge de Folly		hotel										Q3423239	2026-08-16T19:41:36.090400Z		Canonical queue drain | fit B | GitHub MASTER dedupe passed	https://www.refuge-du-folly.fr/	refugedufolly@gmail.com			https://www.facebook.com/Refuge-du-Folly-1891895261091322/	https://wa.me/+33672914758					Medium	Recall-first	http://www.wikidata.org/entity/Q3423239; https://www.refuge-du-folly.fr/	Wikidata structured evidence; country=Q142; class=Q27686; official website property P856. Public business email recovered from first-party website; no inference.				q3423239	refuge-du-folly.fr		refuge de folly		France	MEDIUM	domain:refuge-du-folly.fr
	B	78		France	Risoul		resort										Q877518	2026-08-16T19:41:36.090400Z		Canonical queue drain | fit B | GitHub MASTER dedupe passed	http://www.mairiederisoul.com/	accueil@mairiederisoul.com	https://www.mairiederisoul.com/contact				https://www.mairiederisoul.com/sites/default/files/styles/og_facebook/public/images/2026-05/creditphototheomanzon-1.jpeg?itok=nhzk1rLR				Medium	Recall-first	http://www.wikidata.org/entity/Q877518; https://www.mairiederisoul.com/contact	Wikidata structured evidence; country=Q142; class=Q875157; official website property P856. Public business email recovered from first-party website; no inference.				q877518	mairiederisoul.com		risoul		France	MEDIUM	domain:mairiederisoul.com
	B	78		France	Manigod		resort										Q844641	2026-08-16T19:41:36.090400Z		Canonical queue drain | fit B | GitHub MASTER dedupe passed	https://mairie-manigod.fr/	st@mairie-manigod.fr	https://mairie-manigod.fr/index.php/contact/				https://mairie-manigod.fr/index.php/2025/07/29/chapelle-saint-laurent-du-villard-dessous/				High	Verified	http://www.wikidata.org/entity/Q844641; https://mairie-manigod.fr/index.php/contact/	Wikidata structured evidence; country=Q142; class=Q875157; official website property P856. Public business email recovered from first-party website; no inference.				q844641	mairie-manigod.fr		manigod		France	HIGH	domain:mairie-manigod.fr
	B	78		France	Q3104905		resort										Q3104905	2026-08-16T19:41:36.090400Z		Canonical queue drain | fit B | GitHub MASTER dedupe passed	https://www.ghisoni.corsica/station-ghisoni-capanelle		https://www.ghisoni.corsica/station-ghisoni-capanelle/67-nous-contacter		https://www.facebook.com/skighisoni/		https://www.ghisoni.corsica/territoire-de-ghisoni/39-le-village/42-l-histoire				Permissive	Qualification	http://www.wikidata.org/entity/Q3104905; https://www.ghisoni.corsica/station-ghisoni-capanelle	Wikidata structured evidence; country=Q142; class=Q875157; official website property P856.				q3104905	ghisoni.corsica		q3104905		France	PERMISSIVE	domain:ghisoni.corsica
	B	78		France	Wissant		resort										Q316447	2026-08-16T19:41:36.090400Z		Canonical queue drain | fit B | GitHub MASTER dedupe passed	http://www.ville-wissant.fr	mairie@ville-wissant.fr	https://www.ville-wissant.fr/404.php		https://www.facebook.com/mairiewissant/						High	Verified	http://www.wikidata.org/entity/Q316447; https://www.ville-wissant.fr/	Wikidata structured evidence; country=Q142; class=Q875157; official website property P856. Public business email recovered from first-party website; no inference.				q316447	ville-wissant.fr		wissant		France	HIGH	domain:ville-wissant.fr
	B	78		France	Q3232967		resort										Q3232967	2026-08-16T19:41:36.090400Z		Canonical queue drain | fit B | GitHub MASTER dedupe passed	http://www.station-lesgentianes.com/	contact@station-lesgentianes.com	https://www.station-lesgentianes.com/contact-acces.htm		https://www.facebook.com/stationlesgentianes/						Permissive	Qualification	http://www.wikidata.org/entity/Q3232967; https://www.station-lesgentianes.com/; https://www.station-lesgentianes.com/contact-acces.htm	Wikidata structured evidence; country=Q142; class=Q875157; official website property P856. Public business email recovered from first-party website; no inference.				q3232967	station-lesgentianes.com		q3232967		France	PERMISSIVE	domain:station-lesgentianes.com
	B	78		France	Refuge du Rulhe		hotel										Q11945093	2026-08-16T19:41:36.090400Z		Canonical queue drain | fit B | GitHub MASTER dedupe passed	https://rulhe.com/	refuge@rulhe.com	https://rulhe.com/contact/		https://www.facebook.com/refugerulhe/						Permissive	Qualification	http://www.wikidata.org/entity/Q11945093; https://rulhe.com/	Wikidata structured evidence; country=Q142; class=Q27686; official website property P856. Public business email recovered from first-party website; no inference.				q11945093	rulhe.com		refuge du rulhe		France	PERMISSIVE	domain:rulhe.com
	B	78		France	Pra Loup		resort										Q2345828	2026-08-16T19:41:36.090400Z		Canonical queue drain | fit B | GitHub MASTER dedupe passed	http://www.praloup.com/		https://www.praloup.com/loffice-de-tourisme/	https://www.instagram.com/pra_loup/	https://www.facebook.com/praloup/						Permissive	Qualification	http://www.wikidata.org/entity/Q2345828; https://www.praloup.com/	Wikidata structured evidence; country=Q142; class=Q875157; official website property P856.				q2345828	praloup.com		pra loup		France	PERMISSIVE	domain:praloup.com
	B	78		France	Puy-Saint-Vincent		resort										Q1086218	2026-08-16T19:41:36.090400Z		Canonical queue drain | fit B | GitHub MASTER dedupe passed	http://www.mairie-puy-saint-vincent.fr	info@mairie-puy-saint-vincent.fr	https://www.mairie-puy-saint-vincent.fr/contact		https://www.facebook.com/mairie.puysaintvincent/						Medium	Recall-first	http://www.wikidata.org/entity/Q1086218; https://www.mairie-puy-saint-vincent.fr/	Wikidata structured evidence; country=Q142; class=Q875157; official website property P856. Public business email recovered from first-party website; no inference.				q1086218	mairie-puy-saint-vincent.fr		puy saint vincent		France	MEDIUM	domain:mairie-puy-saint-vincent.fr
	B	78		France	Aussois		resort										Q567783	2026-08-16T19:41:36.090400Z		Canonical queue drain | fit B | GitHub MASTER dedupe passed	http://www.mairie-aussois.com		https://www.mairie-aussois.com/contact/	https://www.instagram.com/stationaussois/	https://www.facebook.com/maurienne.tv/						Medium	Recall-first	http://www.wikidata.org/entity/Q567783; https://www.mairie-aussois.com/; https://www.mairie-aussois.com/contact/	Wikidata structured evidence; country=Q142; class=Q875157; official website property P856.				q567783	mairie-aussois.com		aussois		France	MEDIUM	domain:mairie-aussois.com
	B	78		France	Gîte du Volcan		hotel										Q3124529	2026-08-16T19:41:36.090400Z		Canonical queue drain | fit B | GitHub MASTER dedupe passed	https://www.legiteduvolcan.re/	myris.picard974@gmail.com	https://www.legiteduvolcan.re/contact		https://www.facebook.com/Myris974/						Medium	Recall-first	http://www.wikidata.org/entity/Q3124529; https://www.legiteduvolcan.re/; https://www.legiteduvolcan.re/contact	Wikidata structured evidence; country=Q142; class=Q27686; official website property P856. Public business email recovered from first-party website; no inference.				q3124529	legiteduvolcan.re		gite du volcan		France	MEDIUM	domain:legiteduvolcan.re
	B	78		France	Mercure Dijon Centre Clemenceau		hotel										Q19951066	2026-08-16T19:41:36.090400Z		Canonical queue drain | fit B | GitHub MASTER dedupe passed	http://www.hotel-mercure-dijon.fr/		https://www.hotel-mercure-dijon.fr/contact-acces/	https://www.instagram.com/lechateaubourgogne/	https://www.facebook.com/p/Mercure-Dijon-Centre-Clemenceau-Restaurant-Le-Chateau-Bourgogne-100063820364762/						Medium	Recall-first	http://www.wikidata.org/entity/Q19951066; https://www.hotel-mercure-dijon.fr/	Wikidata structured evidence; country=Q142; class=Q27686; official website property P856.				q19951066	hotel-mercure-dijon.fr		mercure dijon centre clemenceau		France	MEDIUM	domain:hotel-mercure-dijon.fr
	B	78		France	Hotel Bellepierre		hotel										Q3145417	2026-08-16T19:41:36.090400Z		Canonical queue drain | fit B | GitHub MASTER dedupe passed	http://www.hotel-bellepierre.com		https://hotel-bellepierre.com/menu-restaurant-concorde/	https://www.instagram.com/hotel_bellepierre/	https://www.facebook.com/hotel.bellepierre.reunion/						Medium	Recall-first	http://www.wikidata.org/entity/Q3145417; http://www.hotel-bellepierre.com/; http://www.hotel-bellepierre.com	Wikidata structured evidence; country=Q142; class=Q27686; official website property P856.				q3145417	hotel-bellepierre.com		hotel bellepierre		France	MEDIUM	domain:hotel-bellepierre.com
	B	78		France	Goûter Refuge		hotel										Q843853	2026-08-16T19:41:36.090400Z		Canonical queue drain | fit B | GitHub MASTER dedupe passed	https://montblanc.ffcam.fr/refuge-home-1.html	montblanc.resas@ffcam.fr	https://montblanc.ffcam.fr/reservation.html		https://www.facebook.com/refugesmontblanc/						Permissive	Qualification	http://www.wikidata.org/entity/Q843853; https://montblanc.ffcam.fr/refuge-home-1.html; https://montblanc.ffcam.fr/bottom_contact.html	Wikidata structured evidence; country=Q142; class=Q27686; official website property P856. Public business email recovered from first-party website; no inference.				q843853	ffcam.fr		gouter refuge		France	PERMISSIVE	domain:ffcam.fr
	B	78		France	Q3145553		hotel										Q3145553	2026-08-16T19:41:36.090400Z		Canonical queue drain | fit B | GitHub MASTER dedupe passed	http://www.domaine-d-auriac.fr/		https://domaine-d-auriac.fr/contact/	https://www.instagram.com/domainedauriac/	https://www.facebook.com/domainedauriac/						Permissive	Qualification	http://www.wikidata.org/entity/Q3145553; https://domaine-d-auriac.fr/	Wikidata structured evidence; country=Q142; class=Q27686; official website property P856.				q3145553	domaine-d-auriac.fr		q3145553		France	PERMISSIVE	domain:domaine-d-auriac.fr
	B	78		France	Buddha Bar		hotel										Q851372	2026-08-16T19:41:36.090400Z		Canonical queue drain | fit B | GitHub MASTER dedupe passed	http://www.buddhabar.com	contact@buddhabar.com	https://www.buddhabar.com/contact/	https://www.instagram.com/buddhabarparis/							Medium	Recall-first	http://www.wikidata.org/entity/Q851372; http://www.buddhabar.com/; https://www.buddhabar.com/contact/	Wikidata structured evidence; country=Q142; class=Q27686; official website property P856. Public business email recovered from first-party website; no inference.				q851372	buddhabar.com		buddha bar		France	MEDIUM	domain:buddhabar.com
	B	78		France	Domaine de la Bretesche		resort										Q2693243	2026-08-16T19:41:36.090400Z		Canonical queue drain | fit B | GitHub MASTER dedupe passed	https://www.bretesche.com	reservation@bretesche.com	https://www.bretesche.com/contact	https://www.instagram.com/domainedelabretesche/							High	Verified	http://www.wikidata.org/entity/Q2693243; https://www.bretesche.com/; https://www.bretesche.com	Wikidata structured evidence; country=Q142; class=Q875157; official website property P856. Public business email recovered from first-party website; no inference.				q2693243	bretesche.com		domaine de la bretesche		France	HIGH	domain:bretesche.com
	B	78		United States	Wiawaka Holiday House		hotel										Q7998062	2026-08-16T19:39:00.595678Z		Canonical queue drain | fit B | GitHub MASTER dedupe passed	http://www.wiawaka.org	stay@wiawaka.org	https://www.wiawaka.org/faqs				https://www.wiawaka.org/overnight-accommodations				High	Verified	http://www.wikidata.org/entity/Q7998062; https://www.wiawaka.org/faqs	Wikidata structured evidence; country=Q30; class=Q27686; official website property P856. Public business email recovered from first-party website; no inference.				q7998062	wiawaka.org		wiawaka holiday house		United States	HIGH	domain:wiawaka.org
	B	78		United States	White Horse Tavern		hotel										Q7994831	2026-08-16T19:39:00.595678Z		Canonical queue drain | fit B | GitHub MASTER dedupe passed	https://www.whitehorsetavern.org/	info@whitehorsetavern.org	https://www.whitehorsetavern.org/contact/				https://www.whitehorsetavern.org/category/books/				High	Verified	http://www.wikidata.org/entity/Q7994831; https://www.whitehorsetavern.org/contact/	Wikidata structured evidence; country=Q30; class=Q27686; official website property P856. Public business email recovered from first-party website; no inference.				q7994831	whitehorsetavern.org		white horse tavern		United States	HIGH	domain:whitehorsetavern.org
	B	78		United States	Samuel Kraemer Building		hotel										Q7411930	2026-08-16T19:39:00.595678Z		Canonical queue drain | fit B | GitHub MASTER dedupe passed	http://www.thekraemer.com/	info@thekraemer.com	http://www.thekraemer.com/aboutkraemer				http://www.thekraemer.com/book-now				High	Verified	http://www.wikidata.org/entity/Q7411930; http://www.thekraemer.com/	Wikidata structured evidence; country=Q30; class=Q27686; official website property P856. Public business email recovered from first-party website; no inference.				q7411930	thekraemer.com		samuel kraemer building		United States	HIGH	domain:thekraemer.com
	B	78		United States	The Hotel Clarence		hotel										Q7740438	2026-08-16T19:39:00.595678Z		Canonical queue drain | fit B | GitHub MASTER dedupe passed	http://www.thegouldhotel.com/		http://www.thegouldhotel.com/contact	https://www.instagram.com/thegouldhotel/	https://www.facebook.com/thegouldhotel/						Permissive	Qualification	http://www.wikidata.org/entity/Q7740438	Wikidata structured evidence; country=Q30; class=Q27686; official website property P856.				q7740438	thegouldhotel.com		the hotel clarence		United States	PERMISSIVE	domain:thegouldhotel.com
	B	78		United States	Sunset Station		hotel										Q7641354	2026-08-16T19:39:00.595678Z		Canonical queue drain | fit B | GitHub MASTER dedupe passed	https://www.sunsetstation.com/		https://sunsetstation.com/contact/		https://www.facebook.com/sunsetstation/		https://sunsetstation.com/stay/rooms/				High	Verified	http://www.wikidata.org/entity/Q7641354; https://sunsetstation.com/	Wikidata structured evidence; country=Q30; class=Q27686; official website property P856.				q7641354	sunsetstation.com		sunset station		United States	HIGH	domain:sunsetstation.com
	B	78		United States	Soaring Eagle Casino & Resort		hotel										Q7549862	2026-08-16T19:39:00.595678Z		Canonical queue drain | fit B | GitHub MASTER dedupe passed	http://www.soaringeaglecasino.com/		https://soaringeaglecasino.com/soaring-eagle/contact-us/		https://www.facebook.com/SoaringEagleCasino/		https://soaringeaglecasino.com/casino/soaring-eagle/ascend-sportsbook/				High	Verified	http://www.wikidata.org/entity/Q7549862; https://soaringeaglecasino.com/	Wikidata structured evidence; country=Q30; class=Q27686; official website property P856.				q7549862	soaringeaglecasino.com		soaring eagle casino resort		United States	HIGH	domain:soaringeaglecasino.com
	B	78		United States	Skiland		resort										Q7535168	2026-08-16T19:39:00.595678Z		Canonical queue drain | fit B | GitHub MASTER dedupe passed	http://www.skiland.org		http://www.skiland.org/contact		https://www.facebook.com/skilandskiarea/		http://www.skiland.org/rentals.html				Permissive	Qualification	http://www.wikidata.org/entity/Q7535168	Wikidata structured evidence; country=Q30; class=Q875157; official website property P856.				q7535168	skiland.org		skiland		United States	PERMISSIVE	domain:skiland.org
	B	78		United States	Terrible's Hotel and Casino		hotel										Q7703645	2026-08-16T19:39:00.595678Z		Canonical queue drain | fit B | GitHub MASTER dedupe passed	http://www.silversevenscasino.com/		https://www.silversevenscasino.com/contact-us/		https://www.facebook.com/SilverSevensLV/		https://www.silversevenscasino.com/wp-content/themes/affinityGaming/css/booking.style.css				High	Verified	http://www.wikidata.org/entity/Q7703645; https://www.silversevenscasino.com/	Wikidata structured evidence; country=Q30; class=Q27686; official website property P856.				q7703645	silversevenscasino.com		terrible s hotel and casino		United States	HIGH	domain:silversevenscasino.com
	B	78		United States	Riverside Resort Hotel & Casino		hotel										Q7338586	2026-08-16T19:39:00.595678Z		Canonical queue drain | fit B | GitHub MASTER dedupe passed	https://www.riversideresort.com/		https://www.riversideresort.com/don-laughlin-history-founder-riverside-resort-casino/about-us/		https://www.facebook.com/laughlinriversideresort/		https://www.riversideresort.com/hotel-rooms-riverside/				High	Verified	http://www.wikidata.org/entity/Q7338586; https://www.riversideresort.com/	Wikidata structured evidence; country=Q30; class=Q27686; official website property P856.				q7338586	riversideresort.com		riverside resort hotel casino		United States	HIGH	domain:riversideresort.com
	B	78		United States	The Mercer Hotel		hotel										Q7751035	2026-08-16T19:39:00.595678Z		Canonical queue drain | fit B | GitHub MASTER dedupe passed	http://www.mercerhotel.com		https://reservations.mercerhotel.com/109485	https://www.instagram.com/mercerhotel/			https://mercerhotel.com/rooms/				High	Verified	http://www.wikidata.org/entity/Q7751035; https://mercerhotel.com/	Wikidata structured evidence; country=Q30; class=Q27686; official website property P856.				q7751035	mercerhotel.com		the mercer hotel		United States	HIGH	domain:mercerhotel.com
	B	78		United States	Seaside Inn		hotel										Q7441837	2026-08-16T19:39:00.595678Z		Canonical queue drain | fit B | GitHub MASTER dedupe passed	http://www.kennebunkbeachmaine.com/seasideinn		https://kennebunkbeachmaine.com/seasideinn/about-us/		https://www.facebook.com/kennebunkbeach/		https://kennebunkbeachmaine.com/seasideinn/seaside-inn-rooms/				Medium	Recall-first	http://www.wikidata.org/entity/Q7441837; https://kennebunkbeachmaine.com/seasideinn/	Wikidata structured evidence; country=Q30; class=Q27686; official website property P856.				q7441837	kennebunkbeachmaine.com		seaside inn		United States	MEDIUM	domain:kennebunkbeachmaine.com
	B	78		United States	The Empire Hotel		hotel										Q16985502	2026-08-16T19:39:00.595678Z		Canonical queue drain | fit B | GitHub MASTER dedupe passed	http://empirehotelnyc.com		https://www.empirehotelnyc.com/contact-location	https://www.instagram.com/theempirehotel/			https://www.empirehotelnyc.com/rooms/suites				High	Verified	http://www.wikidata.org/entity/Q16985502; https://www.empirehotelnyc.com/	Wikidata structured evidence; country=Q30; class=Q27686; official website property P856.				q16985502	empirehotelnyc.com		the empire hotel		United States	HIGH	domain:empirehotelnyc.com
	B	78		United States	Cal-Vada Lodge Hotel		hotel										Q14681676	2026-08-16T19:39:00.595678Z		Canonical queue drain | fit B | GitHub MASTER dedupe passed	https://www.crystalbaycasino.com/		https://www.crystalbaycasino.com/contact	https://www.instagram.com/crystalbayclub/	https://www.facebook.com/CrystalBayClub/						Permissive	Qualification	http://www.wikidata.org/entity/Q14681676	Wikidata structured evidence; country=Q30; class=Q27686; official website property P856.				q14681676	crystalbaycasino.com		cal vada lodge hotel		United States	PERMISSIVE	domain:crystalbaycasino.com
	B	78		United States	The Artisan Hotel		hotel										Q7714569	2026-08-16T19:39:00.595678Z		Canonical queue drain | fit B | GitHub MASTER dedupe passed	http://www.artisanhotel.com/	info@artisanhotel.com	http://www.artisanhotel.com/about				http://www.artisanhotel.com/suites/				Medium	Recall-first	http://www.wikidata.org/entity/Q7714569; http://www.artisanhotel.com/	Wikidata structured evidence; country=Q30; class=Q27686; official website property P856. Public business email recovered from first-party website; no inference.				q7714569	artisanhotel.com		the artisan hotel		United States	MEDIUM	domain:artisanhotel.com
	B	78		United States	Trapp Family Lodge		resort										Q7835597	2026-08-16T19:39:00.595678Z		Canonical queue drain | fit B | GitHub MASTER dedupe passed	https://www.vontrappresort.com/		https://reservations.vontrappresort.com/?hotel=47632&adult=2	https://www.instagram.com/vontrappresort/	https://www.facebook.com/vonTrappFamilyLodgeandResort/						High	Verified	http://www.wikidata.org/entity/Q7835597; https://www.vontrappresort.com/	Wikidata structured evidence; country=Q30; class=Q875157; official website property P856.				q7835597	vontrappresort.com		trapp family lodge		United States	HIGH	domain:vontrappresort.com
	B	78		United States	The Flanders Hotel		hotel										Q7734372	2026-08-16T19:39:00.595678Z		Canonical queue drain | fit B | GitHub MASTER dedupe passed	http://theflandershotel.com/	info@theflandershotel.com		https://www.instagram.com/theflandershotel/	https://www.facebook.com/theflandershotel/events/						High	Verified	http://www.wikidata.org/entity/Q7734372; https://www.theflandershotel.com/	Wikidata structured evidence; country=Q30; class=Q27686; official website property P856. Public business email recovered from first-party website; no inference.				q7734372	theflandershotel.com		the flanders hotel		United States	HIGH	domain:theflandershotel.com
	B	78		United States	Tachi Palace		hotel										Q7673704	2026-08-16T19:39:00.595678Z		Canonical queue drain | fit B | GitHub MASTER dedupe passed	http://www.tachipalace.com/		https://www.tachipalace.com/about-us/	https://www.instagram.com/tachipalace/	https://www.facebook.com/tachipalace/						High	Verified	http://www.wikidata.org/entity/Q7673704; https://www.tachipalace.com/	Wikidata structured evidence; country=Q30; class=Q27686; official website property P856.				q7673704	tachipalace.com		tachi palace		United States	HIGH	domain:tachipalace.com
	B	78		United States	The Peninsula Beverly Hills		hotel										Q7756546	2026-08-16T19:39:00.595678Z		Canonical queue drain | fit B | GitHub MASTER dedupe passed	https://www.peninsula.com/en/beverly-hills/5-star-luxury-hotel-beverly-hills		https://www.peninsula.com/en/global-pages/contact-us	https://www.instagram.com/thepeninsulabh/	https://www.facebook.com/thepeninsulabh/						High	Verified	http://www.wikidata.org/entity/Q7756546; https://www.peninsula.com/en/beverly-hills/5-star-luxury-hotel-beverly-hills	Wikidata structured evidence; country=Q30; class=Q27686; official website property P856.				q7756546	peninsula.com		the peninsula beverly hills		United States	HIGH	domain:peninsula.com
	B	78		United States	The Mansion on O Street		hotel										Q7750226	2026-08-16T19:39:00.595678Z		Canonical queue drain | fit B | GitHub MASTER dedupe passed	https://www.omansion.com/		https://www.omansion.com/about	https://www.instagram.com/omansion/	https://www.facebook.com/pages/Washington-DC/The-Mansion-on-O-Street/47281272346/						High	Verified	http://www.wikidata.org/entity/Q7750226; https://www.omansion.com/	Wikidata structured evidence; country=Q30; class=Q27686; official website property P856.				q7750226	omansion.com		the mansion on o street		United States	HIGH	domain:omansion.com
	B	78		United States	Harrah's Casino Tunica		hotel										Q14693201	2026-08-16T19:39:00.595678Z		Canonical queue drain | fit B | GitHub MASTER dedupe passed	http://www.harrahscasino.com/	njsupport@harrahscasino.com	http://www.harrahscasino.com/contact-us/		https://www.facebook.com/HarrahsOnline/						Medium	Recall-first	http://www.wikidata.org/entity/Q14693201; http://www.harrahscasino.com/	Wikidata structured evidence; country=Q30; class=Q27686; official website property P856. Public business email recovered from first-party website; no inference.				q14693201	harrahscasino.com		harrah s casino tunica		United States	MEDIUM	domain:harrahscasino.com
	B	78		United States	The Empress Hotel		hotel										Q7731964	2026-08-16T19:39:00.595678Z		Canonical queue drain | fit B | GitHub MASTER dedupe passed	http://www.asburyempress.com/	empresshotelap@yahoo.com	https://asburyempress.com/about-us/	https://www.instagram.com/empresshotelap/							High	Verified	http://www.wikidata.org/entity/Q7731964; https://asburyempress.com/	Wikidata structured evidence; country=Q30; class=Q27686; official website property P856. Public business email recovered from first-party website; no inference.				q7731964	asburyempress.com		the empress hotel		United States	HIGH	domain:asburyempress.com
	B	78	Zolotoy Plyazh	RU	FonGrad Resort Spa Hotel		resort	оз. Тургояк	8 (351) 329-85-00								overture:6d8ee38a-2db4-4099-af47-346ee57d8d21	2026-08-16T19:38:15.846190Z		Canonical queue drain | fit B | GitHub MASTER dedupe passed	http://fongrad.ru		http://fongrad.ru/contact				http://fongrad.ru/apartments/				High	Verified	https://explore.overturemaps.org/#id=6d8ee38a-2db4-4099-af47-346ee57d8d21	Public Overture website; no usable Overture email. First-party public contact crawl required; no inference.				overture:6d8ee38a-2db4-4099-af47-346ee57d8d21	fongrad.ru	83513298500	fongrad resort spa hotel	Zolotoy Plyazh	RU	HIGH	domain:fongrad.ru
	B	78		United States	Waldorf-Astoria Hotel		hotel										Q1123997	2026-08-16T19:34:44.449375Z		Canonical queue drain | fit B | GitHub MASTER dedupe passed	https://www.waldorftowers.nyc/		https://www.waldorftowers.nyc/contact	https://www.instagram.com/waldorfnyc/	https://www.facebook.com/WaldorfAstoriaNewYork/						High	Verified	http://www.wikidata.org/entity/Q1123997; https://www.waldorftowers.nyc/	Wikidata structured evidence; country=Q30; class=Q27686; official website property P856.				q1123997	waldorftowers.nyc		waldorf astoria hotel		United States	HIGH	domain:waldorftowers.nyc
	B	78		United States	Hollywood Roosevelt Hotel		hotel										Q1559342	2026-08-16T19:34:44.449375Z		Canonical queue drain | fit B | GitHub MASTER dedupe passed	https://www.thehollywoodroosevelt.com/		https://www.thehollywoodroosevelt.com/contact/	https://www.instagram.com/thehollywoodroosevelt/			https://www.thehollywoodroosevelt.com/rooms/				Medium	Recall-first	http://www.wikidata.org/entity/Q1559342; https://www.thehollywoodroosevelt.com/	Wikidata structured evidence; country=Q30; class=Q27686; official website property P856.				q1559342	thehollywoodroosevelt.com		hollywood roosevelt hotel		United States	MEDIUM	domain:thehollywoodroosevelt.com
	B	78		United States	Hermitage Hotel		hotel										Q2589991	2026-08-16T19:34:44.449375Z		Canonical queue drain | fit B | GitHub MASTER dedupe passed	https://www.thehermitagehotel.com/		https://thehermitagehotel.com/contact/	https://www.instagram.com/hermitagehotel/			https://thehermitagehotel.com/wp-content/themes/hermitage/modules/booking_widget/booking_widget.css?ver=7.0.4				High	Verified	http://www.wikidata.org/entity/Q2589991; https://thehermitagehotel.com/	Wikidata structured evidence; country=Q30; class=Q27686; official website property P856.				q2589991	thehermitagehotel.com		hermitage hotel		United States	HIGH	domain:thehermitagehotel.com
	B	78		United States	Shades of Green		hotel										Q3481157	2026-08-16T19:34:44.449375Z		Canonical queue drain | fit B | GitHub MASTER dedupe passed	http://www.shadesofgreen.org/	sogaccountsreceivable@shadesofgreen.org	https://www.shadesofgreen.org/contact-us				https://bookings.shadesofgreen.org/retrieve				High	Verified	http://www.wikidata.org/entity/Q3481157; https://www.shadesofgreen.org/contact-us	Wikidata structured evidence; country=Q30; class=Q27686; official website property P856. Public business email recovered from first-party website; no inference.				q3481157	shadesofgreen.org		shades of green		United States	HIGH	domain:shadesofgreen.org
	B	78		United States	Boone Tavern		hotel										Q4943651	2026-08-16T19:34:44.449375Z		Canonical queue drain | fit B | GitHub MASTER dedupe passed	https://www.boonetavernhotel.com/	efejeran@boonetavernhotel.com	https://boonetavernhotel.com/contact-us				https://boonetavernhotel.com/rooms-suites				High	Verified	http://www.wikidata.org/entity/Q4943651; https://boonetavernhotel.com/contact-us	Wikidata structured evidence; country=Q30; class=Q27686; official website property P856. Public business email recovered from first-party website; no inference.				q4943651	boonetavernhotel.com		boone tavern		United States	HIGH	domain:boonetavernhotel.com
	B	78		United States	Baker Hotel		hotel										Q4849156	2026-08-16T19:34:44.449375Z		Canonical queue drain | fit B | GitHub MASTER dedupe passed	https://thebakerhotelandspa.com/		https://thebakerhotelandspa.com/about/	https://www.instagram.com/thebakerhotelandspa/	https://www.facebook.com/thebakerhotelandspa/						High	Verified	http://www.wikidata.org/entity/Q4849156; https://thebakerhotelandspa.com/	Wikidata structured evidence; country=Q30; class=Q27686; official website property P856.				q4849156	thebakerhotelandspa.com		baker hotel		United States	HIGH	domain:thebakerhotelandspa.com
	B	78		United States	Buffalo Bill's		hotel										Q2927634	2026-08-16T19:34:44.449375Z		Canonical queue drain | fit B | GitHub MASTER dedupe passed	http://www.primmvalleyresorts.com/		https://primmvalleyresorts.com/contact/	https://www.instagram.com/primmvalley/	https://www.facebook.com/PrimmValley/						High	Verified	http://www.wikidata.org/entity/Q2927634; https://primmvalleyresorts.com/	Wikidata structured evidence; country=Q30; class=Q27686; official website property P856.				q2927634	primmvalleyresorts.com		buffalo bill s		United States	HIGH	domain:primmvalleyresorts.com
	B	78		United States	Max Casino		hotel										Q5046962	2026-08-16T19:34:44.449375Z		Canonical queue drain | fit B | GitHub MASTER dedupe passed	http://www.maxcasinocc.com/		https://www.maxcasinocc.com/contact	https://www.instagram.com/locations/	https://www.facebook.com/MaxCasinoCarson/						High	Verified	http://www.wikidata.org/entity/Q5046962; https://www.maxcasinocc.com/	Wikidata structured evidence; country=Q30; class=Q27686; official website property P856.				q5046962	maxcasinocc.com		max casino		United States	HIGH	domain:maxcasinocc.com
	B	78		United States	Circus Circus Las Vegas		hotel										Q1092961	2026-08-16T19:34:44.449375Z		Canonical queue drain | fit B | GitHub MASTER dedupe passed	https://www.circuscircus.com/		https://www.circuscircus.com/contact-us/	https://www.instagram.com/circusvegas/	https://www.facebook.com/circuscircus/						High	Verified	http://www.wikidata.org/entity/Q1092961; https://www.circuscircus.com/	Wikidata structured evidence; country=Q30; class=Q27686; official website property P856.				q1092961	circuscircus.com		circus circus las vegas		United States	HIGH	domain:circuscircus.com
	B	78		United States	Chateau Marmont		hotel										Q741123	2026-08-16T19:34:44.449375Z		Canonical queue drain | fit B | GitHub MASTER dedupe passed	https://www.chateaumarmont.com/	concierge@chateaumarmont.com	https://reservations.chateaumarmont.com/109487	https://www.instagram.com/chateaumarmont/							Medium	Recall-first	http://www.wikidata.org/entity/Q741123; https://www.chateaumarmont.com/	Wikidata structured evidence; country=Q30; class=Q27686; official website property P856. Public business email recovered from first-party website; no inference.				q741123	chateaumarmont.com		chateau marmont		United States	MEDIUM	domain:chateaumarmont.com
	B	78	Banff	Canada	Book a vacation home or rental suite in Banff, Alberta		hospitality_search_candidate										fresh:cbd3440cc61e951df0e5	2026-08-16T19:31:41.926538Z		Canonical queue drain | fit B | GitHub MASTER dedupe passed	https://www.ehcanadatravel.com/alberta/banff/accommodations/vacation-homes.html	media@ehcanadatravel.com	https://www.ehcanadatravel.com/login.html				https://www.ehcanadatravel.com/alberta/banff/accommodations/cottages.html				High	Verified	https://www.ehcanadatravel.com/alberta/banff/accommodations/vacation-homes.html	Public search evidence; market_id=banff-ab; family=direct_vacation_homes__official; provider=ddgs; rank=7; query="vacation homes" Banff Alberta "book direct" "official site" Public business email recovered from first-party website; no inference.				fresh:cbd3440cc61e951df0e5	ehcanadatravel.com		book a vacation home or rental suite in banff alberta	Banff	Canada	HIGH	domain:ehcanadatravel.com
	B	78	Canmore	Canada	Calgary and Canmore Short Term Property Management		hospitality_search_candidate										fresh:d76118a3be0225df88ab	2026-08-16T19:25:29.036674Z		Canonical queue drain | fit B | GitHub MASTER dedupe passed	https://breezehostservices.ca/		https://breezehostservices.ca/breeze_host_services-contact_us/		https://www.facebook.com/breezehostservices/		https://breezehostservices.ca/canmore_calgary_co-host_properties/				High	Verified	https://breezehostservices.ca/	Public search evidence; market_id=canmore-ab; family=guesty_footprint__contact; provider=ddgs; rank=4; query="Powered by Guesty" Canmore Alberta vacation rentals "contact us"				fresh:d76118a3be0225df88ab	breezehostservices.ca		calgary and canmore short term property management	Canmore	Canada	HIGH	domain:breezehostservices.ca
	B	78	Whistler	Canada	whistlerpeakstays.com		hospitality_search_candidate										fresh:68c3858c1e288c33170d	2026-08-16T19:14:15.983482Z		Canonical queue drain | fit B | GitHub MASTER dedupe passed	https://www.whistlerpeakstays.com/	christian@whistlerpeakstays.com	https://www.whistlerpeakstays.com/about-us				https://www.whistlerpeakstays.com/es/				High	Verified	https://www.whistlerpeakstays.com/	Public search evidence; market_id=whistler-bc; family=direct_vacation_homes__core; provider=ddgs; rank=1; query="vacation homes" Whistler British Columbia "book direct" Public business email recovered from first-party website; no inference.				fresh:68c3858c1e288c33170d	whistlerpeakstays.com		whistlerpeakstays com	Whistler	Canada	HIGH	domain:whistlerpeakstays.com
	B	78	Martha's Vineyard	United States	Martha's Vineyard Vacation Homes for Rent		hospitality_search_candidate										fresh:2385a02629aeb32d8dde	2026-08-16T18:53:25.214050Z		Canonical queue drain | fit B | GitHub MASTER dedupe passed	https://vacationhomesmv.com/		https://vacationhomesmv.com/about		https://www.facebook.com/kimberlybiggsrealestate/		https://vacationhomesmv.com/saved				Medium	Recall-first	https://vacationhomesmv.com/	Public search evidence; market_id=marthas-vineyard-ma; family=direct_vacation_homes__core; provider=ddgs; rank=2; query="vacation homes" Martha's Vineyard Massachusetts "book direct"				fresh:2385a02629aeb32d8dde	vacationhomesmv.com		martha s vineyard vacation homes for rent	Martha's Vineyard	United States	MEDIUM	domain:vacationhomesmv.com
	B	78	Nantucket	United States	Nantucket Vacation Rentals & Lodging		hospitality_search_candidate										fresh:993876ef99b51bfac0f5	2026-08-16T18:50:09.203273Z		Canonical queue drain | fit B | GitHub MASTER dedupe passed	https://www.nantucketaccommodations.com/vacation-rentals-homes.asp?cat=2959	reservations@nantucketaccommodations.com	https://nantucketaccommodations.com/about				https://nantucketaccommodations.com/area-guide				High	Verified	https://www.nantucketaccommodations.com/vacation-rentals-homes.asp?cat=2959; https://nantucketaccommodations.com/	Public search evidence; market_id=nantucket-ma; family=guesty_footprint__core; provider=ddgs; rank=7; query="Powered by Guesty" Nantucket Massachusetts vacation rentals Public business email recovered from first-party website; no inference.				fresh:993876ef99b51bfac0f5	nantucketaccommodations.com		nantucket vacation rentals lodging	Nantucket	United States	HIGH	domain:nantucketaccommodations.com
	B	78	Казань	RU	Дубравная, лыжная база		ski_resort	Дубравная улица 2Б	+79625594312								overture:8ffc0821-4948-495e-a151-56872a59d074	2026-08-16T18:41:58.692911Z		Canonical queue drain | fit B | GitHub MASTER dedupe passed	http://dubrava-kzn.ru	info@dubrava-kzn.ru	https://www.dubrava-kzn.ru/contact/								Permissive	Qualification	https://explore.overturemaps.org/#id=8ffc0821-4948-495e-a151-56872a59d074; https://www.dubrava-kzn.ru/contact/	Public Overture website; no usable Overture email. First-party public contact crawl required; no inference. Public business email recovered from first-party website; no inference.				overture:8ffc0821-4948-495e-a151-56872a59d074	dubrava-kzn.ru	79625594312		Казань	RU	PERMISSIVE	domain:dubrava-kzn.ru
	B	78	The Hamptons	United States	The Corcoran Group: Luxury International Real Estate		hospitality_search_candidate										fresh:4f17a4f825241f4fae77	2026-08-16T18:32:28.963873Z		Canonical queue drain | fit B | GitHub MASTER dedupe passed	https://www.corcoran.com/	info@corcoran.com	https://www.corcoran.com/about-us				https://www.corcoran.com/api/ecorcoran/files/reasonable-modification-accommodation/0196632a-b0e2-7ee3-a097-03c4dc359544/view				High	Verified	https://www.corcoran.com/	Public search evidence; market_id=hamptons-ny; family=lodgify_footprint__official; provider=ddgs; rank=3; query="Powered by Lodgify" The Hamptons New York villa rentals "official site" Public business email recovered from first-party website; no inference.				fresh:4f17a4f825241f4fae77	corcoran.com		the corcoran group luxury international real estate	The Hamptons	United States	HIGH	domain:corcoran.com
	B	78	Красноярск	RU	Лыжная база Динамо		ski_resort	Ленинградская улица 48	+73912180931								overture:425148e6-7c58-4cc8-8a2b-9174a3c2b00a	2026-08-16T18:32:28.963873Z		Canonical queue drain | fit B | GitHub MASTER dedupe passed	http://www.ttpp24.ru	info@ttpp24.ru	http://www.ttpp24.ru/contacts/								Permissive	Qualification	https://explore.overturemaps.org/#id=425148e6-7c58-4cc8-8a2b-9174a3c2b00a; http://www.ttpp24.ru	Public Overture website; no usable Overture email. First-party public contact crawl required; no inference. Public business email recovered from first-party website; no inference.				overture:425148e6-7c58-4cc8-8a2b-9174a3c2b00a	ttpp24.ru	73912180931		Красноярск	RU	PERMISSIVE	domain:ttpp24.ru
	B	78	The Hamptons	United States	Netflix realtor Sara Burack killed in Hamptons hit-and-run		hospitality_search_candidate										fresh:aa931284003b7dc11d77	2026-08-16T18:32:28.963873Z		Canonical queue drain | fit B | GitHub MASTER dedupe passed	https://www.nydailynews.com/2025/06/20/netflix-realtor-sara-burack-killed-hamptons-hit-and-run/	rabuin@nydailynews.com	https://www.nydailynews.com/about-us/		https://www.facebook.com/sara.burack/						Medium	Recall-first	https://www.nydailynews.com/2025/06/20/netflix-realtor-sara-burack-killed-hamptons-hit-and-run/; https://www.nydailynews.com/about-us/	Public search evidence; market_id=hamptons-ny; family=lodgify_footprint__core; provider=ddgs; rank=7; query="Powered by Lodgify" The Hamptons New York villa rentals Public business email recovered from first-party website; no inference.				fresh:aa931284003b7dc11d77	nydailynews.com		netflix realtor sara burack killed in hamptons hit and run	The Hamptons	United States	MEDIUM	domain:nydailynews.com
	B	78	Kisumu	Kenya	Galorè Luxury Resorts		resort	Paga Beach	+254704281120								overture:fb3ae6a2-1425-49be-a5d8-9c452846c397	2026-08-16T18:21:51.285279Z		Canonical queue drain | fit B | GitHub MASTER dedupe passed	https://galoreresorts.com/		https://galoreresorts.com/about				https://galoreresorts.com/rooms				High	Verified	https://explore.overturemaps.org/#id=fb3ae6a2-1425-49be-a5d8-9c452846c397	Public Overture website; no usable Overture email. First-party public contact crawl required; no inference.				overture:fb3ae6a2-1425-49be-a5d8-9c452846c397	galoreresorts.com	254704281120	galore luxury resorts	Kisumu	Kenya	HIGH	domain:galoreresorts.com
	B	78	Myrtle Beach	United States	Myrtle Beach Resort		hospitality_search_candidate										fresh:a04539d1a279f2509acd	2026-08-16T18:09:48.321735Z		Canonical queue drain | fit B | GitHub MASTER dedupe passed	https://www.visitmbr.com/		https://www.visitmbr.com/contact-us		https://www.facebook.com/MyrtleBeachResortVacations/		https://www.visitmbr.com/rentals				High	Verified	https://www.visitmbr.com/	Public search evidence; market_id=myrtle-beach-sc; family=hostaway_footprint__official; provider=ddgs; rank=2; query="Hostaway" Myrtle Beach South Carolina "vacation rentals" "book direct" "official site"				fresh:a04539d1a279f2509acd	visitmbr.com		myrtle beach resort	Myrtle Beach	United States	HIGH	domain:visitmbr.com
	B	78	Bol’shaya Kuz’minka	RU	Hillpark		ski_resort		8 (910) 742-88-07								overture:98d580e2-1bbf-4dce-827e-3a41ec4171fd	2026-08-16T18:09:48.321735Z		Canonical queue drain | fit B | GitHub MASTER dedupe passed	https://hillparktut.ru	info@hillparktut.ru					https://hillparktut.ru/cafe/book/				Permissive	Qualification	https://explore.overturemaps.org/#id=98d580e2-1bbf-4dce-827e-3a41ec4171fd; https://hillparktut.ru	Public Overture website; no usable Overture email. First-party public contact crawl required; no inference. Public business email recovered from first-party website; no inference.				overture:98d580e2-1bbf-4dce-827e-3a41ec4171fd	hillparktut.ru	89107428807	hillpark	Bol’shaya Kuz’minka	RU	PERMISSIVE	domain:hillparktut.ru
	B	78	Hilton Head	United States	Hilton Head Retreats		hospitality_search_candidate										fresh:9aeaeecceee0e37b01bb	2026-08-16T18:02:02.155678Z		Canonical queue drain | fit B | GitHub MASTER dedupe passed	https://hiltonheadvacation.com/		https://hiltonheadvacation.com/about-us	https://www.instagram.com/hiltonheadretreats/	https://www.facebook.com/VTripsHiltonHead/						High	Verified	https://hiltonheadvacation.com/	Public search evidence; market_id=hilton-head-sc; family=direct_vacation_homes__official; provider=ddgs; rank=7; query="vacation homes" Hilton Head South Carolina "book direct" "official site"				fresh:9aeaeecceee0e37b01bb	hiltonheadvacation.com		hilton head retreats	Hilton Head	United States	HIGH	domain:hiltonheadvacation.com
	B	78	Austin	United States	Vacation Rentals in Austin, Texas		hospitality_search_candidate										fresh:dba375aa174070013aa5	2026-08-16T17:47:38.541505Z		Canonical queue drain | fit B | GitHub MASTER dedupe passed	https://www.fairly.com/us/texas/austin	support@fairly.com	https://www.fairly.com/about		https://www.facebook.com/fairlyinc/						High	Verified	https://www.fairly.com/us/texas/austin	Public search evidence; market_id=austin-tx; family=direct_vacation_homes__direct; provider=ddgs; rank=3; query="vacation homes" Austin Texas "book direct" "book direct" Public business email recovered from first-party website; no inference.				fresh:dba375aa174070013aa5	fairly.com		vacation rentals in austin texas	Austin	United States	HIGH	domain:fairly.com
	B	78	Austin	United States	Austin Vacation Rentals		hospitality_search_candidate										fresh:0a89e4411590f5417cd7	2026-08-16T17:47:38.541505Z		Canonical queue drain | fit B | GitHub MASTER dedupe passed	https://vacationrentals.pmiatxproperties.com/			https://www.instagram.com/str_property_management_expert/	https://www.facebook.com/pmiatxproperties/		https://vacationrentals.pmiatxproperties.com/monthly-stays				High	Verified	https://vacationrentals.pmiatxproperties.com/	Public search evidence; market_id=austin-tx; family=direct_vacation_homes__core; provider=ddgs; rank=3; query="vacation homes" Austin Texas "book direct"				fresh:0a89e4411590f5417cd7	pmiatxproperties.com		austin vacation rentals	Austin	United States	HIGH	domain:pmiatxproperties.com
	B	78	Pigeon Forge	United States	Sasquatch Splash Landing		hospitality_search_candidate										fresh:3916996d8098b1c3be2d	2026-08-16T17:44:10.130706Z		Canonical queue drain | fit B | GitHub MASTER dedupe passed	https://www.sasquatchsplashlanding.com/		https://www.sasquatchsplashlanding.com/contact	https://www.instagram.com/sasquatchsplashlanding/	https://www.facebook.com/profile.php/						High	Verified	https://www.sasquatchsplashlanding.com/	Public search evidence; market_id=pigeon-forge-tn; family=direct_holiday_rentals__contact; provider=ddgs; rank=6; query="holiday rentals" Pigeon Forge Tennessee "book direct" "contact us"				fresh:3916996d8098b1c3be2d	sasquatchsplashlanding.com		sasquatch splash landing	Pigeon Forge	United States	HIGH	domain:sasquatchsplashlanding.com
	B	78	Pigeon Forge	United States	Pigeon Forge Cabins in Pigeon Forge Tennessee		hospitality_search_candidate										fresh:3e4ec49b7e7f66c9ccc0	2026-08-16T17:44:10.130706Z		Canonical queue drain | fit B | GitHub MASTER dedupe passed	https://www.pigeonforgetncabins.com/		https://www.pigeonforgetncabins.com/contact-us/		https://www.facebook.com/pigeonforgetncabins/		https://www.pigeonforgetncabins.com/cabin-rentals/				High	Verified	https://www.pigeonforgetncabins.com/	Public search evidence; market_id=pigeon-forge-tn; family=guesty_footprint__official; provider=ddgs; rank=7; query="Powered by Guesty" Pigeon Forge Tennessee vacation rentals "official site"				fresh:3e4ec49b7e7f66c9ccc0	pigeonforgetncabins.com		pigeon forge cabins in pigeon forge tennessee	Pigeon Forge	United States	HIGH	domain:pigeonforgetncabins.com
	B	78	Pigeon Forge	United States	Pigeon Forge Condos		hospitality_search_candidate										fresh:d0d899760d1555fb8e6f	2026-08-16T17:44:10.130706Z		Canonical queue drain | fit B | GitHub MASTER dedupe passed	https://www.cherokeelodgecondos.com/		https://www.cherokeelodgecondos.com/about/		https://www.facebook.com/cherokeelodgepigeonforge/		https://www.cherokeelodgecondos.com/properties-by-name/				High	Verified	https://www.cherokeelodgecondos.com/	Public search evidence; market_id=pigeon-forge-tn; family=hostaway_footprint__official; provider=ddgs; rank=2; query="Hostaway" Pigeon Forge Tennessee "vacation rentals" "book direct" "official site"				fresh:d0d899760d1555fb8e6f	cherokeelodgecondos.com		pigeon forge condos	Pigeon Forge	United States	HIGH	domain:cherokeelodgecondos.com
	B	78	Nashville	United States	Vacation Rentals By Owner		hospitality_search_candidate										fresh:056af871472c1ce4bec2	2026-08-16T17:30:05.296005Z		Canonical queue drain | fit B | GitHub MASTER dedupe passed	https://www.byowner.com/vacation-rentals		https://www.byowner.com/aboutus		https://www.facebook.com/ByOwner/		https://www.byowner.com/vacation-rentals				High	Verified	https://www.byowner.com/vacation-rentals	Public search evidence; market_id=nashville-tn; family=direct_holiday_rentals__official; provider=ddgs; rank=3; query="holiday rentals" Nashville Tennessee "book direct" "official site"				fresh:056af871472c1ce4bec2	byowner.com		vacation rentals by owner	Nashville	United States	HIGH	domain:byowner.com
	B	78	Jackson Hole	United States	Welcome to our Jackson Hole cabins on Slide Lake		hospitality_search_candidate										fresh:1d9582795c79dd3e8110	2026-08-16T17:25:56.101643Z		Canonical queue drain | fit B | GitHub MASTER dedupe passed	https://jacksonholecabins.com/		https://jacksonholecabins.com/contact-us/		https://www.facebook.com/pages/Budges-Slide-Lake-Cabins/176869362449/		https://jacksonholecabins.com/budges_accommodation/cabin-1/				High	Verified	https://jacksonholecabins.com/	Public search evidence; market_id=jackson-hole-wy; family=direct_vacation_homes__official; provider=ddgs; rank=5; query="vacation homes" Jackson Hole Wyoming "book direct" "official site"				fresh:1d9582795c79dd3e8110	jacksonholecabins.com		welcome to our jackson hole cabins on slide lake	Jackson Hole	United States	HIGH	domain:jacksonholecabins.com
	B	78	Ольхонский район	RU	BaikalWood Eco Lodge&Spa		hotel	svetlaya 5	+79834025474								overture:916ade48-a26c-4c47-b477-e1f0ac0e3ef9	2026-08-16T17:23:33.738643Z		Canonical queue drain | fit B | GitHub MASTER dedupe passed	http://baikalwoodhotel.ru/		https://baikalwoodhotel.ru:443/booking/				https://baikalwoodhotel.ru:443/booking/				High	Verified	https://explore.overturemaps.org/#id=916ade48-a26c-4c47-b477-e1f0ac0e3ef9	Public Overture website; no usable Overture email. First-party public contact crawl required; no inference.				overture:916ade48-a26c-4c47-b477-e1f0ac0e3ef9	baikalwoodhotel.ru	79834025474	baikalwood eco lodge spa	Ольхонский район	RU	HIGH	domain:baikalwoodhotel.ru
	B	78	Hajo	India	Binodini Village Resort		resort	Near Block Office	+919395889579								overture:36edcf42-def0-4c51-af67-d6dd80529b64	2026-08-16T17:23:05.145724Z		Canonical queue drain | fit B | GitHub MASTER dedupe passed	http://binodinivillageresort.com/		http://binodinivillageresort.com/index.php		https://www.facebook.com/profile.php/						High	Verified	https://explore.overturemaps.org/#id=36edcf42-def0-4c51-af67-d6dd80529b64; http://binodinivillageresort.com/	Public Overture website; no usable Overture email. First-party public contact crawl required; no inference.				overture:36edcf42-def0-4c51-af67-d6dd80529b64	binodinivillageresort.com	919395889579	binodini village resort	Hajo	India	HIGH	domain:binodinivillageresort.com
	B	78	Mandvi	India	City The Village Beach Resort		resort	Vijay Vilas, Palace Road	+917575836565								overture:d50f5226-64f4-4729-8e4b-8bb40e942b65	2026-08-16T16:55:57.111607Z		Canonical queue drain | fit B | GitHub MASTER dedupe passed	http://www.citythevillage.com/		https://citythevillage.com/contact/				https://citythevillage.com/explore-most-expensive-apartments-for-sale-chamonix-barnes.php				Medium	Recall-first	https://explore.overturemaps.org/#id=d50f5226-64f4-4729-8e4b-8bb40e942b65	Public Overture website; no usable Overture email. First-party public contact crawl required; no inference.				overture:d50f5226-64f4-4729-8e4b-8bb40e942b65	citythevillage.com	917575836565	city the village beach resort	Mandvi	India	MEDIUM	domain:citythevillage.com
	B	78	World-Atlas::europe-north-africa::23-43::lane=site-recovery	RU	Y.E.S. Стризнево		ski_resort	трасса Вологда-Новая Ладога, 35 км. пос. Стризнево	8 (817) 270-73-07								overture:73db1ab2-ac94-4f8d-b921-ea9d84042801	2026-08-16T16:41:56.205003Z		Canonical queue drain | fit B | GitHub MASTER dedupe passed	http://www.yes35.ru		https://yes35.ru/contacts.html			https://api.whatsapp.com/send/?phone=79815025850&text&type=phone_number&app_absent=0					Permissive	Qualification	https://explore.overturemaps.org/#id=73db1ab2-ac94-4f8d-b921-ea9d84042801	Public Overture website; no usable Overture email. First-party public contact crawl required; no inference.				overture:73db1ab2-ac94-4f8d-b921-ea9d84042801	yes35.ru	88172707307	y e s	World-Atlas::europe-north-africa::23-43::lane=site-recovery	RU	PERMISSIVE	domain:yes35.ru
	B	78	Тверская обл	RU	Лыжный парк "Гришкино"		ski_resort	дер. Большое Гришкино, 8км по Тургиновскому шоссе	8 (482) 279-79-50								overture:54b97c2f-5daf-4568-91da-1dc1fc3d4b30	2026-08-16T16:41:56.205003Z		Canonical queue drain | fit B | GitHub MASTER dedupe passed	http://www.grishkino.ru		https://grishkino.ru/contacts	https://www.instagram.com/grishkino/							Permissive	Qualification	https://explore.overturemaps.org/#id=54b97c2f-5daf-4568-91da-1dc1fc3d4b30	Public Overture website; no usable Overture email. First-party public contact crawl required; no inference.				overture:54b97c2f-5daf-4568-91da-1dc1fc3d4b30	grishkino.ru	84822797950		Тверская обл	RU	PERMISSIVE	domain:grishkino.ru
	B	78	Lytkarino	RU	Лыжная трасса на Волкуше		ski_resort										overture:89bcac27-bbfb-48c4-8543-b733299854bb	2026-08-16T16:41:56.205003Z		Canonical queue drain | fit B | GitHub MASTER dedupe passed	http://volkuscha.ru/	info@volkuscha.ru	https://volkuscha.ru/about-us		https://www.facebook.com/groups/volkusha.ski/						Permissive	Qualification	https://explore.overturemaps.org/#id=89bcac27-bbfb-48c4-8543-b733299854bb; https://volkuscha.ru/	Public Overture website; no usable Overture email. First-party public contact crawl required; no inference. Public business email recovered from first-party website; no inference.				overture:89bcac27-bbfb-48c4-8543-b733299854bb	volkuscha.ru			Lytkarino	RU	PERMISSIVE	domain:volkuscha.ru
	B	78	Аносино	RU	Горнолыжный клуб «Лужки»		ski_resort	Подмосковная ул., 1	8 (495) 994-73-35								overture:58e5f89e-5ded-4df5-b08d-7c0578aca0ac	2026-08-16T16:41:56.205003Z		Canonical queue drain | fit B | GitHub MASTER dedupe passed	http://luzhki.com	info@luzhki.com	https://luzhki.com/contacts/								Permissive	Qualification	https://explore.overturemaps.org/#id=58e5f89e-5ded-4df5-b08d-7c0578aca0ac; https://luzhki.com/	Public Overture website; no usable Overture email. First-party public contact crawl required; no inference. Public business email recovered from first-party website; no inference.				overture:58e5f89e-5ded-4df5-b08d-7c0578aca0ac	luzhki.com	84959947335		Аносино	RU	PERMISSIVE	domain:luzhki.com
	B	78	World-Atlas::europe-north-africa::23-43::lane=site-recovery	RU	Лыжный Центр Демино		ski_resort	п. Дёмино	8 (485) 523-98-00								overture:76e5233b-1175-48f7-ac75-e80579740a6b	2026-08-16T16:41:56.205003Z		Canonical queue drain | fit B | GitHub MASTER dedupe passed	http://demino.com	sales@demino.com	https://demino.com/about/								Permissive	Qualification	https://explore.overturemaps.org/#id=76e5233b-1175-48f7-ac75-e80579740a6b; https://demino.com/	Public Overture website; no usable Overture email. First-party public contact crawl required; no inference. Public business email recovered from first-party website; no inference.				overture:76e5233b-1175-48f7-ac75-e80579740a6b	demino.com	84855239800		World-Atlas::europe-north-africa::23-43::lane=site-recovery	RU	PERMISSIVE	domain:demino.com
	B	78	Komenda/Edina/Eguafo/Abirem Municipal District	GH	Coconut Grove Beach Resort		hotel	Mmoframa Akyinim	+233244333001								overture:04790a1f-2415-4b4f-a126-5e152afa40f1	2026-08-16T16:36:07.001055Z		Canonical queue drain | fit B | GitHub MASTER dedupe passed	http://www.coconutgrovehotelsghana.com/		http://www.coconutgrovehotelsghana.com/about.php				http://www.coconutgrovehotelsghana.com/address_book				Permissive	Qualification	https://explore.overturemaps.org/#id=04790a1f-2415-4b4f-a126-5e152afa40f1	Public Overture website; no usable Overture email. First-party public contact crawl required; no inference.				overture:04790a1f-2415-4b4f-a126-5e152afa40f1	coconutgrovehotelsghana.com	233244333001	coconut grove beach resort	Komenda/Edina/Eguafo/Abirem Municipal District	GH	PERMISSIVE	domain:coconutgrovehotelsghana.com
	B	78	Ханты-Мансийск	RU	Юграмегаспорт		ski_resort		+73467363066								overture:06a25c80-91c4-4fba-adae-940b7539f6aa	2026-08-16T16:33:36.209569Z		Canonical queue drain | fit B | GitHub MASTER dedupe passed	http://ugramegasport.ru/		http://ugramegasport.ru/wp-content/plugins/contact-form-7/includes/css/styles.css?ver=6.1.6				https://ugramegasport.ru/book2/				Permissive	Qualification	https://explore.overturemaps.org/#id=06a25c80-91c4-4fba-adae-940b7539f6aa	Public Overture website; no usable Overture email. First-party public contact crawl required; no inference.				overture:06a25c80-91c4-4fba-adae-940b7539f6aa	ugramegasport.ru	73467363066		Ханты-Мансийск	RU	PERMISSIVE	domain:ugramegasport.ru
	B	78	Hoshiarpur	India	Gaj Resort, a member of Radisson Individuals Retreats		hotel	V & P.O. Garhi Mansowal, Tehsil Garhshanker, Distt. Hoshiarpur, Punjab 144523, India	+918146993104								overture:369ee781-702d-4b78-a9f5-0cc1fb6a4f06	2026-08-16T16:33:36.209569Z		Canonical queue drain | fit B | GitHub MASTER dedupe passed	https://www.threads.com/@gajresort		https://www.threads.com/login/?next=https%3A%2F%2Fwww.threads.com%2Fcontact%2F	https://www.instagram.com/gajresort/							High	Verified	https://explore.overturemaps.org/#id=369ee781-702d-4b78-a9f5-0cc1fb6a4f06	Public Overture website; no usable Overture email. First-party public contact crawl required; no inference.				overture:369ee781-702d-4b78-a9f5-0cc1fb6a4f06	threads.com	918146993104	gaj resort a member of radisson individuals retreats	Hoshiarpur	India	HIGH	domain:threads.com
	B	78	Joshimath	India	Auli		ski_resort	Auli, Uttrakhand, India									overture:38effd73-59c1-414d-979e-6a0a80bf9d70	2026-08-16T16:33:36.209569Z		Canonical queue drain | fit B | GitHub MASTER dedupe passed	http://www.xraCottage.com/	info.xra@gmail.com	http://www.xraCottage.com/about.php		https://www.facebook.com/www.xra.asia/						Permissive	Qualification	https://explore.overturemaps.org/#id=38effd73-59c1-414d-979e-6a0a80bf9d70; http://www.xraCottage.com/	Public Overture website; no usable Overture email. First-party public contact crawl required; no inference. Public business email recovered from first-party website; no inference.				overture:38effd73-59c1-414d-979e-6a0a80bf9d70	xracottage.com		auli	Joshimath	India	PERMISSIVE	domain:xracottage.com
	B	78	Dehradun	India	Naro Eco Resort and Spa		resort	Ashok Asharam, Village Chiilyon, Post, via	+919458139911								overture:bf4bcda0-aaaf-4ff3-9630-895ee3ae57f9	2026-08-16T16:33:36.209569Z		Canonical queue drain | fit B | GitHub MASTER dedupe passed	http://www.naroeco.com/	resort@naroeco.com	https://naroeco.com/index.php/about/								High	Verified	https://explore.overturemaps.org/#id=bf4bcda0-aaaf-4ff3-9630-895ee3ae57f9; https://naroeco.com/index.php/about/	Public Overture website; no usable Overture email. First-party public contact crawl required; no inference. Public business email recovered from first-party website; no inference.				overture:bf4bcda0-aaaf-4ff3-9630-895ee3ae57f9	naroeco.com	919458139911	naro eco resort and spa	Dehradun	India	HIGH	domain:naroeco.com
	B	78	Rishīkesh	India	jüSTa Rasa Retreat & Spa		resort	Mohan Chatti	095907 77000								overture:6c765276-0055-4355-9402-932218639be8	2026-08-16T16:33:36.209569Z		Canonical queue drain | fit B | GitHub MASTER dedupe passed	https://www.justahotels.com/justa-rasa-rishikesh		https://www.justahotels.com	https://www.instagram.com/justa.hotels/							High	Verified	https://explore.overturemaps.org/#id=6c765276-0055-4355-9402-932218639be8; https://www.justahotels.com/hotels/rishikesh/justa-rasa-retreat-spa/	Public Overture website; no usable Overture email. First-party public contact crawl required; no inference.				overture:6c765276-0055-4355-9402-932218639be8	justahotels.com	09590777000	justa rasa retreat spa	Rishīkesh	India	HIGH	domain:justahotels.com
	B	78	Himachal Pradesh	India	Himgiri Nature Retreat		resort	Vill Sanyo Didag, The	+919816176162								overture:3ea1e621-e1a4-462c-9085-96bc1b542d03	2026-08-16T16:33:36.209569Z		Canonical queue drain | fit B | GitHub MASTER dedupe passed	http://www.himgiri.in	info@himgiri.in	https://himgiri.in/get-in-touch/								Permissive	Qualification	https://explore.overturemaps.org/#id=3ea1e621-e1a4-462c-9085-96bc1b542d03; https://himgiri.in/	Public Overture website; no usable Overture email. First-party public contact crawl required; no inference. Public business email recovered from first-party website; no inference.				overture:3ea1e621-e1a4-462c-9085-96bc1b542d03	himgiri.in	919816176162	himgiri nature retreat	Himachal Pradesh	India	PERMISSIVE	domain:himgiri.in
	B	78	Gisenyi	RW	Kivu Paradise		hotel	Rwanda	+250788648650								overture:59c8e73a-b9cc-44d3-9df7-ce05af55e26c	2026-08-16T16:30:46.540131Z		Canonical queue drain | fit B | GitHub MASTER dedupe passed	https://www.paradisekivu.com/	info@paradisekivu.com				https://wa.me/+250780508428					High	Verified	https://explore.overturemaps.org/#id=59c8e73a-b9cc-44d3-9df7-ce05af55e26c; https://www.paradisekivu.com/	Public Overture website; no usable Overture email. First-party public contact crawl required; no inference. Public business email recovered from first-party website; no inference.				overture:59c8e73a-b9cc-44d3-9df7-ce05af55e26c	paradisekivu.com	250788648650	kivu paradise	Gisenyi	RW	HIGH	domain:paradisekivu.com
	B	78	World-Atlas::asia::13-52::lane=site-recovery	Sri Lanka	Sea Rock Villa Iduruwa		resort										overture:4ca7d480-a2dc-4aad-9599-28c57879ba2b	2026-08-16T15:56:27.932537Z		Canonical queue drain | fit B | GitHub MASTER dedupe passed	http://searockvilla.com	searockvilla@gmail.com	https://www.searockvilla.com/boutique-bentota-beach-hotels-reservations.php				https://www.searockvilla.com/bentota-sea-rock-hotels-villas-rates.php				High	Verified	https://explore.overturemaps.org/#id=4ca7d480-a2dc-4aad-9599-28c57879ba2b; https://www.searockvilla.com/	Public Overture website; no usable Overture email. First-party public contact crawl required; no inference. Public business email recovered from first-party website; no inference.				overture:4ca7d480-a2dc-4aad-9599-28c57879ba2b	searockvilla.com		sea rock villa iduruwa	World-Atlas::asia::13-52::lane=site-recovery	Sri Lanka	HIGH	domain:searockvilla.com
	B	78	Kadugannawa	Sri Lanka	Gadadessa Eco Resort		hotel	Thambawita, Manikkawa Junction	+94777170412								overture:fc8f2bba-6c2d-47dd-ad35-0cab452c0598	2026-08-16T15:56:27.932537Z		Canonical queue drain | fit B | GitHub MASTER dedupe passed	http://gadadessa.com		http://gadadessa.com/about-us/				http://gadadessa.com/wp-content/plugins/motopress-hotel-booking/assets/css/mphb.min.css?ver=5.0.4				High	Verified	https://explore.overturemaps.org/#id=fc8f2bba-6c2d-47dd-ad35-0cab452c0598	Public Overture website; no usable Overture email. First-party public contact crawl required; no inference.				overture:fc8f2bba-6c2d-47dd-ad35-0cab452c0598	gadadessa.com	94777170412	gadadessa eco resort	Kadugannawa	Sri Lanka	HIGH	domain:gadadessa.com
	B	78	Algarve	Portugal	Villa Rentals		hospitality_search_candidate										fresh:95af5955617e40a85631	2026-08-16T15:54:34.298516Z		Canonical queue drain | fit B | GitHub MASTER dedupe passed	https://www.holidayhomesdirect.co.uk/		https://www.holidayhomesdirect.co.uk/about-us/about-us.726.html		https://www.facebook.com/pages/Holiday-Homes-Direct/136710549687146/		https://www.holidayhomesdirect.co.uk/owners-advice/managing-your-holiday-rentals.736.html				Permissive	Qualification	https://www.holidayhomesdirect.co.uk/	Public search evidence; family=hostaway_footprint; provider=ddgs; rank=4; query="Hostaway" Algarve Portugal "vacation rentals" "book direct"				fresh:95af5955617e40a85631	holidayhomesdirect.co.uk		villa rentals	Algarve	Portugal	PERMISSIVE	domain:holidayhomesdirect.co.uk
	B	78	Maui	Hawaii	Maui Condo Rentals by Vetted Owners		hospitality_search_candidate										fresh:ad028a816850f2bba1ca	2026-08-16T15:42:04.268535Z		Canonical queue drain | fit B | GitHub MASTER dedupe passed	https://mauiownercondos.com/		https://mauiownercondos.com/company-about-us		https://www.facebook.com/MauiOwnerCondos/		https://mauiownercondos.com/search/luxury-vacation-rentals				High	Verified	https://mauiownercondos.com/	Public search evidence; family=hostaway_footprint; provider=ddgs; rank=5; query="Hostaway" Maui Hawaii "vacation rentals" "book direct"				fresh:ad028a816850f2bba1ca	mauiownercondos.com		maui condo rentals by vetted owners	Maui	Hawaii	HIGH	domain:mauiownercondos.com
	B	78	San Diego	California	Sunshine Vacation Rentals		hospitality_search_candidate										fresh:c39600800fc42bd51d10	2026-08-16T15:35:44.746339Z		Canonical queue drain | fit B | GitHub MASTER dedupe passed	https://www.sunshinevacationrentals.com/		https://www.sunshinevacationrentals.com/contact-us	https://www.instagram.com/sunshine.vacationrentals/			https://www.book.sunshinevacationrentals.com/all-listings				High	Verified	https://www.sunshinevacationrentals.com/	Public search evidence; family=hostaway_footprint; provider=ddgs; rank=4; query="Hostaway" San Diego California "vacation rentals" "book direct"				fresh:c39600800fc42bd51d10	sunshinevacationrentals.com		sunshine vacation rentals	San Diego	California	HIGH	domain:sunshinevacationrentals.com
	B	78	Istria	Croatia	Best Vacation Rental Software in 2026: 40+ Tools Reviewed		hospitality_search_candidate										fresh:6aa3bd6821c8c3f66524	2026-08-16T15:35:44.746339Z		Canonical queue drain | fit B | GitHub MASTER dedupe passed	https://stayfi.com/vrm-insider/2026/04/01/best-vacation-rental-software/		https://stayfi.com/demo		https://www.facebook.com/StayFiSoftware/		https://stayfi.com/vrm-insider/2023/09/01/ultimate-guide-to-email-marketing-for-vacation-rentals/				High	Verified	https://stayfi.com/vrm-insider/2026/04/01/best-vacation-rental-software/	Public search evidence; family=hostaway_footprint; provider=ddgs; rank=6; query="Hostaway" Istria Croatia "vacation rentals" "book direct"				fresh:6aa3bd6821c8c3f66524	stayfi.com		best vacation rental software in 2026 40 tools reviewed	Istria	Croatia	HIGH	domain:stayfi.com
	B	78	Maui	Hawaii	Maui Home, Estate and Villa Vacation Rentals		hospitality_search_candidate										fresh:19178fc21e3f130d5e61	2026-08-16T15:35:44.746339Z		Canonical queue drain | fit B | GitHub MASTER dedupe passed	https://www.mauivacationadvisors.com/estates_and_villas.html	info@mauivacationadvisors.com	https://www.mauivacationadvisors.com/about_us.html				http://www.mauivacationadvisors.com/properties/wailea_beach_villas.html				High	Verified	https://www.mauivacationadvisors.com/estates_and_villas.html	Public search evidence; family=lodgify_footprint; provider=ddgs; rank=4; query="Powered by Lodgify" Maui Hawaii villa rentals Public business email recovered from first-party website; no inference.				fresh:19178fc21e3f130d5e61	mauivacationadvisors.com		maui home estate and villa vacation rentals	Maui	Hawaii	HIGH	domain:mauivacationadvisors.com
	B	78	Mykonos	Greece	Mykonos Vacation Rentals from $121/night		hospitality_search_candidate										fresh:90774421e5314dbc29e9	2026-08-16T15:35:44.746339Z		Canonical queue drain | fit B | GitHub MASTER dedupe passed	https://www.kayak.com/Mykonos-Vacation-Rentals.46053.rental.ksp	k4b-am@kayak.com	https://www.kayak.com/about				https://www.kayak.com/Greece-Vacation-Rentals.94.dcr.ksp				High	Verified	https://www.kayak.com/Mykonos-Vacation-Rentals.46053.rental.ksp	Public search evidence; family=guesty_footprint; provider=ddgs; rank=4; query="Powered by Guesty" Mykonos Greece vacation rentals Public business email recovered from first-party website; no inference.				fresh:90774421e5314dbc29e9	kayak.com		mykonos vacation rentals from 121 night	Mykonos	Greece	HIGH	domain:kayak.com
	B	78	Tuscany	Italy	Direct Bookings Italy		hospitality_search_candidate										fresh:f62e7c3bd0f00c74b9f3	2026-08-16T15:35:44.746339Z		Canonical queue drain | fit B | GitHub MASTER dedupe passed	https://www.directbookingsitaly.com/	info@directbookingsitaly.com	https://www.directbookingsitaly.com				https://www.directbookingsitaly.com/blog/tuscany-holiday-rental-guide-villas-apartments.html				High	Verified	https://www.directbookingsitaly.com/; https://www.directbookingsitaly.com/about	Public search evidence; family=hostaway_footprint; provider=ddgs; rank=2; query="Hostaway" Tuscany Italy "vacation rentals" "book direct" Public business email recovered from first-party website; no inference.				fresh:f62e7c3bd0f00c74b9f3	directbookingsitaly.com		direct bookings italy	Tuscany	Italy	HIGH	domain:directbookingsitaly.com
	B	78	Swiss Alps	Switzerland	No-Fee Vacation Rentals		hospitality_search_candidate										fresh:c716997a04f12fa2b1e2	2026-08-16T15:35:44.746339Z		Canonical queue drain | fit B | GitHub MASTER dedupe passed	https://staywithstay.com/		https://staywithstay.com/about-us	https://www.instagram.com/_stay_with_stay/	https://www.facebook.com/staywithstay/						Permissive	Qualification	https://staywithstay.com/	Public search evidence; family=hostaway_footprint; provider=ddgs; rank=6; query="Hostaway" Swiss Alps Switzerland "vacation rentals" "book direct"				fresh:c716997a04f12fa2b1e2	staywithstay.com		no fee vacation rentals	Swiss Alps	Switzerland	PERMISSIVE	domain:staywithstay.com
	B	78	Scottsdale	Arizona	Arizona Vacation Home Rentals		hospitality_search_candidate										fresh:b3c48c4e3d0aff923229	2026-08-16T15:35:44.746339Z		Canonical queue drain | fit B | GitHub MASTER dedupe passed	https://www.azvacationhomerentals.com/	info@azvacationhomerentals.com	https://www.azvacationhomerentals.com/about-us	https://www.instagram.com/avhrgetaway/							High	Verified	https://www.azvacationhomerentals.com/; https://www.azvacationhomerentals.com/contact-us	Public search evidence; family=hostaway_footprint; provider=ddgs; rank=2; query="Hostaway" Scottsdale Arizona "vacation rentals" "book direct" Public business email recovered from first-party website; no inference.				fresh:b3c48c4e3d0aff923229	azvacationhomerentals.com		arizona vacation home rentals	Scottsdale	Arizona	HIGH	domain:azvacationhomerentals.com
	B	78	World-Atlas::south-america-coasts::07-22::lane=site-recovery	Chile	Hotel Alto Atacama Desert Resort & Spa		hotel										overture:4b384136-68df-4ce4-8469-ccb9b9210668	2026-08-16T15:32:07.109898Z		Canonical queue drain | fit B | GitHub MASTER dedupe passed	http://nayaraaltoatacama.com		https://nayaraaltoatacama.com/about/	https://www.instagram.com/nayaraaltoatacama/	https://www.facebook.com/NayaraAltoAtacama/						High	Verified	https://explore.overturemaps.org/#id=4b384136-68df-4ce4-8469-ccb9b9210668; https://nayaraaltoatacama.com/	Public Overture website; no usable Overture email. First-party public contact crawl required; no inference.				overture:4b384136-68df-4ce4-8469-ccb9b9210668	nayaraaltoatacama.com		hotel alto atacama desert resort spa	World-Atlas::south-america-coasts::07-22::lane=site-recovery	Chile	HIGH	domain:nayaraaltoatacama.com
	B	78	Sierra de la Ventana	Argentina	Los Alerces Resort, Hotel & Spa		hotel	Gnena-Kena y Grindella, B8160 San Andres de la Sierra, Provincia de Buenos Aires	+542914460503								overture:24a25345-34a6-4ed3-b267-337cefe255ea	2026-08-16T15:32:07.109898Z		Canonical queue drain | fit B | GitHub MASTER dedupe passed	https://losalercesresort.com/		https://losalercesresort.com/contacto/	https://www.instagram.com/losalercesresort/							High	Verified	https://explore.overturemaps.org/#id=24a25345-34a6-4ed3-b267-337cefe255ea; https://losalercesresort.com/	Public Overture website; no usable Overture email. First-party public contact crawl required; no inference.				overture:24a25345-34a6-4ed3-b267-337cefe255ea	losalercesresort.com	542914460503	los alerces resort hotel spa	Sierra de la Ventana	Argentina	HIGH	domain:losalercesresort.com
	B	78	Armação dos Búzios	Brazil	Buzios Ariau		hotel	Ave José Ribeiro Dantas, 250	+552226331081								overture:2591d1a3-91e1-448f-aa0e-fbbeafb8ba26	2026-08-16T15:22:20.338316Z		Canonical queue drain | fit B | GitHub MASTER dedupe passed	http://buzios-ariau.buzioshotel24.com/pt/		https://buzios-ariau.buzioshotel24.com/#contact				https://www.buzioshotel24.com/pt/type/villas-24/				High	Verified	https://explore.overturemaps.org/#id=2591d1a3-91e1-448f-aa0e-fbbeafb8ba26	Public Overture website; no usable Overture email. First-party public contact crawl required; no inference.				overture:2591d1a3-91e1-448f-aa0e-fbbeafb8ba26	buzioshotel24.com	552226331081	buzios ariau	Armação dos Búzios	Brazil	HIGH	domain:buzioshotel24.com
	B	78	San Javier	Argentina	Zahrek Resorts & Spa		hotel	14 123	+5493544582949								overture:51c0e16b-32dd-4924-b482-3f5e7f6cdae0	2026-08-16T15:17:45.970665Z		Canonical queue drain | fit B | GitHub MASTER dedupe passed	http://www.zahrek.com/		http://www.zahrek.com/ubicacion-y-contacto.php		https://www.facebook.com/ZahrekResorts/						High	Verified	https://explore.overturemaps.org/#id=51c0e16b-32dd-4924-b482-3f5e7f6cdae0; http://www.zahrek.com/	Public Overture website; no usable Overture email. First-party public contact crawl required; no inference.				overture:51c0e16b-32dd-4924-b482-3f5e7f6cdae0	zahrek.com	5493544582949	zahrek resorts spa	San Javier	Argentina	HIGH	domain:zahrek.com
	B	78	Lauro de Freitas	Brazil	Pousada Villas do Atlantico		hotel	Rua Praia de Itacaré, 13	+557133692179								overture:6b6df4a3-3fa7-4937-ba2a-ad5cddc002a0	2026-08-16T15:15:20.077573Z		Canonical queue drain | fit B | GitHub MASTER dedupe passed	http://www.pousadavillasdoatlantico.com.br		http://www.pousadavillasdoatlantico.com.br/contact.html	https://www.instagram.com/pousadavillasdoatlantico/							High	Verified	https://explore.overturemaps.org/#id=6b6df4a3-3fa7-4937-ba2a-ad5cddc002a0; http://www.pousadavillasdoatlantico.com.br/	Public Overture website; no usable Overture email. First-party public contact crawl required; no inference.				overture:6b6df4a3-3fa7-4937-ba2a-ad5cddc002a0	pousadavillasdoatlantico.com.br	557133692179	pousada villas do atlantico	Lauro de Freitas	Brazil	HIGH	domain:pousadavillasdoatlantico.com.br
	B	78	São Roque	Brazil	Ski Mountain Park		ski_resort	Estr. da Serrinha, S/N	(11) 4712-3299								overture:d80dd6f0-183b-4293-b17c-3ae24c0401ab	2026-08-16T15:05:25.633044Z		Canonical queue drain | fit B | GitHub MASTER dedupe passed	http://www.skipark.com.br				https://www.facebook.com/business/help/		https://www.skipark.com.br/categoria/facebook				Permissive	Qualification	https://explore.overturemaps.org/#id=d80dd6f0-183b-4293-b17c-3ae24c0401ab	Public Overture website; no usable Overture email. First-party public contact crawl required; no inference.				overture:d80dd6f0-183b-4293-b17c-3ae24c0401ab	skipark.com.br	1147123299	ski mountain park	São Roque	Brazil	PERMISSIVE	domain:skipark.com.br
	B	78	São Sebastião	Brazil	Sr Sunset		resort	Rua Ex Combatente Paulo Nunes Passos, 62	+5519985990235								overture:f4bc7a2a-59c9-4ce0-9f9c-9e156e280d16	2026-08-16T15:05:25.633044Z		Canonical queue drain | fit B | GitHub MASTER dedupe passed	https://www.santanasranchhoteis.com.br/			https://www.instagram.com/santanasranchoficial/	https://www.facebook.com/santanasranch/						High	Verified	https://explore.overturemaps.org/#id=f4bc7a2a-59c9-4ce0-9f9c-9e156e280d16; https://www.santanasranchhoteis.com.br/	Public Overture website; no usable Overture email. First-party public contact crawl required; no inference.				overture:f4bc7a2a-59c9-4ce0-9f9c-9e156e280d16	santanasranchhoteis.com.br	5519985990235	sr sunset	São Sebastião	Brazil	HIGH	domain:santanasranchhoteis.com.br
	B	78	Bariloche	Argentina	Arrayanes Apartments		vacation_rental_agent	Frey 189	02944486789								overture:414199fa-7c5c-4289-b2bb-a8b1af0a903a	2026-08-16T03:20:34.257314Z		Canonical queue drain | fit B | GitHub MASTER dedupe passed	https://www.arrayanesapartments.com/	consultas@arrayanesapartments.com				https://wa.me/5492944486789					Permissive	Qualification	https://explore.overturemaps.org/#id=414199fa-7c5c-4289-b2bb-a8b1af0a903a; https://www.arrayanesapartments.com/	Public Overture website; no usable Overture email. First-party public contact crawl required; no inference. Public business email recovered from first-party website; no inference.				overture:414199fa-7c5c-4289-b2bb-a8b1af0a903a	arrayanesapartments.com	02944486789	arrayanes apartments	Bariloche	Argentina	PERMISSIVE	domain:arrayanesapartments.com
	B	78	Río Villegas	Argentina	Baguales Patagonia		ski_resort		+5492944355050								overture:fe102c0b-ae1a-4e7f-8b9c-847bc8a4f00e	2026-08-16T03:20:34.257314Z		Canonical queue drain | fit B | GitHub MASTER dedupe passed	http://baguales-patagonia.com/		http://baguales-patagonia.com/contact	https://www.instagram.com/baguales_patagonia/							Medium	Recall-first	https://explore.overturemaps.org/#id=fe102c0b-ae1a-4e7f-8b9c-847bc8a4f00e; http://baguales-patagonia.com/	Public Overture website; no usable Overture email. First-party public contact crawl required; no inference.				overture:fe102c0b-ae1a-4e7f-8b9c-847bc8a4f00e	baguales-patagonia.com	5492944355050	baguales patagonia	Río Villegas	Argentina	MEDIUM	domain:baguales-patagonia.com
	B	78	Aluva	India	Luxvilla		hotel	Airport - Mattoor - Kalady Rd, Chethikodu	+918714001758								overture:6ca6539d-c993-4ee8-963a-8a96706cff32	2026-08-16T02:03:02Z		Canonical queue drain | fit B | GitHub MASTER dedupe passed	http://www.luxvillas.in/	contact.luxvilla@gmail.com					http://www.luxvillas.in/img/portfolio-1.jpg				High	Verified	https://explore.overturemaps.org/#id=6ca6539d-c993-4ee8-963a-8a96706cff32	Public Overture site+email; zero-HTTP V6 cheap-screen. Final MASTER dedupe/QA required.				overture:6ca6539d-c993-4ee8-963a-8a96706cff32	luxvillas.in	918714001758	luxvilla	Aluva	India	HIGH	domain:luxvillas.in
	B	78	Virajpet	India	Bison Manor Resort - Nagarahole		hotel	New Empire Estate, Bison County,	+917676314660								overture:12e47fbc-29cf-44bd-9647-2f3ffe9ad4a3	2026-08-16T02:03:02Z		Canonical queue drain | fit B | GitHub MASTER dedupe passed	http://www.bisonmanor.in/	bookingsbisonmanor@gmail.com	http://www.bisonmanor.in/contact								Permissive	Qualification	https://explore.overturemaps.org/#id=12e47fbc-29cf-44bd-9647-2f3ffe9ad4a3	Public Overture site+email; zero-HTTP V6 cheap-screen. Final MASTER dedupe/QA required.				overture:12e47fbc-29cf-44bd-9647-2f3ffe9ad4a3	bisonmanor.in	917676314660	bison manor resort nagarahole	Virajpet	India	PERMISSIVE	domain:bisonmanor.in
	B	78	Bangalore	India	Maia Beacon Residences Hotel Bangalore		hotel	872 A, Soft Road, Hal 2nd Stage, Indira Nagar	080 4162 2888								overture:9591ab1a-5c2a-409a-9ce8-2211b5927d61	2026-08-16T02:03:02Z		Canonical queue drain | fit B | GitHub MASTER dedupe passed	http://www.beaconhotels.com	gmmaia@beaconhotels.com	https://beaconhotels.com/contact-us								High	Verified	https://explore.overturemaps.org/#id=9591ab1a-5c2a-409a-9ce8-2211b5927d61	Public Overture site+email; zero-HTTP V6 cheap-screen. Final MASTER dedupe/QA required.				overture:9591ab1a-5c2a-409a-9ce8-2211b5927d61	beaconhotels.com	08041622888	maia beacon residences hotel bangalore	Bangalore	India	HIGH	domain:beaconhotels.com
	B	78	Dindigul	India	Blue Hill Lotus Holistic Wellness Village Sirumalai		resort	Oosikkadu Pathway, SN Rajagopalapuram, Pudur, Sirumalai, Tamil Nadu	+918248807089								overture:d4f2efca-c263-4ba3-ac4e-fc289b889129	2026-08-16T02:03:02Z		Canonical queue drain | fit B | GitHub MASTER dedupe passed	https://sirumalairesortsbooking.com/	md.imservice@gmail.com	https://sirumalairesortsbooking.com/contact								High	Verified	https://explore.overturemaps.org/#id=d4f2efca-c263-4ba3-ac4e-fc289b889129	Public Overture site+email; zero-HTTP V6 cheap-screen. Final MASTER dedupe/QA required.				overture:d4f2efca-c263-4ba3-ac4e-fc289b889129	sirumalairesortsbooking.com	918248807089	blue hill lotus holistic wellness village sirumalai	Dindigul	India	HIGH	domain:sirumalairesortsbooking.com
	B	78	Vythiri	India	Indeevara Retreat		resort	Pookkode Lake Banasura Sagar Cross Road 16 Kolichal	+919072100023								overture:a74d58bc-5097-48be-93c3-34e72b550f87	2026-08-16T02:03:02Z		Canonical queue drain | fit B | GitHub MASTER dedupe passed	https://www.indeevararetreat.com/	info@indeevararetreat.com	https://www.indeevararetreat.com/contact								High	Verified	https://explore.overturemaps.org/#id=a74d58bc-5097-48be-93c3-34e72b550f87	Public Overture site+email; zero-HTTP V6 cheap-screen. Final MASTER dedupe/QA required.				overture:a74d58bc-5097-48be-93c3-34e72b550f87	indeevararetreat.com	919072100023	indeevara retreat	Vythiri	India	HIGH	domain:indeevararetreat.com
	B	78	Vythiri	India	Brookland Estate Wayanad - a Green Hive Promise		resort	Brook Land Estate Valiyapara , settikunnu , Idiyamvayal, achooranam ( po) Pozhuthana 673575	+918592040202								overture:41b1c60c-f8e4-4172-826c-0d4d63b21ea5	2026-08-16T02:03:02Z		Canonical queue drain | fit B | GitHub MASTER dedupe passed	https://brooklandestatewayanad.com/	brooklandestate4@gmail.com	https://brooklandestatewayanad.com/about-us/								High	Verified	https://explore.overturemaps.org/#id=41b1c60c-f8e4-4172-826c-0d4d63b21ea5	Public Overture site+email; zero-HTTP V6 cheap-screen. Final MASTER dedupe/QA required.				overture:41b1c60c-f8e4-4172-826c-0d4d63b21ea5	brooklandestatewayanad.com	918592040202	brookland estate wayanad a green hive promise	Vythiri	India	HIGH	domain:brooklandestatewayanad.com
	B	78	Tirupathur	India	Kairos Luxury Vacation Villas		holiday_rental_home	Pallakaniyur- Mettukaniyur Road, Yelagiri Hills, Vellore Dt	+919443099271								overture:1d9e415b-d137-4149-85ce-07545e97762f	2026-08-16T02:03:02Z		Canonical queue drain | fit B | GitHub MASTER dedupe passed	http://www.kairosyelagiri.com/	kairosylg@gmail.com	https://www.kairosyelagiri.com/about-us-								High	Verified	https://explore.overturemaps.org/#id=1d9e415b-d137-4149-85ce-07545e97762f	Public Overture site+email; zero-HTTP V6 cheap-screen. Final MASTER dedupe/QA required.				overture:1d9e415b-d137-4149-85ce-07545e97762f	kairosyelagiri.com	919443099271	kairos luxury vacation villas	Tirupathur	India	HIGH	domain:kairosyelagiri.com
	B	78	Sulthanbathery	India	JJ Lake View Villas		hotel	386/C Odavayal	+919744445288								overture:e7954ee9-dbf1-464e-9b0a-41606b393d4f	2026-08-16T02:03:02Z		Canonical queue drain | fit B | GitHub MASTER dedupe passed	http://www.jjwayanad.com/	info@jjwayanad.com	http://www.jjwayanad.com/about.html								Permissive	Qualification	https://explore.overturemaps.org/#id=e7954ee9-dbf1-464e-9b0a-41606b393d4f	Public Overture site+email; zero-HTTP V6 cheap-screen. Final MASTER dedupe/QA required.				overture:e7954ee9-dbf1-464e-9b0a-41606b393d4f	jjwayanad.com	919744445288	jj lake view villas	Sulthanbathery	India	PERMISSIVE	domain:jjwayanad.com
	B	78	Katpadi	India	Vinmeen Retreat		resort	Kollaimeddu, Karasamangalam	+919363637670								overture:9ba3c2c0-f351-4972-9357-fad6bf78fe87	2026-08-16T02:03:02Z		Canonical queue drain | fit B | GitHub MASTER dedupe passed	https://www.vinmeenretreat.com/	info@vinmeenretreat.com		https://www.instagram.com/vinmeen.retreat/							High	Verified	https://explore.overturemaps.org/#id=9ba3c2c0-f351-4972-9357-fad6bf78fe87; https://www.vinmeenretreat.com/	Public Overture site+email; zero-HTTP V6 cheap-screen. Final MASTER dedupe/QA required.				overture:9ba3c2c0-f351-4972-9357-fad6bf78fe87	vinmeenretreat.com	919363637670	vinmeen retreat	Katpadi	India	HIGH	domain:vinmeenretreat.com
	B	78	Doddaballapur	India	VAMA Retreats		resort	Survey Number 27-1, Canterbury Castles Layout	+919108197505								overture:d40d145e-a528-45b5-8956-f016601b6222	2026-08-16T02:03:02Z		Canonical queue drain | fit B | GitHub MASTER dedupe passed	https://vamaretreats.com/	vamaretreats@gmail.com		https://www.instagram.com/vamaretreats/							High	Verified	https://explore.overturemaps.org/#id=d40d145e-a528-45b5-8956-f016601b6222; https://vamaretreats.com/	Public Overture site+email; zero-HTTP V6 cheap-screen. Final MASTER dedupe/QA required.				overture:d40d145e-a528-45b5-8956-f016601b6222	vamaretreats.com	919108197505	vama retreats	Doddaballapur	India	HIGH	domain:vamaretreats.com
	B	78	Mysuru	India	Tropical villages-Mysuru		resort	35 1st Cross Road	+917349696655								overture:fcbca951-0f1e-4c24-aaf4-5b022c808c0e	2026-08-16T02:03:02Z		Canonical queue drain | fit B | GitHub MASTER dedupe passed	http://www.tropicalvillages.com/	reservations@tropicalvillages.com		https://www.instagram.com/tropicalvillages/							High	Verified	https://explore.overturemaps.org/#id=fcbca951-0f1e-4c24-aaf4-5b022c808c0e; https://tropicalvillages.com/	Public Overture site+email; zero-HTTP V6 cheap-screen. Final MASTER dedupe/QA required.				overture:fcbca951-0f1e-4c24-aaf4-5b022c808c0e	tropicalvillages.com	917349696655	tropical villages mysuru	Mysuru	India	HIGH	domain:tropicalvillages.com
	B	78	Chikkamagaluru Sub-District	India	The Grand Retreat - Chikmagalur		resort	SY No. 189, 2, Tarikere Road, near Thogarihankal	+918904033517								overture:e603b8bd-4784-4c1b-b7e3-b0c41b065755	2026-08-16T02:03:02Z		Canonical queue drain | fit B | GitHub MASTER dedupe passed	https://thegrandretreat.in/	reservations@thegrandretreat.in		https://www.instagram.com/grandretreatresort.chikmagalur/							High	Verified	https://explore.overturemaps.org/#id=e603b8bd-4784-4c1b-b7e3-b0c41b065755; https://thegrandretreat.in/	Public Overture site+email; zero-HTTP V6 cheap-screen. Final MASTER dedupe/QA required.				overture:e603b8bd-4784-4c1b-b7e3-b0c41b065755	thegrandretreat.in	918904033517	the grand retreat chikmagalur	Chikkamagaluru Sub-District	India	HIGH	domain:thegrandretreat.in
	B	78	Somvarpet	India	Old Kent Estates and Spa		hotel	Thaikappa Estate, Horoor Post, Suntikoppa, Old Kent Estate Rd	+919789896454								overture:ce4488fa-5b19-4683-9840-4cb96be52baf	2026-08-16T02:03:02Z		Canonical queue drain | fit B | GitHub MASTER dedupe passed	http://www.oldkentestates.com/	okesocial@gmail.com		https://www.instagram.com/oldkentestates/							High	Verified	https://explore.overturemaps.org/#id=ce4488fa-5b19-4683-9840-4cb96be52baf; https://oldkentresorts.com/	Public Overture site+email; zero-HTTP V6 cheap-screen. Final MASTER dedupe/QA required.				overture:ce4488fa-5b19-4683-9840-4cb96be52baf	oldkentestates.com	919789896454	old kent estates and spa	Somvarpet	India	HIGH	domain:oldkentestates.com
	B	78	Wayanad	India	Karapuzha Village Resort		hotel	2 Vazhavatta Post, Pakkam, Cheepramkunnu	095262 62299								overture:d5bec0dc-f725-4d40-ab2d-9d02159f9756	2026-08-16T02:03:02Z		Canonical queue drain | fit B | GitHub MASTER dedupe passed	http://www.karapuzhavillageresort.com	karapuzhavillageresort@gmail.com		https://www.instagram.com/invites/							High	Verified	https://explore.overturemaps.org/#id=d5bec0dc-f725-4d40-ab2d-9d02159f9756; http://www.karapuzhavillageresort.com/	Public Overture site+email; zero-HTTP V6 cheap-screen. Final MASTER dedupe/QA required.				overture:d5bec0dc-f725-4d40-ab2d-9d02159f9756	karapuzhavillageresort.com	09526262299	karapuzha village resort	Wayanad	India	HIGH	domain:karapuzhavillageresort.com
	B	78	Kothamangalam	India	Birds Island Ayur Yoga Retreat		resort	Njyayappilly, Thattekkad	+919746679988								overture:48cfed9e-6942-41e6-8faa-21e88b6f4f9b	2026-08-16T02:03:02Z		Canonical queue drain | fit B | GitHub MASTER dedupe passed	http://www.birdsislandayuryogaretreat.com/	contact@birdsislandayuryogaretreat.com		https://www.instagram.com/bird.sisland/							Medium	Recall-first	https://explore.overturemaps.org/#id=48cfed9e-6942-41e6-8faa-21e88b6f4f9b; https://birdsislandayuryogaretreat.com/	Public Overture site+email; zero-HTTP V6 cheap-screen. Final MASTER dedupe/QA required.				overture:48cfed9e-6942-41e6-8faa-21e88b6f4f9b	birdsislandayuryogaretreat.com	919746679988	birds island ayur yoga retreat	Kothamangalam	India	MEDIUM	domain:birdsislandayuryogaretreat.com
	B	78	Simat/	Kenya	Tiret Riverside Resort and Retreat Eldoret		resort	Mlango	+254743971107								overture:bf7e5c4b-2295-47fb-b5f2-d0faf0737acb	2026-08-16T02:01:12Z		Canonical queue drain | fit B | GitHub MASTER dedupe passed	https://www.tiretresort.com/	info@tiretresort.com	https://www.tiretresort.com/contact								Medium	Recall-first	https://explore.overturemaps.org/#id=bf7e5c4b-2295-47fb-b5f2-d0faf0737acb	Public Overture site+email; zero-HTTP V6 cheap-screen. Final MASTER dedupe/QA required.				overture:bf7e5c4b-2295-47fb-b5f2-d0faf0737acb	tiretresort.com	254743971107	tiret riverside resort and retreat eldoret	Simat/	Kenya	MEDIUM	domain:tiretresort.com
	B	78	Nubra	India	UrthHome Boutique		resort	Hunder Nubra Valley,opposite Diskit-Turtuk highway Hunder	+919682360237								overture:e00cfb70-467a-404e-8d6f-b12db2a7814f	2026-08-16T01:56:45Z		Canonical queue drain | fit B | GitHub MASTER dedupe passed	http://www.urthhomeboutique.com/	urthhomeboutique@gmail.com	https://www.urthhomeboutique.com/about-us								High	Verified	https://explore.overturemaps.org/#id=e00cfb70-467a-404e-8d6f-b12db2a7814f	Public Overture site+email; zero-HTTP V6 cheap-screen. Final MASTER dedupe/QA required.				overture:e00cfb70-467a-404e-8d6f-b12db2a7814f	urthhomeboutique.com	919682360237	urthhome boutique	Nubra	India	HIGH	domain:urthhomeboutique.com
	B	78	Rajpura Tahsil	India	The Firangipani Country Resort		resort	Srinagar - Kanyakumari Hwy	+917068170681								overture:796d1910-84af-45a9-861b-2e7ccb1b3a22	2026-08-16T01:56:45Z		Canonical queue drain | fit B | GitHub MASTER dedupe passed	http://thefirangipani.com/	resortfirangipani@gmail.com	http://thefirangipani.com/contact								Permissive	Qualification	https://explore.overturemaps.org/#id=796d1910-84af-45a9-861b-2e7ccb1b3a22	Public Overture site+email; zero-HTTP V6 cheap-screen. Final MASTER dedupe/QA required.				overture:796d1910-84af-45a9-861b-2e7ccb1b3a22	thefirangipani.com	917068170681	the firangipani country resort	Rajpura Tahsil	India	PERMISSIVE	domain:thefirangipani.com
	B	78	Mussoorie	India	Bougainvillea Home stay		holiday_rental_home		+917895407447								overture:d5e95054-2dd9-4958-a6a3-95ca6676a490	2026-08-16T01:56:45Z		Canonical queue drain | fit B | GitHub MASTER dedupe passed	http://www.thebougainvillea.in/	241bougainvillea@gmail.com					https://thebougainvillea.in/wp-content/uploads/2026/04/luxury-pool-villa-8-scaled.webp				High	Verified	https://explore.overturemaps.org/#id=d5e95054-2dd9-4958-a6a3-95ca6676a490	Public Overture site+email; zero-HTTP V6 cheap-screen. Final MASTER dedupe/QA required.				overture:d5e95054-2dd9-4958-a6a3-95ca6676a490	thebougainvillea.in	917895407447	bougainvillea home stay	Mussoorie	India	HIGH	domain:thebougainvillea.in
	B	78	Theog	India	Snow King Retreat		resort	Hill Top	+919816039666								overture:220c21bc-8146-4d53-9c97-20d7edd53cfd	2026-08-16T01:56:45Z		Canonical queue drain | fit B | GitHub MASTER dedupe passed	http://www.snowkingretreat.com/	booking@snowkingretreat.com	http://www.snowkingretreat.com/contact								Permissive	Qualification	https://explore.overturemaps.org/#id=220c21bc-8146-4d53-9c97-20d7edd53cfd	Public Overture site+email; zero-HTTP V6 cheap-screen. Final MASTER dedupe/QA required.				overture:220c21bc-8146-4d53-9c97-20d7edd53cfd	snowkingretreat.com	919816039666	snow king retreat	Theog	India	PERMISSIVE	domain:snowkingretreat.com
	B	78	Manali	India	Sandhya Village		resort	Kanyal Rd	+919816526795								overture:52e7401f-eeb1-4d1d-ac9f-83802eca726b	2026-08-16T01:56:45Z		Canonical queue drain | fit B | GitHub MASTER dedupe passed	http://www.sandhyahotels.in/	sandhyavillage@gmail.com	http://www.sandhyahotels.in/contact								Medium	Recall-first	https://explore.overturemaps.org/#id=52e7401f-eeb1-4d1d-ac9f-83802eca726b	Public Overture site+email; zero-HTTP V6 cheap-screen. Final MASTER dedupe/QA required.				overture:52e7401f-eeb1-4d1d-ac9f-83802eca726b	sandhyahotels.in	919816526795	sandhya village	Manali	India	MEDIUM	domain:sandhyahotels.in
	B	78	World-Atlas::asia::18-51	India	Rumbak Wildlife Lodge		resort	Rumbak Region, Ladakh	+919906271798								overture:5ac8cddb-24ec-4821-b04f-cce825ec66e5	2026-08-16T01:56:45Z		Canonical queue drain | fit B | GitHub MASTER dedupe passed	http://www.rumbaklodge.com/	rumbaklodge@gmail.com	http://www.rumbaklodge.com/								High	Verified	https://explore.overturemaps.org/#id=5ac8cddb-24ec-4821-b04f-cce825ec66e5	Public Overture site+email; zero-HTTP V6 cheap-screen. Final MASTER dedupe/QA required.				overture:5ac8cddb-24ec-4821-b04f-cce825ec66e5	rumbaklodge.com	919906271798	rumbak wildlife lodge	World-Atlas::asia::18-51	India	HIGH	domain:rumbaklodge.com
	B	78	Manali	India	Renest River Country Resort		resort	NH-3, Rangri	+919816010005								overture:395f9cf3-8d86-4657-adfe-590e22145e70	2026-08-16T01:56:45Z		Canonical queue drain | fit B | GitHub MASTER dedupe passed	http://www.renesthotels.com/	reservations@renesthotels.com	http://www.renesthotels.com/contact								Medium	Recall-first	https://explore.overturemaps.org/#id=395f9cf3-8d86-4657-adfe-590e22145e70	Public Overture site+email; zero-HTTP V6 cheap-screen. Final MASTER dedupe/QA required.				overture:395f9cf3-8d86-4657-adfe-590e22145e70	renesthotels.com	919816010005	renest river country resort	Manali	India	MEDIUM	domain:renesthotels.com
	B	78	San Bartolomé de Tirajana	Spain	Rainbow Golf Hotel		resort	Avenida Touroperador Finnmatkat, 5	+34928774231								overture:38208528-8a1f-4cde-a329-588751455f8b	2026-08-16T01:56:45Z		Canonical queue drain | fit B | GitHub MASTER dedupe passed	http://www.rainbowgolfbungalows.com/	info@rainbowgolfbungalows.com	http://www.rainbowgolfbungalows.com/contact								High	Verified	https://explore.overturemaps.org/#id=38208528-8a1f-4cde-a329-588751455f8b	Public Overture site+email; zero-HTTP V6 cheap-screen. Final MASTER dedupe/QA required.				overture:38208528-8a1f-4cde-a329-588751455f8b	rainbowgolfbungalows.com	34928774231	rainbow golf hotel	San Bartolomé de Tirajana	Spain	HIGH	domain:rainbowgolfbungalows.com
	B	78	Rupnagar	India	Olive Trotter Luxury Resort Near Anandpur Sahib In Nangal, Punjab		resort	bela Dhani, Village, near Mp ke kothi	+919464241887								overture:7f71ff00-ed39-4cb0-8129-d591b4b2491a	2026-08-16T01:56:45Z		Canonical queue drain | fit B | GitHub MASTER dedupe passed	https://www.olivetrotter.com/	ops.olivetrotter@gmail.com	http://www.olivetrotter.com/contact								Permissive	Qualification	https://explore.overturemaps.org/#id=7f71ff00-ed39-4cb0-8129-d591b4b2491a	Public Overture site+email; zero-HTTP V6 cheap-screen. Final MASTER dedupe/QA required.				overture:7f71ff00-ed39-4cb0-8129-d591b4b2491a	olivetrotter.com	919464241887	olive trotter luxury resort near anandpur sahib in nangal punjab	Rupnagar	India	PERMISSIVE	domain:olivetrotter.com
	B	78	El Paso	Spain	Dulce Valle Villas & Spa		hotel	Calle Fátima, 19	+34922486334								overture:4b283455-23ad-4825-97d9-e35a5f6ca501	2026-08-16T01:56:45Z		Canonical queue drain | fit B | GitHub MASTER dedupe passed	http://www.dulcevalle.es/	islabonita.lapalma@hotmail.com	https://www.dulcevalle.es/contacto.php								High	Verified	https://explore.overturemaps.org/#id=4b283455-23ad-4825-97d9-e35a5f6ca501	Public Overture site+email; zero-HTTP V6 cheap-screen. Final MASTER dedupe/QA required.				overture:4b283455-23ad-4825-97d9-e35a5f6ca501	dulcevalle.es	34922486334	dulce valle villas spa	El Paso	Spain	HIGH	domain:dulcevalle.es
	B	78	Adeje	Spain	Labranda Bahia Fanabe and Villas		hotel	Calle Bruselas, 5	+34922712510								overture:37112eaa-14e0-418e-8d62-77dd716bc2da	2026-08-16T01:56:45Z		Canonical queue drain | fit B | GitHub MASTER dedupe passed	https://www.mphspain.com/labranda/bahia-fanabe-villas.html	recepcion.villas@mphspain.com		https://www.instagram.com/blueseahotels/							High	Verified	https://explore.overturemaps.org/#id=37112eaa-14e0-418e-8d62-77dd716bc2da; https://www.blueseahotels.com/hoteles/tenerife/costa-adeje/bluesea-bahia-fanabe-villas/	Public Overture site+email; zero-HTTP V6 cheap-screen. Final MASTER dedupe/QA required.				overture:37112eaa-14e0-418e-8d62-77dd716bc2da	mphspain.com	34922712510	labranda bahia fanabe and villas	Adeje	Spain	HIGH	domain:mphspain.com
	B	78	Mahabalipuram	India	Manna Villa		resort	No 162, Venpurusham Village	+919884825251								overture:453d5c15-1805-414b-9135-91d99699900b	2026-08-16T01:50:39.614258Z		Canonical queue drain | fit B | GitHub MASTER dedupe passed	http://www.mannavilla.com/	mannavillaecr@gmail.com		https://www.instagram.com/mannavilla/							High	Verified	https://explore.overturemaps.org/#id=453d5c15-1805-414b-9135-91d99699900b; https://mannavilla.com/	Public Overture site+email; zero-HTTP V6 cheap-screen. Final MASTER dedupe/QA required.				overture:453d5c15-1805-414b-9135-91d99699900b	mannavilla.com	919884825251	manna villa	Mahabalipuram	India	HIGH	domain:mannavilla.com
	B	78	Cheyyur	India	Okura Island Resort & Spa		hotel	East Coast Road,Opposite Kuvathur Police Station,Kuvathur,Tamilnadu	+919840635666								overture:96fde219-38bb-40ab-83bb-e78b78d75cdb	2026-08-16T01:49:38Z		Canonical queue drain | fit B | GitHub MASTER dedupe passed	http://okura.in/	reservations.oir@okura.in	http://okura.in/contact								Permissive	Qualification	https://explore.overturemaps.org/#id=96fde219-38bb-40ab-83bb-e78b78d75cdb	Public Overture site+email; zero-HTTP V6 cheap-screen. Final MASTER dedupe/QA required.				overture:96fde219-38bb-40ab-83bb-e78b78d75cdb	okura.in	919840635666	okura island resort spa	Cheyyur	India	PERMISSIVE	domain:okura.in
	B	78	Thulusdhoo	Maldives	Coral Inn		hotel	Luyoona Manzil, Gaamathimagu	+9609112672								overture:569622da-cce1-420b-b774-df7cf1f38292	2026-08-16T01:43:56Z		Canonical queue drain | fit B | GitHub MASTER dedupe passed	http://coralinn.mv/	coralinn.mv@gmail.com			https://www.facebook.com/coralinnmv/						High	Verified	https://explore.overturemaps.org/#id=569622da-cce1-420b-b774-df7cf1f38292	Public Overture site+email; zero-HTTP V6 cheap-screen. Final MASTER dedupe/QA required.				overture:569622da-cce1-420b-b774-df7cf1f38292	coralinn.mv	9609112672	coral inn	Thulusdhoo	Maldives	HIGH	domain:coralinn.mv
	B	78	Komenda/Edina/Eguafo/Abirem Municipal District	Ghana	Brenu Beach Lodge		resort		+233244158675								overture:4105bce1-1983-4ec3-914e-38baedb1f958	2026-08-16T01:42:02Z		Canonical queue drain | fit B | GitHub MASTER dedupe passed	http://www.brenubeach.com	agnaboger@yahoo.com	https://en.brenubeach.com/contact								Permissive	Qualification	https://explore.overturemaps.org/#id=4105bce1-1983-4ec3-914e-38baedb1f958	Public Overture site+email; zero-HTTP V6 cheap-screen. Final MASTER dedupe/QA required.				overture:4105bce1-1983-4ec3-914e-38baedb1f958	brenubeach.com	233244158675	brenu beach lodge	Komenda/Edina/Eguafo/Abirem Municipal District	Ghana	PERMISSIVE	domain:brenubeach.com
	B	78	Kampala	UG	Fusion Eco Resort Hotel and Autospa Munyonyo		hotel	Wavamunno Rd	+256751004300								overture:8fa8d439-8f55-4ec9-b30c-308dc4692b5a	2026-08-16T01:38:36Z		Canonical queue drain | fit B | GitHub MASTER dedupe passed	https://fusionecoresort.com/	info@fusionecoresort.com	https://fusionecoresort.com/wp-content/plugins/contact-form-7/includes/css/styles.css?ver=5.7.5.1								High	Verified	https://explore.overturemaps.org/#id=8fa8d439-8f55-4ec9-b30c-308dc4692b5a	Public Overture site+email; zero-HTTP V6 cheap-screen. Final MASTER dedupe/QA required.				overture:8fa8d439-8f55-4ec9-b30c-308dc4692b5a	fusionecoresort.com	256751004300	fusion eco resort hotel and autospa munyonyo	Kampala	UG	HIGH	domain:fusionecoresort.com
	B	78	Hoima	UG	Zebi EcoLodge Hoima		resort		+256707414725								overture:d8f29320-878e-40b7-af76-1fb4a0f7ca84	2026-08-16T01:38:36Z		Canonical queue drain | fit B | GitHub MASTER dedupe passed	https://www.zebieco.com/	contact@zebieco.com	https://www.zebieco.com/learn-about-us								High	Verified	https://explore.overturemaps.org/#id=d8f29320-878e-40b7-af76-1fb4a0f7ca84	Public Overture site+email; zero-HTTP V6 cheap-screen. Final MASTER dedupe/QA required.				overture:d8f29320-878e-40b7-af76-1fb4a0f7ca84	zebieco.com	256707414725	zebi ecolodge hoima	Hoima	UG	HIGH	domain:zebieco.com
	B	78	Goa	CD	The Anchorage Suites and Villas		hotel	Pequeno Chinvar, Vagator, Anjuna, Bardez, North, Goa. 403509	+919923966404								overture:b22c5f24-4816-4dd1-acbe-2c6297ed0950	2026-08-16T01:32:39Z		Canonical queue drain | fit B | GitHub MASTER dedupe passed	http://theanchoragesuitesandvillas.com/	reservations@theanchoragesuitesandvillas.com	http://theanchoragesuitesandvillas.com/about.php								High	Verified	https://explore.overturemaps.org/#id=b22c5f24-4816-4dd1-acbe-2c6297ed0950	Public Overture site+email; zero-HTTP V6 cheap-screen. Final MASTER dedupe/QA required.				overture:b22c5f24-4816-4dd1-acbe-2c6297ed0950	theanchoragesuitesandvillas.com	919923966404	the anchorage suites and villas	Goa	CD	HIGH	domain:theanchoragesuitesandvillas.com
