	A	91	Peachtree City	USA	#1Source Property Management LLC		property_management	401 Westpark Ct	+14706359494								overture:5e5de4e2-2280-44de-89b5-ebf7814699ac	2026-08-15T00:58:09.532345Z		Canonical queue drain | fit A | GitHub MASTER dedupe passed	http://www.1spm.net/	contact@1spm.net	http://www.1spm.net/about				http://www.1spm.net/atlanta-homes-for-rent				High	Verified	https://explore.overturemaps.org/#id=5e5de4e2-2280-44de-89b5-ebf7814699ac	Public Overture site+email; zero-HTTP V6 cheap-screen. Final MASTER dedupe/QA required.				overture:5e5de4e2-2280-44de-89b5-ebf7814699ac	1spm.net	14706359494	1source property management llc	Peachtree City	USA	HIGH	domain:1spm.net
	A	91	Medicine Hat	Canada	First Choice Property Management		property_management	1585 Dunmore Rd SE	+14035805050								overture:06d75c71-52eb-4e40-8100-dd846d3722c2	2026-08-15T00:58:09.532345Z		Canonical queue drain | fit A | GitHub MASTER dedupe passed	http://firstchoicepropertymgmt.squarespace.com/	firstchoiceproperty1@hotmail.com	https://firstchoicepropertymgmt.squarespace.com/contact-us				https://firstchoicepropertymgmt.squarespace.com/universal/svg/social-accounts.svg				High	Verified	https://explore.overturemaps.org/#id=06d75c71-52eb-4e40-8100-dd846d3722c2	Public Overture site+email; zero-HTTP V6 cheap-screen. Final MASTER dedupe/QA required.				overture:06d75c71-52eb-4e40-8100-dd846d3722c2	squarespace.com	14035805050	first choice property management	Medicine Hat	Canada	HIGH	domain:squarespace.com
	A	91	Calgary	Canada	RioCan Property Management		property_management	401 33 St NE	+14034442851								overture:ca7d017f-c536-4249-a1a1-77e94ea88b5a	2026-08-15T00:58:09.532345Z		Canonical queue drain | fit A | GitHub MASTER dedupe passed	http://www.riocan.com	gunningpropertymanagement@gmail.com	https://www.riocan.com/contact-us/default.aspx				https://www.riocan.com/English/our-properties/portfolio-overview/default.aspx				Medium	Recall-first	https://explore.overturemaps.org/#id=ca7d017f-c536-4249-a1a1-77e94ea88b5a	Public Overture site+email; zero-HTTP V6 cheap-screen. Final MASTER dedupe/QA required.				overture:ca7d017f-c536-4249-a1a1-77e94ea88b5a	riocan.com	14034442851	riocan property management	Calgary	Canada	MEDIUM	domain:riocan.com
	A	91	Kalispell	Canada	Kalispell Property Management		property_management	175 Hutton Ranch Rd	+14068580245								overture:7428f05f-2bb0-47fb-8463-2787cb603c32	2026-08-15T00:58:09.532345Z		Canonical queue drain | fit A | GitHub MASTER dedupe passed	http://www.rentinkalispell.com/	rentinkalispell@gmail.com	https://rentinkalispell.com/about				https://rentinkalispell.com/portfolio				High	Verified	https://explore.overturemaps.org/#id=7428f05f-2bb0-47fb-8463-2787cb603c32	Public Overture site+email; zero-HTTP V6 cheap-screen. Final MASTER dedupe/QA required.				overture:7428f05f-2bb0-47fb-8463-2787cb603c32	rentinkalispell.com	14068580245	kalispell property management	Kalispell	Canada	HIGH	domain:rentinkalispell.com
	A	91	Red Deer	Canada	Red Key Realty & Property Management		property_management	2965 Bremner Ave	+14033400065								overture:f4122412-3fa6-417f-8172-115b055da247	2026-08-15T00:58:09.532345Z		Canonical queue drain | fit A | GitHub MASTER dedupe passed	http://www.redkeyproperties.ca/	info@redkeyproperties.ca	https://redkeyproperties.ca/about.html				https://redkeyproperties.ca/rentals.html				High	Verified	https://explore.overturemaps.org/#id=f4122412-3fa6-417f-8172-115b055da247	Public Overture site+email; zero-HTTP V6 cheap-screen. Final MASTER dedupe/QA required.				overture:f4122412-3fa6-417f-8172-115b055da247	redkeyproperties.ca	14033400065	red key realty property management	Red Deer	Canada	HIGH	domain:redkeyproperties.ca
	A	91	Rockport	USA	Knot Bay Haven Vacation Rental in Rockport TX.		holiday_rental_home	1904 Bay Ave	+14094431061								overture:f1c75e73-ba75-42c7-bea4-9aff4cbc252b	2026-08-15T00:58:09.532345Z		Canonical queue drain | fit A | GitHub MASTER dedupe passed	https://www.knotbayhaven.com/	knotbayhaven@gmail.com	https://knotbayhaven.com/en/contact		https://www.facebook.com/profile.php/						High	Verified	https://explore.overturemaps.org/#id=f1c75e73-ba75-42c7-bea4-9aff4cbc252b	Public Overture site+email; zero-HTTP V6 cheap-screen. Final MASTER dedupe/QA required.				overture:f1c75e73-ba75-42c7-bea4-9aff4cbc252b	knotbayhaven.com	14094431061	knot bay haven vacation rental in rockport tx	Rockport	USA	HIGH	domain:knotbayhaven.com
	A	91	Vernon	Canada	Keystone Property Management		property_management	3605 31st St	+12505504543								overture:1f344fff-c938-4372-a45c-2aae079943ce	2026-08-15T00:58:09.532345Z		Canonical queue drain | fit A | GitHub MASTER dedupe passed	https://Keystone.pm/	office@keystone.pm	https://Keystone.pm/Home/Contact		https://www.facebook.com/KeystonePropertyManagement/						High	Verified	https://explore.overturemaps.org/#id=1f344fff-c938-4372-a45c-2aae079943ce	Public Overture site+email; zero-HTTP V6 cheap-screen. Final MASTER dedupe/QA required.				overture:1f344fff-c938-4372-a45c-2aae079943ce	keystone.pm	12505504543	keystone property management	Vernon	Canada	HIGH	domain:keystone.pm
	A	91	Kelowna	Canada	Inspire Property Management Ltd.		property_management	1505 Harvey Ave	+17787380234								overture:733b41a9-dce0-4b18-b6d1-4c9aace8e510	2026-08-15T00:58:09.532345Z		Canonical queue drain | fit A | GitHub MASTER dedupe passed	http://www.inspirepm.com/	info@inspirepm.com	https://inspirepm.com/contact/bookings-kelowna/				https://inspirepm.com/bookings-penticton/				High	Verified	https://explore.overturemaps.org/#id=733b41a9-dce0-4b18-b6d1-4c9aace8e510	Public Overture site+email; zero-HTTP V6 cheap-screen. Final MASTER dedupe/QA required.				overture:733b41a9-dce0-4b18-b6d1-4c9aace8e510	inspirepm.com	17787380234	inspire property management ltd	Kelowna	Canada	HIGH	domain:inspirepm.com
	A	91	Red Deer	Canada	Hearthstone Property Management		property_management	4711 51 Ave	+14033140099								overture:43cf1a0f-8883-433e-990f-97b74119de63	2026-08-15T00:58:09.532345Z		Canonical queue drain | fit A | GitHub MASTER dedupe passed	http://www.hpman.ca/	info@hpman.ca	https://hpman.ca/contact-us/				https://hpman.ca/for-rent/773-penhold-house-2-bedrooms-1-bathroom/				High	Verified	https://explore.overturemaps.org/#id=43cf1a0f-8883-433e-990f-97b74119de63	Public Overture site+email; zero-HTTP V6 cheap-screen. Final MASTER dedupe/QA required.				overture:43cf1a0f-8883-433e-990f-97b74119de63	hpman.ca	14033140099	hearthstone property management	Red Deer	Canada	HIGH	domain:hpman.ca
	A	91	Aiea	USA	Hawaii Pacific Property Management		property_management	99-209 Moanalua Rd	+18084459223								overture:7f589f0a-f346-4099-9b49-10f6d1e85921	2026-08-15T00:58:09.532345Z		Canonical queue drain | fit A | GitHub MASTER dedupe passed	http://hipacificpm.com/	info@hipacificpm.com	https://www.hipacificpm.com/about-us		https://www.facebook.com/HI-Pacific-Property-Management-1598929470384417/						High	Verified	https://explore.overturemaps.org/#id=7f589f0a-f346-4099-9b49-10f6d1e85921	Public Overture site+email; zero-HTTP V6 cheap-screen. Final MASTER dedupe/QA required.				overture:7f589f0a-f346-4099-9b49-10f6d1e85921	hipacificpm.com	18084459223	hawaii pacific property management	Aiea	USA	HIGH	domain:hipacificpm.com
	A	91	Edmonton	Canada	Helm Property Management and Realty		property_management	15533 Stony Plain Rd NW	+17804083082								overture:07ec91f7-2fee-456c-bd00-e054bea68ff3	2026-08-15T00:58:09.532345Z		Canonical queue drain | fit A | GitHub MASTER dedupe passed	http://www.helmproperty.com/	joelhelm@helmproperty.com	https://helmproperty.com/about-us/				https://helmproperty.com/property-rentals/				High	Verified	https://explore.overturemaps.org/#id=07ec91f7-2fee-456c-bd00-e054bea68ff3	Public Overture site+email; zero-HTTP V6 cheap-screen. Final MASTER dedupe/QA required.				overture:07ec91f7-2fee-456c-bd00-e054bea68ff3	helmproperty.com	17804083082	helm property management and realty	Edmonton	Canada	HIGH	domain:helmproperty.com
	A	91	Galveston	USA	The Vista of Palm Beach Galveston TX Vacation Rental		holiday_rental_home	4119 Vista Blvd	+17134177907								overture:b0e50ddf-242a-4211-841f-85761dcc87c8	2026-08-15T00:58:09.532345Z		Canonical queue drain | fit A | GitHub MASTER dedupe passed	https://galvestontxvacation.com/	mail@galvestontxvacation.com	https://galvestontxvacation.com/contact/				https://galvestontxvacation.com/properties/sunsets-on-the-beach-galveston-tx-vacation-rental/				High	Verified	https://explore.overturemaps.org/#id=b0e50ddf-242a-4211-841f-85761dcc87c8	Public Overture site+email; zero-HTTP V6 cheap-screen. Final MASTER dedupe/QA required.				overture:b0e50ddf-242a-4211-841f-85761dcc87c8	galvestontxvacation.com	17134177907	the vista of palm beach galveston tx vacation rental	Galveston	USA	HIGH	domain:galvestontxvacation.com
	A	91	Calgary	Canada	Dusty Property Management Services		handyman	328 Parkview Cres SE	+18257330679								overture:e4836e63-3aa7-45c7-8017-c33c68d91775	2026-08-15T00:58:09.532345Z		Canonical queue drain | fit A | GitHub MASTER dedupe passed	http://www.dustypmservices.ca/	dustypmservices@gmail.com	https://dustypmservices.ca/contact-us		https://www.facebook.com/dustypmservices/						High	Verified	https://explore.overturemaps.org/#id=e4836e63-3aa7-45c7-8017-c33c68d91775	Public Overture site+email; zero-HTTP V6 cheap-screen. Final MASTER dedupe/QA required.				overture:e4836e63-3aa7-45c7-8017-c33c68d91775	dustypmservices.ca	18257330679	dusty property management services	Calgary	Canada	HIGH	domain:dustypmservices.ca
	A	91	Red Deer	Canada	Devereaux Property Management		property_management	3617f 50 Ave	+14033924202								overture:8499b831-bd47-4dd9-8598-55577878ce4c	2026-08-15T00:58:09.532345Z		Canonical queue drain | fit A | GitHub MASTER dedupe passed	https://www.devpropmgt.com/contact-us/	info@devpropmgt.com	https://www.devpropmgt.com/contact-us/				https://www.devpropmgt.com/residential-rentals/				High	Verified	https://explore.overturemaps.org/#id=8499b831-bd47-4dd9-8598-55577878ce4c	Public Overture site+email; zero-HTTP V6 cheap-screen. Final MASTER dedupe/QA required.				overture:8499b831-bd47-4dd9-8598-55577878ce4c	devpropmgt.com	14033924202	devereaux property management	Red Deer	Canada	HIGH	domain:devpropmgt.com
	A	91	Calgary	Canada	Casa Property Management		property_management	1612 17 Ave SW	+14039601021								overture:be5091c0-29a1-4c39-8501-fb0ea7277e94	2026-08-15T00:58:09.532345Z		Canonical queue drain | fit A | GitHub MASTER dedupe passed	https://casacalgary.com/	admin@casacalgary.com	https://casacalgary.com/contact-us				https://casacalgary.com/book-a-showing				High	Verified	https://explore.overturemaps.org/#id=be5091c0-29a1-4c39-8501-fb0ea7277e94	Public Overture site+email; zero-HTTP V6 cheap-screen. Final MASTER dedupe/QA required.				overture:be5091c0-29a1-4c39-8501-fb0ea7277e94	casacalgary.com	14039601021	casa property management	Calgary	Canada	HIGH	domain:casacalgary.com
	A	91	Kelowna	Canada	Real Property Management Executives		property_management	251 Harvey Ave	+12367661118								overture:fd6473b2-5e3d-420a-8962-2c3951d758c4	2026-08-15T00:58:09.532345Z		Canonical queue drain | fit A | GitHub MASTER dedupe passed	https://c21assurancepm.ca/	info@c21assurancepm.ca	https://c21assurancepm.ca/about-us/				https://c21assurancepm.ca/rentals/long-term-rentals/				High	Verified	https://explore.overturemaps.org/#id=fd6473b2-5e3d-420a-8962-2c3951d758c4	Public Overture site+email; zero-HTTP V6 cheap-screen. Final MASTER dedupe/QA required.				overture:fd6473b2-5e3d-420a-8962-2c3951d758c4	c21assurancepm.ca	12367661118	real property management executives	Kelowna	Canada	HIGH	domain:c21assurancepm.ca
	A	91	Honolulu	USA	BlackRock Property Management		property_management	1440 Kapiolani Blvd	+18086722526								overture:b1fe1e22-28df-44a5-8f50-7e76e7cd2b04	2026-08-15T00:58:09.532345Z		Canonical queue drain | fit A | GitHub MASTER dedupe passed	http://www.blackrockhi.com	blackrockhi@gmail.com	https://www.blackrockhi.com/about-us		https://www.facebook.com/BlackRockPM/						High	Verified	https://explore.overturemaps.org/#id=b1fe1e22-28df-44a5-8f50-7e76e7cd2b04	Public Overture site+email; zero-HTTP V6 cheap-screen. Final MASTER dedupe/QA required.				overture:b1fe1e22-28df-44a5-8f50-7e76e7cd2b04	blackrockhi.com	18086722526	blackrock property management	Honolulu	USA	HIGH	domain:blackrockhi.com
	A	91	Bay City	USA	Big Fish Haus Vacation Rental		holiday_rental_home	201 County Road 206	+19794936121								overture:fd438cfb-4015-4117-bc38-bbe774bdc479	2026-08-15T00:58:09.532345Z		Canonical queue drain | fit A | GitHub MASTER dedupe passed	http://www.bigfishhaus.com/	bemactx@gmail.com	https://bigfishhaus.com/en/1862895/contact	https://www.instagram.com/bigfishhaus/							High	Verified	https://explore.overturemaps.org/#id=fd438cfb-4015-4117-bc38-bbe774bdc479; https://bigfishhaus.com/	Public Overture site+email; zero-HTTP V6 cheap-screen. Final MASTER dedupe/QA required.				overture:fd438cfb-4015-4117-bc38-bbe774bdc479	bigfishhaus.com	19794936121	big fish haus vacation rental	Bay City	USA	HIGH	domain:bigfishhaus.com
	A	91	Calgary	Canada	Arek Property Management		property_management	1612 17 Ave SW	+14037012169								overture:14230450-c1c9-42a7-88dc-11f4e79ba4bc	2026-08-15T00:58:09.532345Z		Canonical queue drain | fit A | GitHub MASTER dedupe passed	http://arekpm.com/	gvirdi@arekpm.com	https://arekpm.com/contact-us/		https://www.facebook.com/people/AREK-Property-Management/61565897744373/						High	Verified	https://explore.overturemaps.org/#id=14230450-c1c9-42a7-88dc-11f4e79ba4bc	Public Overture site+email; zero-HTTP V6 cheap-screen. Final MASTER dedupe/QA required.				overture:14230450-c1c9-42a7-88dc-11f4e79ba4bc	arekpm.com	14037012169	arek property management	Calgary	Canada	HIGH	domain:arekpm.com
	A	91	Aransas Pass	USA	Aransas Property Management		property_management	410 S Commercial St	+13617584855								overture:20be2746-747a-4284-82c1-3ef981b4cffd	2026-08-15T00:58:09.532345Z		Canonical queue drain | fit A | GitHub MASTER dedupe passed	http://www.AransasPropertyManagement.net/	lisabarkerrealtor@gmail.com	https://aransaspropertymanagement.net/wp-content/uploads/2026/01/Information-About-Brokerage-Services-Seller_Landlord-1_26-1.pdf				https://aransaspropertymanagement.net/rentals/				High	Verified	https://explore.overturemaps.org/#id=20be2746-747a-4284-82c1-3ef981b4cffd	Public Overture site+email; zero-HTTP V6 cheap-screen. Final MASTER dedupe/QA required.				overture:20be2746-747a-4284-82c1-3ef981b4cffd	aransaspropertymanagement.net	13617584855	aransas property management	Aransas Pass	USA	HIGH	domain:aransaspropertymanagement.net
	A	91	Medicine Hat	Canada	Angie's Best Choice Property Management		property_management	1920 10 Ave NW	+14035803666								overture:f3174595-e8e6-4005-9c88-9a3ce5d47e96	2026-08-15T00:58:09.532345Z		Canonical queue drain | fit A | GitHub MASTER dedupe passed	http://angiesbestchoice.com/	info@angiesbestchoice.com	https://angiesbestchoice.com/contact-us/				https://angiesbestchoice.com/wp-content/themes/realhomes/style.css?ver=3.12.1				High	Verified	https://explore.overturemaps.org/#id=f3174595-e8e6-4005-9c88-9a3ce5d47e96	Public Overture site+email; zero-HTTP V6 cheap-screen. Final MASTER dedupe/QA required.				overture:f3174595-e8e6-4005-9c88-9a3ce5d47e96	angiesbestchoice.com	14035803666	angie s best choice property management	Medicine Hat	Canada	HIGH	domain:angiesbestchoice.com
	A	91	Apache Junction	USA	Western Lifestyle Realty and Property Management		real_estate_service	1075 S Idaho Rd	+14809825537								overture:ef957eea-6157-46de-9fff-55e41dfb25b4	2026-08-15T00:58:09.532345Z		Canonical queue drain | fit A | GitHub MASTER dedupe passed	http://www.westernlifestylerealty.com	camigsells@gmail.com	https://www.WesternLifestyleRealty.com/about				https://www.WesternLifestyleRealty.com/properties				High	Verified	https://explore.overturemaps.org/#id=ef957eea-6157-46de-9fff-55e41dfb25b4	Public Overture site+email; zero-HTTP V6 cheap-screen. Final MASTER dedupe/QA required.				overture:ef957eea-6157-46de-9fff-55e41dfb25b4	westernlifestylerealty.com	14809825537	western lifestyle realty and property management	Apache Junction	USA	HIGH	domain:westernlifestylerealty.com
	A	91	Tempe	USA	Keller Williams East Valley Property Management		real_estate_service	2077 E Warner Rd	+14803821246								overture:2be0521b-e5eb-4a3a-8179-54d22e35a256	2026-08-15T00:58:09.532345Z		Canonical queue drain | fit A | GitHub MASTER dedupe passed	http://rentphoenix.biz/	info@rentphoenix.biz	https://rentphoenix.biz/about-us		https://www.facebook.com/Keller-Williams-East-Valley-Property-Management-194564473944929/						High	Verified	https://explore.overturemaps.org/#id=2be0521b-e5eb-4a3a-8179-54d22e35a256	Public Overture site+email; zero-HTTP V6 cheap-screen. Final MASTER dedupe/QA required.				overture:2be0521b-e5eb-4a3a-8179-54d22e35a256	rentphoenix.biz	14803821246	keller williams east valley property management	Tempe	USA	HIGH	domain:rentphoenix.biz
	A	91	Stockton	USA	Property Management Experts		real_estate_agent	200 W Harding Way	(209) 465-5000								overture:b6aa3586-943e-42eb-ba15-dbf9371d63a4	2026-08-15T00:58:09.532345Z		Canonical queue drain | fit A | GitHub MASTER dedupe passed	http://www.pmerents.com	receptionist@pmerents.com	https://www.pmerents.com/aboutus		https://www.facebook.com/PropertyManagementExperts.PME/						High	Verified	https://explore.overturemaps.org/#id=b6aa3586-943e-42eb-ba15-dbf9371d63a4	Public Overture site+email; zero-HTTP V6 cheap-screen. Final MASTER dedupe/QA required.				overture:b6aa3586-943e-42eb-ba15-dbf9371d63a4	pmerents.com	2094655000	property management experts	Stockton	USA	HIGH	domain:pmerents.com
	A	91	Oakdale	USA	Open House Real Estate and Property Management		real_estate_service	805 W F St	+12093803318								overture:16992308-6956-460c-a70a-7cbbe1934efd	2026-08-15T00:58:09.532345Z		Canonical queue drain | fit A | GitHub MASTER dedupe passed	http://ohrepm.com/	ohrepm@gmail.com	https://ohrepm.com/about				https://ohrepm.com/rentals				High	Verified	https://explore.overturemaps.org/#id=16992308-6956-460c-a70a-7cbbe1934efd	Public Overture site+email; zero-HTTP V6 cheap-screen. Final MASTER dedupe/QA required.				overture:16992308-6956-460c-a70a-7cbbe1934efd	ohrepm.com	12093803318	open house real estate and property management	Oakdale	USA	HIGH	domain:ohrepm.com
	A	91	Mesa	USA	Hometrend Property Management and Real Estate		property_management	1819 E Southern Ave	+14808326757								overture:fb9041c8-35ea-480b-b8f1-48be7b404994	2026-08-15T00:58:09.532345Z		Canonical queue drain | fit A | GitHub MASTER dedupe passed	http://www.hometrendrentals.com/	tyson@hometrendrentals.com	https://hometrendrentals.com/the-truth-about-the-exaggerating-investor/				https://hometrendrentals.com/feed/				High	Verified	https://explore.overturemaps.org/#id=fb9041c8-35ea-480b-b8f1-48be7b404994	Public Overture site+email; zero-HTTP V6 cheap-screen. Final MASTER dedupe/QA required.				overture:fb9041c8-35ea-480b-b8f1-48be7b404994	hometrendrentals.com	14808326757	hometrend property management and real estate	Mesa	USA	HIGH	domain:hometrendrentals.com
	A	91	Fayetteville	USA	Grant-Murray Property Management		property_management	150 N McPherson Church Rd	+19108682020								overture:76040a0b-b220-45c2-85f3-f7e649e30468	2026-08-15T00:58:09.532345Z		Canonical queue drain | fit A | GitHub MASTER dedupe passed	http://www.grantmurrayre.com/	reception@grantmurrayre.com	https://grantmurrayre.com/contact/		https://www.facebook.com/grantmurrayrealestate/						Medium	Recall-first	https://explore.overturemaps.org/#id=76040a0b-b220-45c2-85f3-f7e649e30468	Public Overture site+email; zero-HTTP V6 cheap-screen. Final MASTER dedupe/QA required.				overture:76040a0b-b220-45c2-85f3-f7e649e30468	grantmurrayre.com	19108682020	grant murray property management	Fayetteville	USA	MEDIUM	domain:grantmurrayre.com
	A	91	Sandy	USA	GOAT Property Management		real_estate_service		+18013960850								overture:670c1855-cdea-4f03-8c2d-1cb53e4103fe	2026-08-15T00:58:09.532345Z		Canonical queue drain | fit A | GitHub MASTER dedupe passed	https://www.goatpropertymanagement.com/	sarah@goatpropertymanagement.com	https://www.goatpropertymanagement.com/about/				https://www.goatpropertymanagement.com/properties-for-rent/				High	Verified	https://explore.overturemaps.org/#id=670c1855-cdea-4f03-8c2d-1cb53e4103fe	Public Overture site+email; zero-HTTP V6 cheap-screen. Final MASTER dedupe/QA required.				overture:670c1855-cdea-4f03-8c2d-1cb53e4103fe	goatpropertymanagement.com	18013960850	goat property management	Sandy	USA	HIGH	domain:goatpropertymanagement.com
	A	91	North Charleston	USA	Epic Property Management		property_management	3236 Landmark Dr	+18438049010								overture:e480b084-875e-4fb3-96d1-8c504e62df5b	2026-08-15T00:58:09.532345Z		Canonical queue drain | fit A | GitHub MASTER dedupe passed	http://www.epicpmcharleston.com/	robert@epicpmcharleston.com	https://epicpmcharleston.com/about		https://www.facebook.com/EpicPMCharleston/						Medium	Recall-first	https://explore.overturemaps.org/#id=e480b084-875e-4fb3-96d1-8c504e62df5b	Public Overture site+email; zero-HTTP V6 cheap-screen. Final MASTER dedupe/QA required.				overture:e480b084-875e-4fb3-96d1-8c504e62df5b	epicpmcharleston.com	18438049010	epic property management	North Charleston	USA	MEDIUM	domain:epicpmcharleston.com
	A	91	Stockton	USA	Diversified Asset and Property Management		real_estate_agent	1833 W March Ln	+12096031647								overture:0ab956d4-2ea5-4ab5-b5f5-ed4d7a71df9c	2026-08-15T00:58:09.532345Z		Canonical queue drain | fit A | GitHub MASTER dedupe passed	https://www.diversifiedrealtors.com/	ryan@diversifiedrealtors.com			https://www.facebook.com/diversifiedrealtors/		https://www.diversifiedrealtors.com/Diversified%20Realtors%20%E2%80%93%20Stockton,%20Tracy,%20Manteca,%20Modesto,%20Lodi%20and%20Elk%20Grove%20_%20Find%20Homes%20For%20Sale%20in%20Stockton.%20Search%20Stockton,%20California%20real%20estate%20and%20recently%20sold%20properties_files/css.css				High	Verified	https://explore.overturemaps.org/#id=0ab956d4-2ea5-4ab5-b5f5-ed4d7a71df9c	Public Overture site+email; zero-HTTP V6 cheap-screen. Final MASTER dedupe/QA required.				overture:0ab956d4-2ea5-4ab5-b5f5-ed4d7a71df9c	diversifiedrealtors.com	12096031647	diversified asset and property management	Stockton	USA	HIGH	domain:diversifiedrealtors.com
	A	91	Colorado Springs	USA	Clemente Real Estate Services Sales/Property Management		real_estate_agent	5140 N Union Blvd #101	(719) 574-4646								overture:684e952a-24b9-421c-b656-bcb42a932af9	2026-08-15T00:58:09.532345Z		Canonical queue drain | fit A | GitHub MASTER dedupe passed	http://www.clementehomes.com	info@clementehomes.com	https://clementehomes.com/about-us				https://clementehomes.com/available-rentals				High	Verified	https://explore.overturemaps.org/#id=684e952a-24b9-421c-b656-bcb42a932af9	Public Overture site+email; zero-HTTP V6 cheap-screen. Final MASTER dedupe/QA required.				overture:684e952a-24b9-421c-b656-bcb42a932af9	clementehomes.com	7195744646	clemente real estate services sales property management	Colorado Springs	USA	HIGH	domain:clementehomes.com
	A	91	Bethel Island	USA	Boyd Real Estate and Property Management		real_estate_agent	6170 Bethel Island Rd	+19256842000								overture:ceaa030f-3e46-4de1-9697-ec3b4597da38	2026-08-15T00:58:09.532345Z		Canonical queue drain | fit A | GitHub MASTER dedupe passed	https://boydnorcal.com/	julie@boydnorcal.com	https://boydnorcal.com/contact-us/				https://boydnorcal.com/idx/listings/property-listings/				High	Verified	https://explore.overturemaps.org/#id=ceaa030f-3e46-4de1-9697-ec3b4597da38	Public Overture site+email; zero-HTTP V6 cheap-screen. Final MASTER dedupe/QA required.				overture:ceaa030f-3e46-4de1-9697-ec3b4597da38	boydnorcal.com	19256842000	boyd real estate and property management	Bethel Island	USA	HIGH	domain:boydnorcal.com
	A	91	Honolulu	USA	Hawaii Property Management Team		real_estate_service	500 Ala Moana Blvd	+18083939800								overture:058e88c5-493a-43b2-b992-f48ac7ed4910	2026-08-15T00:58:09.532345Z		Canonical queue drain | fit A | GitHub MASTER dedupe passed	http://HawaiiPropertyManagementTeam.com/	pm@hawaiipropertymanagementteam.com		https://www.instagram.com/hawaiipropertymanagementteam/	https://www.facebook.com/Hawaiipropertymanagementeam/						High	Verified	https://explore.overturemaps.org/#id=058e88c5-493a-43b2-b992-f48ac7ed4910; https://www.hawaiipropertymanagementteam.com/	Public Overture site+email; zero-HTTP V6 cheap-screen. Final MASTER dedupe/QA required.				overture:058e88c5-493a-43b2-b992-f48ac7ed4910	hawaiipropertymanagementteam.com	18083939800	hawaii property management team	Honolulu	USA	HIGH	domain:hawaiipropertymanagementteam.com
	A	91	Calgary	Canada	Fair Commissions Realty & Property Management		real_estate_service	5940 MacLeod Trl SW	+14037086363								overture:3c6565ea-7ecf-4a97-8388-15d3b076647a	2026-08-15T00:58:09.532345Z		Canonical queue drain | fit A | GitHub MASTER dedupe passed	http://www.faircommissionsrealty.com/	eric@faircommissionsrealty.com	https://www.faircommissionsrealty.com/about		https://www.facebook.com/EricShiCalgary/						High	Verified	https://explore.overturemaps.org/#id=3c6565ea-7ecf-4a97-8388-15d3b076647a	Public Overture site+email; zero-HTTP V6 cheap-screen. Final MASTER dedupe/QA required.				overture:3c6565ea-7ecf-4a97-8388-15d3b076647a	faircommissionsrealty.com	14037086363	fair commissions realty property management	Calgary	Canada	HIGH	domain:faircommissionsrealty.com
	A	91	Calgary	Canada	AMG Realty & Property Management		real_estate_service	#115-12318 Barlow Trail NE									overture:40c999c3-eafd-4081-be00-76c4cd13aa1d	2026-08-15T00:58:09.532345Z		Canonical queue drain | fit A | GitHub MASTER dedupe passed	http://amgrealty.ca/	peterjagpal@amgrealty.ca	https://www.amgrealty.ca/contact.php		https://www.facebook.com/amgrealtycalgary/		https://www.amgrealty.ca/index.php?advanced=1&display=Renfrew,+Winston+Heights%2FMountview,+Crescent+Heights,+Tuxedo+Park,+Bridgeland%2FRiverside,+Highland+Park,+Applewood+Park,+Country+Hills+Village,+Coventry+Hills,+Greenview,+Harvest+Hills,+Beddington+Heights,+Huntington+Hills,+Thorncliffe,+Castleridge,+Coral+Springs,+Cityscape,+Falconridge,+Marlborough,+Marlborough+Park,+Martindale,+Mayland+Heights,+Monterey+Park,+Pineridge,+Redstone,+Rundle,+Saddle+Ridge,+Skyview+Ranch,+Taradale,+Temple,+Vista+Heights,+Whitehorn,+Abbeydale,+Cornerstone&min=150000&max=100000000&beds=0&baths=0&types[]=1&types[]=2&types[]=3&types[]=5&types[]=4&types[]=12&minfootage=0&maxfootage=30000&minacres=0&maxacres=&yearbuilt=0&maxyearbuilt=2021&walkscore=0&keywords=&area_keyword=Abbeydale&sortby=listings.price+ASC&rtype=grid				High	Verified	https://explore.overturemaps.org/#id=40c999c3-eafd-4081-be00-76c4cd13aa1d	Public Overture site+email; zero-HTTP V6 cheap-screen. Final MASTER dedupe/QA required.				overture:40c999c3-eafd-4081-be00-76c4cd13aa1d	amgrealty.ca		amg realty property management	Calgary	Canada	HIGH	domain:amgrealty.ca
	A	91	Kapaa	USA	Ohia Kai Vacation Rentals		holiday_rental_home	4566 Ohia St	+18088225881								overture:75eecbbd-bfb0-4053-8031-e8b55667dae3	2026-08-15T00:58:09.532345Z		Canonical queue drain | fit A | GitHub MASTER dedupe passed	http://www.ohiakairentals.com/	jim_stone65@yahoo.com		https://www.instagram.com/ohia_kai_vacation_rental/	https://www.facebook.com/ohia.kai.vacation.rentals/						High	Verified	https://explore.overturemaps.org/#id=75eecbbd-bfb0-4053-8031-e8b55667dae3; https://www.ohiakairentals.com/	Public Overture site+email; zero-HTTP V6 cheap-screen. Final MASTER dedupe/QA required.				overture:75eecbbd-bfb0-4053-8031-e8b55667dae3	ohiakairentals.com	18088225881	ohia kai vacation rentals	Kapaa	USA	HIGH	domain:ohiakairentals.com
	A	91	Bishop Auckland	United Kingdom	Woodcroft Farm Holiday Homes		hotel	Frosterly	+441388528572								overture:a4a3723b-48c1-4169-a5e4-f784076c9063	2026-08-15T00:58:09.532345Z		Canonical queue drain | fit A | GitHub MASTER dedupe passed	http://www.woodcroftfarm.co.uk/	office@woodcroftfarm.co.uk	https://www.woodcroftfarm.co.uk/about-us		https://www.facebook.com/wix/						High	Verified	https://explore.overturemaps.org/#id=a4a3723b-48c1-4169-a5e4-f784076c9063	Public Overture site+email; zero-HTTP V6 cheap-screen. Final MASTER dedupe/QA required.				overture:a4a3723b-48c1-4169-a5e4-f784076c9063	woodcroftfarm.co.uk	441388528572	woodcroft farm holiday homes	Bishop Auckland	United Kingdom	HIGH	domain:woodcroftfarm.co.uk
	A	91	Tucson	USA	Tucson Vacation Rentals		rv_park	4739 E 5th St	+15208852784								overture:d1c7476f-79a6-4539-94a7-32930d2ffde8	2026-08-15T00:58:09.532345Z		Canonical queue drain | fit A | GitHub MASTER dedupe passed	https://www.tucsonvacationrentals.com/	tucson.vacation.spots@gmail.com	https://booking.tucsonvacationrentals.com/search/				https://booking.tucsonvacationrentals.com/vacation-rental-property-v2/87901/the-duke---iconic-foothills-escape-with-spa				High	Verified	https://explore.overturemaps.org/#id=d1c7476f-79a6-4539-94a7-32930d2ffde8	Public Overture site+email; zero-HTTP V6 cheap-screen. Final MASTER dedupe/QA required.				overture:d1c7476f-79a6-4539-94a7-32930d2ffde8	tucsonvacationrentals.com	15208852784	tucson vacation rentals	Tucson	USA	HIGH	domain:tucsonvacationrentals.com
	A	91	Tucson	USA	Sonoran Oasis Vacation Rentals		holiday_rental_home	6655 N Canyon Crest Dr	+13035475853								overture:fc5ac519-e4b4-47e2-8088-e64427c102d0	2026-08-15T00:58:09.532345Z		Canonical queue drain | fit A | GitHub MASTER dedupe passed	https://www.sonoranoasis.com/	rentals@sonoranoasis.com		https://www.instagram.com/sonoranoasisvacationrentals/	https://www.facebook.com/sonoranoasisvacationrentals/						High	Verified	https://explore.overturemaps.org/#id=fc5ac519-e4b4-47e2-8088-e64427c102d0; https://www.sonoranoasis.com/	Public Overture site+email; zero-HTTP V6 cheap-screen. Final MASTER dedupe/QA required.				overture:fc5ac519-e4b4-47e2-8088-e64427c102d0	sonoranoasis.com	13035475853	sonoran oasis vacation rentals	Tucson	USA	HIGH	domain:sonoranoasis.com
	A	91	Chandler	USA	Phoenix Vacation Rentals		professional_service	611 N Cholla St	(480) 782-9272								overture:dfb56d89-b229-4bb4-ac62-298053d9e24a	2026-08-15T00:58:09.532345Z		Canonical queue drain | fit A | GitHub MASTER dedupe passed	http://www.phoenixvacationrentalhomes.com	rent@phoenixvacationrentalhomes.com	https://www.phoenixvacationrentalhomes.com/contact.asp				http://www.phoenixvacationrentalhomes.com/Scottsdale_Vacation_Rentals.asp				High	Verified	https://explore.overturemaps.org/#id=dfb56d89-b229-4bb4-ac62-298053d9e24a	Public Overture site+email; zero-HTTP V6 cheap-screen. Final MASTER dedupe/QA required.				overture:dfb56d89-b229-4bb4-ac62-298053d9e24a	phoenixvacationrentalhomes.com	4807829272	phoenix vacation rentals	Chandler	USA	HIGH	domain:phoenixvacationrentalhomes.com
	A	91	Hilton Head Island	USA	Hilton Head Owner Vacation Rentals		holiday_rental_home	113 Shipyard Dr	+18437324456								overture:96040019-a2b1-42ff-8a7b-c6a39130d5c6	2026-08-15T00:58:09.532345Z		Canonical queue drain | fit A | GitHub MASTER dedupe passed	http://www.hiltonheadownervacationrentals.com	seeryushhi@gmail.com	https://hiltonheadownervacationrentals.com/about-us/				https://hiltonheadownervacationrentals.com/properties/199-the-greens/				High	Verified	https://explore.overturemaps.org/#id=96040019-a2b1-42ff-8a7b-c6a39130d5c6	Public Overture site+email; zero-HTTP V6 cheap-screen. Final MASTER dedupe/QA required.				overture:96040019-a2b1-42ff-8a7b-c6a39130d5c6	hiltonheadownervacationrentals.com	18437324456	hilton head owner vacation rentals	Hilton Head Island	USA	HIGH	domain:hiltonheadownervacationrentals.com
	A	91	Hilton Head Island	USA	Breakers Vacation Rentals		holiday_rental_home	4 N Forest Beach Dr	+18433412764								overture:cf681dad-4cbb-4fd8-a738-8203754a25cc	2026-08-15T00:58:09.532345Z		Canonical queue drain | fit A | GitHub MASTER dedupe passed	https://www.hiltonheadbreakersvacationrentals.com	vacationrentalhhi@gmail.com	https://www.hiltonheadbreakersvacationrentals.com/about-us				https://www.hiltonheadbreakersvacationrentals.com/site-map				High	Verified	https://explore.overturemaps.org/#id=cf681dad-4cbb-4fd8-a738-8203754a25cc	Public Overture site+email; zero-HTTP V6 cheap-screen. Final MASTER dedupe/QA required.				overture:cf681dad-4cbb-4fd8-a738-8203754a25cc	hiltonheadbreakersvacationrentals.com	18433412764	breakers vacation rentals	Hilton Head Island	USA	HIGH	domain:hiltonheadbreakersvacationrentals.com
	A	91	Arnold	USA	Bear Valley Vacation Rentals		holiday_rental_home	39 No Name Rd	+12097532334								overture:0fc513d2-5050-4a5e-be69-5c4165b89e60	2026-08-15T00:58:09.532345Z		Canonical queue drain | fit A | GitHub MASTER dedupe passed	http://www.bearvalleyvacationrentals.com	forfun@bearvalleyvacationrentals.com	https://www.bearvalleyvacationrentals.com/about	https://www.instagram.com/bearvalleyvacationrentals/							High	Verified	https://explore.overturemaps.org/#id=0fc513d2-5050-4a5e-be69-5c4165b89e60; https://www.bearvalleyvacationrentals.com/	Public Overture site+email; zero-HTTP V6 cheap-screen. Final MASTER dedupe/QA required.				overture:0fc513d2-5050-4a5e-be69-5c4165b89e60	bearvalleyvacationrentals.com	12097532334	bear valley vacation rentals	Arnold	USA	HIGH	domain:bearvalleyvacationrentals.com
	A	91	Whitley Bay	United Kingdom	Holiday Homes For Sale At Alnwick Springs In Northumberland		rv_park	Alnwick Springs Leisure Park									overture:028f66fb-fd29-422f-81ce-857325a53e55	2026-08-15T00:58:09.532345Z		Canonical queue drain | fit A | GitHub MASTER dedupe passed	https://alnwicksprings.co.uk/	sales@alnwicksprings.co.uk			https://www.facebook.com/alnwickspringsleisurepark/	https://wa.me/447533941053	https://alnwicksprings.co.uk/holiday-homes/870-2/				High	Verified	https://explore.overturemaps.org/#id=028f66fb-fd29-422f-81ce-857325a53e55	Public Overture site+email; zero-HTTP V6 cheap-screen. Final MASTER dedupe/QA required.				overture:028f66fb-fd29-422f-81ce-857325a53e55	alnwicksprings.co.uk		holiday homes for sale at alnwick springs in northumberland	Whitley Bay	United Kingdom	HIGH	domain:alnwicksprings.co.uk
	A	91	Rockport	USA	Rockport Living Vacation Rentals & Real Estate		real_estate_service	508 S Austin St	+13614500049								overture:b060e708-6ada-4f2b-a414-f586abeb33ef	2026-08-15T00:58:09.532345Z		Canonical queue drain | fit A | GitHub MASTER dedupe passed	https://www.rockportliving.com/	info@rockportliving.com	https://book.rockportliving.com/contact-us				https://book.rockportliving.com/search				High	Verified	https://explore.overturemaps.org/#id=b060e708-6ada-4f2b-a414-f586abeb33ef	Public Overture site+email; zero-HTTP V6 cheap-screen. Final MASTER dedupe/QA required.				overture:b060e708-6ada-4f2b-a414-f586abeb33ef	rockportliving.com	13614500049	rockport living vacation rentals real estate	Rockport	USA	HIGH	domain:rockportliving.com
	A	91	Koloa	USA	Poipu Plantation Vacation Rentals		holiday_rental_home	1792 Pee Rd	+18087426757								overture:0e6db574-b512-451d-b202-7ca97358636d	2026-08-15T00:58:09.532345Z		Canonical queue drain | fit A | GitHub MASTER dedupe passed	https://poipubeach.com/?y_source=1_NTE4NTU5MzgtNTU5LWxvY2F0aW9uLndlYnNpdGU%3D	plantation@poipubeach.com	https://poipubeach.com/review-your-booking/				https://poipubeach.com/review-your-booking/				High	Verified	https://explore.overturemaps.org/#id=0e6db574-b512-451d-b202-7ca97358636d	Public Overture site+email; zero-HTTP V6 cheap-screen. Final MASTER dedupe/QA required.				overture:0e6db574-b512-451d-b202-7ca97358636d	poipubeach.com	18087426757	poipu plantation vacation rentals	Koloa	USA	HIGH	domain:poipubeach.com
	A	91	South Padre Island	USA	Affordable Beach House Vacation Rentals		holiday_rental_home	105 E Corral St	+19567618750								overture:a946607f-b1e7-4652-90cd-2e728c0581ba	2026-08-15T00:58:09.532345Z		Canonical queue drain | fit A | GitHub MASTER dedupe passed	http://padrebeachhouses.com/	padrebeachhouses@gmail.com	https://padrebeachhouses.com/inquiry/				https://padrebeachhouses.com/vacation-rentals/				High	Verified	https://explore.overturemaps.org/#id=a946607f-b1e7-4652-90cd-2e728c0581ba	Public Overture site+email; zero-HTTP V6 cheap-screen. Final MASTER dedupe/QA required.				overture:a946607f-b1e7-4652-90cd-2e728c0581ba	padrebeachhouses.com	19567618750	affordable beach house vacation rentals	South Padre Island	USA	HIGH	domain:padrebeachhouses.com
	A	91	Honolulu	USA	Oahu Dream Vacation Rentals		holiday_rental_home	1625 Liliha St	+18083939798								overture:1db9ee44-7cd6-4ff0-b287-db91a1e136de	2026-08-15T00:58:09.532345Z		Canonical queue drain | fit A | GitHub MASTER dedupe passed	http://www.oahudreamvacationrentals.com/	oahudreamvacationrentals@gmail.com	https://www.oahudreamvacationrentals.com/assets/booking-engine-92ad31ecff4dcb0d42b43fc0e6661b367384fc2e794453f39f31c3afa800c9cd.css				https://www.oahudreamvacationrentals.com/assets/booking-engine-92ad31ecff4dcb0d42b43fc0e6661b367384fc2e794453f39f31c3afa800c9cd.css				Medium	Recall-first	https://explore.overturemaps.org/#id=1db9ee44-7cd6-4ff0-b287-db91a1e136de	Public Overture site+email; zero-HTTP V6 cheap-screen. Final MASTER dedupe/QA required.				overture:1db9ee44-7cd6-4ff0-b287-db91a1e136de	oahudreamvacationrentals.com	18083939798	oahu dream vacation rentals	Honolulu	USA	MEDIUM	domain:oahudreamvacationrentals.com
	A	91	Koloa	USA	Orchid Vacation Rental House		holiday_rental_home	1615 Makanui Rd	+17342232209								overture:214a39be-bef2-474c-94c9-1dee4e6db888	2026-08-15T00:58:09.532345Z		Canonical queue drain | fit A | GitHub MASTER dedupe passed	http://www.luxurykauaihome.com/	ning@luxurykauaihome.com	http://www.luxurykauaihome.com/contact.html				http://www.luxurykauaihome.com/Golf-Kauai-vacation-rental.html				High	Verified	https://explore.overturemaps.org/#id=214a39be-bef2-474c-94c9-1dee4e6db888	Public Overture site+email; zero-HTTP V6 cheap-screen. Final MASTER dedupe/QA required.				overture:214a39be-bef2-474c-94c9-1dee4e6db888	luxurykauaihome.com	17342232209	orchid vacation rental house	Koloa	USA	HIGH	domain:luxurykauaihome.com
	A	91	Ketchikan	Canada	Viewtopia Vacation Rentals		holiday_rental_home	525 Front St	+16617145762								overture:8e97ef1e-98c5-45f2-a1fb-1412047e15a8	2026-08-15T00:58:09.532345Z		Canonical queue drain | fit A | GitHub MASTER dedupe passed	https://ketchikanviews.com/	hello@ketchikanviews.com	https://ketchikanviews.com/contact-us/				https://ketchikanviews.com/book-it-1-bedroom/				High	Verified	https://explore.overturemaps.org/#id=8e97ef1e-98c5-45f2-a1fb-1412047e15a8	Public Overture site+email; zero-HTTP V6 cheap-screen. Final MASTER dedupe/QA required.				overture:8e97ef1e-98c5-45f2-a1fb-1412047e15a8	ketchikanviews.com	16617145762	viewtopia vacation rentals	Ketchikan	Canada	HIGH	domain:ketchikanviews.com
	A	91	Lexington	USA	Property Management Solutions		property_management	531 Oak Dr	+18039964846								overture:95097eec-0e24-4a83-b706-72c65542da25	2026-08-15T00:56:13Z		Canonical queue drain | fit A | GitHub MASTER dedupe passed	https://www.pmsolutionssc.com	office@pmsolutionssc.com	https://www.pmsolutionssc.com/club-house-reservation				https://www.pmsolutionssc.com/the-village-hoa				High	Verified	https://explore.overturemaps.org/#id=95097eec-0e24-4a83-b706-72c65542da25	Public Overture site+email; zero-HTTP V6 cheap-screen. Final MASTER dedupe/QA required.				overture:95097eec-0e24-4a83-b706-72c65542da25	pmsolutionssc.com	18039964846	property management solutions	Lexington	USA	HIGH	domain:pmsolutionssc.com
	A	91	Welshpool	United Kingdom	Marton Pool Holiday Home and Lodge Park		rv_park	Marton Pool Caravan Park	+441743891306								overture:12cf39f9-cb72-4c08-aa5c-68caa9152b1c	2026-08-15T00:53:59.669877Z		Canonical queue drain | fit A | GitHub MASTER dedupe passed	https://martonpool.co.uk/	info@martonpool.co.uk	https://martonpool.co.uk/about/		https://www.facebook.com/p/Marton-Pool-Holiday-Home-and-Lodge-Park-100076219002952/						Medium	Recall-first	https://explore.overturemaps.org/#id=12cf39f9-cb72-4c08-aa5c-68caa9152b1c	Public Overture site+email; zero-HTTP V6 cheap-screen. Final MASTER dedupe/QA required.				overture:12cf39f9-cb72-4c08-aa5c-68caa9152b1c	martonpool.co.uk	441743891306	marton pool holiday home and lodge park	Welshpool	United Kingdom	MEDIUM	domain:martonpool.co.uk
	A	91	Newton Abbot	United Kingdom	Wagtail Barn Holiday Rental		holiday_rental_home	Newhouse Barton									overture:6f3ac3b9-4207-423a-8d07-ee62c29975bc	2026-08-15T00:53:59.669877Z		Canonical queue drain | fit A | GitHub MASTER dedupe passed	https://www.wagtailbarn.co.uk/	wagtailbarn7@gmail.com	https://wagtailbarn.co.uk/en/contact	https://www.instagram.com/wagtailbarndevon/	https://www.facebook.com/wagtailbarndevon/						High	Verified	https://explore.overturemaps.org/#id=6f3ac3b9-4207-423a-8d07-ee62c29975bc; https://wagtailbarn.co.uk/	Public Overture site+email; zero-HTTP V6 cheap-screen. Final MASTER dedupe/QA required.				overture:6f3ac3b9-4207-423a-8d07-ee62c29975bc	wagtailbarn.co.uk		wagtail barn holiday rental	Newton Abbot	United Kingdom	HIGH	domain:wagtailbarn.co.uk
	A	91	Cambridge	USA	ACSO P.M. Inc.		property_management	655 Industrial Rd	+15196501009								overture:79826653-6879-47d3-97a9-d4b9808bed21	2026-08-15T00:53:59.669877Z		Canonical queue drain | fit A | GitHub MASTER dedupe passed	http://www.thehome4u.ca/	reception@thehome4u.ca	https://www.thehome4u.ca:443/about				https://www.thehome4u.ca:443/properties				High	Verified	https://explore.overturemaps.org/#id=79826653-6879-47d3-97a9-d4b9808bed21	Public Overture site+email; zero-HTTP V6 cheap-screen. Final MASTER dedupe/QA required.				overture:79826653-6879-47d3-97a9-d4b9808bed21	thehome4u.ca	15196501009	acso p m inc	Cambridge	USA	HIGH	domain:thehome4u.ca
	A	91	Kingsbridge	United Kingdom	Holiday Home Sales at Bigbury Bay Holiday Park		rv_park	Bigbury Bay Holiday Park, Ringmere Road	+447881648090								overture:3b42e31d-bca5-41d6-bda1-c89eb83ff944	2026-08-15T00:53:59.669877Z		Canonical queue drain | fit A | GitHub MASTER dedupe passed	http://www.surfbayleisure.co.uk/bigbury-bay-holiday-park	thecaravansitingco@gmail.com	http://www.surfbayleisure.co.uk/contact				http://www.surfbayleisure.co.uk/sites/default/files/2023-01/exploring-bigbury-perfect-stays5.jpg				Medium	Recall-first	https://explore.overturemaps.org/#id=3b42e31d-bca5-41d6-bda1-c89eb83ff944	Public Overture site+email; zero-HTTP V6 cheap-screen. Final MASTER dedupe/QA required.				overture:3b42e31d-bca5-41d6-bda1-c89eb83ff944	surfbayleisure.co.uk	447881648090	holiday home sales at bigbury bay holiday park	Kingsbridge	United Kingdom	MEDIUM	domain:surfbayleisure.co.uk
	A	91	Port Clinton	USA	Sunnyside Tower		holiday_rental_home	3612 N West Catawba Rd	+16082201505								overture:ae89e66e-d437-46c7-a97d-aa47363608c0	2026-08-15T00:53:59.669877Z		Canonical queue drain | fit A | GitHub MASTER dedupe passed	http://sunnysidetower.com/	sunnysidetower@yahoo.com	https://www.sunnysidetower.com/contact				https://www.sunnysidetower.com/guest-rooms				High	Verified	https://explore.overturemaps.org/#id=ae89e66e-d437-46c7-a97d-aa47363608c0	Public Overture site+email; zero-HTTP V6 cheap-screen. Final MASTER dedupe/QA required.				overture:ae89e66e-d437-46c7-a97d-aa47363608c0	sunnysidetower.com	16082201505	sunnyside tower	Port Clinton	USA	HIGH	domain:sunnysidetower.com
	A	91	Callington	United Kingdom	Over the Horizon Lodges		lodge		+14043162915								overture:d0474855-2ba8-4ef5-8274-858a1b326aeb	2026-08-15T00:53:59.669877Z		Canonical queue drain | fit A | GitHub MASTER dedupe passed	http://www.springerlodges.co.uk/	enquiries@springerlodges.co.uk	https://www.springerlodges.co.uk/book-now				https://www.springerlodges.co.uk/book-now				High	Verified	https://explore.overturemaps.org/#id=d0474855-2ba8-4ef5-8274-858a1b326aeb	Public Overture site+email; zero-HTTP V6 cheap-screen. Final MASTER dedupe/QA required.				overture:d0474855-2ba8-4ef5-8274-858a1b326aeb	springerlodges.co.uk	14043162915	over the horizon lodges	Callington	United Kingdom	HIGH	domain:springerlodges.co.uk
	A	91	Tempe	USA	Short Term Rental Manager		holiday_rental_home	941 S Park Ln	+16028883594								overture:7077f2c2-7a65-450d-a71f-35e461a868a4	2026-08-15T00:53:59.669877Z		Canonical queue drain | fit A | GitHub MASTER dedupe passed	http://shorttermrentalmanager.com/	support@shorttermrentalmanager.com	https://shorttermrentalmanager.com/about-us				https://shorttermrentalmanager.com/book-your-stay/				High	Verified	https://explore.overturemaps.org/#id=7077f2c2-7a65-450d-a71f-35e461a868a4	Public Overture site+email; zero-HTTP V6 cheap-screen. Final MASTER dedupe/QA required.				overture:7077f2c2-7a65-450d-a71f-35e461a868a4	shorttermrentalmanager.com	16028883594	short term rental manager	Tempe	USA	HIGH	domain:shorttermrentalmanager.com
	A	91	Milwaukee	USA	Schulhof Properties		property_management	825 N 16th St	+14149331211								overture:03954e3e-03c2-4dc0-bce3-a7e312f4851a	2026-08-15T00:53:59.669877Z		Canonical queue drain | fit A | GitHub MASTER dedupe passed	https://schulhofproperties.com/	info@schulhofproperties.com	https://schulhofproperties.com/about-us/				https://schulhofproperties.com/property/elms-apartments/				High	Verified	https://explore.overturemaps.org/#id=03954e3e-03c2-4dc0-bce3-a7e312f4851a	Public Overture site+email; zero-HTTP V6 cheap-screen. Final MASTER dedupe/QA required.				overture:03954e3e-03c2-4dc0-bce3-a7e312f4851a	schulhofproperties.com	14149331211	schulhof properties	Milwaukee	USA	HIGH	domain:schulhofproperties.com
	A	91	Torquay	United Kingdom	Rowell House Torquay Holiday Home		hotel	51 Meadfoot Lane	+447855509996								overture:a3bd5dc6-77b8-4099-aa33-7cbaa5250ee2	2026-08-15T00:53:59.669877Z		Canonical queue drain | fit A | GitHub MASTER dedupe passed	http://www.rowellhouse.com/	information@rowellhouse.com	https://www.rowellhouse.com/contact-us		https://www.facebook.com/wix/						High	Verified	https://explore.overturemaps.org/#id=a3bd5dc6-77b8-4099-aa33-7cbaa5250ee2	Public Overture site+email; zero-HTTP V6 cheap-screen. Final MASTER dedupe/QA required.				overture:a3bd5dc6-77b8-4099-aa33-7cbaa5250ee2	rowellhouse.com	447855509996	rowell house torquay holiday home	Torquay	United Kingdom	HIGH	domain:rowellhouse.com
	A	91	Munster	USA	Rose Real Estate Inc		property_management	1846 45th St	+12198362400								overture:616bb1c5-bda0-40b7-a3d7-323414a54b6a	2026-08-15T00:53:59.669877Z		Canonical queue drain | fit A | GitHub MASTER dedupe passed	http://www.rose-re.com/	info@rose-re.com	https://www.rose-re.com/about				https://www.rose-re.com/munster-homes-for-rent				High	Verified	https://explore.overturemaps.org/#id=616bb1c5-bda0-40b7-a3d7-323414a54b6a	Public Overture site+email; zero-HTTP V6 cheap-screen. Final MASTER dedupe/QA required.				overture:616bb1c5-bda0-40b7-a3d7-323414a54b6a	rose-re.com	12198362400	rose real estate inc	Munster	USA	HIGH	domain:rose-re.com
	A	91	Lansing	USA	McCardel Development and Management		property_management	1903 Wood St	+15174871080								overture:9abc8e22-66fa-4239-a406-fbf7c555cc56	2026-08-15T00:53:59.669877Z		Canonical queue drain | fit A | GitHub MASTER dedupe passed	http://www.mccardelmgt.com	david@mccardelmgt.com	https://www.mccardelmgt.com/contact-us-apply				https://www.mccardelmgt.com/apartments				High	Verified	https://explore.overturemaps.org/#id=9abc8e22-66fa-4239-a406-fbf7c555cc56	Public Overture site+email; zero-HTTP V6 cheap-screen. Final MASTER dedupe/QA required.				overture:9abc8e22-66fa-4239-a406-fbf7c555cc56	mccardelmgt.com	15174871080	mccardel development and management	Lansing	USA	HIGH	domain:mccardelmgt.com
	A	91	Vancouver	Canada	Trafalgar Management Ltd.		property_management	659a Moberly Rd	+16046770378								overture:b5e7acda-2541-4834-9514-9ae123d81ad5	2026-08-15T00:53:59.669877Z		Canonical queue drain | fit A | GitHub MASTER dedupe passed	http://www.trafalgarmgmt.com/	info@trafalgarmgmt.com	https://www.trafalgarmgmt.com/contact-us		https://www.facebook.com/Trafalgar-Property-Management-Vancouver-109722121174732/						High	Verified	https://explore.overturemaps.org/#id=b5e7acda-2541-4834-9514-9ae123d81ad5	Public Overture site+email; zero-HTTP V6 cheap-screen. Final MASTER dedupe/QA required.				overture:b5e7acda-2541-4834-9514-9ae123d81ad5	trafalgarmgmt.com	16046770378	trafalgar management ltd	Vancouver	Canada	HIGH	domain:trafalgarmgmt.com
	A	91	Richmond	Canada	Rent Estate		property_management	9100 Blundell Rd	+16042733124								overture:59c2bbd0-2fc4-49bd-8195-28e28a634d61	2026-08-15T00:53:59.669877Z		Canonical queue drain | fit A | GitHub MASTER dedupe passed	http://www.rentestate.ca/	info@rentestate.ca	https://www.rentestate.ca/about/				https://www.rentestate.ca/listings/two-bedroom-den-townhouse-in-steveston-village/				Medium	Recall-first	https://explore.overturemaps.org/#id=59c2bbd0-2fc4-49bd-8195-28e28a634d61	Public Overture site+email; zero-HTTP V6 cheap-screen. Final MASTER dedupe/QA required.				overture:59c2bbd0-2fc4-49bd-8195-28e28a634d61	rentestate.ca	16042733124	rent estate	Richmond	Canada	MEDIUM	domain:rentestate.ca
	A	91	La Quinta	USA	Luxury Leasing Inc.		holiday_rental_home	50949 Washington St	+17607718456								overture:1d51915d-040f-4b96-b964-6d2811716f7c	2026-08-15T00:53:59.669877Z		Canonical queue drain | fit A | GitHub MASTER dedupe passed	http://www.luxuryleasinginc.com/	info@luxuryleasinginc.com	https://www.luxuryleasinginc.com/about-us/contact-us				https://www.luxuryleasinginc.com/palm-springs-vacation-rentals/new-properties				High	Verified	https://explore.overturemaps.org/#id=1d51915d-040f-4b96-b964-6d2811716f7c	Public Overture site+email; zero-HTTP V6 cheap-screen. Final MASTER dedupe/QA required.				overture:1d51915d-040f-4b96-b964-6d2811716f7c	luxuryleasinginc.com	17607718456	luxury leasing inc	La Quinta	USA	HIGH	domain:luxuryleasinginc.com
	A	91	Chula Vista	USA	One Key Property Management		property_management	333 H St	+16192504531								overture:e131ae0f-9b9a-4e9f-a6f7-431401786713	2026-08-15T00:53:59.669877Z		Canonical queue drain | fit A | GitHub MASTER dedupe passed	https://www.onekeypm.com/	alexicanhelpyou@gmail.com		https://www.instagram.com/propertymgmtsandiego/	https://www.facebook.com/PropertyManagerAlexi/						High	Verified	https://explore.overturemaps.org/#id=e131ae0f-9b9a-4e9f-a6f7-431401786713; https://www.onekeypm.com/	Public Overture site+email; zero-HTTP V6 cheap-screen. Final MASTER dedupe/QA required.				overture:e131ae0f-9b9a-4e9f-a6f7-431401786713	onekeypm.com	16192504531	one key property management	Chula Vista	USA	HIGH	domain:onekeypm.com
	A	91	Waterloo	USA	Waterloo Premium Property Management		property_management	392 Albert St	+15192081163								overture:ba1fcb09-89e4-45ec-9ca1-b401d9f8d9b8	2026-08-15T00:53:59.669877Z		Canonical queue drain | fit A | GitHub MASTER dedupe passed	https://www.wpremiumpm.com/	info@wpremiumpm.com	https://www.wpremiumpm.com/contact				https://www.wpremiumpm.com/properties				High	Verified	https://explore.overturemaps.org/#id=ba1fcb09-89e4-45ec-9ca1-b401d9f8d9b8	Public Overture site+email; zero-HTTP V6 cheap-screen. Final MASTER dedupe/QA required.				overture:ba1fcb09-89e4-45ec-9ca1-b401d9f8d9b8	wpremiumpm.com	15192081163	waterloo premium property management	Waterloo	USA	HIGH	domain:wpremiumpm.com
	A	91	Kingsbridge	United Kingdom	Welcome Home Property Management		property_management	St Edmunds Rd	+447811342324								overture:26d6c7b8-5d69-4fd9-b8c0-8f10dd4fee55	2026-08-15T00:53:59.669877Z		Canonical queue drain | fit A | GitHub MASTER dedupe passed	http://www.welcomehome-pm.co.uk/	mel@welcomehome-pm.co.uk	http://www.welcomehome-pm.co.uk/?page=contact		https://www.facebook.com/welcomehomepm/						High	Verified	https://explore.overturemaps.org/#id=26d6c7b8-5d69-4fd9-b8c0-8f10dd4fee55	Public Overture site+email; zero-HTTP V6 cheap-screen. Final MASTER dedupe/QA required.				overture:26d6c7b8-5d69-4fd9-b8c0-8f10dd4fee55	welcomehome-pm.co.uk	447811342324	welcome home property management	Kingsbridge	United Kingdom	HIGH	domain:welcomehome-pm.co.uk
	A	91	Grand Rapids	USA	TMF Property Management		property_management	2750 Birchcrest Dr SE	+16166177213								overture:50992a23-5920-490b-b652-4f3bc0d3c2e0	2026-08-15T00:53:59.669877Z		Canonical queue drain | fit A | GitHub MASTER dedupe passed	http://tmfpropertymanagement.com/	contact@tmfpropertymanagement.com	https://www.tmfpropertymanagement.com/what-people-say-about-us				https://www.tmfpropertymanagement.com/vacationrentals				High	Verified	https://explore.overturemaps.org/#id=50992a23-5920-490b-b652-4f3bc0d3c2e0	Public Overture site+email; zero-HTTP V6 cheap-screen. Final MASTER dedupe/QA required.				overture:50992a23-5920-490b-b652-4f3bc0d3c2e0	tmfpropertymanagement.com	16166177213	tmf property management	Grand Rapids	USA	HIGH	domain:tmfpropertymanagement.com
	A	91	Guelph	USA	TL Bothwell Property Management		property_management	173 Woolwich St	+15199940385								overture:429e9d87-b327-4723-bb5d-3cad79dd4310	2026-08-15T00:53:59.669877Z		Canonical queue drain | fit A | GitHub MASTER dedupe passed	https://www.tlbothwell.ca/	tlbothwellpm@gmail.com	https://www.tlbothwell.ca/about		https://www.facebook.com/tlbothwell/						High	Verified	https://explore.overturemaps.org/#id=429e9d87-b327-4723-bb5d-3cad79dd4310	Public Overture site+email; zero-HTTP V6 cheap-screen. Final MASTER dedupe/QA required.				overture:429e9d87-b327-4723-bb5d-3cad79dd4310	tlbothwell.ca	15199940385	tl bothwell property management	Guelph	USA	HIGH	domain:tlbothwell.ca
	A	91	Glendale	USA	Thrive Realty & Property Management		property_management	5350 W Bell Rd	+16232533300								overture:b0bc4a28-c774-42fb-92ce-cb7fc9376fb9	2026-08-15T00:53:59.669877Z		Canonical queue drain | fit A | GitHub MASTER dedupe passed	https://www.thriverealtyaz.com/	arizonapropertymanager@gmail.com	https://www.thriverealtyaz.com/about				https://www.thriverealtyaz.com/phoenix-homes-for-rent				High	Verified	https://explore.overturemaps.org/#id=b0bc4a28-c774-42fb-92ce-cb7fc9376fb9	Public Overture site+email; zero-HTTP V6 cheap-screen. Final MASTER dedupe/QA required.				overture:b0bc4a28-c774-42fb-92ce-cb7fc9376fb9	thriverealtyaz.com	16232533300	thrive realty property management	Glendale	USA	HIGH	domain:thriverealtyaz.com
	A	91	Windsor	USA	The North Property Management		property_management	1145 Erie St E	+12267740688								overture:a93f08eb-f02f-4ca4-8cdf-f21d3176f6cf	2026-08-15T00:53:59.669877Z		Canonical queue drain | fit A | GitHub MASTER dedupe passed	http://thenorthpmg.com/	pavan@thenorthpmg.com	https://www.thenorthpmg.com/about/				https://www.thenorthpmg.com/properties/				High	Verified	https://explore.overturemaps.org/#id=a93f08eb-f02f-4ca4-8cdf-f21d3176f6cf	Public Overture site+email; zero-HTTP V6 cheap-screen. Final MASTER dedupe/QA required.				overture:a93f08eb-f02f-4ca4-8cdf-f21d3176f6cf	thenorthpmg.com	12267740688	the north property management	Windsor	USA	HIGH	domain:thenorthpmg.com
	A	91	Strathroy-Caradoc	USA	TEMPO Property Management		historic_site	516 Albert St	+18888367620								overture:65ed9234-1833-4e3c-8578-127fd1048a60	2026-08-15T00:53:59.669877Z		Canonical queue drain | fit A | GitHub MASTER dedupe passed	http://www.tempoproperty.com/	info@tempoproperty.com	https://www.tempoproperty.com/about-us				https://www.tempoproperty.com/online-booking				High	Verified	https://explore.overturemaps.org/#id=65ed9234-1833-4e3c-8578-127fd1048a60	Public Overture site+email; zero-HTTP V6 cheap-screen. Final MASTER dedupe/QA required.				overture:65ed9234-1833-4e3c-8578-127fd1048a60	tempoproperty.com	18888367620	tempo property management	Strathroy-Caradoc	USA	HIGH	domain:tempoproperty.com
	A	91	Fort Collins	USA	TBC Property Management		property_management	1612 Laporte Ave	+19702240852								overture:845637e0-9631-477d-b575-dcc58ca0fdbc	2026-08-15T00:53:59.669877Z		Canonical queue drain | fit A | GitHub MASTER dedupe passed	http://www.tbcprop.com/	info@tbcprop.com	https://tbcprop.com/about-us/				https://tbcprop.com/properties/				High	Verified	https://explore.overturemaps.org/#id=845637e0-9631-477d-b575-dcc58ca0fdbc	Public Overture site+email; zero-HTTP V6 cheap-screen. Final MASTER dedupe/QA required.				overture:845637e0-9631-477d-b575-dcc58ca0fdbc	tbcprop.com	19702240852	tbc property management	Fort Collins	USA	HIGH	domain:tbcprop.com
	A	91	Phoenix	USA	Taylor Street Property Management		property_management	2929 E Camelback Rd	+16026039777								overture:c1017f7a-9ba2-45f2-a6f3-d2a702af15f3	2026-08-15T00:53:59.669877Z		Canonical queue drain | fit A | GitHub MASTER dedupe passed	http://www.taylorstmgmt.com/	info@taylorstmgmt.com	https://taylorstmgmt.com/about-us/				https://taylorstmgmt.com/homes-for-rent/				High	Verified	https://explore.overturemaps.org/#id=c1017f7a-9ba2-45f2-a6f3-d2a702af15f3	Public Overture site+email; zero-HTTP V6 cheap-screen. Final MASTER dedupe/QA required.				overture:c1017f7a-9ba2-45f2-a6f3-d2a702af15f3	taylorstmgmt.com	16026039777	taylor street property management	Phoenix	USA	HIGH	domain:taylorstmgmt.com
	A	91	Grand Rapids	USA	Tall Tree Realty And Property Management		property_management	980 Hall St SE	+16166340633								overture:9ff0e136-1f9b-49b2-98d8-10d79ec973fb	2026-08-15T00:53:59.669877Z		Canonical queue drain | fit A | GitHub MASTER dedupe passed	http://talltreerealty.com/	lewis@talltreerealty.com	https://talltreerealty.com/about/				https://talltreerealty.com/vacation-rentals/				High	Verified	https://explore.overturemaps.org/#id=9ff0e136-1f9b-49b2-98d8-10d79ec973fb	Public Overture site+email; zero-HTTP V6 cheap-screen. Final MASTER dedupe/QA required.				overture:9ff0e136-1f9b-49b2-98d8-10d79ec973fb	talltreerealty.com	16166340633	tall tree realty and property management	Grand Rapids	USA	HIGH	domain:talltreerealty.com
	A	91	Fort Collins	USA	Stegner Property Management		property_management	1020 Luke St	+19704202191								overture:09c08d84-75c9-4dc7-a374-2f87c8eb28fd	2026-08-15T00:53:59.669877Z		Canonical queue drain | fit A | GitHub MASTER dedupe passed	https://www.stegnerrentals.com/	stegnerproperties@gmail.com	https://www.stegnerrentals.com/about-us				https://www.stegnerrentals.com/feed/atom				High	Verified	https://explore.overturemaps.org/#id=09c08d84-75c9-4dc7-a374-2f87c8eb28fd	Public Overture site+email; zero-HTTP V6 cheap-screen. Final MASTER dedupe/QA required.				overture:09c08d84-75c9-4dc7-a374-2f87c8eb28fd	stegnerrentals.com	19704202191	stegner property management	Fort Collins	USA	HIGH	domain:stegnerrentals.com
	A	91	Glendale	USA	99 Palms Events & Vacation Rental Glendale AZ		music_venue	12225 N 65th Dr	+13602390977								overture:b8836d86-4cdd-40f9-9939-c9d02361fbf4	2026-08-15T00:53:59.669877Z		Canonical queue drain | fit A | GitHub MASTER dedupe passed	http://www.slaterstays.com/	tsjetset@yahoo.com	https://www.slaterstays.com/about-us				https://www.slaterstays.com/properties				High	Verified	https://explore.overturemaps.org/#id=b8836d86-4cdd-40f9-9939-c9d02361fbf4	Public Overture site+email; zero-HTTP V6 cheap-screen. Final MASTER dedupe/QA required.				overture:b8836d86-4cdd-40f9-9939-c9d02361fbf4	slaterstays.com	13602390977	99 palms events vacation rental glendale az	Glendale	USA	HIGH	domain:slaterstays.com
	A	91	Garden City	USA	Slam Hammer Construction and Property Management LLC		building_or_construction_service	27517 Sheridan Ave	+17346378518								overture:fae046ae-3d98-4980-9137-001212db0f13	2026-08-15T00:53:59.669877Z		Canonical queue drain | fit A | GitHub MASTER dedupe passed	https://slamhammerconstruction.com/	slamhammerconstruction@gmail.com	https://slamhammerconstruction.com/contact		https://www.facebook.com/homerenovations2017/						High	Verified	https://explore.overturemaps.org/#id=fae046ae-3d98-4980-9137-001212db0f13	Public Overture site+email; zero-HTTP V6 cheap-screen. Final MASTER dedupe/QA required.				overture:fae046ae-3d98-4980-9137-001212db0f13	slamhammerconstruction.com	17346378518	slam hammer construction and property management llc	Garden City	USA	HIGH	domain:slamhammerconstruction.com
	A	91	Chicago	USA	Shepherd Property Management LLC		property_management	3032 N Halsted St	+17738838667								overture:e208879f-df96-436d-8df9-07ab98c9458e	2026-08-15T00:53:59.669877Z		Canonical queue drain | fit A | GitHub MASTER dedupe passed	http://www.shepherdproperty.com/	leasing@shepherdproperty.com	https://www.shepherdproperty.com/about-us				https://www.shepherdproperty.com/featured-properties				High	Verified	https://explore.overturemaps.org/#id=e208879f-df96-436d-8df9-07ab98c9458e	Public Overture site+email; zero-HTTP V6 cheap-screen. Final MASTER dedupe/QA required.				overture:e208879f-df96-436d-8df9-07ab98c9458e	shepherdproperty.com	17738838667	shepherd property management llc	Chicago	USA	HIGH	domain:shepherdproperty.com
	A	91	Denver	USA	SettleWell Realty and Property Management		property_management	2590 Welton St	+17206880313								overture:cd494b3c-0e50-4577-849a-7e17b0462cdd	2026-08-15T00:53:59.669877Z		Canonical queue drain | fit A | GitHub MASTER dedupe passed	http://settlewellrealty.com/	accounts@settlewellrealty.com		https://www.instagram.com/settlewellrealty/			https://settlewellrealty.com/all-properties/				High	Verified	https://explore.overturemaps.org/#id=cd494b3c-0e50-4577-849a-7e17b0462cdd; https://settlewellrealty.com/	Public Overture site+email; zero-HTTP V6 cheap-screen. Final MASTER dedupe/QA required.				overture:cd494b3c-0e50-4577-849a-7e17b0462cdd	settlewellrealty.com	17206880313	settlewell realty and property management	Denver	USA	HIGH	domain:settlewellrealty.com
	A	91	Dearborn	USA	Real Property Management Synergy		property_management	19855 Outer Dr	+12487643119								overture:182b7514-13d5-447f-b317-cc66a2e1323e	2026-08-15T00:53:59.669877Z		Canonical queue drain | fit A | GitHub MASTER dedupe passed	https://www.rpmsynergy.com/?cid=LSTL_RPM000183	info@rpmsynergy.com	https://www.rpmsynergy.com/about-us		https://www.facebook.com/RPMsynergy/						High	Verified	https://explore.overturemaps.org/#id=182b7514-13d5-447f-b317-cc66a2e1323e	Public Overture site+email; zero-HTTP V6 cheap-screen. Final MASTER dedupe/QA required.				overture:182b7514-13d5-447f-b317-cc66a2e1323e	rpmsynergy.com	12487643119	real property management synergy	Dearborn	USA	HIGH	domain:rpmsynergy.com
	A	91	Detroit	USA	Real Property Management Main		property_management	453 Forest Ave W	+12489051246								overture:1cb61235-0dcc-47e6-a640-5e33d5135da9	2026-08-15T00:53:59.669877Z		Canonical queue drain | fit A | GitHub MASTER dedupe passed	https://www.rpmmain.com/?cid=LSTL_RPM000183	leasing@rpmmain.com	https://www.rpmmain.com/about-us		https://www.facebook.com/RPMmain/						High	Verified	https://explore.overturemaps.org/#id=1cb61235-0dcc-47e6-a640-5e33d5135da9	Public Overture site+email; zero-HTTP V6 cheap-screen. Final MASTER dedupe/QA required.				overture:1cb61235-0dcc-47e6-a640-5e33d5135da9	rpmmain.com	12489051246	real property management main	Detroit	USA	HIGH	domain:rpmmain.com
	A	91	Waukesha	USA	Real Property Management Greater Milwaukee Suburbs		property_management	401 W Main St	+12623096961								overture:9d3a2518-6e2a-4dd3-97d6-927c871d922e	2026-08-15T00:53:59.669877Z		Canonical queue drain | fit A | GitHub MASTER dedupe passed	https://www.rpmgreatermilwaukee.com/?cid=LSTL_RPM000183	info@rpmgreatermilwaukee.com	https://www.rpmgreatermilwaukee.com/about-us		https://www.facebook.com/gmsrpm/						High	Verified	https://explore.overturemaps.org/#id=9d3a2518-6e2a-4dd3-97d6-927c871d922e	Public Overture site+email; zero-HTTP V6 cheap-screen. Final MASTER dedupe/QA required.				overture:9d3a2518-6e2a-4dd3-97d6-927c871d922e	rpmgreatermilwaukee.com	12623096961	real property management greater milwaukee suburbs	Waukesha	USA	HIGH	domain:rpmgreatermilwaukee.com
	A	91	Lombard	USA	Real Property Management Dupage Preferred		property_management	450 E 22nd St	+16304272200								overture:a4469e6b-89bd-4db7-92e1-264428a94a0c	2026-08-15T00:53:59.669877Z		Canonical queue drain | fit A | GitHub MASTER dedupe passed	https://www.rpmdupage.com/?cid=LSTL_RPM000183	info@rpmdupage.com	https://www.rpmdupage.com/about-us		https://www.facebook.com/RealPropertyManagementDupagePreferred/						High	Verified	https://explore.overturemaps.org/#id=a4469e6b-89bd-4db7-92e1-264428a94a0c	Public Overture site+email; zero-HTTP V6 cheap-screen. Final MASTER dedupe/QA required.				overture:a4469e6b-89bd-4db7-92e1-264428a94a0c	rpmdupage.com	16304272200	real property management dupage preferred	Lombard	USA	HIGH	domain:rpmdupage.com
	A	91	Williamston	USA	Renaissance Property Management		property_management	170 E Grand River Ave	+15173497355								overture:7e128af9-7c74-4639-a7f6-3648cfc646c6	2026-08-15T00:53:59.669877Z		Canonical queue drain | fit A | GitHub MASTER dedupe passed	http://www.rpm4rent.com/	rpm@rpm4rent.com	https://rpm4rent.com/contact-us/		https://www.facebook.com/p/Renaissance-Property-Management-100063867404841/						High	Verified	https://explore.overturemaps.org/#id=7e128af9-7c74-4639-a7f6-3648cfc646c6	Public Overture site+email; zero-HTTP V6 cheap-screen. Final MASTER dedupe/QA required.				overture:7e128af9-7c74-4639-a7f6-3648cfc646c6	rpm4rent.com	15173497355	renaissance property management	Williamston	USA	HIGH	domain:rpm4rent.com
	A	91	Akron	USA	Rich Property Management		property_management	4014 Medina Rd	+13302276433								overture:bf57560e-396f-489a-95bc-fbc263afe73e	2026-08-15T00:53:59.669877Z		Canonical queue drain | fit A | GitHub MASTER dedupe passed	http://www.richrealty.biz/	rich@richrealty.biz	https://www.richrealty.biz/contact-us	https://www.instagram.com/richpreservation/							Medium	Recall-first	https://explore.overturemaps.org/#id=bf57560e-396f-489a-95bc-fbc263afe73e; https://www.richrealty.biz/	Public Overture site+email; zero-HTTP V6 cheap-screen. Final MASTER dedupe/QA required.				overture:bf57560e-396f-489a-95bc-fbc263afe73e	richrealty.biz	13302276433	rich property management	Akron	USA	MEDIUM	domain:richrealty.biz
	A	91	Oroville	USA	Table Mountain Property Management		property_management	3400 Oroville Dam Blvd E	+15305344136								overture:b0ecc24f-04d0-467e-a3e3-01ca348bd00f	2026-08-15T00:53:59.669877Z		Canonical queue drain | fit A | GitHub MASTER dedupe passed	http://RENTOROVILLE.COM/	leasing@rentoroville.com	https://www.rentoroville.com/about-us				https://www.rentoroville.com/available-rentals				High	Verified	https://explore.overturemaps.org/#id=b0ecc24f-04d0-467e-a3e3-01ca348bd00f	Public Overture site+email; zero-HTTP V6 cheap-screen. Final MASTER dedupe/QA required.				overture:b0ecc24f-04d0-467e-a3e3-01ca348bd00f	rentoroville.com	15305344136	table mountain property management	Oroville	USA	HIGH	domain:rentoroville.com
	A	91	Cheyenne	USA	Crown Realty & Property Management		property_management	2727 ONeil Ave	+13076355303								overture:3eeafa9f-b453-44ed-8f75-8f566c6cc814	2026-08-15T00:53:59.669877Z		Canonical queue drain | fit A | GitHub MASTER dedupe passed	http://www.rentcheyenne.com/	office@rentcheyenne.com	https://rentcheyenne.com/contact-us				https://rentcheyenne.com/listing/saddle-ridge-apartments-2/				High	Verified	https://explore.overturemaps.org/#id=3eeafa9f-b453-44ed-8f75-8f566c6cc814	Public Overture site+email; zero-HTTP V6 cheap-screen. Final MASTER dedupe/QA required.				overture:3eeafa9f-b453-44ed-8f75-8f566c6cc814	rentcheyenne.com	13076355303	crown realty property management	Cheyenne	USA	HIGH	domain:rentcheyenne.com
	A	91	Beachwood	USA	RAL Property Management		property_management	27970 Chagrin Blvd	+12162991707								overture:7db2357e-2f27-410f-8ca6-410cf56005af	2026-08-15T00:53:59.669877Z		Canonical queue drain | fit A | GitHub MASTER dedupe passed	https://www.ralpropertymgmt.net/	ralproprentals@gmail.com	https://www.ralpropertymgmt.net/contact-us		https://www.facebook.com/profile.php/						High	Verified	https://explore.overturemaps.org/#id=7db2357e-2f27-410f-8ca6-410cf56005af	Public Overture site+email; zero-HTTP V6 cheap-screen. Final MASTER dedupe/QA required.				overture:7db2357e-2f27-410f-8ca6-410cf56005af	ralpropertymgmt.net	12162991707	ral property management	Beachwood	USA	HIGH	domain:ralpropertymgmt.net
	A	91	Denver	USA	Queen City Property Management		property_management	225 S Broadway St	+13036385236								overture:13bb6183-2bc8-4d58-89a5-3e60ffbda65b	2026-08-15T00:53:59.669877Z		Canonical queue drain | fit A | GitHub MASTER dedupe passed	http://www.queencitydenverhomes.com/	lynette_prosser@yahoo.com	https://www.queencitydenverhomes.com/about-us				https://www.queencitydenverhomes.com/properties				High	Verified	https://explore.overturemaps.org/#id=13bb6183-2bc8-4d58-89a5-3e60ffbda65b	Public Overture site+email; zero-HTTP V6 cheap-screen. Final MASTER dedupe/QA required.				overture:13bb6183-2bc8-4d58-89a5-3e60ffbda65b	queencitydenverhomes.com	13036385236	queen city property management	Denver	USA	HIGH	domain:queencitydenverhomes.com
	A	91	Portage	USA	Property Management Systems		property_management	2312 Winters Dr	+12693237771								overture:f8202839-cb6b-4037-8e4e-d03ef110e07c	2026-08-15T00:53:59.669877Z		Canonical queue drain | fit A | GitHub MASTER dedupe passed	https://propertymgtsystems.com/	propertymanagementsystems@gmail.com	https://propertymgtsystems.com/about/				https://propertymgtsystems.com/rentals/				High	Verified	https://explore.overturemaps.org/#id=f8202839-cb6b-4037-8e4e-d03ef110e07c	Public Overture site+email; zero-HTTP V6 cheap-screen. Final MASTER dedupe/QA required.				overture:f8202839-cb6b-4037-8e4e-d03ef110e07c	propertymgtsystems.com	12693237771	property management systems	Portage	USA	HIGH	domain:propertymgtsystems.com
	A	91	Surprise	USA	PPG Property Management		property_management	15411 W Waddell Rd	+16023742302								overture:aac0b608-6607-4efe-935d-57eb1e839173	2026-08-15T00:53:59.669877Z		Canonical queue drain | fit A | GitHub MASTER dedupe passed	http://www.ppgpropertymanagement.com/	owners@ppgpropertymanagement.com	https://www.ppgpropertymanagement.com/about				https://www.ppgpropertymanagement.com/surprise-homes-for-rent				High	Verified	https://explore.overturemaps.org/#id=aac0b608-6607-4efe-935d-57eb1e839173	Public Overture site+email; zero-HTTP V6 cheap-screen. Final MASTER dedupe/QA required.				overture:aac0b608-6607-4efe-935d-57eb1e839173	ppgpropertymanagement.com	16023742302	ppg property management	Surprise	USA	HIGH	domain:ppgpropertymanagement.com
	A	91	Wauwatosa	USA	Porch Light Property Management		property_management	6650 W State St	+14146781088								overture:c59874ab-46dd-4eee-9d63-b81959feb325	2026-08-15T00:53:59.669877Z		Canonical queue drain | fit A | GitHub MASTER dedupe passed	http://www.porchlightproperty.com/	info.porchlight@gmail.com	https://porchlightproperty.com/contact-us/		https://www.facebook.com/porchlightproperty/						High	Verified	https://explore.overturemaps.org/#id=c59874ab-46dd-4eee-9d63-b81959feb325	Public Overture site+email; zero-HTTP V6 cheap-screen. Final MASTER dedupe/QA required.				overture:c59874ab-46dd-4eee-9d63-b81959feb325	porchlightproperty.com	14146781088	porch light property management	Wauwatosa	USA	HIGH	domain:porchlightproperty.com
	A	91	Louisville	USA	Pocketwater Property Management		property_management	1400 Main St	+17205740255								overture:ab0c91a1-4968-4525-acec-42bae7923546	2026-08-15T00:53:59.669877Z		Canonical queue drain | fit A | GitHub MASTER dedupe passed	http://www.PocketwaterPM.com/	ben@pocketwaterpm.com	https://www.pocketwaterpm.com/about				https://www.pocketwaterpm.com/boulder-county-homes-for-rent				High	Verified	https://explore.overturemaps.org/#id=ab0c91a1-4968-4525-acec-42bae7923546	Public Overture site+email; zero-HTTP V6 cheap-screen. Final MASTER dedupe/QA required.				overture:ab0c91a1-4968-4525-acec-42bae7923546	pocketwaterpm.com	17205740255	pocketwater property management	Louisville	USA	HIGH	domain:pocketwaterpm.com
	A	91	Clinton Twp	USA	Property Management Experts		property_management	38770 Garfield Rd	+15864644170								overture:2be14d29-de9a-462a-9f80-74b0db34cbea	2026-08-15T00:53:59.669877Z		Canonical queue drain | fit A | GitHub MASTER dedupe passed	http://pmemichigan.com/	officemanager@pmemichigan.com	https://pmemichigan.com/about-us/				https://pmemichigan.com/available-rentals/				High	Verified	https://explore.overturemaps.org/#id=2be14d29-de9a-462a-9f80-74b0db34cbea	Public Overture site+email; zero-HTTP V6 cheap-screen. Final MASTER dedupe/QA required.				overture:2be14d29-de9a-462a-9f80-74b0db34cbea	pmemichigan.com	15864644170	property management experts	Clinton Twp	USA	HIGH	domain:pmemichigan.com
	A	91	Chicago	USA	Property Management Experts		home_service	3300 N Knox Ave	(773) 853-0785								overture:29b28d30-e461-4d2f-b65c-4caba0c6b2cd	2026-08-15T00:53:59.669877Z		Canonical queue drain | fit A | GitHub MASTER dedupe passed	https://pmecorp.com	info@pmecorp.com	https://pmecorp.com/contact-us/		https://www.facebook.com/propertymanagementexpertsinc/						Medium	Recall-first	https://explore.overturemaps.org/#id=29b28d30-e461-4d2f-b65c-4caba0c6b2cd	Public Overture site+email; zero-HTTP V6 cheap-screen. Final MASTER dedupe/QA required.				overture:29b28d30-e461-4d2f-b65c-4caba0c6b2cd	pmecorp.com	7738530785	property management experts	Chicago	USA	MEDIUM	domain:pmecorp.com
	A	91	Plymouth	USA	Property Management And Maintenance		property_management	1619 N Oak Dr	+15749364487								overture:c202d2b9-2f22-432f-9891-8a5eb0eab78f	2026-08-15T00:53:59.669877Z		Canonical queue drain | fit A | GitHub MASTER dedupe passed	http://www.pmandmindiana.com/	pmandmindiana@gmail.com	https://www.pmandmindiana.com/contact-us				https://www.pmandmindiana.com/properties				High	Verified	https://explore.overturemaps.org/#id=c202d2b9-2f22-432f-9891-8a5eb0eab78f	Public Overture site+email; zero-HTTP V6 cheap-screen. Final MASTER dedupe/QA required.				overture:c202d2b9-2f22-432f-9891-8a5eb0eab78f	pmandmindiana.com	15749364487	property management and maintenance	Plymouth	USA	HIGH	domain:pmandmindiana.com
	A	91	Lafayette	USA	Phoenix Realty and Property Management		property_management	75 Waneka Pkwy	+13036664300								overture:b2ab755c-c27b-4058-8ef9-24d40027a0eb	2026-08-15T00:53:59.669877Z		Canonical queue drain | fit A | GitHub MASTER dedupe passed	http://www.phoenixrealtyinc.com/	info@phoenixrealtyinc.com	https://www.phoenixrealtyinc.com/about				https://www.phoenixrealtyinc.com/lafayette-homes-for-rent				High	Verified	https://explore.overturemaps.org/#id=b2ab755c-c27b-4058-8ef9-24d40027a0eb	Public Overture site+email; zero-HTTP V6 cheap-screen. Final MASTER dedupe/QA required.				overture:b2ab755c-c27b-4058-8ef9-24d40027a0eb	phoenixrealtyinc.com	13036664300	phoenix realty and property management	Lafayette	USA	HIGH	domain:phoenixrealtyinc.com
	A	91	Saukville	USA	P2 Property Management		property_management		+12623777259								overture:6480c197-c963-4af4-8c64-1973e95783ed	2026-08-15T00:53:59.669877Z		Canonical queue drain | fit A | GitHub MASTER dedupe passed	http://WWW.P2PROPERTYMANAGEMENT.COM/	officem@p2propertymanagement.com			https://www.facebook.com/thereservemequon/		https://p2propertymanagement.com/properties				Medium	Recall-first	https://explore.overturemaps.org/#id=6480c197-c963-4af4-8c64-1973e95783ed	Public Overture site+email; zero-HTTP V6 cheap-screen. Final MASTER dedupe/QA required.				overture:6480c197-c963-4af4-8c64-1973e95783ed	p2propertymanagement.com	12623777259	p2 property management	Saukville	USA	MEDIUM	domain:p2propertymanagement.com
	A	91	North Royalton	USA	NorthCoast Property Management		property_management	11963 Abbey Rd	+14406288018								overture:2cae07ec-3092-46b2-a9a9-0e9960637995	2026-08-15T00:53:59.669877Z		Canonical queue drain | fit A | GitHub MASTER dedupe passed	http://www.northcoastpropertymgt.com/	office@northcoastpropertymgt.com	https://northcoastpropertymgt.com/about-us/		https://www.facebook.com/northcoastpropertymgt/						Medium	Recall-first	https://explore.overturemaps.org/#id=2cae07ec-3092-46b2-a9a9-0e9960637995	Public Overture site+email; zero-HTTP V6 cheap-screen. Final MASTER dedupe/QA required.				overture:2cae07ec-3092-46b2-a9a9-0e9960637995	northcoastpropertymgt.com	14406288018	northcoast property management	North Royalton	USA	MEDIUM	domain:northcoastpropertymgt.com
	A	91	Boulder	USA	Noble Property Management Group		property_management	2529 Broadway St	+13035634104								overture:44a5d57d-982c-4278-b308-3556e853fa97	2026-08-15T00:53:59.669877Z		Canonical queue drain | fit A | GitHub MASTER dedupe passed	https://www.noblepmg.com/	contact@noblepmg.com	https://www.noblepmg.com/about-us	https://www.instagram.com/noble.pmg/							High	Verified	https://explore.overturemaps.org/#id=44a5d57d-982c-4278-b308-3556e853fa97; https://www.noblepmg.com/	Public Overture site+email; zero-HTTP V6 cheap-screen. Final MASTER dedupe/QA required.				overture:44a5d57d-982c-4278-b308-3556e853fa97	noblepmg.com	13035634104	noble property management group	Boulder	USA	HIGH	domain:noblepmg.com
	A	91	Lansing	USA	Lansing Commercial Property Management		property_management	1122 W Holmes Rd	+14084695999								overture:2d2ccbfc-be3c-4fee-8979-c58391523e29	2026-08-15T00:53:59.669877Z		Canonical queue drain | fit A | GitHub MASTER dedupe passed	https://www.nationaleagle.com/	laptop@gmail.com	https://www.nationaleagle.com/contact-us/		https://www.facebook.com/nationaleaglellc/						Medium	Recall-first	https://explore.overturemaps.org/#id=2d2ccbfc-be3c-4fee-8979-c58391523e29	Public Overture site+email; zero-HTTP V6 cheap-screen. Final MASTER dedupe/QA required.				overture:2d2ccbfc-be3c-4fee-8979-c58391523e29	nationaleagle.com	14084695999	lansing commercial property management	Lansing	USA	MEDIUM	domain:nationaleagle.com
	A	91	La Porte	USA	MTM Premier Property Management Services		holiday_rental_home	418 Perry St	+12192462642								overture:e357f805-20dd-4ed0-b69a-61d269bc83e5	2026-08-15T00:53:59.669877Z		Canonical queue drain | fit A | GitHub MASTER dedupe passed	http://www.mtmpremier.com/	mtmpremier@gmail.com	https://mtmpremier.com/contact-us/				https://mtmpremier.com/properties/30-day-stays/				High	Verified	https://explore.overturemaps.org/#id=e357f805-20dd-4ed0-b69a-61d269bc83e5	Public Overture site+email; zero-HTTP V6 cheap-screen. Final MASTER dedupe/QA required.				overture:e357f805-20dd-4ed0-b69a-61d269bc83e5	mtmpremier.com	12192462642	mtm premier property management services	La Porte	USA	HIGH	domain:mtmpremier.com
	A	91	Milwaukee	USA	MPI Property Management		property_management	6700 W Fairview Ave	+14149332700								overture:0aaed369-7cac-4aad-975b-9919148dfc7f	2026-08-15T00:53:59.669877Z		Canonical queue drain | fit A | GitHub MASTER dedupe passed	https://www.mpiwi.com/	mpi.property.management.wi@gmail.com	https://www.mpiwi.com/contact				https://www.mpiwi.com/milwaukee-homes-for-rent				High	Verified	https://explore.overturemaps.org/#id=0aaed369-7cac-4aad-975b-9919148dfc7f	Public Overture site+email; zero-HTTP V6 cheap-screen. Final MASTER dedupe/QA required.				overture:0aaed369-7cac-4aad-975b-9919148dfc7f	mpiwi.com	14149332700	mpi property management	Milwaukee	USA	HIGH	domain:mpiwi.com
	A	91	Aberystwyth	United Kingdom	LT Property Management		property_management		+441970867829								overture:fd56082b-8c1a-472a-8ca5-a6ebf65fded5	2026-08-15T00:53:59.669877Z		Canonical queue drain | fit A | GitHub MASTER dedupe passed	https://www.ltpropertymanagement.co.uk/	info@ltpropertymanagement.co.uk	https://www.ltpropertymanagement.co.uk/about/		https://www.facebook.com/293323177454986/						High	Verified	https://explore.overturemaps.org/#id=fd56082b-8c1a-472a-8ca5-a6ebf65fded5	Public Overture site+email; zero-HTTP V6 cheap-screen. Final MASTER dedupe/QA required.				overture:fd56082b-8c1a-472a-8ca5-a6ebf65fded5	ltpropertymanagement.co.uk	441970867829	lt property management	Aberystwyth	United Kingdom	HIGH	domain:ltpropertymanagement.co.uk
	A	91	Laramie	USA	Laramie Property Management Group		property_management	269 N 3rd St	+13077428131								overture:228f86eb-0a42-4ce5-9b62-306bc5e23026	2026-08-15T00:53:59.669877Z		Canonical queue drain | fit A | GitHub MASTER dedupe passed	https://www.laramiepmg.com	stephen@laramiepmg.com	https://laramiepmg.com/about-us/		https://www.facebook.com/LaramiePMG/						High	Verified	https://explore.overturemaps.org/#id=228f86eb-0a42-4ce5-9b62-306bc5e23026	Public Overture site+email; zero-HTTP V6 cheap-screen. Final MASTER dedupe/QA required.				overture:228f86eb-0a42-4ce5-9b62-306bc5e23026	laramiepmg.com	13077428131	laramie property management group	Laramie	USA	HIGH	domain:laramiepmg.com
	A	91	Lake City	USA	Lakeview Property Management		property_management	109 N Gunnison Ave	+17204150826								overture:d29c78ab-c4a3-4a41-a890-370bbc878cd5	2026-08-15T00:53:59.669877Z		Canonical queue drain | fit A | GitHub MASTER dedupe passed	http://www.lakeview-inc.com/	lakeviewproperty@gmail.com	https://lakeview-inc.com/about-us/				https://lakeview-inc.com/rentals/				High	Verified	https://explore.overturemaps.org/#id=d29c78ab-c4a3-4a41-a890-370bbc878cd5	Public Overture site+email; zero-HTTP V6 cheap-screen. Final MASTER dedupe/QA required.				overture:d29c78ab-c4a3-4a41-a890-370bbc878cd5	lakeview-inc.com	17204150826	lakeview property management	Lake City	USA	HIGH	domain:lakeview-inc.com
	A	91	Whitmore Lake	USA	Kaier Property Management, LLC		contractor	Fairlane Dr.	+12487563762								overture:7ef666d1-619c-44fb-8f79-e0b12e4d3f4d	2026-08-15T00:53:59.669877Z		Canonical queue drain | fit A | GitHub MASTER dedupe passed	http://Kpmbuilt.com/	charlie@kpmbuilt.com	https://www.kpmbuilt.com/index		https://www.facebook.com/kaierpropertymanagement/						High	Verified	https://explore.overturemaps.org/#id=7ef666d1-619c-44fb-8f79-e0b12e4d3f4d	Public Overture site+email; zero-HTTP V6 cheap-screen. Final MASTER dedupe/QA required.				overture:7ef666d1-619c-44fb-8f79-e0b12e4d3f4d	kpmbuilt.com	12487563762	kaier property management llc	Whitmore Lake	USA	HIGH	domain:kpmbuilt.com
	A	91	Aurora	USA	Kirch Property Management and Sales		property_management	518 N Lake St	+16308975800								overture:f1394df7-2e3a-4aba-91c2-cfa92abe08bf	2026-08-15T00:53:59.669877Z		Canonical queue drain | fit A | GitHub MASTER dedupe passed	https://kirchpropertymanagement.com/	correy@kirchpropertymanagement.com	https://kirchpropertymanagement.com/about/		https://www.facebook.com/KirchPropertyManagementandSales/						High	Verified	https://explore.overturemaps.org/#id=f1394df7-2e3a-4aba-91c2-cfa92abe08bf	Public Overture site+email; zero-HTTP V6 cheap-screen. Final MASTER dedupe/QA required.				overture:f1394df7-2e3a-4aba-91c2-cfa92abe08bf	kirchpropertymanagement.com	16308975800	kirch property management and sales	Aurora	USA	HIGH	domain:kirchpropertymanagement.com
	A	91	Flint	USA	Innovative Property Management		property_management	6235 Corunna Rd	+18107323355								overture:f7816a62-8465-451e-a227-d8ebbe455d38	2026-08-15T00:53:59.669877Z		Canonical queue drain | fit A | GitHub MASTER dedupe passed	http://www.ipmrental.com/	ipm.renee@gmail.com		https://www.instagram.com/innovative_property_mgt/	https://www.facebook.com/IPMrental/						High	Verified	https://explore.overturemaps.org/#id=f7816a62-8465-451e-a227-d8ebbe455d38; https://www.ipmrental.com/	Public Overture site+email; zero-HTTP V6 cheap-screen. Final MASTER dedupe/QA required.				overture:f7816a62-8465-451e-a227-d8ebbe455d38	ipmrental.com	18107323355	innovative property management	Flint	USA	HIGH	domain:ipmrental.com
	A	91	Ann Arbor	USA	Investor's Property Management		property_management	2511 S State St	+17346628832								overture:2d5eb53b-62c7-45d5-893a-0573f1e3bc4e	2026-08-15T00:53:59.669877Z		Canonical queue drain | fit A | GitHub MASTER dedupe passed	http://ipma2.com/	rent@ipma2.com	https://www.ipma2.com/about				https://www.ipma2.com/available-properties				High	Verified	https://explore.overturemaps.org/#id=2d5eb53b-62c7-45d5-893a-0573f1e3bc4e	Public Overture site+email; zero-HTTP V6 cheap-screen. Final MASTER dedupe/QA required.				overture:2d5eb53b-62c7-45d5-893a-0573f1e3bc4e	ipma2.com	17346628832	investor s property management	Ann Arbor	USA	HIGH	domain:ipma2.com
	A	91	Fort Wayne	USA	Investors Property Management		property_management	5540 Huguenard Rd	+12604224774								overture:61a188ea-1f7d-4989-b268-0c0314bb0ab6	2026-08-15T00:53:59.669877Z		Canonical queue drain | fit A | GitHub MASTER dedupe passed	https://www.investorspropertymgt.com/	stockamp1@aol.com		https://www.instagram.com/wix/	https://www.facebook.com/wix/						Medium	Recall-first	https://explore.overturemaps.org/#id=61a188ea-1f7d-4989-b268-0c0314bb0ab6; https://www.investorspropertymgt.com/	Public Overture site+email; zero-HTTP V6 cheap-screen. Final MASTER dedupe/QA required.				overture:61a188ea-1f7d-4989-b268-0c0314bb0ab6	investorspropertymgt.com	12604224774	investors property management	Fort Wayne	USA	MEDIUM	domain:investorspropertymgt.com
	A	91	Phoenix	USA	Impero Property Management		property_management	328 E Willetta St	+16026359790								overture:08ffe7fa-f81f-40ca-b6f6-07a8d527e7ef	2026-08-15T00:53:59.669877Z		Canonical queue drain | fit A | GitHub MASTER dedupe passed	http://www.impero-property.com/	info@impero-property.com	https://www.impero-property.com/about-us/				https://www.impero-property.com/available-rentals/				High	Verified	https://explore.overturemaps.org/#id=08ffe7fa-f81f-40ca-b6f6-07a8d527e7ef	Public Overture site+email; zero-HTTP V6 cheap-screen. Final MASTER dedupe/QA required.				overture:08ffe7fa-f81f-40ca-b6f6-07a8d527e7ef	impero-property.com	16026359790	impero property management	Phoenix	USA	HIGH	domain:impero-property.com
	A	91	Merrillville	USA	IGC Residential Property Management		property_management	320 E 90th Dr	+12197382322								overture:b77918d7-fba6-4c44-a6b3-2395765bdcda	2026-08-15T00:53:59.669877Z		Canonical queue drain | fit A | GitHub MASTER dedupe passed	http://www.igcre.com	amccares@igcre.com	https://www.igcre.com/contact-us				https://www.igcre.com/properties				High	Verified	https://explore.overturemaps.org/#id=b77918d7-fba6-4c44-a6b3-2395765bdcda	Public Overture site+email; zero-HTTP V6 cheap-screen. Final MASTER dedupe/QA required.				overture:b77918d7-fba6-4c44-a6b3-2395765bdcda	igcre.com	12197382322	igc residential property management	Merrillville	USA	HIGH	domain:igcre.com
	A	91	Holland	USA	Honey Do Property Management		property_management	6417 Angola Rd	+14197200133								overture:a331fdbe-64f6-4ac0-81e3-b6b47bf069c9	2026-08-15T00:53:59.669877Z		Canonical queue drain | fit A | GitHub MASTER dedupe passed	http://www.HoneyDollc.com/	jay@honeydollc.com	http://honeydollc.com/about-us		https://www.facebook.com/honeydopm/						High	Verified	https://explore.overturemaps.org/#id=a331fdbe-64f6-4ac0-81e3-b6b47bf069c9	Public Overture site+email; zero-HTTP V6 cheap-screen. Final MASTER dedupe/QA required.				overture:a331fdbe-64f6-4ac0-81e3-b6b47bf069c9	honeydollc.com	14197200133	honey do property management	Holland	USA	HIGH	domain:honeydollc.com
	A	91	Loveland	USA	Hawk Hometown Property Management and Asset Protection		property_management	1528 N Lincoln Ave	+19707769059								overture:60f3a909-0790-4319-872b-faf888ce5a87	2026-08-15T00:53:59.669877Z		Canonical queue drain | fit A | GitHub MASTER dedupe passed	http://www.hhpmap.com/	hhpmap@gmail.com	https://www.hhpmap.com/about-us		https://www.facebook.com/HHPMAP/						High	Verified	https://explore.overturemaps.org/#id=60f3a909-0790-4319-872b-faf888ce5a87	Public Overture site+email; zero-HTTP V6 cheap-screen. Final MASTER dedupe/QA required.				overture:60f3a909-0790-4319-872b-faf888ce5a87	hhpmap.com	19707769059	hawk hometown property management and asset protection	Loveland	USA	HIGH	domain:hhpmap.com
	A	91	Birmingham	USA	HB Property Management		property_management	135 N Old Woodward Ave	+13132880439								overture:0e84d43d-7d6b-49ec-8bb8-f1827d548e0c	2026-08-15T00:53:59.669877Z		Canonical queue drain | fit A | GitHub MASTER dedupe passed	http://hbpropertymanagement.org/	info@hbpropertymanagement.org	https://hbpropertymanagement.org/about-us				https://hbpropertymanagement.org/properties				High	Verified	https://explore.overturemaps.org/#id=0e84d43d-7d6b-49ec-8bb8-f1827d548e0c	Public Overture site+email; zero-HTTP V6 cheap-screen. Final MASTER dedupe/QA required.				overture:0e84d43d-7d6b-49ec-8bb8-f1827d548e0c	hbpropertymanagement.org	13132880439	hb property management	Birmingham	USA	HIGH	domain:hbpropertymanagement.org
	A	91	Chicago	USA	Green Ivy Realty & Property Management		property_management	6553 N Avondale Ave	+17739132525								overture:be9881a7-da12-42bd-adef-12d2715c1997	2026-08-15T00:53:59.669877Z		Canonical queue drain | fit A | GitHub MASTER dedupe passed	http://www.greenivypropmgt.com/	info@greenivypropmgt.com	https://greenivypropmgt.com/contact-us/		https://www.facebook.com/GreenIvyPM/						High	Verified	https://explore.overturemaps.org/#id=be9881a7-da12-42bd-adef-12d2715c1997	Public Overture site+email; zero-HTTP V6 cheap-screen. Final MASTER dedupe/QA required.				overture:be9881a7-da12-42bd-adef-12d2715c1997	greenivypropmgt.com	17739132525	green ivy realty property management	Chicago	USA	HIGH	domain:greenivypropmgt.com
	A	91	Tavistock	United Kingdom	GB Property Management and Lettings		property_management	Atlas House, Unit 26 W Devon Business Park, Brook Ln	+441822615951								overture:4a3f03ab-f926-4df0-ab59-41139915eec1	2026-08-15T00:53:59.669877Z		Canonical queue drain | fit A | GitHub MASTER dedupe passed	http://www.gbpropertylettings.co.uk/	lettings@gbpropertylettings.co.uk	https://www.gbpropertylettings.co.uk/about-us/				https://www.gbpropertylettings.co.uk/properties/38-the-village-2718/				High	Verified	https://explore.overturemaps.org/#id=4a3f03ab-f926-4df0-ab59-41139915eec1	Public Overture site+email; zero-HTTP V6 cheap-screen. Final MASTER dedupe/QA required.				overture:4a3f03ab-f926-4df0-ab59-41139915eec1	gbpropertylettings.co.uk	441822615951	gb property management and lettings	Tavistock	United Kingdom	HIGH	domain:gbpropertylettings.co.uk
	A	91	Boulder	USA	Fowler Property Management		property_management	2400 28th St	+13034436064								overture:0db3191d-df8c-4d32-a5cc-137ddfa364a7	2026-08-15T00:53:59.669877Z		Canonical queue drain | fit A | GitHub MASTER dedupe passed	http://www.fowlerrentals.com	info@fowlerrentals.com	https://fowlerrentals.com/about-us/				https://fowlerrentals.com/forms/				High	Verified	https://explore.overturemaps.org/#id=0db3191d-df8c-4d32-a5cc-137ddfa364a7	Public Overture site+email; zero-HTTP V6 cheap-screen. Final MASTER dedupe/QA required.				overture:0db3191d-df8c-4d32-a5cc-137ddfa364a7	fowlerrentals.com	13034436064	fowler property management	Boulder	USA	HIGH	domain:fowlerrentals.com
	A	91	Prescott	USA	Fortress Property Management & Investments		property_management	313 W Goodwin St	+19287785181								overture:28d1ab6b-94a6-453f-a7eb-f5423859792e	2026-08-15T00:53:59.669877Z		Canonical queue drain | fit A | GitHub MASTER dedupe passed	http://www.fortressaz.com/	realtorjosh40@gmail.com	https://www.fortressaz.com/about				https://www.fortressaz.com/prescott-homes-for-rent				High	Verified	https://explore.overturemaps.org/#id=28d1ab6b-94a6-453f-a7eb-f5423859792e	Public Overture site+email; zero-HTTP V6 cheap-screen. Final MASTER dedupe/QA required.				overture:28d1ab6b-94a6-453f-a7eb-f5423859792e	fortressaz.com	19287785181	fortress property management investments	Prescott	USA	HIGH	domain:fortressaz.com
	A	91	Mt Clemens	USA	First Advantage Property Management		property_management	75 N Main St	+13137881313								overture:ded0cec6-e707-459d-8f08-ba2535c2d703	2026-08-15T00:53:59.669877Z		Canonical queue drain | fit A | GitHub MASTER dedupe passed	http://FirstAdvantagePropertyManagement.com/	kingsley@firstadvantagepropertymanagement.com	https://firstadvantagepropertymanagement.com/contact-us-8520-3190	https://www.instagram.com/contactus729/							High	Verified	https://explore.overturemaps.org/#id=ded0cec6-e707-459d-8f08-ba2535c2d703; https://firstadvantagepropertymanagement.com/home-2703-3010	Public Overture site+email; zero-HTTP V6 cheap-screen. Final MASTER dedupe/QA required.				overture:ded0cec6-e707-459d-8f08-ba2535c2d703	firstadvantagepropertymanagement.com	13137881313	first advantage property management	Mt Clemens	USA	HIGH	domain:firstadvantagepropertymanagement.com
	A	91	Yuba City	USA	Feather River Property Management		property_management	1634 Starr Dr	+15305998955								overture:98a06628-0f7a-4fe4-945a-d222c1a9b3a2	2026-08-15T00:53:59.669877Z		Canonical queue drain | fit A | GitHub MASTER dedupe passed	http://www.FeatherRiverPM.com/	rentals@featherriverpm.com	https://www.featherriverpm.com/about				https://www.featherriverpm.com/yuba-city-homes-for-rent				High	Verified	https://explore.overturemaps.org/#id=98a06628-0f7a-4fe4-945a-d222c1a9b3a2	Public Overture site+email; zero-HTTP V6 cheap-screen. Final MASTER dedupe/QA required.				overture:98a06628-0f7a-4fe4-945a-d222c1a9b3a2	featherriverpm.com	15305998955	feather river property management	Yuba City	USA	HIGH	domain:featherriverpm.com
	A	91	London	USA	Ether Property Group – Property Management & Renovations		property_management	246 Waterloo St	+15483916244								overture:5c236684-e76f-4ac6-85d3-6e2ac547f7f5	2026-08-15T00:53:59.669877Z		Canonical queue drain | fit A | GitHub MASTER dedupe passed	https://etherpropertygroup.ca/	bensajithomas@outlook.com	https://etherpropertygroup.ca/about-us/			https://wa.me/15483916244?text=Hello%2C%20I%20would%20like%20to%20know%20more%20about%20your%20services					High	Verified	https://explore.overturemaps.org/#id=5c236684-e76f-4ac6-85d3-6e2ac547f7f5	Public Overture site+email; zero-HTTP V6 cheap-screen. Final MASTER dedupe/QA required.				overture:5c236684-e76f-4ac6-85d3-6e2ac547f7f5	etherpropertygroup.ca	15483916244	ether property group property management renovations	London	USA	HIGH	domain:etherpropertygroup.ca
	A	91	Cleveland Heights	USA	Equity Star Realty Property Management		property_management	2940 Noble Rd	+14406831265								overture:3829e7bf-28ba-4fc9-911d-806e4e452c95	2026-08-15T00:53:59.669877Z		Canonical queue drain | fit A | GitHub MASTER dedupe passed	https://www.equity-star.com/	admin@equity-star.com			https://www.facebook.com/Equity-Star-Property-Management-197565914101851/		https://www.equity-star.com/searchrentals				High	Verified	https://explore.overturemaps.org/#id=3829e7bf-28ba-4fc9-911d-806e4e452c95	Public Overture site+email; zero-HTTP V6 cheap-screen. Final MASTER dedupe/QA required.				overture:3829e7bf-28ba-4fc9-911d-806e4e452c95	equity-star.com	14406831265	equity star realty property management	Cleveland Heights	USA	HIGH	domain:equity-star.com
	A	91	Kenosha	USA	Elyon Property Management		property_management	600 52nd St	+12626123565								overture:ff9ed740-a57c-4f51-892e-52770740e248	2026-08-15T00:53:59.669877Z		Canonical queue drain | fit A | GitHub MASTER dedupe passed	http://www.elyon-pm.com/	mary@elyon-pm.com	https://elyon-pm.com/contact-us/				https://elyon-pm.com/rentals/				High	Verified	https://explore.overturemaps.org/#id=ff9ed740-a57c-4f51-892e-52770740e248	Public Overture site+email; zero-HTTP V6 cheap-screen. Final MASTER dedupe/QA required.				overture:ff9ed740-a57c-4f51-892e-52770740e248	elyon-pm.com	12626123565	elyon property management	Kenosha	USA	HIGH	domain:elyon-pm.com
	A	91	Kalamazoo	USA	Edgestone Property Management		property_management	1122 S Westnedge Ave	+12692304900								overture:0ca117cc-4e88-4e08-88d0-ce3d633af678	2026-08-15T00:53:59.669877Z		Canonical queue drain | fit A | GitHub MASTER dedupe passed	http://www.edgestonepm.net/	info@edgestonepm.net	https://edgestonepm.net/contact				https://edgestonepm.net/step-1-%3A-view-properties				Medium	Recall-first	https://explore.overturemaps.org/#id=0ca117cc-4e88-4e08-88d0-ce3d633af678	Public Overture site+email; zero-HTTP V6 cheap-screen. Final MASTER dedupe/QA required.				overture:0ca117cc-4e88-4e08-88d0-ce3d633af678	edgestonepm.net	12692304900	edgestone property management	Kalamazoo	USA	MEDIUM	domain:edgestonepm.net
	A	91	Scottsdale	USA	Dobson Property Management		property_management	5010 E Shea Blvd	+14804434500								overture:574bd110-323e-4c61-a17e-2a419b719583	2026-08-15T00:53:59.669877Z		Canonical queue drain | fit A | GitHub MASTER dedupe passed	http://www.DobsonPropertyManagement.com/	stuart@dobsonpropertymanagement.com	https://www.dobsonpropertymanagement.com/about				https://www.dobsonpropertymanagement.com/dobson-homes-for-rent				High	Verified	https://explore.overturemaps.org/#id=574bd110-323e-4c61-a17e-2a419b719583	Public Overture site+email; zero-HTTP V6 cheap-screen. Final MASTER dedupe/QA required.				overture:574bd110-323e-4c61-a17e-2a419b719583	dobsonpropertymanagement.com	14804434500	dobson property management	Scottsdale	USA	HIGH	domain:dobsonpropertymanagement.com
	A	91	Greeley	USA	Dependable Property Management		property_management	1522 9th Ave	+19703303507								overture:76aa9182-fc9d-4e39-8d32-7fe5702ab615	2026-08-15T00:53:59.669877Z		Canonical queue drain | fit A | GitHub MASTER dedupe passed	https://www.dependablepropertymanagementllc.com/contact-us	management@dependablepropertymanagementllc.com	https://www.dependablepropertymanagementllc.com/contact-us				https://www.dependablepropertymanagementllc.com/brand-a-z/starbooks.html				Medium	Recall-first	https://explore.overturemaps.org/#id=76aa9182-fc9d-4e39-8d32-7fe5702ab615	Public Overture site+email; zero-HTTP V6 cheap-screen. Final MASTER dedupe/QA required.				overture:76aa9182-fc9d-4e39-8d32-7fe5702ab615	dependablepropertymanagementllc.com	19703303507	dependable property management	Greeley	USA	MEDIUM	domain:dependablepropertymanagementllc.com
	A	91	Appleton	USA	Day Property Management		property_management	509 N Superior St	+19209680626								overture:62c735f7-f2f2-4d52-abe0-f33ec97babe7	2026-08-15T00:53:59.669877Z		Canonical queue drain | fit A | GitHub MASTER dedupe passed	http://www.daypropertymanagement.com	info@daypropertymanagement.com	https://www.daypropertymanagement.com/about-us		https://www.facebook.com/dayprop/						High	Verified	https://explore.overturemaps.org/#id=62c735f7-f2f2-4d52-abe0-f33ec97babe7	Public Overture site+email; zero-HTTP V6 cheap-screen. Final MASTER dedupe/QA required.				overture:62c735f7-f2f2-4d52-abe0-f33ec97babe7	daypropertymanagement.com	19209680626	day property management	Appleton	USA	HIGH	domain:daypropertymanagement.com
	A	91	Neenah	USA	Cowling Property Management		landscaping	1585 W Paynes Point Rd	+19207250426								overture:b33c99a8-f60f-42b1-9e11-c0e3145b4e69	2026-08-15T00:53:59.669877Z		Canonical queue drain | fit A | GitHub MASTER dedupe passed	http://www.cpmlawncare.net/	pavcooffice@gmail.com	https://www.cpmlawncare.net/contact		https://www.facebook.com/Cowling-Property-Management-570623503446283/						High	Verified	https://explore.overturemaps.org/#id=b33c99a8-f60f-42b1-9e11-c0e3145b4e69	Public Overture site+email; zero-HTTP V6 cheap-screen. Final MASTER dedupe/QA required.				overture:b33c99a8-f60f-42b1-9e11-c0e3145b4e69	cpmlawncare.net	19207250426	cowling property management	Neenah	USA	HIGH	domain:cpmlawncare.net
	A	91	Goshen	USA	C-par Property Management		condominium	401 E Madison St	(574) 533-2727								overture:16198c2c-393b-409a-b13c-986517215068	2026-08-15T00:53:59.669877Z		Canonical queue drain | fit A | GitHub MASTER dedupe passed	https://www.cparpm.com/contact-us	c-par@cparpm.com	https://www.cparpm.com/contact-us				https://www.cparpm.com/homes-for-rent-application/				High	Verified	https://explore.overturemaps.org/#id=16198c2c-393b-409a-b13c-986517215068	Public Overture site+email; zero-HTTP V6 cheap-screen. Final MASTER dedupe/QA required.				overture:16198c2c-393b-409a-b13c-986517215068	cparpm.com	5745332727	c par property management	Goshen	USA	HIGH	domain:cparpm.com
	A	91	London	USA	CLA Property Management		property_management	RPO, Southdale Rd E	+15196394784								overture:d45d3bdb-f8af-445d-a6bb-2b6268c0b3dc	2026-08-15T00:53:59.669877Z		Canonical queue drain | fit A | GitHub MASTER dedupe passed	http://clarentalmanagement.ca/	cindy@clarentalmanagement.ca	http://clarentalmanagement.ca/about-us/				http://clarentalmanagement.ca/properties-for-rent/				Medium	Recall-first	https://explore.overturemaps.org/#id=d45d3bdb-f8af-445d-a6bb-2b6268c0b3dc	Public Overture site+email; zero-HTTP V6 cheap-screen. Final MASTER dedupe/QA required.				overture:d45d3bdb-f8af-445d-a6bb-2b6268c0b3dc	clarentalmanagement.ca	15196394784	cla property management	London	USA	MEDIUM	domain:clarentalmanagement.ca
	A	91	Hanover Park	USA	CARE Property Management		property_management	1985 E Devon Ave	+16308552279								overture:572a8505-d33a-4a92-b45c-0e5de746ad9b	2026-08-15T00:53:59.669877Z		Canonical queue drain | fit A | GitHub MASTER dedupe passed	http://www.careprop.com	joan@careprop.com	https://careprop.com/about-care/				http://careprop.com/properties-for-rent/				High	Verified	https://explore.overturemaps.org/#id=572a8505-d33a-4a92-b45c-0e5de746ad9b	Public Overture site+email; zero-HTTP V6 cheap-screen. Final MASTER dedupe/QA required.				overture:572a8505-d33a-4a92-b45c-0e5de746ad9b	careprop.com	16308552279	care property management	Hanover Park	USA	HIGH	domain:careprop.com
	A	91	Holland	USA	BVW Property Management		property_management	332 E Lakewood Blvd	+16165940797								overture:f84db087-1edf-4e22-851a-4a0c3d940252	2026-08-15T00:53:59.669877Z		Canonical queue drain | fit A | GitHub MASTER dedupe passed	http://www.bvwpm.com/	info@bvwpm.com	https://bvwpm.com/about/				https://bvwpm.com/properties/updated-upper-apartment-in-west-olive/				High	Verified	https://explore.overturemaps.org/#id=f84db087-1edf-4e22-851a-4a0c3d940252	Public Overture site+email; zero-HTTP V6 cheap-screen. Final MASTER dedupe/QA required.				overture:f84db087-1edf-4e22-851a-4a0c3d940252	bvwpm.com	16165940797	bvw property management	Holland	USA	HIGH	domain:bvwpm.com
	A	91	Livonia	USA	BLS Property Management Co.		property_management	11908 Farmington Rd	+17348381520								overture:7087f9f9-1e62-415b-bfbe-5104d452593d	2026-08-15T00:53:59.669877Z		Canonical queue drain | fit A | GitHub MASTER dedupe passed	http://blsmanagement.com/	clarice526@blsmanagement.com	https://blsmanagement.com/contact-us/		https://www.facebook.com/profile.php/						Medium	Recall-first	https://explore.overturemaps.org/#id=7087f9f9-1e62-415b-bfbe-5104d452593d	Public Overture site+email; zero-HTTP V6 cheap-screen. Final MASTER dedupe/QA required.				overture:7087f9f9-1e62-415b-bfbe-5104d452593d	blsmanagement.com	17348381520	bls property management co	Livonia	USA	MEDIUM	domain:blsmanagement.com
	A	91	Phoenix	USA	BlackRoc Property Management		property_management	15825 S 46th St	+14809401366								overture:94498795-db2a-4457-882f-3361d81731f5	2026-08-15T00:53:59.669877Z		Canonical queue drain | fit A | GitHub MASTER dedupe passed	http://www.blackrocpm.com/	dean@blackrocpm.com	https://www.blackrocpm.com/about-us		https://www.facebook.com/BlackRocpm/						High	Verified	https://explore.overturemaps.org/#id=94498795-db2a-4457-882f-3361d81731f5	Public Overture site+email; zero-HTTP V6 cheap-screen. Final MASTER dedupe/QA required.				overture:94498795-db2a-4457-882f-3361d81731f5	blackrocpm.com	14809401366	blackroc property management	Phoenix	USA	HIGH	domain:blackrocpm.com
	A	91	Shawano	USA	Bamboo Shores Vacation Rental Homes		holiday_rental_home	W5873 Cedar Ave	+18009692124								overture:4bbb9910-60e4-4687-b922-baa8c0a5c853	2026-08-15T00:53:59.669877Z		Canonical queue drain | fit A | GitHub MASTER dedupe passed	http://www.bambooshores.com/	ron@bambooshores.com	http://www.bambooshores.com/contact-us.php				http://www.bambooshores.com/our-cottages.php				High	Verified	https://explore.overturemaps.org/#id=4bbb9910-60e4-4687-b922-baa8c0a5c853	Public Overture site+email; zero-HTTP V6 cheap-screen. Final MASTER dedupe/QA required.				overture:4bbb9910-60e4-4687-b922-baa8c0a5c853	bambooshores.com	18009692124	bamboo shores vacation rental homes	Shawano	USA	HIGH	domain:bambooshores.com
	A	91	Boulder	USA	Axia Property Management		property_management	75 Manhattan Dr	+13034442611								overture:036c0066-9837-41e2-87da-c0b5f7d490fa	2026-08-15T00:53:59.669877Z		Canonical queue drain | fit A | GitHub MASTER dedupe passed	http://axiarentals.com/	office@axiarentals.com	https://axiarentals.com/about/				https://axiarentals.com/feed/				High	Verified	https://explore.overturemaps.org/#id=036c0066-9837-41e2-87da-c0b5f7d490fa	Public Overture site+email; zero-HTTP V6 cheap-screen. Final MASTER dedupe/QA required.				overture:036c0066-9837-41e2-87da-c0b5f7d490fa	axiarentals.com	13034442611	axia property management	Boulder	USA	HIGH	domain:axiarentals.com
	A	91	Chatham-Kent	USA	Apollo Property Management and Developments		property_management	186 Chatham St N	+15196767467								overture:242d1591-30cc-4fd9-b6d6-a09a2048f642	2026-08-15T00:53:59.669877Z		Canonical queue drain | fit A | GitHub MASTER dedupe passed	http://apollopm.ca/	info@apollopm.ca	https://www.apollopm.ca/about				https://www.apollopm.ca/properties				High	Verified	https://explore.overturemaps.org/#id=242d1591-30cc-4fd9-b6d6-a09a2048f642	Public Overture site+email; zero-HTTP V6 cheap-screen. Final MASTER dedupe/QA required.				overture:242d1591-30cc-4fd9-b6d6-a09a2048f642	apollopm.ca	15196767467	apollo property management and developments	Chatham-Kent	USA	HIGH	domain:apollopm.ca
	A	91	Schaumburg	USA	American Property Management		property_management	1251 N Plum Grove Rd	+18479856464								overture:00a9a97d-ed74-4137-8e3b-1d9f51a353fb	2026-08-15T00:53:59.669877Z		Canonical queue drain | fit A | GitHub MASTER dedupe passed	http://apmofil.com/	mail@apmofil.com	https://www.apmofil.com/contact-us		https://www.facebook.com/McKayManagement/						High	Verified	https://explore.overturemaps.org/#id=00a9a97d-ed74-4137-8e3b-1d9f51a353fb	Public Overture site+email; zero-HTTP V6 cheap-screen. Final MASTER dedupe/QA required.				overture:00a9a97d-ed74-4137-8e3b-1d9f51a353fb	apmofil.com	18479856464	american property management	Schaumburg	USA	HIGH	domain:apmofil.com
	A	91	Morris	USA	Advantage Property Management		property_management	900 W US Route 6	+18159425848								overture:9ef9444d-9039-4968-81fa-cac02407551e	2026-08-15T00:53:59.669877Z		Canonical queue drain | fit A | GitHub MASTER dedupe passed	http://apm4rent.com/	shaelee@apm4rent.com	https://apm4rent.com/contact-us/		https://www.facebook.com/AdvantagePropertyManagement900/						High	Verified	https://explore.overturemaps.org/#id=9ef9444d-9039-4968-81fa-cac02407551e	Public Overture site+email; zero-HTTP V6 cheap-screen. Final MASTER dedupe/QA required.				overture:9ef9444d-9039-4968-81fa-cac02407551e	apm4rent.com	18159425848	advantage property management	Morris	USA	HIGH	domain:apm4rent.com
	A	91	Phoenix	USA	Am/Pm Property Management llc		property_management	1855 E Northern Ave	+16024605545								overture:5c31e254-734c-45db-aaab-58e494229192	2026-08-15T00:53:59.669877Z		Canonical queue drain | fit A | GitHub MASTER dedupe passed	http://Ampmpropertymgmt.com/	kim@ampmpropertymgmt.com	https://www.ampmpropertymgmt.com/about		https://www.facebook.com/doorloopapp/						High	Verified	https://explore.overturemaps.org/#id=5c31e254-734c-45db-aaab-58e494229192	Public Overture site+email; zero-HTTP V6 cheap-screen. Final MASTER dedupe/QA required.				overture:5c31e254-734c-45db-aaab-58e494229192	ampmpropertymgmt.com	16024605545	am pm property management llc	Phoenix	USA	HIGH	domain:ampmpropertymgmt.com
	A	91	Royal Oak	USA	Alvara Property Management		property_management	301 W 4th St	+13132545775								overture:30a2bbe0-91eb-4be9-ab3b-41dfc88607ee	2026-08-15T00:53:59.669877Z		Canonical queue drain | fit A | GitHub MASTER dedupe passed	http://alvarapm.com/	leasing@alvarapm.com	https://www.alvarapm.com/about				https://www.alvarapm.com/detroit-homes-for-rent				High	Verified	https://explore.overturemaps.org/#id=30a2bbe0-91eb-4be9-ab3b-41dfc88607ee	Public Overture site+email; zero-HTTP V6 cheap-screen. Final MASTER dedupe/QA required.				overture:30a2bbe0-91eb-4be9-ab3b-41dfc88607ee	alvarapm.com	13132545775	alvara property management	Royal Oak	USA	HIGH	domain:alvarapm.com
	A	91	Strongsville	USA	Afiwi Property Management		property_management	10883 Pearl Rd	+17544001020								overture:ef63bbb8-860c-4f20-bd37-4e3fa78dd17d	2026-08-15T00:53:59.669877Z		Canonical queue drain | fit A | GitHub MASTER dedupe passed	http://AfiwiCapital.com/	support@afiwicapital.com	https://about.AfiwiCapital.com			https://api.whatsapp.com/send?phone=1754-400-1020					Medium	Recall-first	https://explore.overturemaps.org/#id=ef63bbb8-860c-4f20-bd37-4e3fa78dd17d	Public Overture site+email; zero-HTTP V6 cheap-screen. Final MASTER dedupe/QA required.				overture:ef63bbb8-860c-4f20-bd37-4e3fa78dd17d	afiwicapital.com	17544001020	afiwi property management	Strongsville	USA	MEDIUM	domain:afiwicapital.com
	A	91	Grass Valley	USA	ACM Property Management		property_management	175 Joerschke Dr	+15306137042								overture:2909b468-c1d7-43dd-bc3b-030d707bf7e2	2026-08-15T00:53:59.669877Z		Canonical queue drain | fit A | GitHub MASTER dedupe passed	http://ACMRents.com/	acmpropertiesca@gmail.com	https://www.acmrents.com/about-us		https://www.facebook.com/AcmPropertyManagement/						High	Verified	https://explore.overturemaps.org/#id=2909b468-c1d7-43dd-bc3b-030d707bf7e2	Public Overture site+email; zero-HTTP V6 cheap-screen. Final MASTER dedupe/QA required.				overture:2909b468-c1d7-43dd-bc3b-030d707bf7e2	acmrents.com	15306137042	acm property management	Grass Valley	USA	HIGH	domain:acmrents.com
	A	91	Cedar City	USA	ERA Realty Center - Property Management		property_management	165 N 200 W	+14358671136								overture:94d7705d-c689-4ec3-ae18-584e021f4d9b	2026-08-15T00:53:59.669877Z		Canonical queue drain | fit A | GitHub MASTER dedupe passed	http://www.acedarcityrental.com/	erapm.cedarcity@gmail.com	https://www.acedarcityrental.com/about-us		https://www.facebook.com/ERAPropertyManagement/						High	Verified	https://explore.overturemaps.org/#id=94d7705d-c689-4ec3-ae18-584e021f4d9b	Public Overture site+email; zero-HTTP V6 cheap-screen. Final MASTER dedupe/QA required.				overture:94d7705d-c689-4ec3-ae18-584e021f4d9b	acedarcityrental.com	14358671136	era realty center property management	Cedar City	USA	HIGH	domain:acedarcityrental.com
	A	91	Penarth	United Kingdom	Absolute Property Management Solutions		property_management	19 Stanwell Road	+442920707590								overture:177d8f6d-306c-4aa9-8d8c-3eb412a2b355	2026-08-15T00:53:59.669877Z		Canonical queue drain | fit A | GitHub MASTER dedupe passed	http://www.absolutepms.co.uk/	info@absolutepms.co.uk	http://www.absolutepms.co.uk/about				http://www.absolutepms.co.uk/services/commercialrentals				High	Verified	https://explore.overturemaps.org/#id=177d8f6d-306c-4aa9-8d8c-3eb412a2b355	Public Overture site+email; zero-HTTP V6 cheap-screen. Final MASTER dedupe/QA required.				overture:177d8f6d-306c-4aa9-8d8c-3eb412a2b355	absolutepms.co.uk	442920707590	absolute property management solutions	Penarth	United Kingdom	HIGH	domain:absolutepms.co.uk
	A	91	Dearborn	USA	4Lakes Property Management		property_management	23527 Ford Rd	+17347249705								overture:5de049b0-a90e-4a49-8848-ded790f6e4fc	2026-08-15T00:53:59.669877Z		Canonical queue drain | fit A | GitHub MASTER dedupe passed	https://www.4lakespropertiesllc.com/	property4lakes@outlook.com	https://www.4lakespropertiesllc.com/about	https://www.instagram.com/4lakes.llc/							High	Verified	https://explore.overturemaps.org/#id=5de049b0-a90e-4a49-8848-ded790f6e4fc; https://www.4lakespropertiesllc.com/	Public Overture site+email; zero-HTTP V6 cheap-screen. Final MASTER dedupe/QA required.				overture:5de049b0-a90e-4a49-8848-ded790f6e4fc	4lakespropertiesllc.com	17347249705	4lakes property management	Dearborn	USA	HIGH	domain:4lakespropertiesllc.com
	A	91	San Diego	USA	XILA Property Management		property_management	433 Nutmeg St	+16196832728								overture:68b9fb7d-cf82-46e6-84da-b5c56d9470c5	2026-08-15T00:53:59.669877Z		Canonical queue drain | fit A | GitHub MASTER dedupe passed	http://www.xilarent.com/	info@xilarent.com	https://www.xilarent.com/contact-us		https://www.facebook.com/XILApropertymanagement/						High	Verified	https://explore.overturemaps.org/#id=68b9fb7d-cf82-46e6-84da-b5c56d9470c5	Public Overture site+email; zero-HTTP V6 cheap-screen. Final MASTER dedupe/QA required.				overture:68b9fb7d-cf82-46e6-84da-b5c56d9470c5	xilarent.com	16196832728	xila property management	San Diego	USA	HIGH	domain:xilarent.com
	A	91	Claremont	USA	Wheeler Steffen Property Management		property_management	1420 N Claremont Blvd	+19096215941								overture:0bb99c8c-367d-425d-8657-fdda98701683	2026-08-15T00:53:59.669877Z		Canonical queue drain | fit A | GitHub MASTER dedupe passed	http://www.wheelersteffen.com/	s_paul@wheelersteffen.com	http://www.wheelersteffen.com/contact-us				http://www.wheelersteffen.com/services/residential-rentals.html				High	Verified	https://explore.overturemaps.org/#id=0bb99c8c-367d-425d-8657-fdda98701683	Public Overture site+email; zero-HTTP V6 cheap-screen. Final MASTER dedupe/QA required.				overture:0bb99c8c-367d-425d-8657-fdda98701683	wheelersteffen.com	19096215941	wheeler steffen property management	Claremont	USA	HIGH	domain:wheelersteffen.com
	A	91	Long Beach	USA	We Manage Property Management		property_management	316 Redondo Ave	+15627192350								overture:5198bd1f-5ecb-4f68-8c3f-d1bfbbbaefea	2026-08-15T00:53:59.669877Z		Canonical queue drain | fit A | GitHub MASTER dedupe passed	http://www.wemanage.us/	info@wemanage.us	https://www.wemanage.us/about-us	https://www.instagram.com/wemanage_inc/							High	Verified	https://explore.overturemaps.org/#id=5198bd1f-5ecb-4f68-8c3f-d1bfbbbaefea; https://www.wemanage.us/	Public Overture site+email; zero-HTTP V6 cheap-screen. Final MASTER dedupe/QA required.				overture:5198bd1f-5ecb-4f68-8c3f-d1bfbbbaefea	wemanage.us	15627192350	we manage property management	Long Beach	USA	HIGH	domain:wemanage.us
	A	91	San Diego	USA	Vestar Property Management		property_management	2907 Shelter Island Dr Ste 219	(619) 223-9400								overture:447ebc34-6b3a-462a-a989-d79ac9c628e5	2026-08-15T00:53:59.669877Z		Canonical queue drain | fit A | GitHub MASTER dedupe passed	http://www.vestar.com	dduncan@vestar.com	http://www.vestar.com/contact/				http://www.vestar.com/vestar-marks-milestone-year-with-portfolio-wide-growth/				Medium	Recall-first	https://explore.overturemaps.org/#id=447ebc34-6b3a-462a-a989-d79ac9c628e5	Public Overture site+email; zero-HTTP V6 cheap-screen. Final MASTER dedupe/QA required.				overture:447ebc34-6b3a-462a-a989-d79ac9c628e5	vestar.com	6192239400	vestar property management	San Diego	USA	MEDIUM	domain:vestar.com
	A	91	San Diego	USA	Valor Property Management		property_management	3636 Camino del Rio N	+16197712600								overture:d21526b8-6888-4964-9551-7371417aaf62	2026-08-15T00:53:59.669877Z		Canonical queue drain | fit A | GitHub MASTER dedupe passed	http://www.valorpropmgmt.com/	marketing@valorpropmgmt.com	http://www.valorpropmgmt.com/contact-us				http://www.valorpropmgmt.com/featured-page/park-villas-la-mesa				High	Verified	https://explore.overturemaps.org/#id=d21526b8-6888-4964-9551-7371417aaf62	Public Overture site+email; zero-HTTP V6 cheap-screen. Final MASTER dedupe/QA required.				overture:d21526b8-6888-4964-9551-7371417aaf62	valorpropmgmt.com	16197712600	valor property management	San Diego	USA	HIGH	domain:valorpropmgmt.com
	A	91	Wimberley	USA	Vacation Property Masters		holiday_rental_home	1847 Flite Acres Rd	+17132084342								overture:553fe58c-df15-4013-a986-683db616fecd	2026-08-15T00:53:59.669877Z		Canonical queue drain | fit A | GitHub MASTER dedupe passed	http://vacationpropertymasters.com/	scollins@vacationpropertymasters.com	https://vacationpropertymasters.com/aboutus.aspx		https://www.facebook.com/vacationpropertymasters/						High	Verified	https://explore.overturemaps.org/#id=553fe58c-df15-4013-a986-683db616fecd	Public Overture site+email; zero-HTTP V6 cheap-screen. Final MASTER dedupe/QA required.				overture:553fe58c-df15-4013-a986-683db616fecd	vacationpropertymasters.com	17132084342	vacation property masters	Wimberley	USA	HIGH	domain:vacationpropertymasters.com
	A	91	Beverly Hills	USA	Unic Realty Property Management		property_management	269 S Beverly Dr	+13108773025								overture:0d323b1e-5bf8-47cb-939f-345c7b584c36	2026-08-15T00:53:59.669877Z		Canonical queue drain | fit A | GitHub MASTER dedupe passed	http://www.unicrealty.com/	unicrealty@yahoo.com	https://www.unicrealty.com/about-us				https://www.unicrealty.com/properties				High	Verified	https://explore.overturemaps.org/#id=0d323b1e-5bf8-47cb-939f-345c7b584c36	Public Overture site+email; zero-HTTP V6 cheap-screen. Final MASTER dedupe/QA required.				overture:0d323b1e-5bf8-47cb-939f-345c7b584c36	unicrealty.com	13108773025	unic realty property management	Beverly Hills	USA	HIGH	domain:unicrealty.com
	A	91	Chula Vista	USA	Tyco Property Management Company		property_management	345 F St	+16194251017								overture:fdcdf0b4-18a9-4d55-b7e0-d58d2a51dcc9	2026-08-15T00:53:59.669877Z		Canonical queue drain | fit A | GitHub MASTER dedupe passed	http://www.tycoproperties.com/	propertymanager@tycoproperties.com	https://www.tycoproperties.com/about				https://www.tycoproperties.com/san-diego-homes-for-rent				High	Verified	https://explore.overturemaps.org/#id=fdcdf0b4-18a9-4d55-b7e0-d58d2a51dcc9	Public Overture site+email; zero-HTTP V6 cheap-screen. Final MASTER dedupe/QA required.				overture:fdcdf0b4-18a9-4d55-b7e0-d58d2a51dcc9	tycoproperties.com	16194251017	tyco property management company	Chula Vista	USA	HIGH	domain:tycoproperties.com
	A	91	Anaheim	USA	Treasure Property Management		property_management	751 S Weir Canyon Rd	+17148090734								overture:3905a431-ea5b-4da0-9d8d-df548b766aa9	2026-08-15T00:53:59.669877Z		Canonical queue drain | fit A | GitHub MASTER dedupe passed	http://www.TreasurePropertyManagement.com/	treasuredindustries@gmail.com	https://www.treasurepropertymanagement.com/contact-us/testimonials/booking-inquiry-page/				https://www.treasurepropertymanagement.com/vacation-homes/furnished-9-mos-winter-beach-rentals/				High	Verified	https://explore.overturemaps.org/#id=3905a431-ea5b-4da0-9d8d-df548b766aa9	Public Overture site+email; zero-HTTP V6 cheap-screen. Final MASTER dedupe/QA required.				overture:3905a431-ea5b-4da0-9d8d-df548b766aa9	treasurepropertymanagement.com	17148090734	treasure property management	Anaheim	USA	HIGH	domain:treasurepropertymanagement.com
	A	91	Vancouver	Canada	Terra Property Management		property_management	2750 Rupert St	+16047368775								overture:35319a7f-c7f1-47f3-97eb-b3942455bc4e	2026-08-15T00:53:59.669877Z		Canonical queue drain | fit A | GitHub MASTER dedupe passed	http://tpmmanagement.ca/	tpminfo@tpmmanagement.ca	https://www.tpmmanagement.ca/contact				https://www.tpmmanagement.ca/rentalproperties				High	Verified	https://explore.overturemaps.org/#id=35319a7f-c7f1-47f3-97eb-b3942455bc4e	Public Overture site+email; zero-HTTP V6 cheap-screen. Final MASTER dedupe/QA required.				overture:35319a7f-c7f1-47f3-97eb-b3942455bc4e	tpmmanagement.ca	16047368775	terra property management	Vancouver	Canada	HIGH	domain:tpmmanagement.ca
	A	91	Anaheim	USA	TKG Property Management		property_management	1475 S State College Blvd	+17145984818								overture:6f22772b-0b20-4ac5-ac95-6c2fd901f809	2026-08-15T00:53:59.669877Z		Canonical queue drain | fit A | GitHub MASTER dedupe passed	https://www.tkgpm.com/	cs@tkgpm.com	https://www.tkgpm.com/about-us/				https://www.tkgpm.com/properties/charming-cul-de-sac-home/				High	Verified	https://explore.overturemaps.org/#id=6f22772b-0b20-4ac5-ac95-6c2fd901f809	Public Overture site+email; zero-HTTP V6 cheap-screen. Final MASTER dedupe/QA required.				overture:6f22772b-0b20-4ac5-ac95-6c2fd901f809	tkgpm.com	17145984818	tkg property management	Anaheim	USA	HIGH	domain:tkgpm.com
	A	91	La Mesa	USA	Daniels Property Management		property_management	9539 Grossmont Summit Dr	+16194411115								overture:893cc725-7fa7-499a-821a-1d68f0c7a990	2026-08-15T00:53:59.669877Z		Canonical queue drain | fit A | GitHub MASTER dedupe passed	http://www.thedanielscompanies.com/	info.danielscompanies@gmail.com	https://www.thedanielscompanies.com/about-us		https://www.facebook.com/Daniels-Property-Management-and-Sales-San-Diego-165676773445703/						High	Verified	https://explore.overturemaps.org/#id=893cc725-7fa7-499a-821a-1d68f0c7a990	Public Overture site+email; zero-HTTP V6 cheap-screen. Final MASTER dedupe/QA required.				overture:893cc725-7fa7-499a-821a-1d68f0c7a990	thedanielscompanies.com	16194411115	daniels property management	La Mesa	USA	HIGH	domain:thedanielscompanies.com
	A	91	Temecula	USA	Grapevine Property Management		property_management	27393 Ynez Rd	+19516939010								overture:b74f01bb-a405-4179-aaff-bccc36d883ce	2026-08-15T00:53:59.669877Z		Canonical queue drain | fit A | GitHub MASTER dedupe passed	http://www.temecula4rent.com/	info@temecula4rent.com	https://www.temecula4rent.com/default.asp.pg-AboutUs		https://www.facebook.com/GrapevinePropertyManagement/						High	Verified	https://explore.overturemaps.org/#id=b74f01bb-a405-4179-aaff-bccc36d883ce	Public Overture site+email; zero-HTTP V6 cheap-screen. Final MASTER dedupe/QA required.				overture:b74f01bb-a405-4179-aaff-bccc36d883ce	temecula4rent.com	19516939010	grapevine property management	Temecula	USA	HIGH	domain:temecula4rent.com
	A	91	Long Beach	USA	Team Thompson Property Management		property_management	852 Redondo Ave	+15628568326								overture:c39c6f97-363e-4a78-bce8-6874a8834b74	2026-08-15T00:53:59.669877Z		Canonical queue drain | fit A | GitHub MASTER dedupe passed	http://www.teamthompsonmanagement.com/	kteamthompson@aol.com	https://www.teamthompsonmanagement.com/contact				https://www.teamthompsonmanagement.com/pubproperties				High	Verified	https://explore.overturemaps.org/#id=c39c6f97-363e-4a78-bce8-6874a8834b74	Public Overture site+email; zero-HTTP V6 cheap-screen. Final MASTER dedupe/QA required.				overture:c39c6f97-363e-4a78-bce8-6874a8834b74	teamthompsonmanagement.com	15628568326	team thompson property management	Long Beach	USA	HIGH	domain:teamthompsonmanagement.com
	A	91	Rancho Santa Fe	USA	Success Rentals Property Management		property_management	16956 Via De Santa Fe #117	+18589515361								overture:cf104b7f-6fd7-447f-a490-dc178c6b403a	2026-08-15T00:53:59.669877Z		Canonical queue drain | fit A | GitHub MASTER dedupe passed	https://successrentalspm.com/	bheller@successrentalspm.com	https://successrentalspm.com/about/				https://successrentalspm.com/feed/				High	Verified	https://explore.overturemaps.org/#id=cf104b7f-6fd7-447f-a490-dc178c6b403a	Public Overture site+email; zero-HTTP V6 cheap-screen. Final MASTER dedupe/QA required.				overture:cf104b7f-6fd7-447f-a490-dc178c6b403a	successrentalspm.com	18589515361	success rentals property management	Rancho Santa Fe	USA	HIGH	domain:successrentalspm.com
	A	91	Santa Ana	USA	The Art Of Property Management / Strattford Residential, Inc		property_management	1750 Sherry Ln	+18006513516								overture:5e12449a-077c-4668-b239-e544ade87326	2026-08-15T00:53:59.669877Z		Canonical queue drain | fit A | GitHub MASTER dedupe passed	http://www.strattfordresidential.com/	info@strattfordresidential.com	https://www.strattfordresidential.com/about				https://www.strattfordresidential.com/our-properties				High	Verified	https://explore.overturemaps.org/#id=5e12449a-077c-4668-b239-e544ade87326	Public Overture site+email; zero-HTTP V6 cheap-screen. Final MASTER dedupe/QA required.				overture:5e12449a-077c-4668-b239-e544ade87326	strattfordresidential.com	18006513516	the art of property management strattford residential inc	Santa Ana	USA	HIGH	domain:strattfordresidential.com
	A	91	San Diego	USA	Spectrum Property Management		property_management	8799 Balboa Ave	+18585698799								overture:4ae68051-6fac-48c5-9bf0-3b581e9ce7f2	2026-08-15T00:53:59.669877Z		Canonical queue drain | fit A | GitHub MASTER dedupe passed	http://www.spectrummgt.com	btworoger@spectrummgt.com	https://spectrummgt.com/about/				https://spectrummgt.com/portfolio/				Medium	Recall-first	https://explore.overturemaps.org/#id=4ae68051-6fac-48c5-9bf0-3b581e9ce7f2	Public Overture site+email; zero-HTTP V6 cheap-screen. Final MASTER dedupe/QA required.				overture:4ae68051-6fac-48c5-9bf0-3b581e9ce7f2	spectrummgt.com	18585698799	spectrum property management	San Diego	USA	MEDIUM	domain:spectrummgt.com
	A	91	Torrance	USA	South Bay Property Management & Sales		property_management	3855 Pacific Coast Hwy	+13105618883								overture:a72e602a-2368-4345-8fbe-acf542ea0b08	2026-08-15T00:53:59.669877Z		Canonical queue drain | fit A | GitHub MASTER dedupe passed	http://www.SouthBay-PropertyManagement.com/	tim@southbay-propertymanagement.com	http://www.southbay-propertymanagement.com/contact/		https://www.facebook.com/SouthBayPropertyMgmt/						High	Verified	https://explore.overturemaps.org/#id=a72e602a-2368-4345-8fbe-acf542ea0b08	Public Overture site+email; zero-HTTP V6 cheap-screen. Final MASTER dedupe/QA required.				overture:a72e602a-2368-4345-8fbe-acf542ea0b08	southbay-propertymanagement.com	13105618883	south bay property management sales	Torrance	USA	HIGH	domain:southbay-propertymanagement.com
	A	91	Whittier	USA	Sidekick Property Management		property_management	13545 Placid Dr	+18882228125								overture:ac52d35e-42e4-4e7a-b8b0-67e1dee2811e	2026-08-15T00:53:59.669877Z		Canonical queue drain | fit A | GitHub MASTER dedupe passed	https://sidekickpropertymanagement.com/	rent@sidekickpropertymanagement.com	https://sidekickpropertymanagement.com/about/		https://www.facebook.com/sidekickpropertymanagement/						High	Verified	https://explore.overturemaps.org/#id=ac52d35e-42e4-4e7a-b8b0-67e1dee2811e	Public Overture site+email; zero-HTTP V6 cheap-screen. Final MASTER dedupe/QA required.				overture:ac52d35e-42e4-4e7a-b8b0-67e1dee2811e	sidekickpropertymanagement.com	18882228125	sidekick property management	Whittier	USA	HIGH	domain:sidekickpropertymanagement.com
	A	91	Riverside	USA	Real Property Management Integrity		property_management	4037 Merrill Ave	+19515301600								overture:73328571-1d35-498e-97dd-d299bf691ea3	2026-08-15T00:53:59.669877Z		Canonical queue drain | fit A | GitHub MASTER dedupe passed	https://www.rpmintegrity.com/?cid=LSTL_RPM000183	rpmintegrity@gmail.com	https://www.rpmintegrity.com/about-us		https://www.facebook.com/rpmintegrity/						High	Verified	https://explore.overturemaps.org/#id=73328571-1d35-498e-97dd-d299bf691ea3	Public Overture site+email; zero-HTTP V6 cheap-screen. Final MASTER dedupe/QA required.				overture:73328571-1d35-498e-97dd-d299bf691ea3	rpmintegrity.com	19515301600	real property management integrity	Riverside	USA	HIGH	domain:rpmintegrity.com
	A	91	San Antonio	USA	Real Property Management First Class		property_management	1846 N Loop 1604 W	+12104442070								overture:9325c9eb-00d2-4d51-8ee4-445c6a3de49e	2026-08-15T00:53:59.669877Z		Canonical queue drain | fit A | GitHub MASTER dedupe passed	https://www.rpmfirstclass.com/?cid=LSTL_RPM000183	alice@rpmfirstclass.com	https://www.rpmfirstclass.com/about-us		https://www.facebook.com/RPMfirstclass/						High	Verified	https://explore.overturemaps.org/#id=9325c9eb-00d2-4d51-8ee4-445c6a3de49e	Public Overture site+email; zero-HTTP V6 cheap-screen. Final MASTER dedupe/QA required.				overture:9325c9eb-00d2-4d51-8ee4-445c6a3de49e	rpmfirstclass.com	12104442070	real property management first class	San Antonio	USA	HIGH	domain:rpmfirstclass.com
	A	91	Oceanside	USA	Star Property Management		property_management	711 Pier View Way	+17603104800								overture:17df0331-c6c0-43e6-bf54-3d54ea330755	2026-08-15T00:53:59.669877Z		Canonical queue drain | fit A | GitHub MASTER dedupe passed	http://www.rentalapartments.com/	star.prop.mgmnt@gmail.com	https://www.rentalapartments.com/about-us				https://www.rentalapartments.com/feed/atom				High	Verified	https://explore.overturemaps.org/#id=17df0331-c6c0-43e6-bf54-3d54ea330755	Public Overture site+email; zero-HTTP V6 cheap-screen. Final MASTER dedupe/QA required.				overture:17df0331-c6c0-43e6-bf54-3d54ea330755	rentalapartments.com	17603104800	star property management	Oceanside	USA	HIGH	domain:rentalapartments.com
	A	91	Orange	USA	Preferred Property Management		property_management	3111 N Tustin St	+19498646982								overture:7abdbfb8-9359-41fe-90fa-d79096887628	2026-08-15T00:53:59.669877Z		Canonical queue drain | fit A | GitHub MASTER dedupe passed	http://www.preferredmanager.com/	preferredmanager@gmail.com	https://www.preferredmanager.com/contact-us		https://www.facebook.com/preferredmanager/						High	Verified	https://explore.overturemaps.org/#id=7abdbfb8-9359-41fe-90fa-d79096887628	Public Overture site+email; zero-HTTP V6 cheap-screen. Final MASTER dedupe/QA required.				overture:7abdbfb8-9359-41fe-90fa-d79096887628	preferredmanager.com	19498646982	preferred property management	Orange	USA	HIGH	domain:preferredmanager.com
	A	91	San Antonio	USA	Property Management Services of Texas		property_management	1747 Citadel Plz	+12106626000								overture:ebf866ba-cd83-42e9-97d8-fba8eb22c6e2	2026-08-15T00:53:59.669877Z		Canonical queue drain | fit A | GitHub MASTER dedupe passed	http://pmstx.com/	martyhutchison@yahoo.com	http://www.pmstx.com/about				http://www.pmstx.com/san-antonio-homes-for-rent				High	Verified	https://explore.overturemaps.org/#id=ebf866ba-cd83-42e9-97d8-fba8eb22c6e2	Public Overture site+email; zero-HTTP V6 cheap-screen. Final MASTER dedupe/QA required.				overture:ebf866ba-cd83-42e9-97d8-fba8eb22c6e2	pmstx.com	12106626000	property management services of texas	San Antonio	USA	HIGH	domain:pmstx.com
	A	91	Kyle	USA	Platinum Peak Property Management		property_management	5141 Cromwell Dr	+15125229818								overture:0675b18b-9370-41b1-b4c6-12251932c727	2026-08-15T00:53:59.669877Z		Canonical queue drain | fit A | GitHub MASTER dedupe passed	http://platinumpeakpropertymanagement.com/	dylanhelta@gmail.com	https://www.platinumpeakpropertymanagement.com/about				https://www.platinumpeakpropertymanagement.com/kyle-homes-for-rent				High	Verified	https://explore.overturemaps.org/#id=0675b18b-9370-41b1-b4c6-12251932c727	Public Overture site+email; zero-HTTP V6 cheap-screen. Final MASTER dedupe/QA required.				overture:0675b18b-9370-41b1-b4c6-12251932c727	platinumpeakpropertymanagement.com	15125229818	platinum peak property management	Kyle	USA	HIGH	domain:platinumpeakpropertymanagement.com
	A	91	Surrey	Canada	Picket Fence Property Management Group		property_management	15272 Croydon Dr	+16048253797								overture:b6e002da-7fdc-4a27-bb5d-8376e6acd659	2026-08-15T00:53:59.669877Z		Canonical queue drain | fit A | GitHub MASTER dedupe passed	http://www.picketfencepmg.com/	admin@picketfencepmg.com		https://www.instagram.com/picketfencepmg/	https://www.facebook.com/cindyhamelpropertymanager/						High	Verified	https://explore.overturemaps.org/#id=b6e002da-7fdc-4a27-bb5d-8376e6acd659; https://www.picketfencepmg.com/	Public Overture site+email; zero-HTTP V6 cheap-screen. Final MASTER dedupe/QA required.				overture:b6e002da-7fdc-4a27-bb5d-8376e6acd659	picketfencepmg.com	16048253797	picket fence property management group	Surrey	Canada	HIGH	domain:picketfencepmg.com
	A	91	Surrey	Canada	Obsidian Property Management		property_management	7327 137 St	+16047573151								overture:8db07364-1064-4f21-9e51-f581da2266b0	2026-08-15T00:53:59.669877Z		Canonical queue drain | fit A | GitHub MASTER dedupe passed	http://opml.ca/	seanm@opml.ca	https://www.opml.ca/about-us		https://www.facebook.com/Obsidian.Property.Management.Ltd/						High	Verified	https://explore.overturemaps.org/#id=8db07364-1064-4f21-9e51-f581da2266b0	Public Overture site+email; zero-HTTP V6 cheap-screen. Final MASTER dedupe/QA required.				overture:8db07364-1064-4f21-9e51-f581da2266b0	opml.ca	16047573151	obsidian property management	Surrey	Canada	HIGH	domain:opml.ca
	A	91	Saanich	Canada	Oakwood Property Management		property_management	1095 McKenzie Ave	+12507044391								overture:3e65d5ae-be83-4ed1-a070-ff3e7d2d7032	2026-08-15T00:53:59.669877Z		Canonical queue drain | fit A | GitHub MASTER dedupe passed	http://oakwoodproperties.ca	lisa@oakwoodproperties.ca	https://www.oakwoodproperties.ca/contact-oakwood-property-management/				https://www.oakwoodproperties.ca/feed/				High	Verified	https://explore.overturemaps.org/#id=3e65d5ae-be83-4ed1-a070-ff3e7d2d7032	Public Overture site+email; zero-HTTP V6 cheap-screen. Final MASTER dedupe/QA required.				overture:3e65d5ae-be83-4ed1-a070-ff3e7d2d7032	oakwoodproperties.ca	12507044391	oakwood property management	Saanich	Canada	HIGH	domain:oakwoodproperties.ca
	A	91	Leander	USA	Noble Lake House Vacation Rental, Event & Wedding Venue		holiday_rental_home	9907 Trails End Rd									overture:f0a1dcdd-7e53-4fee-998c-0fe5ed673e7e	2026-08-15T00:53:59.669877Z		Canonical queue drain | fit A | GitHub MASTER dedupe passed	https://www.noblelakehouse.com/	info@noblelakehouse.com	https://noblelakehouse.com/en/contact	https://www.instagram.com/noblelakehouse/	https://www.facebook.com/noblelakehouse/						High	Verified	https://explore.overturemaps.org/#id=f0a1dcdd-7e53-4fee-998c-0fe5ed673e7e; https://noblelakehouse.com/	Public Overture site+email; zero-HTTP V6 cheap-screen. Final MASTER dedupe/QA required.				overture:f0a1dcdd-7e53-4fee-998c-0fe5ed673e7e	noblelakehouse.com		noble lake house vacation rental event wedding venue	Leander	USA	HIGH	domain:noblelakehouse.com
	A	91	Richmond	Canada	Noble & Associates Property Management		property_management	13988 Maycrest Way	+16042641001								overture:fc358903-7689-40b0-90f1-36660052991e	2026-08-15T00:53:59.669877Z		Canonical queue drain | fit A | GitHub MASTER dedupe passed	http://www.NobleHomes.ca/	info@noblehomes.ca	https://www.noblehomes.ca/en/contact-noble				https://www.noblehomes.ca/en/				High	Verified	https://explore.overturemaps.org/#id=fc358903-7689-40b0-90f1-36660052991e	Public Overture site+email; zero-HTTP V6 cheap-screen. Final MASTER dedupe/QA required.				overture:fc358903-7689-40b0-90f1-36660052991e	noblehomes.ca	16042641001	noble associates property management	Richmond	Canada	HIGH	domain:noblehomes.ca
	A	91	Marina del Rey	USA	Nick's Beach Rentals		holiday_rental_home	333 Washington Blvd	+14242742333								overture:1e072909-b0e4-40d7-98d2-5ec6853c449b	2026-08-15T00:53:59.669877Z		Canonical queue drain | fit A | GitHub MASTER dedupe passed	http://nicksbeachrentals.com/	contact@nicksbeachrentals.com	https://nicksbeachrentals.com/about/				https://nicksbeachrentals.com/wp-content/plugins/booking-manager/css/client.css?ver=2.1.9				High	Verified	https://explore.overturemaps.org/#id=1e072909-b0e4-40d7-98d2-5ec6853c449b	Public Overture site+email; zero-HTTP V6 cheap-screen. Final MASTER dedupe/QA required.				overture:1e072909-b0e4-40d7-98d2-5ec6853c449b	nicksbeachrentals.com	14242742333	nick s beach rentals	Marina del Rey	USA	HIGH	domain:nicksbeachrentals.com
	A	91	Riverside	USA	Mission Property Management and Sales		property_management	6956 Indiana Ave	+19512767193								overture:da862091-85c5-4ef6-be7f-70b5267e4da5	2026-08-15T00:53:59.669877Z		Canonical queue drain | fit A | GitHub MASTER dedupe passed	http://www.missionpropertymanagement.com/	misspropwebsite@gmail.com	https://www.missionpropertymanagement.com/about		https://www.facebook.com/pages/Mission-Property-Management-Sales-Inc/154382077911592/						High	Verified	https://explore.overturemaps.org/#id=da862091-85c5-4ef6-be7f-70b5267e4da5	Public Overture site+email; zero-HTTP V6 cheap-screen. Final MASTER dedupe/QA required.				overture:da862091-85c5-4ef6-be7f-70b5267e4da5	missionpropertymanagement.com	19512767193	mission property management and sales	Riverside	USA	HIGH	domain:missionpropertymanagement.com
	A	91	Merritt	Canada	Merritt Property Management Ltd.		property_management	2840 Voght St	+12503150000								overture:4f5bf3a6-b672-430a-b21d-6f49b1c7ad6a	2026-08-15T00:53:59.669877Z		Canonical queue drain | fit A | GitHub MASTER dedupe passed	http://merrittpropertymanagement.ca/	merrittpropmgmt@outlook.com	https://www.merrittpropertymanagement.ca/contact-us		https://www.facebook.com/propertymanagementmerritt/						High	Verified	https://explore.overturemaps.org/#id=4f5bf3a6-b672-430a-b21d-6f49b1c7ad6a	Public Overture site+email; zero-HTTP V6 cheap-screen. Final MASTER dedupe/QA required.				overture:4f5bf3a6-b672-430a-b21d-6f49b1c7ad6a	merrittpropertymanagement.ca	12503150000	merritt property management ltd	Merritt	Canada	HIGH	domain:merrittpropertymanagement.ca
	A	91	Santa Ana	USA	Meridian Property Management		property_management	611 W 17th St	+17148361968								overture:336c2108-cfd4-423b-b3cb-26148b31aeae	2026-08-15T00:53:59.669877Z		Canonical queue drain | fit A | GitHub MASTER dedupe passed	http://www.meridianprop.com/	meridianprop@gmail.com	https://www.meridianprop.com/about				https://www.meridianprop.com/homes-for-sale				High	Verified	https://explore.overturemaps.org/#id=336c2108-cfd4-423b-b3cb-26148b31aeae	Public Overture site+email; zero-HTTP V6 cheap-screen. Final MASTER dedupe/QA required.				overture:336c2108-cfd4-423b-b3cb-26148b31aeae	meridianprop.com	17148361968	meridian property management	Santa Ana	USA	HIGH	domain:meridianprop.com
	A	91	Inglewood	USA	Twenty-Four Seven Property Management		property_management	111 N La Brea Ave	+14242414101								overture:c86a58b1-798b-4f7c-b302-26d0e8ead832	2026-08-15T00:53:59.669877Z		Canonical queue drain | fit A | GitHub MASTER dedupe passed	https://managedby247.com/	managedby247@gmail.com	https://managedby247.com/247-property-management-contact/		https://www.facebook.com/managedby247/						High	Verified	https://explore.overturemaps.org/#id=c86a58b1-798b-4f7c-b302-26d0e8ead832	Public Overture site+email; zero-HTTP V6 cheap-screen. Final MASTER dedupe/QA required.				overture:c86a58b1-798b-4f7c-b302-26d0e8ead832	managedby247.com	14242414101	twenty four seven property management	Inglewood	USA	HIGH	domain:managedby247.com
	A	91	Vista	USA	Legacy West Property Management		property_management	2347 Via Subria	+17608072180								overture:ce082fb9-bde9-4975-a50d-0387c741808b	2026-08-15T00:53:59.669877Z		Canonical queue drain | fit A | GitHub MASTER dedupe passed	http://www.legacywestpm.com/	info@legacywestpm.com	https://legacywestpm.com/about/		https://www.facebook.com/LegacyWestPropertyManagement/						High	Verified	https://explore.overturemaps.org/#id=ce082fb9-bde9-4975-a50d-0387c741808b	Public Overture site+email; zero-HTTP V6 cheap-screen. Final MASTER dedupe/QA required.				overture:ce082fb9-bde9-4975-a50d-0387c741808b	legacywestpm.com	17608072180	legacy west property management	Vista	USA	HIGH	domain:legacywestpm.com
	A	91	Corona	USA	Landmark Property Management		property_management	1307 W 6th St	+19513716700								overture:231d1149-1418-4337-9b52-9c17140388cb	2026-08-15T00:53:59.669877Z		Canonical queue drain | fit A | GitHub MASTER dedupe passed	http://www.landmarkcalifornia.com	putniconline@gmail.com	http://www.landmarkcalifornia.com/about.html				http://www.landmarkcalifornia.com/rentals.html				High	Verified	https://explore.overturemaps.org/#id=231d1149-1418-4337-9b52-9c17140388cb	Public Overture site+email; zero-HTTP V6 cheap-screen. Final MASTER dedupe/QA required.				overture:231d1149-1418-4337-9b52-9c17140388cb	landmarkcalifornia.com	19513716700	landmark property management	Corona	USA	HIGH	domain:landmarkcalifornia.com
	A	91	Lake Havasu City	USA	Lake Havasu Property Management		property_management	1690 McCulloch Blvd N	+19288547210								overture:4934346f-e0ae-4650-a43b-822678c4ae75	2026-08-15T00:53:59.669877Z		Canonical queue drain | fit A | GitHub MASTER dedupe passed	http://LakeHavasuPropertyManagement.com/	frontdesklhcproperties@gmail.com		https://www.instagram.com/lakehavasucityproperties/	https://www.facebook.com/274773719305381/						High	Verified	https://explore.overturemaps.org/#id=4934346f-e0ae-4650-a43b-822678c4ae75; https://lakehavasupropertymanagement.com/	Public Overture site+email; zero-HTTP V6 cheap-screen. Final MASTER dedupe/QA required.				overture:4934346f-e0ae-4650-a43b-822678c4ae75	lakehavasupropertymanagement.com	19288547210	lake havasu property management	Lake Havasu City	USA	HIGH	domain:lakehavasupropertymanagement.com
	A	91	Horseshoe Bay	USA	Kelly Property Management Co.		property_management	7405 W FM 2147	+18306139341								overture:086ff328-76d2-4c7e-b65b-16f2d135b4a0	2026-08-15T00:53:59.669877Z		Canonical queue drain | fit A | GitHub MASTER dedupe passed	http://www.kellyrealtyteam.com/	info@kellyrealtyteam.com	https://www.kellyrealtyteam.com/contact-us	https://www.instagram.com/kelly_realty_team/							Medium	Recall-first	https://explore.overturemaps.org/#id=086ff328-76d2-4c7e-b65b-16f2d135b4a0; https://www.kellyrealtyteam.com/	Public Overture site+email; zero-HTTP V6 cheap-screen. Final MASTER dedupe/QA required.				overture:086ff328-76d2-4c7e-b65b-16f2d135b4a0	kellyrealtyteam.com	18306139341	kelly property management co	Horseshoe Bay	USA	MEDIUM	domain:kellyrealtyteam.com
	A	91	Oceanside	USA	Investors Property Management Group		property_management	2181 S El Camino Real	+17609674764								overture:ec034cb9-d6c2-47df-9167-48ee60011b51	2026-08-15T00:53:59.669877Z		Canonical queue drain | fit A | GitHub MASTER dedupe passed	http://www.ipmgsd.com/	labramson@ipmgsd.com	https://www.ipmgsd.com/new-owner-inquiries				https://www.ipmgsd.com/draft--commercial-properties				High	Verified	https://explore.overturemaps.org/#id=ec034cb9-d6c2-47df-9167-48ee60011b51	Public Overture site+email; zero-HTTP V6 cheap-screen. Final MASTER dedupe/QA required.				overture:ec034cb9-d6c2-47df-9167-48ee60011b51	ipmgsd.com	17609674764	investors property management group	Oceanside	USA	HIGH	domain:ipmgsd.com
	A	91	San Marcos	USA	Investors Property Management		property_management	330 Wonder World Dr	+15123533159								overture:d1fd84a9-3b6b-4032-8d4c-f977216df16f	2026-08-15T00:53:59.669877Z		Canonical queue drain | fit A | GitHub MASTER dedupe passed	http://InvestorsPropertyManagement.com/	ipm@investorspropertymanagement.com	https://www.investorspropertymanagement.com/about-us		https://www.facebook.com/IPMSanMarcos/						High	Verified	https://explore.overturemaps.org/#id=d1fd84a9-3b6b-4032-8d4c-f977216df16f	Public Overture site+email; zero-HTTP V6 cheap-screen. Final MASTER dedupe/QA required.				overture:d1fd84a9-3b6b-4032-8d4c-f977216df16f	investorspropertymanagement.com	15123533159	investors property management	San Marcos	USA	HIGH	domain:investorspropertymanagement.com
	A	91	La Mesa	USA	HS Property Management		property_management	8030 La Mesa Blvd	+16197963359								overture:82267883-6024-4285-bd79-0729529a03d1	2026-08-15T00:53:59.669877Z		Canonical queue drain | fit A | GitHub MASTER dedupe passed	http://www.HSPropMGT.com/	info@hspropmgt.com	https://hspropmgt.com/about-us/		https://www.facebook.com/HSpropMgt/						High	Verified	https://explore.overturemaps.org/#id=82267883-6024-4285-bd79-0729529a03d1	Public Overture site+email; zero-HTTP V6 cheap-screen. Final MASTER dedupe/QA required.				overture:82267883-6024-4285-bd79-0729529a03d1	hspropmgt.com	16197963359	hs property management	La Mesa	USA	HIGH	domain:hspropmgt.com
	A	91	Vancouver	Canada	HostGenius Vancouver Property Management		property_management	318 Homer St	+16043985232								overture:a787f250-4215-41d2-93bf-905bec57acb9	2026-08-15T00:53:59.669877Z		Canonical queue drain | fit A | GitHub MASTER dedupe passed	https://www.hostgenius.ca/	living@hostgenius.ca	https://www.hostgenius.ca/about-us	https://www.instagram.com/hostgeniuspm/							High	Verified	https://explore.overturemaps.org/#id=a787f250-4215-41d2-93bf-905bec57acb9; https://www.hostgenius.ca/	Public Overture site+email; zero-HTTP V6 cheap-screen. Final MASTER dedupe/QA required.				overture:a787f250-4215-41d2-93bf-905bec57acb9	hostgenius.ca	16043985232	hostgenius vancouver property management	Vancouver	Canada	HIGH	domain:hostgenius.ca
	A	91	Arcadia	USA	Gold Star Property Management		property_management	33 E Huntington Dr	+16264085164								overture:33ffea96-aaa4-46fa-9b08-33916092e657	2026-08-15T00:53:59.669877Z		Canonical queue drain | fit A | GitHub MASTER dedupe passed	http://goldstarmgmtllc.com/	goldstarmgmtllc@gmail.com	http://goldstarmgmtllc.com/index.php/contact-us/		https://www.facebook.com/Gold-Star-Property-Management-347977202331465/						High	Verified	https://explore.overturemaps.org/#id=33ffea96-aaa4-46fa-9b08-33916092e657	Public Overture site+email; zero-HTTP V6 cheap-screen. Final MASTER dedupe/QA required.				overture:33ffea96-aaa4-46fa-9b08-33916092e657	goldstarmgmtllc.com	16264085164	gold star property management	Arcadia	USA	HIGH	domain:goldstarmgmtllc.com
	A	91	Costa Mesa	USA	Genuine Property Management		property_management	1922 Placentia Ave	+19492099494								overture:142779fa-e93f-4baf-b30a-3ae407bc2500	2026-08-15T00:53:59.669877Z		Canonical queue drain | fit A | GitHub MASTER dedupe passed	https://www.genuinemanaged.com/	care@genuinemanaged.com	https://genuinemanaged.com/about-us/				https://genuinemanaged.com/villa-park-property-management/				High	Verified	https://explore.overturemaps.org/#id=142779fa-e93f-4baf-b30a-3ae407bc2500	Public Overture site+email; zero-HTTP V6 cheap-screen. Final MASTER dedupe/QA required.				overture:142779fa-e93f-4baf-b30a-3ae407bc2500	genuinemanaged.com	19492099494	genuine property management	Costa Mesa	USA	HIGH	domain:genuinemanaged.com
	A	91	Copperas Cove	USA	JR Rentals And Property Management		property_management	1450 Parnell St	+12545479994								overture:fa5f339f-99df-4228-86e2-19ca61f913a5	2026-08-15T00:53:59.669877Z		Canonical queue drain | fit A | GitHub MASTER dedupe passed	http://forthoodrentalproperties.com/	info@forthoodrentalproperties.com	https://forthoodrentalproperties.com/contact-us				https://forthoodrentalproperties.com/owner-services-from-jr-rentals-and-property-management				High	Verified	https://explore.overturemaps.org/#id=fa5f339f-99df-4228-86e2-19ca61f913a5	Public Overture site+email; zero-HTTP V6 cheap-screen. Final MASTER dedupe/QA required.				overture:fa5f339f-99df-4228-86e2-19ca61f913a5	forthoodrentalproperties.com	12545479994	jr rentals and property management	Copperas Cove	USA	HIGH	domain:forthoodrentalproperties.com
	A	91	Irvine	USA	First Response Property Management		property_management	16450 Bake Pkwy	+17145593422								overture:ee0cb327-f8d8-4891-adf8-46af814597fd	2026-08-15T00:53:59.669877Z		Canonical queue drain | fit A | GitHub MASTER dedupe passed	http://firstresponsepm.com/	info@firstresponsepm.com	https://www.firstresponsepm.com/about		https://www.facebook.com/peterhandm/						High	Verified	https://explore.overturemaps.org/#id=ee0cb327-f8d8-4891-adf8-46af814597fd	Public Overture site+email; zero-HTTP V6 cheap-screen. Final MASTER dedupe/QA required.				overture:ee0cb327-f8d8-4891-adf8-46af814597fd	firstresponsepm.com	17145593422	first response property management	Irvine	USA	HIGH	domain:firstresponsepm.com
	A	91	Manhattan Beach	USA	First Light Property Management		property_management	1001 Manhattan Beach Blvd	+18887737573								overture:b6167dff-20ec-4de8-87bf-bd1215548bbf	2026-08-15T00:53:59.669877Z		Canonical queue drain | fit A | GitHub MASTER dedupe passed	http://firstlightpropertymanagement.com/	info@firstlightpropertymanagement.com	https://firstlightpropertymanagement.com/about-us/		https://www.facebook.com/firstlightpropertymanagement/						High	Verified	https://explore.overturemaps.org/#id=b6167dff-20ec-4de8-87bf-bd1215548bbf	Public Overture site+email; zero-HTTP V6 cheap-screen. Final MASTER dedupe/QA required.				overture:b6167dff-20ec-4de8-87bf-bd1215548bbf	firstlightpropertymanagement.com	18887737573	first light property management	Manhattan Beach	USA	HIGH	domain:firstlightpropertymanagement.com
	A	91	La Mesa	USA	Essential Property Management		property_management	8504 La Mesa Blvd	+18589010198								overture:b553bba4-c5fb-46a0-9612-db64ea4a2159	2026-08-15T00:53:59.669877Z		Canonical queue drain | fit A | GitHub MASTER dedupe passed	http://www.essentialpropmanagement.com/	essentialpropmangagement@gmail.com	https://www.essentialpropmanagement.com/about				https://www.essentialpropmanagement.com/san-diego-homes-for-rent				High	Verified	https://explore.overturemaps.org/#id=b553bba4-c5fb-46a0-9612-db64ea4a2159	Public Overture site+email; zero-HTTP V6 cheap-screen. Final MASTER dedupe/QA required.				overture:b553bba4-c5fb-46a0-9612-db64ea4a2159	essentialpropmanagement.com	18589010198	essential property management	La Mesa	USA	HIGH	domain:essentialpropmanagement.com
	A	91	Norwalk	USA	El Camino Property Management Services		property_management	12749 Norwalk Blvd	+15622673236								overture:fd709806-f0ad-40cf-93cb-6d3fbcfce5a0	2026-08-15T00:53:59.669877Z		Canonical queue drain | fit A | GitHub MASTER dedupe passed	http://www.elcaminopm.com/	josue@elcaminopm.com	https://elcaminopm.com/about-us/		https://www.facebook.com/elcaminopm/						High	Verified	https://explore.overturemaps.org/#id=fd709806-f0ad-40cf-93cb-6d3fbcfce5a0	Public Overture site+email; zero-HTTP V6 cheap-screen. Final MASTER dedupe/QA required.				overture:fd709806-f0ad-40cf-93cb-6d3fbcfce5a0	elcaminopm.com	15622673236	el camino property management services	Norwalk	USA	HIGH	domain:elcaminopm.com
	A	91	Loma Linda	USA	East Valley Property Management		property_management	24556 Redlands Blvd	+19094787725								overture:fd685620-3d03-4702-b421-91504a766f4d	2026-08-15T00:53:59.669877Z		Canonical queue drain | fit A | GitHub MASTER dedupe passed	http://www.eastvalleypropertymanagement.com/	eastvalleyrentalsgeneralinfo@gmail.com	https://www.eastvalleypropertymanagement.com/about-us		https://www.facebook.com/EastValleyRentals.net/						High	Verified	https://explore.overturemaps.org/#id=fd685620-3d03-4702-b421-91504a766f4d	Public Overture site+email; zero-HTTP V6 cheap-screen. Final MASTER dedupe/QA required.				overture:fd685620-3d03-4702-b421-91504a766f4d	eastvalleypropertymanagement.com	19094787725	east valley property management	Loma Linda	USA	HIGH	domain:eastvalleypropertymanagement.com
	A	91	Anaheim	USA	Consensys Property Management		property_management	1380 S Anaheim Blvd	+17147724400								overture:8737818f-5c4a-4ae9-939c-1798ed3a1b42	2026-08-15T00:53:59.669877Z		Canonical queue drain | fit A | GitHub MASTER dedupe passed	http://www.consensyspm.com/	info@consensyspm.com	https://consensyspm.com/about-us/				https://consensyspm.com/properties/				High	Verified	https://explore.overturemaps.org/#id=8737818f-5c4a-4ae9-939c-1798ed3a1b42	Public Overture site+email; zero-HTTP V6 cheap-screen. Final MASTER dedupe/QA required.				overture:8737818f-5c4a-4ae9-939c-1798ed3a1b42	consensyspm.com	17147724400	consensys property management	Anaheim	USA	HIGH	domain:consensyspm.com
	A	91	Kamloops	Canada	Columbia Property Management		property_management	388 1st Ave	+12508519310								overture:8f0e86fb-36bd-48aa-8c72-bdfd5a35a22f	2026-08-15T00:53:59.669877Z		Canonical queue drain | fit A | GitHub MASTER dedupe passed	http://www.columbiaproperty.ca/	info@columbiaproperty.ca	https://columbiaproperty.ca/contact-us/		https://www.facebook.com/columbiaproperty/						High	Verified	https://explore.overturemaps.org/#id=8f0e86fb-36bd-48aa-8c72-bdfd5a35a22f	Public Overture site+email; zero-HTTP V6 cheap-screen. Final MASTER dedupe/QA required.				overture:8f0e86fb-36bd-48aa-8c72-bdfd5a35a22f	columbiaproperty.ca	12508519310	columbia property management	Kamloops	Canada	HIGH	domain:columbiaproperty.ca
	A	91	Long Beach	USA	Coastal Cities Property Management		property_management	5150 E Pacific Coast Hwy	+15622422452								overture:c3465d48-b965-4a77-bde7-b743bcd32a06	2026-08-15T00:53:59.669877Z		Canonical queue drain | fit A | GitHub MASTER dedupe passed	https://coastalcities.com/	admin@coastalcities.com	https://www.coastalcities.com/about/		https://www.facebook.com/CoastalCitiesPropertyManagement/						High	Verified	https://explore.overturemaps.org/#id=c3465d48-b965-4a77-bde7-b743bcd32a06	Public Overture site+email; zero-HTTP V6 cheap-screen. Final MASTER dedupe/QA required.				overture:c3465d48-b965-4a77-bde7-b743bcd32a06	coastalcities.com	15622422452	coastal cities property management	Long Beach	USA	HIGH	domain:coastalcities.com
	A	91	Orange	USA	Cardinal Property Management		property_management	3111 N Tustin St	+17147791300								overture:70084928-1b3b-4bc1-b22c-56f7290d6882	2026-08-15T00:53:59.669877Z		Canonical queue drain | fit A | GitHub MASTER dedupe passed	http://www.cardinal-online.com/	contactus@cardinal-online.com	https://www.cardinal-online.com/about		https://www.facebook.com/Cardinal.Property.Management/						High	Verified	https://explore.overturemaps.org/#id=70084928-1b3b-4bc1-b22c-56f7290d6882	Public Overture site+email; zero-HTTP V6 cheap-screen. Final MASTER dedupe/QA required.				overture:70084928-1b3b-4bc1-b22c-56f7290d6882	cardinal-online.com	17147791300	cardinal property management	Orange	USA	HIGH	domain:cardinal-online.com
	A	91	La Mesa	USA	BlankPage Property Management		property_management	7317 El Cajon Blvd	+18444774700								overture:752a97f0-d15e-4c85-90e2-b7075c309100	2026-08-15T00:53:59.669877Z		Canonical queue drain | fit A | GitHub MASTER dedupe passed	https://www.blankpagesandiego.com/	feedback@blankpagesandiego.com	https://blankpagesandiego.com/about-us/				https://blankpagesandiego.com/properties/				High	Verified	https://explore.overturemaps.org/#id=752a97f0-d15e-4c85-90e2-b7075c309100	Public Overture site+email; zero-HTTP V6 cheap-screen. Final MASTER dedupe/QA required.				overture:752a97f0-d15e-4c85-90e2-b7075c309100	blankpagesandiego.com	18444774700	blankpage property management	La Mesa	USA	HIGH	domain:blankpagesandiego.com
	A	91	Pasadena	USA	Beven & Brock Property Management		property_management	99 S Lake Ave	+16267953282								overture:2885ed9e-9e40-446c-9637-a4526703d0e1	2026-08-15T00:53:59.669877Z		Canonical queue drain | fit A | GitHub MASTER dedupe passed	http://www.bevenandbrock.com/	bevbrorentals@gmail.com	https://www.bevenandbrock.com/about-us/				http://www.bevenandbrock.com/rentalsearch/				High	Verified	https://explore.overturemaps.org/#id=2885ed9e-9e40-446c-9637-a4526703d0e1	Public Overture site+email; zero-HTTP V6 cheap-screen. Final MASTER dedupe/QA required.				overture:2885ed9e-9e40-446c-9637-a4526703d0e1	bevenandbrock.com	16267953282	beven brock property management	Pasadena	USA	HIGH	domain:bevenandbrock.com
	A	91	Long Beach	USA	Berro Property Management		property_management	4047 Long Beach Blvd	+15624323444								overture:6d936893-6f1d-4bc6-b5bc-657bbe84ac49	2026-08-15T00:53:59.669877Z		Canonical queue drain | fit A | GitHub MASTER dedupe passed	https://www.berromgmt.com/	customerservice@berromgmt.com	https://www.berromgmt.com/contact/		https://www.facebook.com/berromanagement/						High	Verified	https://explore.overturemaps.org/#id=6d936893-6f1d-4bc6-b5bc-657bbe84ac49	Public Overture site+email; zero-HTTP V6 cheap-screen. Final MASTER dedupe/QA required.				overture:6d936893-6f1d-4bc6-b5bc-657bbe84ac49	berromgmt.com	15624323444	berro property management	Long Beach	USA	HIGH	domain:berromgmt.com
	A	91	San Antonio	USA	Avid Property Management		property_management	21750 Hardy Oak Blvd	+12102537814								overture:48c975af-7cf0-4e9a-a914-7a281a925037	2026-08-15T00:53:59.669877Z		Canonical queue drain | fit A | GitHub MASTER dedupe passed	https://www.avidtexas.com/	cs@avidtexas.com	https://contact-1.avidtexas.com/				https://www.avidtexas.com/brand-a-z/starbooks.html				Medium	Recall-first	https://explore.overturemaps.org/#id=48c975af-7cf0-4e9a-a914-7a281a925037	Public Overture site+email; zero-HTTP V6 cheap-screen. Final MASTER dedupe/QA required.				overture:48c975af-7cf0-4e9a-a914-7a281a925037	avidtexas.com	12102537814	avid property management	San Antonio	USA	MEDIUM	domain:avidtexas.com
	A	91	Covina	USA	Affordable Property Management		property_management	1272 Center Court Dr	+16269667456								overture:00561e60-55a8-4b4f-b436-cba4aaadc479	2026-08-15T00:53:59.669877Z		Canonical queue drain | fit A | GitHub MASTER dedupe passed	http://www.apmrent.com/	scott@apmrent.com	https://www.apmrent.com/about-us		https://www.facebook.com/pages/Affordable-Property-Management/139054599493519/						High	Verified	https://explore.overturemaps.org/#id=00561e60-55a8-4b4f-b436-cba4aaadc479	Public Overture site+email; zero-HTTP V6 cheap-screen. Final MASTER dedupe/QA required.				overture:00561e60-55a8-4b4f-b436-cba4aaadc479	apmrent.com	16269667456	affordable property management	Covina	USA	HIGH	domain:apmrent.com
	A	91	Torrance	USA	All City Property Management		property_management	23705 Crenshaw Blvd	+14242476575								overture:7d0fc77a-ba09-4f28-ad03-92d2c6c90a65	2026-08-15T00:53:59.669877Z		Canonical queue drain | fit A | GitHub MASTER dedupe passed	http://www.allcitypm.com/	allcitypm310@gmail.com	https://www.allcitypm.com/about-us		https://www.facebook.com/AllCITYPM/						High	Verified	https://explore.overturemaps.org/#id=7d0fc77a-ba09-4f28-ad03-92d2c6c90a65	Public Overture site+email; zero-HTTP V6 cheap-screen. Final MASTER dedupe/QA required.				overture:7d0fc77a-ba09-4f28-ad03-92d2c6c90a65	allcitypm.com	14242476575	all city property management	Torrance	USA	HIGH	domain:allcitypm.com
	A	91	Courtenay	Canada	Advanced Property Management		property_management	532 5th St	+12503382472								overture:430968e3-938b-4f08-bbc1-2146de6cc598	2026-08-15T00:53:59.669877Z		Canonical queue drain | fit A | GitHub MASTER dedupe passed	http://www.advancedpm.ca	info@advancedpm.ca	https://www.advancedpm.ca/contact/				https://www.advancedpm.ca/property-management/search-rentals/				High	Verified	https://explore.overturemaps.org/#id=430968e3-938b-4f08-bbc1-2146de6cc598	Public Overture site+email; zero-HTTP V6 cheap-screen. Final MASTER dedupe/QA required.				overture:430968e3-938b-4f08-bbc1-2146de6cc598	advancedpm.ca	12503382472	advanced property management	Courtenay	Canada	HIGH	domain:advancedpm.ca
	A	91	El Paso	USA	5 Star Property Management		property_management	1218 E Yandell Dr	+19159965775								overture:853866a9-aefe-4872-832e-1258aa734feb	2026-08-15T00:53:59.669877Z		Canonical queue drain | fit A | GitHub MASTER dedupe passed	http://www.5starpropertymanage.com/	info@5starpropertymanage.com	https://5starpropertymanage.com/contact-us/		https://www.facebook.com/5StarPropertyMangement/						High	Verified	https://explore.overturemaps.org/#id=853866a9-aefe-4872-832e-1258aa734feb	Public Overture site+email; zero-HTTP V6 cheap-screen. Final MASTER dedupe/QA required.				overture:853866a9-aefe-4872-832e-1258aa734feb	5starpropertymanage.com	19159965775	5 star property management	El Paso	USA	HIGH	domain:5starpropertymanage.com
	A	91	Englewood	USA	Colorado Real Estate Sales and Property Management		real_estate_agent	8310 S Valley Hwy	+13033090390								overture:0846f446-b405-4bf1-9664-a097f1923504	2026-08-15T00:53:59.669877Z		Canonical queue drain | fit A | GitHub MASTER dedupe passed	http://www.Denver123.com/	rob@denver123.com			https://www.facebook.com/188225091369285/		https://denver123.com/homes-for-sale				High	Verified	https://explore.overturemaps.org/#id=0846f446-b405-4bf1-9664-a097f1923504	Public Overture site+email; zero-HTTP V6 cheap-screen. Final MASTER dedupe/QA required.				overture:0846f446-b405-4bf1-9664-a097f1923504	denver123.com	13033090390	colorado real estate sales and property management	Englewood	USA	HIGH	domain:denver123.com
	A	91	Denver	USA	Urban West Property Management		real_estate_service	3550 W 38th Ave	+17207721107								overture:e9580972-fea1-47ad-bc25-f6e0bafbd61d	2026-08-15T00:53:59.669877Z		Canonical queue drain | fit A | GitHub MASTER dedupe passed	http://www.urbanwestpm.com/	leasing@urbanwestpm.com	https://urbanwestpm.com/contact-us/				https://urbanwestpm.com/available-rentals1/				High	Verified	https://explore.overturemaps.org/#id=e9580972-fea1-47ad-bc25-f6e0bafbd61d	Public Overture site+email; zero-HTTP V6 cheap-screen. Final MASTER dedupe/QA required.				overture:e9580972-fea1-47ad-bc25-f6e0bafbd61d	urbanwestpm.com	17207721107	urban west property management	Denver	USA	HIGH	domain:urbanwestpm.com
	A	91	Poncha Springs	USA	Allen House Vacation Rental		hotel	300 Poncha Ave	+17195393991								overture:4eba015e-a244-4e95-a834-a9996dbf66e3	2026-08-15T00:53:59.669877Z		Canonical queue drain | fit A | GitHub MASTER dedupe passed	http://www.stay2play.biz/	allenhouse@stay2play.biz	https://www.stay2play.biz/contact				https://www.stay2play.biz/book				High	Verified	https://explore.overturemaps.org/#id=4eba015e-a244-4e95-a834-a9996dbf66e3	Public Overture site+email; zero-HTTP V6 cheap-screen. Final MASTER dedupe/QA required.				overture:4eba015e-a244-4e95-a834-a9996dbf66e3	stay2play.biz	17195393991	allen house vacation rental	Poncha Springs	USA	HIGH	domain:stay2play.biz
	A	91	Royal Oak	USA	Silva Property Management		property_management	905 N Stephenson Hwy	+18002996881								overture:23bac0cd-91a8-4922-a80f-c0fd17a25938	2026-08-15T00:53:59.669877Z		Canonical queue drain | fit A | GitHub MASTER dedupe passed	http://www.spmliving.com/	theroe@spmliving.com	https://www.spmliving.com/contact-us		https://www.facebook.com/Silva-Property-Management-394871910660440/						High	Verified	https://explore.overturemaps.org/#id=23bac0cd-91a8-4922-a80f-c0fd17a25938	Public Overture site+email; zero-HTTP V6 cheap-screen. Final MASTER dedupe/QA required.				overture:23bac0cd-91a8-4922-a80f-c0fd17a25938	spmliving.com	18002996881	silva property management	Royal Oak	USA	HIGH	domain:spmliving.com
	A	91	Ravenna	USA	NW Property Management		property_management	263 W Main St	+13302980100								overture:52aafb50-89f8-4392-9658-b6bb93a22069	2026-08-15T00:53:59.669877Z		Canonical queue drain | fit A | GitHub MASTER dedupe passed	https://nwpropertymgmt.com/	vickimodernmgmt@gmail.com	https://nwpropertymgmt.com/about-us/				https://nwpropertymgmt.com/properties/				High	Verified	https://explore.overturemaps.org/#id=52aafb50-89f8-4392-9658-b6bb93a22069	Public Overture site+email; zero-HTTP V6 cheap-screen. Final MASTER dedupe/QA required.				overture:52aafb50-89f8-4392-9658-b6bb93a22069	nwpropertymgmt.com	13302980100	nw property management	Ravenna	USA	HIGH	domain:nwpropertymgmt.com
	A	91	St George	USA	Redhawk Luxury Rentals		holiday_rental_home	2409 E Dinosaur Crossing Dr	+14352229533								overture:b2ba8e1a-239e-4f3f-9c8f-88bf20079fef	2026-08-15T00:53:59.669877Z		Canonical queue drain | fit A | GitHub MASTER dedupe passed	https://www.live-redhawk.com/	info@live-redhawk.com	https://www.live-redhawk.com/apartments/ut/st-george/contact-us				https://www.live-redhawk.com/apartments/ut/st-george/amenities				High	Verified	https://explore.overturemaps.org/#id=b2ba8e1a-239e-4f3f-9c8f-88bf20079fef	Public Overture site+email; zero-HTTP V6 cheap-screen. Final MASTER dedupe/QA required.				overture:b2ba8e1a-239e-4f3f-9c8f-88bf20079fef	live-redhawk.com	14352229533	redhawk luxury rentals	St George	USA	HIGH	domain:live-redhawk.com
	A	91	Grand Junction	USA	Heritage Property Management		real_estate_agent	2650 North Ave Unit 116	(970) 243-3186								overture:d5fbb5df-fdbb-4d55-9ffe-253bf7de2745	2026-08-15T00:53:59.669877Z		Canonical queue drain | fit A | GitHub MASTER dedupe passed	http://www.hpmgj.com	info@hpmgj.com	http://www.hpmgj.com/about.php				http://www.hpmgj.com/rentals.php				High	Verified	https://explore.overturemaps.org/#id=d5fbb5df-fdbb-4d55-9ffe-253bf7de2745	Public Overture site+email; zero-HTTP V6 cheap-screen. Final MASTER dedupe/QA required.				overture:d5fbb5df-fdbb-4d55-9ffe-253bf7de2745	hpmgj.com	9702433186	heritage property management	Grand Junction	USA	HIGH	domain:hpmgj.com
	A	91	Clarkston	USA	Home Team Metro Property Management		real_estate_service	8040 Ortonville Rd	+12485646885								overture:4ff18253-5fb4-42ee-82d7-0895e0bdff34	2026-08-15T00:53:59.669877Z		Canonical queue drain | fit A | GitHub MASTER dedupe passed	http://hometeammetro.com/	info@hometeammetro.com	https://hometeammetro.com/about/		https://www.facebook.com/people/Home-Team-Metro-Property-Management/100091754305672/						High	Verified	https://explore.overturemaps.org/#id=4ff18253-5fb4-42ee-82d7-0895e0bdff34	Public Overture site+email; zero-HTTP V6 cheap-screen. Final MASTER dedupe/QA required.				overture:4ff18253-5fb4-42ee-82d7-0895e0bdff34	hometeammetro.com	12485646885	home team metro property management	Clarkston	USA	HIGH	domain:hometeammetro.com
	A	91	Grand Junction	USA	Grand Junction Property Management & Real Estate		property_management	1025 N 4th St	(970) 241-4130								overture:2f8a8d20-f605-4027-85c6-45c578146bd2	2026-08-15T00:53:59.669877Z		Canonical queue drain | fit A | GitHub MASTER dedupe passed	https://grandjunctionrentals.com	michelle@grandjunctionrentals.com	https://grandjunctionrentals.com/contact-us				https://grandjunctionrentals.com/homes-for-sale-from-grand-junction-property-management-in-colorado				High	Verified	https://explore.overturemaps.org/#id=2f8a8d20-f605-4027-85c6-45c578146bd2	Public Overture site+email; zero-HTTP V6 cheap-screen. Final MASTER dedupe/QA required.				overture:2f8a8d20-f605-4027-85c6-45c578146bd2	grandjunctionrentals.com	9702414130	grand junction property management real estate	Grand Junction	USA	HIGH	domain:grandjunctionrentals.com
	A	91	Clinton Twp	USA	Green Acres Property Management, LLC		real_estate_agent	36232 Garfield Rd	+15868998886								overture:17a08a5e-d8f0-4e9f-b3ab-fb849dd4d399	2026-08-15T00:53:59.669877Z		Canonical queue drain | fit A | GitHub MASTER dedupe passed	http://www.GA-PM.com/	info@ga-pm.com	https://ga-pm.com/about-us				https://ga-pm.com/m/bookings				High	Verified	https://explore.overturemaps.org/#id=17a08a5e-d8f0-4e9f-b3ab-fb849dd4d399	Public Overture site+email; zero-HTTP V6 cheap-screen. Final MASTER dedupe/QA required.				overture:17a08a5e-d8f0-4e9f-b3ab-fb849dd4d399	ga-pm.com	15868998886	green acres property management llc	Clinton Twp	USA	HIGH	domain:ga-pm.com
	A	91	Commerce City	USA	Cornerstone Real Estate & Property Management LLC		real_estate_agent	17063 E 104th Way	+13038750403								overture:6a2bdd54-5dc3-4268-98d1-58e1e7603a6e	2026-08-15T00:53:59.669877Z		Canonical queue drain | fit A | GitHub MASTER dedupe passed	https://cornerstone-repm.com/	masseysellscolorado@yahoo.com	https://cornerstone-repm.com/about-us				https://cornerstone-repm.com/properties				High	Verified	https://explore.overturemaps.org/#id=6a2bdd54-5dc3-4268-98d1-58e1e7603a6e	Public Overture site+email; zero-HTTP V6 cheap-screen. Final MASTER dedupe/QA required.				overture:6a2bdd54-5dc3-4268-98d1-58e1e7603a6e	cornerstone-repm.com	13038750403	cornerstone real estate property management llc	Commerce City	USA	HIGH	domain:cornerstone-repm.com
	A	91	Fort Collins	USA	Black Bear Real Estate and Property Management		property_management	500 E Vine Dr	+19705569063								overture:92d1f347-a5cb-407f-9fba-1bfacc0224e1	2026-08-15T00:53:59.669877Z		Canonical queue drain | fit A | GitHub MASTER dedupe passed	http://blackbear-re.com/	jackson@blackbear-re.com	https://blackbear-re.com/contact-us		https://www.facebook.com/people/Black-Bear-Real-Estate-and-Property-Management/100089864663554/						High	Verified	https://explore.overturemaps.org/#id=92d1f347-a5cb-407f-9fba-1bfacc0224e1	Public Overture site+email; zero-HTTP V6 cheap-screen. Final MASTER dedupe/QA required.				overture:92d1f347-a5cb-407f-9fba-1bfacc0224e1	blackbear-re.com	19705569063	black bear real estate and property management	Fort Collins	USA	HIGH	domain:blackbear-re.com
	A	91	Phoenix	USA	All in the Family Real Estate and Property Management		property_management	3961 E Chandler Blvd	+14803816252								overture:890458f1-86af-4d02-927f-809929e2b203	2026-08-15T00:53:59.669877Z		Canonical queue drain | fit A | GitHub MASTER dedupe passed	http://allinthefamilyhomes.com/	allinthefamilyhomes@gmail.com			https://www.facebook.com/allinthefamilyhomes/		https://www.allinthefamilyhomes.com/1160784.html				High	Verified	https://explore.overturemaps.org/#id=890458f1-86af-4d02-927f-809929e2b203	Public Overture site+email; zero-HTTP V6 cheap-screen. Final MASTER dedupe/QA required.				overture:890458f1-86af-4d02-927f-809929e2b203	allinthefamilyhomes.com	14803816252	all in the family real estate and property management	Phoenix	USA	HIGH	domain:allinthefamilyhomes.com
	A	91	San Diego	USA	Vertical Horizon Real Estate & Property Management		property_management	300 W Beech St	+16198473100								overture:57c290f3-ffa1-468a-9330-da41798e6dc6	2026-08-15T00:53:59.669877Z		Canonical queue drain | fit A | GitHub MASTER dedupe passed	http://www.verticalhorizonSD.com/	matt@verticalhorizonsd.com	http://www.verticalhorizonSD.com/about_us		https://www.facebook.com/Vertical-Horizon-Real-Estate-Property-Management-219579158058891/						High	Verified	https://explore.overturemaps.org/#id=57c290f3-ffa1-468a-9330-da41798e6dc6	Public Overture site+email; zero-HTTP V6 cheap-screen. Final MASTER dedupe/QA required.				overture:57c290f3-ffa1-468a-9330-da41798e6dc6	verticalhorizonsd.com	16198473100	vertical horizon real estate property management	San Diego	USA	HIGH	domain:verticalhorizonsd.com
	A	91	Chino Hills	USA	Select Homes Real Estate & Property Management		property_management	4195 Chino Hills Pkwy	+19513777733								overture:529c3ecd-5c7e-4274-9b4b-49b8d5914088	2026-08-15T00:53:59.669877Z		Canonical queue drain | fit A | GitHub MASTER dedupe passed	http://www.select-homes.net/	rentals@select-homes.net	https://www.select-homes.net/contact-us/				https://www.select-homes.net/feed/				High	Verified	https://explore.overturemaps.org/#id=529c3ecd-5c7e-4274-9b4b-49b8d5914088	Public Overture site+email; zero-HTTP V6 cheap-screen. Final MASTER dedupe/QA required.				overture:529c3ecd-5c7e-4274-9b4b-49b8d5914088	select-homes.net	19513777733	select homes real estate property management	Chino Hills	USA	HIGH	domain:select-homes.net
	A	91	Temecula	USA	SDL Real Estate & Property Management Inc.		real_estate_agent	44535 Bedford Ct	+19513025300								overture:b7a2b45a-7b20-4ed7-9ae2-f38934b00007	2026-08-15T00:53:59.669877Z		Canonical queue drain | fit A | GitHub MASTER dedupe passed	http://www.Sdlrealestate.com/	contact@sdlrealestate.com	https://www.sdlrealestate.com/about-us		https://www.facebook.com/SDL-Real-Estate-Property-Management-103344261395561/						High	Verified	https://explore.overturemaps.org/#id=b7a2b45a-7b20-4ed7-9ae2-f38934b00007	Public Overture site+email; zero-HTTP V6 cheap-screen. Final MASTER dedupe/QA required.				overture:b7a2b45a-7b20-4ed7-9ae2-f38934b00007	sdlrealestate.com	19513025300	sdl real estate property management inc	Temecula	USA	HIGH	domain:sdlrealestate.com
	A	91	West Covina	USA	Real Property Management Fairmate		real_estate_agent	1521 W Cameron Ave #230	(626) 338-6688								overture:6a3d7321-e0d3-459d-9958-1e417ab1c849	2026-08-15T00:53:59.669877Z		Canonical queue drain | fit A | GitHub MASTER dedupe passed	https://www.rpmfairmate.com	info@rpmfairmate.com	https://www.rpmfairmate.com/about-us		https://www.facebook.com/Real-Property-Management-Fairmate-500939970083562/timeline/						High	Verified	https://explore.overturemaps.org/#id=6a3d7321-e0d3-459d-9958-1e417ab1c849	Public Overture site+email; zero-HTTP V6 cheap-screen. Final MASTER dedupe/QA required.				overture:6a3d7321-e0d3-459d-9958-1e417ab1c849	rpmfairmate.com	6263386688	real property management fairmate	West Covina	USA	HIGH	domain:rpmfairmate.com
	A	91	Palm Desert	USA	Desert Villas Property Management		real_estate_service	45445 Portola Ave	+17606369674								overture:81df7172-2205-49a7-9356-6f78522e5bb5	2026-08-15T00:53:59.669877Z		Canonical queue drain | fit A | GitHub MASTER dedupe passed	http://www.mydesertvilla.com/	mydesertvilla@gmail.com	https://www.mydesertvilla.com/fine/real/estate/contact				https://MyDesertVilla.com/images/agentShare.jpg				High	Verified	https://explore.overturemaps.org/#id=81df7172-2205-49a7-9356-6f78522e5bb5	Public Overture site+email; zero-HTTP V6 cheap-screen. Final MASTER dedupe/QA required.				overture:81df7172-2205-49a7-9356-6f78522e5bb5	mydesertvilla.com	17606369674	desert villas property management	Palm Desert	USA	HIGH	domain:mydesertvilla.com
	A	91	San Antonio	USA	Landlord Property Management		real_estate_agent	7300 Blanco Rd	(210) 492-1695								overture:b6458989-b210-49e6-b028-3b0f8d935a0a	2026-08-15T00:53:59.669877Z		Canonical queue drain | fit A | GitHub MASTER dedupe passed	http://www.landlordpm.com	adona@landlordpm.com	https://www.landlordpm.com/about		https://www.facebook.com/pages/Landlord-Property-Management/151494321692301/						High	Verified	https://explore.overturemaps.org/#id=b6458989-b210-49e6-b028-3b0f8d935a0a	Public Overture site+email; zero-HTTP V6 cheap-screen. Final MASTER dedupe/QA required.				overture:b6458989-b210-49e6-b028-3b0f8d935a0a	landlordpm.com	2104921695	landlord property management	San Antonio	USA	HIGH	domain:landlordpm.com
	A	91	Temecula	USA	EZ Realty & Property Management		real_estate_service	41593 Winchester Rd	+17605014723								overture:02e37bb0-2de9-4475-9ee0-75f98dd9ab92	2026-08-15T00:53:59.669877Z		Canonical queue drain | fit A | GitHub MASTER dedupe passed	http://kzrealty.com/	ezrpminfo@gmail.com			https://www.facebook.com/wix/		https://www.kzrealty.com/book-online				High	Verified	https://explore.overturemaps.org/#id=02e37bb0-2de9-4475-9ee0-75f98dd9ab92	Public Overture site+email; zero-HTTP V6 cheap-screen. Final MASTER dedupe/QA required.				overture:02e37bb0-2de9-4475-9ee0-75f98dd9ab92	kzrealty.com	17605014723	ez realty property management	Temecula	USA	HIGH	domain:kzrealty.com
	A	91	San Bernardino	USA	Golden Property Management		real_estate_agent	2130 N Arrowhead Ave Ste 105H	(909) 475-9053								overture:a4388d06-efcd-4366-8c43-c4a1dc454922	2026-08-15T00:53:59.669877Z		Canonical queue drain | fit A | GitHub MASTER dedupe passed	https://www.goldenpropertymanagement.net	nathanielblake@hotmail.com	https://www.goldenpropertymanagement.net/contact				https://www.goldenpropertymanagement.net/available-rentals				High	Verified	https://explore.overturemaps.org/#id=a4388d06-efcd-4366-8c43-c4a1dc454922	Public Overture site+email; zero-HTTP V6 cheap-screen. Final MASTER dedupe/QA required.				overture:a4388d06-efcd-4366-8c43-c4a1dc454922	goldenpropertymanagement.net	9094759053	golden property management	San Bernardino	USA	HIGH	domain:goldenpropertymanagement.net
	A	91	Los Angeles	USA	Duke Property Management Inc.		real_estate_agent	1040 S Robertson Blvd	(310) 657-4256								overture:fe7b4ad2-0db6-4c52-8d2c-fd889c332a2d	2026-08-15T00:53:59.669877Z		Canonical queue drain | fit A | GitHub MASTER dedupe passed	http://www.dukepm.com	info@dukepm.com	https://www.dukepm.com/contact-us		https://www.facebook.com/p/Duke-Property-Management-Inc-100063811560376/						High	Verified	https://explore.overturemaps.org/#id=fe7b4ad2-0db6-4c52-8d2c-fd889c332a2d	Public Overture site+email; zero-HTTP V6 cheap-screen. Final MASTER dedupe/QA required.				overture:fe7b4ad2-0db6-4c52-8d2c-fd889c332a2d	dukepm.com	3106574256	duke property management inc	Los Angeles	USA	HIGH	domain:dukepm.com
	A	91	Dana Point	USA	Coastal Estates Property Management		property_management	32565 Golden Lantern St	+19496338109								overture:d49590bc-0606-4bd4-a6ff-ae78f615a1c7	2026-08-15T00:53:59.669877Z		Canonical queue drain | fit A | GitHub MASTER dedupe passed	http://www.coastalestatespropertymanagement.com/	deborah@coastalestatespropertymanagement.com	https://coastalestatespropertymanagement.com/about-us/		https://www.facebook.com/pages/Coastal-Estates-Property-Management/790185707731544/						Medium	Recall-first	https://explore.overturemaps.org/#id=d49590bc-0606-4bd4-a6ff-ae78f615a1c7	Public Overture site+email; zero-HTTP V6 cheap-screen. Final MASTER dedupe/QA required.				overture:d49590bc-0606-4bd4-a6ff-ae78f615a1c7	coastalestatespropertymanagement.com	19496338109	coastal estates property management	Dana Point	USA	MEDIUM	domain:coastalestatespropertymanagement.com
	A	91	San Diego	USA	Chase Pacific Property Management & Real Estate Services		property_management	9968 Hibert St	+18582718841								overture:fe48a52e-11b7-4c54-92a0-4f3513baa701	2026-08-15T00:53:59.669877Z		Canonical queue drain | fit A | GitHub MASTER dedupe passed	https://www.chasepacific.com/	info@chasepacific.com	https://chasepacific.com/about-us/		https://www.facebook.com/ChasePacificPM/						High	Verified	https://explore.overturemaps.org/#id=fe48a52e-11b7-4c54-92a0-4f3513baa701	Public Overture site+email; zero-HTTP V6 cheap-screen. Final MASTER dedupe/QA required.				overture:fe48a52e-11b7-4c54-92a0-4f3513baa701	chasepacific.com	18582718841	chase pacific property management real estate services	San Diego	USA	HIGH	domain:chasepacific.com
	A	91	Newton Abbot	United Kingdom	Wooder Manor Holiday Homes		hotel	widecombe-in-the-moor	+441364621391								overture:6161b4f8-f537-4c72-9933-1818dec1e8d1	2026-08-15T00:53:59.669877Z		Canonical queue drain | fit A | GitHub MASTER dedupe passed	http://www.woodermanor.com/	woodermanor@gmail.com	http://www.woodermanor.com/about-us/				http://www.woodermanor.com/wp-content/plugins/wp-simple-booking-calendar/assets/css/style-front-end.min.css?ver=2.0.16				High	Verified	https://explore.overturemaps.org/#id=6161b4f8-f537-4c72-9933-1818dec1e8d1	Public Overture site+email; zero-HTTP V6 cheap-screen. Final MASTER dedupe/QA required.				overture:6161b4f8-f537-4c72-9933-1818dec1e8d1	woodermanor.com	441364621391	wooder manor holiday homes	Newton Abbot	United Kingdom	HIGH	domain:woodermanor.com
	A	91	Ludington	USA	Waters Edge Vacation Rentals		holiday_rental_home	809 W Ludington Ave	+12315808786								overture:f2ebdfeb-a824-4b1f-9cbd-4cb7482398e2	2026-08-15T00:53:59.669877Z		Canonical queue drain | fit A | GitHub MASTER dedupe passed	https://watersedgerentals.com/	watersedgevacationrentals@gmail.com	https://watersedgerentals.com/about-ludington/				https://booking.watersedgerentals.com/properties/612fbcf13ee0a0002e5195c6				High	Verified	https://explore.overturemaps.org/#id=f2ebdfeb-a824-4b1f-9cbd-4cb7482398e2	Public Overture site+email; zero-HTTP V6 cheap-screen. Final MASTER dedupe/QA required.				overture:f2ebdfeb-a824-4b1f-9cbd-4cb7482398e2	watersedgerentals.com	12315808786	waters edge vacation rentals	Ludington	USA	HIGH	domain:watersedgerentals.com
	A	91	Tecumseh	USA	Coast 2 Coast - Vacation Rentals and Real Estate		real_estate_agent	5800 Allen Rd	+15179027525								overture:77a3ddcc-a260-4928-8b49-51493e29d491	2026-08-15T00:53:59.669877Z		Canonical queue drain | fit A | GitHub MASTER dedupe passed	http://teamcoast2coast.com/	team.coast2coast@yahoo.com		https://www.instagram.com/teamcst2cst/	https://www.facebook.com/coast2coastbeachvacations/						High	Verified	https://explore.overturemaps.org/#id=77a3ddcc-a260-4928-8b49-51493e29d491; https://teamcoast2coast.com/	Public Overture site+email; zero-HTTP V6 cheap-screen. Final MASTER dedupe/QA required.				overture:77a3ddcc-a260-4928-8b49-51493e29d491	teamcoast2coast.com	15179027525	coast 2 coast vacation rentals and real estate	Tecumseh	USA	HIGH	domain:teamcoast2coast.com
	A	91	Port Clinton	USA	Lake Erie Vacation Rentals		holiday_rental_home	129 Maple St	+14197345371								overture:325a9d31-bf20-49c7-9892-24038653dc19	2026-08-15T00:53:59.669877Z		Canonical queue drain | fit A | GitHub MASTER dedupe passed	http://rentalsonlakeerie.com/	buckeyesnider@yahoo.com	https://www.rentalsonlakeerie.com/contact-us				https://www.rentalsonlakeerie.com/island-house-historic-vacation-rentals				High	Verified	https://explore.overturemaps.org/#id=325a9d31-bf20-49c7-9892-24038653dc19	Public Overture site+email; zero-HTTP V6 cheap-screen. Final MASTER dedupe/QA required.				overture:325a9d31-bf20-49c7-9892-24038653dc19	rentalsonlakeerie.com	14197345371	lake erie vacation rentals	Port Clinton	USA	HIGH	domain:rentalsonlakeerie.com
	A	91	Allenspark	USA	Pinebrook Vacation Rentals		holiday_rental_home	16 Washington St	+13037472325								overture:3530a399-9795-4ec5-bdf4-dcb46ae95d23	2026-08-15T00:53:59.669877Z		Canonical queue drain | fit A | GitHub MASTER dedupe passed	http://pinebrookvacationrentals.com/	pinebrook@pinebrookvacationrentals.com	https://pinebrookvacationrentals.com/aboutus.php				https://pinebrookvacationrentals.com/favicon.ico				High	Verified	https://explore.overturemaps.org/#id=3530a399-9795-4ec5-bdf4-dcb46ae95d23	Public Overture site+email; zero-HTTP V6 cheap-screen. Final MASTER dedupe/QA required.				overture:3530a399-9795-4ec5-bdf4-dcb46ae95d23	pinebrookvacationrentals.com	13037472325	pinebrook vacation rentals	Allenspark	USA	HIGH	domain:pinebrookvacationrentals.com
	A	91	Great-Lakes-Vacation-Markets::g12of2x3	USA	Meet Me in Michigan Vacation Rentals		holiday_rental_home		+12693526103								overture:8ecbc688-e130-4a1e-87a9-e69b0e51df68	2026-08-15T00:53:59.669877Z		Canonical queue drain | fit A | GitHub MASTER dedupe passed	http://www.meetmeinmichiganvacationrentals.com/	700propertiesllc@gmail.com		https://www.instagram.com/meetmeinmivacationrentals/	https://www.facebook.com/MeetMeinMichiganVacationRentals/						High	Verified	https://explore.overturemaps.org/#id=8ecbc688-e130-4a1e-87a9-e69b0e51df68; https://meetmeinmichiganvacationrentals.com/	Public Overture site+email; zero-HTTP V6 cheap-screen. Final MASTER dedupe/QA required.				overture:8ecbc688-e130-4a1e-87a9-e69b0e51df68	meetmeinmichiganvacationrentals.com	12693526103	meet me in michigan vacation rentals	Great-Lakes-Vacation-Markets::g12of2x3	USA	HIGH	domain:meetmeinmichiganvacationrentals.com
	A	91	Ruidoso	USA	Lodging In Ruidoso Vacation Rentals		property_management	220 Lookout Dr	+15753150935								overture:50c657aa-f875-4d49-9c17-127c10dfbef2	2026-08-15T00:53:59.669877Z		Canonical queue drain | fit A | GitHub MASTER dedupe passed	http://www.lodginginruidoso.com/	reservations@lodginginruidoso.com	https://www.lodginginruidoso.com/about-us		https://www.facebook.com/LodgingInRuidoso/photos/						High	Verified	https://explore.overturemaps.org/#id=50c657aa-f875-4d49-9c17-127c10dfbef2	Public Overture site+email; zero-HTTP V6 cheap-screen. Final MASTER dedupe/QA required.				overture:50c657aa-f875-4d49-9c17-127c10dfbef2	lodginginruidoso.com	15753150935	lodging in ruidoso vacation rentals	Ruidoso	USA	HIGH	domain:lodginginruidoso.com
	A	91	Puerto Peñasco	USA	La Palapa Vacation Rentals		resort	Calle Coahuila 35	+16024123364								overture:2c6d9e7b-d43e-4626-ae1f-e878f411d735	2026-08-15T00:53:59.669877Z		Canonical queue drain | fit A | GitHub MASTER dedupe passed	http://lapalapavacation.com/	lapalapa.penasco@gmail.com	https://www.lapalapavacation.com/contact-us		https://www.facebook.com/people/La-Palapa-Vacation-Rentals/100063675637784/						High	Verified	https://explore.overturemaps.org/#id=2c6d9e7b-d43e-4626-ae1f-e878f411d735	Public Overture site+email; zero-HTTP V6 cheap-screen. Final MASTER dedupe/QA required.				overture:2c6d9e7b-d43e-4626-ae1f-e878f411d735	lapalapavacation.com	16024123364	la palapa vacation rentals	Puerto Peñasco	USA	HIGH	domain:lapalapavacation.com
	A	91	Blairsden-Graeagle	USA	Graeagle Vacation Rentals		holiday_rental_home	26 Poplar Valley Rd	+15308362500								overture:e5fb8d68-30d2-4f17-997d-758a113e6e2f	2026-08-15T00:53:59.669877Z		Canonical queue drain | fit A | GitHub MASTER dedupe passed	http://www.graeaglevacationrentals.com/	rentals@graeaglevacationrentals.com	https://www.graeaglevacationrentals.com/contact-us				https://www.graeaglevacationrentals.com/vacation-rentals				High	Verified	https://explore.overturemaps.org/#id=e5fb8d68-30d2-4f17-997d-758a113e6e2f	Public Overture site+email; zero-HTTP V6 cheap-screen. Final MASTER dedupe/QA required.				overture:e5fb8d68-30d2-4f17-997d-758a113e6e2f	graeaglevacationrentals.com	15308362500	graeagle vacation rentals	Blairsden-Graeagle	USA	HIGH	domain:graeaglevacationrentals.com
	A	91	Carbondale	USA	Glenwood Vacation Rentals		holiday_rental_home	326 Highway 133	+19702351120								overture:c31c2502-5c14-4cf3-89fe-614747c483c8	2026-08-15T00:53:59.669877Z		Canonical queue drain | fit A | GitHub MASTER dedupe passed	http://www.glenwoodvacationrentals.com/	support@glenwoodvacationrentals.com	https://www.glenwoodvacationrentals.com/about-us				https://www.glenwoodvacationrentals.com/properties				High	Verified	https://explore.overturemaps.org/#id=c31c2502-5c14-4cf3-89fe-614747c483c8	Public Overture site+email; zero-HTTP V6 cheap-screen. Final MASTER dedupe/QA required.				overture:c31c2502-5c14-4cf3-89fe-614747c483c8	glenwoodvacationrentals.com	19702351120	glenwood vacation rentals	Carbondale	USA	HIGH	domain:glenwoodvacationrentals.com
	A	91	Traverse City	USA	Aussie Vacation Rentals		lodging	6214 E Traverse Hwy	+14157603483								overture:240be918-0f52-4f79-83f6-44b720a0cc2d	2026-08-15T00:53:59.669877Z		Canonical queue drain | fit A | GitHub MASTER dedupe passed	https://forrenttraversecity.com/	holiday@forrenttraversecity.com	https://forrenttraversecity.com/about/				https://forrenttraversecity.com/boat-rentals/				High	Verified	https://explore.overturemaps.org/#id=240be918-0f52-4f79-83f6-44b720a0cc2d	Public Overture site+email; zero-HTTP V6 cheap-screen. Final MASTER dedupe/QA required.				overture:240be918-0f52-4f79-83f6-44b720a0cc2d	forrenttraversecity.com	14157603483	aussie vacation rentals	Traverse City	USA	HIGH	domain:forrenttraversecity.com
	A	91	Webber Twp	USA	Black Bear Lodge Vacation Rentals		cabin	594 W 40th St	+12699537949								overture:fa34dd8f-74de-47ba-a8fc-8887cee0f3b2	2026-08-15T00:53:59.669877Z		Canonical queue drain | fit A | GitHub MASTER dedupe passed	http://Blackbearlodgevacationrentals.com/	blackbearlodge49304@gmail.com	https://blackbearlodgevacationrentals.com/en/contact-us				https://blackbearlodgevacationrentals.com/en/all-properties/?adults=1&children=0&infants=0&pets=0				High	Verified	https://explore.overturemaps.org/#id=fa34dd8f-74de-47ba-a8fc-8887cee0f3b2	Public Overture site+email; zero-HTTP V6 cheap-screen. Final MASTER dedupe/QA required.				overture:fa34dd8f-74de-47ba-a8fc-8887cee0f3b2	blackbearlodgevacationrentals.com	12699537949	black bear lodge vacation rentals	Webber Twp	USA	HIGH	domain:blackbearlodgevacationrentals.com
	A	91	Brecksville	USA	Allure Vacation Rentals		holiday_rental_home	12930 Chippewa Rd	+18779997935								overture:14b3df59-4ec7-4529-bcbf-f4ed4c8af0b2	2026-08-15T00:53:59.669877Z		Canonical queue drain | fit A | GitHub MASTER dedupe passed	http://www.allurevacationrentals.com/	jeannine@allurevacationrentals.com	https://AllureVacationRentals.com/AllureVacationRentals/AboutUs/contentpage.html				https://AllureVacationRentals.com/AllureVacationRentals/Eat/contentpage.html				High	Verified	https://explore.overturemaps.org/#id=14b3df59-4ec7-4529-bcbf-f4ed4c8af0b2	Public Overture site+email; zero-HTTP V6 cheap-screen. Final MASTER dedupe/QA required.				overture:14b3df59-4ec7-4529-bcbf-f4ed4c8af0b2	allurevacationrentals.com	18779997935	allure vacation rentals	Brecksville	USA	HIGH	domain:allurevacationrentals.com
	A	91	Beverly Hills	USA	Vacation Homes Only		holiday_rental_home	269 S Beverly Dr	+18009218099								overture:de9804c6-4ae0-4aeb-923a-f531d1b61259	2026-08-15T00:53:59.669877Z		Canonical queue drain | fit A | GitHub MASTER dedupe passed	https://www.vacationhomesonly.com	admin@vacationhomesonly.com	https://www.vacationhomesonly.com/about.html				https://www.vacationhomesonly.com/search-properties.html				High	Verified	https://explore.overturemaps.org/#id=de9804c6-4ae0-4aeb-923a-f531d1b61259	Public Overture site+email; zero-HTTP V6 cheap-screen. Final MASTER dedupe/QA required.				overture:de9804c6-4ae0-4aeb-923a-f531d1b61259	vacationhomesonly.com	18009218099	vacation homes only	Beverly Hills	USA	HIGH	domain:vacationhomesonly.com
	A	91	San Diego	USA	SD Urban Vacation Rentals		real_estate_service	3275 C St	+16199978421								overture:1e187333-2e8f-43ed-96d7-9ef63359e499	2026-08-15T00:53:59.669877Z		Canonical queue drain | fit A | GitHub MASTER dedupe passed	http://sdurbanrentals.com/	janella@sdurbanrentals.com		https://www.instagram.com/sdurbanrentals/			https://www.sdurbanrentals.com/properties				High	Verified	https://explore.overturemaps.org/#id=1e187333-2e8f-43ed-96d7-9ef63359e499; https://www.sdurbanrentals.com/	Public Overture site+email; zero-HTTP V6 cheap-screen. Final MASTER dedupe/QA required.				overture:1e187333-2e8f-43ed-96d7-9ef63359e499	sdurbanrentals.com	16199978421	sd urban vacation rentals	San Diego	USA	HIGH	domain:sdurbanrentals.com
	A	91	Victoria	Canada	Central Victoria Vacation Rentals: Victoria, BC, Canada		travel_service	524 Yates St	+18669524447								overture:041a9f01-88a2-47e3-99e8-de34c0266520	2026-08-15T00:53:59.669877Z		Canonical queue drain | fit A | GitHub MASTER dedupe passed	http://www.centralvictoriavacationrentals.ca	info@centralvictoriavacationrentals.ca	https://centralvictoriavacationrentals.ca/my-reservations				https://centralvictoriavacationrentals.ca/admin/guest-stays				High	Verified	https://explore.overturemaps.org/#id=041a9f01-88a2-47e3-99e8-de34c0266520	Public Overture site+email; zero-HTTP V6 cheap-screen. Final MASTER dedupe/QA required.				overture:041a9f01-88a2-47e3-99e8-de34c0266520	centralvictoriavacationrentals.ca	18669524447	central victoria vacation rentals victoria bc canada	Victoria	Canada	HIGH	domain:centralvictoriavacationrentals.ca
	A	91	Irvine	USA	Booked Up Vacation Rentals		holiday_rental_home	5 Holland	+19492128924								overture:311802fe-2e6f-40b3-bcfd-b0397a93f531	2026-08-15T00:53:59.669877Z		Canonical queue drain | fit A | GitHub MASTER dedupe passed	http://Www.bookedupvacationrentals.com/	sarah.vrbs@gmail.com	https://bookedupvacationrentals.com/about-us/				https://bookedupvacationrentals.com/properties/				High	Verified	https://explore.overturemaps.org/#id=311802fe-2e6f-40b3-bcfd-b0397a93f531	Public Overture site+email; zero-HTTP V6 cheap-screen. Final MASTER dedupe/QA required.				overture:311802fe-2e6f-40b3-bcfd-b0397a93f531	bookedupvacationrentals.com	19492128924	booked up vacation rentals	Irvine	USA	HIGH	domain:bookedupvacationrentals.com
	A	91	Lake Havasu City	USA	Adventure Vacation Rentals		holiday_rental_home	2790 Tonto Dr	+19284865552								overture:d802723b-a17e-4941-9d91-688d98b2c645	2026-08-15T00:53:59.669877Z		Canonical queue drain | fit A | GitHub MASTER dedupe passed	http://www.avrhavasu.com/	host@avrhavasu.com	https://www.avrhavasu.com/contact				https://www.avrhavasu.com/all-villas				High	Verified	https://explore.overturemaps.org/#id=d802723b-a17e-4941-9d91-688d98b2c645	Public Overture site+email; zero-HTTP V6 cheap-screen. Final MASTER dedupe/QA required.				overture:d802723b-a17e-4941-9d91-688d98b2c645	avrhavasu.com	19284865552	adventure vacation rentals	Lake Havasu City	USA	HIGH	domain:avrhavasu.com
	A	91	Austin	USA	Tenant File Property Management Software		property_management	6705 W Highway 290 Ste 502	(512) 288-1342								overture:42d39c99-7000-47c6-903d-61224a0457ad	2026-08-15T00:50:27Z		Canonical queue drain | fit A | GitHub MASTER dedupe passed	https://www.tenantfile.com	sales@tenantfile.com	https://www.tenantfile.com/about.html		https://www.facebook.com/pages/Tenant-File-Property-Management-Software/259908587357279/						High	Verified	https://explore.overturemaps.org/#id=42d39c99-7000-47c6-903d-61224a0457ad	Public Overture site+email; zero-HTTP V6 cheap-screen. Final MASTER dedupe/QA required.				overture:42d39c99-7000-47c6-903d-61224a0457ad	tenantfile.com	5122881342	tenant file property management software	Austin	USA	HIGH	domain:tenantfile.com
	A	91	Huntly	United Kingdom	Dunedin House Gotels Serviced Accommodation		hotel	17 Bogie Street	+447812212292								overture:4f6314fe-06e5-4a8f-a7ff-f6d6c11540c1	2026-08-15T00:45:42.545149Z		Canonical queue drain | fit A | GitHub MASTER dedupe passed	https://gotels.uk/	contact@gotels.uk	https://gotels.uk/about-us/				https://gotels.uk/booking-enquiry/				High	Verified	https://explore.overturemaps.org/#id=4f6314fe-06e5-4a8f-a7ff-f6d6c11540c1	Public Overture site+email; zero-HTTP V6 cheap-screen. Final MASTER dedupe/QA required.				overture:4f6314fe-06e5-4a8f-a7ff-f6d6c11540c1	gotels.uk	447812212292	dunedin house gotels serviced accommodation	Huntly	United Kingdom	HIGH	domain:gotels.uk
	A	91	Aberdeen	United Kingdom	Aberdeen Serviced Apartments - Bloomfield		service_apartment	7-12 Bloomfield Court	+441224489070								overture:c5e11e5e-531a-4cbc-a11a-c18a50661843	2026-08-15T00:45:42.545149Z		Canonical queue drain | fit A | GitHub MASTER dedupe passed	http://www.aberdeenservicedapartments.co.uk	richard@aberdeenservicedapartments.co.uk	https://www.aberdeenservicedapartments.co.uk/contact.php				https://www.aberdeenservicedapartments.co.uk/book-online.html				High	Verified	https://explore.overturemaps.org/#id=c5e11e5e-531a-4cbc-a11a-c18a50661843	Public Overture site+email; zero-HTTP V6 cheap-screen. Final MASTER dedupe/QA required.				overture:c5e11e5e-531a-4cbc-a11a-c18a50661843	aberdeenservicedapartments.co.uk	441224489070	aberdeen serviced apartments bloomfield	Aberdeen	United Kingdom	HIGH	domain:aberdeenservicedapartments.co.uk
	A	91	Maggie Valley	USA	Peppertree Maggie Valley Resort Villas and Inn		resort	265 Moody Farm Rd	+18289263761								overture:21ff4aa5-ae0e-4519-9cac-9b25361c614d	2026-08-15T00:45:42.545149Z		Canonical queue drain | fit A | GitHub MASTER dedupe passed	http://www.Peppertreemv.com/	info@peppertreemv.com	http://peppertreemv.com/about-us/		https://www.facebook.com/peppertree.maggievalley/						High	Verified	https://explore.overturemaps.org/#id=21ff4aa5-ae0e-4519-9cac-9b25361c614d	Public Overture site+email; zero-HTTP V6 cheap-screen. Final MASTER dedupe/QA required.				overture:21ff4aa5-ae0e-4519-9cac-9b25361c614d	peppertreemv.com	18289263761	peppertree maggie valley resort villas and inn	Maggie Valley	USA	HIGH	domain:peppertreemv.com
	A	91	Holt	United Kingdom	The Lawns Holiday Home		hotel	43 Norwich Road	+441263710144								overture:ea4098c1-8285-47c9-9729-961e4c013577	2026-08-15T00:45:42.545149Z		Canonical queue drain | fit A | GitHub MASTER dedupe passed	http://www.norfolk-holiday.co.uk/	bookings@norfolk-holiday.co.uk	https://norfolk-holiday.co.uk/about-us		https://www.facebook.com/TheLawnsEstate/						High	Verified	https://explore.overturemaps.org/#id=ea4098c1-8285-47c9-9729-961e4c013577	Public Overture site+email; zero-HTTP V6 cheap-screen. Final MASTER dedupe/QA required.				overture:ea4098c1-8285-47c9-9729-961e4c013577	norfolk-holiday.co.uk	441263710144	the lawns holiday home	Holt	United Kingdom	HIGH	domain:norfolk-holiday.co.uk
	A	91	Egg Harbor	USA	Sunny-Side Eggscape - Egg Harbor, Door County		holiday_rental_home	7784 State Highway 42	+19208542368								overture:43df7706-a55d-4977-b5df-571eab8c633c	2026-08-15T00:45:42.545149Z		Canonical queue drain | fit A | GitHub MASTER dedupe passed	https://lundquistrealty.com/listing/sunnyside-egg-scape/	mail@lundquistrealty.com	https://lundquistrealty.com/about/		https://www.facebook.com/p/Door-County-Personal-Drivers-100068082511685/						High	Verified	https://explore.overturemaps.org/#id=43df7706-a55d-4977-b5df-571eab8c633c	Public Overture site+email; zero-HTTP V6 cheap-screen. Final MASTER dedupe/QA required.				overture:43df7706-a55d-4977-b5df-571eab8c633c	lundquistrealty.com	19208542368	sunny side eggscape egg harbor door county	Egg Harbor	USA	HIGH	domain:lundquistrealty.com
	A	91	Rye	United Kingdom	Camber Sands Holiday Home		holiday_rental_home	16 Old Lydd Road	+447960992715								overture:d8aa85aa-50b6-403a-9c1d-5834142ff9e1	2026-08-15T00:45:42.545149Z		Canonical queue drain | fit A | GitHub MASTER dedupe passed	http://looneydunes.co.uk/	camberholidaylets@gmail.com	https://looneydunes.co.uk/contact/				https://looneydunes.co.uk/book/may-half-term				High	Verified	https://explore.overturemaps.org/#id=d8aa85aa-50b6-403a-9c1d-5834142ff9e1	Public Overture site+email; zero-HTTP V6 cheap-screen. Final MASTER dedupe/QA required.				overture:d8aa85aa-50b6-403a-9c1d-5834142ff9e1	looneydunes.co.uk	447960992715	camber sands holiday home	Rye	United Kingdom	HIGH	domain:looneydunes.co.uk
	A	91	Lixoúri	Greece	Kymata Bohemian Villas		resort	Kounopetra	+306936759307								overture:9c7aea10-9f52-4439-8794-e850dbd1e88a	2026-08-15T00:45:42.545149Z		Canonical queue drain | fit A | GitHub MASTER dedupe passed	https://kymatavillas.com/	info@kymatavillas.com	https://kymatavillas.com/contact/				https://kymatavillas.com/wp-content/themes/kymata/kobobook/villa-availability-calendar.css				High	Verified	https://explore.overturemaps.org/#id=9c7aea10-9f52-4439-8794-e850dbd1e88a	Public Overture site+email; zero-HTTP V6 cheap-screen. Final MASTER dedupe/QA required.				overture:9c7aea10-9f52-4439-8794-e850dbd1e88a	kymatavillas.com	306936759307	kymata bohemian villas	Lixoúri	Greece	HIGH	domain:kymatavillas.com
	A	91	New Milton	United Kingdom	Naish Holiday Home		hotel	Chewton Sound Hobourne Naish	+447748158480								overture:771d13fb-39e6-49c5-966b-0cbe3d0605b2	2026-08-15T00:45:42.545149Z		Canonical queue drain | fit A | GitHub MASTER dedupe passed	https://www.hoburne.com/holiday-parks/hampshire/naish/	enquiries@hoburne.com		https://www.instagram.com/hoburne/	https://www.facebook.com/Hoburne/						High	Verified	https://explore.overturemaps.org/#id=771d13fb-39e6-49c5-966b-0cbe3d0605b2; https://www.hoburne.com/holiday-parks/dorset-hampshire-new-forest/hoburne-naish/	Public Overture site+email; zero-HTTP V6 cheap-screen. Final MASTER dedupe/QA required.				overture:771d13fb-39e6-49c5-966b-0cbe3d0605b2	hoburne.com	447748158480	naish holiday home	New Milton	United Kingdom	HIGH	domain:hoburne.com
	A	91	Swindon	United Kingdom	High Life Serviced Apartments		hotel	1 Newport Street	+448001670571								overture:0bf578f9-d4f0-4374-a8c4-7bfa649e3d0b	2026-08-15T00:45:42.545149Z		Canonical queue drain | fit A | GitHub MASTER dedupe passed	http://www.highlifeswindon.co.uk/	hello@highlifeswindon.co.uk	https://www.highlifeswindon.co.uk/about				https://www.highlifeswindon.co.uk/rentals				High	Verified	https://explore.overturemaps.org/#id=0bf578f9-d4f0-4374-a8c4-7bfa649e3d0b	Public Overture site+email; zero-HTTP V6 cheap-screen. Final MASTER dedupe/QA required.				overture:0bf578f9-d4f0-4374-a8c4-7bfa649e3d0b	highlifeswindon.co.uk	448001670571	high life serviced apartments	Swindon	United Kingdom	HIGH	domain:highlifeswindon.co.uk
	A	91	Cherry Log	USA	Hidden Lake Treehouses		lodge	312 Hidden Lake Ct	+12059666213								overture:69d26bdb-e219-4bd8-b664-02280ce1597b	2026-08-15T00:45:42.545149Z		Canonical queue drain | fit A | GitHub MASTER dedupe passed	https://www.clementsvacationrentals.com/north-georgia-573980746	susieclements@clementsvacationrentals.com		https://www.instagram.com/Clementsvacationrentals/			https://www.clementsvacationrentals.com:443/book				High	Verified	https://explore.overturemaps.org/#id=69d26bdb-e219-4bd8-b664-02280ce1597b; https://www.clementsvacationrentals.com:443/treehouse-retreats-573980746	Public Overture site+email; zero-HTTP V6 cheap-screen. Final MASTER dedupe/QA required.				overture:69d26bdb-e219-4bd8-b664-02280ce1597b	clementsvacationrentals.com	12059666213	hidden lake treehouses	Cherry Log	USA	HIGH	domain:clementsvacationrentals.com
	A	91	Kihei	USA	Menehune Reservations		resort	760 S Kihei Rd	+18082800280								overture:64394121-fa47-4e9c-9299-8efb098d6b85	2026-08-15T00:45:42.545149Z		Canonical queue drain | fit A | GitHub MASTER dedupe passed	http://www.menehunereservations.com/	knkmauiproperties@gmail.com	https://menehunereservations.com				https://menehunereservations.com/en/all-properties/?adults=1&children=0&infants=0&pets=0				High	Verified	https://explore.overturemaps.org/#id=64394121-fa47-4e9c-9299-8efb098d6b85	Public Overture site+email; zero-HTTP V6 cheap-screen. Final MASTER dedupe/QA required.				overture:64394121-fa47-4e9c-9299-8efb098d6b85	menehunereservations.com	18082800280	menehune reservations	Kihei	USA	HIGH	domain:menehunereservations.com
	A	91	Kihei	USA	Maui Rental Management		property_management	122 Kio Loop	+18084377737								overture:66e2a3b6-69f2-416f-8747-69af183559c0	2026-08-15T00:45:42.545149Z		Canonical queue drain | fit A | GitHub MASTER dedupe passed	http://Www.hawaiiequitymanagement.com/	hawaiiequitymanagement@gmail.com	https://www.hawaiiequitymanagement.com/about				https://www.hawaiiequitymanagement.com/rentals				High	Verified	https://explore.overturemaps.org/#id=66e2a3b6-69f2-416f-8747-69af183559c0	Public Overture site+email; zero-HTTP V6 cheap-screen. Final MASTER dedupe/QA required.				overture:66e2a3b6-69f2-416f-8747-69af183559c0	hawaiiequitymanagement.com	18084377737	maui rental management	Kihei	USA	HIGH	domain:hawaiiequitymanagement.com
	A	91	Santa Maria	USA	Central Coast Property Management		property_management	112 W Jones St	+18052600250								overture:2ffb1dd4-c2c6-4ab7-bb53-1173f2021cbb	2026-08-15T00:45:42.545149Z		Canonical queue drain | fit A | GitHub MASTER dedupe passed	https://www.centralcoastpropertymgmt.com/services	centralcoastpropertymgmt@gmail.com	https://www.centralcoastpropertymgmt.com/about-1				https://www.centralcoastpropertymgmt.com/properties-1				High	Verified	https://explore.overturemaps.org/#id=2ffb1dd4-c2c6-4ab7-bb53-1173f2021cbb	Public Overture site+email; zero-HTTP V6 cheap-screen. Final MASTER dedupe/QA required.				overture:2ffb1dd4-c2c6-4ab7-bb53-1173f2021cbb	centralcoastpropertymgmt.com	18052600250	central coast property management	Santa Maria	USA	HIGH	domain:centralcoastpropertymgmt.com
	A	91	London	United Kingdom	TokenHouse Property Management		property_management	4 Moorgate	+442080503823								overture:9863d684-516e-47be-9232-becd9355c19a	2026-08-15T00:45:42.545149Z		Canonical queue drain | fit A | GitHub MASTER dedupe passed	http://www.tokenhousepm.com/	marketing@tokenhousepm.com	https://tokenhousepm.com/about-us/				https://tokenhousepm.com/our-properties/				Medium	Recall-first	https://explore.overturemaps.org/#id=9863d684-516e-47be-9232-becd9355c19a	Public Overture site+email; zero-HTTP V6 cheap-screen. Final MASTER dedupe/QA required.				overture:9863d684-516e-47be-9232-becd9355c19a	tokenhousepm.com	442080503823	tokenhouse property management	London	United Kingdom	MEDIUM	domain:tokenhousepm.com
	A	91	Barking	United Kingdom	SC Property Management Services		property_management	160 London Road	+442082141110								overture:a32af07c-38ff-4d3a-975a-1f6d7ca86ce0	2026-08-15T00:45:42.545149Z		Canonical queue drain | fit A | GitHub MASTER dedupe passed	https://scpropertymanagementservices.com/	info@scpropertymanagementservices.com	https://scpropertymanagementservices.com/about		https://www.facebook.com/scpropertymanagement/						High	Verified	https://explore.overturemaps.org/#id=a32af07c-38ff-4d3a-975a-1f6d7ca86ce0	Public Overture site+email; zero-HTTP V6 cheap-screen. Final MASTER dedupe/QA required.				overture:a32af07c-38ff-4d3a-975a-1f6d7ca86ce0	scpropertymanagementservices.com	442082141110	sc property management services	Barking	United Kingdom	HIGH	domain:scpropertymanagementservices.com
	A	91	Seaford	United Kingdom	Housemartins Property Management		land_surveying	11 High Street	+441323896418								overture:67ba7243-0042-49f6-93d3-2d873406d273	2026-08-15T00:45:42.545149Z		Canonical queue drain | fit A | GitHub MASTER dedupe passed	http://www.housemartinscs.co.uk/	ask@housemartinscs.co.uk	https://housemartinscs.co.uk/wp-content/plugins/contact-form-7/includes/css/styles.css?ver=6.1.6		https://www.facebook.com/housemartinscspm/						Medium	Recall-first	https://explore.overturemaps.org/#id=67ba7243-0042-49f6-93d3-2d873406d273	Public Overture site+email; zero-HTTP V6 cheap-screen. Final MASTER dedupe/QA required.				overture:67ba7243-0042-49f6-93d3-2d873406d273	housemartinscs.co.uk	441323896418	housemartins property management	Seaford	United Kingdom	MEDIUM	domain:housemartinscs.co.uk
	A	91	Newbury	United Kingdom	County Property Management		property_management	6a London Road	+441635860319								overture:673b99be-a3b5-4f7c-b5f4-fed92f0211c1	2026-08-15T00:45:42.545149Z		Canonical queue drain | fit A | GitHub MASTER dedupe passed	http://www.county-property.co.uk/	michellemonahan@county-property.co.uk	https://www.county-property.co.uk/about-us/				https://www.county-property.co.uk/properties-to-rent				High	Verified	https://explore.overturemaps.org/#id=673b99be-a3b5-4f7c-b5f4-fed92f0211c1	Public Overture site+email; zero-HTTP V6 cheap-screen. Final MASTER dedupe/QA required.				overture:673b99be-a3b5-4f7c-b5f4-fed92f0211c1	county-property.co.uk	441635860319	county property management	Newbury	United Kingdom	HIGH	domain:county-property.co.uk
	A	91	London	United Kingdom	Corridy Property Management		property_management	37 Vicarage Road	+442036378335								overture:dfc743d3-374d-44bc-8cb3-915659e9fa91	2026-08-15T00:45:42.545149Z		Canonical queue drain | fit A | GitHub MASTER dedupe passed	http://corridyproperty.co.uk/	thalia@corridyproperty.co.uk	https://corridyproperty.co.uk/about-us/	https://www.instagram.com/corridyproperty/							High	Verified	https://explore.overturemaps.org/#id=dfc743d3-374d-44bc-8cb3-915659e9fa91; https://corridyproperty.co.uk/	Public Overture site+email; zero-HTTP V6 cheap-screen. Final MASTER dedupe/QA required.				overture:dfc743d3-374d-44bc-8cb3-915659e9fa91	corridyproperty.co.uk	442036378335	corridy property management	London	United Kingdom	HIGH	domain:corridyproperty.co.uk
	A	91	Glenwood Springs	USA	Preferred Property Management		property_management	1319 Grand Ave	+19709636494								overture:c6983926-0cd7-41b4-b821-a1e29935376c	2026-08-15T00:45:42.545149Z		Canonical queue drain | fit A | GitHub MASTER dedupe passed	http://www.zgrent.com	info@zgrent.com	https://www.zgrent.com/about-us				https://www.zgrent.com/seasonal-rentals				High	Verified	https://explore.overturemaps.org/#id=c6983926-0cd7-41b4-b821-a1e29935376c	Public Overture site+email; zero-HTTP V6 cheap-screen. Final MASTER dedupe/QA required.				overture:c6983926-0cd7-41b4-b821-a1e29935376c	zgrent.com	19709636494	preferred property management	Glenwood Springs	USA	HIGH	domain:zgrent.com
	A	91	Sun Prairie	USA	Wood Property Management		property_management	1625 Fireside Ct	+16087169924								overture:7188e90b-f14f-49de-a360-05250f6884da	2026-08-15T00:45:42.545149Z		Canonical queue drain | fit A | GitHub MASTER dedupe passed	http://woodpropertymgmt.com/	woodmanagementmadison@gmail.com	https://woodpropertymgmt.com/about	https://www.instagram.com/woodpropertymanagement/							High	Verified	https://explore.overturemaps.org/#id=7188e90b-f14f-49de-a360-05250f6884da; https://woodpropertymgmt.com/	Public Overture site+email; zero-HTTP V6 cheap-screen. Final MASTER dedupe/QA required.				overture:7188e90b-f14f-49de-a360-05250f6884da	woodpropertymgmt.com	16087169924	wood property management	Sun Prairie	USA	HIGH	domain:woodpropertymgmt.com
	A	91	Vail	USA	Woodland Property Management Vail		property_management	2111 N Frontage Rd W	+19703358680								overture:e308fb1c-459e-48ac-98a7-63558e48da22	2026-08-15T00:45:42.545149Z		Canonical queue drain | fit A | GitHub MASTER dedupe passed	http://woodlandmgmtvail.com/	contact@woodlandmgmtvail.com		https://www.instagram.com/woodland.property.management/			https://www.woodlandmgmtvail.com/vacation-rental-quote				High	Verified	https://explore.overturemaps.org/#id=e308fb1c-459e-48ac-98a7-63558e48da22; https://www.woodlandmgmtvail.com/	Public Overture site+email; zero-HTTP V6 cheap-screen. Final MASTER dedupe/QA required.				overture:e308fb1c-459e-48ac-98a7-63558e48da22	woodlandmgmtvail.com	19703358680	woodland property management vail	Vail	USA	HIGH	domain:woodlandmgmtvail.com
	A	91	Cosby	USA	Wildwood Mountain Cabin Rentals		cabin	4410 Wildwood Dr	+18004232030								overture:71d8dcbf-dba9-418c-8328-ebe3c9fafe40	2026-08-15T00:45:42.545149Z		Canonical queue drain | fit A | GitHub MASTER dedupe passed	http://www.wildwoodmountain.com/	info@wildwoodmountain.com	https://wildwoodmountain.com/about/				https://wildwoodmountain.com/view-cabins/				High	Verified	https://explore.overturemaps.org/#id=71d8dcbf-dba9-418c-8328-ebe3c9fafe40	Public Overture site+email; zero-HTTP V6 cheap-screen. Final MASTER dedupe/QA required.				overture:71d8dcbf-dba9-418c-8328-ebe3c9fafe40	wildwoodmountain.com	18004232030	wildwood mountain cabin rentals	Cosby	USA	HIGH	domain:wildwoodmountain.com
	A	91	Westby	USA	Westby House Vacation Rental		bed_and_breakfast	200 W State St	+16086344112								overture:eea108bb-4fe6-4720-bbd9-74e2aa8786e2	2026-08-15T00:45:42.545149Z		Canonical queue drain | fit A | GitHub MASTER dedupe passed	https://www.westbyhouse.com/	westbyhouseinn@gmail.com	https://www.westbyhouse.com/book-now.htm				https://www.westbyhouse.com/book-now.htm				High	Verified	https://explore.overturemaps.org/#id=eea108bb-4fe6-4720-bbd9-74e2aa8786e2	Public Overture site+email; zero-HTTP V6 cheap-screen. Final MASTER dedupe/QA required.				overture:eea108bb-4fe6-4720-bbd9-74e2aa8786e2	westbyhouse.com	16086344112	westby house vacation rental	Westby	USA	HIGH	domain:westbyhouse.com
	A	91	Gatlinburg	USA	Vista Cabin Rentals		cabin	929 Scenic Trl	+16308922320								overture:3b0fad73-f9cf-4053-b627-e137e8fa3b03	2026-08-15T00:45:42.545149Z		Canonical queue drain | fit A | GitHub MASTER dedupe passed	http://vistacabinrentals.com/	vtopping@aol.com	https://www.vistacabinrentals.com/contact				https://www.vistacabinrentals.com/ls/all-properties				High	Verified	https://explore.overturemaps.org/#id=3b0fad73-f9cf-4053-b627-e137e8fa3b03	Public Overture site+email; zero-HTTP V6 cheap-screen. Final MASTER dedupe/QA required.				overture:3b0fad73-f9cf-4053-b627-e137e8fa3b03	vistacabinrentals.com	16308922320	vista cabin rentals	Gatlinburg	USA	HIGH	domain:vistacabinrentals.com
	A	91	Brevard	USA	Yellow Cottages Vacation Rental		cottage	309 S Country Club Rd	+18285539265								overture:28147eba-c0ab-4491-8e82-0a0fe8905a57	2026-08-15T00:45:42.545149Z		Canonical queue drain | fit A | GitHub MASTER dedupe passed	https://www.vacationbrevardnc.com/	vacationbrevardnc@gmail.com	https://vacationbrevardnc.com/en/aboutus				https://vacationbrevardnc.com/en/apartments				High	Verified	https://explore.overturemaps.org/#id=28147eba-c0ab-4491-8e82-0a0fe8905a57	Public Overture site+email; zero-HTTP V6 cheap-screen. Final MASTER dedupe/QA required.				overture:28147eba-c0ab-4491-8e82-0a0fe8905a57	vacationbrevardnc.com	18285539265	yellow cottages vacation rental	Brevard	USA	HIGH	domain:vacationbrevardnc.com
	A	91	Steamboat Springs	USA	Abbey Rock Vacation Home		holiday_rental_home	1767 River Queen Ln	+14049847230								overture:dcdabbf3-a8f8-4ff9-8a1b-78d39cb5ddee	2026-08-15T00:45:42.545149Z		Canonical queue drain | fit A | GitHub MASTER dedupe passed	http://www.stayabbeyrock.com/	fergus@stayabbeyrock.com	https://www.stayabbeyrock.com/contact				https://www.stayabbeyrock.com/long-term-stays				High	Verified	https://explore.overturemaps.org/#id=dcdabbf3-a8f8-4ff9-8a1b-78d39cb5ddee	Public Overture site+email; zero-HTTP V6 cheap-screen. Final MASTER dedupe/QA required.				overture:dcdabbf3-a8f8-4ff9-8a1b-78d39cb5ddee	stayabbeyrock.com	14049847230	abbey rock vacation home	Steamboat Springs	USA	HIGH	domain:stayabbeyrock.com
	A	91	Menomonie	USA	Southside Property Management		property_management	1621 S Broadway St	+17152317368								overture:666f9235-0f2b-474c-9170-1645c73af138	2026-08-15T00:45:42.545149Z		Canonical queue drain | fit A | GitHub MASTER dedupe passed	http://southsidepropertymanagement.com/rentals/	info@southsidepropertymanagement.com	https://southsidepropertymanagement.com/contact-us/				https://southsidepropertymanagement.com/rentals/?rmwebsvc_command=search_result.aspx&rmwebsvc_corpid=southside&rmwebsvc_location=&rmwebsvc_id=&rmwebsvc_mode=javascript&rmwebsvc_AvailabilityDate=&rmwebsvc_template=unitlist&bedroomslk=1				High	Verified	https://explore.overturemaps.org/#id=666f9235-0f2b-474c-9170-1645c73af138	Public Overture site+email; zero-HTTP V6 cheap-screen. Final MASTER dedupe/QA required.				overture:666f9235-0f2b-474c-9170-1645c73af138	southsidepropertymanagement.com	17152317368	southside property management	Menomonie	USA	HIGH	domain:southsidepropertymanagement.com
	A	91	Maggie Valley	USA	Seasons Cabin Rentals		cabin	64 Mari Pl	+18287345562								overture:12133dfd-bf29-4227-9aec-10518f263325	2026-08-15T00:45:42.545149Z		Canonical queue drain | fit A | GitHub MASTER dedupe passed	http://www.seasonscabinrentals.com/	bruce@seasonscabinrentals.com			https://www.facebook.com/seasonscabinrentals/		https://www.seasonscabinrentals.com:443/book				High	Verified	https://explore.overturemaps.org/#id=12133dfd-bf29-4227-9aec-10518f263325	Public Overture site+email; zero-HTTP V6 cheap-screen. Final MASTER dedupe/QA required.				overture:12133dfd-bf29-4227-9aec-10518f263325	seasonscabinrentals.com	18287345562	seasons cabin rentals	Maggie Valley	USA	HIGH	domain:seasonscabinrentals.com
	A	91	Greenville	USA	Real Property Management Upcountry		property_management	37 Villa Rd	+18648079807								overture:b4f2a455-bf2f-4d57-8255-b289d70bac95	2026-08-15T00:45:42.545149Z		Canonical queue drain | fit A | GitHub MASTER dedupe passed	https://www.rpmupcountry.com/?cid=LSTL_RPM000183	hannahtinsley@rpmupcountry.com	https://www.rpmupcountry.com/about-us		https://www.facebook.com/rpmupcountry/						High	Verified	https://explore.overturemaps.org/#id=b4f2a455-bf2f-4d57-8255-b289d70bac95	Public Overture site+email; zero-HTTP V6 cheap-screen. Final MASTER dedupe/QA required.				overture:b4f2a455-bf2f-4d57-8255-b289d70bac95	rpmupcountry.com	18648079807	real property management upcountry	Greenville	USA	HIGH	domain:rpmupcountry.com
	A	91	Madison	USA	Real Property Management Greater Madison Metro		property_management	6441 Enterprise Ln	+16083101290								overture:b559c30f-2054-4d59-9d80-3d85261a6054	2026-08-15T00:45:42.545149Z		Canonical queue drain | fit A | GitHub MASTER dedupe passed	https://www.rpmgreatermadison.com/?cid=LSTL_RPM000183	info@rpmgreatermadison.com	https://www.rpmgreatermadison.com/about-us/		https://www.facebook.com/GreaterMadisonRPM/						High	Verified	https://explore.overturemaps.org/#id=b559c30f-2054-4d59-9d80-3d85261a6054	Public Overture site+email; zero-HTTP V6 cheap-screen. Final MASTER dedupe/QA required.				overture:b559c30f-2054-4d59-9d80-3d85261a6054	rpmgreatermadison.com	16083101290	real property management greater madison metro	Madison	USA	HIGH	domain:rpmgreatermadison.com
	A	91	London	United Kingdom	Robert Fells Property Management		property_management	71 College Road	+442088615781								overture:99131697-e7d0-4842-a1e7-2f19ec2e8e86	2026-08-15T00:45:42.545149Z		Canonical queue drain | fit A | GitHub MASTER dedupe passed	http://www.robertfellspropertymanagement.co.uk/	info@robertfellspropertymanagement.co.uk	https://www.robertfellspropertymanagement.co.uk/contact/		https://www.facebook.com/ManagementProperties/						Medium	Recall-first	https://explore.overturemaps.org/#id=99131697-e7d0-4842-a1e7-2f19ec2e8e86	Public Overture site+email; zero-HTTP V6 cheap-screen. Final MASTER dedupe/QA required.				overture:99131697-e7d0-4842-a1e7-2f19ec2e8e86	robertfellspropertymanagement.co.uk	442088615781	robert fells property management	London	United Kingdom	MEDIUM	domain:robertfellspropertymanagement.co.uk
	A	91	London	United Kingdom	Residential Property Management Group		property_management	Unit 5 Sedgwick St	+442032396063								overture:6dec4508-cb72-4e54-a366-d3090d8ce247	2026-08-15T00:45:42.545149Z		Canonical queue drain | fit A | GitHub MASTER dedupe passed	https://www.residentialpropertymanagementgroup.co.uk/	info@residentialpropertymanagementgroup.co.uk	https://www.residentialpropertymanagementgroup.co.uk/about-us		https://www.facebook.com/ResidentialPropertyManagementGroup/						High	Verified	https://explore.overturemaps.org/#id=6dec4508-cb72-4e54-a366-d3090d8ce247	Public Overture site+email; zero-HTTP V6 cheap-screen. Final MASTER dedupe/QA required.				overture:6dec4508-cb72-4e54-a366-d3090d8ce247	residentialpropertymanagementgroup.co.uk	442032396063	residential property management group	London	United Kingdom	HIGH	domain:residentialpropertymanagementgroup.co.uk
	A	91	Greenville	USA	Central Property Management		property_management	1030 E Butler Rd	+18886779877								overture:1d6bd38e-f42d-433c-902b-e0d796da45e6	2026-08-15T00:45:42.545149Z		Canonical queue drain | fit A | GitHub MASTER dedupe passed	http://www.renthomesweethome.com/	rentals@renthomesweethome.com	https://www.renthomesweethome.com/about-us				https://www.renthomesweethome.com/feed/atom				High	Verified	https://explore.overturemaps.org/#id=1d6bd38e-f42d-433c-902b-e0d796da45e6	Public Overture site+email; zero-HTTP V6 cheap-screen. Final MASTER dedupe/QA required.				overture:1d6bd38e-f42d-433c-902b-e0d796da45e6	renthomesweethome.com	18886779877	central property management	Greenville	USA	HIGH	domain:renthomesweethome.com
	A	91	Holmen	USA	Brott Property Management		property_management	543 Ryan St	+16087835809								overture:5b7dbf32-067b-4e57-8345-070e3f94e738	2026-08-15T00:45:42.545149Z		Canonical queue drain | fit A | GitHub MASTER dedupe passed	http://rent10.com/	alexis@rent10.com			https://www.facebook.com/rentbrott/		https://rent10.com/town-homes/				High	Verified	https://explore.overturemaps.org/#id=5b7dbf32-067b-4e57-8345-070e3f94e738	Public Overture site+email; zero-HTTP V6 cheap-screen. Final MASTER dedupe/QA required.				overture:5b7dbf32-067b-4e57-8345-070e3f94e738	rent10.com	16087835809	brott property management	Holmen	USA	HIGH	domain:rent10.com
	A	91	Madison	USA	Regency Property Management		property_management	102 N Franklin St	+16082513700								overture:7be54aad-330f-4a1f-9393-d10d0f83120c	2026-08-15T00:45:42.545149Z		Canonical queue drain | fit A | GitHub MASTER dedupe passed	http://www.regencypm.com/	atrpropertymanagementllc@gmail.com	https://regencypm.com/about-us/				https://regencypm.com/homestead-luxury-rentals/				High	Verified	https://explore.overturemaps.org/#id=7be54aad-330f-4a1f-9393-d10d0f83120c	Public Overture site+email; zero-HTTP V6 cheap-screen. Final MASTER dedupe/QA required.				overture:7be54aad-330f-4a1f-9393-d10d0f83120c	regencypm.com	16082513700	regency property management	Madison	USA	HIGH	domain:regencypm.com
	A	91	Platteville	USA	Pioneer Property Management		property_management	10 Keystone Pkwy	+16083487755								overture:f3ce87aa-59d5-421c-b07c-f0afd580ac56	2026-08-15T00:45:42.545149Z		Canonical queue drain | fit A | GitHub MASTER dedupe passed	http://www.ppmirentals.com/	ppmi@ppmirentals.com	https://www.ppmirentals.com/About-Us.aspx		https://www.facebook.com/PioneerPropertyManagementInc/						High	Verified	https://explore.overturemaps.org/#id=f3ce87aa-59d5-421c-b07c-f0afd580ac56	Public Overture site+email; zero-HTTP V6 cheap-screen. Final MASTER dedupe/QA required.				overture:f3ce87aa-59d5-421c-b07c-f0afd580ac56	ppmirentals.com	16083487755	pioneer property management	Platteville	USA	HIGH	domain:ppmirentals.com
	A	91	Gatlinburg	USA	Poplar Ridge Log Cabin Rentals		cabin	125 Poplar Ln	+18654369589								overture:cca7aa51-c1ee-433f-ab02-a5ef53adb642	2026-08-15T00:45:42.545149Z		Canonical queue drain | fit A | GitHub MASTER dedupe passed	http://www.poplarridge.com	information@poplarridge.com	https://poplarridge.com/contact/				https://poplarridge.com/vacation-rentals/				High	Verified	https://explore.overturemaps.org/#id=cca7aa51-c1ee-433f-ab02-a5ef53adb642	Public Overture site+email; zero-HTTP V6 cheap-screen. Final MASTER dedupe/QA required.				overture:cca7aa51-c1ee-433f-ab02-a5ef53adb642	poplarridge.com	18654369589	poplar ridge log cabin rentals	Gatlinburg	USA	HIGH	domain:poplarridge.com
	A	91	Galax	USA	Property Management Solutions of Virginia		property_management	8638 Carrollton Pike	+12762362225								overture:5bb42188-6180-4cb2-ac15-0b79299088e9	2026-08-15T00:45:42.545149Z		Canonical queue drain | fit A | GitHub MASTER dedupe passed	http://www.pmsva.com/	info@pmsva.com	https://www.pmsva.com/contactus/		https://www.facebook.com/galaxproperties/						High	Verified	https://explore.overturemaps.org/#id=5bb42188-6180-4cb2-ac15-0b79299088e9	Public Overture site+email; zero-HTTP V6 cheap-screen. Final MASTER dedupe/QA required.				overture:5bb42188-6180-4cb2-ac15-0b79299088e9	pmsva.com	12762362225	property management solutions of virginia	Galax	USA	HIGH	domain:pmsva.com
	A	91	Stroud	United Kingdom	Pittville Property Management		property_management	3 London Road	+441453847400								overture:7de21534-9db4-49fb-ae9f-669241945047	2026-08-15T00:45:42.545149Z		Canonical queue drain | fit A | GitHub MASTER dedupe passed	http://www.pittvilleproperty.co.uk/	enquiries@pittvilleproperty.co.uk	https://www.pittvilleproperty.co.uk/contact				https://www.pittvilleproperty.co.uk/page/7-short-term-let				High	Verified	https://explore.overturemaps.org/#id=7de21534-9db4-49fb-ae9f-669241945047	Public Overture site+email; zero-HTTP V6 cheap-screen. Final MASTER dedupe/QA required.				overture:7de21534-9db4-49fb-ae9f-669241945047	pittvilleproperty.co.uk	441453847400	pittville property management	Stroud	United Kingdom	HIGH	domain:pittvilleproperty.co.uk
	A	91	Spartanburg	USA	Pepperwood Property Management		property_management	226 Hydrick St	+18645861555								overture:bc944485-3ef9-448a-bcd4-d1cc9536eb8e	2026-08-15T00:45:42.545149Z		Canonical queue drain | fit A | GitHub MASTER dedupe passed	http://PepperwoodPM.com/	hello@pepperwoodpm.com	https://pepperwoodpm.com/about/		https://www.facebook.com/PepperwoodProps/						High	Verified	https://explore.overturemaps.org/#id=bc944485-3ef9-448a-bcd4-d1cc9536eb8e	Public Overture site+email; zero-HTTP V6 cheap-screen. Final MASTER dedupe/QA required.				overture:bc944485-3ef9-448a-bcd4-d1cc9536eb8e	pepperwoodpm.com	18645861555	pepperwood property management	Spartanburg	USA	HIGH	domain:pepperwoodpm.com
	A	91	Avon	USA	Peak Property Management		property_management	110 E Beaver Creek Blvd	+19706889004								overture:20fda54a-e416-497b-b9d3-7d9fa3495123	2026-08-15T00:45:42.545149Z		Canonical queue drain | fit A | GitHub MASTER dedupe passed	https://peakpmgt.com/	randy@peakpmgt.com	https://peakpmgt.com/about-us/				https://peakpmgt.com/tag/vacation-rentals/				High	Verified	https://explore.overturemaps.org/#id=20fda54a-e416-497b-b9d3-7d9fa3495123	Public Overture site+email; zero-HTTP V6 cheap-screen. Final MASTER dedupe/QA required.				overture:20fda54a-e416-497b-b9d3-7d9fa3495123	peakpmgt.com	19706889004	peak property management	Avon	USA	HIGH	domain:peakpmgt.com
	A	91	Fountain Inn	USA	Peaceful Cabin Rentals		cabin	PO Box 204									overture:67763cf8-75ad-4ec3-a5f4-b9d925b8832b	2026-08-15T00:45:42.545149Z		Canonical queue drain | fit A | GitHub MASTER dedupe passed	https://peacefulcabinrentals.com/	peacefulcabinrentals@gmail.com	https://peacefulcabinrentals.com/about.html	https://www.instagram.com/peacefulcabinrentals/	https://www.facebook.com/PeacefulCabinRentals/						High	Verified	https://explore.overturemaps.org/#id=67763cf8-75ad-4ec3-a5f4-b9d925b8832b; https://peacefulcabinrentals.com/index.html	Public Overture site+email; zero-HTTP V6 cheap-screen. Final MASTER dedupe/QA required.				overture:67763cf8-75ad-4ec3-a5f4-b9d925b8832b	peacefulcabinrentals.com		peaceful cabin rentals	Fountain Inn	USA	HIGH	domain:peacefulcabinrentals.com
	A	91	Statesville	USA	Parks Deter Property Management Services, Inc		property_management	1706 Davie Ave	+17048710998								overture:78041313-6584-4866-bdfa-cdb1b39d0901	2026-08-15T00:45:42.545149Z		Canonical queue drain | fit A | GitHub MASTER dedupe passed	http://www.parksdeter.com/	gene@parksdeter.com		https://www.instagram.com/hendersonproperties/	https://www.facebook.com/HendersonProperties/						High	Verified	https://explore.overturemaps.org/#id=78041313-6584-4866-bdfa-cdb1b39d0901; https://www.parksdeter.com/	Public Overture site+email; zero-HTTP V6 cheap-screen. Final MASTER dedupe/QA required.				overture:78041313-6584-4866-bdfa-cdb1b39d0901	parksdeter.com	17048710998	parks deter property management services inc	Statesville	USA	HIGH	domain:parksdeter.com
	A	91	La Follette	USA	American Spirit Vacation Rental Home		holiday_rental_home	399 Water Edge Ln	+19372386843								overture:9669c431-7c08-4426-87bf-de32be7d8757	2026-08-15T00:45:42.545149Z		Canonical queue drain | fit A | GitHub MASTER dedupe passed	http://Norrislakeproperties.com/	jon@norrislakeproperties.com	https://norrislakeproperties.com/norris-lake-water-sports-rentals-contact-us/				https://norrislakeproperties.com/norris-lake-homes-for-sale/				High	Verified	https://explore.overturemaps.org/#id=9669c431-7c08-4426-87bf-de32be7d8757	Public Overture site+email; zero-HTTP V6 cheap-screen. Final MASTER dedupe/QA required.				overture:9669c431-7c08-4426-87bf-de32be7d8757	norrislakeproperties.com	19372386843	american spirit vacation rental home	La Follette	USA	HIGH	domain:norrislakeproperties.com
	A	91	Greenville	USA	NewShire Property Management		property_management	333 Wade Hampton Blvd	+18646865312								overture:4b297e9f-ba81-4785-a5f5-f9197c787a40	2026-08-15T00:45:42.545149Z		Canonical queue drain | fit A | GitHub MASTER dedupe passed	http://www.newshirepm.com/	info@newshirepm.com	https://newshirepm.com/about-us		https://www.facebook.com/profile.php/						High	Verified	https://explore.overturemaps.org/#id=4b297e9f-ba81-4785-a5f5-f9197c787a40	Public Overture site+email; zero-HTTP V6 cheap-screen. Final MASTER dedupe/QA required.				overture:4b297e9f-ba81-4785-a5f5-f9197c787a40	newshirepm.com	18646865312	newshire property management	Greenville	USA	HIGH	domain:newshirepm.com
	A	91	Coralville	USA	Nest Property Management		property_management	1955 James St	+13193387068								overture:9bec082c-aeee-4421-9893-23505efd1f84	2026-08-15T00:45:42.545149Z		Canonical queue drain | fit A | GitHub MASTER dedupe passed	http://www.nestpm.com/	hello@nestpm.com	https://www.nestpm.com/about				https://www.nestpm.com/iowa-city-homes-for-rent				High	Verified	https://explore.overturemaps.org/#id=9bec082c-aeee-4421-9893-23505efd1f84	Public Overture site+email; zero-HTTP V6 cheap-screen. Final MASTER dedupe/QA required.				overture:9bec082c-aeee-4421-9893-23505efd1f84	nestpm.com	13193387068	nest property management	Coralville	USA	HIGH	domain:nestpm.com
	A	91	Thames Ditton	United Kingdom	Mandeville Property Management		property_management	Admirals Quarters, Portsmouth Rd	+441932640375								overture:4aa83c31-a4e4-4840-9b6f-0c6046630200	2026-08-15T00:45:42.545149Z		Canonical queue drain | fit A | GitHub MASTER dedupe passed	http://www.mandeville-pm.co.uk/	info@mandeville-pm.co.uk	https://mandeville-pm.co.uk/contact		https://www.facebook.com/MandevillePropertyManagement/						Medium	Recall-first	https://explore.overturemaps.org/#id=4aa83c31-a4e4-4840-9b6f-0c6046630200	Public Overture site+email; zero-HTTP V6 cheap-screen. Final MASTER dedupe/QA required.				overture:4aa83c31-a4e4-4840-9b6f-0c6046630200	mandeville-pm.co.uk	441932640375	mandeville property management	Thames Ditton	United Kingdom	MEDIUM	domain:mandeville-pm.co.uk
	A	91	St Neots	United Kingdom	Magpie Property Management		property_management	36 New Street	+441480475777								overture:9a95715e-af0f-4f97-a0f2-fe8db71b1fc6	2026-08-15T00:45:42.545149Z		Canonical queue drain | fit A | GitHub MASTER dedupe passed	https://www.magpieproperty.co.uk/	enquiries@magpieproperty.co.uk	https://www.magpieproperty.co.uk/contact.aspx				https://www.magpieproperty.co.uk/properties.aspx?mode=1&showsearch=1				Medium	Recall-first	https://explore.overturemaps.org/#id=9a95715e-af0f-4f97-a0f2-fe8db71b1fc6	Public Overture site+email; zero-HTTP V6 cheap-screen. Final MASTER dedupe/QA required.				overture:9a95715e-af0f-4f97-a0f2-fe8db71b1fc6	magpieproperty.co.uk	441480475777	magpie property management	St Neots	United Kingdom	MEDIUM	domain:magpieproperty.co.uk
	A	91	Kannapolis	USA	ROC Property Management		property_management	700 N Cannon Blvd	+17049332231								overture:c451a451-0073-44f0-aa0c-ab600c0a42ea	2026-08-15T00:45:42.545149Z		Canonical queue drain | fit A | GitHub MASTER dedupe passed	https://www.krearoc.com/	krearoc@gmail.com			https://www.facebook.com/profile.php/		https://www.krearoc.com/properties				High	Verified	https://explore.overturemaps.org/#id=c451a451-0073-44f0-aa0c-ab600c0a42ea	Public Overture site+email; zero-HTTP V6 cheap-screen. Final MASTER dedupe/QA required.				overture:c451a451-0073-44f0-aa0c-ab600c0a42ea	krearoc.com	17049332231	roc property management	Kannapolis	USA	HIGH	domain:krearoc.com
	A	91	River Falls	USA	Jenkins Property Management LLC		property_management	311 N 2nd St	+17156299787								overture:27eda90f-123d-4733-b07b-5cda0856c91a	2026-08-15T00:45:42.545149Z		Canonical queue drain | fit A | GitHub MASTER dedupe passed	http://www.jenkinspropertymanagementllc.com/	info@jenkinspropertymanagementllc.com	https://www.jenkinspropertymanagementllc.com/about-us		https://www.facebook.com/JenkinsPropertyManagement/						High	Verified	https://explore.overturemaps.org/#id=27eda90f-123d-4733-b07b-5cda0856c91a	Public Overture site+email; zero-HTTP V6 cheap-screen. Final MASTER dedupe/QA required.				overture:27eda90f-123d-4733-b07b-5cda0856c91a	jenkinspropertymanagementllc.com	17156299787	jenkins property management llc	River Falls	USA	HIGH	domain:jenkinspropertymanagementllc.com
	A	91	Davenport	USA	Integrity Pro Property Management		property_management	1031 W 35th St	+18007545420								overture:da4ac7c5-2474-4651-b119-8c5824ade12c	2026-08-15T00:45:42.545149Z		Canonical queue drain | fit A | GitHub MASTER dedupe passed	http://www.integrityproproperty.com/	cgroesch@integrityproproperty.com	https://integrityproproperty.com/about/		https://www.facebook.com/IntegrityProProperty/						High	Verified	https://explore.overturemaps.org/#id=da4ac7c5-2474-4651-b119-8c5824ade12c	Public Overture site+email; zero-HTTP V6 cheap-screen. Final MASTER dedupe/QA required.				overture:da4ac7c5-2474-4651-b119-8c5824ade12c	integrityproproperty.com	18007545420	integrity pro property management	Davenport	USA	HIGH	domain:integrityproproperty.com
	A	91	Arcata	USA	Humboldt Property Management		property_management	954 H St	+17078251515								overture:43e362d9-05ea-462f-8ab4-37559b6e4181	2026-08-15T00:45:42.545149Z		Canonical queue drain | fit A | GitHub MASTER dedupe passed	http://humboldtrentals.com/	info@humboldtrentals.com	https://www.humboldtrentals.com/about-us				https://www.humboldtrentals.com/feed/atom				High	Verified	https://explore.overturemaps.org/#id=43e362d9-05ea-462f-8ab4-37559b6e4181	Public Overture site+email; zero-HTTP V6 cheap-screen. Final MASTER dedupe/QA required.				overture:43e362d9-05ea-462f-8ab4-37559b6e4181	humboldtrentals.com	17078251515	humboldt property management	Arcata	USA	HIGH	domain:humboldtrentals.com
	A	91	London	United Kingdom	Homes Property Management		property_management	43 All Saints Road	+442089607730								overture:da4c38d5-93a2-4a84-ac3e-747dc38a6e83	2026-08-15T00:45:42.545149Z		Canonical queue drain | fit A | GitHub MASTER dedupe passed	http://www.hpmllondon.co.uk/	admin@hpmllondon.co.uk	http://hpmllondon.co.uk/about-us/		https://www.facebook.com/HPML-Homes-Property-Management-Ltd-1650293235253393/						Medium	Recall-first	https://explore.overturemaps.org/#id=da4c38d5-93a2-4a84-ac3e-747dc38a6e83	Public Overture site+email; zero-HTTP V6 cheap-screen. Final MASTER dedupe/QA required.				overture:da4c38d5-93a2-4a84-ac3e-747dc38a6e83	hpmllondon.co.uk	442089607730	homes property management	London	United Kingdom	MEDIUM	domain:hpmllondon.co.uk
	A	91	Spartanburg	USA	House 2 Home Property Management LLC		property_management	1230 John B White Sr Blvd	+18643160823								overture:ce86c9c8-9158-47ba-b695-afc90cb3f2dc	2026-08-15T00:45:42.545149Z		Canonical queue drain | fit A | GitHub MASTER dedupe passed	http://www.House2homemgmt.com/	house2homellc@icloud.com	https://house2homemgmt.com/about-us		https://www.facebook.com/profile.php/						High	Verified	https://explore.overturemaps.org/#id=ce86c9c8-9158-47ba-b695-afc90cb3f2dc	Public Overture site+email; zero-HTTP V6 cheap-screen. Final MASTER dedupe/QA required.				overture:ce86c9c8-9158-47ba-b695-afc90cb3f2dc	house2homemgmt.com	18643160823	house 2 home property management llc	Spartanburg	USA	HIGH	domain:house2homemgmt.com
	A	91	Harbor Springs	USA	Harborside Property Management		property_management	151 E Bay St	+12318815282								overture:44044a15-b8bb-42ab-af9c-61b38b835843	2026-08-15T00:45:42.545149Z		Canonical queue drain | fit A | GitHub MASTER dedupe passed	http://harborsidepm.com/	liz@harborsidepm.com	https://www.harborsidepm.com/contact				https://www.harborsidepm.com/all-vacation-rentals				High	Verified	https://explore.overturemaps.org/#id=44044a15-b8bb-42ab-af9c-61b38b835843	Public Overture site+email; zero-HTTP V6 cheap-screen. Final MASTER dedupe/QA required.				overture:44044a15-b8bb-42ab-af9c-61b38b835843	harborsidepm.com	12318815282	harborside property management	Harbor Springs	USA	HIGH	domain:harborsidepm.com
	A	91	El Paso	USA	Guardian Property Management		property_management	6070 Gateway Blvd E Ste 101	(915) 783-0111								overture:2fc6fb99-9b37-47da-8ada-73da1c376295	2026-08-15T00:45:42.545149Z		Canonical queue drain | fit A | GitHub MASTER dedupe passed	http://www.guardianpropertymanagement.net	byron@guardianpropertymanagement.net	http://www.guardianpropertymanagement.net/about.html		https://www.facebook.com/pages/Guardian-Property-Management/441728012539043/						High	Verified	https://explore.overturemaps.org/#id=2fc6fb99-9b37-47da-8ada-73da1c376295	Public Overture site+email; zero-HTTP V6 cheap-screen. Final MASTER dedupe/QA required.				overture:2fc6fb99-9b37-47da-8ada-73da1c376295	guardianpropertymanagement.net	9157830111	guardian property management	El Paso	USA	HIGH	domain:guardianpropertymanagement.net
	A	91	Brasstown	USA	Great Mountain Cabin Rentals		cabin	10886 Old US-64 W	+18288353275								overture:57c504ab-e845-4acb-8722-81abc5cfec1e	2026-08-15T00:45:42.545149Z		Canonical queue drain | fit A | GitHub MASTER dedupe passed	https://greatmountaincabinrentals.com/	greatmtnvacations@gmail.com	https://www.greatmountaincabinrentals.com/contact-us/				https://www.greatmountaincabinrentals.com/vacation-rentals				High	Verified	https://explore.overturemaps.org/#id=57c504ab-e845-4acb-8722-81abc5cfec1e	Public Overture site+email; zero-HTTP V6 cheap-screen. Final MASTER dedupe/QA required.				overture:57c504ab-e845-4acb-8722-81abc5cfec1e	greatmountaincabinrentals.com	18288353275	great mountain cabin rentals	Brasstown	USA	HIGH	domain:greatmountaincabinrentals.com
	A	91	Rochford	United Kingdom	Fowler and Spenceley Property Management		property_management	4 West Street	+441702808287								overture:fca05955-6d74-4a89-aae2-8296b5efb51c	2026-08-15T00:45:42.545149Z		Canonical queue drain | fit A | GitHub MASTER dedupe passed	http://www.fspm.co.uk/	info@fspm.co.uk	https://www.fspm.co.uk/about-us/				https://www.fspm.co.uk/properties/				Medium	Recall-first	https://explore.overturemaps.org/#id=fca05955-6d74-4a89-aae2-8296b5efb51c	Public Overture site+email; zero-HTTP V6 cheap-screen. Final MASTER dedupe/QA required.				overture:fca05955-6d74-4a89-aae2-8296b5efb51c	fspm.co.uk	441702808287	fowler and spenceley property management	Rochford	United Kingdom	MEDIUM	domain:fspm.co.uk
	A	91	Westby	USA	Frontier Property Management		property_management	210 State Highway 27	+16086346448								overture:9fea54d2-83f1-43a0-9928-e44818dfd053	2026-08-15T00:45:42.545149Z		Canonical queue drain | fit A | GitHub MASTER dedupe passed	http://www.frontierhomesales.com/	office@frontierhomesales.com	https://www.frontierhomesales.com/about-us				https://www.frontierhomesales.com/properties/parkland-village-black-river-falls-wi/eyJpdiI6IjVHRDVuRUtQN2pkNkZEYTlGUDRpT1E9PSIsInZhbHVlIjoiVDJLRkd3aUxIQnhCUWh6RXl1WEVqdz09IiwibWFjIjoiOGNmOWNlNmFhZjVjOTQxOGU5MGEzNzU3YzJhM2Y5MWY1YWU0OTUxMThlNjZjMjM5MTY2ZTg0MTExOTQ4YjFmMCJ9				Medium	Recall-first	https://explore.overturemaps.org/#id=9fea54d2-83f1-43a0-9928-e44818dfd053	Public Overture site+email; zero-HTTP V6 cheap-screen. Final MASTER dedupe/QA required.				overture:9fea54d2-83f1-43a0-9928-e44818dfd053	frontierhomesales.com	16086346448	frontier property management	Westby	USA	MEDIUM	domain:frontierhomesales.com
	A	91	London	United Kingdom	Footman & Butler Prime Property Management		property_management	84 Brook Street	+442070960571								overture:19767d30-a16f-4cc8-90ae-165212aa5da3	2026-08-15T00:45:42.545149Z		Canonical queue drain | fit A | GitHub MASTER dedupe passed	https://www.footmanbutler.com/	enquiries@footmanbutler.com	https://www.footmanbutler.com/contact-us/	https://www.instagram.com/fb_property_management/							High	Verified	https://explore.overturemaps.org/#id=19767d30-a16f-4cc8-90ae-165212aa5da3; https://www.footmanbutler.com/	Public Overture site+email; zero-HTTP V6 cheap-screen. Final MASTER dedupe/QA required.				overture:19767d30-a16f-4cc8-90ae-165212aa5da3	footmanbutler.com	442070960571	footman butler prime property management	London	United Kingdom	HIGH	domain:footmanbutler.com
	A	91	Longniddry	United Kingdom	East Lothian Property Management		property_management	Linksfield Office	+441875870425								overture:e33d7f9f-dc56-4264-85b1-71605c254aea	2026-08-15T00:45:42.545149Z		Canonical queue drain | fit A | GitHub MASTER dedupe passed	http://www.elpm.co.uk/	info@elpm.co.uk	https://www.elpm.co.uk/about/				https://www.elpm.co.uk/properties/				High	Verified	https://explore.overturemaps.org/#id=e33d7f9f-dc56-4264-85b1-71605c254aea	Public Overture site+email; zero-HTTP V6 cheap-screen. Final MASTER dedupe/QA required.				overture:e33d7f9f-dc56-4264-85b1-71605c254aea	elpm.co.uk	441875870425	east lothian property management	Longniddry	United Kingdom	HIGH	domain:elpm.co.uk
	A	91	Eastleigh	United Kingdom	Elmhurst Property Management		property_management	132 Winchester Road	+442380260771								overture:cfd8d513-6876-4abf-8c69-0079fd45db9e	2026-08-15T00:45:42.545149Z		Canonical queue drain | fit A | GitHub MASTER dedupe passed	http://www.elmhurstproperty.co.uk/	enquiries@elmhurstproperty.co.uk	https://www.elmhurstproperty.co.uk/about-us				https://www.elmhurstproperty.co.uk/properties-1				High	Verified	https://explore.overturemaps.org/#id=cfd8d513-6876-4abf-8c69-0079fd45db9e	Public Overture site+email; zero-HTTP V6 cheap-screen. Final MASTER dedupe/QA required.				overture:cfd8d513-6876-4abf-8c69-0079fd45db9e	elmhurstproperty.co.uk	442380260771	elmhurst property management	Eastleigh	United Kingdom	HIGH	domain:elmhurstproperty.co.uk
	A	91	London	United Kingdom	Crawfords Property Management		property_management	78 York Street	+442072244850								overture:f81727fc-dde3-4fec-8136-348cae677172	2026-08-15T00:45:42.545149Z		Canonical queue drain | fit A | GitHub MASTER dedupe passed	http://www.e-crawfords.co.uk/	info@e-crawfords.co.uk	https://www.e-crawfords.co.uk/about-us/				https://www.e-crawfords.co.uk/properties/				High	Verified	https://explore.overturemaps.org/#id=f81727fc-dde3-4fec-8136-348cae677172	Public Overture site+email; zero-HTTP V6 cheap-screen. Final MASTER dedupe/QA required.				overture:f81727fc-dde3-4fec-8136-348cae677172	e-crawfords.co.uk	442072244850	crawfords property management	London	United Kingdom	HIGH	domain:e-crawfords.co.uk
	A	91	Birmingham	United Kingdom	DLM Property Management		property_management	27 Chester Road	+441212725800								overture:230b4b2a-0375-428f-bff9-f572bc87f5db	2026-08-15T00:45:42.545149Z		Canonical queue drain | fit A | GitHub MASTER dedupe passed	http://www.dlmpropertymanagement.co.uk/	office@dlmpropertymanagement.co.uk	https://www.dlmpropertymanagement.co.uk/about-us		https://www.facebook.com/www.dlmpropertymanagement.co.uk/						High	Verified	https://explore.overturemaps.org/#id=230b4b2a-0375-428f-bff9-f572bc87f5db	Public Overture site+email; zero-HTTP V6 cheap-screen. Final MASTER dedupe/QA required.				overture:230b4b2a-0375-428f-bff9-f572bc87f5db	dlmpropertymanagement.co.uk	441212725800	dlm property management	Birmingham	United Kingdom	HIGH	domain:dlmpropertymanagement.co.uk
	A	91	Waynesville	USA	Cozy Cabin Rentals Inc		cabin	170 Cozy Cabin Ln	+14022090606								overture:5a84d398-2867-48cf-bbe2-10a412f075c9	2026-08-15T00:45:42.545149Z		Canonical queue drain | fit A | GitHub MASTER dedupe passed	http://www.cozycabinrental.com/	cozycabinrentalnc@gmail.com	https://cozycabinrental.com/about-the-area				https://cozycabinrental.com/guest-book-comments				High	Verified	https://explore.overturemaps.org/#id=5a84d398-2867-48cf-bbe2-10a412f075c9	Public Overture site+email; zero-HTTP V6 cheap-screen. Final MASTER dedupe/QA required.				overture:5a84d398-2867-48cf-bbe2-10a412f075c9	cozycabinrental.com	14022090606	cozy cabin rentals inc	Waynesville	USA	HIGH	domain:cozycabinrental.com
	A	91	Newhaven	United Kingdom	Charles Cox Property Management		property_management	Unit 50, Newhaven Enterprise Centre, Denton Island	+441323894400								overture:8147bd8d-da23-4b99-965e-382e809ce4e1	2026-08-15T00:45:42.545149Z		Canonical queue drain | fit A | GitHub MASTER dedupe passed	https://charlescox.co.uk/	info@charlescox.co.uk	https://www.charlescox.co.uk/contact-us		https://www.facebook.com/CharlesCoxPropertyGroup/						High	Verified	https://explore.overturemaps.org/#id=8147bd8d-da23-4b99-965e-382e809ce4e1	Public Overture site+email; zero-HTTP V6 cheap-screen. Final MASTER dedupe/QA required.				overture:8147bd8d-da23-4b99-965e-382e809ce4e1	charlescox.co.uk	441323894400	charles cox property management	Newhaven	United Kingdom	HIGH	domain:charlescox.co.uk
	A	91	Norwich	United Kingdom	Champion Property Management		property_management	390b Bowthorpe Road	+441603339046								overture:a87656c3-8dce-42c0-958a-7b1a0f7af736	2026-08-15T00:45:42.545149Z		Canonical queue drain | fit A | GitHub MASTER dedupe passed	http://www.championproperty.co.uk/	office@championproperty.co.uk	https://www.championproperty.co.uk/contact/				https://www.championproperty.co.uk/properties/				Medium	Recall-first	https://explore.overturemaps.org/#id=a87656c3-8dce-42c0-958a-7b1a0f7af736	Public Overture site+email; zero-HTTP V6 cheap-screen. Final MASTER dedupe/QA required.				overture:a87656c3-8dce-42c0-958a-7b1a0f7af736	championproperty.co.uk	441603339046	champion property management	Norwich	United Kingdom	MEDIUM	domain:championproperty.co.uk
	A	91	Coventry	United Kingdom	Central Property Management		property_management	2 Sheriffs Orchard	+447703509021								overture:c3fa0f39-993f-4d64-bc9b-50ce100b0c29	2026-08-15T00:45:42.545149Z		Canonical queue drain | fit A | GitHub MASTER dedupe passed	http://www.centralroomlets.co.uk/	info@centralroomlets.co.uk	https://www.centralroomlets.co.uk/contact		https://www.facebook.com/centralroomlets/						High	Verified	https://explore.overturemaps.org/#id=c3fa0f39-993f-4d64-bc9b-50ce100b0c29	Public Overture site+email; zero-HTTP V6 cheap-screen. Final MASTER dedupe/QA required.				overture:c3fa0f39-993f-4d64-bc9b-50ce100b0c29	centralroomlets.co.uk	447703509021	central property management	Coventry	United Kingdom	HIGH	domain:centralroomlets.co.uk
	A	91	Traphill	USA	Stone Mountain Cabin Rentals		holiday_rental_home	520 Alleghany Spur Rd	+17047620417								overture:1a1bd44a-d30a-4442-b6fb-843856d02b0b	2026-08-15T00:45:42.545149Z		Canonical queue drain | fit A | GitHub MASTER dedupe passed	http://www.cabins.com/usa/nc/nc_traphill_001/nc_traphill_smcr_001.html#	pattonpttn12@aol.com	https://www.cabins.com/about.html				https://www.cabins.com/css/cabins-0.1.css				High	Verified	https://explore.overturemaps.org/#id=1a1bd44a-d30a-4442-b6fb-843856d02b0b	Public Overture site+email; zero-HTTP V6 cheap-screen. Final MASTER dedupe/QA required.				overture:1a1bd44a-d30a-4442-b6fb-843856d02b0b	cabins.com	17047620417	stone mountain cabin rentals	Traphill	USA	HIGH	domain:cabins.com
	A	91	Bryson City	USA	Whispering Winds Log Cabin Rentals		cabin	140 Pams Way	+18287366443								overture:94a27399-f33d-4932-b65d-cee32b43d3e1	2026-08-15T00:45:42.545149Z		Canonical queue drain | fit A | GitHub MASTER dedupe passed	http://www.brysoncitylogcabins.com/	info@brysoncitylogcabins.com	https://www.brysoncitylogcabins.com/reservations.html				https://www.brysoncitylogcabins.com/css/custom-cabins.css				High	Verified	https://explore.overturemaps.org/#id=94a27399-f33d-4932-b65d-cee32b43d3e1	Public Overture site+email; zero-HTTP V6 cheap-screen. Final MASTER dedupe/QA required.				overture:94a27399-f33d-4932-b65d-cee32b43d3e1	brysoncitylogcabins.com	18287366443	whispering winds log cabin rentals	Bryson City	USA	HIGH	domain:brysoncitylogcabins.com
	A	91	Peterborough	United Kingdom	Brookdale Property Management Services		property_management	1144 Lincoln Road	+441733327788								overture:76bb1604-b682-45b6-8b94-7e02f350a4eb	2026-08-15T00:45:42.545149Z		Canonical queue drain | fit A | GitHub MASTER dedupe passed	http://www.brookdale-pms.co.uk/	info@brookdale-pms.co.uk	https://www.brookdale-pms.co.uk/contact-us				https://www.brookdale-pms.co.uk/properties-to-let				High	Verified	https://explore.overturemaps.org/#id=76bb1604-b682-45b6-8b94-7e02f350a4eb	Public Overture site+email; zero-HTTP V6 cheap-screen. Final MASTER dedupe/QA required.				overture:76bb1604-b682-45b6-8b94-7e02f350a4eb	brookdale-pms.co.uk	441733327788	brookdale property management services	Peterborough	United Kingdom	HIGH	domain:brookdale-pms.co.uk
	A	91	Gatlinburg	USA	Alans Mountain Rentals / Log Cabin Rentals Gatlinburg Tennessee		cabin	2406 E Parkway	+18656032495								overture:a1948dc9-9943-49e0-a166-4dfe477dc899	2026-08-15T00:45:42.545149Z		Canonical queue drain | fit A | GitHub MASTER dedupe passed	http://www.brentleyscabins.com/	gbh3548@gmail.com	https://brentleyscabins.com/contact-us/				https://brentleyscabins.com/gallery-brentleys-honeymoon-cabins/				High	Verified	https://explore.overturemaps.org/#id=a1948dc9-9943-49e0-a166-4dfe477dc899	Public Overture site+email; zero-HTTP V6 cheap-screen. Final MASTER dedupe/QA required.				overture:a1948dc9-9943-49e0-a166-4dfe477dc899	brentleyscabins.com	18656032495	alans mountain rentals log cabin rentals gatlinburg tennessee	Gatlinburg	USA	HIGH	domain:brentleyscabins.com
	A	91	London	United Kingdom	Brackenbury Property Management		property_management	59 Glenthorne Road	+442030023600								overture:7c4484f2-a760-4ac1-a03c-945a6fed308c	2026-08-15T00:45:42.545149Z		Canonical queue drain | fit A | GitHub MASTER dedupe passed	http://www.brackenbury-management.co.uk/	info@brackenbury-management.co.uk	https://www.brackenbury-management.co.uk/wp-content/plugins/contact-form-7/includes/css/styles.css?ver=5.6		https://www.facebook.com/Brackenbury-Property-Management-298743610483259/						High	Verified	https://explore.overturemaps.org/#id=7c4484f2-a760-4ac1-a03c-945a6fed308c	Public Overture site+email; zero-HTTP V6 cheap-screen. Final MASTER dedupe/QA required.				overture:7c4484f2-a760-4ac1-a03c-945a6fed308c	brackenbury-management.co.uk	442030023600	brackenbury property management	London	United Kingdom	HIGH	domain:brackenbury-management.co.uk
	A	91	Murphy	USA	Blaise Property Management LLC		landscaping		+18286557833								overture:bba01778-aeea-44a3-a8a6-3b0cf825e7e6	2026-08-15T00:45:42.545149Z		Canonical queue drain | fit A | GitHub MASTER dedupe passed	http://blaisepropertymanagement.com/	blaiseproperty@gmail.com	https://www.blaisepropertymanagement.com/about		https://www.facebook.com/Blaisepropertymanagement/						High	Verified	https://explore.overturemaps.org/#id=bba01778-aeea-44a3-a8a6-3b0cf825e7e6	Public Overture site+email; zero-HTTP V6 cheap-screen. Final MASTER dedupe/QA required.				overture:bba01778-aeea-44a3-a8a6-3b0cf825e7e6	blaisepropertymanagement.com	18286557833	blaise property management llc	Murphy	USA	HIGH	domain:blaisepropertymanagement.com
	A	91	Madison	USA	Birwood Property Management		property_management	3165 E Washington Ave	+16082414449								overture:d902bf58-0b06-4ec9-a3cc-d1f247b67c3b	2026-08-15T00:45:42.545149Z		Canonical queue drain | fit A | GitHub MASTER dedupe passed	http://www.birwood.net/	info@birwood.net	https://www.birwood.net/about-us		https://www.facebook.com/birwoodpropertymanagement/						High	Verified	https://explore.overturemaps.org/#id=d902bf58-0b06-4ec9-a3cc-d1f247b67c3b	Public Overture site+email; zero-HTTP V6 cheap-screen. Final MASTER dedupe/QA required.				overture:d902bf58-0b06-4ec9-a3cc-d1f247b67c3b	birwood.net	16082414449	birwood property management	Madison	USA	HIGH	domain:birwood.net
	A	91	Franklin	USA	Big Bear Cabin Rentals		cabin	357 Wide Horizon Dr	+18283490099								overture:f23cf764-055e-443e-8d43-2f148aedf3f8	2026-08-15T00:45:42.545149Z		Canonical queue drain | fit A | GitHub MASTER dedupe passed	https://bigbearfranklin.com/	info@bigbearfranklin.com	https://www.bigbearfranklin.com/contact-us/				https://www.bigbearfranklin.com/cabins/				High	Verified	https://explore.overturemaps.org/#id=f23cf764-055e-443e-8d43-2f148aedf3f8	Public Overture site+email; zero-HTTP V6 cheap-screen. Final MASTER dedupe/QA required.				overture:f23cf764-055e-443e-8d43-2f148aedf3f8	bigbearfranklin.com	18283490099	big bear cabin rentals	Franklin	USA	HIGH	domain:bigbearfranklin.com
	A	91	Greater Sudbury	USA	BGL Property Management		property_management	198 Dell St	+17056751155								overture:8e66ea5f-4d57-4ce9-90fe-f242a4f5a821	2026-08-15T00:45:42.545149Z		Canonical queue drain | fit A | GitHub MASTER dedupe passed	http://www.bglpropertymanagement.com/	jmgroom@bglpropertymanagement.com	http://www.bglpropertymanagement.com/contact.php				http://www.bglpropertymanagement.com/rentals.php				High	Verified	https://explore.overturemaps.org/#id=8e66ea5f-4d57-4ce9-90fe-f242a4f5a821	Public Overture site+email; zero-HTTP V6 cheap-screen. Final MASTER dedupe/QA required.				overture:8e66ea5f-4d57-4ce9-90fe-f242a4f5a821	bglpropertymanagement.com	17056751155	bgl property management	Greater Sudbury	USA	HIGH	domain:bglpropertymanagement.com
	A	91	Sevierville	USA	Bear Tootin Cabin Rentals		cabin	2854 Goose Gap Rd	(865) 366-4004								overture:46b1246b-ff87-4d7d-b7d6-a7913662f9cd	2026-08-15T00:45:42.545149Z		Canonical queue drain | fit A | GitHub MASTER dedupe passed	http://www.beartootin.com	beartootin@gmail.com	https://www.beartootin.com/about-us/				https://www.beartootin.com/properties/1-bedrooms/				High	Verified	https://explore.overturemaps.org/#id=46b1246b-ff87-4d7d-b7d6-a7913662f9cd	Public Overture site+email; zero-HTTP V6 cheap-screen. Final MASTER dedupe/QA required.				overture:46b1246b-ff87-4d7d-b7d6-a7913662f9cd	beartootin.com	8653664004	bear tootin cabin rentals	Sevierville	USA	HIGH	domain:beartootin.com
	A	91	Sister Bay	USA	Beachview Condo Rentals		holiday_rental_home	10678 N Bay Shore Dr	+19203669208								overture:81327e0b-ca51-41a8-b0dd-9ad5e589af85	2026-08-15T00:45:42.545149Z		Canonical queue drain | fit A | GitHub MASTER dedupe passed	http://Beachviewcondorentals.com/	admin@beachviewcondorentals.com	https://beachviewcondorentals.com/en/contact-us				https://beachviewcondorentals.com/en/our-rentals/?adults=1&children=0&infants=0&pets=0				High	Verified	https://explore.overturemaps.org/#id=81327e0b-ca51-41a8-b0dd-9ad5e589af85	Public Overture site+email; zero-HTTP V6 cheap-screen. Final MASTER dedupe/QA required.				overture:81327e0b-ca51-41a8-b0dd-9ad5e589af85	beachviewcondorentals.com	19203669208	beachview condo rentals	Sister Bay	USA	HIGH	domain:beachviewcondorentals.com
	A	91	Kidderminster	United Kingdom	Bagleys Sales and Property Management		property_management	90 Coventry Street	+441562744122								overture:a119d916-2221-48c1-ace0-97ceb3f076f3	2026-08-15T00:45:42.545149Z		Canonical queue drain | fit A | GitHub MASTER dedupe passed	http://www.bagleys-property.co.uk	info@bagleys-property.co.uk	https://www.bagleys-property.co.uk/about-us				https://www.bagleys-property.co.uk/properties-to-let				High	Verified	https://explore.overturemaps.org/#id=a119d916-2221-48c1-ace0-97ceb3f076f3	Public Overture site+email; zero-HTTP V6 cheap-screen. Final MASTER dedupe/QA required.				overture:a119d916-2221-48c1-ace0-97ceb3f076f3	bagleys-property.co.uk	441562744122	bagleys sales and property management	Kidderminster	United Kingdom	HIGH	domain:bagleys-property.co.uk
	A	91	Coventry	United Kingdom	Armstrong Property Management Services		property_management	28 Far Gosford Street	+442475096396								overture:ef1a9d3d-07b8-4128-9803-45c6d3a978fc	2026-08-15T00:45:42.545149Z		Canonical queue drain | fit A | GitHub MASTER dedupe passed	http://Armstrongpropertymanagementservices.co.uk/	info@armstrongpropertymanagementservices.co.uk	https://armstrongpropertymanagementservices.co.uk/about-us.htm		https://www.facebook.com/Armstrong-Property-Management-Services-1855246194748339/						Medium	Recall-first	https://explore.overturemaps.org/#id=ef1a9d3d-07b8-4128-9803-45c6d3a978fc	Public Overture site+email; zero-HTTP V6 cheap-screen. Final MASTER dedupe/QA required.				overture:ef1a9d3d-07b8-4128-9803-45c6d3a978fc	armstrongpropertymanagementservices.co.uk	442475096396	armstrong property management services	Coventry	United Kingdom	MEDIUM	domain:armstrongpropertymanagementservices.co.uk
	A	91	Cedar Rapids	USA	Apex Property Management		property_management	2720 A Ave NE	+13192069679								overture:86c2b53e-ef38-41d1-a257-250b74330f04	2026-08-15T00:45:42.545149Z		Canonical queue drain | fit A | GitHub MASTER dedupe passed	http://www.APMIowa.com/	support@apmiowa.com	https://www.apmiowa.com/about-us				https://www.apmiowa.com/apartments				High	Verified	https://explore.overturemaps.org/#id=86c2b53e-ef38-41d1-a257-250b74330f04	Public Overture site+email; zero-HTTP V6 cheap-screen. Final MASTER dedupe/QA required.				overture:86c2b53e-ef38-41d1-a257-250b74330f04	apmiowa.com	13192069679	apex property management	Cedar Rapids	USA	HIGH	domain:apmiowa.com
	A	91	Cedar Rapids	USA	Affinity Property Management		property_management	116 27th St NE	+13193930814								overture:0b036783-149f-48c7-a555-0985f7459520	2026-08-15T00:45:42.545149Z		Canonical queue drain | fit A | GitHub MASTER dedupe passed	http://www.apmia.com/	info@apmia.com	https://www.apmia.com/contact-us				https://www.apmia.com/rentals				High	Verified	https://explore.overturemaps.org/#id=0b036783-149f-48c7-a555-0985f7459520	Public Overture site+email; zero-HTTP V6 cheap-screen. Final MASTER dedupe/QA required.				overture:0b036783-149f-48c7-a555-0985f7459520	apmia.com	13193930814	affinity property management	Cedar Rapids	USA	HIGH	domain:apmia.com
	A	91	London	United Kingdom	ANG Property Management Ltd		property_management	38 Frognal	+442038767158								overture:7fd9d515-2f89-44fe-adc5-abe70dcb67fa	2026-08-15T00:45:42.545149Z		Canonical queue drain | fit A | GitHub MASTER dedupe passed	http://www.angpm.co.uk/	info@angpm.co.uk	https://angpm.co.uk/contact			https://wa.me/447554400377					Medium	Recall-first	https://explore.overturemaps.org/#id=7fd9d515-2f89-44fe-adc5-abe70dcb67fa	Public Overture site+email; zero-HTTP V6 cheap-screen. Final MASTER dedupe/QA required.				overture:7fd9d515-2f89-44fe-adc5-abe70dcb67fa	angpm.co.uk	442038767158	ang property management ltd	London	United Kingdom	MEDIUM	domain:angpm.co.uk
	A	91	Rochester	USA	Alliance Property Management		property_management	318 1st Ave SW	+15072584034								overture:3e2ba429-5a9a-4297-8c20-d9532f93b428	2026-08-15T00:45:42.545149Z		Canonical queue drain | fit A | GitHub MASTER dedupe passed	http://www.alliancepropertiesmn.com/	bobrien@alliancepropertiesmn.com	https://www.alliancepropertiesmn.com/about-us				https://www.alliancepropertiesmn.com/feed/atom				High	Verified	https://explore.overturemaps.org/#id=3e2ba429-5a9a-4297-8c20-d9532f93b428	Public Overture site+email; zero-HTTP V6 cheap-screen. Final MASTER dedupe/QA required.				overture:3e2ba429-5a9a-4297-8c20-d9532f93b428	alliancepropertiesmn.com	15072584034	alliance property management	Rochester	USA	HIGH	domain:alliancepropertiesmn.com
	A	91	Hesperia	USA	Valley Insured Property Management		property_management	18275 Bear Valley Rd	+17602409535								overture:35867917-52d9-49c2-9a55-0cb11d34afbc	2026-08-15T00:45:42.545149Z		Canonical queue drain | fit A | GitHub MASTER dedupe passed	http://www.vippropertyinc.com	info@vippropertyinc.com	https://www.vippropertyinc.com/about-us		https://www.facebook.com/vippropertyinc/						High	Verified	https://explore.overturemaps.org/#id=35867917-52d9-49c2-9a55-0cb11d34afbc	Public Overture site+email; zero-HTTP V6 cheap-screen. Final MASTER dedupe/QA required.				overture:35867917-52d9-49c2-9a55-0cb11d34afbc	vippropertyinc.com	17602409535	valley insured property management	Hesperia	USA	HIGH	domain:vippropertyinc.com
	A	91	Ventura	USA	Ventura Realty and Homes Property Management		property_management	1789 Monita Dr	+18057943603								overture:c80e8b32-fef0-4473-89d9-53333fef86e5	2026-08-15T00:45:42.545149Z		Canonical queue drain | fit A | GitHub MASTER dedupe passed	http://www.venturarealtyandhomes.com/	bill@venturarealtyandhomes.com	https://www.venturarealtyandhomes.com/about/				https://www.venturarealtyandhomes.com/member/favorite_properties/				High	Verified	https://explore.overturemaps.org/#id=c80e8b32-fef0-4473-89d9-53333fef86e5	Public Overture site+email; zero-HTTP V6 cheap-screen. Final MASTER dedupe/QA required.				overture:c80e8b32-fef0-4473-89d9-53333fef86e5	venturarealtyandhomes.com	18057943603	ventura realty and homes property management	Ventura	USA	HIGH	domain:venturarealtyandhomes.com
	A	91	San Luis Obispo	USA	SLO Realty & Property Management		property_management	443 Marsh St	+18057840946								overture:bc272f23-a7bb-462c-8ddc-e5dc6bbd6235	2026-08-15T00:45:42.545149Z		Canonical queue drain | fit A | GitHub MASTER dedupe passed	http://www.slorpm.com/	slorpm@hotmail.com	https://www.slorpm.com/contact-us		https://www.facebook.com/slorpm225/						High	Verified	https://explore.overturemaps.org/#id=bc272f23-a7bb-462c-8ddc-e5dc6bbd6235	Public Overture site+email; zero-HTTP V6 cheap-screen. Final MASTER dedupe/QA required.				overture:bc272f23-a7bb-462c-8ddc-e5dc6bbd6235	slorpm.com	18057840946	slo realty property management	San Luis Obispo	USA	HIGH	domain:slorpm.com
	A	91	Santa Barbara	USA	Sandpiper Property Management		property_management	1811 State St	+18054870099								overture:426d46bb-4611-437c-9356-f060c8d3b405	2026-08-15T00:45:42.545149Z		Canonical queue drain | fit A | GitHub MASTER dedupe passed	http://www.SandpiperPropertyManagement.com/	justin@sandpiperpropertymanagement.com	https://www.sandpiperpropertymanagement.com/about				https://www.sandpiperpropertymanagement.com/santa-barbara-homes-for-rent				High	Verified	https://explore.overturemaps.org/#id=426d46bb-4611-437c-9356-f060c8d3b405	Public Overture site+email; zero-HTTP V6 cheap-screen. Final MASTER dedupe/QA required.				overture:426d46bb-4611-437c-9356-f060c8d3b405	sandpiperpropertymanagement.com	18054870099	sandpiper property management	Santa Barbara	USA	HIGH	domain:sandpiperpropertymanagement.com
	A	91	Arcadia	USA	Ludecke Property Management Inc		property_management	20 E Foothill Blvd	+16264460872								overture:80b1770a-1e30-4bfc-8f7e-1f49d795525a	2026-08-15T00:45:42.545149Z		Canonical queue drain | fit A | GitHub MASTER dedupe passed	http://rentandmanage.com/	manager@rentandmanage.com	https://www.rentandmanage.com/about/		https://www.facebook.com/Ludecke-Property-Management-Inc-234504593265313/						High	Verified	https://explore.overturemaps.org/#id=80b1770a-1e30-4bfc-8f7e-1f49d795525a	Public Overture site+email; zero-HTTP V6 cheap-screen. Final MASTER dedupe/QA required.				overture:80b1770a-1e30-4bfc-8f7e-1f49d795525a	rentandmanage.com	16264460872	ludecke property management inc	Arcadia	USA	HIGH	domain:rentandmanage.com
	A	91	Ventura	USA	The Property Management Shoppe		property_management	1994 E Thompson Blvd	+18058432767								overture:6b8e5dc1-9dbf-44b5-9d2c-d97bcdf2cdf1	2026-08-15T00:45:42.545149Z		Canonical queue drain | fit A | GitHub MASTER dedupe passed	http://Propertymanagementshoppe.com/	denise.tpms@gmail.com	https://www.propertymanagementshoppe.com/about-us				https://www.propertymanagementshoppe.com/available-rentals				High	Verified	https://explore.overturemaps.org/#id=6b8e5dc1-9dbf-44b5-9d2c-d97bcdf2cdf1	Public Overture site+email; zero-HTTP V6 cheap-screen. Final MASTER dedupe/QA required.				overture:6b8e5dc1-9dbf-44b5-9d2c-d97bcdf2cdf1	propertymanagementshoppe.com	18058432767	the property management shoppe	Ventura	USA	HIGH	domain:propertymanagementshoppe.com
	A	91	Hesperia	USA	Priority One Property Management		property_management	9648 9th Ave	+17609492676								overture:4734efdd-f550-4f47-a2a1-a8dd3d3b295b	2026-08-15T00:45:42.545149Z		Canonical queue drain | fit A | GitHub MASTER dedupe passed	http://www.priorityonerentals.com/	priorityonepropertymgmt@yahoo.com	http://www.priorityonerentals.com/default.asp.f-aboutme		https://www.facebook.com/Priority-One-Property-Management-293467630862388/						High	Verified	https://explore.overturemaps.org/#id=4734efdd-f550-4f47-a2a1-a8dd3d3b295b	Public Overture site+email; zero-HTTP V6 cheap-screen. Final MASTER dedupe/QA required.				overture:4734efdd-f550-4f47-a2a1-a8dd3d3b295b	priorityonerentals.com	17609492676	priority one property management	Hesperia	USA	HIGH	domain:priorityonerentals.com
	A	91	Arroyo Grande	USA	Plus Property Management		property_management	1176 E Grand Ave	+18054736565								overture:1ecad177-f438-4c79-a785-e114abf60e26	2026-08-15T00:45:42.545149Z		Canonical queue drain | fit A | GitHub MASTER dedupe passed	http://www.plusmanagement.net	agoffice@plusmanagement.net	https://plusmanagement.net/about-us/				https://plusmanagement.net/available-rentals/				High	Verified	https://explore.overturemaps.org/#id=1ecad177-f438-4c79-a785-e114abf60e26	Public Overture site+email; zero-HTTP V6 cheap-screen. Final MASTER dedupe/QA required.				overture:1ecad177-f438-4c79-a785-e114abf60e26	plusmanagement.net	18054736565	plus property management	Arroyo Grande	USA	HIGH	domain:plusmanagement.net
	A	91	San Luis Obispo	USA	Peak Property Management		property_management	1041 Chorro St	+18055922226								overture:d20a597f-f505-4d91-a5cf-0a1286ed0f5d	2026-08-15T00:45:42.545149Z		Canonical queue drain | fit A | GitHub MASTER dedupe passed	http://www.peakslo.com/	gary@peakslo.com	https://peakslo.com/about				https://peakslo.com/properties				High	Verified	https://explore.overturemaps.org/#id=d20a597f-f505-4d91-a5cf-0a1286ed0f5d	Public Overture site+email; zero-HTTP V6 cheap-screen. Final MASTER dedupe/QA required.				overture:d20a597f-f505-4d91-a5cf-0a1286ed0f5d	peakslo.com	18055922226	peak property management	San Luis Obispo	USA	HIGH	domain:peakslo.com
	A	91	Santa Clarita	USA	National Property Management Group		property_management	25115 Avenue Stanford	+16612955966								overture:4991b790-0e69-49d3-a72d-dc6c5c32605b	2026-08-15T00:45:42.545149Z		Canonical queue drain | fit A | GitHub MASTER dedupe passed	http://npmgonline.com/	andrew@npmgonline.com	https://www.npmgonline.com/about-us/		https://www.facebook.com/NationalPropertyManagementGroup/						Medium	Recall-first	https://explore.overturemaps.org/#id=4991b790-0e69-49d3-a72d-dc6c5c32605b	Public Overture site+email; zero-HTTP V6 cheap-screen. Final MASTER dedupe/QA required.				overture:4991b790-0e69-49d3-a72d-dc6c5c32605b	npmgonline.com	16612955966	national property management group	Santa Clarita	USA	MEDIUM	domain:npmgonline.com
	A	91	Burbank	USA	Luminous Property Management		property_management	2219 W Olive Ave	+17472214960								overture:4a6a2911-a0d3-45a3-bf2a-93b0886c554d	2026-08-15T00:45:42.545149Z		Canonical queue drain | fit A | GitHub MASTER dedupe passed	http://Luminouspropertymgmt.com/	info@luminouspropertymgmt.com		https://www.instagram.com/luminouspropertymanagement/	https://www.facebook.com/profile.php/						High	Verified	https://explore.overturemaps.org/#id=4a6a2911-a0d3-45a3-bf2a-93b0886c554d; https://luminouspropertymgmt.com/	Public Overture site+email; zero-HTTP V6 cheap-screen. Final MASTER dedupe/QA required.				overture:4a6a2911-a0d3-45a3-bf2a-93b0886c554d	luminouspropertymgmt.com	17472214960	luminous property management	Burbank	USA	HIGH	domain:luminouspropertymgmt.com
	A	91	Odessa	USA	Lock and Key Property Management Group		property_management	5107 Wayland Dr	+14322601383								overture:fcf8c876-7616-49c8-8504-c20e059b07a6	2026-08-15T00:45:42.545149Z		Canonical queue drain | fit A | GitHub MASTER dedupe passed	http://www.lockkeypropertymanagementgroup.com/	lockkeypm@gmail.com	https://www.lockkeypropertymanagementgroup.com/about	https://www.instagram.com/lockkeypropertymg/							Medium	Recall-first	https://explore.overturemaps.org/#id=fcf8c876-7616-49c8-8504-c20e059b07a6; https://www.lockkeypropertymanagementgroup.com/	Public Overture site+email; zero-HTTP V6 cheap-screen. Final MASTER dedupe/QA required.				overture:fcf8c876-7616-49c8-8504-c20e059b07a6	lockkeypropertymanagementgroup.com	14322601383	lock and key property management group	Odessa	USA	MEDIUM	domain:lockkeypropertymanagementgroup.com
	A	91	La Crescenta	USA	LA Lux Property Management		property_management	3156 Foothill Blvd	+18182754809								overture:f8d68841-2b17-4d22-9e03-7c860a43a903	2026-08-15T00:45:42.545149Z		Canonical queue drain | fit A | GitHub MASTER dedupe passed	http://www.laluxpm.com/	info@laluxpm.com	https://www.laluxpm.com/contactus	https://www.instagram.com/laluxpm/							High	Verified	https://explore.overturemaps.org/#id=f8d68841-2b17-4d22-9e03-7c860a43a903; https://www.laluxpm.com/	Public Overture site+email; zero-HTTP V6 cheap-screen. Final MASTER dedupe/QA required.				overture:f8d68841-2b17-4d22-9e03-7c860a43a903	laluxpm.com	18182754809	la lux property management	La Crescenta	USA	HIGH	domain:laluxpm.com
	A	91	Santa Clarita	USA	Gable Property Management		property_management	27451 Tourney Rd	+16612598000								overture:5fb9d7d0-490c-4854-aaf8-5bef80d20d91	2026-08-15T00:45:42.545149Z		Canonical queue drain | fit A | GitHub MASTER dedupe passed	https://www.gablepropertymgmt.com/	info@gablepropertymgmt.com	https://www.gablepropertymgmt.com/contact-us		https://www.facebook.com/Gable-Property-Management-217400971633321/						High	Verified	https://explore.overturemaps.org/#id=5fb9d7d0-490c-4854-aaf8-5bef80d20d91	Public Overture site+email; zero-HTTP V6 cheap-screen. Final MASTER dedupe/QA required.				overture:5fb9d7d0-490c-4854-aaf8-5bef80d20d91	gablepropertymgmt.com	16612598000	gable property management	Santa Clarita	USA	HIGH	domain:gablepropertymgmt.com
	A	91	Santa Maria	USA	Creative Property Management		property_management	801 S Broadway	+18059286688								overture:d4be4453-ce16-436e-ae99-58ab7b0f8667	2026-08-15T00:45:42.545149Z		Canonical queue drain | fit A | GitHub MASTER dedupe passed	http://www.creativepropertymgt.com/	marchleigh@aol.com	https://www.creativepropertymgt.com/contact.html				https://www.creativepropertymgt.com/santa-maria-california-rental-properties-from-property-management-specialists.html				High	Verified	https://explore.overturemaps.org/#id=d4be4453-ce16-436e-ae99-58ab7b0f8667	Public Overture site+email; zero-HTTP V6 cheap-screen. Final MASTER dedupe/QA required.				overture:d4be4453-ce16-436e-ae99-58ab7b0f8667	creativepropertymgt.com	18059286688	creative property management	Santa Maria	USA	HIGH	domain:creativepropertymgt.com
	A	91	North Hollywood	USA	Core Alliance Property Management		property_management	6342 Morse Ave Apt 109	(818) 321-5435								overture:78d29bff-059d-4201-96b6-b84c36f4f729	2026-08-15T00:45:42.545149Z		Canonical queue drain | fit A | GitHub MASTER dedupe passed	http://www.coreallianceprop.com	coreallianceproperties@gmail.com	https://coreallianceprop.com/about-us/		https://www.facebook.com/corealliancemanagement/						High	Verified	https://explore.overturemaps.org/#id=78d29bff-059d-4201-96b6-b84c36f4f729	Public Overture site+email; zero-HTTP V6 cheap-screen. Final MASTER dedupe/QA required.				overture:78d29bff-059d-4201-96b6-b84c36f4f729	coreallianceprop.com	8183215435	core alliance property management	North Hollywood	USA	HIGH	domain:coreallianceprop.com
	A	91	Apple Valley	USA	Raquel Coldwell Banker Property Management		property_management	18484 US Highway 18	+17602177162								overture:e2439440-0cda-4d81-b060-5cc2cc69e265	2026-08-15T00:45:42.545149Z		Canonical queue drain | fit A | GitHub MASTER dedupe passed	http://www.cbhsrentals.com/	raquel@cbhsrentals.com	https://www.cbhsrentals.com/about-us				https://www.cbhsrentals.com/feed/atom				High	Verified	https://explore.overturemaps.org/#id=e2439440-0cda-4d81-b060-5cc2cc69e265	Public Overture site+email; zero-HTTP V6 cheap-screen. Final MASTER dedupe/QA required.				overture:e2439440-0cda-4d81-b060-5cc2cc69e265	cbhsrentals.com	17602177162	raquel coldwell banker property management	Apple Valley	USA	HIGH	domain:cbhsrentals.com
	A	91	Camarillo	USA	County Property Management		property_management	1100 Flynn Rd	+18054829800								overture:fbc26433-be4e-4bc3-9624-2dd2bbc3c214	2026-08-15T00:45:42.545149Z		Canonical queue drain | fit A | GitHub MASTER dedupe passed	http://www.c-p-m.com/	cpm@c-p-m.com	https://www.c-p-m.com/about				https://www.c-p-m.com/available-rentals				High	Verified	https://explore.overturemaps.org/#id=fbc26433-be4e-4bc3-9624-2dd2bbc3c214	Public Overture site+email; zero-HTTP V6 cheap-screen. Final MASTER dedupe/QA required.				overture:fbc26433-be4e-4bc3-9624-2dd2bbc3c214	c-p-m.com	18054829800	county property management	Camarillo	USA	HIGH	domain:c-p-m.com
	A	91	Oxnard	USA	Base Property Management		property_management	300 E Esplanade Dr	+13126220302								overture:b447f019-ea4d-4721-bae5-5dca92ace641	2026-08-15T00:45:42.545149Z		Canonical queue drain | fit A | GitHub MASTER dedupe passed	https://www.basepropertymgmt.com/	info@basepropertymgmt.com	https://www.basepropertymgmt.com/about		https://www.facebook.com/profile.php/						High	Verified	https://explore.overturemaps.org/#id=b447f019-ea4d-4721-bae5-5dca92ace641	Public Overture site+email; zero-HTTP V6 cheap-screen. Final MASTER dedupe/QA required.				overture:b447f019-ea4d-4721-bae5-5dca92ace641	basepropertymgmt.com	13126220302	base property management	Oxnard	USA	HIGH	domain:basepropertymgmt.com
	A	91	Arcadia	USA	Baldwin Property Management		property_management	50 E Foothill Blvd	+16265741754								overture:10c1d6f1-c922-46de-9715-ad8429f51967	2026-08-15T00:45:42.545149Z		Canonical queue drain | fit A | GitHub MASTER dedupe passed	http://www.baldwinrealestatemanagement.com/	management@baldwinrealestatemanagement.com	https://baldwinrealestatemanagement.com/contact/		https://www.facebook.com/Property-Management-by-Baldwin-Real-Estate-Management-in-Arcadia-CA-285933994750116/						High	Verified	https://explore.overturemaps.org/#id=10c1d6f1-c922-46de-9715-ad8429f51967	Public Overture site+email; zero-HTTP V6 cheap-screen. Final MASTER dedupe/QA required.				overture:10c1d6f1-c922-46de-9715-ad8429f51967	baldwinrealestatemanagement.com	16265741754	baldwin property management	Arcadia	USA	HIGH	domain:baldwinrealestatemanagement.com
	A	91	Monrovia	USA	Anoakia Property Management		property_management	899 W Foothill Blvd	+16263597774								overture:902147b1-2845-4074-91c9-1344767f7395	2026-08-15T00:45:42.545149Z		Canonical queue drain | fit A | GitHub MASTER dedupe passed	http://www.anoakiaproperties.com/	anoakiapm@gmail.com	https://www.anoakiaproperties.com/about-us				https://www.anoakiaproperties.com/feed/atom				High	Verified	https://explore.overturemaps.org/#id=902147b1-2845-4074-91c9-1344767f7395	Public Overture site+email; zero-HTTP V6 cheap-screen. Final MASTER dedupe/QA required.				overture:902147b1-2845-4074-91c9-1344767f7395	anoakiaproperties.com	16263597774	anoakia property management	Monrovia	USA	HIGH	domain:anoakiaproperties.com
	A	91	Steamboat Springs	USA	Wild Skies Cabin Rentals		cabin	52100 CR-8	+19709260216								overture:fff6310b-123b-4d5f-b664-2f89716aa9e7	2026-08-15T00:45:42.545149Z		Canonical queue drain | fit A | GitHub MASTER dedupe passed	http://www.wildskies.com/	lisa@wildskies.com	https://wildskies.com/wp-content/plugins/contact-form-to-email/css/stylepublic.css?ver=7.0.4				https://wildskies.com/craig-co-cabins/				High	Verified	https://explore.overturemaps.org/#id=fff6310b-123b-4d5f-b664-2f89716aa9e7	Public Overture site+email; zero-HTTP V6 cheap-screen. Final MASTER dedupe/QA required.				overture:fff6310b-123b-4d5f-b664-2f89716aa9e7	wildskies.com	19709260216	wild skies cabin rentals	Steamboat Springs	USA	HIGH	domain:wildskies.com
	A	91	Bryson City	USA	Sleeping Dog Cabin Rentals		hotel	139 Forest Hills Rd	+18287364549								overture:372598ba-dd9b-4f48-9d26-477ac405334d	2026-08-15T00:45:42.545149Z		Canonical queue drain | fit A | GitHub MASTER dedupe passed	http://www.sleepingdogcabinrentals.com/	sleepingdogcabin@aol.com	https://www.sleepingdogcabinrentals.com/contact/				https://www.sleepingdogcabinrentals.com/cabin/				High	Verified	https://explore.overturemaps.org/#id=372598ba-dd9b-4f48-9d26-477ac405334d	Public Overture site+email; zero-HTTP V6 cheap-screen. Final MASTER dedupe/QA required.				overture:372598ba-dd9b-4f48-9d26-477ac405334d	sleepingdogcabinrentals.com	18287364549	sleeping dog cabin rentals	Bryson City	USA	HIGH	domain:sleepingdogcabinrentals.com
	A	91	Lavonia	USA	Linton Realty & Property Management		real_estate_service	5834 West Ave	+17064604664								overture:b8d1315f-4364-4209-8d6b-0e0b12702920	2026-08-15T00:45:42.545149Z		Canonical queue drain | fit A | GitHub MASTER dedupe passed	http://lintonrealty.com/	office@lintonrealty.com	http://lintonrealty.com/about				http://lintonrealty.com/rentals				High	Verified	https://explore.overturemaps.org/#id=b8d1315f-4364-4209-8d6b-0e0b12702920	Public Overture site+email; zero-HTTP V6 cheap-screen. Final MASTER dedupe/QA required.				overture:b8d1315f-4364-4209-8d6b-0e0b12702920	lintonrealty.com	17064604664	linton realty property management	Lavonia	USA	HIGH	domain:lintonrealty.com
	A	91	Kirkland Lake	USA	K.L. Construction Inc. Property Management		real_estate_agent	44 Prospect Ave	+17055702040								overture:0827f6eb-781b-4d6f-9a9d-7b5dd8d8bb96	2026-08-15T00:45:42.545149Z		Canonical queue drain | fit A | GitHub MASTER dedupe passed	http://www.klconstruction.ca/	rentals@klconstruction.ca			https://www.facebook.com/rentalsinkl/	https://wa.me/17055702040					High	Verified	https://explore.overturemaps.org/#id=0827f6eb-781b-4d6f-9a9d-7b5dd8d8bb96	Public Overture site+email; zero-HTTP V6 cheap-screen. Final MASTER dedupe/QA required.				overture:0827f6eb-781b-4d6f-9a9d-7b5dd8d8bb96	klconstruction.ca	17055702040	k l construction inc property management	Kirkland Lake	USA	HIGH	domain:klconstruction.ca
	A	91	Spartanburg	USA	Keith Evans Real Estate And Property Management		real_estate_service	1525 Skylyn Dr	+18645960631								overture:f62d88f0-a122-48ad-80e3-be7416580b26	2026-08-15T00:45:42.545149Z		Canonical queue drain | fit A | GitHub MASTER dedupe passed	http://www.Keith-Evans.com/	propertymanagement@keith-evans.com	https://www.keith-evans.com/about-us/				https://www.keith-evans.com/rentals/				High	Verified	https://explore.overturemaps.org/#id=f62d88f0-a122-48ad-80e3-be7416580b26	Public Overture site+email; zero-HTTP V6 cheap-screen. Final MASTER dedupe/QA required.				overture:f62d88f0-a122-48ad-80e3-be7416580b26	keith-evans.com	18645960631	keith evans real estate and property management	Spartanburg	USA	HIGH	domain:keith-evans.com
	A	91	Ely	United Kingdom	Keeleys Sales, Letting and Property Management		real_estate_service	48a St Mary's Street	+441353663036								overture:82db0fcb-1ba8-4a10-b3f5-c117979ccf94	2026-08-15T00:45:42.545149Z		Canonical queue drain | fit A | GitHub MASTER dedupe passed	http://www.keeleys.net/	enquiries@keeleys.net	https://www.keeleys.net/about-us/		https://www.facebook.com/KeeleysofEly/						High	Verified	https://explore.overturemaps.org/#id=82db0fcb-1ba8-4a10-b3f5-c117979ccf94	Public Overture site+email; zero-HTTP V6 cheap-screen. Final MASTER dedupe/QA required.				overture:82db0fcb-1ba8-4a10-b3f5-c117979ccf94	keeleys.net	441353663036	keeleys sales letting and property management	Ely	United Kingdom	HIGH	domain:keeleys.net
	A	91	Knoxville	USA	FourLeaf Property Management Inc		real_estate_agent	830 N Broadway NE	+18654983232								overture:bd848fc6-a5e4-4fa1-83c7-02abe8f2255e	2026-08-15T00:45:42.545149Z		Canonical queue drain | fit A | GitHub MASTER dedupe passed	http://www.fourleafpm.com/	leasing@fourleafpm.com	https://fourleafpm.com/about/		https://www.facebook.com/FourLeaf-Property-Management-Inc-401383650305753/						High	Verified	https://explore.overturemaps.org/#id=bd848fc6-a5e4-4fa1-83c7-02abe8f2255e	Public Overture site+email; zero-HTTP V6 cheap-screen. Final MASTER dedupe/QA required.				overture:bd848fc6-a5e4-4fa1-83c7-02abe8f2255e	fourleafpm.com	18654983232	fourleaf property management inc	Knoxville	USA	HIGH	domain:fourleafpm.com
	A	91	Asheville	USA	DNA Property Management		real_estate_investment	10 Crispin Ct	+15164661800								overture:a6bbce38-5e6a-4edf-8266-f598960ead46	2026-08-15T00:45:42.545149Z		Canonical queue drain | fit A | GitHub MASTER dedupe passed	http://dnapartners.com/	amy@dnapartners.com	https://dnapartners.com/contact-us/				https://dnapartners.com/commercial-properties/				Medium	Recall-first	https://explore.overturemaps.org/#id=a6bbce38-5e6a-4edf-8266-f598960ead46	Public Overture site+email; zero-HTTP V6 cheap-screen. Final MASTER dedupe/QA required.				overture:a6bbce38-5e6a-4edf-8266-f598960ead46	dnapartners.com	15164661800	dna property management	Asheville	USA	MEDIUM	domain:dnapartners.com
	A	91	Sparta	USA	Coulee Real Estate & Property Management		real_estate_service	122 E Oak St	+16082693600								overture:233957e0-65fa-4768-a112-f777ec056f62	2026-08-15T00:45:42.545149Z		Canonical queue drain | fit A | GitHub MASTER dedupe passed	http://www.couleerealestate.com/	couleerob@yahoo.com	https://www.couleerealestate.com/about				https://www.couleerealestate.com/featured-properties				High	Verified	https://explore.overturemaps.org/#id=233957e0-65fa-4768-a112-f777ec056f62	Public Overture site+email; zero-HTTP V6 cheap-screen. Final MASTER dedupe/QA required.				overture:233957e0-65fa-4768-a112-f777ec056f62	couleerealestate.com	16082693600	coulee real estate property management	Sparta	USA	HIGH	domain:couleerealestate.com
	A	91	Pearblossom	USA	Roberson Realty Property Management and Sales		real_estate_service	13031 Pearblossom Hwy	+16619444146								overture:afb5a599-2613-4e0e-be4a-539393bc54ae	2026-08-15T00:45:42.545149Z		Canonical queue drain | fit A | GitHub MASTER dedupe passed	http://www.robersonrealtyinc.com/	robersonrealty1@gmail.com		https://www.instagram.com/roberson_realty_inc/	https://www.facebook.com/RobersonRealtyInc/						High	Verified	https://explore.overturemaps.org/#id=afb5a599-2613-4e0e-be4a-539393bc54ae; https://www.robersonrealtyinc.com/	Public Overture site+email; zero-HTTP V6 cheap-screen. Final MASTER dedupe/QA required.				overture:afb5a599-2613-4e0e-be4a-539393bc54ae	robersonrealtyinc.com	16619444146	roberson realty property management and sales	Pearblossom	USA	HIGH	domain:robersonrealtyinc.com
	A	91	Blue Ridge	USA	Skyview Vacation Homes		holiday_rental_home		+17063837418								overture:71ebca11-7af9-47f9-8e2d-f1a4270b2956	2026-08-15T00:45:42.545149Z		Canonical queue drain | fit A | GitHub MASTER dedupe passed	https://www.skyviewvacationhomes.com/	skyviewvacationhomes@gmail.com	https://skyviewvacationhomes.com/about-us				https://skyviewvacationhomes.com/properties/5-bears				High	Verified	https://explore.overturemaps.org/#id=71ebca11-7af9-47f9-8e2d-f1a4270b2956	Public Overture site+email; zero-HTTP V6 cheap-screen. Final MASTER dedupe/QA required.				overture:71ebca11-7af9-47f9-8e2d-f1a4270b2956	skyviewvacationhomes.com	17063837418	skyview vacation homes	Blue Ridge	USA	HIGH	domain:skyviewvacationhomes.com
	A	91	Lahaina	USA	Kahana Village Vacation Rentals		holiday_rental_home	4531 Lower Honoapiilani Rd	+18086695111								overture:0b11ec51-cee1-401a-9c85-acfa9b02f4c9	2026-08-15T00:45:42.545149Z		Canonical queue drain | fit A | GitHub MASTER dedupe passed	https://www.kahanavillage.com	village@kahanavillage.com	https://www.kahanavillage.com/book-now/				https://www.kahanavillage.com/book-now/				High	Verified	https://explore.overturemaps.org/#id=0b11ec51-cee1-401a-9c85-acfa9b02f4c9	Public Overture site+email; zero-HTTP V6 cheap-screen. Final MASTER dedupe/QA required.				overture:0b11ec51-cee1-401a-9c85-acfa9b02f4c9	kahanavillage.com	18086695111	kahana village vacation rentals	Lahaina	USA	HIGH	domain:kahanavillage.com
	A	91	Ferryville	USA	Winneshiek View Vacation Rentals		holiday_rental_home	WI-35	+16083178880								overture:5aa98ff9-3919-4f8b-b0a1-a0e691bc3165	2026-08-15T00:45:42.545149Z		Canonical queue drain | fit A | GitHub MASTER dedupe passed	http://winneshiekview.com	jilll@winneshiekview.com	https://www.winneshiekview.com/contact				https://www.winneshiekview.com/rentals				High	Verified	https://explore.overturemaps.org/#id=5aa98ff9-3919-4f8b-b0a1-a0e691bc3165	Public Overture site+email; zero-HTTP V6 cheap-screen. Final MASTER dedupe/QA required.				overture:5aa98ff9-3919-4f8b-b0a1-a0e691bc3165	winneshiekview.com	16083178880	winneshiek view vacation rentals	Ferryville	USA	HIGH	domain:winneshiekview.com
	A	91	Bristol	USA	Unwind Vacation Rentals		real_estate_service	1910 Euclid Ave	+14233417089								overture:2243b036-ae3f-495b-9ba7-52d53f22d253	2026-08-15T00:45:42.545149Z		Canonical queue drain | fit A | GitHub MASTER dedupe passed	https://www.unwindvacationrental.com/	unwindrentals@yahoo.com	https://bookings.unwindvacationrental.com/canoe-cabin				https://bookings.unwindvacationrental.com/canoe-cabin				High	Verified	https://explore.overturemaps.org/#id=2243b036-ae3f-495b-9ba7-52d53f22d253	Public Overture site+email; zero-HTTP V6 cheap-screen. Final MASTER dedupe/QA required.				overture:2243b036-ae3f-495b-9ba7-52d53f22d253	unwindvacationrental.com	14233417089	unwind vacation rentals	Bristol	USA	HIGH	domain:unwindvacationrental.com
	A	91	Sugar Mountain	USA	Sugar Top Vacation Rentals | Sugar Mountain NC		holiday_rental_home	303 Sugar Top Dr	+18283722022								overture:2b63c5dc-828a-4ab0-96ca-c7c8d9bf22bf	2026-08-15T00:45:42.545149Z		Canonical queue drain | fit A | GitHub MASTER dedupe passed	http://sugartop.com/	sugartopcondos@gmail.com	https://www.sugartop.com/about/		https://www.facebook.com/Sugartop-Resort-112703620380546/						High	Verified	https://explore.overturemaps.org/#id=2b63c5dc-828a-4ab0-96ca-c7c8d9bf22bf	Public Overture site+email; zero-HTTP V6 cheap-screen. Final MASTER dedupe/QA required.				overture:2b63c5dc-828a-4ab0-96ca-c7c8d9bf22bf	sugartop.com	18283722022	sugar top vacation rentals sugar mountain nc	Sugar Mountain	USA	HIGH	domain:sugartop.com
	A	91	Sevierville	USA	Smoky Jones Vacation Rentals		holiday_rental_home		+18652800722								overture:6606c32c-585b-47bd-bf2c-f3ecb3b95464	2026-08-15T00:45:42.545149Z		Canonical queue drain | fit A | GitHub MASTER dedupe passed	http://smokyjonesvacations.com/	smokyjonesvacations@gmail.com	https://smokyjonesvacations.com/about-us/				https://smokyjonesvacations.com/vacation-rentals/				High	Verified	https://explore.overturemaps.org/#id=6606c32c-585b-47bd-bf2c-f3ecb3b95464	Public Overture site+email; zero-HTTP V6 cheap-screen. Final MASTER dedupe/QA required.				overture:6606c32c-585b-47bd-bf2c-f3ecb3b95464	smokyjonesvacations.com	18652800722	smoky jones vacation rentals	Sevierville	USA	HIGH	domain:smokyjonesvacations.com
	A	91	Galena	USA	Elle & Beck's Vacation Rentals		holiday_rental_home	204 S Bench St	+18157769155								overture:b267f894-85b1-402c-8d64-3f4021665fe2	2026-08-15T00:45:42.545149Z		Canonical queue drain | fit A | GitHub MASTER dedupe passed	https://www.shopltk.com/explore/AliciaEllerbeck?tab=posts	elleandbecks@icloud.com		https://www.instagram.com/shop.LTK/	https://www.facebook.com/LIKEtoKNOWit-1543485825863332/						High	Verified	https://explore.overturemaps.org/#id=b267f894-85b1-402c-8d64-3f4021665fe2; https://www.shopltk.com/explore/AliciaEllerbeck?tab=posts	Public Overture site+email; zero-HTTP V6 cheap-screen. Final MASTER dedupe/QA required.				overture:b267f894-85b1-402c-8d64-3f4021665fe2	shopltk.com	18157769155	elle beck s vacation rentals	Galena	USA	HIGH	domain:shopltk.com
	A	91	Shanklin	United Kingdom	Pedant Holiday Homes Ltd		hotel	Shanklin	+447581461777								overture:59677460-473e-4228-8f89-b038eda8168a	2026-08-15T00:45:42.545149Z		Canonical queue drain | fit A | GitHub MASTER dedupe passed	http://www.pedantholidayhomes.com/	info@pedantholidayhomes.com	http://www.pedantholidayhomes.com/about.html				http://www.pedantholidayhomes.com/book-now.html				High	Verified	https://explore.overturemaps.org/#id=59677460-473e-4228-8f89-b038eda8168a	Public Overture site+email; zero-HTTP V6 cheap-screen. Final MASTER dedupe/QA required.				overture:59677460-473e-4228-8f89-b038eda8168a	pedantholidayhomes.com	447581461777	pedant holiday homes ltd	Shanklin	United Kingdom	HIGH	domain:pedantholidayhomes.com
	A	91	St Ignace	USA	Northern Michigan Vacation Rentals & property Management		holiday_rental_home	226 N State St	+19064515438								overture:daa27d7e-ca00-45ee-a556-a27ef0b96a95	2026-08-15T00:45:42.545149Z		Canonical queue drain | fit A | GitHub MASTER dedupe passed	http://northernmichiganvr.com/	info@northernmichiganvr.com	https://northernmichiganvr.com/contact-us/				https://northernmichiganvr.com/vacation-rentals-for-sale/				High	Verified	https://explore.overturemaps.org/#id=daa27d7e-ca00-45ee-a556-a27ef0b96a95	Public Overture site+email; zero-HTTP V6 cheap-screen. Final MASTER dedupe/QA required.				overture:daa27d7e-ca00-45ee-a556-a27ef0b96a95	northernmichiganvr.com	19064515438	northern michigan vacation rentals property management	St Ignace	USA	HIGH	domain:northernmichiganvr.com
	A	91	Gwinn	USA	Tower Vacation Homes		hotel	"4430 Electra, Not_found"	+19063467911								overture:e3b6eabf-a180-4e51-9455-1d96d65eaa09	2026-08-15T00:45:42.545149Z		Canonical queue drain | fit A | GitHub MASTER dedupe passed	http://www.macasu.com	macasu@macasu.com	https://macasu.com/home/about/				https://macasu.com/home/rentals/single-family-homes/				High	Verified	https://explore.overturemaps.org/#id=e3b6eabf-a180-4e51-9455-1d96d65eaa09	Public Overture site+email; zero-HTTP V6 cheap-screen. Final MASTER dedupe/QA required.				overture:e3b6eabf-a180-4e51-9455-1d96d65eaa09	macasu.com	19063467911	tower vacation homes	Gwinn	USA	HIGH	domain:macasu.com
	A	91	Camberley	United Kingdom	Hourglass Holiday Homes		hotel	51 Guildford Road, Frimley Green									overture:baac1650-f5f0-4c66-8be5-68bef39bb7e9	2026-08-15T00:45:42.545149Z		Canonical queue drain | fit A | GitHub MASTER dedupe passed	https://hourglassholidays.co.uk/	info@hourglassholidays.co.uk	https://hourglassholidays.co.uk/about-us/	https://www.instagram.com/hour_glass_holidays/	https://www.facebook.com/hourglassholidayhomes/						High	Verified	https://explore.overturemaps.org/#id=baac1650-f5f0-4c66-8be5-68bef39bb7e9; https://hourglassholidays.co.uk/	Public Overture site+email; zero-HTTP V6 cheap-screen. Final MASTER dedupe/QA required.				overture:baac1650-f5f0-4c66-8be5-68bef39bb7e9	hourglassholidays.co.uk		hourglass holiday homes	Camberley	United Kingdom	HIGH	domain:hourglassholidays.co.uk
	A	91	Hot Springs	USA	Suites at 158 Vacation Rentals		holiday_rental_home	158 Bridge St	+18287779379								overture:8a1e81ff-66db-4413-b317-4248743d9237	2026-08-15T00:45:42.545149Z		Canonical queue drain | fit A | GitHub MASTER dedupe passed	http://www.hotspringsncrental.com	suites158@gmail.com		https://www.instagram.com/sandersplace35/	https://www.facebook.com/profile.php/						High	Verified	https://explore.overturemaps.org/#id=8a1e81ff-66db-4413-b317-4248743d9237; https://www.hotspringsncrental.com/	Public Overture site+email; zero-HTTP V6 cheap-screen. Final MASTER dedupe/QA required.				overture:8a1e81ff-66db-4413-b317-4248743d9237	hotspringsncrental.com	18287779379	suites at 158 vacation rentals	Hot Springs	USA	HIGH	domain:hotspringsncrental.com
	A	91	Boscobel	USA	Driftless Lodge Vacation Homes & Cabins		hotel	15121 US Highway 61	+16088223950								overture:fbe438f2-a527-45bc-828d-8bf23ce1aea3	2026-08-15T00:45:42.545149Z		Canonical queue drain | fit A | GitHub MASTER dedupe passed	http://www.driftlesslodge.com/	lodging@driftlesslodge.com	http://www.driftlesslodge.com/contact_us				http://www.driftlesslodge.com/the_homestead				High	Verified	https://explore.overturemaps.org/#id=fbe438f2-a527-45bc-828d-8bf23ce1aea3	Public Overture site+email; zero-HTTP V6 cheap-screen. Final MASTER dedupe/QA required.				overture:fbe438f2-a527-45bc-828d-8bf23ce1aea3	driftlesslodge.com	16088223950	driftless lodge vacation homes cabins	Boscobel	USA	HIGH	domain:driftlesslodge.com
	A	91	Mountain City	USA	Bigfoot Mountain Vacation Rentals		lodging	596 Forge Creek Cir	+13215439414								overture:2ff22b8a-52f4-44ea-8f4a-b96eeb1c8030	2026-08-15T00:45:42.545149Z		Canonical queue drain | fit A | GitHub MASTER dedupe passed	https://bigfootmountainvacationrentals.com/	bigfootmountainvacationrentals@gmail.com		https://www.instagram.com/BigfootMountainVacationRentals/	https://www.facebook.com/BigfootMountainVacationRentals/						High	Verified	https://explore.overturemaps.org/#id=2ff22b8a-52f4-44ea-8f4a-b96eeb1c8030; https://bigfootmountainvacationrentals.com/	Public Overture site+email; zero-HTTP V6 cheap-screen. Final MASTER dedupe/QA required.				overture:2ff22b8a-52f4-44ea-8f4a-b96eeb1c8030	bigfootmountainvacationrentals.com	13215439414	bigfoot mountain vacation rentals	Mountain City	USA	HIGH	domain:bigfootmountainvacationrentals.com
	A	91	Lahaina	USA	Maui Sun Vacation Rentals		holiday_rental_home	110 Kaanapali Shores Pl	+14256675169								overture:af6f817c-5457-42ac-b499-581a7ba5d019	2026-08-15T00:45:42.545149Z		Canonical queue drain | fit A | GitHub MASTER dedupe passed	http://www.maui-sun.com/	condosmaui@aol.com	https://www.maui-sun.com/about-us.php		https://www.facebook.com/mauisunvacationrentals/						High	Verified	https://explore.overturemaps.org/#id=af6f817c-5457-42ac-b499-581a7ba5d019	Public Overture site+email; zero-HTTP V6 cheap-screen. Final MASTER dedupe/QA required.				overture:af6f817c-5457-42ac-b499-581a7ba5d019	maui-sun.com	14256675169	maui sun vacation rentals	Lahaina	USA	HIGH	domain:maui-sun.com
	A	91	Montaione	Italy	Piè di Costa - Holiday Home		lodging	Via Santo Stefano, 13	+390571697705								overture:ec7e6f63-d84b-4921-8858-96ebf103a39d	2026-08-15T00:37:48.087928Z		Canonical queue drain | fit A | GitHub MASTER dedupe passed	http://www.piedicosta.com	info@piedicosta.com		https://www.instagram.com/piedicosta/	https://www.facebook.com/profile.php/						High	Verified	https://explore.overturemaps.org/#id=ec7e6f63-d84b-4921-8858-96ebf103a39d; https://www.piedicosta.com/it/	Public Overture site+email; zero-HTTP V6 cheap-screen. Final MASTER dedupe/QA required.				overture:ec7e6f63-d84b-4921-8858-96ebf103a39d	piedicosta.com	390571697705	pie di costa holiday home	Montaione	Italy	HIGH	domain:piedicosta.com
	A	91	Windsor	USA	Home 2 Home Properties		property_management	1095 Felix Ave	+15198905245								overture:9e931394-0bae-4123-849f-de704cb72c02	2026-08-15T00:37:48.087928Z		Canonical queue drain | fit A | GitHub MASTER dedupe passed	https://h2hpm.com/	h2hproperties@gmail.com	https://h2hpm.com/about-us/				https://h2hpm.com/properties/				High	Verified	https://explore.overturemaps.org/#id=9e931394-0bae-4123-849f-de704cb72c02	Public Overture site+email; zero-HTTP V6 cheap-screen. Final MASTER dedupe/QA required.				overture:9e931394-0bae-4123-849f-de704cb72c02	h2hpm.com	15198905245	home 2 home properties	Windsor	USA	HIGH	domain:h2hpm.com
	A	91	Detroit	USA	Gardenview Estates		property_management	16461 Van Buren Ave	+13134837800								overture:3e744e04-f572-44a4-ab3d-2f0572b274ea	2026-08-15T00:37:48.087928Z		Canonical queue drain | fit A | GitHub MASTER dedupe passed	http://www.4premier.net/	gardenview@4premier.net	https://www.4premier.net/contact-us/		https://www.facebook.com/PPMproperties/						High	Verified	https://explore.overturemaps.org/#id=3e744e04-f572-44a4-ab3d-2f0572b274ea	Public Overture site+email; zero-HTTP V6 cheap-screen. Final MASTER dedupe/QA required.				overture:3e744e04-f572-44a4-ab3d-2f0572b274ea	4premier.net	13134837800	gardenview estates	Detroit	USA	HIGH	domain:4premier.net
	A	91	Tomahawk	USA	Wild Rivers Property Management		property_management	1414 N 4th St	+17155759486								overture:75ac62ac-d37c-4318-9248-dfe5d3b826ae	2026-08-15T00:37:48.087928Z		Canonical queue drain | fit A | GitHub MASTER dedupe passed	http://www.wildriverspm.com/	staff@wildriverspm.com			https://www.facebook.com/WildRiversPM/		https://www.wildriverspm.com:443/book				High	Verified	https://explore.overturemaps.org/#id=75ac62ac-d37c-4318-9248-dfe5d3b826ae	Public Overture site+email; zero-HTTP V6 cheap-screen. Final MASTER dedupe/QA required.				overture:75ac62ac-d37c-4318-9248-dfe5d3b826ae	wildriverspm.com	17155759486	wild rivers property management	Tomahawk	USA	HIGH	domain:wildriverspm.com
	A	91	Goldsboro	USA	Golden Key Rentals and Property Management		property_management	808 N Berkeley Blvd	+19197517842								overture:64af5451-2a22-4019-b170-7546c9ba971e	2026-08-15T00:37:48.087928Z		Canonical queue drain | fit A | GitHub MASTER dedupe passed	http://www.RentalsInGoldsboro.com/	admin@rentalsingoldsboro.com			https://www.facebook.com/GoldenKeyRentalsGoldsboroNC/		https://www.rentalsingoldsboro.com/goldsboro-homes-rentals.php				High	Verified	https://explore.overturemaps.org/#id=64af5451-2a22-4019-b170-7546c9ba971e	Public Overture site+email; zero-HTTP V6 cheap-screen. Final MASTER dedupe/QA required.				overture:64af5451-2a22-4019-b170-7546c9ba971e	rentalsingoldsboro.com	19197517842	golden key rentals and property management	Goldsboro	USA	HIGH	domain:rentalsingoldsboro.com
	A	91	South-West Oxford	USA	Oxford Property Management		landscaping	243650 Airport Rd	+15198770101								overture:917274ca-0724-4fae-8922-d976b4129022	2026-08-15T00:37:48.087928Z		Canonical queue drain | fit A | GitHub MASTER dedupe passed	http://www.oxfordproperty.ca/index.html	info@oxfordproperty.ca	https://www.oxfordproperty.ca/about_us.html				https://www.oxfordproperty.ca/landscape-project-portfolio.html				Medium	Recall-first	https://explore.overturemaps.org/#id=917274ca-0724-4fae-8922-d976b4129022	Public Overture site+email; zero-HTTP V6 cheap-screen. Final MASTER dedupe/QA required.				overture:917274ca-0724-4fae-8922-d976b4129022	oxfordproperty.ca	15198770101	oxford property management	South-West Oxford	USA	MEDIUM	domain:oxfordproperty.ca
	A	91	Watsonville	USA	Oliver Property Management		property_management	723 E Lake Ave	+18317224696								overture:b2003631-b2a8-4608-9b97-ea96ac412edd	2026-08-15T00:37:48.087928Z		Canonical queue drain | fit A | GitHub MASTER dedupe passed	http://www.oliverpm.com/	oliverrentals@aol.com	https://www.oliverpm.com/contact-us		https://www.facebook.com/pages/Oliver-Property-Management/138937329470592/						High	Verified	https://explore.overturemaps.org/#id=b2003631-b2a8-4608-9b97-ea96ac412edd	Public Overture site+email; zero-HTTP V6 cheap-screen. Final MASTER dedupe/QA required.				overture:b2003631-b2a8-4608-9b97-ea96ac412edd	oliverpm.com	18317224696	oliver property management	Watsonville	USA	HIGH	domain:oliverpm.com
	A	91	Gilroy	USA	Nova Property Management Group		property_management	7891 Westwood Dr	+14087068876								overture:de8aa365-ba12-416e-845a-711225a58b66	2026-08-15T00:37:48.087928Z		Canonical queue drain | fit A | GitHub MASTER dedupe passed	https://novapmg.com/	fortinoteam@gmail.com	https://www.novapmg.com/about		https://www.facebook.com/doorloopapp/						High	Verified	https://explore.overturemaps.org/#id=de8aa365-ba12-416e-845a-711225a58b66	Public Overture site+email; zero-HTTP V6 cheap-screen. Final MASTER dedupe/QA required.				overture:de8aa365-ba12-416e-845a-711225a58b66	novapmg.com	14087068876	nova property management group	Gilroy	USA	HIGH	domain:novapmg.com
	A	91	Morristown	USA	JPP Property Management		property_management	1925 W Andrew Johnson Hwy	+14238397721								overture:1bcfdbbc-1cc1-4c4d-892a-08096b4d3b2f	2026-08-15T00:37:48.087928Z		Canonical queue drain | fit A | GitHub MASTER dedupe passed	http://www.jppholdings.com/	contact@jppholdings.com	https://jppholdings.com/about/				https://jppholdings.com/apartments/				High	Verified	https://explore.overturemaps.org/#id=1bcfdbbc-1cc1-4c4d-892a-08096b4d3b2f	Public Overture site+email; zero-HTTP V6 cheap-screen. Final MASTER dedupe/QA required.				overture:1bcfdbbc-1cc1-4c4d-892a-08096b4d3b2f	jppholdings.com	14238397721	jpp property management	Morristown	USA	HIGH	domain:jppholdings.com
	A	91	Pigeon Forge	USA	Great Outdoor Cabin Rentals		cabin	739 Wears Valley Rd	+18007206978								overture:a7b5fa6a-4336-44b2-9d88-534ce30a486f	2026-08-15T00:37:48.087928Z		Canonical queue drain | fit A | GitHub MASTER dedupe passed	http://www.greatoutdoorrentals.com/	tom@greatoutdoorrentals.com	https://www.greatoutdoorrentals.com/about/				https://greatoutdoorrentals.com/wp-json/				High	Verified	https://explore.overturemaps.org/#id=a7b5fa6a-4336-44b2-9d88-534ce30a486f	Public Overture site+email; zero-HTTP V6 cheap-screen. Final MASTER dedupe/QA required.				overture:a7b5fa6a-4336-44b2-9d88-534ce30a486f	greatoutdoorrentals.com	18007206978	great outdoor cabin rentals	Pigeon Forge	USA	HIGH	domain:greatoutdoorrentals.com
	A	91	Avon	USA	Bold Property Management Solutions		property_management	101 Fawcett Rd	+19709496070								overture:4233e18b-f522-4d9d-bdaf-7c1f2776c0a4	2026-08-15T00:37:48.087928Z		Canonical queue drain | fit A | GitHub MASTER dedupe passed	http://boldsolutions.net/	info@boldsolutions.net		https://www.instagram.com/boldpropertymgt/	https://www.facebook.com/BoldPropertyManagementSolutions/						High	Verified	https://explore.overturemaps.org/#id=4233e18b-f522-4d9d-bdaf-7c1f2776c0a4; https://www.boldsolutions.net/	Public Overture site+email; zero-HTTP V6 cheap-screen. Final MASTER dedupe/QA required.				overture:4233e18b-f522-4d9d-bdaf-7c1f2776c0a4	boldsolutions.net	19709496070	bold property management solutions	Avon	USA	HIGH	domain:boldsolutions.net
	A	91	Davenport	USA	McDonnell Property Management		property_management	3006 W 72nd St	+15633886422								overture:87b750dd-8bcb-4315-86b1-08cb02a93c5e	2026-08-15T00:37:48.087928Z		Canonical queue drain | fit A | GitHub MASTER dedupe passed	http://www.apartmentsqca.com/	info@apartmentsqca.com	https://www.apartmentsqca.com/about		https://www.facebook.com/McDonnellPropertyManagement/						High	Verified	https://explore.overturemaps.org/#id=87b750dd-8bcb-4315-86b1-08cb02a93c5e	Public Overture site+email; zero-HTTP V6 cheap-screen. Final MASTER dedupe/QA required.				overture:87b750dd-8bcb-4315-86b1-08cb02a93c5e	apartmentsqca.com	15633886422	mcdonnell property management	Davenport	USA	HIGH	domain:apartmentsqca.com
	A	91	Winterville	USA	Legacy Premier Real Estate and Property Management		real_estate_agent	740 Fire Tower Rd	+12527519995								overture:6e8fa7a7-3373-4855-b92a-3563be0b6cc8	2026-08-15T00:37:48.087928Z		Canonical queue drain | fit A | GitHub MASTER dedupe passed	http://www.legacypremierrealestate.com/	contact@legacypremierrealestate.com	https://www.legacypremierrealestate.com/about/				https://www.legacypremierrealestate.com/ayden-homes-for-sale/				Medium	Recall-first	https://explore.overturemaps.org/#id=6e8fa7a7-3373-4855-b92a-3563be0b6cc8	Public Overture site+email; zero-HTTP V6 cheap-screen. Final MASTER dedupe/QA required.				overture:6e8fa7a7-3373-4855-b92a-3563be0b6cc8	legacypremierrealestate.com	12527519995	legacy premier real estate and property management	Winterville	USA	MEDIUM	domain:legacypremierrealestate.com
	A	91	London	USA	Arnsby Property Management		real_estate_agent	924 Oxford St E	(519) 455-6080								overture:95cf128c-a756-4b70-9ebb-911e771f30a6	2026-08-15T00:37:48.087928Z		Canonical queue drain | fit A | GitHub MASTER dedupe passed	http://www.arnsby.com	info@arnsby.com	https://www.arnsby.com/about/				https://www.arnsby.com/rentals/				High	Verified	https://explore.overturemaps.org/#id=95cf128c-a756-4b70-9ebb-911e771f30a6	Public Overture site+email; zero-HTTP V6 cheap-screen. Final MASTER dedupe/QA required.				overture:95cf128c-a756-4b70-9ebb-911e771f30a6	arnsby.com	5194556080	arnsby property management	London	USA	HIGH	domain:arnsby.com
	A	91	Fethiye	Greece	K Holiday Rentals		hotel	Atatürk Caddesi 49	+905309590989								overture:c2caac7a-c497-47d6-8312-606a029be375	2026-08-15T00:30:13Z		Canonical queue drain | fit A | GitHub MASTER dedupe passed	https://www.kholidayrentals.com/	kholidayrentals@aol.com	https://www.kholidayrentals.com/about-us				https://www.kholidayrentals.com/listings/357833				High	Verified	https://explore.overturemaps.org/#id=c2caac7a-c497-47d6-8312-606a029be375	Public Overture site+email; zero-HTTP V6 cheap-screen. Final MASTER dedupe/QA required.				overture:c2caac7a-c497-47d6-8312-606a029be375	kholidayrentals.com	905309590989	k holiday rentals	Fethiye	Greece	HIGH	domain:kholidayrentals.com
	A	91	Saugatuck	USA	Mill Pond Realty & Vacation Rentals		real_estate_service	747 Water St	+12698571477								overture:e4f0ccc9-84e5-47b1-bde0-81221caf7a22	2026-08-15T00:30:13Z		Canonical queue drain | fit A | GitHub MASTER dedupe passed	https://millpondrealty.com/	laura@millpondrealty.com	https://www.millpondrealty.com/about/				https://www.millpondrealty.com/property-management-services/				High	Verified	https://explore.overturemaps.org/#id=e4f0ccc9-84e5-47b1-bde0-81221caf7a22	Public Overture site+email; zero-HTTP V6 cheap-screen. Final MASTER dedupe/QA required.				overture:e4f0ccc9-84e5-47b1-bde0-81221caf7a22	millpondrealty.com	12698571477	mill pond realty vacation rentals	Saugatuck	USA	HIGH	domain:millpondrealty.com
	A	91	Λιτόχωρο	Greece	Panorama Loft - Holiday home in Litochoro, Pieria, Greece - panoramic view - Premium quality stay		holiday_rental_home	Iona Dragoumi 21	+306973993390								overture:35d59c70-78a0-4e75-8c0d-322525eee3b9	2026-08-15T00:30:13Z		Canonical queue drain | fit A | GitHub MASTER dedupe passed	https://panoramaloft.gr/	thepanoramaloft@gmail.com	https://panoramaloft.gr/contact/		https://www.facebook.com/thepanoramaloft/						High	Verified	https://explore.overturemaps.org/#id=35d59c70-78a0-4e75-8c0d-322525eee3b9	Public Overture site+email; zero-HTTP V6 cheap-screen. Final MASTER dedupe/QA required.				overture:35d59c70-78a0-4e75-8c0d-322525eee3b9	panoramaloft.gr	306973993390	panorama loft holiday home in litochoro pieria greece panoramic view premium quality stay	Λιτόχωρο	Greece	HIGH	domain:panoramaloft.gr
	A	91	Sligo	Ireland	Herdsman's House Self-Catering Holiday Home		holiday_rental_home	Ballymulderry, Ballinfull	+353861722309								overture:bd6b0263-c946-4e5e-8bf0-aacbceb76090	2026-08-15T00:30:13Z		Canonical queue drain | fit A | GitHub MASTER dedupe passed	http://www.herdsmanshouse.ie/	info@herdsmanshouse.ie	https://herdsmanshouse.ie/about-us/				https://herdsmanshouse.ie/group-accommodation/				High	Verified	https://explore.overturemaps.org/#id=bd6b0263-c946-4e5e-8bf0-aacbceb76090	Public Overture site+email; zero-HTTP V6 cheap-screen. Final MASTER dedupe/QA required.				overture:bd6b0263-c946-4e5e-8bf0-aacbceb76090	herdsmanshouse.ie	353861722309	herdsman s house self catering holiday home	Sligo	Ireland	HIGH	domain:herdsmanshouse.ie
	A	91	Ilford	United Kingdom	PremierLux Serviced Apartments		service_apartment	210 Ilford Lane	+442084785300								overture:eb6e1861-c1b1-4111-81b8-6f47783eff35	2026-08-15T00:30:13Z		Canonical queue drain | fit A | GitHub MASTER dedupe passed	http://premierlux.co.uk/	info@premierlux.co.uk	https://premierlux.co.uk/about-us/				https://premierlux.co.uk/booking-search/				High	Verified	https://explore.overturemaps.org/#id=eb6e1861-c1b1-4111-81b8-6f47783eff35	Public Overture site+email; zero-HTTP V6 cheap-screen. Final MASTER dedupe/QA required.				overture:eb6e1861-c1b1-4111-81b8-6f47783eff35	premierlux.co.uk	442084785300	premierlux serviced apartments	Ilford	United Kingdom	HIGH	domain:premierlux.co.uk
	A	91	London	United Kingdom	Sterling Property Management		property_management	194 Brent Street	+442030310850								overture:f5a46130-96c5-48e5-bfea-d9a9c2ccb5bb	2026-08-15T00:30:13Z		Canonical queue drain | fit A | GitHub MASTER dedupe passed	https://sterlingprop.co.uk/	info@sterlingprop.co.uk	https://sterlingprop.co.uk/about-us/				https://sterlingprop.co.uk/wp-content/themes/waxom/css/scripts/cubeportfolio.min.css?ver=4.2.0				Medium	Recall-first	https://explore.overturemaps.org/#id=f5a46130-96c5-48e5-bfea-d9a9c2ccb5bb	Public Overture site+email; zero-HTTP V6 cheap-screen. Final MASTER dedupe/QA required.				overture:f5a46130-96c5-48e5-bfea-d9a9c2ccb5bb	sterlingprop.co.uk	442030310850	sterling property management	London	United Kingdom	MEDIUM	domain:sterlingprop.co.uk
	A	91	Myrtle Beach	USA	Shade Beach Rentals		holiday_rental_home	601 Mitchell Dr	+13042794207								overture:6c5228e9-85f8-4a16-a722-35f0ecb82c66	2026-08-15T00:30:13Z		Canonical queue drain | fit A | GitHub MASTER dedupe passed	http://SHADEBEACHRENTALS.COM/	daveshade11@gmail.com	https://shadebeachrentals.com/contact		https://www.facebook.com/shadebeachrentals/						High	Verified	https://explore.overturemaps.org/#id=6c5228e9-85f8-4a16-a722-35f0ecb82c66	Public Overture site+email; zero-HTTP V6 cheap-screen. Final MASTER dedupe/QA required.				overture:6c5228e9-85f8-4a16-a722-35f0ecb82c66	shadebeachrentals.com	13042794207	shade beach rentals	Myrtle Beach	USA	HIGH	domain:shadebeachrentals.com
	A	91	Camberley	United Kingdom	Sennen Property Management		property_management	Unit 8, Stanhope Gate	+441276817893								overture:d017a607-9108-4c28-a0fa-b724a2014b38	2026-08-15T00:30:13Z		Canonical queue drain | fit A | GitHub MASTER dedupe passed	http://www.SennenPM.co.uk/	info@sennenpm.co.uk	http://sennenpm.co.uk/about-us		https://www.facebook.com/SennenPM/						Medium	Recall-first	https://explore.overturemaps.org/#id=d017a607-9108-4c28-a0fa-b724a2014b38	Public Overture site+email; zero-HTTP V6 cheap-screen. Final MASTER dedupe/QA required.				overture:d017a607-9108-4c28-a0fa-b724a2014b38	sennenpm.co.uk	441276817893	sennen property management	Camberley	United Kingdom	MEDIUM	domain:sennenpm.co.uk
	A	91	Evergreen	USA	Mountain Haven Property Management		property_management	3045 Whitman Dr	+13033455813								overture:41385a0f-b03e-4224-b462-b7414496e083	2026-08-15T00:30:13Z		Canonical queue drain | fit A | GitHub MASTER dedupe passed	http://www.mountainhavenco.com/	kim@mountainhavenco.com	https://mountainhavenco.com/contact-us				https://mountainhavenco.com/available-rentals				High	Verified	https://explore.overturemaps.org/#id=41385a0f-b03e-4224-b462-b7414496e083	Public Overture site+email; zero-HTTP V6 cheap-screen. Final MASTER dedupe/QA required.				overture:41385a0f-b03e-4224-b462-b7414496e083	mountainhavenco.com	13033455813	mountain haven property management	Evergreen	USA	HIGH	domain:mountainhavenco.com
	A	91	Livonia	USA	Metro Detroit Property Management		property_management	13407 Farmington Rd	+17344694607								overture:77c908a3-953a-4ed2-9516-d7b0b3057373	2026-08-15T00:30:13Z		Canonical queue drain | fit A | GitHub MASTER dedupe passed	http://detpro.com	marketing@detpro.com	http://detpro.com/RealEstate/ContactUsOnline.aspx				http://detpro.com/RealEstate/Search.aspx?catId=-1&areaId=-1&city=&state=&country=US&postalcode=&proximity=&keywords=&KeywordsAll=N&CouponsOnly=N&ListingTypeID=&BuildingTypeID=&MinBedrooms=&MinBathrooms=&MinGarages=-1&MinBuildingSize=&MaxBuildingSize=&BuildingUnitOfMeasure=SF&MinLotSize=&MaxLotSize=&LotUnitOfMeasure=SF&inMinPrice=&inMaxPrice=&HasPhoto=N&FeatureList=				High	Verified	https://explore.overturemaps.org/#id=77c908a3-953a-4ed2-9516-d7b0b3057373	Public Overture site+email; zero-HTTP V6 cheap-screen. Final MASTER dedupe/QA required.				overture:77c908a3-953a-4ed2-9516-d7b0b3057373	detpro.com	17344694607	metro detroit property management	Livonia	USA	HIGH	domain:detpro.com
	A	91	London	USA	ABLE Property Management		property_management	1326 Huron St	+15196719774								overture:425b7416-5b92-4e7f-8aad-7e925a83c247	2026-08-15T00:30:13Z		Canonical queue drain | fit A | GitHub MASTER dedupe passed	http://www.ableproperty.org	able.property@hotmail.com		https://www.instagram.com/ableproperties/	https://www.facebook.com/107156801678380/						Medium	Recall-first	https://explore.overturemaps.org/#id=425b7416-5b92-4e7f-8aad-7e925a83c247; https://ableproperty.org/	Public Overture site+email; zero-HTTP V6 cheap-screen. Final MASTER dedupe/QA required.				overture:425b7416-5b92-4e7f-8aad-7e925a83c247	ableproperty.org	15196719774	able property management	London	USA	MEDIUM	domain:ableproperty.org
	A	91	Galena	USA	Sweet Retreat Galena Vacation Home		holiday_rental_home	60 Heatherdowns Ln	+18475133420								overture:dc6cdf6f-e438-48f1-93fb-26120e044854	2026-08-15T00:30:13Z		Canonical queue drain | fit A | GitHub MASTER dedupe passed	https://sweetretreatgalena.com/	support@sweetretreatgalena.com			https://www.facebook.com/sweetretreatgalena/		https://sweetretreatgalena.com/wp-content/themes/wprentals/style.css?ver=1.0				High	Verified	https://explore.overturemaps.org/#id=dc6cdf6f-e438-48f1-93fb-26120e044854	Public Overture site+email; zero-HTTP V6 cheap-screen. Final MASTER dedupe/QA required.				overture:dc6cdf6f-e438-48f1-93fb-26120e044854	sweetretreatgalena.com	18475133420	sweet retreat galena vacation home	Galena	USA	HIGH	domain:sweetretreatgalena.com
	A	91	Savannah	USA	Vision Real Estate & Property Management		real_estate_service	100 Bull St	+18434941964								overture:c61ab829-9ac9-4f36-9b4b-b7515f1ee7f0	2026-08-15T00:30:13Z		Canonical queue drain | fit A | GitHub MASTER dedupe passed	http://realestate-elevated.com/	vre.visionrealestate@gmail.com			https://www.facebook.com/AllThingsSavannahRealEstate/		https://realestate-elevated.com/homes-for-sale-search				High	Verified	https://explore.overturemaps.org/#id=c61ab829-9ac9-4f36-9b4b-b7515f1ee7f0	Public Overture site+email; zero-HTTP V6 cheap-screen. Final MASTER dedupe/QA required.				overture:c61ab829-9ac9-4f36-9b4b-b7515f1ee7f0	realestate-elevated.com	18434941964	vision real estate property management	Savannah	USA	HIGH	domain:realestate-elevated.com
	A	91	Savannah	USA	Coastal Islands Real Estate & Property Management LLC		real_estate_agent	7906 US Highway 80 E	+19126587054								overture:886bfdf3-2b48-4159-ad78-212a3975c12c	2026-08-15T00:30:13Z		Canonical queue drain | fit A | GitHub MASTER dedupe passed	http://www.coastalislandsrealestate.com/	alicewerntz@gmail.com	https://www.coastalislandsrealestate.com/contact-us		https://www.facebook.com/coastalislandsRE/						Medium	Recall-first	https://explore.overturemaps.org/#id=886bfdf3-2b48-4159-ad78-212a3975c12c	Public Overture site+email; zero-HTTP V6 cheap-screen. Final MASTER dedupe/QA required.				overture:886bfdf3-2b48-4159-ad78-212a3975c12c	coastalislandsrealestate.com	19126587054	coastal islands real estate property management llc	Savannah	USA	MEDIUM	domain:coastalislandsrealestate.com
	A	91	Cedar City	USA	Cedar City Property Management		property_management	337 S Main St	+14355861090								overture:0e013b3a-2b1b-4e6d-b28a-82986f9dbb3d	2026-08-15T00:30:13Z		Canonical queue drain | fit A | GitHub MASTER dedupe passed	http://ccpm4rent.com/	ccpm4rent@yahoo.com	https://ccpm4rent.com/contact.html				https://ccpm4rent.com/properties.html				High	Verified	https://explore.overturemaps.org/#id=0e013b3a-2b1b-4e6d-b28a-82986f9dbb3d	Public Overture site+email; zero-HTTP V6 cheap-screen. Final MASTER dedupe/QA required.				overture:0e013b3a-2b1b-4e6d-b28a-82986f9dbb3d	ccpm4rent.com	14355861090	cedar city property management	Cedar City	USA	HIGH	domain:ccpm4rent.com
	A	91	La Mesa	USA	Whittington Property Management		property_management	8270 La Mesa Blvd	+16196673050								overture:cd15a512-3e37-4c3f-94f2-3b459ec7f763	2026-08-14T23:59:35.771745Z		Canonical queue drain | fit A | GitHub MASTER dedupe passed	http://www.WhittingtonPM.com/	info@whittingtonpm.com	https://www.whittingtonpm.com/contact				https://www.whittingtonpm.com/featured-properties				High	Verified	https://explore.overturemaps.org/#id=cd15a512-3e37-4c3f-94f2-3b459ec7f763	Public Overture site+email; zero-HTTP V6 cheap-screen. Final MASTER dedupe/QA required.				overture:cd15a512-3e37-4c3f-94f2-3b459ec7f763	whittingtonpm.com	16196673050	whittington property management	La Mesa	USA	HIGH	domain:whittingtonpm.com
	A	91	Lawndale	USA	Jenkins Property Management		property_management	14511 Hawthorne Blvd	+13102193840								overture:cdbab19d-e5d5-4201-997c-cccd93f26f25	2026-08-14T23:59:35.771745Z		Canonical queue drain | fit A | GitHub MASTER dedupe passed	http://www.jenkinspropertymanagement.com	jenkinsmgt@aol.com	https://www.jenkinspropertymanagement.com/about-us				https://www.jenkinspropertymanagement.com/beach-rentals				High	Verified	https://explore.overturemaps.org/#id=cdbab19d-e5d5-4201-997c-cccd93f26f25	Public Overture site+email; zero-HTTP V6 cheap-screen. Final MASTER dedupe/QA required.				overture:cdbab19d-e5d5-4201-997c-cccd93f26f25	jenkinspropertymanagement.com	13102193840	jenkins property management	Lawndale	USA	HIGH	domain:jenkinspropertymanagement.com
	A	91	Ventura	USA	Stonegate Property Management		property_management	2377 E Main St	+18056419905								overture:c2743429-cea7-471a-a1ad-29834da20194	2026-08-14T23:59:35.771745Z		Canonical queue drain | fit A | GitHub MASTER dedupe passed	http://empirepmc.com/	info@empirepmc.com	https://www.empirepmc.com/about-us		https://www.facebook.com/Empire-Management-Company-159398900851689/						High	Verified	https://explore.overturemaps.org/#id=c2743429-cea7-471a-a1ad-29834da20194	Public Overture site+email; zero-HTTP V6 cheap-screen. Final MASTER dedupe/QA required.				overture:c2743429-cea7-471a-a1ad-29834da20194	empirepmc.com	18056419905	stonegate property management	Ventura	USA	HIGH	domain:empirepmc.com
	A	91	Los Angeles	USA	Sterling Vacation Rentals		holiday_rental_home	5775 Whittier Blvd	+14242742447								overture:16033e10-994c-41b4-9fb3-3182e1ec14a8	2026-08-14T23:59:35.771745Z		Canonical queue drain | fit A | GitHub MASTER dedupe passed	http://vacationrentalsinla.net/	vacationrentalsinla@gmail.com			https://www.facebook.com/vacationrentalsinla/		http://www.vacationrentalsinla.net/whole-house-vacation-rentals.html				High	Verified	https://explore.overturemaps.org/#id=16033e10-994c-41b4-9fb3-3182e1ec14a8	Public Overture site+email; zero-HTTP V6 cheap-screen. Final MASTER dedupe/QA required.				overture:16033e10-994c-41b4-9fb3-3182e1ec14a8	vacationrentalsinla.net	14242742447	sterling vacation rentals	Los Angeles	USA	HIGH	domain:vacationrentalsinla.net
	A	91	Aransas Pass	USA	Y KNOT GetawaY Vacation Rentals and Property Management		holiday_rental_home	235 S Commercial St	+13612263100								overture:d0d695ff-cd76-4633-9754-7a73420e7515	2026-08-14T23:56:03Z		Canonical queue drain | fit A | GitHub MASTER dedupe passed	http://www.yknotgetaway.net/	yknotgetaway@gmail.com	https://www.yknotgetaway.net/about-us				https://www.yknotgetaway.net/listings/463812				High	Verified	https://explore.overturemaps.org/#id=d0d695ff-cd76-4633-9754-7a73420e7515	Public Overture site+email; zero-HTTP V6 cheap-screen. Final MASTER dedupe/QA required.				overture:d0d695ff-cd76-4633-9754-7a73420e7515	yknotgetaway.net	13612263100	y knot getaway vacation rentals and property management	Aransas Pass	USA	HIGH	domain:yknotgetaway.net
	A	91	Indio	USA	The Coachella Estate - Vacation Rental & Private Resort		travel_company		+17605071330								overture:4db678ad-f108-4cab-9f22-fac57dadd3b3	2026-08-14T23:56:03Z		Canonical queue drain | fit A | GitHub MASTER dedupe passed	http://www.PurveyorsOfLeisure.com/	stay@purveyorsofleisure.com	https://purveyorsofleisure.com/about/				https://purveyorsofleisure.com/property-management-services/				High	Verified	https://explore.overturemaps.org/#id=4db678ad-f108-4cab-9f22-fac57dadd3b3	Public Overture site+email; zero-HTTP V6 cheap-screen. Final MASTER dedupe/QA required.				overture:4db678ad-f108-4cab-9f22-fac57dadd3b3	purveyorsofleisure.com	17605071330	the coachella estate vacation rental private resort	Indio	USA	HIGH	domain:purveyorsofleisure.com
	A	91	Okanagan-Similkameen	Canada	Trailside Cabin Rentals		cabin	3892 Princeton-Summerland Rd	+12502950812								overture:c679fa8c-7a93-4554-aff8-da40f84fa11b	2026-08-14T23:56:03Z		Canonical queue drain | fit A | GitHub MASTER dedupe passed	http://www.trailsidecabinrentals.ca/	trailsidecabinrentals@gmail.com		https://www.instagram.com/trailsidecabinrentals/	https://www.facebook.com/TrailsideCabinRentals/						High	Verified	https://explore.overturemaps.org/#id=c679fa8c-7a93-4554-aff8-da40f84fa11b; https://trailsidecabinrentals.ca/	Public Overture site+email; zero-HTTP V6 cheap-screen. Final MASTER dedupe/QA required.				overture:c679fa8c-7a93-4554-aff8-da40f84fa11b	trailsidecabinrentals.ca	12502950812	trailside cabin rentals	Okanagan-Similkameen	Canada	HIGH	domain:trailsidecabinrentals.ca
	A	91	Ramona	USA	Town and Country Property Management		property_management	1342 Main St	+17607897872								overture:71620c60-5db5-41b5-95f6-86af71d2c2ec	2026-08-14T23:56:03Z		Canonical queue drain | fit A | GitHub MASTER dedupe passed	http://RentRamona.com/	rentramona@aol.com	https://www.rentramona.com/about-me				https://www.rentramona.com/lease-rentals				High	Verified	https://explore.overturemaps.org/#id=71620c60-5db5-41b5-95f6-86af71d2c2ec	Public Overture site+email; zero-HTTP V6 cheap-screen. Final MASTER dedupe/QA required.				overture:71620c60-5db5-41b5-95f6-86af71d2c2ec	rentramona.com	17607897872	town and country property management	Ramona	USA	HIGH	domain:rentramona.com
	A	91	Killeen	USA	C&M Rentals Property Management		property_management	3800 E Stan Schlueter Loop	+12546345383								overture:8d45a273-62c6-4f91-a675-daec4f727ea1	2026-08-14T23:56:03Z		Canonical queue drain | fit A | GitHub MASTER dedupe passed	http://www.cmrentals.net/	cmrentals@cmrentals.net	https://www.cmrentals.net/contact-me				https://www.cmrentals.net/cm-rentals				High	Verified	https://explore.overturemaps.org/#id=8d45a273-62c6-4f91-a675-daec4f727ea1	Public Overture site+email; zero-HTTP V6 cheap-screen. Final MASTER dedupe/QA required.				overture:8d45a273-62c6-4f91-a675-daec4f727ea1	cmrentals.net	12546345383	c m rentals property management	Killeen	USA	HIGH	domain:cmrentals.net
	B	78		Spain	Zafiro Palace Palmanova		hotel										Q134774780	2026-08-16T20:02:25.210024Z		Canonical queue drain | fit B | GitHub MASTER dedupe passed	https://www.zafirohotels.com/en/zafiro-palace-palmanova/	info@zafirohotels.com	https://www.zafirohotels.com/en/contact/	https://www.instagram.com/zafirohotels/	https://www.facebook.com/ZafiroHotels/						High	Verified	http://www.wikidata.org/entity/Q134774780; https://www.zafirohotels.com/en/zafiro-palace-palmanova/	Wikidata structured evidence; country=Q29; class=Q27686; official website property P856. Public business email recovered from first-party website; no inference.				q134774780	zafirohotels.com		zafiro palace palmanova		Spain	HIGH	domain:zafirohotels.com
	B	78		Spain	Hotel Vértice Indalo		hotel										Q115378207	2026-08-16T20:02:25.210024Z		Canonical queue drain | fit B | GitHub MASTER dedupe passed	https://www.verticehoteles.com/hotel-vertice-indalo-almeria/	verticeindalo@verticehoteles.com	https://www.verticehoteles.com/contacto/	https://www.instagram.com/vertice_hoteles/	https://www.facebook.com/HotelesVertice/						High	Verified	http://www.wikidata.org/entity/Q115378207; https://www.verticehoteles.com/hotel-vertice-indalo-almeria/	Wikidata structured evidence; country=Q29; class=Q27686; official website property P856. Public business email recovered from first-party website; no inference.				q115378207	verticehoteles.com		hotel vertice indalo		Spain	HIGH	domain:verticehoteles.com
	B	78		Spain	Valentin Reina Paguera - Adults Only		hotel										Q111872235	2026-08-16T20:02:25.210024Z		Canonical queue drain | fit B | GitHub MASTER dedupe passed	https://www.valentinhotels.com/de/bestimmungen-hotels/valentin-reina-paguera/	comercial@valentinhotels.com	https://bookingtravel.valentinhotels.com/de/	https://www.instagram.com/valentinhotels/	https://www.facebook.com/valentinhotels/						High	Verified	http://www.wikidata.org/entity/Q111872235; https://www.valentinhotels.com/de/bestimmungen-hotels/valentin-reina-paguera/	Wikidata structured evidence; country=Q29; class=Q27686; official website property P856. Public business email recovered from first-party website; no inference.				q111872235	valentinhotels.com		valentin reina paguera adults only		Spain	HIGH	domain:valentinhotels.com
	B	78		Spain	Tent Capi Playa		hotel										Q112012023	2026-08-16T20:02:25.210024Z		Canonical queue drain | fit B | GitHub MASTER dedupe passed	https://www.tenthotels.com/de/tent-capi-playa	info@tenthotels.com	https://tenthotels.com/es/contacto	https://www.instagram.com/tent_hotels/	https://www.facebook.com/tenthotels/						High	Verified	http://www.wikidata.org/entity/Q112012023; https://tenthotels.com/de/tent-capi-playa	Wikidata structured evidence; country=Q29; class=Q27686; official website property P856. Public business email recovered from first-party website; no inference.				q112012023	tenthotels.com		tent capi playa		Spain	HIGH	domain:tenthotels.com
	B	78		Spain	Casa Bougainvillea		hotel										Q111872283	2026-08-16T20:02:25.210024Z		Canonical queue drain | fit B | GitHub MASTER dedupe passed	https://saratogatramuntanahotels.com/es/hotel-casa-bougainvillea	contact@saratogatramuntanahotels.com	https://saratogatramuntanahotels.com/es/booking-conditions	https://www.instagram.com/hotelsaratoga/	https://www.facebook.com/HotelSaratoga/						High	Verified	http://www.wikidata.org/entity/Q111872283; https://saratogatramuntanahotels.com/es/hotel-casa-bougainvillea; https://saratogatramuntanahotels.com/es/contactar-con-saratoga-group	Wikidata structured evidence; country=Q29; class=Q27686; official website property P856. Public business email recovered from first-party website; no inference.				q111872283	saratogatramuntanahotels.com		casa bougainvillea		Spain	HIGH	domain:saratogatramuntanahotels.com
	B	78		Spain	Petit Palace Tres Cruces		hotel										Q111388757	2026-08-16T20:02:25.210024Z		Canonical queue drain | fit B | GitHub MASTER dedupe passed	https://www.petitpalace.com/en/petit-palace-tres-cruces/	plaza@petitpalace.com	https://www.petitpalace.com/en/about-us/	https://www.instagram.com/petitpalacehotels/	https://www.facebook.com/PetitPalaceHotels/						High	Verified	http://www.wikidata.org/entity/Q111388757; https://www.petitpalace.com/en/petit-palace-tres-cruces/; https://www.petitpalace.com/en/contact/	Wikidata structured evidence; country=Q29; class=Q27686; official website property P856. Public business email recovered from first-party website; no inference.				q111388757	petitpalace.com		petit palace tres cruces		Spain	HIGH	domain:petitpalace.com
	B	78		Spain	Q113134609		hotel										Q113134609	2026-08-16T20:02:25.210024Z		Canonical queue drain | fit B | GitHub MASTER dedupe passed	https://www.nuevohotel.com/	reserva@nuevohotel.com	https://www.nuevohotel.com/contacto/	https://www.instagram.com/nuevohotel1927/	https://www.facebook.com/Nuevo-Hotel-120392778076835/						Permissive	Qualification	http://www.wikidata.org/entity/Q113134609; https://www.nuevohotel.com/	Wikidata structured evidence; country=Q29; class=Q27686; official website property P856. Public business email recovered from first-party website; no inference.				q113134609	nuevohotel.com		q113134609		Spain	PERMISSIVE	domain:nuevohotel.com
	B	78		Spain	Hotel Montemar Maritim		hotel										Q126176744	2026-08-16T20:02:25.210024Z		Canonical queue drain | fit B | GitHub MASTER dedupe passed	https://www.montemarmaritim.com/	info@montemarmaritim.com	https://www.montemarmaritim.com/contacto	https://www.instagram.com/montemarmaritim/	https://www.facebook.com/montemarmaritimhotel/						High	Verified	http://www.wikidata.org/entity/Q126176744; https://www.montemarmaritim.com/	Wikidata structured evidence; country=Q29; class=Q27686; official website property P856. Public business email recovered from first-party website; no inference.				q126176744	montemarmaritim.com		hotel montemar maritim		Spain	HIGH	domain:montemarmaritim.com
	B	78		Spain	Hotel Macià Granada Five Senses		hotel										Q123412173	2026-08-16T20:02:25.210024Z		Canonical queue drain | fit B | GitHub MASTER dedupe passed	https://www.maciahoteles.com/en/granadafivesenses/	donana@maciahoteles.com	https://www.maciahoteles.com/en/contact/	https://www.instagram.com/hotelesmacia/	https://www.facebook.com/maciahoteles/						High	Verified	http://www.wikidata.org/entity/Q123412173; https://www.maciahoteles.com/en/granadafivesenses/	Wikidata structured evidence; country=Q29; class=Q27686; official website property P856. Public business email recovered from first-party website; no inference.				q123412173	maciahoteles.com		hotel macia granada five senses		Spain	HIGH	domain:maciahoteles.com
	B	78		Spain	Hotel Saratoga		hotel										Q111389644	2026-08-16T20:02:25.210024Z		Canonical queue drain | fit B | GitHub MASTER dedupe passed	https://www.hotelsaratoga.com	rgpd@hotelsaratoga.com	https://www.hotelsaratoga.com/proteccion-datos	https://www.instagram.com/hotelsaratoga/	https://www.facebook.com/HotelSaratoga/						Medium	Recall-first	http://www.wikidata.org/entity/Q111389644; https://www.hotelsaratoga.com/; https://www.hotelsaratoga.com; https://www.hotelsaratoga.com/proteccion-datos	Wikidata structured evidence; country=Q29; class=Q27686; official website property P856. Public business email recovered from first-party website; no inference.				q111389644	hotelsaratoga.com		hotel saratoga		Spain	MEDIUM	domain:hotelsaratoga.com
	B	78		Spain	Agua de Mar Hotel Boutique		hotel										Q111872137	2026-08-16T20:02:25.210024Z		Canonical queue drain | fit B | GitHub MASTER dedupe passed	https://www.hotelaguademar.com/	info@hotelaguademar.com	https://www.hotelaguademar.com/contacto	https://www.instagram.com/hotelaguademar/	https://www.facebook.com/aguademarhotel/						Medium	Recall-first	http://www.wikidata.org/entity/Q111872137; https://www.hotelaguademar.com/	Wikidata structured evidence; country=Q29; class=Q27686; official website property P856. Public business email recovered from first-party website; no inference.				q111872137	hotelaguademar.com		agua de mar hotel boutique		Spain	MEDIUM	domain:hotelaguademar.com
	B	78		Spain	Posada Terra Santa		hotel										Q111389657	2026-08-16T20:02:25.210024Z		Canonical queue drain | fit B | GitHub MASTER dedupe passed	https://hiddenhotels.com/posada-terra-santa/en/	info@hiddenhotels.com	https://booking.hiddenhotels.com/bookcore/agency/login/	https://www.instagram.com/hotelposadaterrasanta/	https://www.facebook.com/hiddenhotels/						High	Verified	http://www.wikidata.org/entity/Q111389657; https://hiddenhotels.com/posada-terra-santa/en/; https://booking.hiddenhotels.com/bookcore/agency/login/	Wikidata structured evidence; country=Q29; class=Q27686; official website property P856. Public business email recovered from first-party website; no inference.				q111389657	hiddenhotels.com		posada terra santa		Spain	HIGH	domain:hiddenhotels.com
	B	78		Spain	Q112146132		hotel										Q112146132	2026-08-16T20:02:25.210024Z		Canonical queue drain | fit B | GitHub MASTER dedupe passed	https://granhoteltaoro.com/	reservations@granhoteltaoro.com	https://bookingtravel.granhoteltaoro.com/es/	https://www.instagram.com/granhoteltaoro/	https://www.facebook.com/granhoteltaorotenerife/						Permissive	Qualification	http://www.wikidata.org/entity/Q112146132; https://granhoteltaoro.com/es/	Wikidata structured evidence; country=Q29; class=Q27686; official website property P856. Public business email recovered from first-party website; no inference.				q112146132	granhoteltaoro.com		q112146132		Spain	PERMISSIVE	domain:granhoteltaoro.com
	B	78		Spain	Galicia Palace		hotel										Q111872147	2026-08-16T20:02:25.210024Z		Canonical queue drain | fit B | GitHub MASTER dedupe passed	https://www.galiciapalace.com/	reservas@galiciapalace.com	https://www.galiciapalace.com/es-ES/contacto.aspx	https://www.instagram.com/hotelgaliciapalace/	https://www.facebook.com/hotelgaliciapalace/						Medium	Recall-first	http://www.wikidata.org/entity/Q111872147; https://www.galiciapalace.com/	Wikidata structured evidence; country=Q29; class=Q27686; official website property P856. Public business email recovered from first-party website; no inference.				q111872147	galiciapalace.com		galicia palace		Spain	MEDIUM	domain:galiciapalace.com
	B	78		Spain	Costa Natura		resort										Q114016187	2026-08-16T20:02:25.210024Z		Canonical queue drain | fit B | GitHub MASTER dedupe passed	https://costanatura.com/	info@costanatura.com	https://costanatura.com/contact/	https://www.instagram.com/costanaturafamilyresort/	https://www.facebook.com/profile.php/						High	Verified	http://www.wikidata.org/entity/Q114016187; https://costanatura.com/	Wikidata structured evidence; country=Q29; class=Q875157; official website property P856. Public business email recovered from first-party website; no inference.				q114016187	costanatura.com		costa natura		Spain	HIGH	domain:costanatura.com
	B	78		Spain	Hotel Amic Miraflores		hotel										Q135658737	2026-08-16T20:02:25.210024Z		Canonical queue drain | fit B | GitHub MASTER dedupe passed	https://www.amic-hotels.com/hoteles-amic/hotel-amic-miraflores	gala@amic-hotels.com	https://www.amic-hotels.com/contacto	https://www.instagram.com/amichotels/	https://www.facebook.com/amichotelsmallorca/						High	Verified	http://www.wikidata.org/entity/Q135658737; https://www.amic-hotels.com/hoteles-amic/hotel-amic-miraflores; https://www.amic-hotels.com/proteccion-datos	Wikidata structured evidence; country=Q29; class=Q27686; official website property P856. Public business email recovered from first-party website; no inference.				q135658737	amic-hotels.com		hotel amic miraflores		Spain	HIGH	domain:amic-hotels.com
	B	78		Spain	A Cantaruxa Maruxa		hotel										Q111872098	2026-08-16T20:02:25.210024Z		Canonical queue drain | fit B | GitHub MASTER dedupe passed	https://acantaruxamaruxa.es/	benvidos@acantaruxamaruxa.es	https://acantaruxamaruxa.es/contacto/	https://www.instagram.com/a_cantaruxa_maruxa/	https://www.facebook.com/A-Cantaruxa-Maruxa-399179520278586/						High	Verified	http://www.wikidata.org/entity/Q111872098; https://acantaruxamaruxa.es/	Wikidata structured evidence; country=Q29; class=Q27686; official website property P856. Public business email recovered from first-party website; no inference.				q111872098	acantaruxamaruxa.es		a cantaruxa maruxa		Spain	HIGH	domain:acantaruxamaruxa.es
	B	78		France	Hôtel Westminster		hotel										Q109322522	2026-08-16T19:58:38.267629Z		Canonical queue drain | fit B | GitHub MASTER dedupe passed	https://www.warwickhotels.com/hotel-westminster	info.westminster@warwickhotels.com	https://www.warwickhotels.com/about-us	https://www.instagram.com/hotel_westminster/	https://www.facebook.com/HotelWestminster/						High	Verified	http://www.wikidata.org/entity/Q109322522; https://www.warwickhotels.com/hotel-westminster	Wikidata structured evidence; country=Q142; class=Q27686; official website property P856. Public business email recovered from first-party website; no inference.				q109322522	warwickhotels.com		hotel westminster		France	HIGH	domain:warwickhotels.com
	B	78		France	Q19945497		hotel										Q19945497	2026-08-16T19:58:38.267629Z		Canonical queue drain | fit B | GitHub MASTER dedupe passed	http://www.vertigohoteldijon.com/index.php	reservations@vertigohoteldijon.com	https://www.vertigohoteldijon.com/contact/	https://www.instagram.com/design_hotels/	https://www.facebook.com/Vertigohoteldijon/						Permissive	Qualification	http://www.wikidata.org/entity/Q19945497; https://www.vertigohoteldijon.com/	Wikidata structured evidence; country=Q142; class=Q27686; official website property P856. Public business email recovered from first-party website; no inference.				q19945497	vertigohoteldijon.com		q19945497		France	PERMISSIVE	domain:vertigohoteldijon.com
	B	78		France	Valpré-Lyon		hotel										Q19006803	2026-08-16T19:58:38.267629Z		Canonical queue drain | fit B | GitHub MASTER dedupe passed	http://www.valpre.com	reception@valpre.com	https://www.valpre.com/fr/contact-info	https://www.instagram.com/valprelyon/	https://www.facebook.com/Valpr%C3%A9-Lyon-530327873806861/						Permissive	Qualification	http://www.wikidata.org/entity/Q19006803; https://www.valpre.com/fr	Wikidata structured evidence; country=Q142; class=Q27686; official website property P856. Public business email recovered from first-party website; no inference.				q19006803	valpre.com		valpre lyon		France	PERMISSIVE	domain:valpre.com
	B	78		France	Terrass'' Hotel		hotel										Q111390963	2026-08-16T19:58:38.267629Z		Canonical queue drain | fit B | GitHub MASTER dedupe passed	https://www.terrass-hotel.com/	reservation@terrass-hotel.com	https://www.terrass-hotel.com/spa-booking	https://www.instagram.com/terrasshotel/	https://www.facebook.com/terrass.hotel/						High	Verified	http://www.wikidata.org/entity/Q111390963; https://www.terrass-hotel.com/	Wikidata structured evidence; country=Q142; class=Q27686; official website property P856. Public business email recovered from first-party website; no inference.				q111390963	terrass-hotel.com		terrass hotel		France	HIGH	domain:terrass-hotel.com
	B	78		France	Brit Hotel Le Surcouf		hotel										Q111391353	2026-08-16T19:58:38.267629Z		Canonical queue drain | fit B | GitHub MASTER dedupe passed	https://www.surcoufhotel.com	contact@surcoufhotel.com	https://www.surcoufhotel.com/contact/	https://www.instagram.com/hotellesurcouf/	https://www.facebook.com/LeSurcoufSaintMalo/						High	Verified	http://www.wikidata.org/entity/Q111391353; https://www.surcoufhotel.com/; https://www.surcoufhotel.com	Wikidata structured evidence; country=Q142; class=Q27686; official website property P856. Public business email recovered from first-party website; no inference.				q111391353	surcoufhotel.com		brit hotel le surcouf		France	HIGH	domain:surcoufhotel.com
	B	78		France	Hostellerie de la Sainte-Baume		hotel										Q109592779	2026-08-16T19:58:38.267629Z		Canonical queue drain | fit B | GitHub MASTER dedupe passed	http://www.saintebaume.org/	accueil@saintebaume.org	http://www.saintebaume.org/hostellerie/reservation-repas/	https://www.instagram.com/sanctuaire_sainte_baume/	https://www.facebook.com/sanctuaire.saintebaume/						Permissive	Qualification	http://www.wikidata.org/entity/Q109592779; http://www.saintebaume.org/	Wikidata structured evidence; country=Q142; class=Q27686; official website property P856. Public business email recovered from first-party website; no inference.				q109592779	saintebaume.org		hostellerie de la sainte baume		France	PERMISSIVE	domain:saintebaume.org
	B	78		France	RockyPop Hotel		hotel										Q111117147	2026-08-16T19:58:38.267629Z		Canonical queue drain | fit B | GitHub MASTER dedupe passed	https://www.rockypop.com/chamonix	sales.chamonix@rockypop.com	https://www.rockypop.com/contact/	https://www.instagram.com/rockypopfamily/	https://www.facebook.com/RockyPopHotel/						Medium	Recall-first	http://www.wikidata.org/entity/Q111117147; https://www.rockypop.com/chamonix/; https://www.rockypop.com/chamonix/contact/	Wikidata structured evidence; country=Q142; class=Q27686; official website property P856. Public business email recovered from first-party website; no inference.				q111117147	rockypop.com		rockypop hotel		France	MEDIUM	domain:rockypop.com
	B	78		France	La Réserve de Beaulieu & Spa		hotel										Q24204476	2026-08-16T19:58:38.267629Z		Canonical queue drain | fit B | GitHub MASTER dedupe passed	http://www.reservebeaulieu.com/	reservation@reservebeaulieu.com	https://www.reservebeaulieu.com/booking/	https://www.instagram.com/lareservedebeaulieuofficiel/	https://www.facebook.com/la.reserve.de.beaulieu/						High	Verified	http://www.wikidata.org/entity/Q24204476; https://www.reservebeaulieu.com/	Wikidata structured evidence; country=Q142; class=Q27686; official website property P856. Public business email recovered from first-party website; no inference.				q24204476	reservebeaulieu.com		la reserve de beaulieu spa		France	HIGH	domain:reservebeaulieu.com
	B	78		France	Relais de la Poste		hotel										Q6661678	2026-08-16T19:58:38.267629Z		Canonical queue drain | fit B | GitHub MASTER dedupe passed	https://www.relaisposte.com/fr/	cotequillier@gmail.com	https://www.relaisposte.com/fr/	https://www.instagram.com/relaisdelaposteofficiel/	https://www.facebook.com/relaisdelapostecoussau/						Permissive	Qualification	http://www.wikidata.org/entity/Q6661678; https://www.relaisposte.com/fr/	Wikidata structured evidence; country=Q142; class=Q27686; official website property P856. Public business email recovered from first-party website; no inference.				q6661678	relaisposte.com		relais de la poste		France	PERMISSIVE	domain:relaisposte.com
	B	78		France	Relais de Chambord		hotel										Q102276479	2026-08-16T19:58:38.267629Z		Canonical queue drain | fit B | GitHub MASTER dedupe passed	https://relaisdechambord.com	reservations@relaisdechambord.com	https://relaisdechambord.com/contact-et-acces/	https://www.instagram.com/relaisdechambord/	https://www.facebook.com/RelaisDeChambord/						High	Verified	http://www.wikidata.org/entity/Q102276479; https://relaisdechambord.com/; https://relaisdechambord.com; https://relaisdechambord.com/contact-et-acces/	Wikidata structured evidence; country=Q142; class=Q27686; official website property P856. Public business email recovered from first-party website; no inference.				q102276479	relaisdechambord.com		relais de chambord		France	HIGH	domain:relaisdechambord.com
	B	78		France	Refuge de la Glière		hotel										Q56368220	2026-08-16T19:58:38.267629Z		Canonical queue drain | fit B | GitHub MASTER dedupe passed	https://www.refugedelagliere.fr/	contact@refugedelagliere.fr	https://www.refugedelagliere.fr/reservations	https://www.instagram.com/refugedelagliere/	https://www.facebook.com/refugedelagliere/						High	Verified	http://www.wikidata.org/entity/Q56368220; https://www.refugedelagliere.fr/	Wikidata structured evidence; country=Q142; class=Q27686; official website property P856. Public business email recovered from first-party website; no inference.				q56368220	refugedelagliere.fr		refuge de la gliere		France	HIGH	domain:refugedelagliere.fr
	B	78		France	Q109383393		hotel										Q109383393	2026-08-16T19:58:38.267629Z		Canonical queue drain | fit B | GitHub MASTER dedupe passed	https://www.refuge-bellachat.com/	refuge.bellachat@gmail.com	https://www.refuge-bellachat.com/reservations	https://www.instagram.com/wix/	https://www.facebook.com/wix/						Permissive	Qualification	http://www.wikidata.org/entity/Q109383393; https://www.refuge-bellachat.com/	Wikidata structured evidence; country=Q142; class=Q27686; official website property P856. Public business email recovered from first-party website; no inference.				q109383393	refuge-bellachat.com		q109383393		France	PERMISSIVE	domain:refuge-bellachat.com
	B	78		France	Q16510594		hotel										Q16510594	2026-08-16T19:58:38.267629Z		Canonical queue drain | fit B | GitHub MASTER dedupe passed	https://planglacier.fr/	info@planglacier.fr	https://planglacier.fr/contacts/	https://www.instagram.com/planglacier/	https://www.facebook.com/RefugePlanGlacier/						Permissive	Qualification	http://www.wikidata.org/entity/Q16510594; https://planglacier.fr/	Wikidata structured evidence; country=Q142; class=Q27686; official website property P856. Public business email recovered from first-party website; no inference.				q16510594	planglacier.fr		q16510594		France	PERMISSIVE	domain:planglacier.fr
	B	78	Ibiza	Spain	Contact us		hospitality_search_candidate										fresh:70ebd7b1f2a4c7d3582b	2026-08-16T19:58:38.267629Z		Canonical queue drain | fit B | GitHub MASTER dedupe passed	https://myplaceibiza.eu/en/791715/contact-us	%20john-tyson@gmail.com	https://myplaceibiza.eu/en/924492/about-us	https://www.instagram.com/myplaceibiza/	https://www.facebook.com/myplaceibiza/						High	Verified	https://myplaceibiza.eu/en/791715/contact-us	Public search evidence; market_id=ibiza-es; family=lodgify_footprint__contact; provider=ddgs; rank=2; query="Powered by Lodgify" Ibiza Spain villa rentals "contact us" Public business email recovered from first-party website; no inference.				fresh:70ebd7b1f2a4c7d3582b	myplaceibiza.eu		contact us	Ibiza	Spain	HIGH	domain:myplaceibiza.eu
	B	78		France	Majestic Hotel-Spa Champs-Elysées		hotel										Q26257922	2026-08-16T19:58:38.267629Z		Canonical queue drain | fit B | GitHub MASTER dedupe passed	https://www.majestic-hotel.com/en/	reservation@majestic-hotel.com	https://www.majestic-hotel.com/en/page/about-us-luxury-hotel-paris-16th-district.3324.html	https://www.instagram.com/majestichotelandspaparis/	https://www.facebook.com/hotelvillamajestic.official/						High	Verified	http://www.wikidata.org/entity/Q26257922; https://www.majestic-hotel.com/en/	Wikidata structured evidence; country=Q142; class=Q27686; official website property P856. Public business email recovered from first-party website; no inference.				q26257922	majestic-hotel.com		majestic hotel spa champs elysees		France	HIGH	domain:majestic-hotel.com
	B	78		France	Hotel Maison Astor Paris		hotel										Q56523562	2026-08-16T19:58:38.267629Z		Canonical queue drain | fit B | GitHub MASTER dedupe passed	https://www.maisonastorparis.com/	mystay@maisonastorparis.com	https://maisonastorparis.com/fr/page/contact-maison-astor-paris-curio-collection-by-hilton.23714.html	https://www.instagram.com/maisonastorparis/	https://www.facebook.com/MaisonAstorParis/						High	Verified	http://www.wikidata.org/entity/Q56523562; https://www.maisonastorparis.com/; https://maisonastorparis.com/	Wikidata structured evidence; country=Q142; class=Q27686; official website property P856. Public business email recovered from first-party website; no inference.				q56523562	maisonastorparis.com		hotel maison astor paris		France	HIGH	domain:maisonastorparis.com
	B	78		France	Le Grand Quartier		hotel										Q112016427	2026-08-16T19:58:38.267629Z		Canonical queue drain | fit B | GitHub MASTER dedupe passed	https://www.legrandquartier.com/	bonjour@legrandquartier.com	https://www.legrandquartier.com/acces-contact	https://www.instagram.com/legrandquartier/	https://www.facebook.com/Le-Grand-Quartier-1720323954934584/						High	Verified	http://www.wikidata.org/entity/Q112016427; https://www.legrandquartier.com/	Wikidata structured evidence; country=Q142; class=Q27686; official website property P856. Public business email recovered from first-party website; no inference.				q112016427	legrandquartier.com		le grand quartier		France	HIGH	domain:legrandquartier.com
	B	78		France	Hôtel le Glacier		hotel										Q111391123	2026-08-16T19:58:38.267629Z		Canonical queue drain | fit B | GitHub MASTER dedupe passed	https://www.le-glacier.com/	info@le-glacier.com	https://www.le-glacier.com/contact/	https://www.instagram.com/hotelleglacier/	https://www.facebook.com/leglacierorange/						Medium	Recall-first	http://www.wikidata.org/entity/Q111391123; https://www.le-glacier.com/	Wikidata structured evidence; country=Q142; class=Q27686; official website property P856. Public business email recovered from first-party website; no inference.				q111391123	le-glacier.com		hotel le glacier		France	MEDIUM	domain:le-glacier.com
	B	78		France	Jura Hôtel		hotel										Q55840395	2026-08-16T19:58:38.267629Z		Canonical queue drain | fit B | GitHub MASTER dedupe passed	https://www.jurahotel.com	info@jurahotel.com	https://www.jurahotel.com/fr/reservations-hotel	https://www.instagram.com/jura_hotel_saint_claude/	https://www.facebook.com/jurahotel/						High	Verified	http://www.wikidata.org/entity/Q55840395; https://www.jurahotel.com/fr	Wikidata structured evidence; country=Q142; class=Q27686; official website property P856. Public business email recovered from first-party website; no inference.				q55840395	jurahotel.com		jura hotel		France	HIGH	domain:jurahotel.com
	B	78		France	Jiva Hill Resort - Genève		hotel										Q111390980	2026-08-16T19:58:38.267629Z		Canonical queue drain | fit B | GitHub MASTER dedupe passed	https://www.jivahill.com/	spa@jivahill.com	https://www.jivahill.com/en/map-and-contacts.html	https://www.instagram.com/jivahillresort/	https://www.facebook.com/JivaHillResort/						High	Verified	http://www.wikidata.org/entity/Q111390980; https://www.jivahill.com/; https://www.jivahill.com/en/map-and-contacts.html	Wikidata structured evidence; country=Q142; class=Q27686; official website property P856. Public business email recovered from first-party website; no inference.				q111390980	jivahill.com		jiva hill resort geneve		France	HIGH	domain:jivahill.com
	B	78		France	Hôtel Splendid Étoile		hotel										Q37812900	2026-08-16T19:58:38.267629Z		Canonical queue drain | fit B | GitHub MASTER dedupe passed	https://www.hsplendid.com	hotel@hsplendid.com	https://www.hsplendid.com/fr/page/contact-hotel-splendid-etoile-4-paris-groupe-frontenac.7618.html	https://www.instagram.com/hotelsplendidetoile/	https://www.facebook.com/hotelsplendidetoile/						High	Verified	http://www.wikidata.org/entity/Q37812900; https://www.hsplendid.com/; https://www.hsplendid.com	Wikidata structured evidence; country=Q142; class=Q27686; official website property P856. Public business email recovered from first-party website; no inference.				q37812900	hsplendid.com		hotel splendid etoile		France	HIGH	domain:hsplendid.com
	B	78		France	Hôtel Rochester Champs-Élysées		hotel										Q37812883	2026-08-16T19:58:38.267629Z		Canonical queue drain | fit B | GitHub MASTER dedupe passed	https://www.hrochester.com/	hotel@hrochester.com	https://www.hrochester.com/fr/page/contact-hotel-rochester-champs-elysees-4-paris-groupe-frontenac.8055.html	https://www.instagram.com/hotelrochesterparis/	https://www.facebook.com/hotelrochester/						High	Verified	http://www.wikidata.org/entity/Q37812883; https://www.hrochester.com/	Wikidata structured evidence; country=Q142; class=Q27686; official website property P856. Public business email recovered from first-party website; no inference.				q37812883	hrochester.com		hotel rochester champs elysees		France	HIGH	domain:hrochester.com
	B	78		France	Gustave Flaubert Literary Hotel		hotel										Q60833068	2026-08-16T19:58:38.267629Z		Canonical queue drain | fit B | GitHub MASTER dedupe passed	https://www.hotelslitteraires.fr/nos-hotels/hotel-litteraire-gustave-flaubert/	contact@hotelslitteraires.fr	https://www.hotelslitteraires.fr/contact	https://www.instagram.com/hotel.litteraire.gflaubert/	https://www.facebook.com/HotelGustaveFlaubert/						Medium	Recall-first	http://www.wikidata.org/entity/Q60833068; https://www.hotelslitteraires.fr/gustave-flaubert; https://www.hotelslitteraires.fr/contact	Wikidata structured evidence; country=Q142; class=Q27686; official website property P856. Public business email recovered from first-party website; no inference.				q60833068	hotelslitteraires.fr		gustave flaubert literary hotel		France	MEDIUM	domain:hotelslitteraires.fr
	B	78		France	Hotel R de Paris		hotel										Q111390941	2026-08-16T19:58:38.267629Z		Canonical queue drain | fit B | GitHub MASTER dedupe passed	https://hotelrdeparis.com	reservation@hotelrdeparis.com	https://hotelrdeparis.com/offres-speciales/reservation-anticipee/	https://www.instagram.com/hotelrdeparis/	https://www.facebook.com/hotelrdeparis/						High	Verified	http://www.wikidata.org/entity/Q111390941; https://hotelrdeparis.com/; https://hotelrdeparis.com	Wikidata structured evidence; country=Q142; class=Q27686; official website property P856. Public business email recovered from first-party website; no inference.				q111390941	hotelrdeparis.com		hotel r de paris		France	HIGH	domain:hotelrdeparis.com
	B	78		France	Napoleon Hotel		hotel										Q99543582	2026-08-16T19:58:38.267629Z		Canonical queue drain | fit B | GitHub MASTER dedupe passed	http://www.hotelnapoleon-fontainebleau.com/	contact@hotelnapoleon-fontainebleau.com	https://hotelnapoleon-fontainebleau.com/	https://www.instagram.com/hotel.napoleon.fontainebleau/	https://www.facebook.com/HotelSpaNapoleonFontainebleau/						High	Verified	http://www.wikidata.org/entity/Q99543582; https://www.hotelnapoleon-fontainebleau.com/	Wikidata structured evidence; country=Q142; class=Q27686; official website property P856. Public business email recovered from first-party website; no inference.				q99543582	hotelnapoleon-fontainebleau.com		napoleon hotel		France	HIGH	domain:hotelnapoleon-fontainebleau.com
	B	78		France	Q104889718		hotel										Q104889718	2026-08-16T19:58:38.267629Z		Canonical queue drain | fit B | GitHub MASTER dedupe passed	https://www.hotellerecif.com/	hotellerecif@hotellerecif.com	https://www.hotellerecif.com/fr/nous-contacter	https://www.instagram.com/hotellerecif/	https://www.facebook.com/HotelLeRecif/						Permissive	Qualification	http://www.wikidata.org/entity/Q104889718; https://www.hotellerecif.com/; https://www.hotellerecif.com/fr/nous-contacter	Wikidata structured evidence; country=Q142; class=Q27686; official website property P856. Public business email recovered from first-party website; no inference.				q104889718	hotellerecif.com		q104889718		France	PERMISSIVE	domain:hotellerecif.com
	B	78		France	La Paix Hotel Contemporain		hotel										Q111876940	2026-08-16T19:58:38.267629Z		Canonical queue drain | fit B | GitHub MASTER dedupe passed	https://www.hoteldelapaix-brest.com/	contact@hoteldelapaix-brest.com	https://www.hoteldelapaix-brest.com/contact	https://www.instagram.com/theoriginalshotellapaix/	https://www.facebook.com/LaPaixHotelContemporain/						High	Verified	http://www.wikidata.org/entity/Q111876940; https://www.hoteldelapaix-brest.com/; https://www.hoteldelapaix-brest.com/contact	Wikidata structured evidence; country=Q142; class=Q27686; official website property P856. Public business email recovered from first-party website; no inference.				q111876940	hoteldelapaix-brest.com		la paix hotel contemporain		France	HIGH	domain:hoteldelapaix-brest.com
	B	78		France	Hôtel de l'Abbaye Saint-Germain		hotel										Q111390659	2026-08-16T19:58:38.267629Z		Canonical queue drain | fit B | GitHub MASTER dedupe passed	https://www.hotelabbayeparis.com	reception@hotelabbayeparis.com	https://reservations.hotelabbayeparis.com/?chain=28286&hotel=35521&currency=EUR&adult=2&locale=fr-FR	https://www.instagram.com/hoteldelabbayeparis/	https://www.facebook.com/hotelabbaye/						High	Verified	http://www.wikidata.org/entity/Q111390659; https://www.hotelabbayeparis.com/; https://www.hotelabbayeparis.com	Wikidata structured evidence; country=Q142; class=Q27686; official website property P856. Public business email recovered from first-party website; no inference.				q111390659	hotelabbayeparis.com		hotel de l abbaye saint germain		France	HIGH	domain:hotelabbayeparis.com
	B	78		France	Hôtel San Régis		hotel										Q111411978	2026-08-16T19:58:38.267629Z		Canonical queue drain | fit B | GitHub MASTER dedupe passed	http://www.hotel-sanregis.fr/	p.roest@hotel-sanregis.fr	https://www.hotel-sanregis.fr/fr/page/contact-hotel-de-luxe-paris-8.3032.html	https://www.instagram.com/sanregisparis/	https://www.facebook.com/HotelSanRegisParis/						Permissive	Qualification	http://www.wikidata.org/entity/Q111411978; https://www.hotel-sanregis.fr/; https://www.hotel-sanregis.fr/fr/page/contact-hotel-de-luxe-paris-8.3032.html	Wikidata structured evidence; country=Q142; class=Q27686; official website property P856. Public business email recovered from first-party website; no inference.				q111411978	hotel-sanregis.fr		hotel san regis		France	PERMISSIVE	domain:hotel-sanregis.fr
	B	78		France	Hôtel-restaurant de La Marine		hotel										Q83610307	2026-08-16T19:58:38.267629Z		Canonical queue drain | fit B | GitHub MASTER dedupe passed	http://www.hotel-marine.fr/	contact@hotel-marine.fr	https://www.hotel-marine.fr/contact/	https://www.instagram.com/hoteldelamarine_stherblain/	https://www.facebook.com/hotel.restaurant.marine.saint.herblain/						Medium	Recall-first	http://www.wikidata.org/entity/Q83610307; https://www.hotel-marine.fr/	Wikidata structured evidence; country=Q142; class=Q27686; official website property P856. Public business email recovered from first-party website; no inference.				q83610307	hotel-marine.fr		hotel restaurant de la marine		France	MEDIUM	domain:hotel-marine.fr
	B	78		France	Les Sables Blancs		hotel										Q111390441	2026-08-16T19:58:38.267629Z		Canonical queue drain | fit B | GitHub MASTER dedupe passed	https://www.hotel-les-sables-blancs.com/	contact@hotel-les-sables-blancs.com	https://www.hotel-les-sables-blancs.com/contact	https://www.instagram.com/les.sables.blancs_concarneau/	https://www.facebook.com/LesSablesBlancs/						High	Verified	http://www.wikidata.org/entity/Q111390441; https://www.hotel-les-sables-blancs.com/	Wikidata structured evidence; country=Q142; class=Q27686; official website property P856. Public business email recovered from first-party website; no inference.				q111390441	hotel-les-sables-blancs.com		les sables blancs		France	HIGH	domain:hotel-les-sables-blancs.com
	B	78		France	Hotel La Louisiane		hotel										Q30593894	2026-08-16T19:58:38.267629Z		Canonical queue drain | fit B | GitHub MASTER dedupe passed	http://www.hotel-lalouisiane.com	reservation@hotel-lalouisiane.com	https://hotel-lalouisiane.com/contact	https://www.instagram.com/hotellouisiane/	https://www.facebook.com/HotelLaLouisiane/						High	Verified	http://www.wikidata.org/entity/Q30593894; https://hotel-lalouisiane.com/	Wikidata structured evidence; country=Q142; class=Q27686; official website property P856. Public business email recovered from first-party website; no inference.				q30593894	hotel-lalouisiane.com		hotel la louisiane		France	HIGH	domain:hotel-lalouisiane.com
	B	78		France	Hotel Le Challonge		hotel										Q111123214	2026-08-16T19:58:38.267629Z		Canonical queue drain | fit B | GitHub MASTER dedupe passed	https://hotel-dinan.fr	hotelmargueritedinan@gmail.com	https://hotel-dinan.fr/fra/contact	https://www.instagram.com/hotel.marguerite/	https://www.facebook.com/profile.php/						Medium	Recall-first	http://www.wikidata.org/entity/Q111123214; https://hotel-dinan.fr/; https://hotel-dinan.fr	Wikidata structured evidence; country=Q142; class=Q27686; official website property P856. Public business email recovered from first-party website; no inference.				q111123214	hotel-dinan.fr		hotel le challonge		France	MEDIUM	domain:hotel-dinan.fr
	B	78		France	Hôtel Brittany & Spa		hotel										Q111390450	2026-08-16T19:58:38.267629Z		Canonical queue drain | fit B | GitHub MASTER dedupe passed	https://hotel-brittany.com/fr/	contact@hotel-brittany.com	https://www.hotel-brittany.com/contact-et-acces/	https://www.instagram.com/brittanyandspa/	https://www.facebook.com/brittanyandspa/						High	Verified	http://www.wikidata.org/entity/Q111390450; https://www.hotel-brittany.com/restauration/le-petit-dejeuner/	Wikidata structured evidence; country=Q142; class=Q27686; official website property P856. Public business email recovered from first-party website; no inference.				q111390450	hotel-brittany.com		hotel brittany spa		France	HIGH	domain:hotel-brittany.com
	B	78		France	Hôtel Aux Tamaris		hotel										Q111390452	2026-08-16T19:58:38.267629Z		Canonical queue drain | fit B | GitHub MASTER dedupe passed	https://www.hotel-aux-tamaris.com/	contact@hotel-aux-tamaris.com	https://www.hotel-aux-tamaris.com/fr/page/contact.24172.html	https://www.instagram.com/hotelauxtamarisroscoff/	https://www.facebook.com/hotel.tamaris.roscoff/						High	Verified	http://www.wikidata.org/entity/Q111390452; https://www.hotel-aux-tamaris.com/	Wikidata structured evidence; country=Q142; class=Q27686; official website property P856. Public business email recovered from first-party website; no inference.				q111390452	hotel-aux-tamaris.com		hotel aux tamaris		France	HIGH	domain:hotel-aux-tamaris.com
	B	78	Ibiza	Spain	Rent a Villa or Holiday House In Ibiza		hospitality_search_candidate										fresh:25b08fc9187f656685b4	2026-08-16T19:58:38.267629Z		Canonical queue drain | fit B | GitHub MASTER dedupe passed	https://www.holidayvillas-ibiza.com/	info@holidayvillas-ibiza.com	https://www.holidayvillas-ibiza.com/about-us	https://www.instagram.com/ibiza_holiday_villas/	https://www.facebook.com/ibizavakantievillas/						High	Verified	https://www.holidayvillas-ibiza.com/	Public search evidence; market_id=ibiza-es; family=direct_holiday_rentals__contact; provider=ddgs; rank=4; query="holiday rentals" Ibiza Spain "book direct" "contact us" Public business email recovered from first-party website; no inference.				fresh:25b08fc9187f656685b4	holidayvillas-ibiza.com		rent a villa or holiday house in ibiza	Ibiza	Spain	HIGH	domain:holidayvillas-ibiza.com
	B	78		France	Auberge de Jeunesse HI Strasbourg 2 Rives		hotel										Q111125028	2026-08-16T19:58:38.267629Z		Canonical queue drain | fit B | GitHub MASTER dedupe passed	https://www.hifrance.org/auberges-de-jeunesse/strasbourg-2-rives/	contact@hifrance.org	https://www.hifrance.org/contact/	https://www.instagram.com/hi.strasbourg.2.rives/	https://www.facebook.com/HI.FRANCE.Strasbourg.2.rives/						Medium	Recall-first	http://www.wikidata.org/entity/Q111125028; https://www.hifrance.org/auberges-de-jeunesse/strasbourg-2-rives/	Wikidata structured evidence; country=Q142; class=Q27686; official website property P856. Public business email recovered from first-party website; no inference.				q111125028	hifrance.org		auberge de jeunesse hi strasbourg 2 rives		France	MEDIUM	domain:hifrance.org
	B	78		France	Hôtel Château Frontenac		hotel										Q48748404	2026-08-16T19:58:38.267629Z		Canonical queue drain | fit B | GitHub MASTER dedupe passed	https://www.hfrontenac.com	hotel@hfrontenac.com	https://www.hfrontenac.com/fr/page/contact-hotel-chateau-frontenac-4-paris-groupe-frontenac.8035.html	https://www.instagram.com/hotel_chateau_frontenac_paris/	https://www.facebook.com/HotelChateauFrontenac/						High	Verified	http://www.wikidata.org/entity/Q48748404; https://www.hfrontenac.com/; https://www.hfrontenac.com	Wikidata structured evidence; country=Q142; class=Q27686; official website property P856. Public business email recovered from first-party website; no inference.				q48748404	hfrontenac.com		hotel chateau frontenac		France	HIGH	domain:hfrontenac.com
	B	78		France	Helzear Champs-Elysées by Esteem		hotel										Q111390826	2026-08-16T19:58:38.267629Z		Canonical queue drain | fit B | GitHub MASTER dedupe passed	https://www.helzear.com/hotel/champs-elysees/	contact@helzear.com	https://www.helzear.com/contact/	https://www.instagram.com/helzearsuiteshotels/	https://www.facebook.com/HelzearChampsElysees/						High	Verified	http://www.wikidata.org/entity/Q111390826; https://www.helzear.com/hotel/champs-elysees-by-esteem/; https://www.helzear.com/contact/	Wikidata structured evidence; country=Q142; class=Q27686; official website property P856. Public business email recovered from first-party website; no inference.				q111390826	helzear.com		helzear champs elysees by esteem		France	HIGH	domain:helzear.com
	B	78		France	Grand Hotel Moderne		hotel										Q16982457	2026-08-16T19:58:38.267629Z		Canonical queue drain | fit B | GitHub MASTER dedupe passed	http://www.grandhotelmoderne.com/	booking@grandhotelmoderne.com	https://www.grandhotelmoderne.com/contact	https://www.instagram.com/ghmoderne/	https://www.facebook.com/GrandHotelModerneLourdes/						High	Verified	http://www.wikidata.org/entity/Q16982457; https://www.grandhotelmoderne.com/	Wikidata structured evidence; country=Q142; class=Q27686; official website property P856. Public business email recovered from first-party website; no inference.				q16982457	grandhotelmoderne.com		grand hotel moderne		France	HIGH	domain:grandhotelmoderne.com
	B	78		France	Château des comtes de Challes		hotel										Q19945357	2026-08-16T19:58:38.267629Z		Canonical queue drain | fit B | GitHub MASTER dedupe passed	http://www.chateaudescomtesdechalles.com/	info@chateaudescomtesdechalles.com	https://www.chateaudescomtesdechalles.com/fr/contact-hotel-chateau-savoie.html	https://www.instagram.com/chateaudescomtesdechalles/	https://www.facebook.com/chateaudescomtesdechalles/						Permissive	Qualification	http://www.wikidata.org/entity/Q19945357; https://www.chateaudescomtesdechalles.com/fr/	Wikidata structured evidence; country=Q142; class=Q27686; official website property P856. Public business email recovered from first-party website; no inference.				q19945357	chateaudescomtesdechalles.com		chateau des comtes de challes		France	PERMISSIVE	domain:chateaudescomtesdechalles.com
	B	78		France	Château La Coste		hotel										Q30692942	2026-08-16T19:58:38.267629Z		Canonical queue drain | fit B | GitHub MASTER dedupe passed	https://chateau-la-coste.com	contact@chateau-la-coste.com	https://chateau-la-coste.com/fr/contact.html	https://www.instagram.com/chateaulacoste/	https://www.facebook.com/Chateau.La.Coste/						Medium	Recall-first	http://www.wikidata.org/entity/Q30692942; https://chateau-la-coste.com/fr/	Wikidata structured evidence; country=Q142; class=Q27686; official website property P856. Public business email recovered from first-party website; no inference.				q30692942	chateau-la-coste.com		chateau la coste		France	MEDIUM	domain:chateau-la-coste.com
	B	78		France	Hôtel Cap-Estel		hotel										Q98152561	2026-08-16T19:58:38.267629Z		Canonical queue drain | fit B | GitHub MASTER dedupe passed	https://www.capestel.com/	contact@capestel.com	https://www.capestel.com/fr/reservation-nuits-dime-on.html	https://www.instagram.com/cap_estel/	https://www.facebook.com/lecapestel/						Medium	Recall-first	http://www.wikidata.org/entity/Q98152561; https://www.capestel.com/fr/	Wikidata structured evidence; country=Q142; class=Q27686; official website property P856. Public business email recovered from first-party website; no inference.				q98152561	capestel.com		hotel cap estel		France	MEDIUM	domain:capestel.com
	B	78		France	Hôtel Belles Rives		hotel										Q86682750	2026-08-16T19:58:38.267629Z		Canonical queue drain | fit B | GitHub MASTER dedupe passed	https://www.bellesrives.com	info@bellesrives.com	https://www.bellesrives.com/fr/contact-acces.html	https://www.instagram.com/bellesrives/	https://www.facebook.com/bellesrives/						Medium	Recall-first	http://www.wikidata.org/entity/Q86682750; https://www.bellesrives.com/fr/	Wikidata structured evidence; country=Q142; class=Q27686; official website property P856. Public business email recovered from first-party website; no inference.				q86682750	bellesrives.com		hotel belles rives		France	MEDIUM	domain:bellesrives.com
	B	78		France	Antinéa		hotel										Q111391357	2026-08-16T19:58:38.267629Z		Canonical queue drain | fit B | GitHub MASTER dedupe passed	https://www.antineahotel.com/hotel-antinea/	serviceclient@antineahotel.com	https://www.antineahotel.com/contact/	https://www.instagram.com/hotel_antinea_jersey/	https://www.facebook.com/Hotel.Restaurant.Antinea/						High	Verified	http://www.wikidata.org/entity/Q111391357; https://www.antineahotel.com/hotel-antinea/; https://www.antineahotel.com/contact/	Wikidata structured evidence; country=Q142; class=Q27686; official website property P856. Public business email recovered from first-party website; no inference.				q111391357	antineahotel.com		antinea		France	HIGH	domain:antineahotel.com
	B	78		France	Adveniat Paris		hotel										Q61972004	2026-08-16T19:58:38.267629Z		Canonical queue drain | fit B | GitHub MASTER dedupe passed	https://adveniat-paris.org	contact@adveniat-paris.org	https://adveniat-paris.org/contact/	https://www.instagram.com/adveniatparis/	https://www.facebook.com/AdveniatParis/						Permissive	Qualification	http://www.wikidata.org/entity/Q61972004; https://adveniat-paris.org/fr/	Wikidata structured evidence; country=Q142; class=Q27686; official website property P856. Public business email recovered from first-party website; no inference.				q61972004	adveniat-paris.org		adveniat paris		France	PERMISSIVE	domain:adveniat-paris.org
	B	78		Italy	Villa Politi		hotel										Q4012431	2026-08-16T19:55:10.455121Z		Canonical queue drain | fit B | GitHub MASTER dedupe passed	https://www.villapoliti.com/	info@villapoliti.com	https://www.villapoliti.com/contacts	https://www.instagram.com/grandhotelvillapoliti/	https://www.facebook.com/grandhotelvillapoliti/						High	Verified	http://www.wikidata.org/entity/Q4012431; https://www.villapoliti.com/	Wikidata structured evidence; country=Q38; class=Q27686; official website property P856. Public business email recovered from first-party website; no inference.				q4012431	villapoliti.com		villa politi		Italy	HIGH	domain:villapoliti.com
	B	78		Italy	Tierser Alpl refuge		hotel										Q1344152	2026-08-16T19:55:10.455121Z		Canonical queue drain | fit B | GitHub MASTER dedupe passed	http://www.tierseralpl.com	info@tierseralpl.com	https://www.tierseralpl.com/it/Default.asp	https://www.instagram.com/tierseralpl_schutzhaus/	https://www.facebook.com/tierseralpl.alpeditires/						Permissive	Qualification	http://www.wikidata.org/entity/Q1344152; https://www.tierseralpl.com/it/Default.asp	Wikidata structured evidence; country=Q38; class=Q27686; official website property P856. Public business email recovered from first-party website; no inference.				q1344152	tierseralpl.com		tierser alpl refuge		Italy	PERMISSIVE	domain:tierseralpl.com
	B	78		Italy	Villa del Balbiano		hotel										Q4012057	2026-08-16T19:55:10.455121Z		Canonical queue drain | fit B | GitHub MASTER dedupe passed	https://theheritage-collection.com/villa-balbiano/	hello@theheritage-collection.com	https://theheritage-collection.com/contact/	https://www.instagram.com/theheritagecollection/	https://www.facebook.com/The-Heritage-Collection-388895298233813/						High	Verified	http://www.wikidata.org/entity/Q4012057; https://theheritage-collection.com/villa-balbiano/; https://theheritage-collection.com/contact/	Wikidata structured evidence; country=Q38; class=Q27686; official website property P856. Public business email recovered from first-party website; no inference.				q4012057	theheritage-collection.com		villa del balbiano		Italy	HIGH	domain:theheritage-collection.com
	B	78	Mallorca	Spain	Majorca Villas for Rent 2026/27		hospitality_search_candidate										fresh:31105e542dd7d79f91d4	2026-08-16T19:55:10.455121Z		Canonical queue drain | fit B | GitHub MASTER dedupe passed	https://www.sealandvillas.com/en/villas/spain/mallorca/	hello@sealandvillas.com	https://www.sealandvillas.com/en/about-us/	https://www.instagram.com/sealandvillas_official/	https://www.facebook.com/SealandVillas/						High	Verified	https://www.sealandvillas.com/en/villas/spain/mallorca/	Public search evidence; market_id=mallorca-es; family=direct_holiday_rentals__direct; provider=ddgs; rank=7; query="holiday rentals" Mallorca Spain "book direct" "book direct" Public business email recovered from first-party website; no inference.				fresh:31105e542dd7d79f91d4	sealandvillas.com		majorca villas for rent 2026 27	Mallorca	Spain	HIGH	domain:sealandvillas.com
	B	78		Italy	Santnerpasshütte		hotel										Q929297	2026-08-16T19:55:10.455121Z		Canonical queue drain | fit B | GitHub MASTER dedupe passed	http://santnerpass.com/	info@santnerpass.com	https://www.santnerpass.com/contatti/	https://www.instagram.com/santnerpass/	https://www.facebook.com/santnerpass/						Permissive	Qualification	http://www.wikidata.org/entity/Q929297; https://www.santnerpass.com/	Wikidata structured evidence; country=Q38; class=Q27686; official website property P856. Public business email recovered from first-party website; no inference.				q929297	santnerpass.com		santnerpasshutte		Italy	PERMISSIVE	domain:santnerpass.com
	B	78		Italy	Royal Victoria Hotel		hotel										Q3786958	2026-08-16T19:55:10.455121Z		Canonical queue drain | fit B | GitHub MASTER dedupe passed	https://www.royalvictoria.it/	info@royalvictoria.it	https://www.royalvictoria.it/contattaci/	https://www.instagram.com/royalvictoriahotel_pisa/	https://www.facebook.com/royal.victoria/						Medium	Recall-first	http://www.wikidata.org/entity/Q3786958; https://www.royalvictoria.it/	Wikidata structured evidence; country=Q38; class=Q27686; official website property P856. Public business email recovered from first-party website; no inference.				q3786958	royalvictoria.it		royal victoria hotel		Italy	MEDIUM	domain:royalvictoria.it
	B	78		Italy	Rifugio Luigi Vaccarone		hotel										Q1724323	2026-08-16T19:55:10.455121Z		Canonical queue drain | fit B | GitHub MASTER dedupe passed	http://www.rifugiovaccarone.eu	info@rifugiovaccarone.eu	https://www.rifugiovaccarone.eu/contact	https://www.instagram.com/rifugio_vaccarone/	https://www.facebook.com/rifugiovaccarone/						Permissive	Qualification	http://www.wikidata.org/entity/Q1724323; https://www.rifugiovaccarone.eu/	Wikidata structured evidence; country=Q38; class=Q27686; official website property P856. Public business email recovered from first-party website; no inference.				q1724323	rifugiovaccarone.eu		rifugio luigi vaccarone		Italy	PERMISSIVE	domain:rifugiovaccarone.eu
	B	78		Italy	Tommaso Pedrotti hut		hotel										Q1924065	2026-08-16T19:55:10.455121Z		Canonical queue drain | fit B | GitHub MASTER dedupe passed	http://www.rifugiotosapedrotti.it/	info@rifugiotosapedrotti.it	https://rifugiotosapedrotti.it/contact/	https://www.instagram.com/rifugiotosapedrotti/	https://www.facebook.com/Rifugio-T-Pedrotti-alla-Tosa/						Permissive	Qualification	http://www.wikidata.org/entity/Q1924065; https://rifugiotosapedrotti.it/; https://rifugiotosapedrotti.it/contatti/	Wikidata structured evidence; country=Q38; class=Q27686; official website property P856. Public business email recovered from first-party website; no inference.				q1924065	rifugiotosapedrotti.it		tommaso pedrotti hut		Italy	PERMISSIVE	domain:rifugiotosapedrotti.it
	B	78		Italy	Rifugio Soria Ellena		hotel										Q3935639	2026-08-16T19:55:10.455121Z		Canonical queue drain | fit B | GitHub MASTER dedupe passed	https://www.rifugiosoria.com	rifugiosoria1840@gmail.com	https://rifugiosoria.com/contatti/	https://www.instagram.com/rifugio_soria/	https://www.facebook.com/profile.php/						Medium	Recall-first	http://www.wikidata.org/entity/Q3935639; https://rifugiosoria.com/	Wikidata structured evidence; country=Q38; class=Q27686; official website property P856. Public business email recovered from first-party website; no inference.				q3935639	rifugiosoria.com		rifugio soria ellena		Italy	MEDIUM	domain:rifugiosoria.com
	B	78		Italy	Rifugio Quinto Alpini		hotel										Q1277737	2026-08-16T19:55:10.455121Z		Canonical queue drain | fit B | GitHub MASTER dedupe passed	https://www.rifugioquintoalpini.it	info@rifugioquintoalpini.it	https://www.rifugioquintoalpini.it/contatti/contattaci/	https://www.instagram.com/quintoalpini/	https://www.facebook.com/RifugioQuintoAlpini/						Permissive	Qualification	http://www.wikidata.org/entity/Q1277737; https://www.rifugioquintoalpini.it/; https://www.rifugioquintoalpini.it	Wikidata structured evidence; country=Q38; class=Q27686; official website property P856. Public business email recovered from first-party website; no inference.				q1277737	rifugioquintoalpini.it		rifugio quinto alpini		Italy	PERMISSIVE	domain:rifugioquintoalpini.it
	B	78		Italy	Emilio Questa Hut		hotel										Q3935611	2026-08-16T19:55:10.455121Z		Canonical queue drain | fit B | GitHub MASTER dedupe passed	https://www.rifugioquesta.it	emilioquesta@gmail.com	https://www.rifugioquesta.it/en/contacts-getting-there/	https://www.instagram.com/rifugioquesta/	https://www.facebook.com/rifugioquesta/						Medium	Recall-first	http://www.wikidata.org/entity/Q3935611; https://www.rifugioquesta.it/; https://www.rifugioquesta.it	Wikidata structured evidence; country=Q38; class=Q27686; official website property P856. Public business email recovered from first-party website; no inference.				q3935611	rifugioquesta.it		emilio questa hut		Italy	MEDIUM	domain:rifugioquesta.it
	B	78		Italy	Rifugio Alberto Grassi		hotel										Q3935390	2026-08-16T19:55:10.455121Z		Canonical queue drain | fit B | GitHub MASTER dedupe passed	http://www.rifugiograssi.it	info@rifugiograssi.it	https://www.rifugiograssi.it/en/contacts-and-information/	https://www.instagram.com/rifugio_grassi/	https://www.facebook.com/rifugiograssi/						Permissive	Qualification	http://www.wikidata.org/entity/Q3935390; https://www.rifugiograssi.it/it/	Wikidata structured evidence; country=Q38; class=Q27686; official website property P856. Public business email recovered from first-party website; no inference.				q3935390	rifugiograssi.it		rifugio alberto grassi		Italy	PERMISSIVE	domain:rifugiograssi.it
