	B	78	Cabo San Lucas	Mexico	Montecristo Estates		resort	Predio Paraiso Escondido	624 142 9999								overture:eab513c2-19bd-4227-9316-8f46bb48a4e6	2026-08-15T14:21:59.696412Z		Canonical queue drain | fit B | GitHub MASTER dedupe passed	http://www.pueblobonito.com/resorts/montecristo-estates	reservations@pueblobonito.com	https://www.pueblobonito.com/about-us	https://www.instagram.com/pueblobonito/	https://www.facebook.com/PuebloBonitoResort/		https://www.pueblobonito.com/resorts/montecristo-estates/cabo-san-lucas-villas				High	Verified	https://explore.overturemaps.org/#id=eab513c2-19bd-4227-9316-8f46bb48a4e6; https://www.pueblobonito.com/resorts/montecristo-estates; https://www.pueblobonito.com/contact	Public Overture website; no usable Overture email. First-party public contact crawl required; no inference. Public business email recovered from first-party website; no inference.				overture:eab513c2-19bd-4227-9316-8f46bb48a4e6	pueblobonito.com	6241429999	montecristo estates	Cabo San Lucas	Mexico	HIGH	domain:pueblobonito.com
	B	78	Puerto Carrillo	Costa Rica	Villas Welcome to Heaven		hotel		+50688856160								overture:d0e288dc-3824-47b5-a5cf-c5a03ad37075	2026-08-15T14:21:59.696412Z		Canonical queue drain | fit B | GitHub MASTER dedupe passed	http://www.PlayaCarrilloVillas.com/	apallais.villaswelcometoheaven@gmail.com	https://www.playacarrillovillas.com/en/aboutus	https://www.instagram.com/villaswelcometoheaven/	https://www.facebook.com/VillasWelcomeToHeaven/		https://www.playacarrillovillas.com/en/				High	Verified	https://explore.overturemaps.org/#id=d0e288dc-3824-47b5-a5cf-c5a03ad37075; https://www.playacarrillovillas.com/en/; https://www.playacarrillovillas.com/en/contactus	Public Overture website; no usable Overture email. First-party public contact crawl required; no inference. Public business email recovered from first-party website; no inference.				overture:d0e288dc-3824-47b5-a5cf-c5a03ad37075	playacarrillovillas.com	50688856160	villas welcome to heaven	Puerto Carrillo	Costa Rica	HIGH	domain:playacarrillovillas.com
	B	78	Puerto Vallarta	Mexico	Paradise Village Marina Residence Hotel Puerto Vallarta		hotel	Calle Paseo de los Astros 4	+523222266728								overture:a0e39754-f650-475f-b850-b474079385bf	2026-08-15T14:21:59.696412Z		Canonical queue drain | fit B | GitHub MASTER dedupe passed	http://www.paradisevillagemarina.com/	marina@paradisevillagemarina.com	https://www.paradisevillagemarina.com/contactus.html	https://www.instagram.com/paradisemarina/	https://www.facebook.com/Paradise.Village.Marina/		https://paradisevillagemarina.com/marina-facilities.html				High	Verified	https://explore.overturemaps.org/#id=a0e39754-f650-475f-b850-b474079385bf; https://www.paradisevillagemarina.com/; https://www.paradisevillagemarina.com/contactus.html	Public Overture website; no usable Overture email. First-party public contact crawl required; no inference. Public business email recovered from first-party website; no inference.				overture:a0e39754-f650-475f-b850-b474079385bf	paradisevillagemarina.com	523222266728	paradise village marina residence hotel puerto vallarta	Puerto Vallarta	Mexico	HIGH	domain:paradisevillagemarina.com
	B	78	Nuevo Vallarta	Mexico	Marival Distinct Luxury Residences Riviera Nayarit		hotel	Av. Paseo Cocoteros Lt 53 Villa 8	8882704984								overture:936462e4-426e-4038-8123-8ccbdd0f08b7	2026-08-15T14:21:59.696412Z		Canonical queue drain | fit B | GitHub MASTER dedupe passed	https://www.marivaldistinct.com/		https://reservations.marivaldistinct.com	https://www.instagram.com/marivaldistinct/	https://www.facebook.com/MarivalDistinct/	https://api.whatsapp.com/send?phone=528003230898	https://www.marivaldistinct.com/build/assets/booking-D7vnJuEy.js				High	Verified	https://explore.overturemaps.org/#id=936462e4-426e-4038-8123-8ccbdd0f08b7; https://www.marivaldistinct.com/	Public Overture website; no usable Overture email. First-party public contact crawl required; no inference.				overture:936462e4-426e-4038-8123-8ccbdd0f08b7	marivaldistinct.com	8882704984	marival distinct luxury residences riviera nayarit	Nuevo Vallarta	Mexico	HIGH	domain:marivaldistinct.com
	B	78	La Cruz de Huanacaxtle	Mexico	Interentals Luxury Experiences		vacation_rental_agent	Delfin #1									overture:f817d8c2-f3ef-4041-8cdc-1cf50e80d90d	2026-08-15T14:21:59.696412Z		Canonical queue drain | fit B | GitHub MASTER dedupe passed	https://interentals.com/	hello@interentals.com	https://interentals.com/about-us/	https://www.instagram.com/interentalslux/	https://www.facebook.com/interentals/	https://wa.me/523221098683	https://interentals.com/destinations/villas-las-palmas/				High	Verified	https://explore.overturemaps.org/#id=f817d8c2-f3ef-4041-8cdc-1cf50e80d90d; https://interentals.com/	Public Overture website; no usable Overture email. First-party public contact crawl required; no inference. Public business email recovered from first-party website; no inference.				overture:f817d8c2-f3ef-4041-8cdc-1cf50e80d90d	interentals.com		interentals luxury experiences	La Cruz de Huanacaxtle	Mexico	HIGH	domain:interentals.com
	B	78	Valle de Bravo	Mexico	Rodavento Boutique Hotel		resort	Carretera Los Saucos Km 3.5	726 251 4182								overture:46727afc-7555-4517-986c-d34052e6a602	2026-08-15T14:21:59.696412Z		Canonical queue drain | fit B | GitHub MASTER dedupe passed	https://www.hotelrodavento.com	recepcion@hotelrodavento.com	https://www.hotelrodavento.com/contacto-hotel-rodavento-valle-de-bravo-mx	https://www.instagram.com/Rodavento/	https://www.facebook.com/Rodavento/	https://wa.me/+525526837683					High	Verified	https://explore.overturemaps.org/#id=46727afc-7555-4517-986c-d34052e6a602; https://www.hotelrodavento.com/; https://www.hotelrodavento.com; https://www.hotelrodavento.com/contacto-hotel-rodavento-valle-de-bravo-mx	Public Overture website; no usable Overture email. First-party public contact crawl required; no inference. Public business email recovered from first-party website; no inference.				overture:46727afc-7555-4517-986c-d34052e6a602	hotelrodavento.com	7262514182	rodavento boutique hotel	Valle de Bravo	Mexico	HIGH	domain:hotelrodavento.com
	B	78	Zihuatanejo de Azueta	Mexico	Hotel Boutique Aurora		beach_resort	Playa Blanca	+527551072880								overture:7d37d2e4-2365-4012-9263-11323c183d1f	2026-08-15T14:21:59.696412Z		Canonical queue drain | fit B | GitHub MASTER dedupe passed	http://www.hotelboutiqueaurora.com/	hotelboutiqueaurorapb@gmail.com	https://hotelboutiqueaurora.com/contact	https://www.instagram.com/hotelbaurora/	https://www.facebook.com/hotelbaurora/	https://wa.me/527551155978					High	Verified	https://explore.overturemaps.org/#id=7d37d2e4-2365-4012-9263-11323c183d1f; https://hotelboutiqueaurora.com/	Public Overture website; no usable Overture email. First-party public contact crawl required; no inference. Public business email recovered from first-party website; no inference.				overture:7d37d2e4-2365-4012-9263-11323c183d1f	hotelboutiqueaurora.com	527551072880	hotel boutique aurora	Zihuatanejo de Azueta	Mexico	HIGH	domain:hotelboutiqueaurora.com
	B	78	Cabo San Lucas	Mexico	Villa Cortez		hotel	Cabo San Lucas-San Jose del Cabo Hwy	+528317245800								overture:c8074cb0-efc3-4e80-8703-f13d123fcbb6	2026-08-15T14:21:59.696412Z		Canonical queue drain | fit B | GitHub MASTER dedupe passed	http://www.cabovillas.com/properties.asp?PID=173	info@cabovillas.com	https://www.cabovillas.com/about-us	https://www.instagram.com/cabovillas/	https://www.facebook.com/cabovillas/		https://www.cabovillas.com/car-rentals				High	Verified	https://explore.overturemaps.org/#id=c8074cb0-efc3-4e80-8703-f13d123fcbb6; https://www.cabovillas.com/villa-rentals/villa-cortez; https://www.cabovillas.com/contact-us	Public Overture website; no usable Overture email. First-party public contact crawl required; no inference. Public business email recovered from first-party website; no inference.				overture:c8074cb0-efc3-4e80-8703-f13d123fcbb6	cabovillas.com	528317245800	villa cortez	Cabo San Lucas	Mexico	HIGH	domain:cabovillas.com
	B	78	El Tezal	Mexico	Cabo Platinum		vacation_rental_agent	Carr. Transpeninsular Km 3.5 #706 Patio La Luna, El Tezal	+15304604416								overture:c895d039-cad9-45f0-98a7-055b85d60458	2026-08-15T14:21:59.696412Z		Canonical queue drain | fit B | GitHub MASTER dedupe passed	https://caboplatinum.com/		https://caboplatinum.com/contact-us/	https://www.instagram.com/CaboPlatinum/	https://www.facebook.com/caboplatinum/	https://wa.me/526246885622	https://caboplatinum.com/luxury-cabo-villas/global-luxury-vacation-rentals/				High	Verified	https://explore.overturemaps.org/#id=c895d039-cad9-45f0-98a7-055b85d60458; https://caboplatinum.com/	Public Overture website; no usable Overture email. First-party public contact crawl required; no inference.				overture:c895d039-cad9-45f0-98a7-055b85d60458	caboplatinum.com	15304604416	cabo platinum	El Tezal	Mexico	HIGH	domain:caboplatinum.com
	B	78	Placencia	Belize	Swan Villas Belize		hotel	Mile 16,5 Road to Placencia. Maya Beach	621-1393								overture:a1d7d370-8f31-4522-934e-8cd0de68f417	2026-08-15T14:21:17.118446Z		Canonical queue drain | fit B | GitHub MASTER dedupe passed	http://www.swanvillasbelize.com	info@swanvillasbelize.com	http://swanvillasbelize.com/contact/	https://www.instagram.com/swanvillas/	https://www.facebook.com/pages/Swan-Villas-Belize/644798645605843/		http://swanvillasbelize.com/wp-content/plugins/really-simple-facebook-twitter-share-buttons/style.css?ver=4.3.34				High	Verified	https://explore.overturemaps.org/#id=a1d7d370-8f31-4522-934e-8cd0de68f417; http://swanvillasbelize.com/; http://swanvillasbelize.com/contact/	Public Overture website; no usable Overture email. First-party public contact crawl required; no inference. Public business email recovered from first-party website; no inference.				overture:a1d7d370-8f31-4522-934e-8cd0de68f417	swanvillasbelize.com	6211393	swan villas belize	Placencia	Belize	HIGH	domain:swanvillasbelize.com
	B	78	Hopkins	Belize	The Lodge at Jaguar Reef		resort	100 Sittee River Road False Sittee Point Hopkins	+5015237276								overture:02e46c3c-943c-417e-959f-4134e57e8bff	2026-08-15T14:21:17.118446Z		Canonical queue drain | fit B | GitHub MASTER dedupe passed	http://www.jaguarreefbelize.com/		https://reservations.jaguarreefbelize.com/book/dates-of-stay?domain=jaguarreefbelize.com&RoomTypeID=543830	https://www.instagram.com/axiom_themes/	https://www.facebook.com/AxiomThemes/	https://wa.me/+5016152167	https://www.jaguarreefbelize.com/vacation-homes/				High	Verified	https://explore.overturemaps.org/#id=02e46c3c-943c-417e-959f-4134e57e8bff; https://www.jaguarreefbelize.com/	Public Overture website; no usable Overture email. First-party public contact crawl required; no inference.				overture:02e46c3c-943c-417e-959f-4134e57e8bff	jaguarreefbelize.com	5015237276	the lodge at jaguar reef	Hopkins	Belize	HIGH	domain:jaguarreefbelize.com
	B	78	San Pedro	Belize	Tradewinds Paradise Villas		hotel	Pescador Dr	+18772742899								overture:84141dd3-05eb-47cf-9eb5-2e8abc765828	2026-08-15T14:21:17.118446Z		Canonical queue drain | fit B | GitHub MASTER dedupe passed	https://www.belizeparadisevillas.com/	tradewindsparadisevillas@gmail.com	https://www.belizeparadisevillas.com/aboutus		https://www.facebook.com/belizetradewindsparadisevillas/	https://wa.me/5016331082	https://www.belizeparadisevillas.com/accommodations				High	Verified	https://explore.overturemaps.org/#id=84141dd3-05eb-47cf-9eb5-2e8abc765828; https://www.belizeparadisevillas.com/	Public Overture website; no usable Overture email. First-party public contact crawl required; no inference. Public business email recovered from first-party website; no inference.				overture:84141dd3-05eb-47cf-9eb5-2e8abc765828	belizeparadisevillas.com	18772742899	tradewinds paradise villas	San Pedro	Belize	HIGH	domain:belizeparadisevillas.com
	B	78	Osage Beach	USA	Your Lake Vacation		vacation_rental_agent	4571 Osage Beach Pkwy	5733653367								overture:a4f5243d-c14a-4684-a77b-b5b89218f9d7	2026-08-15T14:19:54.498739Z		Canonical queue drain | fit B | GitHub MASTER dedupe passed	http://www.yourlakevacation.com/	rentals@yourlakevacation.com	https://www.yourlakevacation.com/about-us/	https://www.instagram.com/yourlakevacation/	https://www.facebook.com/YourLakeVacationMO/		https://www.yourlakevacation.com/vacation-rentals				High	Verified	https://explore.overturemaps.org/#id=a4f5243d-c14a-4684-a77b-b5b89218f9d7; https://www.yourlakevacation.com/	Public Overture website; no usable Overture email. First-party public contact crawl required; no inference. Public business email recovered from first-party website; no inference.				overture:a4f5243d-c14a-4684-a77b-b5b89218f9d7	yourlakevacation.com	5733653367	your lake vacation	Osage Beach	USA	HIGH	domain:yourlakevacation.com
	B	78	Acapulco de Juárez	Mexico	Hotel Villas San Luis		hotel	Carretera Acapulco Zihuatanejo Km. 143	+527424270282								overture:8940b2a9-b8d6-4868-99f1-2797a6f95d4b	2026-08-15T14:19:54.498739Z		Canonical queue drain | fit B | GitHub MASTER dedupe passed	http://www.villassanluis.com.mx	maijesus.rios@outlook.com	https://www.villassanluis.com.mx/contacto		https://www.facebook.com/pages/Villas-San-Luis-Hotel-Resort-Restaurant-La-caba%C3%B1a/269738629734381/	https://wa.me/6122193590	https://www.villassanluis.com.mx/galeria				High	Verified	https://explore.overturemaps.org/#id=8940b2a9-b8d6-4868-99f1-2797a6f95d4b; https://www.villassanluis.com.mx/; https://www.villassanluis.com.mx/contacto	Public Overture website; no usable Overture email. First-party public contact crawl required; no inference. Public business email recovered from first-party website; no inference.				overture:8940b2a9-b8d6-4868-99f1-2797a6f95d4b	villassanluis.com.mx	527424270282	hotel villas san luis	Acapulco de Juárez	Mexico	HIGH	domain:villassanluis.com.mx
	B	78	Tempate	Costa Rica	Villas Estival		hotel	Potrero									overture:1a6e2a6b-ce9f-439c-b75c-52635cf70a8a	2026-08-15T14:19:54.498739Z		Canonical queue drain | fit B | GitHub MASTER dedupe passed	https://villasestival.com	reservas@villasestival.com	https://villasestival.com/contactenos/	https://www.instagram.com/estivalcr/	https://www.facebook.com/villasestival/	https://wa.me/+50684851011	https://book.villasestival.com/es/villas				High	Verified	https://explore.overturemaps.org/#id=1a6e2a6b-ce9f-439c-b75c-52635cf70a8a; https://villasestival.com/; https://villasestival.com	Public Overture website; no usable Overture email. First-party public contact crawl required; no inference. Public business email recovered from first-party website; no inference.				overture:1a6e2a6b-ce9f-439c-b75c-52635cf70a8a	villasestival.com		villas estival	Tempate	Costa Rica	HIGH	domain:villasestival.com
	B	78	Mundra	India	The Village Resort		hotel	behind Alliance hospital, Nana-kapaya	+917383776520								overture:a28eec46-f6f1-4693-ad0a-c419e5f81b6f	2026-08-15T14:19:54.498739Z		Canonical queue drain | fit B | GitHub MASTER dedupe passed	http://thevillageresort.co/	thevillageresortmundra@gmail.com	https://www.thevillageresort.co/about	https://www.instagram.com/the_village_resort_mandvi/	https://www.facebook.com/thevillageresortmandvi/	https://api.whatsapp.com/send?phone=918490876520&text=Hi%2C%20(Enter%20Your%20Name%20)---------%20%20%20%20%0ACheck-In%3A%20(enter%20date)%20-----%0ACheck-Out%3A%20(enter%20date)%20------%0AAdults%3A%20------%0AKids%3A%20-------%0A%0AThank%20you%20For%20contacting%20The%20Village%20Resort%20(Mandvi)%20------%0AWe%20will%20contact%20you%20as%20soon%20as%20possible....					High	Verified	https://explore.overturemaps.org/#id=a28eec46-f6f1-4693-ad0a-c419e5f81b6f; https://www.thevillageresort.co/	Public Overture site+email; zero-HTTP V6 cheap-screen. Final MASTER dedupe/QA required.				overture:a28eec46-f6f1-4693-ad0a-c419e5f81b6f	thevillageresort.co	917383776520	the village resort	Mundra	India	HIGH	domain:thevillageresort.co
	B	78	Key West	USA	Steamplant Key West		vacation_rental_agent	281 Trumbo Rd	3057753229								overture:04743aaf-1108-4d54-be3c-0874b08f3336	2026-08-15T14:19:54.498739Z		Canonical queue drain | fit B | GitHub MASTER dedupe passed	http://www.steamplantkeywest.com/	booking@steamplantkeywest.com	https://steamplantkeywest.com/booking-contact/	https://www.instagram.com/steamplantkeywestfl/	https://www.facebook.com/SteamplantKeyWestFL/		https://steamplantkeywest.com/vacation-rentals/				High	Verified	https://explore.overturemaps.org/#id=04743aaf-1108-4d54-be3c-0874b08f3336; https://steamplantkeywest.com/	Public Overture website; no usable Overture email. First-party public contact crawl required; no inference. Public business email recovered from first-party website; no inference.				overture:04743aaf-1108-4d54-be3c-0874b08f3336	steamplantkeywest.com	3057753229	steamplant key west	Key West	USA	HIGH	domain:steamplantkeywest.com
	B	78	Bhuj Sub-District	India	Rann Village Resort		resort	Near White Desert Dhordo, Rann of Kutch, Bhirandiyara Checkpost, Bhirandiyara	+919512622399								overture:c8c83fc7-2b2b-454b-87ca-46b8da1fb425	2026-08-15T14:19:54.498739Z		Canonical queue drain | fit B | GitHub MASTER dedupe passed	http://www.rannvillageresort.com/	rannvillageresort@gmail.com	http://www.rannvillageresort.com/about-us.html		https://www.facebook.com/RannVillageResort/	https://wa.me/+919426999070?text=Hello,%20I%20want%20more%20information%20regarding%20your%20packages.	http://www.rannvillageresort.com/accommodation.html				High	Verified	https://explore.overturemaps.org/#id=c8c83fc7-2b2b-454b-87ca-46b8da1fb425	Public Overture site+email; zero-HTTP V6 cheap-screen. Final MASTER dedupe/QA required.				overture:c8c83fc7-2b2b-454b-87ca-46b8da1fb425	rannvillageresort.com	919512622399	rann village resort	Bhuj Sub-District	India	HIGH	domain:rannvillageresort.com
	B	78	Puebla	Mexico	Quinta Alhondiga- Galindo Hotel Boutique		resort	Av Miguel Hidalgo 106	2221060452								overture:49d0cb23-c7fa-4143-857b-f999d6a86d5e	2026-08-15T14:19:54.498739Z		Canonical queue drain | fit B | GitHub MASTER dedupe passed	https://www.pabellonqag.com/	pabellonqag@gmail.com	https://www.pabellonqag.com/hotel-boutique	https://www.instagram.com/mesondelaquinta/	https://www.facebook.com/people/Mes%C3%B3n-de-la-Quinta/61559841803433/	https://wa.me/5212221060452?text=¡Hola!%20Vi%20su%20sitio,%20¿me%20pueden%20brindar%20más%20información%20sobre%20sus%20servicios?					High	Verified	https://explore.overturemaps.org/#id=49d0cb23-c7fa-4143-857b-f999d6a86d5e; https://www.pabellonqag.com/	Public Overture website; no usable Overture email. First-party public contact crawl required; no inference. Public business email recovered from first-party website; no inference.				overture:49d0cb23-c7fa-4143-857b-f999d6a86d5e	pabellonqag.com	2221060452	quinta alhondiga galindo hotel boutique	Puebla	Mexico	HIGH	domain:pabellonqag.com
	B	78	Liberia	Costa Rica	Country Lodge Monteverde		resort	Cerro plano	+50626457175								overture:65cfc19f-a4a1-4289-b8b6-fbabe44f8451	2026-08-15T14:19:54.498739Z		Canonical queue drain | fit B | GitHub MASTER dedupe passed	http://www.monteverdecountrylodge.com/	info@monteverdecountrylodge.com	https://www.monteverdecountrylodge.com/about.html		https://www.facebook.com/MonteverdeCountryLodge/	https://wa.me/50687768777	https://www.monteverdecountrylodge.com/rooms.html				High	Verified	https://explore.overturemaps.org/#id=65cfc19f-a4a1-4289-b8b6-fbabe44f8451; https://www.monteverdecountrylodge.com/	Public Overture website; no usable Overture email. First-party public contact crawl required; no inference. Public business email recovered from first-party website; no inference.				overture:65cfc19f-a4a1-4289-b8b6-fbabe44f8451	monteverdecountrylodge.com	50626457175	country lodge monteverde	Liberia	Costa Rica	HIGH	domain:monteverdecountrylodge.com
	B	78	Jocotitlán	Mexico	Hotel y Villas San Antonio		hotel	Carretera Federal 55 de Cuota, Toluca - Atlacomulco KM 56	+527121066516								overture:f24e16ef-9df1-487f-b524-3f2e7db54781	2026-08-15T14:19:54.498739Z		Canonical queue drain | fit B | GitHub MASTER dedupe passed	https://www.hotelsanantonio.com.mx/	ventas@hotelsanantonio.com.mx	https://www.hotelsanantonio.com.mx/components/com_vikbooking/resources/solid.min.css	https://www.instagram.com/hotelsanantonio.tampico/	https://www.facebook.com/HSAtampico/		https://www.hotelsanantonio.com.mx/components/com_vikbooking/resources/solid.min.css				High	Verified	https://explore.overturemaps.org/#id=f24e16ef-9df1-487f-b524-3f2e7db54781; https://www.hotelsanantonio.com.mx/	Public Overture website; no usable Overture email. First-party public contact crawl required; no inference. Public business email recovered from first-party website; no inference.				overture:f24e16ef-9df1-487f-b524-3f2e7db54781	hotelsanantonio.com.mx	527121066516	hotel y villas san antonio	Jocotitlán	Mexico	HIGH	domain:hotelsanantonio.com.mx
	B	78	Black	USA	Bushy Creek Lodge & Resort		hotel		+15732694743								overture:64402903-e26b-4ca9-8b1a-873f9b66bb68	2026-08-15T14:19:54.498739Z		Canonical queue drain | fit B | GitHub MASTER dedupe passed	http://www.brushycreeklodge.com/	info@brushycreeklodge.com	https://www.brushycreeklodge.com/about-us	https://www.instagram.com/brushycreeklodge/	https://www.facebook.com/Brushy-Creek-Lodge-121207591235935/		https://www.brushycreeklodge.com/cabins				High	Verified	https://explore.overturemaps.org/#id=64402903-e26b-4ca9-8b1a-873f9b66bb68; https://www.brushycreeklodge.com/	Public Overture website; no usable Overture email. First-party public contact crawl required; no inference. Public business email recovered from first-party website; no inference.				overture:64402903-e26b-4ca9-8b1a-873f9b66bb68	brushycreeklodge.com	15732694743	bushy creek lodge resort	Black	USA	HIGH	domain:brushycreeklodge.com
	B	78	Werfenweng	Austria	Skigebiet Werfenweng		ski_resort	Weng 13									overture:28961063-fa8b-4092-97a4-5c5b169e09ef	2026-08-15T14:16:16.296920Z		Canonical queue drain | fit B | GitHub MASTER dedupe passed	http://www.werfenweng.eu	tourismusverband@werfenweng.eu	https://www.werfenweng.eu/service/kontakt/booking-and-more/	https://www.instagram.com/werfenweng/	https://www.facebook.com/werfenweng/	https://api.whatsapp.com/send?phone=4364664200&text=Development%20–%20Werfenweng	https://www.werfenweng.eu/service/kontakt/booking-and-more/				High	Verified	https://explore.overturemaps.org/#id=28961063-fa8b-4092-97a4-5c5b169e09ef; https://www.werfenweng.eu/	Public Overture website; no usable Overture email. First-party public contact crawl required; no inference. Public business email recovered from first-party website; no inference.				overture:28961063-fa8b-4092-97a4-5c5b169e09ef	werfenweng.eu		skigebiet werfenweng	Werfenweng	Austria	HIGH	domain:werfenweng.eu
	B	78	Biscarrosse	France	Holiday Village VTF The Jaougue Soule		resort	370 Rue du Tit	+33558829000								overture:a5c87a43-c252-4137-b52d-7276d4b7fc3a	2026-08-15T14:16:16.296920Z		Canonical queue drain | fit B | GitHub MASTER dedupe passed	http://www.vtf-vacances.com	vtfaix@vtf-vacances.com	https://www.vtf-vacances.com/fr_FR/contactez-nous	https://www.instagram.com/vtfvacances/	https://www.facebook.com/vtfvacances/		https://www.vtf-vacances.com/fr_FR/summer/village-vacances/costa-dorada/salou/residence-apolo-suites				High	Verified	https://explore.overturemaps.org/#id=a5c87a43-c252-4137-b52d-7276d4b7fc3a; https://www.vtf-vacances.com/fr_FR/; https://www.vtf-vacances.com/fr_FR/contactez-nous	Public Overture website; no usable Overture email. First-party public contact crawl required; no inference. Public business email recovered from first-party website; no inference.				overture:a5c87a43-c252-4137-b52d-7276d4b7fc3a	vtf-vacances.com	33558829000	holiday village vtf the jaougue soule	Biscarrosse	France	HIGH	domain:vtf-vacances.com
	B	78	Micanopy	USA	Cuscowilla Nature and Retreat Center		resort	210 SE 134th Ave	+13525742372								overture:df78d2bb-7610-4b56-b149-02fe032b03d3	2026-08-15T14:16:16.296920Z		Canonical queue drain | fit B | GitHub MASTER dedupe passed	https://www.visitgainesville.com/cuscowilla-nature-and-retreat-center/	info@visitgainesville.com	https://www.visitgainesville.com/contact-us/	https://www.instagram.com/visitgainesville/	https://www.facebook.com/visitgainesvilleflorida/		https://www.visitgainesville.com/stay/vacation-rentals/				High	Verified	https://explore.overturemaps.org/#id=df78d2bb-7610-4b56-b149-02fe032b03d3; https://www.visitgainesville.com/cuscowilla-nature-and-retreat-center/; https://www.visitgainesville.com/contact-us/	Public Overture website; no usable Overture email. First-party public contact crawl required; no inference. Public business email recovered from first-party website; no inference.				overture:df78d2bb-7610-4b56-b149-02fe032b03d3	visitgainesville.com	13525742372	cuscowilla nature and retreat center	Micanopy	USA	HIGH	domain:visitgainesville.com
	B	78	Rivas-Vaciamadrid	Spain	Vilsa Grupo Inmobiliario		vacation_rental_agent	Avenida Pablo Iglesias, 81	916214545								overture:eb7448aa-faf1-472a-a63f-c1d26be646ea	2026-08-15T14:16:16.296920Z		Canonical queue drain | fit B | GitHub MASTER dedupe passed	http://www.vilsa.es/	vilsa@vilsa.es	https://vilsa.es/contacto/	https://www.instagram.com/vilsaexpertosinmobiliarios/	https://www.facebook.com/vilsagrupo/		https://vilsa.es/promocion-chalets-en-villaviciosa-residencial-monte-de-la-villa/				High	Verified	https://explore.overturemaps.org/#id=eb7448aa-faf1-472a-a63f-c1d26be646ea; https://vilsa.es/	Public Overture website; no usable Overture email. First-party public contact crawl required; no inference. Public business email recovered from first-party website; no inference.				overture:eb7448aa-faf1-472a-a63f-c1d26be646ea	vilsa.es	916214545	vilsa grupo inmobiliario	Rivas-Vaciamadrid	Spain	HIGH	domain:vilsa.es
	B	78	Playa del Carmen	Mexico	Villas Sacbe Condo Hotel & Beach Club		hotel	Mza. 26 23	984 879 3907								overture:402cded1-f654-4871-bd28-77e6ed4e156e	2026-08-15T14:16:16.296920Z		Canonical queue drain | fit B | GitHub MASTER dedupe passed	http://www.villassacbe.com		https://www.villassacbe.com/contact-us/	https://www.instagram.com/condohotelsplayadelcarmen/	https://www.facebook.com/VillasSacbeCondoHotel/	https://wa.me/+529841413874?text=I%20am%20interested%20in%20making%20a%20reservation	https://www.villassacbe.com/es/				High	Verified	https://explore.overturemaps.org/#id=402cded1-f654-4871-bd28-77e6ed4e156e; https://www.villassacbe.com/	Public Overture website; no usable Overture email. First-party public contact crawl required; no inference.				overture:402cded1-f654-4871-bd28-77e6ed4e156e	villassacbe.com	9848793907	villas sacbe condo hotel beach club	Playa del Carmen	Mexico	HIGH	domain:villassacbe.com
	B	78	La Paz	Mexico	Villas de Cerritos Beach		hotel	500 Cerritos Beach RD HWY 19 KM 65	+526122470034								overture:1113930b-ca3e-441b-ad22-e73858b952c4	2026-08-15T14:16:16.296920Z		Canonical queue drain | fit B | GitHub MASTER dedupe passed	http://www.villasdecerritosbeach.com/	info@villasdecerritosbeach.com	https://www.villasdecerritosbeach.com/contact-information.asp		https://www.facebook.com/pages/Villas-de-Cerritos-Beach/148948355126118/	https://wa.me/17378885533	https://www.villasdecerritosbeach.com/vacation-rentals-homes.asp				High	Verified	https://explore.overturemaps.org/#id=1113930b-ca3e-441b-ad22-e73858b952c4; https://www.villasdecerritosbeach.com/	Public Overture website; no usable Overture email. First-party public contact crawl required; no inference. Public business email recovered from first-party website; no inference.				overture:1113930b-ca3e-441b-ad22-e73858b952c4	villasdecerritosbeach.com	526122470034	villas de cerritos beach	La Paz	Mexico	HIGH	domain:villasdecerritosbeach.com
	B	78	Campitello Di Fassa	Italy	Villa Ruggero Wine Hotel		resort	Streda Dolomites, 100	0462750442								overture:71d8598b-253c-4fc3-bde4-ab902c1ff918	2026-08-15T14:16:16.296920Z		Canonical queue drain | fit B | GitHub MASTER dedupe passed	https://www.villaruggero.com/	reservation@villaruggero.com	https://villaruggero.com/prezzi/booking-online/	https://www.instagram.com/villaruggerowinehotel/	https://www.facebook.com/villaruggero/		https://villaruggero.com/prezzi/booking-online/				High	Verified	https://explore.overturemaps.org/#id=71d8598b-253c-4fc3-bde4-ab902c1ff918; https://villaruggero.com/	Public Overture website; no usable Overture email. First-party public contact crawl required; no inference. Public business email recovered from first-party website; no inference.				overture:71d8598b-253c-4fc3-bde4-ab902c1ff918	villaruggero.com	0462750442	villa ruggero wine hotel	Campitello Di Fassa	Italy	HIGH	domain:villaruggero.com
	B	78	Cancún	Mexico	villa del palmar cancun		hotel	Carretera a Puerto Juárez-Punta Sam Cancún 1	+528666257859								overture:e18fc2bf-0be4-4e70-94c2-2f897aceca1b	2026-08-15T14:16:16.296920Z		Canonical queue drain | fit B | GitHub MASTER dedupe passed	http://www.villapalmarcancun.com		https://www.villapalmarcancun.com/dining/reservations	https://www.instagram.com/villadelpalmarcancun/	https://www.facebook.com/villadelpalmarcancun/	https://wa.me/523221083800	https://www.villapalmarcancun.com/special-offers-and-packages/early-booking				High	Verified	https://explore.overturemaps.org/#id=e18fc2bf-0be4-4e70-94c2-2f897aceca1b; https://www.villapalmarcancun.com/	Public Overture website; no usable Overture email. First-party public contact crawl required; no inference.				overture:e18fc2bf-0be4-4e70-94c2-2f897aceca1b	villapalmarcancun.com	528666257859	villa del palmar cancun	Cancún	Mexico	HIGH	domain:villapalmarcancun.com
	B	78	Miami	USA	Villa Pads		vacation_rental_agent	999 Ponce De Leon, Ste 740	8002669127								overture:bc133777-c4ca-40b5-bc2e-ef248dc4d49f	2026-08-15T14:16:16.296920Z		Canonical queue drain | fit B | GitHub MASTER dedupe passed	https://villapads.com/		https://villapads.com/about-us	https://www.instagram.com/villapads/	https://www.facebook.com/villapads/	https://api.whatsapp.com/send?phone=+17868999701&text=Can%20you%20give%20me%20more%20information%20about%20your%20villa%20rentals on villapads.com?	https://villapads.com/luxury-rentals				High	Verified	https://explore.overturemaps.org/#id=bc133777-c4ca-40b5-bc2e-ef248dc4d49f; https://villapads.com/	Public Overture website; no usable Overture email. First-party public contact crawl required; no inference.				overture:bc133777-c4ca-40b5-bc2e-ef248dc4d49f	villapads.com	8002669127	villa pads	Miami	USA	HIGH	domain:villapads.com
	B	78	Isla Mujeres	Mexico	Villa Makax		resort	Carretera Sac Bajo 48	+523362092003								overture:89616ab5-9c7b-4e4d-a45a-f613e4f385e3	2026-08-15T14:16:16.296920Z		Canonical queue drain | fit B | GitHub MASTER dedupe passed	http://www.villamakax.com/	lslehrer@gmail.com	https://villamakax.com/about/	https://www.instagram.com/villamakax/	https://www.facebook.com/VillaMakax/		https://villamakax.com/wp-content/plugins/motopress-hotel-booking-lite/assets/css/mphb.min.css?ver=5.3.3				High	Verified	https://explore.overturemaps.org/#id=89616ab5-9c7b-4e4d-a45a-f613e4f385e3; https://villamakax.com/	Public Overture website; no usable Overture email. First-party public contact crawl required; no inference. Public business email recovered from first-party website; no inference.				overture:89616ab5-9c7b-4e4d-a45a-f613e4f385e3	villamakax.com	523362092003	villa makax	Isla Mujeres	Mexico	HIGH	domain:villamakax.com
	B	78	Gargnano	Italy	Hotel Ristorante Villa Giulia		resort	via Rimembranza 20	036571022								overture:e7af313f-c8ec-4618-b37e-91171ddf4a85	2026-08-15T14:16:16.296920Z		Canonical queue drain | fit B | GitHub MASTER dedupe passed	https://www.villagiulia.it/	info@villagiulia.it	https://www.villagiulia.it	https://www.instagram.com/hotelvillagiulia_gargnano/	https://www.facebook.com/hotelvillagiulia.gargnano/		https://www.villagiulia.it/lagodigarda/spa				High	Verified	https://explore.overturemaps.org/#id=e7af313f-c8ec-4618-b37e-91171ddf4a85; https://www.villagiulia.it/	Public Overture website; no usable Overture email. First-party public contact crawl required; no inference. Public business email recovered from first-party website; no inference.				overture:e7af313f-c8ec-4618-b37e-91171ddf4a85	villagiulia.it	036571022	hotel ristorante villa giulia	Gargnano	Italy	HIGH	domain:villagiulia.it
	B	78	Loc. Duna Verde, Caorle	Italy	Centro Vacanze Villaggio San Francesco		resort	Viale Selva Rosata 1	04212982								overture:27b84235-658b-479b-ad4b-44d86fe50a15	2026-08-15T14:16:16.296920Z		Canonical queue drain | fit B | GitHub MASTER dedupe passed	https://www.villaggiosanfrancesco.com/?utm_source=bing&utm_medium=sf_bing&utm_campaign=sf_bing	website@villaggiosanfrancesco.com	https://www.villaggiosanfrancesco.com/it/booking/	https://www.instagram.com/villaggiosanfrancesco/	https://www.facebook.com/VillaggioSanFrancesco/		https://www.villaggiosanfrancesco.com/it/booking/				High	Verified	https://explore.overturemaps.org/#id=27b84235-658b-479b-ad4b-44d86fe50a15; https://www.villaggiosanfrancesco.com/it/?utm_source=bing&utm_medium=sf_bing&utm_campaign=sf_bing; https://www.villaggiosanfrancesco.com/it/booking/	Public Overture website; no usable Overture email. First-party public contact crawl required; no inference. Public business email recovered from first-party website; no inference.				overture:27b84235-658b-479b-ad4b-44d86fe50a15	villaggiosanfrancesco.com	04212982	centro vacanze villaggio san francesco	Loc. Duna Verde, Caorle	Italy	HIGH	domain:villaggiosanfrancesco.com
	B	78	Diano Marina	Italy	Villaggio Edy		resort	Via Diano Calderina	+393501461611								overture:8750525d-0b50-425f-bb37-86b4fbb4ce3b	2026-08-15T14:16:16.296920Z		Canonical queue drain | fit B | GitHub MASTER dedupe passed	https://www.villaggioedy.it/	info@villaggioedy.it	https://www.villaggioedy.it/it/contact.html	https://www.instagram.com/camping_edy/	https://www.facebook.com/Camping-Edy-287575577317/		https://www.villaggioedy.it/de/				High	Verified	https://explore.overturemaps.org/#id=8750525d-0b50-425f-bb37-86b4fbb4ce3b; https://www.villaggioedy.it/	Public Overture website; no usable Overture email. First-party public contact crawl required; no inference. Public business email recovered from first-party website; no inference.				overture:8750525d-0b50-425f-bb37-86b4fbb4ce3b	villaggioedy.it	393501461611	villaggio edy	Diano Marina	Italy	HIGH	domain:villaggioedy.it
	B	78	Colonno	Italy	Villa Clementina Boutique Hotel		hotel	Via Antonio Soldati, 15 B	031 821305								overture:ef08d67f-af0f-4c42-bc84-3abba162ca9a	2026-08-15T14:16:16.296920Z		Canonical queue drain | fit B | GitHub MASTER dedupe passed	https://villaclementinacomo.it	info@villaclementinacomo.it	https://villaclementinacomo.it/en/contacts	https://www.instagram.com/villaclementina_comolake/	https://www.facebook.com/100091471963669/		https://villaclementinacomo.it/en/rooms-and-suites				High	Verified	https://explore.overturemaps.org/#id=ef08d67f-af0f-4c42-bc84-3abba162ca9a; https://villaclementinacomo.it/en	Public Overture website; no usable Overture email. First-party public contact crawl required; no inference. Public business email recovered from first-party website; no inference.				overture:ef08d67f-af0f-4c42-bc84-3abba162ca9a	villaclementinacomo.it	031821305	villa clementina boutique hotel	Colonno	Italy	HIGH	domain:villaclementinacomo.it
	B	78	Villach Stadt	Austria	Ski Jumping Arena		ski_resort	Villacher Alpenstraße	0664 2334958								overture:ed786bbc-676e-4d5b-9fba-61f86134cee4	2026-08-15T14:16:16.296920Z		Canonical queue drain | fit B | GitHub MASTER dedupe passed	http://www.villacheralpenarena.at	office@villacheralpenarena.at	https://villacheralpenarena.at/kontakt/	https://www.instagram.com/villacher_alpen_arena/	https://www.facebook.com/villacheralpenarena/		https://villacheralpenarena.at/wp-content/plugins/ameliabooking/public/css/frontend/elementor.css?ver=9.7				Medium	Recall-first	https://explore.overturemaps.org/#id=ed786bbc-676e-4d5b-9fba-61f86134cee4; https://villacheralpenarena.at/	Public Overture website; no usable Overture email. First-party public contact crawl required; no inference. Public business email recovered from first-party website; no inference.				overture:ed786bbc-676e-4d5b-9fba-61f86134cee4	villacheralpenarena.at	06642334958	ski jumping arena	Villach Stadt	Austria	MEDIUM	domain:villacheralpenarena.at
	B	78	Toscolano Maderno	Italy	Albergo Villa Cappellina		resort	Via Statale Toscolano, 200	0365643859								overture:d6ca6b6e-5b01-4251-90e0-5bc56e4e1f02	2026-08-15T14:16:16.296920Z		Canonical queue drain | fit B | GitHub MASTER dedupe passed	http://www.villacappellina.it/	info@villacappellina.it		https://www.instagram.com/villacappellina_lagodigarda/	https://www.facebook.com/villa.cappellina/	https://wa.me/390365643859	https://www.villacappellina.it/images/favicon.png				High	Verified	https://explore.overturemaps.org/#id=d6ca6b6e-5b01-4251-90e0-5bc56e4e1f02; https://www.villacappellina.it/	Public Overture website; no usable Overture email. First-party public contact crawl required; no inference. Public business email recovered from first-party website; no inference.				overture:d6ca6b6e-5b01-4251-90e0-5bc56e4e1f02	villacappellina.it	0365643859	albergo villa cappellina	Toscolano Maderno	Italy	HIGH	domain:villacappellina.it
	B	78	Gonte	Italy	Villa Margherita, The Originals Relais		resort	Via Polli Giovanni 11	0323491006								overture:68f16bc8-b12c-4062-8703-c72c765c8cfc	2026-08-15T14:16:16.296920Z		Canonical queue drain | fit B | GitHub MASTER dedupe passed	http://www.villa-margherita.it/	holiday@villa-margherita.it	https://www.villa-margherita.it/contatti/	https://www.instagram.com/relaisvillamargherita/	https://www.facebook.com/relaisvillamargherita/		https://www.villa-margherita.it/wp-content/plugins/uxper-booking/assets/css/_general.css				High	Verified	https://explore.overturemaps.org/#id=68f16bc8-b12c-4062-8703-c72c765c8cfc; https://www.villa-margherita.it/	Public Overture website; no usable Overture email. First-party public contact crawl required; no inference. Public business email recovered from first-party website; no inference.				overture:68f16bc8-b12c-4062-8703-c72c765c8cfc	villa-margherita.it	0323491006	villa margherita the originals relais	Gonte	Italy	HIGH	domain:villa-margherita.it
	B	78	Merano	Italy	Hotel Villa Eden		resort	Via Winkel, 70	0473236583								overture:9cb36cdf-c671-441e-bb3d-4b88add85e3b	2026-08-15T14:16:16.296920Z		Canonical queue drain | fit B | GitHub MASTER dedupe passed	http://www.villa-eden.com/	info@villa-eden.com		https://www.instagram.com/villaedenhotel/	https://www.facebook.com/villaeden/	https://wa.me/390473236583	https://www.villa-eden.com/de/				High	Verified	https://explore.overturemaps.org/#id=9cb36cdf-c671-441e-bb3d-4b88add85e3b; https://www.villa-eden.com/en/	Public Overture website; no usable Overture email. First-party public contact crawl required; no inference. Public business email recovered from first-party website; no inference.				overture:9cb36cdf-c671-441e-bb3d-4b88add85e3b	villa-eden.com	0473236583	hotel villa eden	Merano	Italy	HIGH	domain:villa-eden.com
	B	78	Vaujany	France	Station Vaujany		ski_resort		+33627805282								overture:4928fc4d-9483-41d4-b6aa-2dcf65bb2c88	2026-08-15T14:16:16.296920Z		Canonical queue drain | fit B | GitHub MASTER dedupe passed	http://www.vaujany.com	info@vaujany.com	https://reservation.vaujany.com	https://www.instagram.com/vaujanystation/	https://www.facebook.com/vaujanystationvillage/		https://www.vaujany.com/fr/station-village/acces-station-ski-vaujany/				Medium	Recall-first	https://explore.overturemaps.org/#id=4928fc4d-9483-41d4-b6aa-2dcf65bb2c88; https://www.vaujany.com/fr/	Public Overture website; no usable Overture email. First-party public contact crawl required; no inference. Public business email recovered from first-party website; no inference.				overture:4928fc4d-9483-41d4-b6aa-2dcf65bb2c88	vaujany.com	33627805282	station vaujany	Vaujany	France	MEDIUM	domain:vaujany.com
	B	78	Val-D'Isère	France	Val-d'Isère		ski_resort	Val-d'Isère	04 79 06 01 60								overture:74bb5bee-0fcb-4e69-875a-f507c3e0e967	2026-08-15T14:16:16.296920Z		Canonical queue drain | fit B | GitHub MASTER dedupe passed	http://www.valdisere.com	info@valdisere.com	https://reservation.valdisere.com/	https://www.instagram.com/valdisere/	https://www.facebook.com/valdisere/		https://www.valdisere.com/guide-du-village/				Permissive	Qualification	https://explore.overturemaps.org/#id=74bb5bee-0fcb-4e69-875a-f507c3e0e967; https://www.valdisere.com/; https://www.valdisere.com/val-disere/contact/	Public Overture website; no usable Overture email. First-party public contact crawl required; no inference. Public business email recovered from first-party website; no inference.				overture:74bb5bee-0fcb-4e69-875a-f507c3e0e967	valdisere.com	0479060160	val d isere	Val-D'Isère	France	PERMISSIVE	domain:valdisere.com
	B	78	Davenport	USA	Vacome		vacation_rental_agent	7533 Osceola Polk Line Rd	8556613700								overture:de453eb4-e0f1-40c9-9666-72d8ee8b5b6d	2026-08-15T14:16:16.296920Z		Canonical queue drain | fit B | GitHub MASTER dedupe passed	https://www.vacome.com/	reservations@vacome.com	https://www.vacome.com/about-us/	https://www.instagram.com/vacomefl/	https://www.facebook.com/vacome1/		https://www.vacome.com/group-bookings/				High	Verified	https://explore.overturemaps.org/#id=de453eb4-e0f1-40c9-9666-72d8ee8b5b6d; https://www.vacome.com/	Public Overture website; no usable Overture email. First-party public contact crawl required; no inference. Public business email recovered from first-party website; no inference.				overture:de453eb4-e0f1-40c9-9666-72d8ee8b5b6d	vacome.com	8556613700	vacome	Davenport	USA	HIGH	domain:vacome.com
	B	78	Miami Beach	USA	Vacazon		vacation_rental_agent	1150 Kane Concourse	3055078367								overture:59bd75c9-923f-4a86-8397-eead74bd65da	2026-08-15T14:16:16.296920Z		Canonical queue drain | fit B | GitHub MASTER dedupe passed	http://vacazon.com/	rentals@vacazon.com	https://vacazon.com/about/	https://www.instagram.com/vacazon/	https://www.facebook.com/VacaZon/		https://vacazon.com/properties/modern-waterfront-mansion-in-the-heart-of-las-olas-minutes-from-the-beach/				High	Verified	https://explore.overturemaps.org/#id=59bd75c9-923f-4a86-8397-eead74bd65da; https://vacazon.com/	Public Overture website; no usable Overture email. First-party public contact crawl required; no inference. Public business email recovered from first-party website; no inference.				overture:59bd75c9-923f-4a86-8397-eead74bd65da	vacazon.com	3055078367	vacazon	Miami Beach	USA	HIGH	domain:vacazon.com
	B	78	Fort Myers	USA	Tropical Escape Sanibel		vacation_rental_agent	11595 Kelly Rd Building 100 Suite 113	2392880551								overture:ec7ec84c-46f1-4bff-b37d-9d7da39af41c	2026-08-15T14:16:16.296920Z		Canonical queue drain | fit B | GitHub MASTER dedupe passed	https://www.tropicalescapesanibel.com/	info@tropicalescapesanibel.com	https://tropicalescapesanibel.com/contact-us/	https://www.instagram.com/tropicalescape_sanibel/	https://www.facebook.com/TropicalEscapeSanibel/		https://tropicalescapesanibel.com/all-rentals/marriott-homes-villas-in-sanibel-harbour/				High	Verified	https://explore.overturemaps.org/#id=ec7ec84c-46f1-4bff-b37d-9d7da39af41c; https://tropicalescapesanibel.com/; https://tropicalescapesanibel.com/contact-us/	Public Overture website; no usable Overture email. First-party public contact crawl required; no inference. Public business email recovered from first-party website; no inference.				overture:ec7ec84c-46f1-4bff-b37d-9d7da39af41c	tropicalescapesanibel.com	2392880551	tropical escape sanibel	Fort Myers	USA	HIGH	domain:tropicalescapesanibel.com
	B	78	Bad Kleinkirchheim	Austria	Hotel GUT Trattlerhof & Chalets		resort	Gegendtaler Weg 1	042408172								overture:7feca47a-35a0-4b8a-b777-3597d1672472	2026-08-15T14:16:16.296920Z		Canonical queue drain | fit B | GitHub MASTER dedupe passed	https://www.trattlerhof.at/de/	hotel@trattlerhof.at	https://book.trattlerhof.at?activeBookingEngine=KBE&propertyCode=AT_GIA_0122&skd-language-code=de	https://www.instagram.com/hotel_trattlerhof/	https://www.facebook.com/trattlerhof/		https://book.trattlerhof.at/room/DELUXE_G?activeBookingEngine=KBE&propertyCode=AT_GIA_0122&language=de&skd-checkin=2026-08-16&skd-checkout=2026-08-20&skd-language-code=de&skd-property-code=AT_GIA_0122				High	Verified	https://explore.overturemaps.org/#id=7feca47a-35a0-4b8a-b777-3597d1672472; https://www.trattlerhof.at/de/	Public Overture website; no usable Overture email. First-party public contact crawl required; no inference. Public business email recovered from first-party website; no inference.				overture:7feca47a-35a0-4b8a-b777-3597d1672472	trattlerhof.at	042408172	hotel gut trattlerhof chalets	Bad Kleinkirchheim	Austria	HIGH	domain:trattlerhof.at
	B	78	St Petersburg	USA	Autograph Collection		resort	501 5th Ave NE	+17278941000								overture:bf0d68dd-8b5c-49ba-b07a-4fc2077d17c5	2026-08-15T14:16:16.296920Z		Canonical queue drain | fit B | GitHub MASTER dedupe passed	https://thevinoy.com/	vinoy.info@thevinoy.com	https://thevinoy.com/wp-content/plugins/contact-form-7/includes/css/styles.css?ver=6.1.6	https://www.instagram.com/vinoyresort/	https://www.facebook.com/vinoyresort/		https://thevinoy.com/accommodations/				High	Verified	https://explore.overturemaps.org/#id=bf0d68dd-8b5c-49ba-b07a-4fc2077d17c5; https://thevinoy.com/	Public Overture website; no usable Overture email. First-party public contact crawl required; no inference. Public business email recovered from first-party website; no inference.				overture:bf0d68dd-8b5c-49ba-b07a-4fc2077d17c5	thevinoy.com	17278941000	autograph collection	St Petersburg	USA	HIGH	domain:thevinoy.com
	B	78	Hallein	Austria	the salt residences		hotel	Wichtlhuberstraße 16	06769409962								overture:82c684a5-dd55-4da2-b8d3-9d274a9247a0	2026-08-15T14:16:16.296920Z		Canonical queue drain | fit B | GitHub MASTER dedupe passed	https://www.thesalt-hallein.com/de/residences-apartments-hallein	stay@thesalt-hallein.com		https://www.instagram.com/thesalt_hallein/	https://www.facebook.com/thesalt.hallein/	https://api.whatsapp.com/send?phone=436769409962	https://www.thesalt-hallein.com/de/residences-apartments-hallein				Medium	Recall-first	https://explore.overturemaps.org/#id=82c684a5-dd55-4da2-b8d3-9d274a9247a0; https://www.thesalt-hallein.com/de/residences-apartments-hallein	Public Overture website; no usable Overture email. First-party public contact crawl required; no inference. Public business email recovered from first-party website; no inference.				overture:82c684a5-dd55-4da2-b8d3-9d274a9247a0	thesalt-hallein.com	06769409962	the salt residences	Hallein	Austria	MEDIUM	domain:thesalt-hallein.com
	B	78	Dobrna	Slovenia	Boutique Hotel Dobrna		resort	Dobrna 50	037808190								overture:0f49fc1a-ed36-404b-a859-7bb6bad170cb	2026-08-15T14:16:16.296920Z		Canonical queue drain | fit B | GitHub MASTER dedupe passed	https://www.terme-dobrna.si/en/hotel/boutique-hotel-dobrna	info@terme-dobrna.si	https://www.terme-dobrna.si/en/booking	https://www.instagram.com/termedobrna/	https://www.facebook.com/HoteliTermeDobrna/		https://www.terme-dobrna.si/en/booking				High	Verified	https://explore.overturemaps.org/#id=0f49fc1a-ed36-404b-a859-7bb6bad170cb; https://www.terme-dobrna.si/en/hotel/boutique-hotel-dobrna	Public Overture website; no usable Overture email. First-party public contact crawl required; no inference. Public business email recovered from first-party website; no inference.				overture:0f49fc1a-ed36-404b-a859-7bb6bad170cb	terme-dobrna.si	037808190	boutique hotel dobrna	Dobrna	Slovenia	HIGH	domain:terme-dobrna.si
	B	78	Tannheim	Austria	Tannheimer Bergbahnen		ski_resort	Bergbahnweg 12	+4356756363								overture:f10ef0de-8c85-4794-a39e-e85135581b6a	2026-08-15T14:16:16.296920Z		Canonical queue drain | fit B | GitHub MASTER dedupe passed	http://www.tannheimertal.com/	info@tannheimertal.com	https://booking.tannheimertal.com	https://www.instagram.com/tannheimertal/	https://www.facebook.com/ferienregion.tannheimertal/		https://booking.tannheimertal.com/fileadmin/templates/global/css/rebrush/bootstrap.css?1709619892				Permissive	Qualification	https://explore.overturemaps.org/#id=f10ef0de-8c85-4794-a39e-e85135581b6a; https://www.tannheimertal.com/de	Public Overture website; no usable Overture email. First-party public contact crawl required; no inference. Public business email recovered from first-party website; no inference.				overture:f10ef0de-8c85-4794-a39e-e85135581b6a	tannheimertal.com	4356756363	tannheimer bergbahnen	Tannheim	Austria	PERMISSIVE	domain:tannheimertal.com
	B	78	Kissimmee	USA	Star Island Resort Villas		hotel	2800 N Poinciana Blvd	+14073968215								overture:b15db718-32dc-4287-a8e7-2c8ddf88763f	2026-08-15T14:16:16.296920Z		Canonical queue drain | fit B | GitHub MASTER dedupe passed	http://www.star-island.com/	hello@star-island.com	https://www.star-island.com/contact-us.htm	https://www.instagram.com/starislandresortorlando/	https://www.facebook.com/starislandorl/		https://www.star-island.com/orlando-resort-accommodations.htm				High	Verified	https://explore.overturemaps.org/#id=b15db718-32dc-4287-a8e7-2c8ddf88763f; https://www.star-island.com/; https://www.star-island.com/contact-us.htm	Public Overture website; no usable Overture email. First-party public contact crawl required; no inference. Public business email recovered from first-party website; no inference.				overture:b15db718-32dc-4287-a8e7-2c8ddf88763f	star-island.com	14073968215	star island resort villas	Kissimmee	USA	HIGH	domain:star-island.com
	B	78	Zuoz	Switzerland	Schweizer Skischule Zuoz La Punt		ski_resort	Sportzentrum Purtum, Somvih 31	+41818541179								overture:a01a644b-8c6f-4b86-8787-0e16f4114845	2026-08-15T14:16:16.296920Z		Canonical queue drain | fit B | GitHub MASTER dedupe passed	http://www.ssszuoz.ch	info@ssszuoz.ch	https://www.ssszuoz.ch/onlinebuchung/article/schnuppertag/?q=1	https://www.instagram.com/zuozski/	https://www.facebook.com/skischulezuoz/		https://www.ssszuoz.ch/angebot-zuoz/snowli-kids-village/				Medium	Recall-first	https://explore.overturemaps.org/#id=a01a644b-8c6f-4b86-8787-0e16f4114845; https://www.ssszuoz.ch/	Public Overture website; no usable Overture email. First-party public contact crawl required; no inference. Public business email recovered from first-party website; no inference.				overture:a01a644b-8c6f-4b86-8787-0e16f4114845	ssszuoz.ch	41818541179	schweizer skischule zuoz la punt	Zuoz	Switzerland	MEDIUM	domain:ssszuoz.ch
	B	78	Stachy	Czechia	SKI Zadov		ski_resort	Zadov	+420734433386								overture:47d8fea7-b83e-4495-a9c3-93293a5c12da	2026-08-15T14:16:16.296920Z		Canonical queue drain | fit B | GitHub MASTER dedupe passed	https://www.sportsumava.cz/	info@sportsumava.cz	https://www.sportsumava.cz/kontakt	https://www.instagram.com/skizadov/	https://www.facebook.com/skizadov/	https://wa.me/420734433386/?text=Zdrav%C3%ADme%20ze%20%C5%A0umavy%3A)					Permissive	Qualification	https://explore.overturemaps.org/#id=47d8fea7-b83e-4495-a9c3-93293a5c12da; https://www.sportsumava.cz/; https://www.sportsumava.cz/kontakt	Public Overture website; no usable Overture email. First-party public contact crawl required; no inference. Public business email recovered from first-party website; no inference.				overture:47d8fea7-b83e-4495-a9c3-93293a5c12da	sportsumava.cz	420734433386	ski zadov	Stachy	Czechia	PERMISSIVE	domain:sportsumava.cz
	B	78	Sankt Johann im Pongau	Austria	Alpendorf Ski Resort - Austria		ski_resort	Alpendorf 9									overture:5dd5d180-7e08-41a3-8fb5-8581d645ffce	2026-08-15T14:16:16.296920Z		Canonical queue drain | fit B | GitHub MASTER dedupe passed	http://www.sonnhof-alpendorf.at/	info@sonnhof-alpendorf.at	https://booking.sonnhof-alpendorf.at/booking?cd=137857&id=3der9oU7&lang=de	https://www.instagram.com/sonnhof.alpendorf/	https://www.facebook.com/sonnhof.alpendorf/	https://api.whatsapp.com/send/?phone=436642423670&text&app_absent=0	https://booking.sonnhof-alpendorf.at/booking?cd=137857&id=3der9oU7&lang=de				Medium	Recall-first	https://explore.overturemaps.org/#id=5dd5d180-7e08-41a3-8fb5-8581d645ffce; https://www.sonnhof-alpendorf.at/	Public Overture website; no usable Overture email. First-party public contact crawl required; no inference. Public business email recovered from first-party website; no inference.				overture:5dd5d180-7e08-41a3-8fb5-8581d645ffce	sonnhof-alpendorf.at		alpendorf ski resort austria	Sankt Johann im Pongau	Austria	MEDIUM	domain:sonnhof-alpendorf.at
	B	78	Klösterle	Austria	Ski area Sonnenkopf		ski_resort		04355 822920								overture:e253f5a8-e0d4-48c4-a573-efbb187c057e	2026-08-15T14:16:16.296920Z		Canonical queue drain | fit B | GitHub MASTER dedupe passed	http://www.sonnenkopf.com	info@sonnenkopf.com	https://sonnenkopf.com/media/com_eventbooking/assets/css/style.min.css?5.8.1	https://www.instagram.com/sonnenkopfklostertal/	https://www.facebook.com/Sonnenkopf/		https://sonnenkopf.com/media/com_eventbooking/assets/css/style.min.css?5.8.1				Permissive	Qualification	https://explore.overturemaps.org/#id=e253f5a8-e0d4-48c4-a573-efbb187c057e; https://sonnenkopf.com/de/	Public Overture website; no usable Overture email. First-party public contact crawl required; no inference. Public business email recovered from first-party website; no inference.				overture:e253f5a8-e0d4-48c4-a573-efbb187c057e	sonnenkopf.com	04355822920	ski area sonnenkopf	Klösterle	Austria	PERMISSIVE	domain:sonnenkopf.com
	B	78	Malatíny	Slovakia	Magura Village		hotel	Hlavna	+421915656700								overture:b8167590-06d0-46fe-a4a2-cb307fac7109	2026-08-15T14:16:16.296920Z		Canonical queue drain | fit B | GitHub MASTER dedupe passed	http://www.sojka.eu/	hotel@sojka.eu	https://booking.sojka.eu/booking/	https://www.instagram.com/sojka_resort/	https://www.facebook.com/sojkaresort/		https://booking.sojka.eu/booking/				Permissive	Qualification	https://explore.overturemaps.org/#id=b8167590-06d0-46fe-a4a2-cb307fac7109; https://sojka.eu/	Public Overture website; no usable Overture email. First-party public contact crawl required; no inference. Public business email recovered from first-party website; no inference.				overture:b8167590-06d0-46fe-a4a2-cb307fac7109	sojka.eu	421915656700	magura village	Malatíny	Slovakia	PERMISSIVE	domain:sojka.eu
	B	78	Courchevel	France	Snow Lodge Boutique Hôtel		hotel	rue de Bellecote	04 79 40 02 40								overture:f91d21fb-ed3a-4e86-a24f-efadce658017	2026-08-15T14:16:16.296920Z		Canonical queue drain | fit B | GitHub MASTER dedupe passed	http://www.snowlodge-courchevel.fr	contact@snowlodge-courchevel.fr	https://www.snowlodge-courchevel.fr/contact/	https://www.instagram.com/snowlodgehotelcourchevel/	https://www.facebook.com/snowlodgehotelcourchevel/	https://api.whatsapp.com/send?phone=33668324060					Medium	Recall-first	https://explore.overturemaps.org/#id=f91d21fb-ed3a-4e86-a24f-efadce658017; https://www.snowlodge-courchevel.fr/	Public Overture website; no usable Overture email. First-party public contact crawl required; no inference. Public business email recovered from first-party website; no inference.				overture:f91d21fb-ed3a-4e86-a24f-efadce658017	snowlodge-courchevel.fr	0479400240	snow lodge boutique hotel	Courchevel	France	MEDIUM	domain:snowlodge-courchevel.fr
	B	78	Courchevel	France	Chalet Aurelia		hotel	23 Route du Plan du Saz	+33686071987								overture:03cf69f9-c603-4af0-b445-37cf3a5d5ffe	2026-08-15T14:16:16.296920Z		Canonical queue drain | fit B | GitHub MASTER dedupe passed	https://www.skiline.co.uk/france/la-tania/chalet-aurelia	webenquiry@skiline.co.uk	https://www.skiline.co.uk/about-us	https://www.instagram.com/skiline_ltd/	https://www.facebook.com/SkiLineTheSkiersTravelAgent/		https://www.skiline.co.uk/ski-accommodation/chalets				High	Verified	https://explore.overturemaps.org/#id=03cf69f9-c603-4af0-b445-37cf3a5d5ffe; https://www.skiline.co.uk/ski-holidays/france/la-tania	Public Overture website; no usable Overture email. First-party public contact crawl required; no inference. Public business email recovered from first-party website; no inference.				overture:03cf69f9-c603-4af0-b445-37cf3a5d5ffe	skiline.co.uk	33686071987	chalet aurelia	Courchevel	France	HIGH	domain:skiline.co.uk
	B	78	Leysin	Switzerland	Mountain Guide, Ski and Climb		ski_resort	Chalet Emeraude, Route les Esserts 64	0796995199								overture:aadfc404-fe86-47cf-93d3-fa17de0059ab	2026-08-15T14:16:16.296920Z		Canonical queue drain | fit B | GitHub MASTER dedupe passed	http://www.ski-offpiste.com/	terry@ski-offpiste.com	https://ski-offpiste.com/contact-us/	https://www.instagram.com/terry.ralphs/	https://www.facebook.com/SkiOffPiste/		https://ski-offpiste.com/booking/				High	Verified	https://explore.overturemaps.org/#id=aadfc404-fe86-47cf-93d3-fa17de0059ab; https://ski-offpiste.com/	Public Overture website; no usable Overture email. First-party public contact crawl required; no inference. Public business email recovered from first-party website; no inference.				overture:aadfc404-fe86-47cf-93d3-fa17de0059ab	ski-offpiste.com	0796995199	mountain guide ski and climb	Leysin	Switzerland	HIGH	domain:ski-offpiste.com
	B	78	World-Atlas::mediterranean-premium::21-37::lane=site-recovery	France	Skicool Ski And Snowboard School		ski_resort		07 77 83 06 06								overture:5ddb0bf5-f2c8-432c-88b6-e206b5fdd197	2026-08-15T14:16:16.296920Z		Canonical queue drain | fit B | GitHub MASTER dedupe passed	http://ski-cool.com	mail@ski-cool.com	https://www.ski-cool.com/fr/contact/	https://www.instagram.com/skicoolvalthorens/	https://www.facebook.com/skicoolvalthorens/	https://wa.me/00337778306062?text=Bonjour%20SkiCool,					Medium	Recall-first	https://explore.overturemaps.org/#id=5ddb0bf5-f2c8-432c-88b6-e206b5fdd197; https://www.ski-cool.com/	Public Overture website; no usable Overture email. First-party public contact crawl required; no inference. Public business email recovered from first-party website; no inference.				overture:5ddb0bf5-f2c8-432c-88b6-e206b5fdd197	ski-cool.com	0777830606	skicool ski and snowboard school	World-Atlas::mediterranean-premium::21-37::lane=site-recovery	France	MEDIUM	domain:ski-cool.com
	B	78	Sarasota	USA	Siesta Bungalows		vacation_rental_agent	5310 Calle Florida	9413465114								overture:4619af7c-d470-46ca-bbef-d6a5f145adef	2026-08-15T14:16:16.296920Z		Canonical queue drain | fit B | GitHub MASTER dedupe passed	https://www.siestabungalows.com/	siestabungalows@gmail.com	https://siestabungalows.com/about-us	https://www.instagram.com/siestabungalows/	https://www.facebook.com/347139062490856/	https://wa.me/19415867989					High	Verified	https://explore.overturemaps.org/#id=4619af7c-d470-46ca-bbef-d6a5f145adef; https://siestabungalows.com/	Public Overture website; no usable Overture email. First-party public contact crawl required; no inference. Public business email recovered from first-party website; no inference.				overture:4619af7c-d470-46ca-bbef-d6a5f145adef	siestabungalows.com	9413465114	siesta bungalows	Sarasota	USA	HIGH	domain:siestabungalows.com
	B	78	La Salle-les-Alpes	France	Serre-Chevalier		ski_resort	Serre-Chevalier	04 92 24 98 98								overture:f6e8e2f6-ac49-4cb6-9501-968ad32ca06b	2026-08-15T14:16:16.296920Z		Canonical queue drain | fit B | GitHub MASTER dedupe passed	http://www.serre-chevalier.com		https://reservation.serre-chevalier.com/	https://www.instagram.com/serrechevalier/	https://www.facebook.com/SerreChevalierFR/	https://wa.me/33756479784	https://booking.serre-chevalier.com/summer				Permissive	Qualification	https://explore.overturemaps.org/#id=f6e8e2f6-ac49-4cb6-9501-968ad32ca06b; https://www.serre-chevalier.com/	Public Overture website; no usable Overture email. First-party public contact crawl required; no inference.				overture:f6e8e2f6-ac49-4cb6-9501-968ad32ca06b	serre-chevalier.com	0492249898	serre chevalier	La Salle-les-Alpes	France	PERMISSIVE	domain:serre-chevalier.com
	B	78	Scopello	Italy	Alpe di Mera		ski_resort	Via Mera	163 735 314								overture:33c12675-10d8-442f-942b-927619b88dd8	2026-08-15T14:16:16.296920Z		Canonical queue drain | fit B | GitHub MASTER dedupe passed	https://www.scuolascialpedimera.it	info@scuolascialpedimera.it	https://www.scuolascialpedimera.it/wp-content/plugins/elementor/assets/css/widget-contact-buttons-base.min.css?ver=3.34.1	https://www.instagram.com/snowschool_alpedimera/	https://www.facebook.com/snowschoolalpedimera/	https://api.whatsapp.com/send/?phone=393337723963&text&type=phone_number&app_absent=0					Permissive	Qualification	https://explore.overturemaps.org/#id=33c12675-10d8-442f-942b-927619b88dd8; https://www.scuolascialpedimera.it/; https://www.scuolascialpedimera.it	Public Overture website; no usable Overture email. First-party public contact crawl required; no inference. Public business email recovered from first-party website; no inference.				overture:33c12675-10d8-442f-942b-927619b88dd8	scuolascialpedimera.it	163735314	alpe di mera	Scopello	Italy	PERMISSIVE	domain:scuolascialpedimera.it
	B	78	Badia	Italy	scuola sci di fondo		ski_resort	Località Sciarè 10	394 7184 9610								overture:9338c24b-ce39-47b0-ba37-26ba3d4dd3c1	2026-08-15T14:16:16.296920Z		Canonical queue drain | fit B | GitHub MASTER dedupe passed	http://www.scuolafondo.it	info@scuolafondo.it	https://scuolafondo.it/en/about-us	https://www.instagram.com/easydolomites/	https://www.facebook.com/scuolafondo/		https://scuolafondo.it/en/book				Medium	Recall-first	https://explore.overturemaps.org/#id=9338c24b-ce39-47b0-ba37-26ba3d4dd3c1; https://scuolafondo.it/en	Public Overture website; no usable Overture email. First-party public contact crawl required; no inference. Public business email recovered from first-party website; no inference.				overture:9338c24b-ce39-47b0-ba37-26ba3d4dd3c1	scuolafondo.it	39471849610	scuola sci di fondo	Badia	Italy	MEDIUM	domain:scuolafondo.it
	B	78	Jungholz	Austria	Schrofen Chalets		vacation_rental_agent	Jungholz 147	0720116861								overture:81f3fb6d-f742-4ab3-964f-a6c63fdc6b3d	2026-08-15T14:16:16.296920Z		Canonical queue drain | fit B | GitHub MASTER dedupe passed	https://schrofen-chalets.at/	info@schrofen-chalets.at		https://www.instagram.com/schrofenchalets/	https://www.facebook.com/schrofenchalets.jungholz/	https://wa.me/491624463491/?text=Hallo%20Schrofen%20Chalets%2C%20ich%20interessiere%20mich%20f%C3%BCr%20einen%20Aufenthalt.%20Bitte%20senden%20Sie%20mir%20Informationen%20zu%20freien%20Terminen%20und%20aktuellen%20Angeboten.	https://schrofen-chalets.at/agb/				High	Verified	https://explore.overturemaps.org/#id=81f3fb6d-f742-4ab3-964f-a6c63fdc6b3d; https://schrofen-chalets.at/	Public Overture website; no usable Overture email. First-party public contact crawl required; no inference. Public business email recovered from first-party website; no inference.				overture:81f3fb6d-f742-4ab3-964f-a6c63fdc6b3d	schrofen-chalets.at	0720116861	schrofen chalets	Jungholz	Austria	HIGH	domain:schrofen-chalets.at
	B	78	Varzo	Italy	San Domenico - Feel the nature		ski_resort	Fraz. San Domenico	+390324780868								overture:5c5705c7-1dbc-4441-a592-b00895c9006e	2026-08-15T14:16:16.296920Z		Canonical queue drain | fit B | GitHub MASTER dedupe passed	http://www.san-domenico.com/	info@san-domenico.com	https://www.san-domenico.com/it/booking	https://www.instagram.com/sandomenico_feelthenature/	https://www.facebook.com/sandosubito/		https://www.san-domenico.com/it/booking				High	Verified	https://explore.overturemaps.org/#id=5c5705c7-1dbc-4441-a592-b00895c9006e; https://www.san-domenico.com/it	Public Overture website; no usable Overture email. First-party public contact crawl required; no inference. Public business email recovered from first-party website; no inference.				overture:5c5705c7-1dbc-4441-a592-b00895c9006e	san-domenico.com	390324780868	san domenico feel the nature	Varzo	Italy	HIGH	domain:san-domenico.com
	B	78	Saalfelden am Steinernen Meer	Austria	Saalfelden Leogang Touristik		ski_resort	Mittergasse 21a	+43658270660								overture:63c91c97-f638-4016-ba18-48a49dc9b8e9	2026-08-15T14:16:16.296920Z		Canonical queue drain | fit B | GitHub MASTER dedupe passed	http://www.saalfelden-leogang.com/	info@saalfelden-leogang.com	https://www.saalfelden-leogang.com/contact	https://www.instagram.com/bikeparkleogang/	https://www.facebook.com/BikeparkLeogang/		https://www.saalfelden-leogang.com/bikepark/en/search-book				High	Verified	https://explore.overturemaps.org/#id=63c91c97-f638-4016-ba18-48a49dc9b8e9; https://www.saalfelden-leogang.com/contact	Public Overture website; no usable Overture email. First-party public contact crawl required; no inference. Public business email recovered from first-party website; no inference.				overture:63c91c97-f638-4016-ba18-48a49dc9b8e9	saalfelden-leogang.com	43658270660	saalfelden leogang touristik	Saalfelden am Steinernen Meer	Austria	HIGH	domain:saalfelden-leogang.com
	B	78	Sankt Moritz	Switzerland	River Inn		hotel	Via San Gian 48	+41818334131								overture:808415c5-bc97-4055-965f-a9112ac782ab	2026-08-15T14:16:16.296920Z		Canonical queue drain | fit B | GitHub MASTER dedupe passed	http://www.riverinn.ch/	info@riverinn.ch	https://www.riverinn.ch/en/contact	https://www.instagram.com/riverinnbandb/	https://www.facebook.com/st.riverinn/		https://www.riverinn.ch/en/en/book-now				High	Verified	https://explore.overturemaps.org/#id=808415c5-bc97-4055-965f-a9112ac782ab; https://www.riverinn.ch/en/	Public Overture website; no usable Overture email. First-party public contact crawl required; no inference. Public business email recovered from first-party website; no inference.				overture:808415c5-bc97-4055-965f-a9112ac782ab	riverinn.ch	41818334131	river inn	Sankt Moritz	Switzerland	HIGH	domain:riverinn.ch
	B	78	Adelboden	Switzerland	Revier Mountain Lodge Adelboden		resort	Dorfstrasse 37	0583306666								overture:5b601393-ca20-4dd1-8aa3-627c8adcfcc5	2026-08-15T14:16:16.296920Z		Canonical queue drain | fit B | GitHub MASTER dedupe passed	https://adelboden.revierhotels.com/	hello@revierhotels.com	https://www.revierhotels.com/de/about-us/philosophie	https://www.instagram.com/revier.hotel/	https://www.facebook.com/revierhotels/	https://api.whatsapp.com/send?phone=41772801262					Medium	Recall-first	https://explore.overturemaps.org/#id=5b601393-ca20-4dd1-8aa3-627c8adcfcc5; https://adelboden.revierhotels.com/de/	Public Overture website; no usable Overture email. First-party public contact crawl required; no inference. Public business email recovered from first-party website; no inference.				overture:5b601393-ca20-4dd1-8aa3-627c8adcfcc5	revierhotels.com	0583306666	revier mountain lodge adelboden	Adelboden	Switzerland	MEDIUM	domain:revierhotels.com
	B	78	Las Rozas de Madrid	Spain	Reines Grupo Inmobiliario		vacation_rental_agent	Calle Chile 4	911997946								overture:bc83d038-6db5-495d-ac62-4df0aaa626e1	2026-08-15T14:16:16.296920Z		Canonical queue drain | fit B | GitHub MASTER dedupe passed	https://www.reines.es/	info@reines.es	https://www.reines.es/index.php/contacto	https://www.instagram.com/reinesgrupoinmobiliario/	https://www.facebook.com/ReinesGrupoInmobiliario/	https://api.whatsapp.com/send/?phone=34684605492&text&type=phone_number&app_absent=0					High	Verified	https://explore.overturemaps.org/#id=bc83d038-6db5-495d-ac62-4df0aaa626e1; https://www.reines.es/; https://www.reines.es/index.php/contacto	Public Overture website; no usable Overture email. First-party public contact crawl required; no inference. Public business email recovered from first-party website; no inference.				overture:bc83d038-6db5-495d-ac62-4df0aaa626e1	reines.es	911997946	reines grupo inmobiliario	Las Rozas de Madrid	Spain	HIGH	domain:reines.es
	B	78	Madrid	Spain	PRYGESA - Valdebebas Urban		vacation_rental_agent	Glorieta de Cuatro Caminos, 6, y 7	915702530								overture:e5633b87-02d2-46b1-992d-115fa96911c5	2026-08-15T14:16:16.296920Z		Canonical queue drain | fit B | GitHub MASTER dedupe passed	https://www.prygesa.es/valdebebas-urban	comercial@prygesa.es	https://www.prygesa.es/en/contact	https://www.instagram.com/grupo.pryconsa/	https://www.facebook.com/prygesaPGR/		https://www.prygesa.es/en/properties				Medium	Recall-first	https://explore.overturemaps.org/#id=e5633b87-02d2-46b1-992d-115fa96911c5; https://www.prygesa.es/valdebebas-urban	Public Overture website; no usable Overture email. First-party public contact crawl required; no inference. Public business email recovered from first-party website; no inference.				overture:e5633b87-02d2-46b1-992d-115fa96911c5	prygesa.es	915702530	prygesa valdebebas urban	Madrid	Spain	MEDIUM	domain:prygesa.es
	B	78	Scena	Italy	Prunner Luxury Suites		resort	Via Scena, 22	0473861610								overture:4ef4bc52-a2e8-465b-91aa-38f5f9575a1b	2026-08-15T14:16:16.296920Z		Canonical queue drain | fit B | GitHub MASTER dedupe passed	https://www.prunner-luxury-suites.com/?utm_source=GoogleMyBusiness&utm_medium=KlickWebsite&utm_campaign=GoogleMyBusiness	info@prunner-luxury-suites.com	https://www.prunner-luxury-suites.com/en/pls/what-they-say-about-us/	https://www.instagram.com/prunner.luxury.suites/	https://www.facebook.com/PrunnerLuxurySuites/		https://www.prunner-luxury-suites.com/en/prunner-luxury-suites/rooms/				High	Verified	https://explore.overturemaps.org/#id=4ef4bc52-a2e8-465b-91aa-38f5f9575a1b; https://www.prunner-luxury-suites.com/en/?utm_source=GoogleMyBusiness&utm_medium=KlickWebsite&utm_campaign=GoogleMyBusiness	Public Overture website; no usable Overture email. First-party public contact crawl required; no inference. Public business email recovered from first-party website; no inference.				overture:4ef4bc52-a2e8-465b-91aa-38f5f9575a1b	prunner-luxury-suites.com	0473861610	prunner luxury suites	Scena	Italy	HIGH	domain:prunner-luxury-suites.com
	B	78	Mayrhofen	Austria	Prachtbude Mayrhofen		vacation_rental_agent	Kumbichl 873a	06765334027								overture:7609a541-b81f-44ed-9faa-12cbc270b19c	2026-08-15T14:16:16.296920Z		Canonical queue drain | fit B | GitHub MASTER dedupe passed	https://www.prachtbude.at/	urlaub@prachtbude.at		https://www.instagram.com/prachtbude/	https://www.facebook.com/prachtbude/	https://wa.me/message/EXALAMEFIBOHI1	https://www.prachtbude.at/villa-emma-stumm-zillertal				High	Verified	https://explore.overturemaps.org/#id=7609a541-b81f-44ed-9faa-12cbc270b19c; https://www.prachtbude.at/	Public Overture website; no usable Overture email. First-party public contact crawl required; no inference. Public business email recovered from first-party website; no inference.				overture:7609a541-b81f-44ed-9faa-12cbc270b19c	prachtbude.at	06765334027	prachtbude mayrhofen	Mayrhofen	Austria	HIGH	domain:prachtbude.at
	B	78	Tulum	Mexico	Playa Canek Beachfront Eco Hotel		resort	Carretera Boca Paila Km. 8.3, Quintana Roo	5575839961								overture:e126022d-3535-4cd8-a4e8-897d3aced013	2026-08-15T14:16:16.296920Z		Canonical queue drain | fit B | GitHub MASTER dedupe passed	https://playacanek.com/	playacanek@gmail.com	https://www.playacanek.com/contact	https://www.instagram.com/playacanektulum/	https://www.facebook.com/playacanek/	https://wa.me/529844511587					Medium	Recall-first	https://explore.overturemaps.org/#id=e126022d-3535-4cd8-a4e8-897d3aced013; https://www.playacanek.com/	Public Overture website; no usable Overture email. First-party public contact crawl required; no inference. Public business email recovered from first-party website; no inference.				overture:e126022d-3535-4cd8-a4e8-897d3aced013	playacanek.com	5575839961	playa canek beachfront eco hotel	Tulum	Mexico	MEDIUM	domain:playacanek.com
	B	78	San Giovanni Di Fassa	Italy	Olympic Spa Hotel		resort	Strada de Ciarlonch, 5	0462764225								overture:468c6955-843c-4a27-9de5-6094ea0a7acc	2026-08-15T14:16:16.296920Z		Canonical queue drain | fit B | GitHub MASTER dedupe passed	http://www.olympicspahotel.it/	info@olympicspahotel.it	https://booking.olympicspahotel.it/book/home/single?nsid=2e47033d-caf1-44a4-8440-da8fc79882d8	https://www.instagram.com/olympicspahotel/	https://www.facebook.com/olympicspahotel/		https://booking.olympicspahotel.it/book/simple/step1				High	Verified	https://explore.overturemaps.org/#id=468c6955-843c-4a27-9de5-6094ea0a7acc; https://www.olympicspahotel.it/	Public Overture website; no usable Overture email. First-party public contact crawl required; no inference. Public business email recovered from first-party website; no inference.				overture:468c6955-843c-4a27-9de5-6094ea0a7acc	olympicspahotel.it	0462764225	olympic spa hotel	San Giovanni Di Fassa	Italy	HIGH	domain:olympicspahotel.it
	B	78	World-Atlas::mediterranean-premium::21-38::lane=site-recovery	Austria	Skigebiet Nauders		ski_resort		+43547387427								overture:c54d14c7-8a92-4b19-af8c-52c6a08a8c39	2026-08-15T14:16:16.296920Z		Canonical queue drain | fit B | GitHub MASTER dedupe passed	http://www.nauders.com	office@nauders.com	https://www.nauders.com/en/Inquiry	https://www.instagram.com/naudersamreschenpass/	https://www.facebook.com/nauders.reschenpass/		https://www.nauders.com/en/Accommodation				High	Verified	https://explore.overturemaps.org/#id=c54d14c7-8a92-4b19-af8c-52c6a08a8c39; https://www.nauders.com/en; https://www.nauders.com/en/Inquiry	Public Overture website; no usable Overture email. First-party public contact crawl required; no inference. Public business email recovered from first-party website; no inference.				overture:c54d14c7-8a92-4b19-af8c-52c6a08a8c39	nauders.com	43547387427	skigebiet nauders	World-Atlas::mediterranean-premium::21-38::lane=site-recovery	Austria	HIGH	domain:nauders.com
	B	78	Sapanca	Turkey	NaNa Sapanca villas&bungalows		hotel	İpek Yolu Cd.	+905325623754								overture:23dccd9e-1b1b-42bd-86c7-293109e42c6c	2026-08-15T14:16:16.296920Z		Canonical queue drain | fit B | GitHub MASTER dedupe passed	http://www.nanasapanca.com/		https://www.nanasapanca.com/contact	https://www.instagram.com/nanasapanca/	https://www.facebook.com/gkhnnlbnt/	https://wa.me/905325623754	https://www.nanasapanca.com/tr/villa-bungalov				High	Verified	https://explore.overturemaps.org/#id=23dccd9e-1b1b-42bd-86c7-293109e42c6c; https://www.nanasapanca.com/tr	Public Overture website; no usable Overture email. First-party public contact crawl required; no inference.				overture:23dccd9e-1b1b-42bd-86c7-293109e42c6c	nanasapanca.com	905325623754	nana sapanca villas bungalows	Sapanca	Turkey	HIGH	domain:nanasapanca.com
	B	78	Tulum	Mexico	Coqui Coqui Tulum Residence & Spa		hotel		+528773840352								overture:94bd9fbd-efab-4a42-827f-b12775d58a28	2026-08-15T14:16:16.296920Z		Canonical queue drain | fit B | GitHub MASTER dedupe passed	http://naiik.com/	info@naiik.com	https://www.naiik.com/booking	https://www.instagram.com/villanaiik/	https://www.facebook.com/villanaiik/		https://www.naiik.com/booking				High	Verified	https://explore.overturemaps.org/#id=94bd9fbd-efab-4a42-827f-b12775d58a28; https://www.naiik.com/	Public Overture website; no usable Overture email. First-party public contact crawl required; no inference. Public business email recovered from first-party website; no inference.				overture:94bd9fbd-efab-4a42-827f-b12775d58a28	naiik.com	528773840352	coqui coqui tulum residence spa	Tulum	Mexico	HIGH	domain:naiik.com
	B	78	Lauderdale-by-the-Sea	USA	Villas By The Sea		hotel	4445 El Mar Dr	+19545302179								overture:97f8610a-5036-4e39-9f02-b8afd2b64b6c	2026-08-15T14:16:16.296920Z		Canonical queue drain | fit B | GitHub MASTER dedupe passed	http://www.minto.com	land@minto.com	https://www.minto.com/contact_us.html	https://www.instagram.com/mintogroupinc/	https://www.facebook.com/MintoGroup/		https://www.minto.com/usa/new-homes/projects.html				Permissive	Qualification	https://explore.overturemaps.org/#id=97f8610a-5036-4e39-9f02-b8afd2b64b6c; https://www.minto.com/; https://www.minto.com/contact_us.html	Public Overture website; no usable Overture email. First-party public contact crawl required; no inference. Public business email recovered from first-party website; no inference.				overture:97f8610a-5036-4e39-9f02-b8afd2b64b6c	minto.com	19545302179	villas by the sea	Lauderdale-by-the-Sea	USA	PERMISSIVE	domain:minto.com
	B	78	Holmes Beach	USA	Mike Norman Realty		vacation_rental_agent	3101 Gulf Dr	9417786696								overture:a96c7548-43aa-44a3-9128-02b31f1c51c8	2026-08-15T14:16:16.296920Z		Canonical queue drain | fit B | GitHub MASTER dedupe passed	https://www.mikenormanrealty.com/	info@mikenormanrealty.com	https://www.mikenormanrealty.com/about-us/	https://www.instagram.com/mikenormanrealtyami/	https://www.facebook.com/AnnaMariaIslandRentals/		https://www.mikenormanrealty.com/vacation-rentals				High	Verified	https://explore.overturemaps.org/#id=a96c7548-43aa-44a3-9128-02b31f1c51c8; https://www.mikenormanrealty.com/	Public Overture website; no usable Overture email. First-party public contact crawl required; no inference. Public business email recovered from first-party website; no inference.				overture:a96c7548-43aa-44a3-9128-02b31f1c51c8	mikenormanrealty.com	9417786696	mike norman realty	Holmes Beach	USA	HIGH	domain:mikenormanrealty.com
	B	78	Coral Gables	USA	Miami Vacations Corporate Rentals		vacation_rental_agent	4250 Salzedo St	3056613775								overture:25b8ced9-0ba5-4c45-85ca-7b3c64565e35	2026-08-15T14:16:16.296920Z		Canonical queue drain | fit B | GitHub MASTER dedupe passed	http://www.miamivacations.com/	info@miamivacations.com	https://miamivacations.com/about-us/	https://www.instagram.com/miamivacations/	https://www.facebook.com/pages/Miami-Vacations-Corporate-Rentals/65829197401/		https://miamivacations.com/vacation-rentals-2/				High	Verified	https://explore.overturemaps.org/#id=25b8ced9-0ba5-4c45-85ca-7b3c64565e35; https://miamivacations.com/	Public Overture website; no usable Overture email. First-party public contact crawl required; no inference. Public business email recovered from first-party website; no inference.				overture:25b8ced9-0ba5-4c45-85ca-7b3c64565e35	miamivacations.com	3056613775	miami vacations corporate rentals	Coral Gables	USA	HIGH	domain:miamivacations.com
	B	78	Zermatt	Switzerland	Sesselbahn Hirli		ski_resort	Schluhmattstrasse 28	0279660101								overture:4ed9cc27-974f-4d9f-8686-6e476789b48c	2026-08-15T14:16:16.296920Z		Canonical queue drain | fit B | GitHub MASTER dedupe passed	http://www.matterhornparadise.ch/	info@matterhornparadise.ch	https://www.matterhornparadise.ch/en/about	https://www.instagram.com/zermattbergbahnen/	https://www.facebook.com/zermattbergbahnen/		https://www.matterhornparadise.ch/en/book				Permissive	Qualification	https://explore.overturemaps.org/#id=4ed9cc27-974f-4d9f-8686-6e476789b48c; https://www.matterhornparadise.ch/en	Public Overture website; no usable Overture email. First-party public contact crawl required; no inference. Public business email recovered from first-party website; no inference.				overture:4ed9cc27-974f-4d9f-8686-6e476789b48c	matterhornparadise.ch	0279660101	sesselbahn hirli	Zermatt	Switzerland	PERMISSIVE	domain:matterhornparadise.ch
	B	78	Mariastein	Austria	Hotel & Chalets Mariasteinerhof		resort	Mariastein 14	0533256717								overture:f0db0d4f-64ca-453e-8ca5-a9a397842d33	2026-08-15T14:16:16.296920Z		Canonical queue drain | fit B | GitHub MASTER dedupe passed	https://www.mariasteinerhof.at/	hotel@mariasteinerhof.at	https://www.mariasteinerhof.at/booking/	https://www.instagram.com/restaurant.mariasteinerhof/	https://www.facebook.com/Mariasteinerhof/		https://www.mariasteinerhof.at/booking/				High	Verified	https://explore.overturemaps.org/#id=f0db0d4f-64ca-453e-8ca5-a9a397842d33; https://www.mariasteinerhof.at/	Public Overture website; no usable Overture email. First-party public contact crawl required; no inference. Public business email recovered from first-party website; no inference.				overture:f0db0d4f-64ca-453e-8ca5-a9a397842d33	mariasteinerhof.at	0533256717	hotel chalets mariasteinerhof	Mariastein	Austria	HIGH	domain:mariasteinerhof.at
	B	78	Donostia	Spain	Hotel Luze Boutique San Sebastián		hotel	Gudamendiko bidea, 21	+34943215799								overture:b4f1d2fb-e966-45ae-b790-1507c2695dbd	2026-08-15T14:16:16.296920Z		Canonical queue drain | fit B | GitHub MASTER dedupe passed	https://www.luzehoteles.com/luze-san-sebastian/		https://www.luzehoteles.com/contacto/	https://www.instagram.com/hotel_luze_san_sebastian/	https://www.facebook.com/profile.php/	https://wa.me/34621121050	https://tienda.luzehoteles.com/el-villa/				High	Verified	https://explore.overturemaps.org/#id=b4f1d2fb-e966-45ae-b790-1507c2695dbd; https://www.luzehoteles.com/luze-san-sebastian/	Public Overture website; no usable Overture email. First-party public contact crawl required; no inference.				overture:b4f1d2fb-e966-45ae-b790-1507c2695dbd	luzehoteles.com	34943215799	hotel luze boutique san sebastian	Donostia	Spain	HIGH	domain:luzehoteles.com
	B	78	Sapanca	Turkey	Luxon Sapanca Family Villas		hotel	Fatih Caddesi 7/1	+905327831054								overture:a1364cc4-815b-43d1-a6a3-5d3052a1d8d7	2026-08-15T14:16:16.296920Z		Canonical queue drain | fit B | GitHub MASTER dedupe passed	http://luxonhotel.com/	info@luxonhotel.com	https://www.luxonhotel.com/contact	https://www.instagram.com/luxonhotel/	https://www.facebook.com/luxonhotel/	https://wa.me/905324194894					Medium	Recall-first	https://explore.overturemaps.org/#id=a1364cc4-815b-43d1-a6a3-5d3052a1d8d7; https://www.luxonhotel.com	Public Overture website; no usable Overture email. First-party public contact crawl required; no inference. Public business email recovered from first-party website; no inference.				overture:a1364cc4-815b-43d1-a6a3-5d3052a1d8d7	luxonhotel.com	905327831054	luxon sapanca family villas	Sapanca	Turkey	MEDIUM	domain:luxonhotel.com
	B	78	Bourg-Saint-Maurice	France	Location de vacances "Le Nid Des Arcs"- Les Arcs 1800 - Paradiski		ski_resort	Arc 1800	+33670341624								overture:240838f2-8568-403b-87da-55270172cc5e	2026-08-15T14:16:16.296920Z		Canonical queue drain | fit B | GitHub MASTER dedupe passed	https://www.leniddesarcs.fr/	lesarcs215@gmail.com	https://www.leniddesarcs.fr/contact-réservation/	https://www.instagram.com/le.nid.des.arcs/	https://www.facebook.com/lesarcs1800.215/	https://api.whatsapp.com/send?phone=32475596430					Medium	Recall-first	https://explore.overturemaps.org/#id=240838f2-8568-403b-87da-55270172cc5e; https://www.leniddesarcs.fr/	Public Overture website; no usable Overture email. First-party public contact crawl required; no inference. Public business email recovered from first-party website; no inference.				overture:240838f2-8568-403b-87da-55270172cc5e	leniddesarcs.fr	33670341624	location de vacances le nid des arcs les arcs 1800 paradiski	Bourg-Saint-Maurice	France	MEDIUM	domain:leniddesarcs.fr
	B	78	Calvi	France	Hôtel La Villa		resort	Chemin Notre Dame de la Serra	04 95 65 10 10								overture:6026edf1-8f0b-43c9-b358-3579c8487888	2026-08-15T14:16:16.296920Z		Canonical queue drain | fit B | GitHub MASTER dedupe passed	https://www.lavilla.fr	reservation@lavilla.fr	https://www.lavilla.fr/nous-contacter	https://www.instagram.com/lavillacalvi/	https://www.facebook.com/lavillacalvi/		https://www.lavilla.fr/sejourner/villas				Permissive	Qualification	https://explore.overturemaps.org/#id=6026edf1-8f0b-43c9-b358-3579c8487888; https://www.lavilla.fr/; https://www.lavilla.fr; https://www.lavilla.fr/nous-contacter	Public Overture website; no usable Overture email. First-party public contact crawl required; no inference. Public business email recovered from first-party website; no inference.				overture:6026edf1-8f0b-43c9-b358-3579c8487888	lavilla.fr	0495651010	hotel la villa	Calvi	France	PERMISSIVE	domain:lavilla.fr
	B	78	Fort Lauderdale	USA	Latitude Key Vacations		vacation_rental_agent	3324 NE 32nd St	7542004894								overture:d5e49892-35aa-483d-9b11-414ccb9f68d5	2026-08-15T14:16:16.296920Z		Canonical queue drain | fit B | GitHub MASTER dedupe passed	https://www.latitudekey.com/?y_source=1_MjgxNjE4MjItNDgzLWxvY2F0aW9uLndlYnNpdGU%3D	reservations@latitudekey.com	https://latitudekey.com/	https://www.instagram.com/latitudekeyvacations/	https://www.facebook.com/latitudekey/		https://latitudekey.com/villas/				High	Verified	https://explore.overturemaps.org/#id=d5e49892-35aa-483d-9b11-414ccb9f68d5; https://latitudekey.com/?y_source=1_MjgxNjE4MjItNDgzLWxvY2F0aW9uLndlYnNpdGU%3D	Public Overture website; no usable Overture email. First-party public contact crawl required; no inference. Public business email recovered from first-party website; no inference.				overture:d5e49892-35aa-483d-9b11-414ccb9f68d5	latitudekey.com	7542004894	latitude key vacations	Fort Lauderdale	USA	HIGH	domain:latitudekey.com
	B	78	La Thuile	Italy	Lth La Thuille		ski_resort	Via Marcello Collomb, 36	+390165883049								overture:72093681-dede-4105-9e31-5d17e07a66d0	2026-08-15T14:16:16.296920Z		Canonical queue drain | fit B | GitHub MASTER dedupe passed	http://www.lathuile.it	info@lathuile.it		https://www.instagram.com/lathuile.valledaosta/	https://www.facebook.com/lathuile.valledaosta/	https://whatsapp.com/channel/0029VaLESUBHgZWeIHMtew1q	https://www.lathuile.it/it/notizie/village-flow-il-nuovo-trail-easy				Permissive	Qualification	https://explore.overturemaps.org/#id=72093681-dede-4105-9e31-5d17e07a66d0; https://www.lathuile.it/it	Public Overture website; no usable Overture email. First-party public contact crawl required; no inference. Public business email recovered from first-party website; no inference.				overture:72093681-dede-4105-9e31-5d17e07a66d0	lathuile.it	390165883049	lth la thuille	La Thuile	Italy	PERMISSIVE	domain:lathuile.it
	B	78	Biberwier	Austria	LaPosch - Dein Bergaway		hotel	Schmitte 12	+43567321021								overture:1edd8edf-327e-4c87-97bc-b9740b6dbf98	2026-08-15T14:16:16.296920Z		Canonical queue drain | fit B | GitHub MASTER dedupe passed	https://www.laposch.com/	info@laposch.com		https://www.instagram.com/laposch_livinglands/	https://www.facebook.com/laposchdeinbergaway/	https://wa.me/message/BYFEY5UTD3IZI1	https://www.laposch.com/de/wohnen/chalets-logen/				High	Verified	https://explore.overturemaps.org/#id=1edd8edf-327e-4c87-97bc-b9740b6dbf98; https://www.laposch.com/de/	Public Overture website; no usable Overture email. First-party public contact crawl required; no inference. Public business email recovered from first-party website; no inference.				overture:1edd8edf-327e-4c87-97bc-b9740b6dbf98	laposch.com	43567321021	laposch dein bergaway	Biberwier	Austria	HIGH	domain:laposch.com
	B	78	Saldenburg	Germany	Ferienhof „Landgut Dreiburgenland“ mit Pferdesportzentrum und Gestüt		vacation_rental_agent	Unteröd 1	08504923153								overture:5f14beea-640c-432a-8068-1adb20b57000	2026-08-15T14:16:16.296920Z		Canonical queue drain | fit B | GitHub MASTER dedupe passed	https://www.landgut-dreiburgenland.de/	kontakt@landgut-dreiburgenland.de	https://www.landgut-dreiburgenland.de/	https://www.instagram.com/landgutdreiburgenland/	https://www.facebook.com/landgutdreiburgenland/		https://www.landgut-dreiburgenland.de/wp-content/plugins/motopress-hotel-booking/assets/css/mphb.min.css?ver=6.2.3				High	Verified	https://explore.overturemaps.org/#id=5f14beea-640c-432a-8068-1adb20b57000; https://www.landgut-dreiburgenland.de/	Public Overture website; no usable Overture email. First-party public contact crawl required; no inference. Public business email recovered from first-party website; no inference.				overture:5f14beea-640c-432a-8068-1adb20b57000	landgut-dreiburgenland.de	08504923153	ferienhof landgut dreiburgenland mit pferdesportzentrum und gestut	Saldenburg	Germany	HIGH	domain:landgut-dreiburgenland.de
	B	78	Beckenried	Switzerland	Ausflugsparadies Klewenalp-Stockhuette		ski_resort	Kirchweg 27	041 624 66 00								overture:093ae5e9-16e1-4e05-b774-cdc6ae1a657c	2026-08-15T14:16:16.296920Z		Canonical queue drain | fit B | GitHub MASTER dedupe passed	http://www.klewenalp.ch	willkommen@klewenalp.ch	https://www.klewenalp.ch/dist/css/default/components/booking/postload_booking-menu.c1ae92ad.css	https://www.instagram.com/klewenalp.stockhuette/	https://www.facebook.com/klewenalp.ch/		https://www.klewenalp.ch/dist/css/default/components/booking/postload_booking-menu.c1ae92ad.css				Permissive	Qualification	https://explore.overturemaps.org/#id=093ae5e9-16e1-4e05-b774-cdc6ae1a657c; https://www.klewenalp.ch/	Public Overture website; no usable Overture email. First-party public contact crawl required; no inference. Public business email recovered from first-party website; no inference.				overture:093ae5e9-16e1-4e05-b774-cdc6ae1a657c	klewenalp.ch	0416246600	ausflugsparadies klewenalp stockhuette	Beckenried	Switzerland	PERMISSIVE	domain:klewenalp.ch
	B	78	Altenmarkt im Pongau	Austria	Kesselgrubs Ferienwohnungen | Altenmarkt-Zauchensee | Ski amadé		vacation_rental_agent	Buchenweg 1	064525232								overture:381f2b94-731d-41bc-b237-3539698ab4e3	2026-08-15T14:16:16.296920Z		Canonical queue drain | fit B | GitHub MASTER dedupe passed	https://www.kesselgrub.at/hotelzimmer/ferienhaus-altenmarkt-salzburger-land.html	info@kesselgrub.at	https://booking.kesselgrub.at/Websline-ABM/Homepage/Booking/Index/de	https://www.instagram.com/ferienwelt.kesselgrub/	https://www.facebook.com/kesselgrub/		https://www.kesselgrub.at/en/rooms-prices/accommodation-prices				Medium	Recall-first	https://explore.overturemaps.org/#id=381f2b94-731d-41bc-b237-3539698ab4e3; https://www.kesselgrub.at/de/zimmer-preise/unterkuenfte-preise	Public Overture website; no usable Overture email. First-party public contact crawl required; no inference. Public business email recovered from first-party website; no inference.				overture:381f2b94-731d-41bc-b237-3539698ab4e3	kesselgrub.at	064525232	kesselgrubs ferienwohnungen altenmarkt zauchensee ski amade	Altenmarkt im Pongau	Austria	MEDIUM	domain:kesselgrub.at
	B	78	Одеса	UA	KADORR Hotel Resort and Spa		hotel	Французький бульвар, 66/3	+380503036636								overture:5ecfadf3-55ad-4655-a16f-b2823e59d0b3	2026-08-15T14:16:16.296920Z		Canonical queue drain | fit B | GitHub MASTER dedupe passed	https://www.kadorrhotels.com/	reservation@kadorrhotels.com		https://www.instagram.com/kadorr_hotel/	https://www.facebook.com/kadorrhotel/	https://api.whatsapp.com/send/?phone=380503330306&text&type=phone_number&app_absent=0	https://www.kadorrhotels.com/property-pages/properties-v1				High	Verified	https://explore.overturemaps.org/#id=5ecfadf3-55ad-4655-a16f-b2823e59d0b3; https://www.kadorrhotels.com/	Public Overture website; no usable Overture email. First-party public contact crawl required; no inference. Public business email recovered from first-party website; no inference.				overture:5ecfadf3-55ad-4655-a16f-b2823e59d0b3	kadorrhotels.com	380503036636	kadorr hotel resort and spa	Одеса	UA	HIGH	domain:kadorrhotels.com
	B	78	Holmes Beach	USA	Harrington House Beachfront Bed and Breakfast		hotel	5626 Gulf Dr	+19417785444								overture:435f9aec-d776-4b63-88c6-3660e553d209	2026-08-15T14:16:16.296920Z		Canonical queue drain | fit B | GitHub MASTER dedupe passed	http://www.IslandReal.com/	info@islandreal.com	https://www.islandreal.com/about-us	https://www.instagram.com/islandrealestateami/	https://www.facebook.com/islandreal/		https://islandreal.com/anna-maria-vacation-rentals				High	Verified	https://explore.overturemaps.org/#id=435f9aec-d776-4b63-88c6-3660e553d209; https://www.islandreal.com/; https://www.islandreal.com/about-us/annual-rentals	Public Overture website; no usable Overture email. First-party public contact crawl required; no inference. Public business email recovered from first-party website; no inference.				overture:435f9aec-d776-4b63-88c6-3660e553d209	islandreal.com	19417785444	harrington house beachfront bed and breakfast	Holmes Beach	USA	HIGH	domain:islandreal.com
	B	78	León	Spain	Inmobiliaria Ana Díaz		vacation_rental_agent	Calle Roa de la Vega, 12	987221155								overture:a64adfdf-44f3-467f-b18a-008b0bfaa891	2026-08-15T14:16:16.296920Z		Canonical queue drain | fit B | GitHub MASTER dedupe passed	http://www.inmobiliariaanadiaz.es/	inmo@inmobiliariaanadiaz.es	https://www.inmobiliariaanadiaz.es/contacto	https://www.instagram.com/inmobiliariaanadiaz/	https://www.facebook.com/InmobiliariaAnaDiaz/		https://www.inmobiliariaanadiaz.es/propiedades/casa-4-hab-villarrodrigo-de-las-regueras-casa-en-carretera-santander-1-1291508				High	Verified	https://explore.overturemaps.org/#id=a64adfdf-44f3-467f-b18a-008b0bfaa891; https://www.inmobiliariaanadiaz.es/	Public Overture website; no usable Overture email. First-party public contact crawl required; no inference. Public business email recovered from first-party website; no inference.				overture:a64adfdf-44f3-467f-b18a-008b0bfaa891	inmobiliariaanadiaz.es	987221155	inmobiliaria ana diaz	León	Spain	HIGH	domain:inmobiliariaanadiaz.es
	B	78	Zator	Poland	Boutique 62 by Housine		vacation_rental_agent	Jana Pawła II 13/62	696367477								overture:8fd1dda3-a1bc-4891-af83-86d91946bf1a	2026-08-15T14:16:16.296920Z		Canonical queue drain | fit B | GitHub MASTER dedupe passed	https://housine.pl/apartamenty/boutique-62	biuro@housine.pl	https://housine.pl/contact	https://www.instagram.com/housine.pl/	https://www.facebook.com/housinezator/		https://housine.pl/apartments-in-dolina-stawow				Medium	Recall-first	https://explore.overturemaps.org/#id=8fd1dda3-a1bc-4891-af83-86d91946bf1a; https://housine.pl/apartamenty/boutique-62	Public Overture website; no usable Overture email. First-party public contact crawl required; no inference. Public business email recovered from first-party website; no inference.				overture:8fd1dda3-a1bc-4891-af83-86d91946bf1a	housine.pl	696367477	boutique 62 by housine	Zator	Poland	MEDIUM	domain:housine.pl
	B	78	Venezia Mestre	Italy	Una Hotels Ecohotel Villa Costanza Venezia		resort	Via Monte Nero, 25	041932624								overture:57422c17-933e-4c8c-8b23-307270c5d828	2026-08-15T14:16:16.296920Z		Canonical queue drain | fit B | GitHub MASTER dedupe passed	https://www.hotelvillacostanza.com/	info@hotelvillacostanza.com	https://www.hotelvillacostanza.com/en/contacts/index.html		https://www.facebook.com/hotelvillacostanza/	https://api.whatsapp.com/send?phone=393661386039	https://www.hotelvillacostanza.com/en/				High	Verified	https://explore.overturemaps.org/#id=57422c17-933e-4c8c-8b23-307270c5d828; https://www.hotelvillacostanza.com/en/index.html	Public Overture website; no usable Overture email. First-party public contact crawl required; no inference. Public business email recovered from first-party website; no inference.				overture:57422c17-933e-4c8c-8b23-307270c5d828	hotelvillacostanza.com	041932624	una hotels ecohotel villa costanza venezia	Venezia Mestre	Italy	HIGH	domain:hotelvillacostanza.com
	B	78	Mogliano Veneto	Italy	Villa Condulmer Hotel & Restaurant		resort	Via Preganziol 1	0415972700								overture:75cf5521-e684-47c2-b335-e000d18859f1	2026-08-15T14:16:16.296920Z		Canonical queue drain | fit B | GitHub MASTER dedupe passed	http://www.hotelvillacondulmer.it/	info@hotelvillacondulmer.it	https://www.hotelvillacondulmer.it/wp-content/plugins/contact-form-7/includes/css/styles.css?ver=6.1.6	https://www.instagram.com/hotelvillacondulmer/	https://www.facebook.com/villa.condulmer.hotel.restaurant/		https://www.hotelvillacondulmer.it/en/				High	Verified	https://explore.overturemaps.org/#id=75cf5521-e684-47c2-b335-e000d18859f1; https://www.hotelvillacondulmer.it/	Public Overture website; no usable Overture email. First-party public contact crawl required; no inference. Public business email recovered from first-party website; no inference.				overture:75cf5521-e684-47c2-b335-e000d18859f1	hotelvillacondulmer.it	0415972700	villa condulmer hotel restaurant	Mogliano Veneto	Italy	HIGH	domain:hotelvillacondulmer.it
	B	78	Paris	France	Hôtel Eiffel Villa Garibaldi		hotel	48 Boulevard Garibaldi	+33156585658								overture:767ebb7f-c864-4393-8b01-2fc16261a184	2026-08-15T14:16:16.296920Z		Canonical queue drain | fit B | GitHub MASTER dedupe passed	http://www.hoteleiffelvillagaribaldi.com/		https://hoteleiffelvillagaribaldi.com/fr/page/contact-acces-hotel-eiffel-villa-garibaldi-paris.23118.html	https://www.instagram.com/hoteleiffel.villagaribaldi/	https://www.facebook.com/hoteleiffel.villagaribaldi/	https://wa.me/33143293150	https://hoteleiffelvillagaribaldi.com/fr/book.html				High	Verified	https://explore.overturemaps.org/#id=767ebb7f-c864-4393-8b01-2fc16261a184; https://www.hoteleiffelvillagaribaldi.com/	Public Overture website; no usable Overture email. First-party public contact crawl required; no inference.				overture:767ebb7f-c864-4393-8b01-2fc16261a184	hoteleiffelvillagaribaldi.com	33156585658	hotel eiffel villa garibaldi	Paris	France	HIGH	domain:hoteleiffelvillagaribaldi.com
	B	78	Marrakesh	Morocco	Tigmiza Boutique hôtel & Spa		hotel	Douar Laghribate - Bab Atlas Palmeraie	+212524393700								overture:4b60a7e0-178f-4626-bab8-042dfc0d695a	2026-08-15T14:16:16.296920Z		Canonical queue drain | fit B | GitHub MASTER dedupe passed	http://www.hotel-tigmiza-marrakech.com/	rh.tigmiza@gmail.com	http://www.hotel-tigmiza-marrakech.com/fr/contact-boutique-hotel-marrakech.html	https://www.instagram.com/tigmiza/	https://www.facebook.com/tigmiza.boutique.hotel.spa/		http://www.hotel-tigmiza-marrakech.com/fr/chambres-hotel-marrakech/les-villas-1-chambre.html				High	Verified	https://explore.overturemaps.org/#id=4b60a7e0-178f-4626-bab8-042dfc0d695a; http://www.hotel-tigmiza-marrakech.com/fr; http://www.hotel-tigmiza-marrakech.com/fr/contact-boutique-hotel-marrakech.html	Public Overture website; no usable Overture email. First-party public contact crawl required; no inference. Public business email recovered from first-party website; no inference.				overture:4b60a7e0-178f-4626-bab8-042dfc0d695a	hotel-tigmiza-marrakech.com	212524393700	tigmiza boutique hotel spa	Marrakesh	Morocco	HIGH	domain:hotel-tigmiza-marrakech.com
	B	78	Zürich	Switzerland	Boutique Hotel Kronenhof mit Event Location Kronensaal, Zürich Affoltern		resort	Wehntalerstrasse 551	0432992030								overture:9eeb697b-fda7-4af5-b982-eaf2d9debb33	2026-08-15T14:16:16.296920Z		Canonical queue drain | fit B | GitHub MASTER dedupe passed	http://www.hotel-kronenhof.ch/	info@hotel-kronenhof.ch	https://hotel-kronenhof.ch/contact	https://www.instagram.com/hotelkronenhof/	https://www.facebook.com/Hotel-Kronenhof-129348540448503/		https://hotel-kronenhof.ch/rooms				Medium	Recall-first	https://explore.overturemaps.org/#id=9eeb697b-fda7-4af5-b982-eaf2d9debb33; https://hotel-kronenhof.ch/	Public Overture website; no usable Overture email. First-party public contact crawl required; no inference. Public business email recovered from first-party website; no inference.				overture:9eeb697b-fda7-4af5-b982-eaf2d9debb33	hotel-kronenhof.ch	0432992030	boutique hotel kronenhof mit event location kronensaal zurich affoltern	Zürich	Switzerland	MEDIUM	domain:hotel-kronenhof.ch
	B	78	Nauders	Austria	Arabella Retreat & Spa		hotel	Nauders 355	+43547387480								overture:b6f603dd-ea78-4343-8c51-9299fe960bd3	2026-08-15T14:16:16.296920Z		Canonical queue drain | fit B | GitHub MASTER dedupe passed	https://www.hotel-arabella.com/		https://www.hotel-arabella.com/	https://www.instagram.com/arabellaretreat/	https://www.facebook.com/arabellaretreat/	https://wa.me/43547387480	https://www.hotel-arabella.com/de/apartments/				High	Verified	https://explore.overturemaps.org/#id=b6f603dd-ea78-4343-8c51-9299fe960bd3; https://www.hotel-arabella.com/	Public Overture website; no usable Overture email. First-party public contact crawl required; no inference.				overture:b6f603dd-ea78-4343-8c51-9299fe960bd3	hotel-arabella.com	43547387480	arabella retreat spa	Nauders	Austria	HIGH	domain:hotel-arabella.com
	B	78	Budapest	Hungary	Hóbarátok Sport Egyesület Síiskola		ski_resort	Óceánárok utca, Szilas Park	06 20 669 0145								overture:57d5c610-3d4a-4110-864b-dd1df455019e	2026-08-15T14:16:16.296920Z		Canonical queue drain | fit B | GitHub MASTER dedupe passed	http://hobaratok.hu	info@hobaratok.hu	https://hobaratok.hu/about/	https://www.instagram.com/hobaratokse/	https://www.facebook.com/hobaratok/		https://hobaratok.hu/wp-content/plugins/custom-facebook-feed-pro/assets/css/cff-style.min.css?ver=4.5				Permissive	Qualification	https://explore.overturemaps.org/#id=57d5c610-3d4a-4110-864b-dd1df455019e; https://hobaratok.hu/	Public Overture website; no usable Overture email. First-party public contact crawl required; no inference. Public business email recovered from first-party website; no inference.				overture:57d5c610-3d4a-4110-864b-dd1df455019e	hobaratok.hu	06206690145	hobaratok sport egyesulet siiskola	Budapest	Hungary	PERMISSIVE	domain:hobaratok.hu
	B	78	Dorfgastein	Austria	Hauserbauer's Gipflstadl		ski_resort		0664 3346778								overture:d238109f-8852-456f-98b1-3bb8f837cd67	2026-08-15T14:16:16.296920Z		Canonical queue drain | fit B | GitHub MASTER dedupe passed	https://www.hauserbauer.com	info@hauserbauer.com	https://www.hauserbauer.com/online-booking.html	https://www.instagram.com/berghotel_hauserbauer/	https://www.facebook.com/hauserbauer/		https://www.hauserbauer.com/online-booking.html				Medium	Recall-first	https://explore.overturemaps.org/#id=d238109f-8852-456f-98b1-3bb8f837cd67; https://www.hauserbauer.com/; https://www.hauserbauer.com	Public Overture website; no usable Overture email. First-party public contact crawl required; no inference. Public business email recovered from first-party website; no inference.				overture:d238109f-8852-456f-98b1-3bb8f837cd67	hauserbauer.com	06643346778	hauserbauer s gipflstadl	Dorfgastein	Austria	MEDIUM	domain:hauserbauer.com
	B	78	Cocoa Beach	USA	Happy Palm Stays (Stay in Cocoa Beach)		vacation_rental_agent	5300 Ocean Beach Blvd	3219004311								overture:761747f9-c958-4437-ba11-8e5c04508a69	2026-08-15T14:16:16.296920Z		Canonical queue drain | fit B | GitHub MASTER dedupe passed	https://www.happypalmstays.com/	reservations@happypalmstays.com	https://www.happypalmstays.com/contact-us/	https://www.instagram.com/happypalmstays/	https://www.facebook.com/happypalmstays/		https://www.happypalmstays.com/vacation-rentals/communities/flores-ocean-suites/				High	Verified	https://explore.overturemaps.org/#id=761747f9-c958-4437-ba11-8e5c04508a69; https://www.happypalmstays.com/; https://www.happypalmstays.com/contact-us/	Public Overture website; no usable Overture email. First-party public contact crawl required; no inference. Public business email recovered from first-party website; no inference.				overture:761747f9-c958-4437-ba11-8e5c04508a69	happypalmstays.com	3219004311	happy palm stays stay in cocoa beach	Cocoa Beach	USA	HIGH	domain:happypalmstays.com
	B	78	Grindelwald	Switzerland	Grindelwald		ski_resort		+41338541212								overture:c71a2681-51a3-4e22-b440-1d0da89a5ad5	2026-08-15T14:16:16.296920Z		Canonical queue drain | fit B | GitHub MASTER dedupe passed	http://www.grindelwald.swiss	info@grindelwald.swiss		https://www.instagram.com/grindelwald_eiger/	https://www.facebook.com/Grindelwald.ch/	https://www.whatsapp.com/channel/0029VbCPOZj7IUYScJGva92n	https://grindelwald.swiss/de/entdecken/unterkuenfte.html?view=card&page=1&sorting=default&distance=3km&categories_4772=grindelwald_GroupAccommodation				Medium	Recall-first	https://explore.overturemaps.org/#id=c71a2681-51a3-4e22-b440-1d0da89a5ad5; https://grindelwald.swiss/de/	Public Overture website; no usable Overture email. First-party public contact crawl required; no inference. Public business email recovered from first-party website; no inference.				overture:c71a2681-51a3-4e22-b440-1d0da89a5ad5	grindelwald.swiss	41338541212	grindelwald	Grindelwald	Switzerland	MEDIUM	domain:grindelwald.swiss
	B	78	Gstaad	Switzerland	Le Grand Chalet		resort	Neueretstrasse 43	0337487676								overture:d3c2eb6b-ee1e-4cb1-8a29-60b0e16d1952	2026-08-15T14:16:16.296920Z		Canonical queue drain | fit B | GitHub MASTER dedupe passed	http://www.grandchalet.ch/	hotel@grandchalet.ch	https://www.grandchalet.ch/fr/contact/	https://www.instagram.com/legrandchaletgstaad/	https://www.facebook.com/Hotel-Le-Grand-Chalet-186510968033331/		https://www.grandchalet.ch/wp-content/plugins/3d-flipbook-dflip-lite/assets/css/dflip.min.css?ver=2.4.28				High	Verified	https://explore.overturemaps.org/#id=d3c2eb6b-ee1e-4cb1-8a29-60b0e16d1952; https://www.grandchalet.ch/fr/	Public Overture website; no usable Overture email. First-party public contact crawl required; no inference. Public business email recovered from first-party website; no inference.				overture:d3c2eb6b-ee1e-4cb1-8a29-60b0e16d1952	grandchalet.ch	0337487676	le grand chalet	Gstaad	Switzerland	HIGH	domain:grandchalet.ch
	B	78	Tagliolo Monferrato	Italy	La Gazzeri Residence & Country House		hotel	Località Cascina Gazzeri 51A	0143 187 0009								overture:51436c37-775b-4aed-b413-1e02f4096138	2026-08-15T14:16:16.296920Z		Canonical queue drain | fit B | GitHub MASTER dedupe passed	http://www.gazzerimonferrato.it	info@gazzerimonferrato.it	https://www.gazzerimonferrato.it/contact	https://www.instagram.com/cascinagazzeri/	https://www.facebook.com/lagazzeri/	https://wa.me/393519804878					Medium	Recall-first	https://explore.overturemaps.org/#id=51436c37-775b-4aed-b413-1e02f4096138; https://www.gazzerimonferrato.it/	Public Overture website; no usable Overture email. First-party public contact crawl required; no inference. Public business email recovered from first-party website; no inference.				overture:51436c37-775b-4aed-b413-1e02f4096138	gazzerimonferrato.it	01431870009	la gazzeri residence country house	Tagliolo Monferrato	Italy	MEDIUM	domain:gazzerimonferrato.it
	B	78	Santa Cristina Valgardena	Italy	Boutique & Fashion Hotel Maciaconi - Gardenahotels		resort	Strada Plan da Tieja, 10	0471793500								overture:bc9cb3ae-c78b-4b8b-9409-6c70243a745a	2026-08-15T14:16:16.296920Z		Canonical queue drain | fit B | GitHub MASTER dedupe passed	https://www.gardenahotels.com/it/hotel-maciaconi/hotel/	medel@gardenahotels.com	https://www.gardenahotels.com/contact/	https://www.instagram.com/gardenahotels/		https://api.whatsapp.com/send?phone=390471793500	https://www.gardenahotels.com/it/hotel-maciaconi/hotel/it/apartments-suites-hotel-garden/hotel/				High	Verified	https://explore.overturemaps.org/#id=bc9cb3ae-c78b-4b8b-9409-6c70243a745a; https://www.gardenahotels.com/it/hotel-maciaconi/hotel/	Public Overture website; no usable Overture email. First-party public contact crawl required; no inference. Public business email recovered from first-party website; no inference.				overture:bc9cb3ae-c78b-4b8b-9409-6c70243a745a	gardenahotels.com	0471793500	boutique fashion hotel maciaconi gardenahotels	Santa Cristina Valgardena	Italy	HIGH	domain:gardenahotels.com
	B	78	Budapest	Hungary	Freeride Club Sí és Snowboard Iskola		ski_resort	Vöcsök u.	06 70 949 9565								overture:4c7334d0-eb75-4a84-bc0e-d5a9ece24790	2026-08-15T14:16:16.296920Z		Canonical queue drain | fit B | GitHub MASTER dedupe passed	http://www.freerideclub.hu	info@freerideclub.hu	https://www.freerideclub.hu/wp-content/plugins/contact-form-7/includes/css/styles.css?ver=6.1.6	https://www.instagram.com/freerideclub/	https://www.facebook.com/FreeRideClub1/events/		https://www.freerideclub.hu/wp-content/plugins/xt-facebook-events/assets/css/grid_style2.css?ver=2.0.0				Permissive	Qualification	https://explore.overturemaps.org/#id=4c7334d0-eb75-4a84-bc0e-d5a9ece24790; https://www.freerideclub.hu/	Public Overture website; no usable Overture email. First-party public contact crawl required; no inference. Public business email recovered from first-party website; no inference.				overture:4c7334d0-eb75-4a84-bc0e-d5a9ece24790	freerideclub.hu	06709499565	freeride club si es snowboard iskola	Budapest	Hungary	PERMISSIVE	domain:freerideclub.hu
	B	78	Fort Lauderdale	USA	Fort Lauderdale Stays		vacation_rental_agent	1706 NE 19th St	7547015660								overture:46920c72-f6a8-4ebd-bcf5-e2d3acffe16e	2026-08-15T14:16:16.296920Z		Canonical queue drain | fit B | GitHub MASTER dedupe passed	https://www.fortlauderdalestays.com/	info@fortlauderdalestays.com	https://www.fortlauderdalestays.com/contact-us/	https://www.instagram.com/fortlauderdalestays/	https://www.facebook.com/fortlauderdalestays/		https://www.fortlauderdalestays.com/vacation-rentals				High	Verified	https://explore.overturemaps.org/#id=46920c72-f6a8-4ebd-bcf5-e2d3acffe16e; https://www.fortlauderdalestays.com/	Public Overture website; no usable Overture email. First-party public contact crawl required; no inference. Public business email recovered from first-party website; no inference.				overture:46920c72-f6a8-4ebd-bcf5-e2d3acffe16e	fortlauderdalestays.com	7547015660	fort lauderdale stays	Fort Lauderdale	USA	HIGH	domain:fortlauderdalestays.com
	B	78	New Smyrna Beach	USA	Florida Vacay Rentals		vacation_rental_agent	5301 S Atlantic Ave	3212217611								overture:a4f6589f-909c-40ad-ac44-7e7ca8e9d5a0	2026-08-15T14:16:16.296920Z		Canonical queue drain | fit B | GitHub MASTER dedupe passed	https://www.floridavacayrentals.com/	info@floridavacayrentals.com	https://floridavacayrentals.com/contact-us/	https://www.instagram.com/FloridaVacayRentals/	https://www.facebook.com/FloridaVacayRentals/		https://floridavacayrentals.com/monthly-vacation-rentals/				High	Verified	https://explore.overturemaps.org/#id=a4f6589f-909c-40ad-ac44-7e7ca8e9d5a0; https://floridavacayrentals.com/; https://floridavacayrentals.com/contact-us/	Public Overture website; no usable Overture email. First-party public contact crawl required; no inference. Public business email recovered from first-party website; no inference.				overture:a4f6589f-909c-40ad-ac44-7e7ca8e9d5a0	floridavacayrentals.com	3212217611	florida vacay rentals	New Smyrna Beach	USA	HIGH	domain:floridavacayrentals.com
	B	78	Windermere	USA	Florida Ski School		ski_resort	10900 Chase Rd	+14074975550								overture:7d900c7b-85f0-41c7-a82e-258c86724f10	2026-08-15T14:16:16.296920Z		Canonical queue drain | fit B | GitHub MASTER dedupe passed	http://www.floridaskischool.com/	floridaskischool@gmail.com	https://www.floridaskischool.com/contact	https://www.instagram.com/floridaskischool/	https://www.facebook.com/pages/Franck-Desboyaux-Official/275322519144752/		https://www.floridaskischool.com/online-bookings				Medium	Recall-first	https://explore.overturemaps.org/#id=7d900c7b-85f0-41c7-a82e-258c86724f10; https://www.floridaskischool.com/	Public Overture website; no usable Overture email. First-party public contact crawl required; no inference. Public business email recovered from first-party website; no inference.				overture:7d900c7b-85f0-41c7-a82e-258c86724f10	floridaskischool.com	14074975550	florida ski school	Windermere	USA	MEDIUM	domain:floridaskischool.com
	B	78	Saas Fee	Switzerland	Waldhotel Fletschhorn - Panoramic Retreat in Saas Fee		vacation_rental_agent	Wildistrasse 101	0279572131								overture:8e274502-a3f0-4f0f-8399-76b353aafab1	2026-08-15T14:16:16.296920Z		Canonical queue drain | fit B | GitHub MASTER dedupe passed	https://www.fletschhorn.ch/	booking@fletschhorn.ch	https://www.fletschhorn.ch/about-us	https://www.instagram.com/fletschhornsaasfee/	https://www.facebook.com/waldhotelfletschhornsaasfee/		https://www.fletschhorn.ch/booking				High	Verified	https://explore.overturemaps.org/#id=8e274502-a3f0-4f0f-8399-76b353aafab1; https://www.fletschhorn.ch/	Public Overture website; no usable Overture email. First-party public contact crawl required; no inference. Public business email recovered from first-party website; no inference.				overture:8e274502-a3f0-4f0f-8399-76b353aafab1	fletschhorn.ch	0279572131	waldhotel fletschhorn panoramic retreat in saas fee	Saas Fee	Switzerland	HIGH	domain:fletschhorn.ch
	B	78	Kissimmee	USA	Orange Lake Resort North Village		resort	8505 W Irlo Bronson Memorial Hwy	+14074777025								overture:e8f20417-d232-4dfc-8fa1-2ee6702dc743	2026-08-15T14:16:16.296920Z		Canonical queue drain | fit B | GitHub MASTER dedupe passed	https://www.findamericanrentals.com/kissimmee-house/p107771	support@findamericanrentals.com	https://www.findamericanrentals.com/enquiry-send	https://www.instagram.com/findamericanrentals/	https://www.facebook.com/FindAmericanRentals/		https://www.findamericanrentals.com/vacation-rentals/sales				High	Verified	https://explore.overturemaps.org/#id=e8f20417-d232-4dfc-8fa1-2ee6702dc743; https://www.findamericanrentals.com/kissimmee-house/p107771	Public Overture website; no usable Overture email. First-party public contact crawl required; no inference. Public business email recovered from first-party website; no inference.				overture:e8f20417-d232-4dfc-8fa1-2ee6702dc743	findamericanrentals.com	14074777025	orange lake resort north village	Kissimmee	USA	HIGH	domain:findamericanrentals.com
	B	78	Leisach	Austria	fil HOME		vacation_rental_agent	Haus 33	06503340221								overture:d20b09c0-3209-4d70-a7f3-bd94460e38d0	2026-08-15T14:16:16.296920Z		Canonical queue drain | fit B | GitHub MASTER dedupe passed	http://www.fil-home.at/	info@fil-home.at	https://fil-home.at/de/	https://www.instagram.com/fil.home.apartments/	https://www.facebook.com/fil.home.apartment/		https://fil-home.at/de/apartments				Permissive	Qualification	https://explore.overturemaps.org/#id=d20b09c0-3209-4d70-a7f3-bd94460e38d0; https://fil-home.at/de/	Public Overture website; no usable Overture email. First-party public contact crawl required; no inference. Public business email recovered from first-party website; no inference.				overture:d20b09c0-3209-4d70-a7f3-bd94460e38d0	fil-home.at	06503340221	fil home	Leisach	Austria	PERMISSIVE	domain:fil-home.at
	B	78	Arosa	Switzerland	Hotel Altein a Faern Collection Resort		hotel	Alteinstrasse 33	+41813788686								overture:de07fe1d-c36d-49e4-a285-55c4a645a14e	2026-08-15T14:16:16.296920Z		Canonical queue drain | fit B | GitHub MASTER dedupe passed	https://faernresorts.com/arosa/	hello@faernresorts.com	https://www.faernresorts.com/arosa/contact-access	https://www.instagram.com/faernresorts/	https://www.facebook.com/faernresorts/		https://www.faernresorts.com/arosa/rooms				High	Verified	https://explore.overturemaps.org/#id=de07fe1d-c36d-49e4-a285-55c4a645a14e; https://www.faernresorts.com/arosa	Public Overture website; no usable Overture email. First-party public contact crawl required; no inference. Public business email recovered from first-party website; no inference.				overture:de07fe1d-c36d-49e4-a285-55c4a645a14e	faernresorts.com	41813788686	hotel altein a faern collection resort	Arosa	Switzerland	HIGH	domain:faernresorts.com
	B	78	Verbier	Switzerland	Le Restaurant Experimental Chalet Verbier		resort	Route de Verbier Station 55	0277754000								overture:8650252a-b3b8-4f17-b1f8-4ab8f9ef1701	2026-08-15T14:16:16.296920Z		Canonical queue drain | fit B | GitHub MASTER dedupe passed	https://experimentalchalet.com/restaurant-bar	info@experimentalchalet.com	https://www.experimentalchalet.com/contact	https://www.instagram.com/experimentalchaletverbier/		https://api.whatsapp.com/send?phone=41798077358	https://www.experimentalchalet.com/rooms				High	Verified	https://explore.overturemaps.org/#id=8650252a-b3b8-4f17-b1f8-4ab8f9ef1701; https://www.experimentalchalet.com/restaurant-bar; https://www.experimentalchalet.com/contact	Public Overture website; no usable Overture email. First-party public contact crawl required; no inference. Public business email recovered from first-party website; no inference.				overture:8650252a-b3b8-4f17-b1f8-4ab8f9ef1701	experimentalchalet.com	0277754000	le restaurant experimental chalet verbier	Verbier	Switzerland	HIGH	domain:experimentalchalet.com
	B	78	Saalbach	Austria	Hotel eva, VILLAGE		resort	Oberdorf 218	065416262								overture:49035bfa-bf2d-4cf2-89b5-7fbf43738bc5	2026-08-15T14:16:16.296920Z		Canonical queue drain | fit B | GitHub MASTER dedupe passed	https://www.evahotels.com/	info@evahotels.com	https://booking-village.evahotels.com/?language=de&activeBookingEngine=KBE&propertyCode=AT_SAAL_EVAVILLA¤cyCode=EUR&priceType=withTaxesAndFees&priceTimeBase=stay&coupon=&showDemoProperties=&utm_source=eva&utm_medium=ENL&utm_campaign=eva_ENL_DE_Autokomm_FUP_Overlay_allgemein&utm_content=sommer&subid=&checkin=2026-02-12&checkout=2026-02-19&skd-checkin=2026-03-25&skd-checkout=2026-04-01&skd-language-code=de&skd-currency-code=EUR&skd-promotion-code=WI10&skd-property-code=AT_SAAL_EVAVILLA&skd-price-type=withTaxesAndFees&skd-time-price-base=stay&show-demo-properties=&adult_room1=2	https://www.instagram.com/evahotels_saalbach/	https://www.facebook.com/eva.hotels/		https://www.evahotels.com/village				High	Verified	https://explore.overturemaps.org/#id=49035bfa-bf2d-4cf2-89b5-7fbf43738bc5; https://www.evahotels.com/	Public Overture website; no usable Overture email. First-party public contact crawl required; no inference. Public business email recovered from first-party website; no inference.				overture:49035bfa-bf2d-4cf2-89b5-7fbf43738bc5	evahotels.com	065416262	hotel eva village	Saalbach	Austria	HIGH	domain:evahotels.com
	B	78	Madrid	Spain	REMAX		vacation_rental_agent	Avenida del Doctor García Tapia 216	911610665								overture:acf3873c-3289-4ae2-a3eb-9a66e9ad954d	2026-08-15T14:16:16.296920Z		Canonical queue drain | fit B | GitHub MASTER dedupe passed	https://www.evademiguel.com/	info@evademiguel.com	https://www.evademiguel.com/contacto/	https://www.instagram.com/evademiguel_inmobiliaria/	https://www.facebook.com/eva.miguelencinas/	https://api.whatsapp.com/send?phone=+34123456789					Permissive	Qualification	https://explore.overturemaps.org/#id=acf3873c-3289-4ae2-a3eb-9a66e9ad954d; https://www.evademiguel.com/	Public Overture website; no usable Overture email. First-party public contact crawl required; no inference. Public business email recovered from first-party website; no inference.				overture:acf3873c-3289-4ae2-a3eb-9a66e9ad954d	evademiguel.com	911610665	remax	Madrid	Spain	PERMISSIVE	domain:evademiguel.com
	B	78	Kissimmee	USA	Ette Luxury Hotel & Spa		hotel	3001 Sherberth Rd	(407) 288-1900								overture:9713c25a-3f35-4166-a10d-9f9f7ef11378	2026-08-15T14:16:16.296920Z		Canonical queue drain | fit B | GitHub MASTER dedupe passed	https://www.ettehotels.com	atyourservice@ettehotels.com	https://ettehotels.com/#about	https://www.instagram.com/ettehotel/	https://www.facebook.com/ettehotel/		https://ettehotels.com/rooms/				High	Verified	https://explore.overturemaps.org/#id=9713c25a-3f35-4166-a10d-9f9f7ef11378; https://ettehotels.com/	Public Overture website; no usable Overture email. First-party public contact crawl required; no inference. Public business email recovered from first-party website; no inference.				overture:9713c25a-3f35-4166-a10d-9f9f7ef11378	ettehotels.com	4072881900	ette luxury hotel spa	Kissimmee	USA	HIGH	domain:ettehotels.com
	B	78	Frutigen	Switzerland	Metschalp		ski_resort	Höchst	+41336714434								overture:77d4a686-62b4-4e77-a495-fe937c9d7b00	2026-08-15T14:16:16.296920Z		Canonical queue drain | fit B | GitHub MASTER dedupe passed	http://www.elsigen-metsch.ch	info@elsigen-metsch.ch	https://elsigen-metsch.ch/wp-content/plugins/contact-form-7/includes/css/styles.css?ver=6.0	https://www.instagram.com/elsigenmetsch/	https://www.facebook.com/elsigen.metsch/		https://elsigen-metsch.ch/homesommer				Permissive	Qualification	https://explore.overturemaps.org/#id=77d4a686-62b4-4e77-a495-fe937c9d7b00; https://elsigen-metsch.ch/	Public Overture website; no usable Overture email. First-party public contact crawl required; no inference. Public business email recovered from first-party website; no inference.				overture:77d4a686-62b4-4e77-a495-fe937c9d7b00	elsigen-metsch.ch	41336714434	metschalp	Frutigen	Switzerland	PERMISSIVE	domain:elsigen-metsch.ch
	B	78	Villars-sur-Glâne	Switzerland	Domaine Notre-Dame de la Route Swiss Lodge		resort	Chemin des Eaux-Vives 17	0264097500								overture:c082483c-811e-45ab-82b9-7f7d7e566fac	2026-08-15T14:16:16.296920Z		Canonical queue drain | fit B | GitHub MASTER dedupe passed	http://www.domaine-ndr.ch/	info@domaine-ndr.ch	https://www.domaine-ndr.ch/contact/	https://www.instagram.com/domainendr/	https://www.facebook.com/DomaineNDR/		https://www.domaine-ndr.ch/agenda/programmation-jesuites/				High	Verified	https://explore.overturemaps.org/#id=c082483c-811e-45ab-82b9-7f7d7e566fac; https://www.domaine-ndr.ch/	Public Overture website; no usable Overture email. First-party public contact crawl required; no inference. Public business email recovered from first-party website; no inference.				overture:c082483c-811e-45ab-82b9-7f7d7e566fac	domaine-ndr.ch	0264097500	domaine notre dame de la route swiss lodge	Villars-sur-Glâne	Switzerland	HIGH	domain:domaine-ndr.ch
	B	78	Labin	Croatia	𝗩𝗶𝗹𝗹𝗮 𝗗𝗘𝗘𝗣 𝗕𝗟𝗨𝗘		hotel	Breg Ivanovci 34B	+385912543693								overture:ebfa0018-87f8-4fd5-b0fb-ca229d9887a6	2026-08-15T14:16:16.296920Z		Canonical queue drain | fit B | GitHub MASTER dedupe passed	https://crovillas.com/en/villa/deep-blue	info@crovillas.com	https://crovillas.com/_nuxt/BookingFormPrices.DaScARA7.css	https://www.instagram.com/crovillas/	https://www.facebook.com/Crovillas.de/		https://crovillas.com/villa/deep-blue				Permissive	Qualification	https://explore.overturemaps.org/#id=ebfa0018-87f8-4fd5-b0fb-ca229d9887a6; https://crovillas.com/en/villa/deep-blue	Public Overture website; no usable Overture email. First-party public contact crawl required; no inference. Public business email recovered from first-party website; no inference.				overture:ebfa0018-87f8-4fd5-b0fb-ca229d9887a6	crovillas.com	385912543693	villa deep blue	Labin	Croatia	PERMISSIVE	domain:crovillas.com
	B	78	Colà	Italy	Residence Corte San Carlo		resort	Via Malcanton, 30	0456490241								overture:829c7fba-b2f6-410c-9e24-0ddcda421460	2026-08-15T14:16:16.296920Z		Canonical queue drain | fit B | GitHub MASTER dedupe passed	http://www.cortesancarlo.it/	info@cortesancarlo.it	https://cortesancarlo.it	https://www.instagram.com/residencecortesancarlo/	https://www.facebook.com/cortesancarlo/	https://wa.me/393283757154					High	Verified	https://explore.overturemaps.org/#id=829c7fba-b2f6-410c-9e24-0ddcda421460; https://cortesancarlo.it/	Public Overture website; no usable Overture email. First-party public contact crawl required; no inference. Public business email recovered from first-party website; no inference.				overture:829c7fba-b2f6-410c-9e24-0ddcda421460	cortesancarlo.it	0456490241	residence corte san carlo	Colà	Italy	HIGH	domain:cortesancarlo.it
	B	78	Huez	France	Club Med		ski_resort	Rte de l'Altiport	+33476797570								overture:7fd86bef-6abc-4d74-9674-ead8aa05cd16	2026-08-15T14:16:16.296920Z		Canonical queue drain | fit B | GitHub MASTER dedupe passed	https://www.clubmed.fr/r/Alpe-d'Huez/w?departure_city=NO		https://www.clubmed.fr/l/nous-contacter	https://www.instagram.com/clubmed/	https://www.facebook.com/ClubMedFrance/	https://api.whatsapp.com/send?phone=33170670290	https://www.clubmed.fr/l/villas-chalets				High	Verified	https://explore.overturemaps.org/#id=7fd86bef-6abc-4d74-9674-ead8aa05cd16; https://www.clubmed.fr/l/ski-tout-compris?departure_city=NO	Public Overture website; no usable Overture email. First-party public contact crawl required; no inference.				overture:7fd86bef-6abc-4d74-9674-ead8aa05cd16	clubmed.fr	33476797570	club med	Huez	France	HIGH	domain:clubmed.fr
	B	78	Frasdorf	Germany	Chiemsee Chalet		resort	Sagberg 2	08052620								overture:6dec11e5-14b3-4e3f-9c8b-6478c8ea921c	2026-08-15T14:16:16.296920Z		Canonical queue drain | fit B | GitHub MASTER dedupe passed	https://chiemsee-chalet.de/	info@chiemsee-chalet.de	https://chiemsee-chalet.de/en/contact/	https://www.instagram.com/chiemsee_chalet/	https://www.facebook.com/chiemseechalet/		https://chiemsee-chalet.de/wp-content/plugins/eagle-booking/assets/css/eb.css?ver=1.3.4.3				High	Verified	https://explore.overturemaps.org/#id=6dec11e5-14b3-4e3f-9c8b-6478c8ea921c; https://chiemsee-chalet.de/	Public Overture website; no usable Overture email. First-party public contact crawl required; no inference. Public business email recovered from first-party website; no inference.				overture:6dec11e5-14b3-4e3f-9c8b-6478c8ea921c	chiemsee-chalet.de	08052620	chiemsee chalet	Frasdorf	Germany	HIGH	domain:chiemsee-chalet.de
	B	78	Chamonix-Mont-Blanc	France	Chamonix, Mont Blanc 3842M		ski_resort	Avenue Michel Croz									overture:0f72f3d4-2566-4232-aab7-4c3f1119d6cf	2026-08-15T14:16:16.296920Z		Canonical queue drain | fit B | GitHub MASTER dedupe passed	http://www.chamonix.com	booking@chamonix.com	https://booking.chamonix.com/fr/	https://www.instagram.com/chamonixmontblanc/	https://www.facebook.com/ChamonixMontBlanc/	https://wa.me/33613209998	https://booking.chamonix.com/nos-destinations/chamonix-mont-blanc				High	Verified	https://explore.overturemaps.org/#id=0f72f3d4-2566-4232-aab7-4c3f1119d6cf; https://www.chamonix.com/; https://booking.chamonix.com/fr/	Public Overture website; no usable Overture email. First-party public contact crawl required; no inference. Public business email recovered from first-party website; no inference.				overture:0f72f3d4-2566-4232-aab7-4c3f1119d6cf	chamonix.com		chamonix mont blanc 3842m	Chamonix-Mont-Blanc	France	HIGH	domain:chamonix.com
	B	78	Schnalstal	Italy	Hotel & Chalets Edelweiss		resort	Vernagt am See 78	0473669633								overture:a6e79907-9464-4444-a299-c2adebb90671	2026-08-15T14:16:16.296920Z		Canonical queue drain | fit B | GitHub MASTER dedupe passed	https://www.chalets-edelweiss.it/?utm_source=bing&utm_medium=organic&utm_campaign=bing_places&utm_term=hotel	info@chalets-edelweiss.it	https://www.chalets-edelweiss.it/en/booking	https://www.instagram.com/hotel_chalets_edelweiss/	https://www.facebook.com/HotelChaletsEdelweiss/		https://www.chalets-edelweiss.it/de				High	Verified	https://explore.overturemaps.org/#id=a6e79907-9464-4444-a299-c2adebb90671; https://www.chalets-edelweiss.it/de	Public Overture website; no usable Overture email. First-party public contact crawl required; no inference. Public business email recovered from first-party website; no inference.				overture:a6e79907-9464-4444-a299-c2adebb90671	chalets-edelweiss.it	0473669633	hotel chalets edelweiss	Schnalstal	Italy	HIGH	domain:chalets-edelweiss.it
	B	78	Péone	France	Chalet Marano		hotel	Lieu-dit La Charrière	+33661815840								overture:01ee0f4f-d4c0-4c34-acdb-53268ea664bc	2026-08-15T14:16:16.296920Z		Canonical queue drain | fit B | GitHub MASTER dedupe passed	http://www.chaletmarano.com	reception@chaletmarano.com	https://www.chaletmarano.com/contactacces/	https://www.instagram.com/chaletmarano/	https://www.facebook.com/chaletmarano/		https://www.chaletmarano.com/suites/				High	Verified	https://explore.overturemaps.org/#id=01ee0f4f-d4c0-4c34-acdb-53268ea664bc; https://www.chaletmarano.com/	Public Overture website; no usable Overture email. First-party public contact crawl required; no inference. Public business email recovered from first-party website; no inference.				overture:01ee0f4f-d4c0-4c34-acdb-53268ea664bc	chaletmarano.com	33661815840	chalet marano	Péone	France	HIGH	domain:chaletmarano.com
	B	78	Tignes	France	CGH Résidences & Spa - Le Jhana		ski_resort	Rue du Val Claret	+33479094575								overture:48815dee-8549-4b12-95c9-00f22e7b8400	2026-08-15T14:16:16.296920Z		Canonical queue drain | fit B | GitHub MASTER dedupe passed	http://www.cgh-residences.com/hiver/residences/tignes.html	contact@cgh-residences.com	https://www.cgh-residences.com/contact	https://www.instagram.com/cghresidences/	https://www.facebook.com/cghresidences/		https://www.cgh-residences.com/chalets				High	Verified	https://explore.overturemaps.org/#id=48815dee-8549-4b12-95c9-00f22e7b8400; https://www.cgh-residences.com/hiver/stations/tignes-22	Public Overture website; no usable Overture email. First-party public contact crawl required; no inference. Public business email recovered from first-party website; no inference.				overture:48815dee-8549-4b12-95c9-00f22e7b8400	cgh-residences.com	33479094575	cgh residences spa le jhana	Tignes	France	HIGH	domain:cgh-residences.com
	B	78	Saint-Sigismond	France	Centre Nordique d'Agy		ski_resort	3597 Route d'Agy	+33450342753								overture:8648efce-2900-4525-9657-e43f6466e05e	2026-08-15T14:16:16.296920Z		Canonical queue drain | fit B | GitHub MASTER dedupe passed	http://centrenordiqueagy.com/	accueil@centrenordiqueagy.com	https://www.centrenordiqueagy.com/infos-pratiques/	https://www.instagram.com/centrenordiqueagy/	https://www.facebook.com/CentreNordiqueDAgy/		https://www.centrenordiqueagy.com/wp-content/plugins/booking/css/client.css?ver=11.4.3				High	Verified	https://explore.overturemaps.org/#id=8648efce-2900-4525-9657-e43f6466e05e; https://www.centrenordiqueagy.com/	Public Overture website; no usable Overture email. First-party public contact crawl required; no inference. Public business email recovered from first-party website; no inference.				overture:8648efce-2900-4525-9657-e43f6466e05e	centrenordiqueagy.com	33450342753	centre nordique d agy	Saint-Sigismond	France	HIGH	domain:centrenordiqueagy.com
	B	78	Calamandrana	Italy	Villa Adelaide Relais & Wine		resort	Via Giuseppe Avalle, 12	+393209037373								overture:9d318458-dcf6-48bd-ae6d-4bf3ee642e7d	2026-08-15T14:16:16.296920Z		Canonical queue drain | fit B | GitHub MASTER dedupe passed	http://www.cantineadelaide.it/	info@cantineadelaide.it	https://www.cantineadelaide.it/contact	https://www.instagram.com/cantine_macri/	https://www.facebook.com/cantinemacri/		https://www.cantineadelaide.it/it/villa-adelaide				High	Verified	https://explore.overturemaps.org/#id=9d318458-dcf6-48bd-ae6d-4bf3ee642e7d; https://www.cantineadelaide.it/	Public Overture website; no usable Overture email. First-party public contact crawl required; no inference. Public business email recovered from first-party website; no inference.				overture:9d318458-dcf6-48bd-ae6d-4bf3ee642e7d	cantineadelaide.it	393209037373	villa adelaide relais wine	Calamandrana	Italy	HIGH	domain:cantineadelaide.it
	B	78	Sankt Barbara im Mürztal	Austria	Brunnalm - Hohe Veitsch		ski_resort	Brunnalmstraße 1	+4338562067								overture:a85aee69-f130-445b-b3bd-9a3ec85701ad	2026-08-15T14:16:16.296920Z		Canonical queue drain | fit B | GitHub MASTER dedupe passed	http://www.brunnalm-hoheveitsch.at/	gastro@brunnalm-hoheveitsch.at	https://www.brunnalm-hoheveitsch.at/sommer/	https://www.instagram.com/brunnalmhoheveitsch/	https://www.facebook.com/BrunnalmHoheVeitsch/		https://www.brunnalm-hoheveitsch.at/sommer/wp-content/plugins/custom-facebook-feed-pro/assets/css/cff-style.min.css?ver=4.6.6				Permissive	Qualification	https://explore.overturemaps.org/#id=a85aee69-f130-445b-b3bd-9a3ec85701ad; https://www.brunnalm-hoheveitsch.at/sommer/	Public Overture website; no usable Overture email. First-party public contact crawl required; no inference. Public business email recovered from first-party website; no inference.				overture:a85aee69-f130-445b-b3bd-9a3ec85701ad	brunnalm-hoheveitsch.at	4338562067	brunnalm hohe veitsch	Sankt Barbara im Mürztal	Austria	PERMISSIVE	domain:brunnalm-hoheveitsch.at
	B	78	Sanibel	USA	BreakAway Vacation Properties		vacation_rental_agent	1640 Periwinkle Way Ste 5	8002470448								overture:04941acd-3426-4945-93c3-8979afe31ba6	2026-08-15T14:16:16.296920Z		Canonical queue drain | fit B | GitHub MASTER dedupe passed	https://www.breakawayvacationproperties.com/	info@breakawayvacationproperties.com	https://www.breakawayvacationproperties.com/about-us	https://www.instagram.com/breakawayvacationproperties/	https://www.facebook.com/sancapvacations/		https://www.breakawayvacationproperties.com/sanibel-island-florida-vacation-rentals/beach-road-villas				High	Verified	https://explore.overturemaps.org/#id=04941acd-3426-4945-93c3-8979afe31ba6; https://www.breakawayvacationproperties.com/	Public Overture website; no usable Overture email. First-party public contact crawl required; no inference. Public business email recovered from first-party website; no inference.				overture:04941acd-3426-4945-93c3-8979afe31ba6	breakawayvacationproperties.com	8002470448	breakaway vacation properties	Sanibel	USA	HIGH	domain:breakawayvacationproperties.com
	B	78	Unterwasser SG	Switzerland	Hotel Säntis Lodge		resort	Hauptstrasse 16	0719992727								overture:0acafb5c-168d-4bb4-9dc0-7fa17d01a17c	2026-08-15T14:16:16.296920Z		Canonical queue drain | fit B | GitHub MASTER dedupe passed	https://bergundbett.ch/de/saentis-lodge.html	info@bergundbett.ch	https://booking.bergundbett.ch/vermietung/zu_mieten-vermietung-d0/	https://www.instagram.com/bergundbett/	https://www.facebook.com/Berg-Bett-104746218500317/		https://booking.bergundbett.ch/vermietung/zu-mieten-vermietungen-d0/				High	Verified	https://explore.overturemaps.org/#id=0acafb5c-168d-4bb4-9dc0-7fa17d01a17c; https://bergundbett.ch/saentis-lodge/	Public Overture website; no usable Overture email. First-party public contact crawl required; no inference. Public business email recovered from first-party website; no inference.				overture:0acafb5c-168d-4bb4-9dc0-7fa17d01a17c	bergundbett.ch	0719992727	hotel santis lodge	Unterwasser SG	Switzerland	HIGH	domain:bergundbett.ch
	B	78	Auris	France	Auris-en-Oisans		ski_resort	16 Place des Orgières	+33476801352								overture:6bb76c4b-a935-4472-978b-5baa78433760	2026-08-15T14:16:16.296920Z		Canonical queue drain | fit B | GitHub MASTER dedupe passed	https://www.auris-en-oisans.fr/	animation@auris-en-oisans.fr	https://reservation.auris-en-oisans.fr	https://www.instagram.com/oisanstourisme/	https://www.facebook.com/aurisenoisans/		https://www.auris-en-oisans.fr/wp-content/plugins/iris-bookmarks/shared/js/iris-bookmarks-shared-add-bookmark.js				Permissive	Qualification	https://explore.overturemaps.org/#id=6bb76c4b-a935-4472-978b-5baa78433760; https://www.auris-en-oisans.fr/; https://www.auris-en-oisans.fr/preparer/contact/	Public Overture website; no usable Overture email. First-party public contact crawl required; no inference. Public business email recovered from first-party website; no inference.				overture:6bb76c4b-a935-4472-978b-5baa78433760	auris-en-oisans.fr	33476801352	auris en oisans	Auris	France	PERMISSIVE	domain:auris-en-oisans.fr
	B	78	Zollikon	Switzerland	Atrium Residences		hotel	Dufourstrasse 65	+41433001070								overture:24e826fc-d233-49e6-9649-19d5baa136e7	2026-08-15T14:16:16.296920Z		Canonical queue drain | fit B | GitHub MASTER dedupe passed	https://atriumresidences.com/	sales@atriumresidences.com	https://atriumresidences.com/about-us/	https://www.instagram.com/atrium_residences/	https://www.facebook.com/AtriumResidencesSwitzerland/		https://atriumresidences.com/booking-request/				High	Verified	https://explore.overturemaps.org/#id=24e826fc-d233-49e6-9649-19d5baa136e7; https://atriumresidences.com/; https://atriumresidences.com/contact-us/	Public Overture website; no usable Overture email. First-party public contact crawl required; no inference. Public business email recovered from first-party website; no inference.				overture:24e826fc-d233-49e6-9649-19d5baa136e7	atriumresidences.com	41433001070	atrium residences	Zollikon	Switzerland	HIGH	domain:atriumresidences.com
	B	78	Bayrisch Eisenstein	Germany	Thurnhofstüberl		ski_resort	Brennesstrasse	09925 94140								overture:70a536a2-84b1-40d5-8eae-db815d22d812	2026-08-15T14:16:16.296920Z		Canonical queue drain | fit B | GitHub MASTER dedupe passed	http://www.arber.de/gastronomie/thurnhofstueberl.html?T=0		https://www.arber.de	https://www.instagram.com/grosserarber/	https://www.facebook.com/arberbergbahn/	https://whatsapp.com/channel/0029VaDEK6W96H4SUfKICl3g	https://www.arber.de/wp-content/plugins/wp-booking-system/assets/css/style-front-end.min.css?ver=2.0.19.13				High	Verified	https://explore.overturemaps.org/#id=70a536a2-84b1-40d5-8eae-db815d22d812; https://www.arber.de?T=0	Public Overture website; no usable Overture email. First-party public contact crawl required; no inference.				overture:70a536a2-84b1-40d5-8eae-db815d22d812	arber.de	0992594140	thurnhofstuberl	Bayrisch Eisenstein	Germany	HIGH	domain:arber.de
	B	78	Zürich	Switzerland	Small Luxury Hotel Ambassador Zurich		resort	Falkenstrasse 6	0442589898								overture:32800156-4270-45bc-bd59-df7bf221c10a	2026-08-15T14:16:16.296920Z		Canonical queue drain | fit B | GitHub MASTER dedupe passed	http://www.ambassadorhotel.ch/	welcome@ambassadorhotel.ch	https://www.ambassadorhotel.ch/contact	https://www.instagram.com/ambassadorhotelzurich/	https://www.facebook.com/ambassadorhotelzurich/		https://www.ambassadorhotel.ch/roomsandsuites				Medium	Recall-first	https://explore.overturemaps.org/#id=32800156-4270-45bc-bd59-df7bf221c10a; https://www.ambassadorhotel.ch/	Public Overture website; no usable Overture email. First-party public contact crawl required; no inference. Public business email recovered from first-party website; no inference.				overture:32800156-4270-45bc-bd59-df7bf221c10a	ambassadorhotel.ch	0442589898	small luxury hotel ambassador zurich	Zürich	Switzerland	MEDIUM	domain:ambassadorhotel.ch
	B	78	Metzeral	France	Auberge Et Chalets De La Wormsa		resort	72 rue de l'Althenhof	03 89 77 72 90								overture:754fb5c3-1fab-4a1b-9f2c-470a9f9bf155	2026-08-15T14:16:16.296920Z		Canonical queue drain | fit B | GitHub MASTER dedupe passed	http://www.alsace-chalets.fr	info@alsace-chalets.fr	https://www.alsace-chalets.fr/contact/	https://www.instagram.com/chaletsdelawormsa/	https://www.facebook.com/Chalets.de.la.Wormsa/		https://www.alsace-chalets.fr/promotion-early-booking/				High	Verified	https://explore.overturemaps.org/#id=754fb5c3-1fab-4a1b-9f2c-470a9f9bf155; https://www.alsace-chalets.fr/	Public Overture website; no usable Overture email. First-party public contact crawl required; no inference. Public business email recovered from first-party website; no inference.				overture:754fb5c3-1fab-4a1b-9f2c-470a9f9bf155	alsace-chalets.fr	0389777290	auberge et chalets de la wormsa	Metzeral	France	HIGH	domain:alsace-chalets.fr
	B	78	Kötschach-Mauthen	Austria	Glamping Village Kötschach by Alps Resorts		holiday_rental_home	Kötschach 127	+43353720050								overture:3345fec2-a9a8-49ba-a7b3-9c70c75b18d3	2026-08-15T14:16:16.296920Z		Canonical queue drain | fit B | GitHub MASTER dedupe passed	https://www.alps-resorts.com/urlaubsresorts/details/glamping-village-koetschach	office@alps-resorts.com	https://booking.alps-resorts.com/vermietung/zu-mieten-vermietungen-z0/	https://www.instagram.com/alpsresorts/	https://www.facebook.com/alpsresorts/		https://booking.alps-resorts.com/vermietung/vermietungen-kreischberg-pool-villas-u90694/ansicht-liste/				High	Verified	https://explore.overturemaps.org/#id=3345fec2-a9a8-49ba-a7b3-9c70c75b18d3; https://alps-resorts.com/urlaubsresorts/resortuebersicht; https://booking.alps-resorts.com/vermietung/zu-mieten-vermietungen-z0/	Public Overture website; no usable Overture email. First-party public contact crawl required; no inference. Public business email recovered from first-party website; no inference.				overture:3345fec2-a9a8-49ba-a7b3-9c70c75b18d3	alps-resorts.com	43353720050	glamping village kotschach by alps resorts	Kötschach-Mauthen	Austria	HIGH	domain:alps-resorts.com
	B	78	Calamandrana	Italy	Relais Almaranto Boutique Hotel		resort	Regione Quartino, 6	01411847040								overture:d60f66f9-2ec2-4c9a-bb33-ed967b927f94	2026-08-15T14:16:16.296920Z		Canonical queue drain | fit B | GitHub MASTER dedupe passed	https://www.almaranto.it/	info@almaranto.it	https://www.almaranto.it/about-us	https://www.instagram.com/almaranto_piemonte/	https://www.facebook.com/almarantohotel/		https://www.almaranto.it/rooms-suites				High	Verified	https://explore.overturemaps.org/#id=d60f66f9-2ec2-4c9a-bb33-ed967b927f94; https://www.almaranto.it/	Public Overture website; no usable Overture email. First-party public contact crawl required; no inference. Public business email recovered from first-party website; no inference.				overture:d60f66f9-2ec2-4c9a-bb33-ed967b927f94	almaranto.it	01411847040	relais almaranto boutique hotel	Calamandrana	Italy	HIGH	domain:almaranto.it
	B	78	San Vicente de Barakaldo	Spain	Abla Agencia de la Propiedad Inmobiliaria		vacation_rental_agent	Kalea Juan de Garay, 14	944180095								overture:e2358bf8-90fc-4bb8-9923-625c1a68fe4e	2026-08-15T14:16:16.296920Z		Canonical queue drain | fit B | GitHub MASTER dedupe passed	https://www.ablainmo.com/		https://www.ablainmo.com/index.php/contactar	https://www.instagram.com/ablainmobiliaria/	https://www.facebook.com/ABLA-inmobiliaria-102922518735440/	https://api.whatsapp.com/send?text=https%3A%2F%2Fwww.ablainmo.com%2Finmueble-1354%2Fventa%2Fpiso%2Fvillarcayo%2Fvillarcayo-de-merindad-de-la-castilla-la-vieja%2F3-habitaciones	https://www.ablainmo.com/inmueble-1354/venta/piso/villarcayo/villarcayo-de-merindad-de-la-castilla-la-vieja/3-habitaciones				High	Verified	https://explore.overturemaps.org/#id=e2358bf8-90fc-4bb8-9923-625c1a68fe4e; https://www.ablainmo.com/	Public Overture website; no usable Overture email. First-party public contact crawl required; no inference.				overture:e2358bf8-90fc-4bb8-9923-625c1a68fe4e	ablainmo.com	944180095	abla agencia de la propiedad inmobiliaria	San Vicente de Barakaldo	Spain	HIGH	domain:ablainmo.com
	B	78	Palma de Mallorca	Spain	Viviendas Jose Gómez, Consultoría Inmobiliaria & Hipotecaria		vacation_rental_agent	Carrer de Pere Ripoll i Palou, 26	651982785								overture:1ef4794b-0b42-41e8-9795-a1ab512c67d9	2026-08-15T14:09:12.953897Z		Canonical queue drain | fit B | GitHub MASTER dedupe passed	http://www.viviendasjosegomez.es/	josegomez@viviendasjosegomez.es	https://www.viviendasjosegomez.es/	https://www.instagram.com/inmojosegomez/	https://www.facebook.com/pg/viviendasjosegomez/reviews/		https://www.viviendasjosegomez.es/css/modulo-disenyadoinmovilla-1.css?x=2026072980818				High	Verified	https://explore.overturemaps.org/#id=1ef4794b-0b42-41e8-9795-a1ab512c67d9; https://www.viviendasjosegomez.es/	Public Overture website; no usable Overture email. First-party public contact crawl required; no inference. Public business email recovered from first-party website; no inference.				overture:1ef4794b-0b42-41e8-9795-a1ab512c67d9	viviendasjosegomez.es	651982785	viviendas jose gomez consultoria inmobiliaria hipotecaria	Palma de Mallorca	Spain	HIGH	domain:viviendasjosegomez.es
	B	78	Llucmajor	Spain	Villa Malen´s		vacation_rental_agent	Calle Les Algues, 3, Urbanizacion Tolleric	662115559								overture:1f07dac2-e9c1-4968-8975-7dd2efb03104	2026-08-15T14:09:12.953897Z		Canonical queue drain | fit B | GitHub MASTER dedupe passed	https://villamalens.com/	experiencia@hotmail.com	https://villamalens.com/contacto		https://www.facebook.com/malena.galmessubirana/	https://wa.me/34662115559	https://villamalens.com/Media/villamalens/css/estilo.min.css				Medium	Recall-first	https://explore.overturemaps.org/#id=1f07dac2-e9c1-4968-8975-7dd2efb03104; https://villamalens.com/	Public Overture website; no usable Overture email. First-party public contact crawl required; no inference. Public business email recovered from first-party website; no inference.				overture:1f07dac2-e9c1-4968-8975-7dd2efb03104	villamalens.com	662115559	villa malen s	Llucmajor	Spain	MEDIUM	domain:villamalens.com
	B	78	Sevilla	Spain	U-Sense Sevilla Centro		resort	Calle Álvarez Quintero, 52	954293913								overture:2a1aec28-868e-4ccb-8fdf-11d1ac435f73	2026-08-15T14:09:12.953897Z		Canonical queue drain | fit B | GitHub MASTER dedupe passed	https://www.urbansense.es/alojamientos/sevilla/u-sense-sevilla-centro.html?utm_source=GMB&utm_medium=organic	info@urbansense.es	https://www.urbansense.es/contacto.html	https://www.instagram.com/usense.boutiquecollection/	https://www.facebook.com/usense.thelodginghub/		https://www.urbansense.es/en/accommodation/sevilla/u-sense-sevilla-centro.html				High	Verified	https://explore.overturemaps.org/#id=2a1aec28-868e-4ccb-8fdf-11d1ac435f73; https://www.urbansense.es/alojamientos/sevilla/u-sense-sevilla-centro.html?utm_source=GMB&utm_medium=organic; https://www.urbansense.es/contacto.html	Public Overture website; no usable Overture email. First-party public contact crawl required; no inference. Public business email recovered from first-party website; no inference.				overture:2a1aec28-868e-4ccb-8fdf-11d1ac435f73	urbansense.es	954293913	u sense sevilla centro	Sevilla	Spain	HIGH	domain:urbansense.es
	B	78	World-Atlas::mediterranean-premium::19-42::lane=site-recovery	Turkey	Turquoise luxury resort and Spa		resort		(0274) 245 24 50								overture:ab25ba43-19d6-415f-a985-9654899cfc26	2026-08-15T14:09:12.953897Z		Canonical queue drain | fit B | GitHub MASTER dedupe passed	http://www.turquoise.com.tr	info@turquoise.com.tr	https://turquoise.com.tr/en/contact/	https://www.instagram.com/hotelturquoise/	https://www.facebook.com/hotelturquoise/		https://turquoise.com.tr/en/rooms-lake-houses/				High	Verified	https://explore.overturemaps.org/#id=ab25ba43-19d6-415f-a985-9654899cfc26; https://turquoise.com.tr/	Public Overture website; no usable Overture email. First-party public contact crawl required; no inference. Public business email recovered from first-party website; no inference.				overture:ab25ba43-19d6-415f-a985-9654899cfc26	turquoise.com.tr	02742452450	turquoise luxury resort and spa	World-Atlas::mediterranean-premium::19-42::lane=site-recovery	Turkey	HIGH	domain:turquoise.com.tr
	B	78	Çayırova	Cyprus	Thalassa Beach Resort and Spa		hotel	Thalassa beach resort	+905391284444								overture:8407f8cf-de9d-4bee-9a09-ffe0f6d4fd6a	2026-08-15T14:09:12.953897Z		Canonical queue drain | fit B | GitHub MASTER dedupe passed	http://www.thalassabeachresort.com/	info@thalassabeachresort.com	https://thalassabeachresort.com/about-us/	https://www.instagram.com/thalassa_northcyprus/	https://www.facebook.com/ThalassaBeachResort/		https://booking.thalassabeachresort.com/rentals/holidays-rentals-rentals-d0/				High	Verified	https://explore.overturemaps.org/#id=8407f8cf-de9d-4bee-9a09-ffe0f6d4fd6a; https://thalassabeachresort.com/	Public Overture website; no usable Overture email. First-party public contact crawl required; no inference. Public business email recovered from first-party website; no inference.				overture:8407f8cf-de9d-4bee-9a09-ffe0f6d4fd6a	thalassabeachresort.com	905391284444	thalassa beach resort and spa	Çayırova	Cyprus	HIGH	domain:thalassabeachresort.com
	B	78	Valencia	Spain	Solidinmuebles		vacation_rental_agent	Calle Moro Zeid, 11	661775952								overture:872f7b2b-04ad-4801-ac46-45ce01cfc443	2026-08-15T14:09:12.953897Z		Canonical queue drain | fit B | GitHub MASTER dedupe passed	http://www.solidinmuebles.com/	info@solidinmuebles.com	https://www.solidinmuebles.com/contactar	https://www.instagram.com/solidinmuebles/		https://wa.me/34661775952	https://www.solidinmuebles.com/Venta-Villa-Jávea-Xàbia-Senioles-1765				High	Verified	https://explore.overturemaps.org/#id=872f7b2b-04ad-4801-ac46-45ce01cfc443; https://www.solidinmuebles.com/	Public Overture website; no usable Overture email. First-party public contact crawl required; no inference. Public business email recovered from first-party website; no inference.				overture:872f7b2b-04ad-4801-ac46-45ce01cfc443	solidinmuebles.com	661775952	solidinmuebles	Valencia	Spain	HIGH	domain:solidinmuebles.com
	B	78	Банско	Bulgaria	Skicentersbansko		ski_resort	Улица Пирин 111	+359889778841								overture:9f3ffb07-83ac-47e5-ac53-303d50198f98	2026-08-15T14:09:12.953897Z		Canonical queue drain | fit B | GitHub MASTER dedupe passed	https://www.skicenterbansko.com/		https://www.skicenterbansko.com/about-us	https://www.instagram.com/skicenter_bansko/	https://www.facebook.com/profile.php/	https://web.whatsapp.com/send/?phone=%2B359889778841&text&type=phone_number&app_absent=0	https://www.skicenterbansko.com/booking				Permissive	Qualification	https://explore.overturemaps.org/#id=9f3ffb07-83ac-47e5-ac53-303d50198f98; https://www.skicenterbansko.com/	Public Overture website; no usable Overture email. First-party public contact crawl required; no inference.				overture:9f3ffb07-83ac-47e5-ac53-303d50198f98	skicenterbansko.com	359889778841	skicentersbansko	Банско	Bulgaria	PERMISSIVE	domain:skicenterbansko.com
	B	78	Manavgat	Turkey	Side Prenses Resort Hotel & Spa		hotel	İnönü Caddesi 29	+902426420204								overture:9086a65d-5a71-4e5c-b042-2ae5f8e63a38	2026-08-15T14:09:12.953897Z		Canonical queue drain | fit B | GitHub MASTER dedupe passed	https://sideprenseshotel.com/	info@sideprenseshotel.com	https://sideprenseshotel.com/En/Contact	https://www.instagram.com/sideprenses/	https://www.facebook.com/sideprenses/		https://sideprenseshotel.com/En/Accommodation				High	Verified	https://explore.overturemaps.org/#id=9086a65d-5a71-4e5c-b042-2ae5f8e63a38; https://sideprenseshotel.com/En	Public Overture website; no usable Overture email. First-party public contact crawl required; no inference. Public business email recovered from first-party website; no inference.				overture:9086a65d-5a71-4e5c-b042-2ae5f8e63a38	sideprenseshotel.com	902426420204	side prenses resort hotel spa	Manavgat	Turkey	HIGH	domain:sideprenseshotel.com
	B	78	Merkez	Turkey	Şah Saray Cave Suites - Cappadocia Luxury Halal Hotel		resort	Aydınlı Orta Mahalle Uzundere-1 Sokak No:1 Göreme Kasabası	05357706500								overture:a132c1df-0731-4ce9-8ee0-050d24c1e66a	2026-08-15T14:09:12.953897Z		Canonical queue drain | fit B | GitHub MASTER dedupe passed	https://sahsaraycavesuites.com/	info@sahsaraycavesuites.com	https://sahsaraycavesuites.com/en/contact-form/	https://www.instagram.com/sahsaraycavesuites/	https://www.facebook.com/sahsaraycavesuites/		https://sahsaraycavesuites.com/ar/				Medium	Recall-first	https://explore.overturemaps.org/#id=a132c1df-0731-4ce9-8ee0-050d24c1e66a; https://sahsaraycavesuites.com/	Public Overture website; no usable Overture email. First-party public contact crawl required; no inference. Public business email recovered from first-party website; no inference.				overture:a132c1df-0731-4ce9-8ee0-050d24c1e66a	sahsaraycavesuites.com	05357706500	sah saray cave suites cappadocia luxury halal hotel	Merkez	Turkey	MEDIUM	domain:sahsaraycavesuites.com
	B	78	Torrevieja	Spain	Remeca Invest S.L		vacation_rental_agent	Calle Luis Canovas Martinez 1	630226918								overture:8f45019c-3288-4e6b-ba5b-faab7c77afd7	2026-08-15T14:09:12.953897Z		Canonical queue drain | fit B | GitHub MASTER dedupe passed	http://www.remecainvest.fi/	office@remecainvest.fi	https://remecainvest.fi/yhteys/		https://www.facebook.com/Remeca-Invest-SL-106242892761898/	https://api.whatsapp.com/send?text=Yhteys%20https%3A%2F%2Fremecainvest.fi%2Fyhteys%2F	https://remecainvest.fi/kohteet/residencial-las-villas-ii-los-altos/				High	Verified	https://explore.overturemaps.org/#id=8f45019c-3288-4e6b-ba5b-faab7c77afd7; https://www.remecainvest.fi/	Public Overture website; no usable Overture email. First-party public contact crawl required; no inference. Public business email recovered from first-party website; no inference.				overture:8f45019c-3288-4e6b-ba5b-faab7c77afd7	remecainvest.fi	630226918	remeca invest s l	Torrevieja	Spain	HIGH	domain:remecainvest.fi
	B	78	Săcele	Romania	Q Chalet		lodge	Strada Valea Largă 57	+40771202202								overture:d6dc068d-710c-4ab0-bec7-35bbc3cde6c2	2026-08-15T14:09:12.953897Z		Canonical queue drain | fit B | GitHub MASTER dedupe passed	https://qresort.ro/	office@qresort.ro		https://www.instagram.com/qresortspa/	https://www.facebook.com/QResortAndSpa/	https://api.whatsapp.com/send?phone=40773313131	https://qresort.ro/q-villa-11-camere-duble-care-se-rezerva-individual/				High	Verified	https://explore.overturemaps.org/#id=d6dc068d-710c-4ab0-bec7-35bbc3cde6c2; https://qresort.ro/	Public Overture website; no usable Overture email. First-party public contact crawl required; no inference. Public business email recovered from first-party website; no inference.				overture:d6dc068d-710c-4ab0-bec7-35bbc3cde6c2	qresort.ro	40771202202	q chalet	Săcele	Romania	HIGH	domain:qresort.ro
	B	78	Rojales, Alicante	Spain	Petra Hönig Real Estate - Ciudad Quesada Office		vacation_rental_agent	Urb. Ciudad Quesada, Avda. de las Naciones, 18 A	966718006								overture:943e4ede-f29c-4dd8-b768-7cd07bf63633	2026-08-15T14:09:12.953897Z		Canonical queue drain | fit B | GitHub MASTER dedupe passed	https://propertyforsaleciudadquesada.com/		https://propertyforsaleciudadquesada.com/about-us/	https://www.instagram.com/petrahoenig_inmobiliaria/	https://www.facebook.com/petrahonig.inmobiliaria/	https://wa.me/34609739311/?text=	https://propertyforsaleciudadquesada.com/villas-for-sale-in-ciudad-quesada-spain.html				High	Verified	https://explore.overturemaps.org/#id=943e4ede-f29c-4dd8-b768-7cd07bf63633; https://propertyforsaleciudadquesada.com/	Public Overture website; no usable Overture email. First-party public contact crawl required; no inference.				overture:943e4ede-f29c-4dd8-b768-7cd07bf63633	propertyforsaleciudadquesada.com	966718006	petra honig real estate ciudad quesada office	Rojales, Alicante	Spain	HIGH	domain:propertyforsaleciudadquesada.com
	B	78	Estômbar e Parchal	Portugal	Pestana Gramacho Residences		hotel	Carvoeiro Golfe, S.A, Apartado 1011	+351282340900								overture:0d35f9a3-9435-4e38-bec4-3befc069fc60	2026-08-15T14:09:12.953897Z		Canonical queue drain | fit B | GitHub MASTER dedupe passed	http://www.pestanagolf.com/	info@pestanagolf.com	https://pestanagolf.com/about-us/		https://www.facebook.com/PestanaGolf/	https://api.whatsapp.com/send?phone=351924149904&text=Hello,%20I%20have%20a%20question?	https://book.pestanagolf.com/golf				High	Verified	https://explore.overturemaps.org/#id=0d35f9a3-9435-4e38-bec4-3befc069fc60; https://pestanagolf.com/	Public Overture website; no usable Overture email. First-party public contact crawl required; no inference. Public business email recovered from first-party website; no inference.				overture:0d35f9a3-9435-4e38-bec4-3befc069fc60	pestanagolf.com	351282340900	pestana gramacho residences	Estômbar e Parchal	Portugal	HIGH	domain:pestanagolf.com
	B	78	Cala D'or	Spain	Ona Village Cala d'Or		resort	Carrer de Voltor, 5	971643462								overture:5bd0bd25-d4a9-43e4-8a6f-be4572443bed	2026-08-15T14:09:12.953897Z		Canonical queue drain | fit B | GitHub MASTER dedupe passed	https://www.onahotels.com/ona-village-cala-dor.html	info@onahotels.com	https://reservations.onahotels.com/es/hotel/ona_villagecalador/room?roomId=Est	https://www.instagram.com/onahotels/	https://www.facebook.com/onahotels/		https://www.onahotels.com/de/apart-hotel-village-cala-dor-mallorca/				High	Verified	https://explore.overturemaps.org/#id=5bd0bd25-d4a9-43e4-8a6f-be4572443bed; https://www.onahotels.com/es/apart-hotel-village-cala-dor-mallorca/	Public Overture website; no usable Overture email. First-party public contact crawl required; no inference. Public business email recovered from first-party website; no inference.				overture:5bd0bd25-d4a9-43e4-8a6f-be4572443bed	onahotels.com	971643462	ona village cala d or	Cala D'or	Spain	HIGH	domain:onahotels.com
	B	78	Maro	Spain	Nerja Beach Holidays		vacation_rental_agent	Calle San Jose, 8	644793168								overture:636680e2-aa82-4bed-96bf-ac4fea34f3fe	2026-08-15T14:09:12.953897Z		Canonical queue drain | fit B | GitHub MASTER dedupe passed	https://www.nerjabeachholidays.com/	admin@nerjabeachholidays.com	https://www.nerjabeachholidays.com/about-us	https://www.instagram.com/nerja_beach_holidays/	https://www.facebook.com/nerjabeachholidays/		https://www.nerjabeachholidays.com/villas-townhouses-winter-rentals				High	Verified	https://explore.overturemaps.org/#id=636680e2-aa82-4bed-96bf-ac4fea34f3fe; https://www.nerjabeachholidays.com/	Public Overture website; no usable Overture email. First-party public contact crawl required; no inference. Public business email recovered from first-party website; no inference.				overture:636680e2-aa82-4bed-96bf-ac4fea34f3fe	nerjabeachholidays.com	644793168	nerja beach holidays	Maro	Spain	HIGH	domain:nerjabeachholidays.com
	B	78	Fuengirola	Spain	Mar Management Agency & Property Care		vacation_rental_agent	Calle Alberto Fernández, 4	622580866								overture:4e21f162-abe9-4db3-837b-8f5e48f38d52	2026-08-15T14:09:12.953897Z		Canonical queue drain | fit B | GitHub MASTER dedupe passed	https://marmanagement.es/	info@marmanagement.es	https://marmanagement.es/about-us/	https://www.instagram.com/mar.management/	https://www.facebook.com/Mar-Management-Property-Management-Maintenance-1855559174692063/		https://marmanagement.es/accommodation-category/holiday-rentals/				High	Verified	https://explore.overturemaps.org/#id=4e21f162-abe9-4db3-837b-8f5e48f38d52; https://marmanagement.es/	Public Overture website; no usable Overture email. First-party public contact crawl required; no inference. Public business email recovered from first-party website; no inference.				overture:4e21f162-abe9-4db3-837b-8f5e48f38d52	marmanagement.es	622580866	mar management agency property care	Fuengirola	Spain	HIGH	domain:marmanagement.es
	B	78	Colònia de Sant Pere	Spain	Inmobiliaria Colònia Sant Pere		vacation_rental_agent	C/ Major, 4	971589512								overture:9503a86b-a581-4bb9-b90c-729945bcd88c	2026-08-15T14:09:12.953897Z		Canonical queue drain | fit B | GitHub MASTER dedupe passed	http://www.mallorcacolonia.com/		https://www.mallorcacolonia.com/contact/	https://www.instagram.com/inmocolonia/	https://www.facebook.com/inmocolonia/	https://wa.me/34689988992?text=https%3A%2F%2Fwww.mallorcacolonia.com%2F	https://www.mallorcacolonia.com/casas-chalets-en-venta-3-1.html				Medium	Recall-first	https://explore.overturemaps.org/#id=9503a86b-a581-4bb9-b90c-729945bcd88c; https://www.mallorcacolonia.com/	Public Overture website; no usable Overture email. First-party public contact crawl required; no inference.				overture:9503a86b-a581-4bb9-b90c-729945bcd88c	mallorcacolonia.com	971589512	inmobiliaria colonia sant pere	Colònia de Sant Pere	Spain	MEDIUM	domain:mallorcacolonia.com
	B	78	Sóller	Spain	Mallorca Dream Homes		vacation_rental_agent	Carretera de Desviament 62	971634918								overture:a6a1ef0f-c512-4987-82c0-99822d148be3	2026-08-15T14:09:12.953897Z		Canonical queue drain | fit B | GitHub MASTER dedupe passed	https://www.mallorca-dreamhomes.com/	info@mallorca-dreamhomes.com	https://www.mallorca-dreamhomes.com/about-us	https://www.instagram.com/mallorcadreamhomes/	https://www.facebook.com/MallorcaDreamHomes/		https://www.mallorca-dreamhomes.com/REF-				High	Verified	https://explore.overturemaps.org/#id=a6a1ef0f-c512-4987-82c0-99822d148be3; https://www.mallorca-dreamhomes.com/	Public Overture website; no usable Overture email. First-party public contact crawl required; no inference. Public business email recovered from first-party website; no inference.				overture:a6a1ef0f-c512-4987-82c0-99822d148be3	mallorca-dreamhomes.com	971634918	mallorca dream homes	Sóller	Spain	HIGH	domain:mallorca-dreamhomes.com
	B	78	Calvià	Spain	Leonardo Boutique Hotel Mallorca Port Portals - Adults Only		hotel	Avinguda Tomàs Blanes Tolosa, 4	+34971675956								overture:7557df50-0739-4973-b7b0-b9b653f47fa9	2026-08-15T14:09:12.953897Z		Canonical queue drain | fit B | GitHub MASTER dedupe passed	https://www.leonardo-hotels.es/mallorca/leonardo-boutique-hotel-mallorca-port-portals-adults-only?utm_source=Google&utm_medium=CPC&utm_campaign=5Hotel_ES_BoutiqueMallorcaPortPortals&gclid=Cj0KCQjw9fqnBhDSARIsAHlcQYTZKuAXsNo_ToUojYFJVPO2fdFOooV_qpo-_PtZu_j0aJTqD2khFe0aAsPmEALw_wcB		https://www.leonardo-hotels.es/about	https://www.instagram.com/leonardohotels/	https://www.facebook.com/leonardo.hotels.chain/	https://wa.me/?text=	https://www.leonardo-hotels.es/destinations				High	Verified	https://explore.overturemaps.org/#id=7557df50-0739-4973-b7b0-b9b653f47fa9; https://www.leonardo-hotels.es/mallorca/leonardo-boutique-hotel-mallorca-port-portals-adults-only?utm_source=Google&utm_medium=CPC&utm_campaign=5Hotel_ES_BoutiqueMallorcaPortPortals&gclid=Cj0KCQjw9fqnBhDSARIsAHlcQYTZKuAXsNo_ToUojYFJVPO2fdFOooV_qpo-_PtZu_j0aJTqD2khFe0aAsPmEALw_wcB	Public Overture website; no usable Overture email. First-party public contact crawl required; no inference.				overture:7557df50-0739-4973-b7b0-b9b653f47fa9	leonardo-hotels.es	34971675956	leonardo boutique hotel mallorca port portals adults only	Calvià	Spain	HIGH	domain:leonardo-hotels.es
	B	78	San Roque	Spain	Macanao Lodge BY LD'		beach_resort	Calle Bolívar									overture:21bef2b4-f3b3-47bb-889c-25996e215194	2026-08-15T14:09:12.953897Z		Canonical queue drain | fit B | GitHub MASTER dedupe passed	http://www.ldhoteles.com/	contact@ldhoteles.com	https://www.ldhoteles.com/contacto	https://www.instagram.com/ldhoteles/	https://www.facebook.com/ldhoteles/	https://wa.me/584148456178	https://www.ldhoteles.com/hoteles/ld-suites-punta-playa				High	Verified	https://explore.overturemaps.org/#id=21bef2b4-f3b3-47bb-889c-25996e215194; https://www.ldhoteles.com/	Public Overture website; no usable Overture email. First-party public contact crawl required; no inference. Public business email recovered from first-party website; no inference.				overture:21bef2b4-f3b3-47bb-889c-25996e215194	ldhoteles.com		macanao lodge by ld	San Roque	Spain	HIGH	domain:ldhoteles.com
	B	78	Huércal-Overa	Spain	IDP Gestion de Inmuebles (Inmobiliaria del Pueblo)		vacation_rental_agent	Calle Carril, 9, Local	666297425								overture:9380cd2a-8d69-4151-84a9-8e27e11d95bd	2026-08-15T14:09:12.953897Z		Canonical queue drain | fit B | GitHub MASTER dedupe passed	http://www.inmoidp.com/	info@inmoidp.com	https://www.inmoidp.com/	https://www.instagram.com/idp_gestiondeinmuebles/	https://www.facebook.com/idpgestiondeinmuebles/		https://www.inmoidp.com/css/modulo-disenyadoinmovilla-1.css?x=20260729101001				High	Verified	https://explore.overturemaps.org/#id=9380cd2a-8d69-4151-84a9-8e27e11d95bd; https://www.inmoidp.com/	Public Overture website; no usable Overture email. First-party public contact crawl required; no inference. Public business email recovered from first-party website; no inference.				overture:9380cd2a-8d69-4151-84a9-8e27e11d95bd	inmoidp.com	666297425	idp gestion de inmuebles inmobiliaria del pueblo	Huércal-Overa	Spain	HIGH	domain:inmoidp.com
	B	78	Sevilla	Spain	Inmobiliaria Guadalquivir - Montequinto		vacation_rental_agent	Calle Mesina, LOCAL 13	686688242								overture:5f993d60-e32d-4634-aada-768ece6d7b08	2026-08-15T14:09:12.953897Z		Canonical queue drain | fit B | GitHub MASTER dedupe passed	https://www.inmobiliariaguadalquivir.com/	triana@inmobiliariaguadalquivir.com	https://www.inmobiliariaguadalquivir.com	https://www.instagram.com/guadalquivir_inmobiliarias/	https://www.facebook.com/guadalquivirinmobiliarias/		https://www.inmobiliariaguadalquivir.com/vender-piso-sevilla/				High	Verified	https://explore.overturemaps.org/#id=5f993d60-e32d-4634-aada-768ece6d7b08; https://www.inmobiliariaguadalquivir.com/	Public Overture website; no usable Overture email. First-party public contact crawl required; no inference. Public business email recovered from first-party website; no inference.				overture:5f993d60-e32d-4634-aada-768ece6d7b08	inmobiliariaguadalquivir.com	686688242	inmobiliaria guadalquivir montequinto	Sevilla	Spain	HIGH	domain:inmobiliariaguadalquivir.com
	B	78	Swieqi	Malta	Villa Belview Student Residence		hotel	7, Triq il-Marbat	21384139								overture:2de19d55-9ec6-4cb1-b902-5df4fbfb6e40	2026-08-15T14:09:12.953897Z		Canonical queue drain | fit B | GitHub MASTER dedupe passed	https://belview.ihmalta.com/		https://www.ihmalta.com/about.html	https://www.instagram.com/ihmalta/	https://www.facebook.com/ihmalta/	https://api.whatsapp.com/send/?phone=35699300009	https://www.ihmalta.com/assets/build/booking-CwuUiWhT.js				High	Verified	https://explore.overturemaps.org/#id=2de19d55-9ec6-4cb1-b902-5df4fbfb6e40; https://www.ihmalta.com/belview-residence.html	Public Overture website; no usable Overture email. First-party public contact crawl required; no inference.				overture:2de19d55-9ec6-4cb1-b902-5df4fbfb6e40	ihmalta.com	21384139	villa belview student residence	Swieqi	Malta	HIGH	domain:ihmalta.com
	B	78	Alfaz del Pi Playa Albir	Spain	Viass Iberia Property - Albir		vacation_rental_agent	Camí Vell d'Altea, 33	603500700								overture:96c97b32-a932-44b3-8f50-b4dd98679b6a	2026-08-15T14:09:12.953897Z		Canonical queue drain | fit B | GitHub MASTER dedupe passed	https://www.iberiaproperty.com/	info@iberiaproperty.com	https://www.iberiaproperty.com/about-us		https://www.facebook.com/Iberiaproperty.eng/	https://wa.me/34603500700	https://www.iberiaproperty.com/property/view/Albir-Villa-13344				High	Verified	https://explore.overturemaps.org/#id=96c97b32-a932-44b3-8f50-b4dd98679b6a; https://www.iberiaproperty.com/	Public Overture website; no usable Overture email. First-party public contact crawl required; no inference. Public business email recovered from first-party website; no inference.				overture:96c97b32-a932-44b3-8f50-b4dd98679b6a	iberiaproperty.com	603500700	viass iberia property albir	Alfaz del Pi Playa Albir	Spain	HIGH	domain:iberiaproperty.com
	B	78	Ibiza	Spain	Houses in Ibiza		vacation_rental_agent	Av. Btme. Vte. Ramon, 10	620085718								overture:a97414af-66cd-4640-b308-5d0ddf301204	2026-08-15T14:09:12.953897Z		Canonical queue drain | fit B | GitHub MASTER dedupe passed	https://housesinibiza.com/	info@housesinibiza.com	https://housesinibiza.com/ibiza-contact-us/	https://www.instagram.com/togetherforhealthcareheroes/	https://www.facebook.com/housesinibiza/		https://housesinibiza.com/ibiza-luxury-villa-rentals/				High	Verified	https://explore.overturemaps.org/#id=a97414af-66cd-4640-b308-5d0ddf301204; https://housesinibiza.com/	Public Overture website; no usable Overture email. First-party public contact crawl required; no inference. Public business email recovered from first-party website; no inference.				overture:a97414af-66cd-4640-b308-5d0ddf301204	housesinibiza.com	620085718	houses in ibiza	Ibiza	Spain	HIGH	domain:housesinibiza.com
	B	78	Benidorm	Spain	Villa Venecia Hotel Boutique Benidorm		hotel	Plaza San Jaime, 1	965 85 54 66								overture:99047fdd-b212-45da-9043-e8bfb26a2e12	2026-08-15T14:09:12.953897Z		Canonical queue drain | fit B | GitHub MASTER dedupe passed	http://www.hotelvillavenecia.com	protocolo@hotelvillavenecia.com	https://app.hotelvillavenecia.com/es/customer_bookings/	https://www.instagram.com/villavenecia_hotel/	https://www.facebook.com/HotelVillaVenecia/		https://app.hotelvillavenecia.com/es				High	Verified	https://explore.overturemaps.org/#id=99047fdd-b212-45da-9043-e8bfb26a2e12; https://www.hotelvillavenecia.com/	Public Overture website; no usable Overture email. First-party public contact crawl required; no inference. Public business email recovered from first-party website; no inference.				overture:99047fdd-b212-45da-9043-e8bfb26a2e12	hotelvillavenecia.com	965855466	villa venecia hotel boutique benidorm	Benidorm	Spain	HIGH	domain:hotelvillavenecia.com
	B	78	Playa de Gandia	Spain	Villa Luz Family Gourmet & All Exclusive Hotel		resort	Calle Castilla la Mancha, 24	902165454								overture:21a3f846-9d1c-4701-a03a-79ed16d9063c	2026-08-15T14:09:12.953897Z		Canonical queue drain | fit B | GitHub MASTER dedupe passed	https://www.hotelmagicvillaluz.com/	reservas@hotelmagicvillaluz.com	https://www.hotelmagicvillaluz.com/contacto/	https://www.instagram.com/villaluzhotel/	https://www.facebook.com/HotelMagicVillaLuz/		https://app.hotelmagicvillaluz.com/es				Permissive	Qualification	https://explore.overturemaps.org/#id=21a3f846-9d1c-4701-a03a-79ed16d9063c; https://www.hotelmagicvillaluz.com/	Public Overture website; no usable Overture email. First-party public contact crawl required; no inference. Public business email recovered from first-party website; no inference.				overture:21a3f846-9d1c-4701-a03a-79ed16d9063c	hotelmagicvillaluz.com	902165454	villa luz family gourmet all exclusive hotel	Playa de Gandia	Spain	PERMISSIVE	domain:hotelmagicvillaluz.com
	B	78	Córdoba	Spain	Hotel en el Centro de Córdoba | La Boutique Puerta Osario		resort	Calle Osario, 7	957498039								overture:95cd02ea-759e-43b3-8e92-c62b8da7c367	2026-08-15T14:09:12.953897Z		Canonical queue drain | fit B | GitHub MASTER dedupe passed	http://www.hotellaboutique.com/	info@hotellaboutique.com	https://www.hotellaboutique.com	https://www.instagram.com/hlaboutiquepuertaosario/	https://www.facebook.com/hotellaboutiquepuertaosario/	https://api.whatsapp.com/message/GNTHH7F6SUVYD1					High	Verified	https://explore.overturemaps.org/#id=95cd02ea-759e-43b3-8e92-c62b8da7c367; https://www.hotellaboutique.com/	Public Overture website; no usable Overture email. First-party public contact crawl required; no inference. Public business email recovered from first-party website; no inference.				overture:95cd02ea-759e-43b3-8e92-c62b8da7c367	hotellaboutique.com	957498039	hotel en el centro de cordoba la boutique puerta osario	Córdoba	Spain	HIGH	domain:hotellaboutique.com
	B	78	Благоевград	Bulgaria	Orbita SPA Hotel		resort	ХК Орбита с.Бистрица, Благоевград, след парк Бачиново	0892254302								overture:c9983182-e989-445e-b89a-9faa3d040ad1	2026-08-15T14:09:12.953897Z		Canonical queue drain | fit B | GitHub MASTER dedupe passed	https://hotel-orbita.bg/	reservation@hotel-orbita.bg	https://hotel-orbita.bg/contacts/	https://www.instagram.com/orbita_spa_hotel/	https://www.facebook.com/orbitaspahotel/		https://hotel-orbita.bg/accommodation/				Medium	Recall-first	https://explore.overturemaps.org/#id=c9983182-e989-445e-b89a-9faa3d040ad1; https://hotel-orbita.bg/	Public Overture website; no usable Overture email. First-party public contact crawl required; no inference. Public business email recovered from first-party website; no inference.				overture:c9983182-e989-445e-b89a-9faa3d040ad1	hotel-orbita.bg	0892254302	orbita spa hotel	Благоевград	Bulgaria	MEDIUM	domain:hotel-orbita.bg
	B	78	Sant Antoni de Portmany, Ibiza	Spain	Hostal Rosell Boutique		resort	Carrer de Rosell, 4	609233869								overture:d4edff93-5f60-4ff3-b482-c8a0e0411f03	2026-08-15T14:09:12.953897Z		Canonical queue drain | fit B | GitHub MASTER dedupe passed	https://www.hostalrosell.com/	hostalrosell@gmail.com	https://hostalrosell.com/contactar	https://www.instagram.com/hostalrosellboutique/	https://www.facebook.com/profile.php/	https://wa.me/34609233869					High	Verified	https://explore.overturemaps.org/#id=d4edff93-5f60-4ff3-b482-c8a0e0411f03; https://hostalrosell.com/; https://hostalrosell.com/contactar	Public Overture website; no usable Overture email. First-party public contact crawl required; no inference. Public business email recovered from first-party website; no inference.				overture:d4edff93-5f60-4ff3-b482-c8a0e0411f03	hostalrosell.com	609233869	hostal rosell boutique	Sant Antoni de Portmany, Ibiza	Spain	HIGH	domain:hostalrosell.com
	B	78	Benalmádena Costa	Spain	HELLO City Properties		vacation_rental_agent	Plaza SOLYMAR, 1, 3-D	951286743								overture:ef0fff36-9291-4a9c-a44e-01e0c42cf39a	2026-08-15T14:09:12.953897Z		Canonical queue drain | fit B | GitHub MASTER dedupe passed	http://hellocity.es/	ivan.sot@hellocity.es	https://www.hellocity.es/contacto/	https://www.instagram.com/hellocityrealestate/	https://www.facebook.com/hellocityproperties/	https://wa.me/34615227903					Medium	Recall-first	https://explore.overturemaps.org/#id=ef0fff36-9291-4a9c-a44e-01e0c42cf39a; https://www.hellocity.es/; https://www.hellocity.es/contacto/	Public Overture website; no usable Overture email. First-party public contact crawl required; no inference. Public business email recovered from first-party website; no inference.				overture:ef0fff36-9291-4a9c-a44e-01e0c42cf39a	hellocity.es	951286743	hello city properties	Benalmádena Costa	Spain	MEDIUM	domain:hellocity.es
	B	78	Iskele	Cyprus	Grand Sapphire Residences		hotel	Address Palmiye Sokak No: 5 Makenzi Caddesi	+905488188000								overture:071ead9a-9e59-423e-8bd0-e3bcaa3ce20c	2026-08-15T14:09:12.953897Z		Canonical queue drain | fit B | GitHub MASTER dedupe passed	https://grandsapphireresort.com/		https://grandsapphireresort.com/contact	https://www.instagram.com/grandsapphireresort/	https://www.facebook.com/profile.php/	https://wa.me/905391471001	https://grandsapphireresort.com/en/page/accommodation-agreement				Medium	Recall-first	https://explore.overturemaps.org/#id=071ead9a-9e59-423e-8bd0-e3bcaa3ce20c	Public Overture website; no usable Overture email. First-party public contact crawl required; no inference.				overture:071ead9a-9e59-423e-8bd0-e3bcaa3ce20c	grandsapphireresort.com	905488188000	grand sapphire residences	Iskele	Cyprus	MEDIUM	domain:grandsapphireresort.com
	B	78	L'alfas Del Pi	Spain	Agencia Generali Seguros		vacation_rental_agent	Av. Pais Valenciano, 27 - Local 4	965021984								overture:22d99daf-7208-46f7-b43e-cb71aa94b42d	2026-08-15T14:09:12.953897Z		Canonical queue drain | fit B | GitHub MASTER dedupe passed	https://generali.es/agente/asuncionseva		https://www.generali.es/contacto-generali?wpacode=60350	https://www.instagram.com/generali_es/	https://www.facebook.com/GENERALIes/	https://api.whatsapp.com/send?phone=34674342636&text=Hola,%20estaba%20visitando%20tu%20p%C3%A1gina%20web%20y%20quisiera%20hacerte%20una%20consulta.	https://www.generali.es/agentes-seguros/sevilla?wpacode=60350				Medium	Recall-first	https://explore.overturemaps.org/#id=22d99daf-7208-46f7-b43e-cb71aa94b42d; https://www.generali.es/agente/asuncionseva	Public Overture website; no usable Overture email. First-party public contact crawl required; no inference.				overture:22d99daf-7208-46f7-b43e-cb71aa94b42d	generali.es	965021984	agencia generali seguros	L'alfas Del Pi	Spain	MEDIUM	domain:generali.es
	B	78	Kemer	Turkey	Fore Resort and Spa		hotel	Atatürk Bulvarı 36	+902422252540								overture:4e1ffd57-1e89-4d4c-ad96-3ba7517ebe04	2026-08-15T14:09:12.953897Z		Canonical queue drain | fit B | GitHub MASTER dedupe passed	https://www.forehotel.com/	info@forehotel.com	https://www.forehotel.com/contact	https://www.instagram.com/foreresort/	https://www.facebook.com/foreresort/		https://www.forehotel.com/start-booking				High	Verified	https://explore.overturemaps.org/#id=4e1ffd57-1e89-4d4c-ad96-3ba7517ebe04; https://www.forehotel.com/	Public Overture website; no usable Overture email. First-party public contact crawl required; no inference. Public business email recovered from first-party website; no inference.				overture:4e1ffd57-1e89-4d4c-ad96-3ba7517ebe04	forehotel.com	902422252540	fore resort and spa	Kemer	Turkey	HIGH	domain:forehotel.com
	B	78	Orgaz	Spain	FIDELCA PROMOTORA INMOBILIARIA		vacation_rental_agent	Calle Francos, 11 B	925317314								overture:35e94105-4600-4929-aff0-a9c00b9151de	2026-08-15T14:09:12.953897Z		Canonical queue drain | fit B | GitHub MASTER dedupe passed	https://fidelca.com/	administracion@fidelca.com	https://fidelca.com/contacto/	https://www.instagram.com/fidelca.sl/	https://www.facebook.com/people/Fidelca-Promotora-Inmobiliaria/100063522502676/	https://api.whatsapp.com/send?phone=34648266810%20 &text=Hola%20Fidelca					Medium	Recall-first	https://explore.overturemaps.org/#id=35e94105-4600-4929-aff0-a9c00b9151de; https://fidelca.com/	Public Overture website; no usable Overture email. First-party public contact crawl required; no inference. Public business email recovered from first-party website; no inference.				overture:35e94105-4600-4929-aff0-a9c00b9151de	fidelca.com	925317314	fidelca promotora inmobiliaria	Orgaz	Spain	MEDIUM	domain:fidelca.com
	B	78	Pto. Andratx	Spain	Exklusiv Konzept		vacation_rental_agent	Carrer Isaac Peral 33	971671414								overture:dfeeced3-4f78-4c3d-bbb5-e62571de24d6	2026-08-15T14:09:12.953897Z		Canonical queue drain | fit B | GitHub MASTER dedupe passed	https://www.exklusiv-konzept.com/	info@exklusiv-konzept.com	https://www.exklusiv-konzept.com	https://www.instagram.com/exklusiv_konzept/		https://wa.me/34690881130	https://www.exklusiv-konzept.com/villa-kaufen/				Medium	Recall-first	https://explore.overturemaps.org/#id=dfeeced3-4f78-4c3d-bbb5-e62571de24d6; https://www.exklusiv-konzept.com/	Public Overture website; no usable Overture email. First-party public contact crawl required; no inference. Public business email recovered from first-party website; no inference.				overture:dfeeced3-4f78-4c3d-bbb5-e62571de24d6	exklusiv-konzept.com	971671414	exklusiv konzept	Pto. Andratx	Spain	MEDIUM	domain:exklusiv-konzept.com
	B	78	Velada	Spain	El Toril Glamping Experience		resort	Carretera N 502 km 93.7	686069505								overture:4d99594d-32cd-4264-b2f5-c75ede056715	2026-08-15T14:09:12.953897Z		Canonical queue drain | fit B | GitHub MASTER dedupe passed	https://www.eltoril.com/		https://www.eltoril.com/es/contactar	https://www.instagram.com/eltoril_glamping/	https://www.facebook.com/eltorilglamping/	https://wa.me/34686069505?text=Hi	https://www.eltoril.com/es/booking/room				High	Verified	https://explore.overturemaps.org/#id=4d99594d-32cd-4264-b2f5-c75ede056715; https://www.eltoril.com/es	Public Overture website; no usable Overture email. First-party public contact crawl required; no inference.				overture:4d99594d-32cd-4264-b2f5-c75ede056715	eltoril.com	686069505	el toril glamping experience	Velada	Spain	HIGH	domain:eltoril.com
	B	78	Ceahlău	Romania	Partia Durau		ski_resort	Strada Principală	+40730114440								overture:0fb62f92-350a-449e-88d8-4f2eab9da7dd	2026-08-15T14:09:12.953897Z		Canonical queue drain | fit B | GitHub MASTER dedupe passed	https://www.duraupark.ro/	office@duraupark.ro	https://duraupark.ro/contact/	https://www.instagram.com/duraupark/	https://www.facebook.com/partiadurau/	https://wa.me/40730114440					Permissive	Qualification	https://explore.overturemaps.org/#id=0fb62f92-350a-449e-88d8-4f2eab9da7dd; https://duraupark.ro/; https://duraupark.ro/contact/	Public Overture website; no usable Overture email. First-party public contact crawl required; no inference. Public business email recovered from first-party website; no inference.				overture:0fb62f92-350a-449e-88d8-4f2eab9da7dd	duraupark.ro	40730114440	partia durau	Ceahlău	Romania	PERMISSIVE	domain:duraupark.ro
	B	78	Manilva	Spain	Duquesa Estates		vacation_rental_agent	Avenida de Europa 3	952892813								overture:a8137779-a3b3-42e5-aed0-acde916b82d9	2026-08-15T14:09:12.953897Z		Canonical queue drain | fit B | GitHub MASTER dedupe passed	http://www.duquesa.net/	info@duquesa.net	https://www.duquesa.net/about-us/	https://www.instagram.com/duquesaestates/	https://www.facebook.com/people/Duquesa-Estates/61588858183814/		https://www.duquesa.net/sales/villa-manilva-villas-los-hidalgos-490891.html				High	Verified	https://explore.overturemaps.org/#id=a8137779-a3b3-42e5-aed0-acde916b82d9; https://www.duquesa.net/	Public Overture website; no usable Overture email. First-party public contact crawl required; no inference. Public business email recovered from first-party website; no inference.				overture:a8137779-a3b3-42e5-aed0-acde916b82d9	duquesa.net	952892813	duquesa estates	Manilva	Spain	HIGH	domain:duquesa.net
	B	78	Manavgat	Turkey	Dream World Resort & Spa		hotel	Evrenseki Mah. Sahil Cad. No:30 Kumköy, Side	(0242) 777 00 90								overture:6448e370-24ad-4b94-af52-c23ce7f80317	2026-08-15T14:09:12.953897Z		Canonical queue drain | fit B | GitHub MASTER dedupe passed	http://dreamworldresort.com.tr	info@dreamworldresort.com.tr	https://dreamworldresort.com.tr/about	https://www.instagram.com/dreamworldresort/	https://www.facebook.com/people/Dream-World-Resort-Hotel/100072292755093/	https://wa.me/905369535007					High	Verified	https://explore.overturemaps.org/#id=6448e370-24ad-4b94-af52-c23ce7f80317; https://dreamworldresort.com.tr/	Public Overture website; no usable Overture email. First-party public contact crawl required; no inference. Public business email recovered from first-party website; no inference.				overture:6448e370-24ad-4b94-af52-c23ce7f80317	dreamworldresort.com.tr	02427770090	dream world resort spa	Manavgat	Turkey	HIGH	domain:dreamworldresort.com.tr
	B	78	Brașov	Romania	Silver Mountain Resort & SPA		hotel	Strada Doinașului 9	+40371232827								overture:f8fd1cc4-21d3-4fa1-91c9-9035a11c14e5	2026-08-15T14:09:12.953897Z		Canonical queue drain | fit B | GitHub MASTER dedupe passed	https://cazare-silvermountain.ro/		https://cazare-silvermountain.ro/contact/	https://www.instagram.com/silvermountainresort/	https://www.facebook.com/silvermountain.poianabrasov/	https://api.whatsapp.com/send/?phone=+40752050440&text=Buna&app_absent=0	https://cazare-silvermountain.ro/wp-content/plugins/custom-facebook-feed/assets/css/cff-style.min.css?ver=4.9.0				High	Verified	https://explore.overturemaps.org/#id=f8fd1cc4-21d3-4fa1-91c9-9035a11c14e5; https://cazare-silvermountain.ro/	Public Overture website; no usable Overture email. First-party public contact crawl required; no inference.				overture:f8fd1cc4-21d3-4fa1-91c9-9035a11c14e5	cazare-silvermountain.ro	40371232827	silver mountain resort spa	Brașov	Romania	HIGH	domain:cazare-silvermountain.ro
	B	78	Artà	Spain	Carossa Hotel & Spa Villas		hotel	Cami de Carrossa KM 3.4, 07570 Artà, Islas Baleares, Spain	971 83 56 47								overture:23071cce-3fa4-4980-bfce-1d20367ea1ee	2026-08-15T14:09:12.953897Z		Canonical queue drain | fit B | GitHub MASTER dedupe passed	http://www.carrossa.com	info@carrossa.com	https://booking.carrossa.com/	https://www.instagram.com/carrossahotelspa/	https://www.facebook.com/Carrossa.Resort/		https://www.carrossa.com/rooms-suites				Permissive	Qualification	https://explore.overturemaps.org/#id=23071cce-3fa4-4980-bfce-1d20367ea1ee; https://www.carrossa.com/	Public Overture website; no usable Overture email. First-party public contact crawl required; no inference. Public business email recovered from first-party website; no inference.				overture:23071cce-3fa4-4980-bfce-1d20367ea1ee	carrossa.com	971835647	carossa hotel spa villas	Artà	Spain	PERMISSIVE	domain:carrossa.com
	B	78	Palma, Islas Baleares	Spain	BQ Aguamarina Boutique Hotel		resort	Carrer de Sant Antoni de la Platja, 41	971261662								overture:7a22aa42-6d9f-475e-9ff3-c4d36da4f77a	2026-08-15T14:09:12.953897Z		Canonical queue drain | fit B | GitHub MASTER dedupe passed	http://www.bqhoteles.com/	sarah@bqhoteles.com	https://www.bqhoteles.com/es/contacto/	https://www.instagram.com/bqhoteles/	https://www.facebook.com/BQHoteles/		https://www.bqhoteles.com/es/bookcore/my-booking/?lang=es				High	Verified	https://explore.overturemaps.org/#id=7a22aa42-6d9f-475e-9ff3-c4d36da4f77a; https://www.bqhoteles.com/es/; https://www.bqhoteles.com/es/contacto/	Public Overture website; no usable Overture email. First-party public contact crawl required; no inference. Public business email recovered from first-party website; no inference.				overture:7a22aa42-6d9f-475e-9ff3-c4d36da4f77a	bqhoteles.com	971261662	bq aguamarina boutique hotel	Palma, Islas Baleares	Spain	HIGH	domain:bqhoteles.com
	B	78	Peguera	Spain	BOHLENS IMMOBILIEN - Mallorca Paguera		vacation_rental_agent	Avinguda Peguera, 16A	971689541								overture:69c0fbad-9b84-427e-ad77-0c23944f9218	2026-08-15T14:09:12.953897Z		Canonical queue drain | fit B | GitHub MASTER dedupe passed	https://www.bohlens-immobilien.com/	susanne.schuessler@bohlens-immobilien.com	https://www.bohlens-immobilien.com/kontakt/		https://www.facebook.com/bohlens.immobilien.mallorca/	https://wa.me/?text=https://www.bohlens-immobilien.com/detailseite/5399-exklusive-designvilla-mit-panoramablick	https://www.bohlens-immobilien.com/detailseite/5399-exklusive-designvilla-mit-panoramablick/				High	Verified	https://explore.overturemaps.org/#id=69c0fbad-9b84-427e-ad77-0c23944f9218; https://www.bohlens-immobilien.com/	Public Overture website; no usable Overture email. First-party public contact crawl required; no inference. Public business email recovered from first-party website; no inference.				overture:69c0fbad-9b84-427e-ad77-0c23944f9218	bohlens-immobilien.com	971689541	bohlens immobilien mallorca paguera	Peguera	Spain	HIGH	domain:bohlens-immobilien.com
	B	78	El Palmar de Vejer	Spain	A-Frame Surfcamp & Yoga Retreats		resort	Avenida de la Playa, 269	+4915226570635								overture:6de565f9-7722-483a-9227-94d1c4dfa2e1	2026-08-15T14:09:12.953897Z		Canonical queue drain | fit B | GitHub MASTER dedupe passed	https://aframe.de/	info@aframe.de	https://booking.aframe.de/de/	https://www.instagram.com/aframesurfcamp/	https://www.facebook.com/Aframe.Surfcamp/	https://wa.me/4915226570635					Medium	Recall-first	https://explore.overturemaps.org/#id=6de565f9-7722-483a-9227-94d1c4dfa2e1; https://aframe.de/	Public Overture website; no usable Overture email. First-party public contact crawl required; no inference. Public business email recovered from first-party website; no inference.				overture:6de565f9-7722-483a-9227-94d1c4dfa2e1	aframe.de	4915226570635	a frame surfcamp yoga retreats	El Palmar de Vejer	Spain	MEDIUM	domain:aframe.de
	B	78	Alanya	Turkey	Villa Gloria		resort	Adin Beach Hotel	(0242) 517 11 80								overture:f7ca94fc-3f1b-43fc-bd97-77eb01ab03e0	2026-08-15T14:09:12.953897Z		Canonical queue drain | fit B | GitHub MASTER dedupe passed	http://adinhotel.com	info@adinhotel.com	https://reservation.adinhotel.com/	https://www.instagram.com/adinhotel/		https://wa.me/message/WTQNUZAGJJFTL1	https://www.adinhotel.com/odalar/size-ozel-villa				Permissive	Qualification	https://explore.overturemaps.org/#id=f7ca94fc-3f1b-43fc-bd97-77eb01ab03e0; https://www.adinhotel.com/	Public Overture website; no usable Overture email. First-party public contact crawl required; no inference. Public business email recovered from first-party website; no inference.				overture:f7ca94fc-3f1b-43fc-bd97-77eb01ab03e0	adinhotel.com	02425171180	villa gloria	Alanya	Turkey	PERMISSIVE	domain:adinhotel.com
	B	78	Sivas	Turkey	Yıldız Dağı Kayak Merkezi		ski_resort	Yıldız Dağı	+905331531910								overture:74f0a463-8668-46cc-a24f-2c52537f8d66	2026-08-15T14:05:02.091731Z		Canonical queue drain | fit B | GitHub MASTER dedupe passed	http://www.yildizdagikayakmerkezi.com/	iletisim@yildizdagikayakmerkezi.com	https://www.yildizdagikayakmerkezi.com/about	https://www.instagram.com/yildizkayakmerkezi/	https://www.facebook.com/sivasyildizkayakmerkezi/		https://www.yildizdagikayakmerkezi.com/portfolio				Permissive	Qualification	https://explore.overturemaps.org/#id=74f0a463-8668-46cc-a24f-2c52537f8d66; https://www.yildizdagikayakmerkezi.com/	Public Overture website; no usable Overture email. First-party public contact crawl required; no inference. Public business email recovered from first-party website; no inference.				overture:74f0a463-8668-46cc-a24f-2c52537f8d66	yildizdagikayakmerkezi.com	905331531910	yldz dag kayak merkezi	Sivas	Turkey	PERMISSIVE	domain:yildizdagikayakmerkezi.com
	B	78	Yaremche	UA	X-drive, ski center		ski_resort	345/2 Svobody Street	096 137 9770								overture:6dd40681-f4ec-44fd-9b1a-f0fc2eccad91	2026-08-15T14:05:02.091731Z		Canonical queue drain | fit B | GitHub MASTER dedupe passed	http://www.x-drive.ua	info@x-drive.ua	https://x-drive.ua/about	https://www.instagram.com/x_drive.ua/	https://www.facebook.com/xdrive.ua/	https://wa.me/380987863830					Permissive	Qualification	https://explore.overturemaps.org/#id=6dd40681-f4ec-44fd-9b1a-f0fc2eccad91; https://x-drive.ua/contact; https://x-drive.ua/about	Public Overture website; no usable Overture email. First-party public contact crawl required; no inference. Public business email recovered from first-party website; no inference.				overture:6dd40681-f4ec-44fd-9b1a-f0fc2eccad91	x-drive.ua	0961379770	x drive ski center	Yaremche	UA	PERMISSIVE	domain:x-drive.ua
	B	78	Camporgiano	Italy	Villa Turri		resort	Via Francesco Vecchiacchi, 1	+393482407984								overture:b1d963f9-b727-43af-8d11-e7377d8cb8e0	2026-08-15T14:05:02.091731Z		Canonical queue drain | fit B | GitHub MASTER dedupe passed	https://www.villaturri.it/		https://www.villaturri.it/wp-content/plugins/divi-contact-form-helper/assets/public/css/app.min.css?ver=1.5.3	https://www.instagram.com/villaturriluxury/	https://www.facebook.com/villaturriluxury/	https://wa.me/+393482407984	https://www.villaturri.it/feed/				High	Verified	https://explore.overturemaps.org/#id=b1d963f9-b727-43af-8d11-e7377d8cb8e0; https://www.villaturri.it/	Public Overture website; no usable Overture email. First-party public contact crawl required; no inference.				overture:b1d963f9-b727-43af-8d11-e7377d8cb8e0	villaturri.it	393482407984	villa turri	Camporgiano	Italy	HIGH	domain:villaturri.it
	B	78	San Clemente	Italy	Villaggio La Pescaccia		resort	Via Francesco Petrarca, 15	+390541988254								overture:ca711f4d-30d0-4a2b-a4d6-2498f4865fbb	2026-08-15T14:05:02.091731Z		Canonical queue drain | fit B | GitHub MASTER dedupe passed	http://www.villaggiolapescaccia.com/	booking@villaggiolapescaccia.com	https://www.villaggiolapescaccia.com/wp-content/plugins/contact-form-7/includes/css/styles.css?ver=5.0.4	https://www.instagram.com/villaggio_la_pescaccia/	https://www.facebook.com/Villaggiolapescacciaresort/		https://www.villaggiolapescaccia.com/en/				High	Verified	https://explore.overturemaps.org/#id=ca711f4d-30d0-4a2b-a4d6-2498f4865fbb; https://www.villaggiolapescaccia.com/	Public Overture website; no usable Overture email. First-party public contact crawl required; no inference. Public business email recovered from first-party website; no inference.				overture:ca711f4d-30d0-4a2b-a4d6-2498f4865fbb	villaggiolapescaccia.com	390541988254	villaggio la pescaccia	San Clemente	Italy	HIGH	domain:villaggiolapescaccia.com
	B	78	Budva	Montenegro	Villa Bojana Apartaments		resort										overture:aba37552-d0af-42c3-b4a5-f0c94d534dc9	2026-08-15T14:05:02.091731Z		Canonical queue drain | fit B | GitHub MASTER dedupe passed	http://vila-bojana.com	reservation@vila-bojana.com	https://vila-bojana.com/contact/	https://www.instagram.com/vilabojana/	https://www.facebook.com/vilabojanabudva/	https://wa.me/38163347979	https://vila-bojana.com/accommodations/				High	Verified	https://explore.overturemaps.org/#id=aba37552-d0af-42c3-b4a5-f0c94d534dc9; https://vila-bojana.com/	Public Overture website; no usable Overture email. First-party public contact crawl required; no inference. Public business email recovered from first-party website; no inference.				overture:aba37552-d0af-42c3-b4a5-f0c94d534dc9	vila-bojana.com		villa bojana apartaments	Budva	Montenegro	HIGH	domain:vila-bojana.com
	B	78	Яремче	UA	Ведмежа гора Колиба		hotel	Грушевського вулиця, 11	+380980434270								overture:d89aa9d2-381b-4cdb-843b-3b79e3ccaf44	2026-08-15T14:05:02.091731Z		Canonical queue drain | fit B | GitHub MASTER dedupe passed	https://vedmezhagora.com/	goraifua@gmail.com	https://vedmezhagora.com/booking/?room-type=46610	https://www.instagram.com/vedmezha_gora_spa_resort/	https://www.facebook.com/vedmezhagora/		https://vedmezhagora.com/prozhyvania/rooms_cottages/				Permissive	Qualification	https://explore.overturemaps.org/#id=d89aa9d2-381b-4cdb-843b-3b79e3ccaf44; https://vedmezhagora.com/	Public Overture website; no usable Overture email. First-party public contact crawl required; no inference. Public business email recovered from first-party website; no inference.				overture:d89aa9d2-381b-4cdb-843b-3b79e3ccaf44	vedmezhagora.com	380980434270		Яремче	UA	PERMISSIVE	domain:vedmezhagora.com
	B	78	Santa Monica	USA	TuscanDream Inc		vacation_rental_agent	2721 2nd St	3108871115								overture:95ad7f5b-26f0-46f1-95d9-9e4ff467a70f	2026-08-15T14:05:02.091731Z		Canonical queue drain | fit B | GitHub MASTER dedupe passed	https://tuscandream.com/	info@tuscandream.com	https://tuscandream.com/about-us/	https://www.instagram.com/tuscandream1/	https://www.facebook.com/tuscandream1/		https://tuscandream.com/tuscany-villas/				High	Verified	https://explore.overturemaps.org/#id=95ad7f5b-26f0-46f1-95d9-9e4ff467a70f; https://tuscandream.com/	Public Overture website; no usable Overture email. First-party public contact crawl required; no inference. Public business email recovered from first-party website; no inference.				overture:95ad7f5b-26f0-46f1-95d9-9e4ff467a70f	tuscandream.com	3108871115	tuscandream inc	Santa Monica	USA	HIGH	domain:tuscandream.com
	B	78	Riccione	Italy	The Promenade Luxury Wellness Hotel		hotel	Viale Milano, 67	+390541307272								overture:1434e6b4-4ecd-48f0-8466-d00c160880fb	2026-08-15T14:05:02.091731Z		Canonical queue drain | fit B | GitHub MASTER dedupe passed	http://www.thepromenadeluxury.com/	info@thepromenadeluxury.com	https://my.thepromenadeluxury.com/forms/it-IT/reservation	https://www.instagram.com/thepromenadeluxury_riccione/	https://www.facebook.com/thepromenadeluxuryriccione/	https://api.whatsapp.com/send/?phone=393386380712&text&type=phone_number&app_absent=0					High	Verified	https://explore.overturemaps.org/#id=1434e6b4-4ecd-48f0-8466-d00c160880fb; https://www.thepromenadeluxury.com/	Public Overture website; no usable Overture email. First-party public contact crawl required; no inference. Public business email recovered from first-party website; no inference.				overture:1434e6b4-4ecd-48f0-8466-d00c160880fb	thepromenadeluxury.com	390541307272	the promenade luxury wellness hotel	Riccione	Italy	HIGH	domain:thepromenadeluxury.com
	B	78	Mesagne	Italy	Casa Ideale - The Fab Stay		vacation_rental_agent	Via Agrigento, 60	3517822771								overture:2c930250-3f81-4f3e-9b76-3aed9d63c15d	2026-08-15T14:05:02.091731Z		Canonical queue drain | fit B | GitHub MASTER dedupe passed	https://www.thefabstay.com/listing/casa-ideale-mesagne/	bookings@thefabstay.com	https://www.thefabstay.com/about-us/	https://www.instagram.com/thefabstay/	https://www.facebook.com/thefabstay/		https://www.thefabstay.com/author/bookingsthefabstay-com/				High	Verified	https://explore.overturemaps.org/#id=2c930250-3f81-4f3e-9b76-3aed9d63c15d; https://www.thefabstay.com/listing/casa-ideale-mesagne/	Public Overture website; no usable Overture email. First-party public contact crawl required; no inference. Public business email recovered from first-party website; no inference.				overture:2c930250-3f81-4f3e-9b76-3aed9d63c15d	thefabstay.com	3517822771	casa ideale the fab stay	Mesagne	Italy	HIGH	domain:thefabstay.com
	B	78	Telgárt	Slovakia	Telgárt		ski_resort	Telgárt 546	+421907691680								overture:9a527b5e-3e8f-4012-af7e-e7f991934a39	2026-08-15T14:05:02.091731Z		Canonical queue drain | fit B | GitHub MASTER dedupe passed	http://www.telgartresort.sk/	info@telgartresort.sk	https://www.telgartresort.sk/wp-content/plugins/booking_widget/admin/php/../../calendar/css/bookingFormAttributeCSS.css?ver=6a8072279169b	https://www.instagram.com/skitelgart/	https://www.facebook.com/skitelgart/		https://www.telgartresort.sk/wp-content/plugins/booking_widget/admin/php/../../calendar/css/bookingFormAttributeCSS.css?ver=6a8072279169b				High	Verified	https://explore.overturemaps.org/#id=9a527b5e-3e8f-4012-af7e-e7f991934a39; https://www.telgartresort.sk/	Public Overture website; no usable Overture email. First-party public contact crawl required; no inference. Public business email recovered from first-party website; no inference.				overture:9a527b5e-3e8f-4012-af7e-e7f991934a39	telgartresort.sk	421907691680	telgart	Telgárt	Slovakia	HIGH	domain:telgartresort.sk
	B	78	Несебър	Bulgaria	St. George Palace Hotel, Sveti Vlas		hotel	ul. Rakovina	+359879017582								overture:d0411b71-740c-43b8-9ef0-bbddf1f6a3a7	2026-08-15T14:05:02.091731Z		Canonical queue drain | fit B | GitHub MASTER dedupe passed	http://www.stgeorgepalace.com/	office@stgeorgepalace.com	https://stgeorgepalace.com/contact-us/	https://www.instagram.com/stgeorgepalace/	https://www.facebook.com/stgeorgepalacebg/		https://stgeorgepalace.com/wp-content/plugins/wp-hotel-booking/assets/css/libraries.css?ver=6.8.8				High	Verified	https://explore.overturemaps.org/#id=d0411b71-740c-43b8-9ef0-bbddf1f6a3a7; https://stgeorgepalace.com/; https://stgeorgepalace.com/contact-us/	Public Overture website; no usable Overture email. First-party public contact crawl required; no inference. Public business email recovered from first-party website; no inference.				overture:d0411b71-740c-43b8-9ef0-bbddf1f6a3a7	stgeorgepalace.com	359879017582	st george palace hotel sveti vlas	Несебър	Bulgaria	HIGH	domain:stgeorgepalace.com
	B	78	Поляна	UA	Solva Resort and SPA		hotel	санаторій «Сонячне Закарпаття», 7	+380678803278								overture:7c8e22ce-440f-4b85-90b5-fe0b5f9af857	2026-08-15T14:05:02.091731Z		Canonical queue drain | fit B | GitHub MASTER dedupe passed	http://solvahotel.com	sales.solvaresort@gmail.com	https://solvahotel.com/about	https://www.instagram.com/solvahotel/	https://www.facebook.com/hotelsolva/		https://solvahotel.com/booking				High	Verified	https://explore.overturemaps.org/#id=7c8e22ce-440f-4b85-90b5-fe0b5f9af857; https://solvahotel.com/	Public Overture website; no usable Overture email. First-party public contact crawl required; no inference. Public business email recovered from first-party website; no inference.				overture:7c8e22ce-440f-4b85-90b5-fe0b5f9af857	solvahotel.com	380678803278	solva resort and spa	Поляна	UA	HIGH	domain:solvahotel.com
	B	78	Lucca	Italy	Officinavillas		hotel	Via del Battistero, 18	+393762718661								overture:c1395b6b-ff13-4550-9abe-fdc955ff6c16	2026-08-15T14:05:02.091731Z		Canonical queue drain | fit B | GitHub MASTER dedupe passed	https://www.officinavillas.it/	johndoe01@gmail.com	https://officinavillas.it/en/about-us	https://www.instagram.com/officinavillas/	https://www.facebook.com/Officinavillas/		https://officinavillas.it/en/all-properties				High	Verified	https://explore.overturemaps.org/#id=c1395b6b-ff13-4550-9abe-fdc955ff6c16; https://officinavillas.it/	Public Overture website; no usable Overture email. First-party public contact crawl required; no inference. Public business email recovered from first-party website; no inference.				overture:c1395b6b-ff13-4550-9abe-fdc955ff6c16	officinavillas.it	393762718661	officinavillas	Lucca	Italy	HIGH	domain:officinavillas.it
	B	78	Lahaina	USA	Maui Paradise Properties LLC		vacation_rental_agent	727 Wainee St Ste 206	8082141011								overture:361f9598-a21e-419a-9ddd-72aa266d4d61	2026-08-15T14:05:02.091731Z		Canonical queue drain | fit B | GitHub MASTER dedupe passed	http://www.mauiparadiseproperties.com/	lynda@mauiparadiseproperties.com	https://www.mauiparadiseproperties.com/about/	https://www.instagram.com/mauiparadisellc/	https://www.facebook.com/pg/MauiParadiseLLC/		https://www.mauiparadiseproperties.com/wp-json/				High	Verified	https://explore.overturemaps.org/#id=361f9598-a21e-419a-9ddd-72aa266d4d61; https://www.mauiparadiseproperties.com/	Public Overture website; no usable Overture email. First-party public contact crawl required; no inference. Public business email recovered from first-party website; no inference.				overture:361f9598-a21e-419a-9ddd-72aa266d4d61	mauiparadiseproperties.com	8082141011	maui paradise properties llc	Lahaina	USA	HIGH	domain:mauiparadiseproperties.com
	B	78	Montecorice	Italy	Albergo Residence Baia Marticana		resort	Via S. Nicola A Mare 5	0974964710								overture:b37c5177-2bc6-409d-aedf-963a6df4c21e	2026-08-15T14:05:02.091731Z		Canonical queue drain | fit B | GitHub MASTER dedupe passed	http://www.marticana.com/		https://www.marticana.com/en/contacts/	https://www.instagram.com/baia_marticana/	https://www.facebook.com/baiamarticana/	https://api.whatsapp.com/send?text=Visita%20il%20sito%20di%20Baia%20Marticana%20Residence%20Hotel%20-%20Costa%20del%20Cilento%0ALink%3A%20https%3A%2F%2Fwww.marticana.com%2F	https://www.marticana.com/wp-content/themes/marticana/font/FuturaPT-Book.woff				Medium	Recall-first	https://explore.overturemaps.org/#id=b37c5177-2bc6-409d-aedf-963a6df4c21e; https://www.marticana.com/	Public Overture website; no usable Overture email. First-party public contact crawl required; no inference.				overture:b37c5177-2bc6-409d-aedf-963a6df4c21e	marticana.com	0974964710	albergo residence baia marticana	Montecorice	Italy	MEDIUM	domain:marticana.com
	B	78	SPLIT	Croatia	Heritage Palace Varos - MAG Quaint & Elegant Boutique Hotels		resort	BILANOVA UL.16	0992745071								overture:143fea81-4f16-41d2-bb7a-255daad2cbf2	2026-08-15T14:05:02.091731Z		Canonical queue drain | fit B | GitHub MASTER dedupe passed	https://www.maestral-accommodation.com/en/luxury-accommodation-split-croatia/heritage-palace-varos		https://maestral-accommodation.com/en/contact	https://www.instagram.com/heritagepalacevaros/	https://www.facebook.com/palacevaros/	https://wa.me/385992745076	https://booking.maestral-accommodation.com/booking/book-rooms-heritagepalacevaro				High	Verified	https://explore.overturemaps.org/#id=143fea81-4f16-41d2-bb7a-255daad2cbf2; https://maestral-accommodation.com/en/luxury-accommodation-split-croatia/heritage-palace-varos	Public Overture website; no usable Overture email. First-party public contact crawl required; no inference.				overture:143fea81-4f16-41d2-bb7a-255daad2cbf2	maestral-accommodation.com	0992745071	heritage palace varos mag quaint elegant boutique hotels	SPLIT	Croatia	HIGH	domain:maestral-accommodation.com
	B	78	Mali Lošinj	Croatia	Boutique Hotel Alhambra and Villa Augusta		hotel	Čikat b.b.	051 232 022								overture:39749a56-36fd-4755-8c7b-2eff78cfb4d7	2026-08-15T14:05:02.091731Z		Canonical queue drain | fit B | GitHub MASTER dedupe passed	http://www.losinj-hotels.com	booking@losinj-hotels.com	https://www.losinj-hotels.com/en/contact/	https://www.instagram.com/losinjhotels/	https://www.facebook.com/losinj.hotels/		https://www.losinj-hotels.com/en/hotels-and-villas/apartments-punta/				High	Verified	https://explore.overturemaps.org/#id=39749a56-36fd-4755-8c7b-2eff78cfb4d7; https://www.losinj-hotels.com/	Public Overture website; no usable Overture email. First-party public contact crawl required; no inference. Public business email recovered from first-party website; no inference.				overture:39749a56-36fd-4755-8c7b-2eff78cfb4d7	losinj-hotels.com	051232022	boutique hotel alhambra and villa augusta	Mali Lošinj	Croatia	HIGH	domain:losinj-hotels.com
	B	78	Kazanlak	Bulgaria	Kings’ Valley Medical & Spa Hotel		resort	22 Izvora Str., Kazanlak Thermal Baths	0883244544								overture:b78f78f1-7cd8-46eb-b354-ff73c3e55120	2026-08-15T14:05:02.091731Z		Canonical queue drain | fit B | GitHub MASTER dedupe passed	https://kingsvalleyhotel.bg/	reservations@kingsvalleyhotel.bg	https://reservations.kingsvalleyhotel.bg/bg/book/dates-of-stay	https://www.instagram.com/kingsvalleybg/	https://www.facebook.com/kingsvalleybg/		http://reservations.kingsvalleyhotel.bg/bg/book/				Medium	Recall-first	https://explore.overturemaps.org/#id=b78f78f1-7cd8-46eb-b354-ff73c3e55120; https://kingsvalleyhotel.bg/; https://kingsvalleyhotel.bg/en/contacts/	Public Overture website; no usable Overture email. First-party public contact crawl required; no inference. Public business email recovered from first-party website; no inference.				overture:b78f78f1-7cd8-46eb-b354-ff73c3e55120	kingsvalleyhotel.bg	0883244544	kings valley medical spa hotel	Kazanlak	Bulgaria	MEDIUM	domain:kingsvalleyhotel.bg
	B	78	Melikgazi	Turkey	Kayseri University Residences		lodge	İnönü Bulvarı 5	+905325605188								overture:cc33834a-03a5-4c00-92da-f091c453b64b	2026-08-15T14:05:02.091731Z		Canonical queue drain | fit B | GitHub MASTER dedupe passed	http://www.kayseriuniversiterezidans.com/		https://kayseriuniversiterezidans.com	https://www.instagram.com/kayseriuniversiterezidans/	https://www.facebook.com/kayseriuniversiterezidans/	https://api.whatsapp.com/send?phone=905325605188&text=Merhaba, iyi günler. Size web siteniz üzerinden yazıyorum.	https://kayseriuniversiterezidans.com/portfolio/uc-kisilik-oda/				Permissive	Qualification	https://explore.overturemaps.org/#id=cc33834a-03a5-4c00-92da-f091c453b64b; https://kayseriuniversiterezidans.com/	Public Overture website; no usable Overture email. First-party public contact crawl required; no inference.				overture:cc33834a-03a5-4c00-92da-f091c453b64b	kayseriuniversiterezidans.com	905325605188	kayseri university residences	Melikgazi	Turkey	PERMISSIVE	domain:kayseriuniversiterezidans.com
	B	78	Wisconsin Dells	USA	Lake Delton Waterfront Villas		hotel	45 Dam Rd	+16082545466								overture:fcd5a6bc-772d-456c-9f37-6c17bbfe0851	2026-08-15T14:05:02.091731Z		Canonical queue drain | fit B | GitHub MASTER dedupe passed	https://www.kalahariresorts.com/wisconsin/suites-and-villas/lake-delton-waterfront-villas	tomfoolery@kalahariresorts.com	https://www.kalahariresorts.com/about-us/	https://www.instagram.com/kalahariresorts/	https://www.facebook.com/kalahariresorts/		https://www.kalahariresorts.com/wisconsin/accommodations/lake-delton-waterfront-villas/waterfront-4-bedroom-homestead/				High	Verified	https://explore.overturemaps.org/#id=fcd5a6bc-772d-456c-9f37-6c17bbfe0851; https://www.kalahariresorts.com/wisconsin/accommodations/lake-delton-waterfront-villas/; https://www.kalahariresorts.com/wisconsin/more-info/contact-us/	Public Overture website; no usable Overture email. First-party public contact crawl required; no inference. Public business email recovered from first-party website; no inference.				overture:fcd5a6bc-772d-456c-9f37-6c17bbfe0851	kalahariresorts.com	16082545466	lake delton waterfront villas	Wisconsin Dells	USA	HIGH	domain:kalahariresorts.com
	B	78	Kosice	Slovakia	Boutique Self check-in Hotel Michael's Palace		resort	Komenského 9	0948633514								overture:4f597881-aeaf-40ca-a724-3fbeca0d3819	2026-08-15T14:05:02.091731Z		Canonical queue drain | fit B | GitHub MASTER dedupe passed	https://www.hotelmichaelspalace.sk/	recepcia@hotelmichaelspalace.sk	https://www.hotelmichaelspalace.sk/about-us/	https://www.instagram.com/hotelmichaelspalace/	https://www.facebook.com/BoutiqueselfchceckinHotelMichaelsPalace/		https://www.hotelmichaelspalace.sk/rooms/				Medium	Recall-first	https://explore.overturemaps.org/#id=4f597881-aeaf-40ca-a724-3fbeca0d3819; https://www.hotelmichaelspalace.sk/	Public Overture website; no usable Overture email. First-party public contact crawl required; no inference. Public business email recovered from first-party website; no inference.				overture:4f597881-aeaf-40ca-a724-3fbeca0d3819	hotelmichaelspalace.sk	0948633514	boutique self check in hotel michael s palace	Kosice	Slovakia	MEDIUM	domain:hotelmichaelspalace.sk
	B	78	Несебър	Bulgaria	Harmony Suites Grand Resort		hotel	Harmony Suites Grand Resort	+359892223135								overture:90ee23da-b978-4463-81b5-90652242278b	2026-08-15T14:05:02.091731Z		Canonical queue drain | fit B | GitHub MASTER dedupe passed	https://www.harmony-suites.com		https://www.harmony-suites.com/about-us	https://www.instagram.com/harmonysuites/	https://www.facebook.com/HarmonySuites/	https://wa.me/359897001900	https://www.harmony-suites.com/apartments				High	Verified	https://explore.overturemaps.org/#id=90ee23da-b978-4463-81b5-90652242278b; https://www.harmony-suites.com/; https://www.harmony-suites.com	Public Overture website; no usable Overture email. First-party public contact crawl required; no inference.				overture:90ee23da-b978-4463-81b5-90652242278b	harmony-suites.com	359892223135	harmony suites grand resort	Несебър	Bulgaria	HIGH	domain:harmony-suites.com
	B	78	Melikgazi	Turkey	Erciyes Kayak Merkezi		ski_resort	Erciyes Kayak Merkezi	+903523422050								overture:ed159a2f-c6cf-4b87-9827-fb668c04456e	2026-08-15T14:05:02.091731Z		Canonical queue drain | fit B | GitHub MASTER dedupe passed	http://www.erciyeskayakmerkezi.com/	bilgi@erciyeskayakmerkezi.com	https://www.erciyeskayakmerkezi.com/	https://www.instagram.com/erciyeskayakmerkezi/	https://www.facebook.com/groups/erciyeskayakmerkezi/	https://wa.me/905336732114?text=Merhaba%2C%20Erciyes%20Kayak%20Merkezi%20-%20Erciyes%20Otelleri%20%2C%20Kayak%20Malzemeleri%20%2C%20Ula%C5%9F%C4%B1m%20sitesindeyim.%20Erciyes%20Kayak%20Merkezi%20-%20Erciyes%20Otelleri%20%2C%20Kayak%20Malzemeleri%20%2C%20Ula%C5%9F%C4%B1m%20sayfas%C4%B1n%C4%B1%20inceliyorum.%20%28https%3A%2F%2Fwww.erciyeskayakmerkezi.com%2F%29					High	Verified	https://explore.overturemaps.org/#id=ed159a2f-c6cf-4b87-9827-fb668c04456e; https://www.erciyeskayakmerkezi.com/	Public Overture website; no usable Overture email. First-party public contact crawl required; no inference. Public business email recovered from first-party website; no inference.				overture:ed159a2f-c6cf-4b87-9827-fb668c04456e	erciyeskayakmerkezi.com	903523422050	erciyes kayak merkezi	Melikgazi	Turkey	HIGH	domain:erciyeskayakmerkezi.com
	B	78	Kayseri	Turkey	Ski Dedeman Erciyes Resort Kayseri		ski_resort	Tekir Yaylasi Erciyes Dagi 1	(0352) 342 21 16								overture:0533bc76-19ea-4a2b-a6c1-da484b5fee61	2026-08-15T14:05:02.091731Z		Canonical queue drain | fit B | GitHub MASTER dedupe passed	http://www.dedeman.com	ahmetyilmaz@gmail.com	https://www.dedeman.com/contact	https://www.instagram.com/dedemancom/	https://www.facebook.com/dedemancom/		https://www.dedeman.com/oteller/dedeman-village-sapanca				High	Verified	https://explore.overturemaps.org/#id=0533bc76-19ea-4a2b-a6c1-da484b5fee61; https://www.dedeman.com/	Public Overture website; no usable Overture email. First-party public contact crawl required; no inference. Public business email recovered from first-party website; no inference.				overture:0533bc76-19ea-4a2b-a6c1-da484b5fee61	dedeman.com	03523422116	ski dedeman erciyes resort kayseri	Kayseri	Turkey	HIGH	domain:dedeman.com
	B	78	Travnik	Bosnia and Herzegovina	Hotel Blanca Resort and Spa		hotel	Babanovac bb Vlašić	+38730519900								overture:b986ac5b-7290-4212-8ea8-7d63383ad4eb	2026-08-15T14:05:02.091731Z		Canonical queue drain | fit B | GitHub MASTER dedupe passed	http://www.blanca-resort.com/	sales@blanca-resort.com	https://blanca-resort.com/kontakt/	https://www.instagram.com/hotelblanca_vlasic/	https://www.facebook.com/HotelBlancaResortSpa/		https://blanca-resort.com/wp-content/plugins/custom-facebook-feed/assets/css/cff-style.min.css?ver=4.3.4				High	Verified	https://explore.overturemaps.org/#id=b986ac5b-7290-4212-8ea8-7d63383ad4eb; https://blanca-resort.com/	Public Overture website; no usable Overture email. First-party public contact crawl required; no inference. Public business email recovered from first-party website; no inference.				overture:b986ac5b-7290-4212-8ea8-7d63383ad4eb	blanca-resort.com	38730519900	hotel blanca resort and spa	Travnik	Bosnia and Herzegovina	HIGH	domain:blanca-resort.com
	B	78	Capistrano Beach	USA	Beachfront Inn & Suites		resort	34734 Coast Highway	9492481316								overture:2769b680-9cb5-4ffd-a94e-987e72cf62d1	2026-08-15T14:05:02.091731Z		Canonical queue drain | fit B | GitHub MASTER dedupe passed	http://www.beachfrontinnatdanapoint.com/?utm_source=local-directories&utm_medium=organic&utm_campaign=travelclick-localconnect	info@beachfrontinnatdanapoint.com	https://www.beachfrontinnatdanapoint.com/contact-us	https://www.instagram.com/beachfrontinnatdanapoint/	https://www.facebook.com/beachfrontinnatdanapoint/		https://www.beachfrontinnatdanapoint.com/dana-point-hotel-rooms				High	Verified	https://explore.overturemaps.org/#id=2769b680-9cb5-4ffd-a94e-987e72cf62d1; https://www.beachfrontinnatdanapoint.com/?utm_source=local-directories&utm_medium=organic&utm_campaign=travelclick-localconnect	Public Overture website; no usable Overture email. First-party public contact crawl required; no inference. Public business email recovered from first-party website; no inference.				overture:2769b680-9cb5-4ffd-a94e-987e72cf62d1	beachfrontinnatdanapoint.com	9492481316	beachfront inn suites	Capistrano Beach	USA	HIGH	domain:beachfrontinnatdanapoint.com
	B	78	Medulin	Croatia	Villa Grey Soul - Medulin/Kroatien		hotel	Ližnjanska cesta 24	+385998132755								overture:1c7ed8bb-3698-44a2-9c95-ac97549daf8f	2026-08-15T14:05:02.091731Z		Canonical queue drain | fit B | GitHub MASTER dedupe passed	http://22estates.com/	info@22estates.com	https://22estates.com/about-us/	https://www.instagram.com/22estates/		https://api.whatsapp.com/send?phone=41766298806&text=Contact%20via%20WhatsApp%20chat	https://22estates.com/booking/villa-fortuna/				Permissive	Qualification	https://explore.overturemaps.org/#id=1c7ed8bb-3698-44a2-9c95-ac97549daf8f; https://22estates.com/home/	Public Overture website; no usable Overture email. First-party public contact crawl required; no inference. Public business email recovered from first-party website; no inference.				overture:1c7ed8bb-3698-44a2-9c95-ac97549daf8f	22estates.com	385998132755	villa grey soul medulin kroatien	Medulin	Croatia	PERMISSIVE	domain:22estates.com
	B	78	Princeville	USA	Pure Kauai		vacation_rental_agent	5118 Iolani Pl	8088286570								overture:1e26c63f-0c2b-4528-b5f1-6dc9518bfc17	2026-08-15T13:58:45.147161Z		Canonical queue drain | fit B | GitHub MASTER dedupe passed	https://www.purekauai.com/	info@purekauai.com	https://www.purekauai.com/about/	https://www.instagram.com/purekauai/	https://www.facebook.com/purekauai/		https://www.purekauai.com/properties/				High	Verified	https://explore.overturemaps.org/#id=1e26c63f-0c2b-4528-b5f1-6dc9518bfc17; https://www.purekauai.com/; https://www.purekauai.com/contact/	Public Overture website; no usable Overture email. First-party public contact crawl required; no inference. Public business email recovered from first-party website; no inference.				overture:1e26c63f-0c2b-4528-b5f1-6dc9518bfc17	purekauai.com	8088286570	pure kauai	Princeville	USA	HIGH	domain:purekauai.com
	B	78	Kapolei	USA	Ola Properties, Inc.		vacation_rental_agent	91-1010 Shangrila St Ste 202	8087374188								overture:6440af75-7373-4440-a504-e761abb83422	2026-08-15T13:58:45.147161Z		Canonical queue drain | fit B | GitHub MASTER dedupe passed	https://www.olaproperties.com/	rentals@olaproperties.com	https://www.olaproperties.com/about-us/	https://www.instagram.com/olaproperties/	https://www.facebook.com/OlaProperties/		https://www.olaproperties.com/vacation-rentals/west-oahu-communities/hillside-villas/				High	Verified	https://explore.overturemaps.org/#id=6440af75-7373-4440-a504-e761abb83422; https://www.olaproperties.com/	Public Overture website; no usable Overture email. First-party public contact crawl required; no inference. Public business email recovered from first-party website; no inference.				overture:6440af75-7373-4440-a504-e761abb83422	olaproperties.com	8087374188	ola properties inc	Kapolei	USA	HIGH	domain:olaproperties.com
	B	78	Princeville	USA	Lani Hanalei		vacation_rental_agent	4125 Kekuanaoa Ln	8084274800								overture:6db15be6-2a76-43e7-8c46-52a1a4babfbe	2026-08-15T13:58:45.147161Z		Canonical queue drain | fit B | GitHub MASTER dedupe passed	http://lanihanalei.com/	stay@lanihanalei.com	https://www.lanihanalei.com/contact-me	https://www.instagram.com/wix/	https://www.facebook.com/wix/		https://www.lanihanalei.com/booking-engine				High	Verified	https://explore.overturemaps.org/#id=6db15be6-2a76-43e7-8c46-52a1a4babfbe; https://www.lanihanalei.com/	Public Overture website; no usable Overture email. First-party public contact crawl required; no inference. Public business email recovered from first-party website; no inference.				overture:6db15be6-2a76-43e7-8c46-52a1a4babfbe	lanihanalei.com	8084274800	lani hanalei	Princeville	USA	HIGH	domain:lanihanalei.com
	B	78	Kíssamos	Greece	Youphoria Villas		hotel	Άγιος Γεώργιος	697 377 2161								overture:2152715a-1dc1-4ca9-bd51-a21eb32b8581	2026-08-15T13:57:19.273253Z		Canonical queue drain | fit B | GitHub MASTER dedupe passed	http://www.youphoriavillascrete.com	info@youphoriavillascrete.com	https://www.youphoriavillascrete.com/about	https://www.instagram.com/youphoriavillascrete/	https://www.facebook.com/youphoriavillascrete/		https://www.youphoriavillascrete.com/de				High	Verified	https://explore.overturemaps.org/#id=2152715a-1dc1-4ca9-bd51-a21eb32b8581; https://www.youphoriavillascrete.com/	Public Overture website; no usable Overture email. First-party public contact crawl required; no inference. Public business email recovered from first-party website; no inference.				overture:2152715a-1dc1-4ca9-bd51-a21eb32b8581	youphoriavillascrete.com	6973772161	youphoria villas	Kíssamos	Greece	HIGH	domain:youphoriavillascrete.com
	B	78	Coventry	United Kingdom	Windmill Village Hotel, Golf Club & Spa		resort	Birmingham Rd	+442476404040								overture:513a07cc-a1e9-4a77-acb9-086fb56df330	2026-08-15T13:57:19.273253Z		Canonical queue drain | fit B | GitHub MASTER dedupe passed	http://www.windmillvillagehotel.co.uk/	events@windmillvillagehotel.co.uk	https://www.windmillvillagehotel.co.uk/contact-us/	https://www.instagram.com/windmillhotelcoventry/	https://www.facebook.com/windmillhotelcoventry/		https://www.windmillvillagehotel.co.uk/rooms/				High	Verified	https://explore.overturemaps.org/#id=513a07cc-a1e9-4a77-acb9-086fb56df330; https://www.windmillvillagehotel.co.uk/; https://www.windmillvillagehotel.co.uk/contact-us/	Public Overture website; no usable Overture email. First-party public contact crawl required; no inference. Public business email recovered from first-party website; no inference.				overture:513a07cc-a1e9-4a77-acb9-086fb56df330	windmillvillagehotel.co.uk	442476404040	windmill village hotel golf club spa	Coventry	United Kingdom	HIGH	domain:windmillvillagehotel.co.uk
	B	78	Meadow Creek	Canada	White Grizzly Cat Skiing		ski_resort	110 Duncan Dam Haul Rd	8008435557								overture:e720e5b4-0cc3-48b2-8eee-6df18efa5f06	2026-08-15T13:57:19.273253Z		Canonical queue drain | fit B | GitHub MASTER dedupe passed	http://www.whitegrizzly.com/	info@whitegrizzly.com	https://whitegrizzly.com/about/	https://www.instagram.com/white.grizzly/	https://www.facebook.com/White.Grizzly.BC/		https://whitegrizzly.com/booking/				High	Verified	https://explore.overturemaps.org/#id=e720e5b4-0cc3-48b2-8eee-6df18efa5f06; https://whitegrizzly.com/; https://whitegrizzly.com/winter-booking/	Public Overture website; no usable Overture email. First-party public contact crawl required; no inference. Public business email recovered from first-party website; no inference.				overture:e720e5b4-0cc3-48b2-8eee-6df18efa5f06	whitegrizzly.com	8008435557	white grizzly cat skiing	Meadow Creek	Canada	HIGH	domain:whitegrizzly.com
	B	78	Αθήνα	Greece	Acropolis View Deluxe Penthouse & Luxury Apartments - Travelvibes		hotel	Φαλήρου 3	+302130994964								overture:8c380c63-56c7-4d03-bccf-beebe492bb63	2026-08-15T13:57:19.273253Z		Canonical queue drain | fit B | GitHub MASTER dedupe passed	http://travelvibes.gr/	reservations@travelvibes.gr	http://travelvibes.gr/about-us/	https://www.instagram.com/travelvibes_luxury_apartments/	https://www.facebook.com/TravelvibesLuxuryApartments/		http://travelvibes.gr/accommodation/				Medium	Recall-first	https://explore.overturemaps.org/#id=8c380c63-56c7-4d03-bccf-beebe492bb63; http://travelvibes.gr/	Public Overture website; no usable Overture email. First-party public contact crawl required; no inference. Public business email recovered from first-party website; no inference.				overture:8c380c63-56c7-4d03-bccf-beebe492bb63	travelvibes.gr	302130994964	acropolis view deluxe penthouse luxury apartments travelvibes	Αθήνα	Greece	MEDIUM	domain:travelvibes.gr
	B	78	Whitstable	United Kingdom	To Tuscany		vacation_rental_agent	Clover House, 1 Thanet Way	03301242148								overture:c1134366-97ad-432a-934a-a1b783d6399b	2026-08-15T13:57:19.273253Z		Canonical queue drain | fit B | GitHub MASTER dedupe passed	http://www.to-tuscany.com/	team@to-tuscany.com	https://www.to-tuscany.com/about-us/	https://www.instagram.com/to_tuscany/	https://www.facebook.com/ToTuscanyUSA/		https://www.to-tuscany.com/chianti-villas				High	Verified	https://explore.overturemaps.org/#id=c1134366-97ad-432a-934a-a1b783d6399b; https://www.to-tuscany.com/; https://www.to-tuscany.com/contact-us/	Public Overture website; no usable Overture email. First-party public contact crawl required; no inference. Public business email recovered from first-party website; no inference.				overture:c1134366-97ad-432a-934a-a1b783d6399b	to-tuscany.com	03301242148	to tuscany	Whitstable	United Kingdom	HIGH	domain:to-tuscany.com
	B	78	Stratford-Upon-Avon	United Kingdom	The Welcombe Hotel, BW Premier Collection		resort	Warwick Road	03300283422								overture:5323751f-f492-4cbc-afa3-86c5a828ffbb	2026-08-15T13:57:19.273253Z		Canonical queue drain | fit B | GitHub MASTER dedupe passed	https://thewelcombehotel.co.uk/	info@thewelcombehotel.co.uk	https://thewelcombehotel.co.uk/contact/	https://www.instagram.com/thewelcombe/	https://www.facebook.com/TheWelcombe/		https://thewelcombehotel.co.uk/our-rooms/				High	Verified	https://explore.overturemaps.org/#id=5323751f-f492-4cbc-afa3-86c5a828ffbb; https://thewelcombehotel.co.uk/	Public Overture website; no usable Overture email. First-party public contact crawl required; no inference. Public business email recovered from first-party website; no inference.				overture:5323751f-f492-4cbc-afa3-86c5a828ffbb	thewelcombehotel.co.uk	03300283422	the welcombe hotel bw premier collection	Stratford-Upon-Avon	United Kingdom	HIGH	domain:thewelcombehotel.co.uk
	B	78	Hospitalet De Llobregat	Spain	Tecnocasa Can Serra agencia inmobiliaria		vacation_rental_agent	avenida De La Electricitat 2	934373057								overture:7b8d1806-6c17-4f16-8778-3924e5a7bb47	2026-08-15T13:57:19.273253Z		Canonical queue drain | fit B | GitHub MASTER dedupe passed	https://hospitaletdellobregat13.tecnocasa.es/	babdf@tecnocasa.es	https://www.tecnocasa.es/contacta/sedes.html	https://www.instagram.com/tecnocasacanserra/	https://www.facebook.com/grupotecnocasa/	https://wa.me/+34636568901					Permissive	Qualification	https://explore.overturemaps.org/#id=7b8d1806-6c17-4f16-8778-3924e5a7bb47; https://hospitaletdellobregat13.tecnocasa.es/hospitaletdellobregat/canserra-canvidalet/	Public Overture website; no usable Overture email. First-party public contact crawl required; no inference. Public business email recovered from first-party website; no inference.				overture:7b8d1806-6c17-4f16-8778-3924e5a7bb47	tecnocasa.es	934373057	tecnocasa can serra agencia inmobiliaria	Hospitalet De Llobregat	Spain	PERMISSIVE	domain:tecnocasa.es
	B	78	Begur	Spain	Sweet Home Costa Brava - Agencia inmobiliaria Begur		vacation_rental_agent	Plaça Forgas	654665360								overture:d7a451c0-1ce0-4cde-8c88-b4cbe738ff4b	2026-08-15T13:57:19.273253Z		Canonical queue drain | fit B | GitHub MASTER dedupe passed	https://www.sweethomecostabrava.com/	info@sweethomecostabrava.com	https://www.sweethomecostabrava.com/contacto/	https://www.instagram.com/sweethomecostabrava/	https://www.facebook.com/sweethomecostabrava/		https://www.sweethomecostabrava.com/wp-content/plugins/wp-simple-booking-calendar-premium/assets/css/style-front-end.min.css?ver=8.5.2				High	Verified	https://explore.overturemaps.org/#id=d7a451c0-1ce0-4cde-8c88-b4cbe738ff4b; https://www.sweethomecostabrava.com/	Public Overture website; no usable Overture email. First-party public contact crawl required; no inference. Public business email recovered from first-party website; no inference.				overture:d7a451c0-1ce0-4cde-8c88-b4cbe738ff4b	sweethomecostabrava.com	654665360	sweet home costa brava agencia inmobiliaria begur	Begur	Spain	HIGH	domain:sweethomecostabrava.com
	B	78	Avon	USA	Sun Realty		vacation_rental_agent	41838 Highway 12	2529955865								overture:24aa0931-c2e8-4111-a2b6-47378a74e14f	2026-08-15T13:57:19.273253Z		Canonical queue drain | fit B | GitHub MASTER dedupe passed	https://www.sunrealtync.com/	kdh@sunrealtync.com	https://www.sunrealtync.com/about-us	https://www.instagram.com/sunrealtync/	https://www.facebook.com/sunrealtync/		https://www.sunrealtync.com/vacation-rentals-outer-banks-north-carolina-towns-and-villages				High	Verified	https://explore.overturemaps.org/#id=24aa0931-c2e8-4111-a2b6-47378a74e14f; https://www.sunrealtync.com/	Public Overture website; no usable Overture email. First-party public contact crawl required; no inference. Public business email recovered from first-party website; no inference.				overture:24aa0931-c2e8-4111-a2b6-47378a74e14f	sunrealtync.com	2529955865	sun realty	Avon	USA	HIGH	domain:sunrealtync.com
	B	78	Sutton	United Kingdom	South France Villas		hotel	2 Villiers Ct Unit 2	020 7060 5414								overture:75d2d946-4525-42a5-952c-ca51bc25a338	2026-08-15T13:57:19.273253Z		Canonical queue drain | fit B | GitHub MASTER dedupe passed	http://www.southfrancevillas.com	info@southfrancevillas.com	https://www.southfrancevillas.com/about-us/	https://www.instagram.com/SouthFranceVillas/	https://www.facebook.com/pages/South-France-Villas/151655584854354/		https://www.southfrancevillas.com/booking-conditions				High	Verified	https://explore.overturemaps.org/#id=75d2d946-4525-42a5-952c-ca51bc25a338; https://www.southfrancevillas.com/	Public Overture website; no usable Overture email. First-party public contact crawl required; no inference. Public business email recovered from first-party website; no inference.				overture:75d2d946-4525-42a5-952c-ca51bc25a338	southfrancevillas.com	02070605414	south france villas	Sutton	United Kingdom	HIGH	domain:southfrancevillas.com
	B	78	Banff	Canada	SkiBig3 - Head Office		ski_resort	215 Banff Avenue, Suite 207	8447542443								overture:f6587dcb-9443-4c57-88cb-31e9483c923b	2026-08-15T13:57:19.273253Z		Canonical queue drain | fit B | GitHub MASTER dedupe passed	https://www.skibig3.com/?utm_source=General+Visitation&utm_medium=All&utm_campaign=Main+Site+Analytics	info@skibig3.com	https://www.skibig3.com/contact-us/	https://www.instagram.com/skibig3/	https://www.facebook.com/SkiBig3/	https://wa.me/18447542443					High	Verified	https://explore.overturemaps.org/#id=f6587dcb-9443-4c57-88cb-31e9483c923b; https://www.skibig3.com/?utm_source=General+Visitation&utm_medium=All&utm_campaign=Main+Site+Analytics; https://www.skibig3.com/contact-us/	Public Overture website; no usable Overture email. First-party public contact crawl required; no inference. Public business email recovered from first-party website; no inference.				overture:f6587dcb-9443-4c57-88cb-31e9483c923b	skibig3.com	8447542443	skibig3 head office	Banff	Canada	HIGH	domain:skibig3.com
	B	78	Potter Heigham	United Kingdom	Melrose Holiday Cottage (Sleeps 6)		vacation_rental_agent	Plot 85A North West Riverbank	01493368300								overture:bb19b3c7-6604-43dc-a8ce-3557d1b8008c	2026-08-15T13:57:19.273253Z		Canonical queue drain | fit B | GitHub MASTER dedupe passed	http://www.riverside-rentals.co.uk/norfolk-broads-holiday-cottages/melrose	info@riverside-rentals.co.uk	https://www.riverside-rentals.co.uk/about-us/	https://www.instagram.com/riversiderentals/	https://www.facebook.com/riversiderentals/		https://www.riverside-rentals.co.uk/properties/cottages/				High	Verified	https://explore.overturemaps.org/#id=bb19b3c7-6604-43dc-a8ce-3557d1b8008c; https://www.riverside-rentals.co.uk/property/melrose/	Public Overture website; no usable Overture email. First-party public contact crawl required; no inference. Public business email recovered from first-party website; no inference.				overture:bb19b3c7-6604-43dc-a8ce-3557d1b8008c	riverside-rentals.co.uk	01493368300	melrose holiday cottage sleeps 6	Potter Heigham	United Kingdom	HIGH	domain:riverside-rentals.co.uk
	B	78	Bath	United Kingdom	Ashley Villa Guest House		hotel	26 Newbridge Road	+441225313604								overture:47f8e27d-4b48-4fbf-a992-48128a065907	2026-08-15T13:57:19.273253Z		Canonical queue drain | fit B | GitHub MASTER dedupe passed	http://www.queensberryestates.co.uk/ashley-villa/	info@queensberryestates.co.uk	https://www.queensberryestates.co.uk/contact-us/	https://www.instagram.com/queensberry_estates_bath/	https://www.facebook.com/profile.php/		https://www.queensberryestates.co.uk/our-properties/				High	Verified	https://explore.overturemaps.org/#id=47f8e27d-4b48-4fbf-a992-48128a065907; https://www.queensberryestates.co.uk/ashley-villa/	Public Overture website; no usable Overture email. First-party public contact crawl required; no inference. Public business email recovered from first-party website; no inference.				overture:47f8e27d-4b48-4fbf-a992-48128a065907	queensberryestates.co.uk	441225313604	ashley villa guest house	Bath	United Kingdom	HIGH	domain:queensberryestates.co.uk
	B	78	Liphook	United Kingdom	Old Thorns Manor Hotel Golf Country Estate		resort	Weavers Downlongmoor Road	01428724555								overture:3037ecff-988c-4aaa-a176-6c61da135c3f	2026-08-15T13:57:19.273253Z		Canonical queue drain | fit B | GitHub MASTER dedupe passed	http://www.oldthorns.com/	reservations@oldthorns.com	https://www.oldthorns.com/about-us/	https://www.instagram.com/oldthornshotel/	https://www.facebook.com/OldThornsHotel/		https://www.oldthorns.com/accommodation/hotel-rooms/				High	Verified	https://explore.overturemaps.org/#id=3037ecff-988c-4aaa-a176-6c61da135c3f; https://www.oldthorns.com/	Public Overture website; no usable Overture email. First-party public contact crawl required; no inference. Public business email recovered from first-party website; no inference.				overture:3037ecff-988c-4aaa-a176-6c61da135c3f	oldthorns.com	01428724555	old thorns manor hotel golf country estate	Liphook	United Kingdom	HIGH	domain:oldthorns.com
	B	78	Oxford	United Kingdom	Old Bank Hotel, by The Oxford Collection		resort	92-94 High Street	01865799599								overture:a1036143-6800-4d7f-8c84-a3f3cc126dbe	2026-08-15T13:57:19.273253Z		Canonical queue drain | fit B | GitHub MASTER dedupe passed	https://www.oldbankhotel.co.uk/	reservations@oldbankhotel.co.uk	https://www.oldbankhotel.co.uk/contacts/	https://www.instagram.com/oldbankhotel/	https://www.facebook.com/oldbankhotel/		https://www.oldbankhotel.co.uk/rooms-and-suites				High	Verified	https://explore.overturemaps.org/#id=a1036143-6800-4d7f-8c84-a3f3cc126dbe; https://www.oldbankhotel.co.uk/	Public Overture website; no usable Overture email. First-party public contact crawl required; no inference. Public business email recovered from first-party website; no inference.				overture:a1036143-6800-4d7f-8c84-a3f3cc126dbe	oldbankhotel.co.uk	01865799599	old bank hotel by the oxford collection	Oxford	United Kingdom	HIGH	domain:oldbankhotel.co.uk
	B	78	Nags Head	USA	OBX Life II		vacation_rental_agent	7308 S Va Dare Trl	8043893341								overture:487f2f19-8465-4809-8440-5be326b43a0d	2026-08-15T13:57:19.273253Z		Canonical queue drain | fit B | GitHub MASTER dedupe passed	http://www.obxliferentals.com/	info@obxliferentals.com	https://obxliferentals.com/contact-us	https://www.instagram.com/obxliferentalproperties/	https://www.facebook.com/269220359764021/		https://obxliferentals.com/management-inquiry				High	Verified	https://explore.overturemaps.org/#id=487f2f19-8465-4809-8440-5be326b43a0d; https://obxliferentals.com/	Public Overture website; no usable Overture email. First-party public contact crawl required; no inference. Public business email recovered from first-party website; no inference.				overture:487f2f19-8465-4809-8440-5be326b43a0d	obxliferentals.com	8043893341	obx life ii	Nags Head	USA	HIGH	domain:obxliferentals.com
	B	78	Chatham	United Kingdom	Music Production Retreat		resort	116 Common Rd	07723 396861								overture:a9117b13-c702-4543-b07b-09d2935bc746	2026-08-15T13:57:19.273253Z		Canonical queue drain | fit B | GitHub MASTER dedupe passed	http://musicproductionretreat.com	info@musicproductionretreat.com	https://www.musicproductionretreat.com/contact-1	https://www.instagram.com/music.production.retreat/	https://www.facebook.com/music.production.retreat/		https://www.musicproductionretreat.com/accommodationandpricing				High	Verified	https://explore.overturemaps.org/#id=a9117b13-c702-4543-b07b-09d2935bc746; https://www.musicproductionretreat.com/; https://www.musicproductionretreat.com/contact-1	Public Overture website; no usable Overture email. First-party public contact crawl required; no inference. Public business email recovered from first-party website; no inference.				overture:a9117b13-c702-4543-b07b-09d2935bc746	musicproductionretreat.com	07723396861	music production retreat	Chatham	United Kingdom	HIGH	domain:musicproductionretreat.com
	B	78	Ringwood	United Kingdom	Midweek Breaks		vacation_rental_agent	5 Lakeside, Headlands Business Park	01425517338								overture:84d87e8d-9751-4686-85f6-1be054dd779e	2026-08-15T13:57:19.273253Z		Canonical queue drain | fit B | GitHub MASTER dedupe passed	https://midweekbreaks.co.uk/	office@midweekbreaks.co.uk	https://midweekbreaks.co.uk/contact/	https://www.instagram.com/midweekbreaksuk/	https://www.facebook.com/holidaysduringtheweek/		https://midweekbreaks.co.uk/owners/shortstayhomes/				High	Verified	https://explore.overturemaps.org/#id=84d87e8d-9751-4686-85f6-1be054dd779e; https://midweekbreaks.co.uk/	Public Overture website; no usable Overture email. First-party public contact crawl required; no inference. Public business email recovered from first-party website; no inference.				overture:84d87e8d-9751-4686-85f6-1be054dd779e	midweekbreaks.co.uk	01425517338	midweek breaks	Ringwood	United Kingdom	HIGH	domain:midweekbreaks.co.uk
	B	78	Περιφερειακή Ενότητα Λακωνίας	Greece	Mezapos Villas		hotel	Μέζαπος	+306972331173								overture:1c2a78fd-be4a-4d7d-9435-b49361387f62	2026-08-15T13:57:19.273253Z		Canonical queue drain | fit B | GitHub MASTER dedupe passed	http://www.mezaposvillas.gr/	6970233585info@mezaposvillas.gr	https://mezaposvillas.gr/en/contact/	https://www.instagram.com/mezapos_villas/	https://www.facebook.com/mezaposvillas/		https://mezaposvillas.gr/en/				High	Verified	https://explore.overturemaps.org/#id=1c2a78fd-be4a-4d7d-9435-b49361387f62; https://mezaposvillas.gr/; https://mezaposvillas.gr/en/contact/	Public Overture website; no usable Overture email. First-party public contact crawl required; no inference. Public business email recovered from first-party website; no inference.				overture:1c2a78fd-be4a-4d7d-9435-b49361387f62	mezaposvillas.gr	306972331173	mezapos villas	Περιφερειακή Ενότητα Λακωνίας	Greece	HIGH	domain:mezaposvillas.gr
	B	78	Ipswich	United Kingdom	Woolverstone Lodge Park		resort	Woolverstone	01473780206								overture:f50fdb43-d4ed-4843-8b9c-70b149e2fb72	2026-08-15T13:57:19.273253Z		Canonical queue drain | fit B | GitHub MASTER dedupe passed	https://www.mdlmarinas.co.uk/holiday-parks/woolverstone-marina-and-lodge-park/	media@mdlmarinas.co.uk	https://www.mdlmarinas.co.uk/contact/	https://www.instagram.com/mdlmarinas/	https://www.facebook.com/mdlmarinas/		https://www.mdlmarinas.co.uk/commercial-properties/				High	Verified	https://explore.overturemaps.org/#id=f50fdb43-d4ed-4843-8b9c-70b149e2fb72; https://www.mdlmarinas.co.uk/holiday-parks/woolverstone-marina-and-lodge-park/; https://www.mdlmarinas.co.uk/media-enquiries/	Public Overture website; no usable Overture email. First-party public contact crawl required; no inference. Public business email recovered from first-party website; no inference.				overture:f50fdb43-d4ed-4843-8b9c-70b149e2fb72	mdlmarinas.co.uk	01473780206	woolverstone lodge park	Ipswich	United Kingdom	HIGH	domain:mdlmarinas.co.uk
	B	78	Tiburon	USA	The Lodge at Tiburon		resort	1651 Tiburon Blvd	8007627770								overture:1ef89684-2670-469f-b80a-9cbd8423e0d3	2026-08-15T13:57:19.273253Z		Canonical queue drain | fit B | GitHub MASTER dedupe passed	https://www.lodgeattiburon.com/	tibfrontdesk@lodgeattiburon.com	https://www.lodgeattiburon.com/contact-us/	https://www.instagram.com/thelodgeattiburon/	https://www.facebook.com/LodgeatTiburon/		https://www.lodgeattiburon.com/rooms-suites/extended-stays/				High	Verified	https://explore.overturemaps.org/#id=1ef89684-2670-469f-b80a-9cbd8423e0d3; https://www.lodgeattiburon.com/	Public Overture website; no usable Overture email. First-party public contact crawl required; no inference. Public business email recovered from first-party website; no inference.				overture:1ef89684-2670-469f-b80a-9cbd8423e0d3	lodgeattiburon.com	8007627770	the lodge at tiburon	Tiburon	USA	HIGH	domain:lodgeattiburon.com
	B	78	Canmore	Canada	Little Sister Getaways		vacation_rental_agent	133B - 306 Bow Valley Trail	4036883400								overture:655de55f-10f8-40c8-baf6-d6dd76c71ad2	2026-08-15T13:57:19.273253Z		Canonical queue drain | fit B | GitHub MASTER dedupe passed	https://www.littlesistergetaways.com/map	info@littlesistergetaways.com	https://www.littlesistergetaways.com/contact	https://www.instagram.com/littlesistergetaways/	https://www.facebook.com/Vacationrentalscanmore/		https://www.littlesistergetaways.com/properties				High	Verified	https://explore.overturemaps.org/#id=655de55f-10f8-40c8-baf6-d6dd76c71ad2; https://www.littlesistergetaways.com/properties; https://www.littlesistergetaways.com/contact	Public Overture website; no usable Overture email. First-party public contact crawl required; no inference. Public business email recovered from first-party website; no inference.				overture:655de55f-10f8-40c8-baf6-d6dd76c71ad2	littlesistergetaways.com	4036883400	little sister getaways	Canmore	Canada	HIGH	domain:littlesistergetaways.com
	B	78	Buxton	USA	Lighthouse View Oceanfront Lodging		resort	46677 N Carolina HWY 12	8002257651								overture:a7fd5133-e958-464e-935a-1b9190a143ba	2026-08-15T13:57:19.273253Z		Canonical queue drain | fit B | GitHub MASTER dedupe passed	https://www.lighthouseview.com/	info@lighthouseview.com	https://lighthouseview.com/contact/	https://www.instagram.com/lighthouseviewnc/	https://www.facebook.com/lighthouseviewnc/		https://lighthouseview.com/vacation-rentals/rooms/				High	Verified	https://explore.overturemaps.org/#id=a7fd5133-e958-464e-935a-1b9190a143ba; https://lighthouseview.com/; https://lighthouseview.com/contact/	Public Overture website; no usable Overture email. First-party public contact crawl required; no inference. Public business email recovered from first-party website; no inference.				overture:a7fd5133-e958-464e-935a-1b9190a143ba	lighthouseview.com	8002257651	lighthouse view oceanfront lodging	Buxton	USA	HIGH	domain:lighthouseview.com
	B	78	Barcelona	Spain	Leonardo Boutique Hotel Barcelona Sagrada Familia		hotel	Carrer de Mallorca, 606	+34932314258								overture:e83dca3a-2ed6-461c-8bd5-b042eba73c46	2026-08-15T13:57:19.273253Z		Canonical queue drain | fit B | GitHub MASTER dedupe passed	https://www.leonardo-hotels.de/leonardo-boutique-hotel-barcelona-sagrada-familia		https://www.leonardo-hotels.de/about	https://www.instagram.com/leonardohotels/	https://www.facebook.com/leonardo.hotels.chain/	https://wa.me/?text=	https://www.leonardo-hotels.de/destinations				High	Verified	https://explore.overturemaps.org/#id=e83dca3a-2ed6-461c-8bd5-b042eba73c46; https://www.leonardo-hotels.de/barcelona/leonardo-boutique-hotel-barcelona-sagrada-familia	Public Overture website; no usable Overture email. First-party public contact crawl required; no inference.				overture:e83dca3a-2ed6-461c-8bd5-b042eba73c46	leonardo-hotels.de	34932314258	leonardo boutique hotel barcelona sagrada familia	Barcelona	Spain	HIGH	domain:leonardo-hotels.de
	B	78	Penticton	Canada	Lakeside Villa & Nordic Spa		hotel	4201 Skaha Lake Road	2504927111								overture:4db2a557-ac8d-408d-b77d-d66cb302fdd8	2026-08-15T13:57:19.273253Z		Canonical queue drain | fit B | GitHub MASTER dedupe passed	http://lakesidevilla.ca/	reservations@lakesidevilla.ca	https://www.lakesidevilla.ca/contact-us	https://www.instagram.com/lakesidevillanordicspa/	https://www.facebook.com/lakesidevillanordicspa/		https://www.lakesidevilla.ca/rooms				High	Verified	https://explore.overturemaps.org/#id=4db2a557-ac8d-408d-b77d-d66cb302fdd8; https://www.lakesidevilla.ca/	Public Overture website; no usable Overture email. First-party public contact crawl required; no inference. Public business email recovered from first-party website; no inference.				overture:4db2a557-ac8d-408d-b77d-d66cb302fdd8	lakesidevilla.ca	2504927111	lakeside villa nordic spa	Penticton	Canada	HIGH	domain:lakesidevilla.ca
	B	78	Cherryville	Canada	Gostlin Keefer Lake Lodge		resort	Highway 6	8445333371								overture:bc623c02-cd8d-4b3d-a3ad-4014771c72a3	2026-08-15T13:57:19.273253Z		Canonical queue drain | fit B | GitHub MASTER dedupe passed	http://keeferlakelodge.com/	info@keeferlakelodge.com	https://keeferlakelodge.com/contact-us.html	https://www.instagram.com/keefer.lake.lodge/	https://www.facebook.com/keeferlakelodge/		https://keeferlakelodge.com/book-now.html				High	Verified	https://explore.overturemaps.org/#id=bc623c02-cd8d-4b3d-a3ad-4014771c72a3; https://keeferlakelodge.com/	Public Overture website; no usable Overture email. First-party public contact crawl required; no inference. Public business email recovered from first-party website; no inference.				overture:bc623c02-cd8d-4b3d-a3ad-4014771c72a3	keeferlakelodge.com	8445333371	gostlin keefer lake lodge	Cherryville	Canada	HIGH	domain:keeferlakelodge.com
	B	78	Αλυκές	Greece	Joya Luxury Villas		hotel	Unnamed Road	+306989716582								overture:c4c2d6f8-6a7b-4def-a00b-8cc303ddfd53	2026-08-15T13:57:19.273253Z		Canonical queue drain | fit B | GitHub MASTER dedupe passed	http://www.joya-luxury-villas.gr/		http://www.joya-luxury-villas.gr/contact	https://www.instagram.com/joyaluxuryvillas/	https://www.facebook.com/joyaluxuryvillas/	https://api.whatsapp.com/send?phone=306989716582	https://www.joya-luxury-villas.gr/assets/images/booking.jpg				High	Verified	https://explore.overturemaps.org/#id=c4c2d6f8-6a7b-4def-a00b-8cc303ddfd53	Public Overture website; no usable Overture email. First-party public contact crawl required; no inference.				overture:c4c2d6f8-6a7b-4def-a00b-8cc303ddfd53	joya-luxury-villas.gr	306989716582	joya luxury villas	Αλυκές	Greece	HIGH	domain:joya-luxury-villas.gr
	B	78	Gillingham	United Kingdom	Chatham Ski & Snowboard Centre		ski_resort	Capstone Rd	01634 827979								overture:b105a3ae-d407-478a-bd07-8531b6864453	2026-08-15T13:57:19.273253Z		Canonical queue drain | fit B | GitHub MASTER dedupe passed	http://www.jnlchatham.co.uk	info@jnlchatham.co.uk	https://www.jnlchatham.co.uk/contact-us/	https://www.instagram.com/chatham_snowsports_centre/	https://www.facebook.com/chathamsnowsportscentre/		https://bookings.jnlchatham.co.uk/WebBasket/Cart.aspx				Medium	Recall-first	https://explore.overturemaps.org/#id=b105a3ae-d407-478a-bd07-8531b6864453; https://www.jnlchatham.co.uk/	Public Overture website; no usable Overture email. First-party public contact crawl required; no inference. Public business email recovered from first-party website; no inference.				overture:b105a3ae-d407-478a-bd07-8531b6864453	jnlchatham.co.uk	01634827979	chatham ski snowboard centre	Gillingham	United Kingdom	MEDIUM	domain:jnlchatham.co.uk
	B	78	Barcelona	Spain	INMOMARTO S.L		vacation_rental_agent	Carrer de Viladomat, 85	934255484								overture:bf909d01-4759-4c36-881a-686bb1265e45	2026-08-15T13:57:19.273253Z		Canonical queue drain | fit B | GitHub MASTER dedupe passed	http://www.inmomarto.com/	info@inmomarto.com	https://www.inmomarto.com/contacto	https://www.instagram.com/inmomarto/	https://www.facebook.com/profile.php/	https://api.whatsapp.com/send?phone=34654831370					Permissive	Qualification	https://explore.overturemaps.org/#id=bf909d01-4759-4c36-881a-686bb1265e45; https://www.inmomarto.com/	Public Overture website; no usable Overture email. First-party public contact crawl required; no inference. Public business email recovered from first-party website; no inference.				overture:bf909d01-4759-4c36-881a-686bb1265e45	inmomarto.com	934255484	inmomarto s l	Barcelona	Spain	PERMISSIVE	domain:inmomarto.com
	B	78	Cranborne	United Kingdom	New Forest Lodges		resort	Gold Oak Farm	01725 517654								overture:8dd4a862-06e4-4a5d-9b7c-8d27e5afc8ef	2026-08-15T13:57:19.273253Z		Canonical queue drain | fit B | GitHub MASTER dedupe passed	http://www.holidaylogcabins.co.uk	info@holidaylogcabins.co.uk	https://www.holidaylogcabins.co.uk/contact-us	https://www.instagram.com/goldoakfarm/	https://www.facebook.com/goldoakfarmshop/		https://www.holidaylogcabins.co.uk/ca-ES				High	Verified	https://explore.overturemaps.org/#id=8dd4a862-06e4-4a5d-9b7c-8d27e5afc8ef; https://www.holidaylogcabins.co.uk/	Public Overture website; no usable Overture email. First-party public contact crawl required; no inference. Public business email recovered from first-party website; no inference.				overture:8dd4a862-06e4-4a5d-9b7c-8d27e5afc8ef	holidaylogcabins.co.uk	01725517654	new forest lodges	Cranborne	United Kingdom	HIGH	domain:holidaylogcabins.co.uk
	B	78	Half Moon Bay	USA	Half Moon Bay Lodge		resort	2400 Cabrillo Highway S	6507269000								overture:8ebacb26-ca96-4674-943c-3acc53507382	2026-08-15T13:57:19.273253Z		Canonical queue drain | fit B | GitHub MASTER dedupe passed	https://www.halfmoonbaylodge.com/	reservations@halfmoonbaylodge.com	https://www.halfmoonbaylodge.com/contact-us	https://www.instagram.com/halfmoonbaylodge/	https://www.facebook.com/HalfMoonBayLodge/		https://www.halfmoonbaylodge.com/hotel-accommodations				High	Verified	https://explore.overturemaps.org/#id=8ebacb26-ca96-4674-943c-3acc53507382; https://www.halfmoonbaylodge.com/	Public Overture website; no usable Overture email. First-party public contact crawl required; no inference. Public business email recovered from first-party website; no inference.				overture:8ebacb26-ca96-4674-943c-3acc53507382	halfmoonbaylodge.com	6507269000	half moon bay lodge	Half Moon Bay	USA	HIGH	domain:halfmoonbaylodge.com
	B	78	Hayward	USA	Ghost Lake Lodge		resort	12355 N Scheers Rd	7154623939								overture:0061661d-429e-4b54-9ef6-920c77204bce	2026-08-15T13:57:19.273253Z		Canonical queue drain | fit B | GitHub MASTER dedupe passed	http://www.ghostlakelodge.com/	info@ghostlakelodge.com	https://www.ghostlakelodge.com/about-us.html	https://www.instagram.com/ghostlakelodge/	https://www.facebook.com/GhostLakeLodge/		https://www.ghostlakelodge.com/rooms.html				High	Verified	https://explore.overturemaps.org/#id=0061661d-429e-4b54-9ef6-920c77204bce; https://www.ghostlakelodge.com/	Public Overture website; no usable Overture email. First-party public contact crawl required; no inference. Public business email recovered from first-party website; no inference.				overture:0061661d-429e-4b54-9ef6-920c77204bce	ghostlakelodge.com	7154623939	ghost lake lodge	Hayward	USA	HIGH	domain:ghostlakelodge.com
	B	78	Vidreres	Spain	Inmobiliaria Finques Niu		vacation_rental_agent	Carrer Lloret , 35	684233892								overture:5073fd7f-7751-473f-bbd3-50c4971870cc	2026-08-15T13:57:19.273253Z		Canonical queue drain | fit B | GitHub MASTER dedupe passed	https://www.finquesniu.com/	info@finquesniu.com	https://www.finquesniu.com/es/contacto	https://www.instagram.com/finquesniu/	https://www.facebook.com/FinquesNiu/		https://www.finquesniu.com/es/compra-venta/casas-chalets				Medium	Recall-first	https://explore.overturemaps.org/#id=5073fd7f-7751-473f-bbd3-50c4971870cc; https://www.finquesniu.com/	Public Overture website; no usable Overture email. First-party public contact crawl required; no inference. Public business email recovered from first-party website; no inference.				overture:5073fd7f-7751-473f-bbd3-50c4971870cc	finquesniu.com	684233892	inmobiliaria finques niu	Vidreres	Spain	MEDIUM	domain:finquesniu.com
	B	78	Almont	USA	Taylor River Lodge		resort	10931 County Road 742	9702375985								overture:c829b7ac-4af3-4a1c-9532-7d19666e33ab	2026-08-15T13:57:19.273253Z		Canonical queue drain | fit B | GitHub MASTER dedupe passed	https://elevenexperience.com/taylor-river-lodge-colorado	jobs@elevenexperience.com	https://elevenexperience.com/about-us	https://www.instagram.com/elevenexperience/	https://www.facebook.com/elevenexperience/		https://elevenexperience.com/lodge-destinations				High	Verified	https://explore.overturemaps.org/#id=c829b7ac-4af3-4a1c-9532-7d19666e33ab; https://elevenexperience.com/lodge-destinations/colorado-usa/eleven-scarp-ridge-lodge; https://elevenexperience.com/about-us; https://elevenexperience.com/about-us/careers	Public Overture website; no usable Overture email. First-party public contact crawl required; no inference. Public business email recovered from first-party website; no inference.				overture:c829b7ac-4af3-4a1c-9532-7d19666e33ab	elevenexperience.com	9702375985	taylor river lodge	Almont	USA	HIGH	domain:elevenexperience.com
	B	78	Invermere	Canada	Headwaters Lodge at Eagle Ranch Resort		resort	9581 Eagle Ranch Trail	2503420562								overture:dc6b0853-fc8f-4bee-8935-310301ea91be	2026-08-15T13:57:19.273253Z		Canonical queue drain | fit B | GitHub MASTER dedupe passed	http://eagleranchresort.com/	info@eagleranchresort.com	https://eagleranchresort.com/about/contact-us/	https://www.instagram.com/eagleranchresort/	https://www.facebook.com/eagleranchresort/		https://eagleranchresort.com/golf/book-a-tee-time				High	Verified	https://explore.overturemaps.org/#id=dc6b0853-fc8f-4bee-8935-310301ea91be; https://eagleranchresort.com/; https://eagleranchresort.com/about/contact-us/	Public Overture website; no usable Overture email. First-party public contact crawl required; no inference. Public business email recovered from first-party website; no inference.				overture:dc6b0853-fc8f-4bee-8935-310301ea91be	eagleranchresort.com	2503420562	headwaters lodge at eagle ranch resort	Invermere	Canada	HIGH	domain:eagleranchresort.com
	B	78	Oxford	United Kingdom	Cotswold Lodge Hotel		resort	66A Banbury Road, 66A Banbury Road	01865512121								overture:8bb8f842-8612-4ed9-94d0-eba701786d33	2026-08-15T13:57:19.273253Z		Canonical queue drain | fit B | GitHub MASTER dedupe passed	http://www.cotswoldlodgehotel.co.uk/	enquiries@cotswoldlodgehotel.co.uk	https://www.cotswoldlodgehotel.co.uk/contact/	https://www.instagram.com/cotswoldlodgehotel/	https://www.facebook.com/CLHOxford/		https://www.cotswoldlodgehotel.co.uk/accommodation/				High	Verified	https://explore.overturemaps.org/#id=8bb8f842-8612-4ed9-94d0-eba701786d33; https://www.cotswoldlodgehotel.co.uk/	Public Overture website; no usable Overture email. First-party public contact crawl required; no inference. Public business email recovered from first-party website; no inference.				overture:8bb8f842-8612-4ed9-94d0-eba701786d33	cotswoldlodgehotel.co.uk	01865512121	cotswold lodge hotel	Oxford	United Kingdom	HIGH	domain:cotswoldlodgehotel.co.uk
	B	78	Ridgway	USA	Chipeta Lodge		resort	304 S Lena St	8885734899								overture:145beead-70bd-4e96-91c4-f91717f3d9aa	2026-08-15T13:57:19.273253Z		Canonical queue drain | fit B | GitHub MASTER dedupe passed	https://chipetalodge.com/	hello@chipetalodge.com	http://chipetalodge.com/about-us/	https://www.instagram.com/chipetalodge/	https://www.facebook.com/chipeta/		https://chipetalodge.com/guest-rooms/locha-suites/				High	Verified	https://explore.overturemaps.org/#id=145beead-70bd-4e96-91c4-f91717f3d9aa; https://chipetalodge.com/	Public Overture website; no usable Overture email. First-party public contact crawl required; no inference. Public business email recovered from first-party website; no inference.				overture:145beead-70bd-4e96-91c4-f91717f3d9aa	chipetalodge.com	8885734899	chipeta lodge	Ridgway	USA	HIGH	domain:chipetalodge.com
	B	78	Sant Jaume D'enveja	Spain	Casetes del Delta		vacation_rental_agent	Calle Sant Cristofol s/n	657800085								overture:f390c797-53a1-4614-a8ec-e731c96ff70c	2026-08-15T13:57:19.273253Z		Canonical queue drain | fit B | GitHub MASTER dedupe passed	http://www.casesdeltaebre.com/	info@casesdeltaebre.com	https://casesdeltaebre.com/contacte-onsom/	https://www.instagram.com/cases_del_delta/	https://www.facebook.com/casesdeldelta/		https://casesdeltaebre.com/les-casetes/villa-paquita/				Medium	Recall-first	https://explore.overturemaps.org/#id=f390c797-53a1-4614-a8ec-e731c96ff70c; https://casesdeltaebre.com/	Public Overture website; no usable Overture email. First-party public contact crawl required; no inference. Public business email recovered from first-party website; no inference.				overture:f390c797-53a1-4614-a8ec-e731c96ff70c	casesdeltaebre.com	657800085	casetes del delta	Sant Jaume D'enveja	Spain	MEDIUM	domain:casesdeltaebre.com
	B	78	Attleborough	United Kingdom	Breckland Lodge		resort	London Rd	01953455202								overture:abedc08c-7e1f-43f6-bed2-d2142c3937fc	2026-08-15T13:57:19.273253Z		Canonical queue drain | fit B | GitHub MASTER dedupe passed	http://www.brecklandlodge.co.uk/	hello@brecklandlodge.co.uk	https://brecklandlodge.co.uk/about-us/	https://www.instagram.com/brecklandlodge/	https://www.facebook.com/brecklandlodge/		https://brecklandlodge.co.uk/wp-content/themes/redcat/assets/css/booking-system.css?ver=1.3.8				High	Verified	https://explore.overturemaps.org/#id=abedc08c-7e1f-43f6-bed2-d2142c3937fc; https://brecklandlodge.co.uk/	Public Overture website; no usable Overture email. First-party public contact crawl required; no inference. Public business email recovered from first-party website; no inference.				overture:abedc08c-7e1f-43f6-bed2-d2142c3937fc	brecklandlodge.co.uk	01953455202	breckland lodge	Attleborough	United Kingdom	HIGH	domain:brecklandlodge.co.uk
	B	78	Breckenridge	USA	The Breckenridge Boutique Hotel		resort	275 Ski Hill Rd	9703434702								overture:fba7aef0-caaf-41c1-b8e4-5a9c5cd6d2cb	2026-08-15T13:57:19.273253Z		Canonical queue drain | fit B | GitHub MASTER dedupe passed	http://breckhotel.com/	team@breckhotel.com	https://www.breckhotel.com/contact	https://www.instagram.com/breckhotel/	https://www.facebook.com/BreckHotel/		https://www.breckhotel.com/rooms				High	Verified	https://explore.overturemaps.org/#id=fba7aef0-caaf-41c1-b8e4-5a9c5cd6d2cb; https://www.breckhotel.com/	Public Overture website; no usable Overture email. First-party public contact crawl required; no inference. Public business email recovered from first-party website; no inference.				overture:fba7aef0-caaf-41c1-b8e4-5a9c5cd6d2cb	breckhotel.com	9703434702	the breckenridge boutique hotel	Breckenridge	USA	HIGH	domain:breckhotel.com
	B	78	London	United Kingdom	Tower Residences by Blue Orchid		hotel	13-17 Byward St	020 3972 1800								overture:acea63f2-553e-405f-86ce-a077788ea401	2026-08-15T13:57:19.273253Z		Canonical queue drain | fit B | GitHub MASTER dedupe passed	https://www.blueorchid.com/en/index.html	reservations@blueorchid.com	https://www.blueorchid.com/about	https://www.instagram.com/blueorchidgroup/	https://www.facebook.com/Blue-Orchid-Hotels-101321485552949/		https://www.blueorchid.com/our-hotels-in-london?utm_source=website&utm_medium=imagebutton&utm_campaign=directbooking				High	Verified	https://explore.overturemaps.org/#id=acea63f2-553e-405f-86ce-a077788ea401; https://www.blueorchid.com/	Public Overture website; no usable Overture email. First-party public contact crawl required; no inference. Public business email recovered from first-party website; no inference.				overture:acea63f2-553e-405f-86ce-a077788ea401	blueorchid.com	02039721800	tower residences by blue orchid	London	United Kingdom	HIGH	domain:blueorchid.com
	B	78	Kelowna	Canada	Big White Ski Resort		resort	5315 Big White Rd	2507653101								overture:e8d97525-6d6c-4f7d-bba9-1a7218d67044	2026-08-15T13:57:19.273253Z		Canonical queue drain | fit B | GitHub MASTER dedupe passed	http://www.bigwhite.com/	rentals@bigwhite.com	https://www.bigwhite.com/feedback-contact-us	https://www.instagram.com/skibigwhite/	https://www.facebook.com/pages/Big-White-Ski-Resort/7296168274/		https://www.bigwhite.com/plan-your-trip/accommodation/booking-with-us				High	Verified	https://explore.overturemaps.org/#id=e8d97525-6d6c-4f7d-bba9-1a7218d67044; https://www.bigwhite.com/geo/kel; https://www.bigwhite.com/feedback-contact-us	Public Overture website; no usable Overture email. First-party public contact crawl required; no inference. Public business email recovered from first-party website; no inference.				overture:e8d97525-6d6c-4f7d-bba9-1a7218d67044	bigwhite.com	2507653101	big white ski resort	Kelowna	Canada	HIGH	domain:bigwhite.com
	B	78	Carmel Valley	USA	Bernardus Lodge & Spa		resort	415 W Carmel Valley Rd	8316583400								overture:01bed760-41d0-4bef-bb86-32d50ce8cbef	2026-08-15T13:57:19.273253Z		Canonical queue drain | fit B | GitHub MASTER dedupe passed	https://www.bernarduslodge.com/	reservations@bernarduslodge.com	https://www.bernarduslodge.com/contact-us	https://www.instagram.com/bernarduslodge/	https://www.facebook.com/bernarduslodge/		https://www.bernarduslodge.com/bernardus-lodge-accommodations				High	Verified	https://explore.overturemaps.org/#id=01bed760-41d0-4bef-bb86-32d50ce8cbef; https://www.bernarduslodge.com/	Public Overture website; no usable Overture email. First-party public contact crawl required; no inference. Public business email recovered from first-party website; no inference.				overture:01bed760-41d0-4bef-bb86-32d50ce8cbef	bernarduslodge.com	8316583400	bernardus lodge spa	Carmel Valley	USA	HIGH	domain:bernarduslodge.com
	B	78	El Vendrell	Spain	BRUÑO & VENTURA INVESTMENT GROUP		vacation_rental_agent	Av Catalunya, 3	687930586								overture:0c220be1-cc9d-4890-b108-066252547eee	2026-08-15T13:57:19.273253Z		Canonical queue drain | fit B | GitHub MASTER dedupe passed	http://www.bandv.es/	comercial@bandv.es	https://www.bandv.es/	https://www.instagram.com/bruno.and.ventura/	https://www.facebook.com/BrunoAndVentura/		https://www.bandv.es/ficha/single-family-house/segur-de-calafell/las-villas/1687/23062484/en/				High	Verified	https://explore.overturemaps.org/#id=0c220be1-cc9d-4890-b108-066252547eee; https://www.bandv.es/	Public Overture website; no usable Overture email. First-party public contact crawl required; no inference. Public business email recovered from first-party website; no inference.				overture:0c220be1-cc9d-4890-b108-066252547eee	bandv.es	687930586	bruno ventura investment group	El Vendrell	Spain	HIGH	domain:bandv.es
	B	78	L'escala	Spain	BAHIA CONCIERGERIE L'Escala		vacation_rental_agent	Passeig Mar	621249605								overture:97a755a0-1e2c-464b-82a7-ec52bc9fbc91	2026-08-15T13:57:19.273253Z		Canonical queue drain | fit B | GitHub MASTER dedupe passed	https://www.bahiaconciergerie.com/		https://bahiaconciergerie.com/contactez-bahia-conciergerie/	https://www.instagram.com/bahia_conciergerie_escala/	https://www.facebook.com/BAHIAConciergerieCostaBrava/	https://api.whatsapp.com/send?phone=34621249605	https://bahiaconciergerie.com/airbnb-ou-booking-location-costa-brava/				High	Verified	https://explore.overturemaps.org/#id=97a755a0-1e2c-464b-82a7-ec52bc9fbc91; https://bahiaconciergerie.com/	Public Overture website; no usable Overture email. First-party public contact crawl required; no inference.				overture:97a755a0-1e2c-464b-82a7-ec52bc9fbc91	bahiaconciergerie.com	621249605	bahia conciergerie l escala	L'escala	Spain	HIGH	domain:bahiaconciergerie.com
	B	78	Stratford-upon-Avon	United Kingdom	Avon Estates		resort	Avon Park	01789 299492								overture:46ea0f06-87e6-49e8-8de9-037acdae9c7c	2026-08-15T13:57:19.273253Z		Canonical queue drain | fit B | GitHub MASTER dedupe passed	https://avon-estates.co.uk	reception@avon-estates.co.uk	https://avon-estates.co.uk/holidays-about-us/	https://www.instagram.com/stratfordparksholidays/	https://www.facebook.com/riversidestratford/		https://bookings.avon-estates.co.uk/2/booking1				High	Verified	https://explore.overturemaps.org/#id=46ea0f06-87e6-49e8-8de9-037acdae9c7c; https://avon-estates.co.uk/; https://avon-estates.co.uk	Public Overture website; no usable Overture email. First-party public contact crawl required; no inference. Public business email recovered from first-party website; no inference.				overture:46ea0f06-87e6-49e8-8de9-037acdae9c7c	avon-estates.co.uk	01789299492	avon estates	Stratford-upon-Avon	United Kingdom	HIGH	domain:avon-estates.co.uk
	B	78	Κρυονερίδα	Greece	Aspalathos Villas, Chania Crete		hotel	Φίλιππος Αποκορωνου	+306945991681								overture:13292397-812a-4c8c-84aa-b0e9e8d2041f	2026-08-15T13:57:19.273253Z		Canonical queue drain | fit B | GitHub MASTER dedupe passed	http://www.aspalathos-villas.gr/	info@aspalathos-villas.gr	https://aspalathos-villas.gr/en/594426/contact	https://www.instagram.com/aspalathosvillas/	https://www.facebook.com/aspalathosvillas/		http://www.aspalathos-villas.gr/el				High	Verified	https://explore.overturemaps.org/#id=13292397-812a-4c8c-84aa-b0e9e8d2041f; https://aspalathos-villas.gr/; https://aspalathos-villas.gr/en/594426/contact	Public Overture website; no usable Overture email. First-party public contact crawl required; no inference. Public business email recovered from first-party website; no inference.				overture:13292397-812a-4c8c-84aa-b0e9e8d2041f	aspalathos-villas.gr	306945991681	aspalathos villas chania crete	Κρυονερίδα	Greece	HIGH	domain:aspalathos-villas.gr
	B	78	Cefalonia	Greece	Amari Villa Kefalonia Greece | Luxury Villas With Private Pool | Spartia		cabin	Spartia	+442033895539								overture:2867e8da-0de8-49d7-ab59-b63624c46aec	2026-08-15T13:57:19.273253Z		Canonical queue drain | fit B | GitHub MASTER dedupe passed	https://www.amarivilla.com/?utm_source=Organic&utm_medium=GMB-Listing&utm_id=Google	info@amarivilla.com	https://amarivilla.com/about-us/	https://www.instagram.com/amarivilla/	https://www.facebook.com/amarivillakefalonia/		https://amarivilla.com/booking-conditions/				High	Verified	https://explore.overturemaps.org/#id=2867e8da-0de8-49d7-ab59-b63624c46aec; https://amarivilla.com/?utm_source=Organic&utm_medium=GMB-Listing&utm_id=Google	Public Overture website; no usable Overture email. First-party public contact crawl required; no inference. Public business email recovered from first-party website; no inference.				overture:2867e8da-0de8-49d7-ab59-b63624c46aec	amarivilla.com	442033895539	amari villa kefalonia greece luxury villas with private pool spartia	Cefalonia	Greece	HIGH	domain:amarivilla.com
	B	78	Sant Celoni	Spain	Allianz Seguros - Agencia Ara Gestions 2020		vacation_rental_agent	Carrer Balmes, 23	938675823								overture:a1edd606-5d5e-4b79-9aef-aa472ba54bed	2026-08-15T13:57:19.273253Z		Canonical queue drain | fit B | GitHub MASTER dedupe passed	https://www.allianz.es/agencia/arafinques.html	atencion.idiomacooficial@allianz.es	https://www.allianz.es/contacto.html	https://www.instagram.com/allianz_es/	https://www.facebook.com/allianz.seguros.arafinques/	https://wa.me/34638930466?text=Hola					Permissive	Qualification	https://explore.overturemaps.org/#id=a1edd606-5d5e-4b79-9aef-aa472ba54bed; https://www.allianz.es/agencia/arafinques.html; https://www.allianz.es/contacto.html	Public Overture website; no usable Overture email. First-party public contact crawl required; no inference. Public business email recovered from first-party website; no inference.				overture:a1edd606-5d5e-4b79-9aef-aa472ba54bed	allianz.es	938675823	allianz seguros agencia ara gestions 2020	Sant Celoni	Spain	PERMISSIVE	domain:allianz.es
	B	78	Broadstairs	United Kingdom	15 Albion Street Boutique Retreat Broadstairs		hotel	15 Albion Street	+447889322581								overture:8525d922-843e-4331-82b9-2b7d67654f32	2026-08-15T13:57:19.273253Z		Canonical queue drain | fit B | GitHub MASTER dedupe passed	https://15albionstreet.com/	bookings@15albionstreet.com	https://15albionstreet.com/about-us/	https://www.instagram.com/15albionstreet/	https://www.facebook.com/15albionstreet/		https://15albionstreet.com/rooms/				High	Verified	https://explore.overturemaps.org/#id=8525d922-843e-4331-82b9-2b7d67654f32; https://15albionstreet.com/	Public Overture website; no usable Overture email. First-party public contact crawl required; no inference. Public business email recovered from first-party website; no inference.				overture:8525d922-843e-4331-82b9-2b7d67654f32	15albionstreet.com	447889322581	15 albion street boutique retreat broadstairs	Broadstairs	United Kingdom	HIGH	domain:15albionstreet.com
	B	78	Kaş	Greece	Yazlıkcım		vacation_rental_agent	Kalkan Mahallesi Şehitler Caddesi No : 53	4440725								overture:60370a6a-a649-4bcf-a7b3-96bba3f0e3ae	2026-08-15T13:51:02.020466Z		Canonical queue drain | fit B | GitHub MASTER dedupe passed	https://www.yazlikcim.com.tr/	rezervasyon@yazlikcim.com.tr		https://www.instagram.com/yazlikcim/	https://www.facebook.com/yazlikcimtatil/	https://wa.me/905447747373	https://cdn.yazlikcim.com.tr/uploads/290918_balayi-villas-zeytin-yazlikcim-1.jpg				High	Verified	https://explore.overturemaps.org/#id=60370a6a-a649-4bcf-a7b3-96bba3f0e3ae; https://www.yazlikcim.com.tr/	Public Overture website; no usable Overture email. First-party public contact crawl required; no inference. Public business email recovered from first-party website; no inference.				overture:60370a6a-a649-4bcf-a7b3-96bba3f0e3ae	yazlikcim.com.tr	4440725	yazlkcm	Kaş	Greece	HIGH	domain:yazlikcim.com.tr
	B	78	Θήρα	Greece	Volcano View Hotel And Villas		hotel		+302286024890								overture:8b95152a-d3ce-4f1b-8070-52e6745a5c97	2026-08-15T13:51:02.020466Z		Canonical queue drain | fit B | GitHub MASTER dedupe passed	http://www.volcano-view.com	info@volcano-view.com	https://www.volcano-view.com/contact/	https://www.instagram.com/volcanoviewhotel/	https://www.facebook.com/volcanoview/		https://www.volcano-view.com/erotas-villa/				High	Verified	https://explore.overturemaps.org/#id=8b95152a-d3ce-4f1b-8070-52e6745a5c97; https://www.volcano-view.com/	Public Overture website; no usable Overture email. First-party public contact crawl required; no inference. Public business email recovered from first-party website; no inference.				overture:8b95152a-d3ce-4f1b-8070-52e6745a5c97	volcano-view.com	302286024890	volcano view hotel and villas	Θήρα	Greece	HIGH	domain:volcano-view.com
	B	78	Stateline	USA	Adventure Peak		ski_resort	4080 Lake Tahoe Blvd.	(775) 586-7000								overture:8f16b423-8fc3-47b0-8826-74b9e194db2a	2026-08-15T13:51:02.020466Z		Canonical queue drain | fit B | GitHub MASTER dedupe passed	https://visitlaketahoe.com/family/epic-discovery-at-heavenly-mountain-resort	info@visitlaketahoe.com	https://visitlaketahoe.com/about-us/	https://www.instagram.com/visitlaketahoe_official/	https://www.facebook.com/VisitLakeTahoeOfficial/		https://visitlaketahoe.com/hotels/suites/				High	Verified	https://explore.overturemaps.org/#id=8f16b423-8fc3-47b0-8826-74b9e194db2a; https://visitlaketahoe.com/family/epic-discovery-at-heavenly-mountain-resort/; https://visitlaketahoe.com/about-us/	Public Overture website; no usable Overture email. First-party public contact crawl required; no inference. Public business email recovered from first-party website; no inference.				overture:8f16b423-8fc3-47b0-8826-74b9e194db2a	visitlaketahoe.com	7755867000	adventure peak	Stateline	USA	HIGH	domain:visitlaketahoe.com
	B	78	Naousa	Greece	Villa Kelly Rooms & Suites		resort	Main Street	2284051610								overture:78efafdd-0783-406f-ba4f-cf54504224ac	2026-08-15T13:51:02.020466Z		Canonical queue drain | fit B | GitHub MASTER dedupe passed	https://www.villakellyparos.com/	info@villakellyparos.com	https://www.villakellyparos.com/contact	https://www.instagram.com/villakellyroomsandsuites/	https://www.facebook.com/villakellyparos/		https://www.villakellyparos.com/accommodation/rooms				High	Verified	https://explore.overturemaps.org/#id=78efafdd-0783-406f-ba4f-cf54504224ac; https://www.villakellyparos.com/	Public Overture website; no usable Overture email. First-party public contact crawl required; no inference. Public business email recovered from first-party website; no inference.				overture:78efafdd-0783-406f-ba4f-cf54504224ac	villakellyparos.com	2284051610	villa kelly rooms suites	Naousa	Greece	HIGH	domain:villakellyparos.com
	B	78	Σαντορίνη	Greece	Tramonto Private Villa		resort	Μονόλιθος	2286021270								overture:c7824e8b-8542-44d1-bfc6-4fdca1cb14d6	2026-08-15T13:51:02.020466Z		Canonical queue drain | fit B | GitHub MASTER dedupe passed	https://www.tramontoprivatevilla.com/	info@tramontoprivatevilla.com	https://www.tramontoprivatevilla.com/contact/	https://www.instagram.com/TramontoPrivateVilla/	https://www.facebook.com/TramontoPrivateVilla/		https://www.tramontoprivatevilla.com/villa-santorini/				High	Verified	https://explore.overturemaps.org/#id=c7824e8b-8542-44d1-bfc6-4fdca1cb14d6; https://www.tramontoprivatevilla.com/	Public Overture website; no usable Overture email. First-party public contact crawl required; no inference. Public business email recovered from first-party website; no inference.				overture:c7824e8b-8542-44d1-bfc6-4fdca1cb14d6	tramontoprivatevilla.com	2286021270	tramonto private villa	Σαντορίνη	Greece	HIGH	domain:tramontoprivatevilla.com
	B	78	Izmir	Greece	Teos Village Spa & Wellness		resort	3219 Sk. No:27 Sığacık	(0232) 745 74 67								overture:fd5bb393-8246-455e-b889-5017496621ea	2026-08-15T13:51:02.020466Z		Canonical queue drain | fit B | GitHub MASTER dedupe passed	http://www.teosvillage.com	info@teosvillage.com	https://www.teosvillage.com/wp-content/plugins/contact-form-7/includes/css/styles.css?ver=6.1.6	https://www.instagram.com/teosvillage/	https://www.facebook.com/islamiotelteosvillage/		https://www.teosvillage.com/aile/				High	Verified	https://explore.overturemaps.org/#id=fd5bb393-8246-455e-b889-5017496621ea; https://www.teosvillage.com/	Public Overture website; no usable Overture email. First-party public contact crawl required; no inference. Public business email recovered from first-party website; no inference.				overture:fd5bb393-8246-455e-b889-5017496621ea	teosvillage.com	02327457467	teos village spa wellness	Izmir	Greece	HIGH	domain:teosvillage.com
	B	78	Tahoe City	USA	Tahoe Rental Company		vacation_rental_agent	3220 N Lake Blvd	5305837488								overture:fb249858-136c-42e4-9796-43629d756fe3	2026-08-15T13:51:02.020466Z		Canonical queue drain | fit B | GitHub MASTER dedupe passed	https://www.tahoerentalcompany.com/	evan@tahoerentalcompany.com	https://www.tahoerentalcompany.com/about-us	https://www.instagram.com/tahoerentalcompany_/	https://www.facebook.com/tahoerentalco/		https://www.tahoerentalcompany.com/lake-tahoe-vacation-rentals/homes-cabins				High	Verified	https://explore.overturemaps.org/#id=fb249858-136c-42e4-9796-43629d756fe3; https://www.tahoerentalcompany.com/; https://www.tahoerentalcompany.com/about-us	Public Overture website; no usable Overture email. First-party public contact crawl required; no inference. Public business email recovered from first-party website; no inference.				overture:fb249858-136c-42e4-9796-43629d756fe3	tahoerentalcompany.com	5305837488	tahoe rental company	Tahoe City	USA	HIGH	domain:tahoerentalcompany.com
	B	78	Κουφονήσια	Greece	Sohoro residences		hotel	Koufonisia	+302285074499								overture:6f03930b-08ef-4ab9-a17a-b058249ba911	2026-08-15T13:51:02.020466Z		Canonical queue drain | fit B | GitHub MASTER dedupe passed	http://sohoro.gr/	info@sohoro.gr	https://www.sohoro.gr/contact/		https://www.facebook.com/Sohorospilia/	https://wa.me/306947997368	https://www.sohoro.gr/accommodation/				High	Verified	https://explore.overturemaps.org/#id=6f03930b-08ef-4ab9-a17a-b058249ba911; https://www.sohoro.gr/	Public Overture website; no usable Overture email. First-party public contact crawl required; no inference. Public business email recovered from first-party website; no inference.				overture:6f03930b-08ef-4ab9-a17a-b058249ba911	sohoro.gr	302285074499	sohoro residences	Κουφονήσια	Greece	HIGH	domain:sohoro.gr
	B	78	Fethiye	Greece	Smans Villas		hotel	OLUDENIZ MAHALLESI ATATURK CADDESI	+447459326966								overture:5e9d3528-a8ad-4bd1-a029-07b1e90fc3a2	2026-08-15T13:51:02.020466Z		Canonical queue drain | fit B | GitHub MASTER dedupe passed	https://www.smansvillas.com/		https://smansvillas.com/en/about-us	https://www.instagram.com/smansvillas/	https://www.facebook.com/pg/turkeyvillarental/reviews/	https://api.whatsapp.com/send?phone=+447459326966&text=Merhaba	https://smansvillas.com/en				High	Verified	https://explore.overturemaps.org/#id=5e9d3528-a8ad-4bd1-a029-07b1e90fc3a2; https://www.smansvillas.com/; https://smansvillas.com/en/about-us	Public Overture website; no usable Overture email. First-party public contact crawl required; no inference.				overture:5e9d3528-a8ad-4bd1-a029-07b1e90fc3a2	smansvillas.com	447459326966	smans villas	Fethiye	Greece	HIGH	domain:smansvillas.com
	B	78	Çeşme	Greece	Alaçatı Şirin Villa Hotel çeşme		resort	Ilıca mahallesi 5133 Sokak no 32	05324521155								overture:986fb8a6-abfc-4db3-b9ac-068d0391a165	2026-08-15T13:51:02.020466Z		Canonical queue drain | fit B | GitHub MASTER dedupe passed	https://www.sirinvilla.com/	info@sirinvilla.com		https://www.instagram.com/sirin_villa_otel/	https://www.facebook.com/cesmesirinvillaotel/	https://wa.me/905324521155?text=Merhaba%2C%20rezervasyon%20hakk%C4%B1nda%20bilgi%20almak%20istiyorum.	https://www.sirinvilla.com/de.html				High	Verified	https://explore.overturemaps.org/#id=986fb8a6-abfc-4db3-b9ac-068d0391a165; https://www.sirinvilla.com/	Public Overture website; no usable Overture email. First-party public contact crawl required; no inference. Public business email recovered from first-party website; no inference.				overture:986fb8a6-abfc-4db3-b9ac-068d0391a165	sirinvilla.com	05324521155	alacat sirin villa hotel cesme	Çeşme	Greece	HIGH	domain:sirinvilla.com
	B	78	Santorini	Greece	Sienna Eco Resort		hotel	Έξω Γυαλός Φηρά	2286 024910								overture:f834aa8b-e897-49cf-96cb-e8ca62909361	2026-08-15T13:51:02.020466Z		Canonical queue drain | fit B | GitHub MASTER dedupe passed	http://www.siennaresort.com	info@siennaresort.com	https://www.siennaresort.com/contact/	https://www.instagram.com/siennaresort_santorini/	https://www.facebook.com/siennaresortSantorini/		https://www.siennaresort.com/premium-villa-with-private-pool/				High	Verified	https://explore.overturemaps.org/#id=f834aa8b-e897-49cf-96cb-e8ca62909361; https://www.siennaresort.com/	Public Overture website; no usable Overture email. First-party public contact crawl required; no inference. Public business email recovered from first-party website; no inference.				overture:f834aa8b-e897-49cf-96cb-e8ca62909361	siennaresort.com	2286024910	sienna eco resort	Santorini	Greece	HIGH	domain:siennaresort.com
	B	78	Χερσόνησος	Greece	Sardines Luxury Villas & Suites		hotel		+306974443082								overture:ddbdb1d5-1e33-48b5-9f9b-7176d01b9e31	2026-08-15T13:51:02.020466Z		Canonical queue drain | fit B | GitHub MASTER dedupe passed	https://sardinesvillas.gr/sardines-villas-in-crete-en/	sardinesvillasandsuites@gmail.com	https://sardinesvillas.gr/location-contact-en/	https://www.instagram.com/sardinesluxuryvillasandsuites/	https://www.facebook.com/sardinesluxuryvillas/		https://sardinesvillas.gr/sardines-luxury-suites/				High	Verified	https://explore.overturemaps.org/#id=ddbdb1d5-1e33-48b5-9f9b-7176d01b9e31; https://sardinesvillas.gr/	Public Overture website; no usable Overture email. First-party public contact crawl required; no inference. Public business email recovered from first-party website; no inference.				overture:ddbdb1d5-1e33-48b5-9f9b-7176d01b9e31	sardinesvillas.gr	306974443082	sardines luxury villas suites	Χερσόνησος	Greece	HIGH	domain:sardinesvillas.gr
	B	78	Marble Falls	USA	Safari for the Soul Luxury Glamping		hotel	9109 E Fm 1431	9493788431								overture:c4007e2f-3300-42ec-baca-5af5d8f63b36	2026-08-15T13:51:02.020466Z		Canonical queue drain | fit B | GitHub MASTER dedupe passed	http://www.safariforthesoulglamping.com/	safariforthesoultents@gmail.com	https://safariforthesoulglamping.com/about-us/	https://www.instagram.com/safariforthesoul/	https://www.facebook.com/austinglamping/		https://safariforthesoulglamping.com/our-properties/				Permissive	Qualification	https://explore.overturemaps.org/#id=c4007e2f-3300-42ec-baca-5af5d8f63b36; https://safariforthesoulglamping.com/; https://safariforthesoulglamping.com/contact-us/	Public Overture website; no usable Overture email. First-party public contact crawl required; no inference. Public business email recovered from first-party website; no inference.				overture:c4007e2f-3300-42ec-baca-5af5d8f63b36	safariforthesoulglamping.com	9493788431	safari for the soul luxury glamping	Marble Falls	USA	PERMISSIVE	domain:safariforthesoulglamping.com
	B	78	Δήμος Θάσου	Greece	Redstone Luxury Villas		holiday_rental_home	Unnamed Road	+306945161978								overture:7a921256-642c-4b82-8895-22d630422a8f	2026-08-15T13:51:02.020466Z		Canonical queue drain | fit B | GitHub MASTER dedupe passed	http://www.redstone.gr/	kokkinosilias.potosstudios@yahoo.com	https://www.redstone.gr/booking.asp	https://www.instagram.com/redstone/	https://www.facebook.com/RedstoneLuxuryVillas/		https://www.redstone.gr/villas.asp				High	Verified	https://explore.overturemaps.org/#id=7a921256-642c-4b82-8895-22d630422a8f; https://www.redstone.gr/	Public Overture website; no usable Overture email. First-party public contact crawl required; no inference. Public business email recovered from first-party website; no inference.				overture:7a921256-642c-4b82-8895-22d630422a8f	redstone.gr	306945161978	redstone luxury villas	Δήμος Θάσου	Greece	HIGH	domain:redstone.gr
	B	78	St Andrews	United Kingdom	Premier Stays Fife		vacation_rental_agent	Stewarts Resort	01334209202								overture:72915342-dbd2-4d62-90db-28cc9ae90a43	2026-08-15T13:51:02.020466Z		Canonical queue drain | fit B | GitHub MASTER dedupe passed	http://premierstaysfife.co.uk/	info@premierstaysfife.co.uk	https://premierstaysfife.co.uk/about-us/	https://www.instagram.com/premierstaysfife/	https://www.facebook.com/premierstaysfife/		https://booking.premierstaysfife.co.uk/rentals/favourites/				High	Verified	https://explore.overturemaps.org/#id=72915342-dbd2-4d62-90db-28cc9ae90a43; https://premierstaysfife.co.uk/	Public Overture website; no usable Overture email. First-party public contact crawl required; no inference. Public business email recovered from first-party website; no inference.				overture:72915342-dbd2-4d62-90db-28cc9ae90a43	premierstaysfife.co.uk	01334209202	premier stays fife	St Andrews	United Kingdom	HIGH	domain:premierstaysfife.co.uk
	B	78	Alpine Meadows	USA	Palisades Tahoe at Alpine Meadows		ski_resort	2600 Alpine Meadows Rd	8004030207								overture:50f1d5d6-5d9e-42e0-b685-fcc071e4675b	2026-08-15T13:51:02.020466Z		Canonical queue drain | fit B | GitHub MASTER dedupe passed	https://www.palisadestahoe.com/explore/palisades-tahoe-ski-resort#tab=alpine-meadows	info@palisadestahoe.com	https://www.palisadestahoe.com/explore/about-us	https://www.instagram.com/palisadestahoe/	https://www.facebook.com/palisadestahoe/		https://www.palisadestahoe.com/the-village/home				High	Verified	https://explore.overturemaps.org/#id=50f1d5d6-5d9e-42e0-b685-fcc071e4675b; https://www.palisadestahoe.com/#tab=alpine-meadows; https://www.palisadestahoe.com/	Public Overture website; no usable Overture email. First-party public contact crawl required; no inference. Public business email recovered from first-party website; no inference.				overture:50f1d5d6-5d9e-42e0-b685-fcc071e4675b	palisadestahoe.com	8004030207	palisades tahoe at alpine meadows	Alpine Meadows	USA	HIGH	domain:palisadestahoe.com
	B	78	Réthimnon	Greece	Palazzo Greco Villas		hotel	agia galini	+306948828804								overture:91c14c5c-393f-48b4-8401-eee0e8862390	2026-08-15T13:51:02.020466Z		Canonical queue drain | fit B | GitHub MASTER dedupe passed	http://www.palazzogrecovillas.com/	info@palazzogrecovillas.com	https://palazzogrecovillas.com/contact/	https://www.instagram.com/palazzogrecovillas/		https://wa.me/00306948828804	https://palazzogrecovillas.com/wp-content/uploads/the7-css/the7-elements-albums-portfolio.css?ver=3d6848ce91dd				High	Verified	https://explore.overturemaps.org/#id=91c14c5c-393f-48b4-8401-eee0e8862390; https://palazzogrecovillas.com/	Public Overture website; no usable Overture email. First-party public contact crawl required; no inference. Public business email recovered from first-party website; no inference.				overture:91c14c5c-393f-48b4-8401-eee0e8862390	palazzogrecovillas.com	306948828804	palazzo greco villas	Réthimnon	Greece	HIGH	domain:palazzogrecovillas.com
	B	78	Αποκεντρωμένη Διοίκηση Αιγαίου	Greece	Ossiano Pool Villas		hotel	Massari	+306936721150								overture:2f696c3e-3088-4bba-90d3-0855984176d1	2026-08-15T13:51:02.020466Z		Canonical queue drain | fit B | GitHub MASTER dedupe passed	http://www.ossianopoolvillas.gr/		https://ossianopoolvillas.gr/about-us-2/	https://www.instagram.com/ossiano_pool_villas/	https://www.facebook.com/profile.php/	https://wa.me/+306936721150	https://ossianopoolvillas.gr/wp-content/plugins/ba-book-everything/css/babe-modal.css?ver=1.6.13				High	Verified	https://explore.overturemaps.org/#id=2f696c3e-3088-4bba-90d3-0855984176d1; https://ossianopoolvillas.gr/	Public Overture website; no usable Overture email. First-party public contact crawl required; no inference.				overture:2f696c3e-3088-4bba-90d3-0855984176d1	ossianopoolvillas.gr	306936721150	ossiano pool villas	Αποκεντρωμένη Διοίκηση Αιγαίου	Greece	HIGH	domain:ossianopoolvillas.gr
	B	78	Θήρα	Greece	Lilium Hotel Santorini		hotel	Fira	+302286025333								overture:c23e134b-239f-4725-b675-079070dddb05	2026-08-15T13:51:02.020466Z		Canonical queue drain | fit B | GitHub MASTER dedupe passed	http://www.liliumsantorini.com/	info@liliumsantorini.com	https://www.liliumsantorini.com/contact	https://www.instagram.com/lilium_hotel_santorini/	https://www.facebook.com/LiliumSantorini/		https://www.liliumsantorini.com/accommodation				High	Verified	https://explore.overturemaps.org/#id=c23e134b-239f-4725-b675-079070dddb05; https://www.liliumsantorini.com/	Public Overture website; no usable Overture email. First-party public contact crawl required; no inference. Public business email recovered from first-party website; no inference.				overture:c23e134b-239f-4725-b675-079070dddb05	liliumsantorini.com	302286025333	lilium hotel santorini	Θήρα	Greece	HIGH	domain:liliumsantorini.com
	B	78	Δήμος Θάσου	Greece	Kefi Luxury Villas		holiday_rental_home		+306937295225								overture:5a3761fb-1d68-4c5a-b54e-537841eb6a3a	2026-08-15T13:51:02.020466Z		Canonical queue drain | fit B | GitHub MASTER dedupe passed	https://kefiluxuryvillas.com/	info@kefiluxuryvillas.com	https://kefiluxuryvillas.com/about-us/	https://www.instagram.com/qodeinteractive/	https://www.facebook.com/QodeInteractive/		https://kefiluxuryvillas.com/de/				High	Verified	https://explore.overturemaps.org/#id=5a3761fb-1d68-4c5a-b54e-537841eb6a3a; https://kefiluxuryvillas.com/	Public Overture website; no usable Overture email. First-party public contact crawl required; no inference. Public business email recovered from first-party website; no inference.				overture:5a3761fb-1d68-4c5a-b54e-537841eb6a3a	kefiluxuryvillas.com	306937295225	kefi luxury villas	Δήμος Θάσου	Greece	HIGH	domain:kefiluxuryvillas.com
	B	78	Τήνος	Greece	KaYa Tinos Luxury Villas		lodging	Άγιος Ρωμανός	+306980709800								overture:356acd2d-c1b1-4766-b2af-165cf2d6056e	2026-08-15T13:51:02.020466Z		Canonical queue drain | fit B | GitHub MASTER dedupe passed	https://www.kayatinos.gr/	reservations@kayatinos.gr	https://www.kayatinos.gr/contact/	https://www.instagram.com/kayatinos/	https://www.facebook.com/profile.php/		https://www.kayatinos.gr/wp-content/themes/vforvanilla/inc/blocks/villas/villas-style.css?ver=6.8.5				High	Verified	https://explore.overturemaps.org/#id=356acd2d-c1b1-4766-b2af-165cf2d6056e; https://www.kayatinos.gr/	Public Overture website; no usable Overture email. First-party public contact crawl required; no inference. Public business email recovered from first-party website; no inference.				overture:356acd2d-c1b1-4766-b2af-165cf2d6056e	kayatinos.gr	306980709800	kaya tinos luxury villas	Τήνος	Greece	HIGH	domain:kayatinos.gr
	B	78	Καβάλα	Greece	Kavala Resort & Spa		hotel	Σισμανόγλου	+302510316737								overture:e56aaffc-978f-4a87-a2b5-57f3d2ae4b59	2026-08-15T13:51:02.020466Z		Canonical queue drain | fit B | GitHub MASTER dedupe passed	https://kavala-resort-spa.com/	info@kavala-resort-spa.com	https://kavala-resort-spa.com/about	https://www.instagram.com/kavala_resort_spa/	https://www.facebook.com/kavalaresortspa/		https://kavala-resort-spa.com/wp-content/plugins/motopress-hotel-booking/assets/css/mphb.min.css?ver=5.0.4				High	Verified	https://explore.overturemaps.org/#id=e56aaffc-978f-4a87-a2b5-57f3d2ae4b59; https://kavala-resort-spa.com/	Public Overture website; no usable Overture email. First-party public contact crawl required; no inference. Public business email recovered from first-party website; no inference.				overture:e56aaffc-978f-4a87-a2b5-57f3d2ae4b59	kavala-resort-spa.com	302510316737	kavala resort spa	Καβάλα	Greece	HIGH	domain:kavala-resort-spa.com
	B	78	Κοινότητα Βραχασίου	Greece	Kalimera Kriti Hotel & Village Resort		hotel		+302841069000								overture:5c5bbec8-4028-4bb9-80c9-623d3211fdb6	2026-08-15T13:51:02.020466Z		Canonical queue drain | fit B | GitHub MASTER dedupe passed	http://www.kalimerakriti.gr/	reservations@kalimerakriti.gr	https://kalimerakriti.gr/contact/	https://www.instagram.com/kalimerakritihotel/	https://www.facebook.com/kalimerakritihotelandvillageresort/		https://kalimerakriti.gr/rooms-suites/				High	Verified	https://explore.overturemaps.org/#id=5c5bbec8-4028-4bb9-80c9-623d3211fdb6; https://kalimerakriti.gr/; https://kalimerakriti.gr/contact/	Public Overture website; no usable Overture email. First-party public contact crawl required; no inference. Public business email recovered from first-party website; no inference.				overture:5c5bbec8-4028-4bb9-80c9-623d3211fdb6	kalimerakriti.gr	302841069000	kalimera kriti hotel village resort	Κοινότητα Βραχασίου	Greece	HIGH	domain:kalimerakriti.gr
	B	78	Μάλια	Greece	Ikaros Beach Luxury Resort & Spa		resort	Μάλια	2897 502900								overture:d3c13705-fd9e-4472-848f-67ab6664b08a	2026-08-15T13:51:02.020466Z		Canonical queue drain | fit B | GitHub MASTER dedupe passed	https://www.ikarosvillage.gr	reservations@ikarosvillage.gr	https://www.ikarosvillage.gr/contact-us/	https://www.instagram.com/ikarosbeachcrete/	https://www.facebook.com/IkarosBeachResortSpa/		https://www.ikarosvillage.gr/accommodation/				High	Verified	https://explore.overturemaps.org/#id=d3c13705-fd9e-4472-848f-67ab6664b08a; https://www.ikarosvillage.gr/; https://www.ikarosvillage.gr	Public Overture website; no usable Overture email. First-party public contact crawl required; no inference. Public business email recovered from first-party website; no inference.				overture:d3c13705-fd9e-4472-848f-67ab6664b08a	ikarosvillage.gr	2897502900	ikaros beach luxury resort spa	Μάλια	Greece	HIGH	domain:ikarosvillage.gr
	B	78	Φοίνικας	Greece	Alianthos Estate Resort ex Alianthos Garden Hotel		hotel		+302832031280								overture:822871f2-f7e5-4a1a-8a1c-155288d2d7cb	2026-08-15T13:51:02.020466Z		Canonical queue drain | fit B | GitHub MASTER dedupe passed	https://www.hotelalianthos.com/		https://www.hotelalianthos.com/about-us	https://www.instagram.com/alianthosestate_resort/	https://www.facebook.com/AlianthosEstateResort/	https://wa.me/306976880662	https://www.hotelalianthos.com/media/vfrl43qw/booking2019.jpg?width=150				High	Verified	https://explore.overturemaps.org/#id=822871f2-f7e5-4a1a-8a1c-155288d2d7cb; https://www.hotelalianthos.com/	Public Overture website; no usable Overture email. First-party public contact crawl required; no inference.				overture:822871f2-f7e5-4a1a-8a1c-155288d2d7cb	hotelalianthos.com	302832031280	alianthos estate resort ex alianthos garden hotel	Φοίνικας	Greece	HIGH	domain:hotelalianthos.com
	B	78	Pamukkale	Greece	Gül Residence Bağbaşı / Denizli		resort	Zeytinköy Acıpayam Bulvari No: 28	05323353355								overture:bb937bcf-ccb8-447b-b642-0f3646b7c104	2026-08-15T13:51:02.020466Z		Canonical queue drain | fit B | GitHub MASTER dedupe passed	https://gulresidence.com/	gulresidencedenizli@gmail.com	https://www.gulresidence.com/contact	https://www.instagram.com/gul.residence/	https://www.facebook.com/gul.residence/	https://api.whatsapp.com/send?phone=905323353355					Permissive	Qualification	https://explore.overturemaps.org/#id=bb937bcf-ccb8-447b-b642-0f3646b7c104; https://www.gulresidence.com/	Public Overture website; no usable Overture email. First-party public contact crawl required; no inference. Public business email recovered from first-party website; no inference.				overture:bb937bcf-ccb8-447b-b642-0f3646b7c104	gulresidence.com	05323353355	gul residence bagbas denizli	Pamukkale	Greece	PERMISSIVE	domain:gulresidence.com
	B	78	Κάρπαθος	Greece	Grannys Villas Finiki		hotel	finiki karpathos	+306983626354								overture:27c0651f-3474-4a6f-ad8f-74415ced876c	2026-08-15T13:51:02.020466Z		Canonical queue drain | fit B | GitHub MASTER dedupe passed	https://www.grannysvillas.com/	grannysvillas@gmail.com	https://www.grannysvillas.com/contact	https://www.instagram.com/wix/	https://www.facebook.com/wix/		https://www.grannysvillas.com/photo-gallery				High	Verified	https://explore.overturemaps.org/#id=27c0651f-3474-4a6f-ad8f-74415ced876c; https://www.grannysvillas.com/; https://www.grannysvillas.com/contact	Public Overture website; no usable Overture email. First-party public contact crawl required; no inference. Public business email recovered from first-party website; no inference.				overture:27c0651f-3474-4a6f-ad8f-74415ced876c	grannysvillas.com	306983626354	grannys villas finiki	Κάρπαθος	Greece	HIGH	domain:grannysvillas.com
	B	78	Gournes	Greece	Geolivia Estate Twin Villas - Luxurious Rentals		cabin	Agiou Antoniou ke Nikolaou	2103316656								overture:cbbcd99a-7984-4730-b4e8-7bbcf914d18a	2026-08-15T13:51:02.020466Z		Canonical queue drain | fit B | GitHub MASTER dedupe passed	https://www.geoliviavillas.com/	info@geoliviavillas.com	https://www.geoliviavillas.com/contact/	https://www.instagram.com/geolivia_villas/	https://www.facebook.com/GeoliviaVillas/		https://www.geoliviavillas.com/feed/				High	Verified	https://explore.overturemaps.org/#id=cbbcd99a-7984-4730-b4e8-7bbcf914d18a; https://www.geoliviavillas.com/	Public Overture website; no usable Overture email. First-party public contact crawl required; no inference. Public business email recovered from first-party website; no inference.				overture:cbbcd99a-7984-4730-b4e8-7bbcf914d18a	geoliviavillas.com	2103316656	geolivia estate twin villas luxurious rentals	Gournes	Greece	HIGH	domain:geoliviavillas.com
	B	78	Θήρα	Greece	Galaxy Suites and Villas		hotel	Imerovigli	+302286022753								overture:4caabf56-0a3e-4e39-ac98-61238c94f314	2026-08-15T13:51:02.020466Z		Canonical queue drain | fit B | GitHub MASTER dedupe passed	http://www.galaxysuites.gr/	reservations@galaxysuites.gr	https://galaxysuites.gr/about/	https://www.instagram.com/galaxysuitesvillas/	https://www.facebook.com/galaxysuites/		https://galaxysuites.gr/accommodation/				High	Verified	https://explore.overturemaps.org/#id=4caabf56-0a3e-4e39-ac98-61238c94f314; https://galaxysuites.gr/; https://galaxysuites.gr/contact/	Public Overture website; no usable Overture email. First-party public contact crawl required; no inference. Public business email recovered from first-party website; no inference.				overture:4caabf56-0a3e-4e39-ac98-61238c94f314	galaxysuites.gr	302286022753	galaxy suites and villas	Θήρα	Greece	HIGH	domain:galaxysuites.gr
	B	78	Concan	USA	Frio Premier Rental Homes		vacation_rental_agent	21170 Texas 127	8302324935								overture:2d3b01e4-18e3-4b00-bcd0-85db32092d99	2026-08-15T13:51:02.020466Z		Canonical queue drain | fit B | GitHub MASTER dedupe passed	http://friorentalhomes.com/	info@friorentalhomes.com	https://www.friorentalhomes.com/frio-river-premier-vacation-rental-homes	https://www.instagram.com/friorentalhomes/	https://www.facebook.com/people/Frio-Rental-Homes/100085606456843/		https://www.friorentalhomes.com/vacation-rentals-golf-included				High	Verified	https://explore.overturemaps.org/#id=2d3b01e4-18e3-4b00-bcd0-85db32092d99; https://www.friorentalhomes.com/	Public Overture website; no usable Overture email. First-party public contact crawl required; no inference. Public business email recovered from first-party website; no inference.				overture:2d3b01e4-18e3-4b00-bcd0-85db32092d99	friorentalhomes.com	8302324935	frio premier rental homes	Concan	USA	HIGH	domain:friorentalhomes.com
	B	78	Greece-Islands-Mainland-Premium::g12of2x2::lane=site-recovery	Greece	Euro Village Achilleas Hotel		resort		2242 059160								overture:9b74ab33-3784-4997-ac77-e4bb36f52a93	2026-08-15T13:51:02.020466Z		Canonical queue drain | fit B | GitHub MASTER dedupe passed	http://www.eurovillageachilleashotel.com	info@eurovillageachilleashotel.com	https://www.eurovillageachilleashotel.com/contact/	https://www.instagram.com/eurovillageachilleas/	https://www.facebook.com/EuroVillageAchilleas/		https://www.eurovillageachilleashotel.com/de/				High	Verified	https://explore.overturemaps.org/#id=9b74ab33-3784-4997-ac77-e4bb36f52a93; https://www.eurovillageachilleashotel.com/	Public Overture website; no usable Overture email. First-party public contact crawl required; no inference. Public business email recovered from first-party website; no inference.				overture:9b74ab33-3784-4997-ac77-e4bb36f52a93	eurovillageachilleashotel.com	2242059160	euro village achilleas hotel	Greece-Islands-Mainland-Premium::g12of2x2::lane=site-recovery	Greece	HIGH	domain:eurovillageachilleashotel.com
	B	78	Μύκονος	Greece	Arte and Mare Elia Mykonos Luxury Suites and Spa		hotel	Elia Beach	+302289072002								overture:71edc1e4-f684-4b16-aa00-2c0148a92ab7	2026-08-15T13:51:02.020466Z		Canonical queue drain | fit B | GitHub MASTER dedupe passed	http://www.eliasuites.com	info@eliasuites.com	https://www.eliasuites.com/contact	https://www.instagram.com/arte_mare_eliasuites/	https://www.facebook.com/profile.php/		https://www.eliasuites.com/elia-beach-mykonos-hotel/idolio-villas				High	Verified	https://explore.overturemaps.org/#id=71edc1e4-f684-4b16-aa00-2c0148a92ab7; https://www.eliasuites.com/; https://www.eliasuites.com/contact	Public Overture website; no usable Overture email. First-party public contact crawl required; no inference. Public business email recovered from first-party website; no inference.				overture:71edc1e4-f684-4b16-aa00-2c0148a92ab7	eliasuites.com	302289072002	arte and mare elia mykonos luxury suites and spa	Μύκονος	Greece	HIGH	domain:eliasuites.com
	B	78	Fethiye	Greece	Dedehan Retreat Otel		resort	Çenger Merkez Sokak No:37	05416351324								overture:14b854dd-43ad-4d7f-a522-6146d89572de	2026-08-15T13:51:02.020466Z		Canonical queue drain | fit B | GitHub MASTER dedupe passed	https://dedehanretreat.com/	info@dedehanretreat.com	https://dedehanretreat.com/en/contact/	https://www.instagram.com/dedehanretreat/	https://www.facebook.com/dedehanretreat/		https://dedehanretreat.com/en/rooms/				High	Verified	https://explore.overturemaps.org/#id=14b854dd-43ad-4d7f-a522-6146d89572de; https://dedehanretreat.com/	Public Overture website; no usable Overture email. First-party public contact crawl required; no inference. Public business email recovered from first-party website; no inference.				overture:14b854dd-43ad-4d7f-a522-6146d89572de	dedehanretreat.com	05416351324	dedehan retreat otel	Fethiye	Greece	HIGH	domain:dedehanretreat.com
	B	78	Αφάντου	Greece	Blue Sea Holiday Village		hotel		+302241052007								overture:4e84bc34-9129-49b8-bbc3-781f214d57f1	2026-08-15T13:51:02.020466Z		Canonical queue drain | fit B | GitHub MASTER dedupe passed	http://www.bluesearesorts.gr/	info@bluesearesorts.gr	https://www.bluesearesorts.gr/contact-us/	https://www.instagram.com/bluesearesorts.gr/	https://www.facebook.com/bluesearesortcollection/		https://www.bluesearesorts.gr/wp-content/plugins/motopress-hotel-booking/assets/css/mphb.min.css?ver=5.1.0				High	Verified	https://explore.overturemaps.org/#id=4e84bc34-9129-49b8-bbc3-781f214d57f1; https://www.bluesearesorts.gr/	Public Overture website; no usable Overture email. First-party public contact crawl required; no inference. Public business email recovered from first-party website; no inference.				overture:4e84bc34-9129-49b8-bbc3-781f214d57f1	bluesearesorts.gr	302241052007	blue sea holiday village	Αφάντου	Greece	HIGH	domain:bluesearesorts.gr
	B	78	Θήρα	Greece	Belle Etoile Villas		hotel	Epar.Od. Firon-Ias	+306970814112								overture:c74bbc24-fed2-4d2b-b635-539c0dcb7360	2026-08-15T13:51:02.020466Z		Canonical queue drain | fit B | GitHub MASTER dedupe passed	http://www.belle-etoile.gr/	info@belle-etoile.gr	https://belle-etoile.gr/about-us/	https://www.instagram.com/belleetoilevillas/	https://www.facebook.com/belleetoilevillas/		https://belle-etoile.gr/rooms				High	Verified	https://explore.overturemaps.org/#id=c74bbc24-fed2-4d2b-b635-539c0dcb7360; https://belle-etoile.gr/	Public Overture website; no usable Overture email. First-party public contact crawl required; no inference. Public business email recovered from first-party website; no inference.				overture:c74bbc24-fed2-4d2b-b635-539c0dcb7360	belle-etoile.gr	306970814112	belle etoile villas	Θήρα	Greece	HIGH	domain:belle-etoile.gr
	B	78	Banchory	United Kingdom	Banchory Lodge Hotel		resort	Dee Street	01330822625								overture:8f301ee0-0523-4581-8d0e-a9c5d3609f18	2026-08-15T13:51:02.020466Z		Canonical queue drain | fit B | GitHub MASTER dedupe passed	https://www.banchorylodge.com/?utm_source=bing&utm_medium=local&utm_campaign=banchory-lodge	enquiries@banchorylodge.com	https://www.banchorylodge.com/contact	https://www.instagram.com/banchorylodge/	https://www.facebook.com/pages/Banchory-Lodge-Hotel/111824262228337/		https://www.banchorylodge.com/sleep/all-rooms				High	Verified	https://explore.overturemaps.org/#id=8f301ee0-0523-4581-8d0e-a9c5d3609f18; https://www.banchorylodge.com/?utm_source=bing&utm_medium=local&utm_campaign=banchory-lodge	Public Overture website; no usable Overture email. First-party public contact crawl required; no inference. Public business email recovered from first-party website; no inference.				overture:8f301ee0-0523-4581-8d0e-a9c5d3609f18	banchorylodge.com	01330822625	banchory lodge hotel	Banchory	United Kingdom	HIGH	domain:banchorylodge.com
	B	78	Αφάντου	Greece	Argiro Village Hotel		resort	Avenue Rhodes - Lindos	+302241052174								overture:702d4c90-ea03-4e2a-a5cb-ec4adf36c542	2026-08-15T13:51:02.020466Z		Canonical queue drain | fit B | GitHub MASTER dedupe passed	http://www.argirovillage.gr/	info@argirovillage.gr	https://argirovillage.gr/contact-us/	https://www.instagram.com/argiro_village/	https://www.facebook.com/ArgiroVillage/		https://argirovillage.gr/accommodation/				High	Verified	https://explore.overturemaps.org/#id=702d4c90-ea03-4e2a-a5cb-ec4adf36c542; https://argirovillage.gr/	Public Overture website; no usable Overture email. First-party public contact crawl required; no inference. Public business email recovered from first-party website; no inference.				overture:702d4c90-ea03-4e2a-a5cb-ec4adf36c542	argirovillage.gr	302241052174	argiro village hotel	Αφάντου	Greece	HIGH	domain:argirovillage.gr
	B	78	Δημοτική Ενότητα Μαλίων	Greece	Amazones Villas Apartments		hotel	Ειρήνης 359	+302897031488								overture:a8bc2096-7713-4c0e-9718-3769778d441f	2026-08-15T13:51:02.020466Z		Canonical queue drain | fit B | GitHub MASTER dedupe passed	http://www.amazoneshotels.com/	dev.edom@gmail.com	https://www.amazoneshotels.com/contact/	https://www.instagram.com/amazonesvillage/	https://www.facebook.com/Amazonesclub/		https://www.amazoneshotels.com/wp-content/themes/BookYourTravel/images/favicon.ico				High	Verified	https://explore.overturemaps.org/#id=a8bc2096-7713-4c0e-9718-3769778d441f; https://www.amazoneshotels.com/	Public Overture website; no usable Overture email. First-party public contact crawl required; no inference. Public business email recovered from first-party website; no inference.				overture:a8bc2096-7713-4c0e-9718-3769778d441f	amazoneshotels.com	302897031488	amazones villas apartments	Δημοτική Ενότητα Μαλίων	Greece	HIGH	domain:amazoneshotels.com
	B	78	Réthimnon	Greece	Agrielia Villas, an Elated Island Retreat		holiday_rental_home	Pigianos Kampos	+302831102796								overture:1f2ca5cd-c5bd-46d7-a3a5-8e38061c2501	2026-08-15T13:51:02.020466Z		Canonical queue drain | fit B | GitHub MASTER dedupe passed	https://agrieliavillas.com/	info@agrieliavillas.com	https://agrieliavillas.com/contact-us/	https://www.instagram.com/agrieliavillas/	https://www.facebook.com/agrieliavillas/		https://agrieliavillas.com/feed/				High	Verified	https://explore.overturemaps.org/#id=1f2ca5cd-c5bd-46d7-a3a5-8e38061c2501; https://agrieliavillas.com/	Public Overture website; no usable Overture email. First-party public contact crawl required; no inference. Public business email recovered from first-party website; no inference.				overture:1f2ca5cd-c5bd-46d7-a3a5-8e38061c2501	agrieliavillas.com	302831102796	agrielia villas an elated island retreat	Réthimnon	Greece	HIGH	domain:agrieliavillas.com
	B	78	Carnelian Bay	USA	Agate Bay Realty, Inc.		vacation_rental_agent	4991 N Lake Blvd	5305464256								overture:9b31cb70-2e93-46f2-be22-5d1afdf90bde	2026-08-15T13:51:02.020466Z		Canonical queue drain | fit B | GitHub MASTER dedupe passed	http://www.agatebay.com/	info@agatebay.com	https://www.agatebay.com/about-us-agate-bay-realty	https://www.instagram.com/agatebayrealty/	https://www.facebook.com/agatebay/		https://www.agatebay.com/lake-tahoe-vacation-rentals				High	Verified	https://explore.overturemaps.org/#id=9b31cb70-2e93-46f2-be22-5d1afdf90bde; https://www.agatebay.com/	Public Overture website; no usable Overture email. First-party public contact crawl required; no inference. Public business email recovered from first-party website; no inference.				overture:9b31cb70-2e93-46f2-be22-5d1afdf90bde	agatebay.com	5305464256	agate bay realty inc	Carnelian Bay	USA	HIGH	domain:agatebay.com
	B	78	Κως	Greece	Aegean Village		resort	Καρδάμαινα	2242 091401								overture:61b84af5-8cf7-4eee-bf4f-16e556afc183	2026-08-15T13:51:02.020466Z		Canonical queue drain | fit B | GitHub MASTER dedupe passed	http://www.aegeanvillage.com	reservations@aegeanvillage.com	https://www.aegeanvillage.com/en/contact	https://www.instagram.com/lagasaegeanvillage/	https://www.facebook.com/AegeanVillageHotelKosIslandGreece/		https://www.aegeanvillage.com/en/rooms				High	Verified	https://explore.overturemaps.org/#id=61b84af5-8cf7-4eee-bf4f-16e556afc183; https://www.aegeanvillage.com/en; https://www.aegeanvillage.com/en/contact	Public Overture website; no usable Overture email. First-party public contact crawl required; no inference. Public business email recovered from first-party website; no inference.				overture:61b84af5-8cf7-4eee-bf4f-16e556afc183	aegeanvillage.com	2242091401	aegean village	Κως	Greece	HIGH	domain:aegeanvillage.com
	B	78	Αστυπάλαια	Greece	Aegean Sea Villas - Starfish Villa		hotel	livadia	+306976652484								overture:71b0af15-21bd-40de-a258-ab33291b7a5f	2026-08-15T13:51:02.020466Z		Canonical queue drain | fit B | GitHub MASTER dedupe passed	http://www.aegeanseavillas.com/	sales@aegeanseavillas.com	https://aegeanseavillas.com/en/contact/	https://www.instagram.com/aegean_sea_villas/	https://www.facebook.com/AegeanSeaVillas/		https://aegeanseavillas.com/wp-content/plugins/cherry-portfolio/public/assets/css/style.css?ver=1.0.5				High	Verified	https://explore.overturemaps.org/#id=71b0af15-21bd-40de-a258-ab33291b7a5f; https://aegeanseavillas.com/en/home/; https://aegeanseavillas.com/en/contact/	Public Overture website; no usable Overture email. First-party public contact crawl required; no inference. Public business email recovered from first-party website; no inference.				overture:71b0af15-21bd-40de-a258-ab33291b7a5f	aegeanseavillas.com	306976652484	aegean sea villas starfish villa	Αστυπάλαια	Greece	HIGH	domain:aegeanseavillas.com
	B	78	Páros	Greece	Acron Villas Paros		hotel	Kolympithres, Paros 84401 Greece	+302108993790								overture:feddfc2c-a0ba-47d8-95c6-ddde62a7bb98	2026-08-15T13:51:02.020466Z		Canonical queue drain | fit B | GitHub MASTER dedupe passed	https://acronvillasparos.com/?utm_source=facebook&utm_medium=website	reservations@acronvillasparos.com	https://acronvillasparos.com/contact-us/	https://www.instagram.com/acronvillasparos/	https://www.facebook.com/AcronVillasParos/		https://acronvillasparos.com/feed/				High	Verified	https://explore.overturemaps.org/#id=feddfc2c-a0ba-47d8-95c6-ddde62a7bb98; https://acronvillasparos.com/?utm_source=facebook&utm_medium=website	Public Overture website; no usable Overture email. First-party public contact crawl required; no inference. Public business email recovered from first-party website; no inference.				overture:feddfc2c-a0ba-47d8-95c6-ddde62a7bb98	acronvillasparos.com	302108993790	acron villas paros	Páros	Greece	HIGH	domain:acronvillasparos.com
	B	78	Furnari	Italy	Residence "" Villa Rosi ""		hotel	Via Colle, 11	+390565933563								overture:2e0f5677-f8e6-4c0b-ab76-a511b93a9980	2026-08-15T13:43:33.049860Z		Canonical queue drain | fit B | GitHub MASTER dedupe passed	http://www.villarosi.it/	info@villarosi.it		https://www.instagram.com/residence.villarosi/	https://www.facebook.com/ResidenceVillaRosiCapoliveri/	https://wa.me/+393714228645	https://www.villarosi.it/en-gb				High	Verified	https://explore.overturemaps.org/#id=2e0f5677-f8e6-4c0b-ab76-a511b93a9980; https://www.villarosi.it/	Public Overture website; no usable Overture email. First-party public contact crawl required; no inference. Public business email recovered from first-party website; no inference.				overture:2e0f5677-f8e6-4c0b-ab76-a511b93a9980	villarosi.it	390565933563	residence villa rosi	Furnari	Italy	HIGH	domain:villarosi.it
	B	78	Capoliveri	Italy	Hotel Villa Rodriguez		resort	Loc. Naregno	0565968423								overture:c71834e0-43c6-4d1a-9e1a-1e09d0a62634	2026-08-15T13:43:33.049860Z		Canonical queue drain | fit B | GitHub MASTER dedupe passed	http://www.villarodriguez.it/	info@villarodriguez.it	https://www.villarodriguez.it/contatti/	https://www.instagram.com/hotelvillarodriguez/	https://www.facebook.com/hotelvillarodriguez/		https://www.villarodriguez.it/wp-content/plugins/pxl-hotel-booking/assets/css/phb-front.css?ver=7.0.4				High	Verified	https://explore.overturemaps.org/#id=c71834e0-43c6-4d1a-9e1a-1e09d0a62634; https://www.villarodriguez.it/	Public Overture website; no usable Overture email. First-party public contact crawl required; no inference. Public business email recovered from first-party website; no inference.				overture:c71834e0-43c6-4d1a-9e1a-1e09d0a62634	villarodriguez.it	0565968423	hotel villa rodriguez	Capoliveri	Italy	HIGH	domain:villarodriguez.it
	B	78	Greve in Chianti	Italy	Villa Le Barone		resort	Località San Leolino 19	395 585 2215								overture:f8cccfb2-3b63-40d4-9419-70b8773657e1	2026-08-15T13:43:33.049860Z		Canonical queue drain | fit B | GitHub MASTER dedupe passed	http://www.villalebarone.com	info@villalebarone.com	https://www.villalebarone.com/en/what-they-say-about-us.html	https://www.instagram.com/villalebaronehotel/	https://www.facebook.com/villa.le.barone.chianti.hotel/		https://www.villalebarone.com/en/accommodations.html				High	Verified	https://explore.overturemaps.org/#id=f8cccfb2-3b63-40d4-9419-70b8773657e1; https://www.villalebarone.com/	Public Overture website; no usable Overture email. First-party public contact crawl required; no inference. Public business email recovered from first-party website; no inference.				overture:f8cccfb2-3b63-40d4-9419-70b8773657e1	villalebarone.com	3955852215	villa le barone	Greve in Chianti	Italy	HIGH	domain:villalebarone.com
	B	78	Cala Gonone	Italy	Hotel Villa Gustui Maris		resort	Via Marco Polo, 57	0784920076								overture:2ee404b3-6807-4cf5-a6ef-e0eb9c227931	2026-08-15T13:43:33.049860Z		Canonical queue drain | fit B | GitHub MASTER dedupe passed	https://www.villagustuimaris.it/	info@villagustuimaris.it	https://www.villagustuimaris.it/en/location-contact/	https://www.instagram.com/villagustuimaris/	https://www.facebook.com/profile.php/		https://www.villagustuimaris.it/en/				High	Verified	https://explore.overturemaps.org/#id=2ee404b3-6807-4cf5-a6ef-e0eb9c227931; https://www.villagustuimaris.it/	Public Overture website; no usable Overture email. First-party public contact crawl required; no inference. Public business email recovered from first-party website; no inference.				overture:2ee404b3-6807-4cf5-a6ef-e0eb9c227931	villagustuimaris.it	0784920076	hotel villa gustui maris	Cala Gonone	Italy	HIGH	domain:villagustuimaris.it
	B	78	Gallipoli	Italy	Hotel Villaggio dei Pini		resort	Via Lit. Gallipoli-Santa Maria al Bagno	0833208811								overture:a28cb1ea-266a-44b3-b813-9c912896bfe5	2026-08-15T13:43:33.049860Z		Canonical queue drain | fit B | GitHub MASTER dedupe passed	https://www.villaggiodeipinigallipoli.com/		https://www.villaggiodeipinigallipoli.com/en-gb/contact-us	https://www.instagram.com/villaggio_dei_pini_gallipoli/	https://www.facebook.com/pages/category/Hotel/Hotel-Villaggio-dei-Pini-618705141609141/	https://wa.me/+39 33390656110	https://www.villaggiodeipinigallipoli.com/en-gb				High	Verified	https://explore.overturemaps.org/#id=a28cb1ea-266a-44b3-b813-9c912896bfe5; https://www.villaggiodeipinigallipoli.com/	Public Overture website; no usable Overture email. First-party public contact crawl required; no inference.				overture:a28cb1ea-266a-44b3-b813-9c912896bfe5	villaggiodeipinigallipoli.com	0833208811	hotel villaggio dei pini	Gallipoli	Italy	HIGH	domain:villaggiodeipinigallipoli.com
	B	78	Budoni	Italy	Villaggio Baia dei Pini		resort	Località Pedra e Cupa	0784844630								overture:039fe815-1899-47fd-8510-c89edd3c90a7	2026-08-15T13:43:33.049860Z		Canonical queue drain | fit B | GitHub MASTER dedupe passed	http://www.villaggiobaiadeipini.it/	booking@villaggiobaiadeipini.it	https://booking.villaggiobaiadeipini.it/.eshop?idcliente=itihotels&idvendor=07&lang=1	https://www.instagram.com/itimarina/	https://www.facebook.com/villaggiobaiadeipini/		https://booking.villaggiobaiadeipini.it/.eshop?idcliente=itihotels&idvendor=07&lang=1				High	Verified	https://explore.overturemaps.org/#id=039fe815-1899-47fd-8510-c89edd3c90a7; https://www.villaggiobaiadeipini.it/	Public Overture website; no usable Overture email. First-party public contact crawl required; no inference. Public business email recovered from first-party website; no inference.				overture:039fe815-1899-47fd-8510-c89edd3c90a7	villaggiobaiadeipini.it	0784844630	villaggio baia dei pini	Budoni	Italy	HIGH	domain:villaggiobaiadeipini.it
	B	78	San Gimignano	Italy	Villa Ducci		resort	Località San Biagio 46	0577907024								overture:787f1bbf-abe5-4207-adf5-3dcd359189ed	2026-08-15T13:43:33.049860Z		Canonical queue drain | fit B | GitHub MASTER dedupe passed	http://www.villaducci.com/	info@villaducci.com		https://www.instagram.com/hotel_villa_ducci/	https://www.facebook.com/VillaDucci/	https://wa.me/+393404973785	https://villaducci.com/villa-in-san-gimignano/rooms				High	Verified	https://explore.overturemaps.org/#id=787f1bbf-abe5-4207-adf5-3dcd359189ed; https://villaducci.com/	Public Overture website; no usable Overture email. First-party public contact crawl required; no inference. Public business email recovered from first-party website; no inference.				overture:787f1bbf-abe5-4207-adf5-3dcd359189ed	villaducci.com	0577907024	villa ducci	San Gimignano	Italy	HIGH	domain:villaducci.com
	B	78	Impruneta	Italy	Villa Cesi Resort & Spa		hotel	Via delle Terre Bianche, 1	+390552011186								overture:67d476c9-db64-4f31-bfc7-c834054b239b	2026-08-15T13:43:33.049860Z		Canonical queue drain | fit B | GitHub MASTER dedupe passed	http://www.villacesiresort.com/	reservation@villacesiresort.com	https://www.villacesiresort.com/en/contacts	https://www.instagram.com/villacesiresort/	https://www.facebook.com/villacesihotel/		https://www.villacesiresort.com/en/index				High	Verified	https://explore.overturemaps.org/#id=67d476c9-db64-4f31-bfc7-c834054b239b; https://www.villacesiresort.com/	Public Overture website; no usable Overture email. First-party public contact crawl required; no inference. Public business email recovered from first-party website; no inference.				overture:67d476c9-db64-4f31-bfc7-c834054b239b	villacesiresort.com	390552011186	villa cesi resort spa	Impruneta	Italy	HIGH	domain:villacesiresort.com
	B	78	Treetops Village	USA	Treetops Resort		ski_resort	3962 Wilkinson Rd	(989) 732-6711								overture:d508d518-6531-403c-901f-b31374e91d6c	2026-08-15T13:43:33.049860Z		Canonical queue drain | fit B | GitHub MASTER dedupe passed	http://treetops.com	info@treetops.com	https://www.treetops.com/contact/	https://www.instagram.com/treetopsmich/	https://www.facebook.com/TreetopsMich/		https://www.treetops.com/resort/lodging-michigan/rentalhomes/				High	Verified	https://explore.overturemaps.org/#id=d508d518-6531-403c-901f-b31374e91d6c; https://www.treetops.com/	Public Overture website; no usable Overture email. First-party public contact crawl required; no inference. Public business email recovered from first-party website; no inference.				overture:d508d518-6531-403c-901f-b31374e91d6c	treetops.com	9897326711	treetops resort	Treetops Village	USA	HIGH	domain:treetops.com
	B	78	Wilmington	USA	The Cove Riverwalk Villas		hotel	10 Harnett St	(910) 651-3253								overture:e960126c-13e6-493b-bacd-8c9ab9e8ee55	2026-08-15T13:43:33.049860Z		Canonical queue drain | fit B | GitHub MASTER dedupe passed	https://www.thecovewilmington.com	info@thecovewilmington.com	https://www.thecovewilmington.com/about	https://www.instagram.com/thecove_wilmington/	https://www.facebook.com/thecoveilm/		https://www.thecovewilmington.com/universal/svg/social-accounts.svg				High	Verified	https://explore.overturemaps.org/#id=e960126c-13e6-493b-bacd-8c9ab9e8ee55; https://www.thecovewilmington.com/; https://www.thecovewilmington.com	Public Overture website; no usable Overture email. First-party public contact crawl required; no inference. Public business email recovered from first-party website; no inference.				overture:e960126c-13e6-493b-bacd-8c9ab9e8ee55	thecovewilmington.com	9106513253	the cove riverwalk villas	Wilmington	USA	HIGH	domain:thecovewilmington.com
	B	78	Arroyo Seco	USA	Taos Goji Farm & Eco-Lodge Retreat		hotel	1530 Old State Road 3	5757763971								overture:1bcf1361-73c5-4f8e-a494-ffa103c155a4	2026-08-15T13:43:33.049860Z		Canonical queue drain | fit B | GitHub MASTER dedupe passed	http://taosgoji.com/	taosgoji@gmail.com	https://www.taosgoji.com/contact	https://www.instagram.com/taosgoji/	https://www.facebook.com/taosgojifarm/		https://www.taosgoji.com/cabins				High	Verified	https://explore.overturemaps.org/#id=1bcf1361-73c5-4f8e-a494-ffa103c155a4; https://www.taosgoji.com/	Public Overture website; no usable Overture email. First-party public contact crawl required; no inference. Public business email recovered from first-party website; no inference.				overture:1bcf1361-73c5-4f8e-a494-ffa103c155a4	taosgoji.com	5757763971	taos goji farm eco lodge retreat	Arroyo Seco	USA	HIGH	domain:taosgoji.com
	B	78	South Lake Tahoe	USA	Lakeshore Lodge & Spa		resort	930 Balbijou Rd	(530) 541-2180								overture:a32173b4-8793-4aa7-8f5b-bc0d69c9519d	2026-08-15T13:43:33.049860Z		Canonical queue drain | fit B | GitHub MASTER dedupe passed	http://www.tahoelakeshorelodge.com	info@tahoelakeshorelodge.com	http://tahoelakeshorelodge.com/contact-us/	https://www.instagram.com/tahoelakeshorelodge/	https://www.facebook.com/TahoeLakeshoreLodge/		http://tahoelakeshorelodge.com/lodge-rooms/				High	Verified	https://explore.overturemaps.org/#id=a32173b4-8793-4aa7-8f5b-bc0d69c9519d; http://tahoelakeshorelodge.com/	Public Overture website; no usable Overture email. First-party public contact crawl required; no inference. Public business email recovered from first-party website; no inference.				overture:a32173b4-8793-4aa7-8f5b-bc0d69c9519d	tahoelakeshorelodge.com	5305412180	lakeshore lodge spa	South Lake Tahoe	USA	HIGH	domain:tahoelakeshorelodge.com
	B	78	San Juan de Plan	Spain	Stay Pyrenees		vacation_rental_agent	Calle Baja 3	974506124								overture:0e1e7495-c4b4-4364-ae2e-bf1072ca1457	2026-08-15T13:43:33.049860Z		Canonical queue drain | fit B | GitHub MASTER dedupe passed	https://staypyrenees.com/	staypyrenees@gmail.com	https://staypyrenees.com/en/contact/	https://www.instagram.com/staypyrenees/	https://www.facebook.com/staypyrenees/		https://staypyrenees.com/wp-content/plugins/beds24-online-booking/theme-files/beds24.css?ver=7.0.4				Permissive	Qualification	https://explore.overturemaps.org/#id=0e1e7495-c4b4-4364-ae2e-bf1072ca1457; https://staypyrenees.com/	Public Overture website; no usable Overture email. First-party public contact crawl required; no inference. Public business email recovered from first-party website; no inference.				overture:0e1e7495-c4b4-4364-ae2e-bf1072ca1457	staypyrenees.com	974506124	stay pyrenees	San Juan de Plan	Spain	PERMISSIVE	domain:staypyrenees.com
	B	78	Denny Island	Canada	Shearwater Resort & Marina, Fishing Lodge		resort	1 Shearwater Road	6042706204								overture:2a3155a6-0b74-47a3-af1a-b371135e69a1	2026-08-15T13:43:33.049860Z		Canonical queue drain | fit B | GitHub MASTER dedupe passed	https://shearwater.ca/	coo@shearwater.ca	https://shearwater.ca/contact/	https://www.instagram.com/shearwaterbc/	https://www.facebook.com/shearwaterbc/		https://shearwater.ca/accommodations				High	Verified	https://explore.overturemaps.org/#id=2a3155a6-0b74-47a3-af1a-b371135e69a1; https://shearwater.ca/; https://shearwater.ca/contact/	Public Overture website; no usable Overture email. First-party public contact crawl required; no inference. Public business email recovered from first-party website; no inference.				overture:2a3155a6-0b74-47a3-af1a-b371135e69a1	shearwater.ca	6042706204	shearwater resort marina fishing lodge	Denny Island	Canada	HIGH	domain:shearwater.ca
	B	78	Lakehead	USA	Shasta Lakeshore Retreat		vacation_rental_agent	19639 Daisy Ln	5413473454								overture:864d8a1c-a387-4602-a34b-9af6273501b7	2026-08-15T13:43:33.049860Z		Canonical queue drain | fit B | GitHub MASTER dedupe passed	http://www.shastalakeshoreretreat.com/	shastaretreats@gmail.com	https://shastalakeshoreretreat.com/reservations/	https://www.instagram.com/shasta.lakeshore.retreat/	https://www.facebook.com/Shastalakeshoreretreat/		https://shastalakeshoreretreat.com/keep-vacation-rentals/				High	Verified	https://explore.overturemaps.org/#id=864d8a1c-a387-4602-a34b-9af6273501b7; https://shastalakeshoreretreat.com/	Public Overture website; no usable Overture email. First-party public contact crawl required; no inference. Public business email recovered from first-party website; no inference.				overture:864d8a1c-a387-4602-a34b-9af6273501b7	shastalakeshoreretreat.com	5413473454	shasta lakeshore retreat	Lakehead	USA	HIGH	domain:shastalakeshoreretreat.com
	B	78	Forest Grove	Canada	Ruth Lake Lodge Resort		resort	3983 Ruth Lake Road	2503972560								overture:692720ca-e049-41f6-b45f-6f9ab8e55b6f	2026-08-15T13:43:33.049860Z		Canonical queue drain | fit B | GitHub MASTER dedupe passed	https://www.ruthlakelodge.com/	ruthlakelodge@gmail.com	https://ruthlakelodge.com/book-now/	https://www.instagram.com/ruthlakelodgeresort/	https://www.facebook.com/RuthLakeLodgeResort/		https://ruthlakelodge.com/book-now/				High	Verified	https://explore.overturemaps.org/#id=692720ca-e049-41f6-b45f-6f9ab8e55b6f; https://ruthlakelodge.com/	Public Overture website; no usable Overture email. First-party public contact crawl required; no inference. Public business email recovered from first-party website; no inference.				overture:692720ca-e049-41f6-b45f-6f9ab8e55b6f	ruthlakelodge.com	2503972560	ruth lake lodge resort	Forest Grove	Canada	HIGH	domain:ruthlakelodge.com
	B	78	Maryville	USA	RT Lodge		resort	1406 Wilkinson Pike	(865) 981-9800								overture:c418e3cb-dae7-4372-90ff-4979d92ee903	2026-08-15T13:43:33.049860Z		Canonical queue drain | fit B | GitHub MASTER dedupe passed	http://www.rtlodge.com	ali@rtlodge.com	https://www.rtlodge.com/team	https://www.instagram.com/rtlodge/	https://www.facebook.com/rtlodge/		https://www.rtlodge.com/accommodations				High	Verified	https://explore.overturemaps.org/#id=c418e3cb-dae7-4372-90ff-4979d92ee903; https://www.rtlodge.com/; https://www.rtlodge.com/team	Public Overture website; no usable Overture email. First-party public contact crawl required; no inference. Public business email recovered from first-party website; no inference.				overture:c418e3cb-dae7-4372-90ff-4979d92ee903	rtlodge.com	8659819800	rt lodge	Maryville	USA	HIGH	domain:rtlodge.com
	B	78	North Myrtle Beach	USA	Retreat Myrtle Beach		vacation_rental_agent	500 Main St	8006453618								overture:49860720-f99f-48c3-ad4b-86f587df64f9	2026-08-15T13:43:33.049860Z		Canonical queue drain | fit B | GitHub MASTER dedupe passed	https://www.retreatmyrtlebeach.com/	staff@retreatmyrtlebeach.com	https://www.retreatmyrtlebeach.com/contact-retreat-myrtle-beach	https://www.instagram.com/retreatmyrtlebeachvacations/	https://www.facebook.com/retreatmyrtlebeachvacations/		https://www.retreatmyrtlebeach.com/north-myrtle-beach-vacation-rentals				High	Verified	https://explore.overturemaps.org/#id=49860720-f99f-48c3-ad4b-86f587df64f9; https://www.retreatmyrtlebeach.com/	Public Overture website; no usable Overture email. First-party public contact crawl required; no inference. Public business email recovered from first-party website; no inference.				overture:49860720-f99f-48c3-ad4b-86f587df64f9	retreatmyrtlebeach.com	8006453618	retreat myrtle beach	North Myrtle Beach	USA	HIGH	domain:retreatmyrtlebeach.com
	B	78	Otranto	Italy	Residence Altair - Serra Degli Alimini 3		resort	Comprensorio Laghi Alimini	0836801166								overture:e9e3796e-0864-43d5-ad9e-7e0bb9385f19	2026-08-15T13:43:33.049860Z		Canonical queue drain | fit B | GitHub MASTER dedupe passed	https://residencealtair.it/	info@residencealtair.it	https://residencealtair.it/contact/	https://www.instagram.com/residence_altair_serra_alimini/	https://www.facebook.com/altairotranto/		https://residencealtair.it/room/villa-comfort/				High	Verified	https://explore.overturemaps.org/#id=e9e3796e-0864-43d5-ad9e-7e0bb9385f19; https://residencealtair.it/	Public Overture website; no usable Overture email. First-party public contact crawl required; no inference. Public business email recovered from first-party website; no inference.				overture:e9e3796e-0864-43d5-ad9e-7e0bb9385f19	residencealtair.it	0836801166	residence altair serra degli alimini 3	Otranto	Italy	HIGH	domain:residencealtair.it
	B	78	Red River	USA	Reservations Unlimited		vacation_rental_agent	312 W Main St	5754047643								overture:024bc636-a449-419f-8bdd-e43ff1462f5a	2026-08-15T13:43:33.049860Z		Canonical queue drain | fit B | GitHub MASTER dedupe passed	http://www.reservationsunlimited.com/	guestservice@reservationsunlimited.com	https://guides.reservationsunlimited.com	https://www.instagram.com/reservationsunlimited/	https://www.facebook.com/reservationsunlimited/		https://www.reservationsunlimited.com/search-rentals				High	Verified	https://explore.overturemaps.org/#id=024bc636-a449-419f-8bdd-e43ff1462f5a; https://www.reservationsunlimited.com/	Public Overture website; no usable Overture email. First-party public contact crawl required; no inference. Public business email recovered from first-party website; no inference.				overture:024bc636-a449-419f-8bdd-e43ff1462f5a	reservationsunlimited.com	5754047643	reservations unlimited	Red River	USA	HIGH	domain:reservationsunlimited.com
	B	78	Supply	USA	PROACTIVE Vacations		vacation_rental_agent	3369 Holden Beach Rd SW#2	9108421550								overture:c5db1996-8e93-4dd5-8b30-af143f89b0b3	2026-08-15T13:43:33.049860Z		Canonical queue drain | fit B | GitHub MASTER dedupe passed	https://www.proactivevacations.com/	info@proactivevacations.com	https://www.proactivevacations.com/about-us/	https://www.instagram.com/proactive_vacations/	https://www.facebook.com/PROACTIVEVacations/		https://www.proactivevacations.com/all-rentals/dunes-east-vacation-rentals/				High	Verified	https://explore.overturemaps.org/#id=c5db1996-8e93-4dd5-8b30-af143f89b0b3; https://www.proactivevacations.com/; https://www.proactivevacations.com/contact-us/	Public Overture website; no usable Overture email. First-party public contact crawl required; no inference. Public business email recovered from first-party website; no inference.				overture:c5db1996-8e93-4dd5-8b30-af143f89b0b3	proactivevacations.com	9108421550	proactive vacations	Supply	USA	HIGH	domain:proactivevacations.com
	B	78	Encamp	Spain	Apartaments Shusski		resort	Avinguda François Mitterrand, 83	736888								overture:d1393bc0-fac5-47e4-83e8-9d5eae0020e7	2026-08-15T13:43:33.049860Z		Canonical queue drain | fit B | GitHub MASTER dedupe passed	https://www.nextahotels.com/apartamentos-shusski.html	info@nextahotels.com	https://www.nextahotels.com/contacto.html	https://www.instagram.com/nextahotels/	https://www.facebook.com/NextaHotels/		https://www.nextahotels.com/en/shusski-apartments.html				High	Verified	https://explore.overturemaps.org/#id=d1393bc0-fac5-47e4-83e8-9d5eae0020e7; https://www.nextahotels.com/apartamentos-shusski.html; https://www.nextahotels.com/contacto.html	Public Overture website; no usable Overture email. First-party public contact crawl required; no inference. Public business email recovered from first-party website; no inference.				overture:d1393bc0-fac5-47e4-83e8-9d5eae0020e7	nextahotels.com		apartaments shusski	Encamp	Spain	HIGH	domain:nextahotels.com
	B	78	Colorado Springs	USA	nestago		vacation_rental_agent	826 S Tejon St	7193004100								overture:bd0ac558-1d12-48b7-82b7-7b2c3359516f	2026-08-15T13:43:33.049860Z		Canonical queue drain | fit B | GitHub MASTER dedupe passed	https://www.nestago.com/	reservations@nestago.com	https://www.nestago.com/contact-us	https://www.instagram.com/flex.colorado.rentals/	https://www.facebook.com/nestagorentals/		https://www.nestago.com/colorado-vacation-rentals/long-term-stays-allowed				High	Verified	https://explore.overturemaps.org/#id=bd0ac558-1d12-48b7-82b7-7b2c3359516f; https://www.nestago.com/	Public Overture website; no usable Overture email. First-party public contact crawl required; no inference. Public business email recovered from first-party website; no inference.				overture:bd0ac558-1d12-48b7-82b7-7b2c3359516f	nestago.com	7193004100	nestago	Colorado Springs	USA	HIGH	domain:nestago.com
	B	78	Lake Toxaway	USA	Mountain Falls Luxury Motorcoach Resort		resort	20 Resorts Blvd	8289669350								overture:3706a42c-ac65-41dc-9af2-670d20fedc44	2026-08-15T13:43:33.049860Z		Canonical queue drain | fit B | GitHub MASTER dedupe passed	http://mtn-falls.com/	info@mtn-falls.com	https://mtn-falls.com/contact-us/	https://www.instagram.com/mountain_falls/	https://www.facebook.com/MountainFallsLuxuryMotorcoachResort/		https://mtn-falls.com/book-online				Medium	Recall-first	https://explore.overturemaps.org/#id=3706a42c-ac65-41dc-9af2-670d20fedc44; https://mtn-falls.com/	Public Overture website; no usable Overture email. First-party public contact crawl required; no inference. Public business email recovered from first-party website; no inference.				overture:3706a42c-ac65-41dc-9af2-670d20fedc44	mtn-falls.com	8289669350	mountain falls luxury motorcoach resort	Lake Toxaway	USA	MEDIUM	domain:mtn-falls.com
	B	78	Port Hardy	Canada	Mount Cain		ski_resort	5050 Beaver Harbour Rd	+12509497669								overture:9b94feeb-a7dc-409f-93f1-35f0b11172b8	2026-08-15T13:43:33.049860Z		Canonical queue drain | fit B | GitHub MASTER dedupe passed	http://mountcain.com	info@mountcain.com	https://www.mountcain.com/about-us/	https://www.instagram.com/mountcain/	https://www.facebook.com/mountcain/		https://www.mountcain.com/rentals/				High	Verified	https://explore.overturemaps.org/#id=9b94feeb-a7dc-409f-93f1-35f0b11172b8; https://www.mountcain.com/	Public Overture website; no usable Overture email. First-party public contact crawl required; no inference. Public business email recovered from first-party website; no inference.				overture:9b94feeb-a7dc-409f-93f1-35f0b11172b8	mountcain.com	12509497669	mount cain	Port Hardy	Canada	HIGH	domain:mountcain.com
	B	78	Vancouver	Canada	MasterHost		vacation_rental_agent	2059 West 8th Avenue	6044019870								overture:ff19117e-0c59-4ae5-9f69-ea90cdd7eb7b	2026-08-15T13:43:33.049860Z		Canonical queue drain | fit B | GitHub MASTER dedupe passed	https://masterhost.ca/	info@masterhost.ca	https://masterhost.ca/contacts/	https://www.instagram.com/masterhost.ca/	https://www.facebook.com/masterhost.ca/		https://masterhost.ca/airbnb-booking-management/				High	Verified	https://explore.overturemaps.org/#id=ff19117e-0c59-4ae5-9f69-ea90cdd7eb7b; https://masterhost.ca/	Public Overture website; no usable Overture email. First-party public contact crawl required; no inference. Public business email recovered from first-party website; no inference.				overture:ff19117e-0c59-4ae5-9f69-ea90cdd7eb7b	masterhost.ca	6044019870	masterhost	Vancouver	Canada	HIGH	domain:masterhost.ca
	B	78	Hasanganj	India	MANN The Palm Retreat		resort	Bhalla Fortune Farms 2 Kms before Nawabganj Toll Plaza	+919935994443								overture:53b14a68-eae0-44dc-b423-b6c3b6a1559d	2026-08-15T13:43:33.049860Z		Canonical queue drain | fit B | GitHub MASTER dedupe passed	https://mannthepalmretreat.com/	mann.palmretreat@gmail.com	https://mannthepalmretreat.com/about-us	https://www.instagram.com/mann.palmretreat/	https://www.facebook.com/mann.palmretreat/		https://mannthepalmretreat.com/wp-content/plugins/motopress-hotel-booking/assets/css/mphb.min.css?ver=4.6.0				Permissive	Qualification	https://explore.overturemaps.org/#id=53b14a68-eae0-44dc-b423-b6c3b6a1559d	Public Overture site+email; zero-HTTP V6 cheap-screen. Final MASTER dedupe/QA required.				overture:53b14a68-eae0-44dc-b423-b6c3b6a1559d	mannthepalmretreat.com	919935994443	mann the palm retreat	Hasanganj	India	PERMISSIVE	domain:mannthepalmretreat.com
	B	78	Volterra	Italy	Villa le Ginepraie		resort	Localita Pignano 56048 Volterra Pisa (Toscana) Ita	0588 35113								overture:7fe8c0de-49cf-4e9d-bec6-c5972c3332d0	2026-08-15T13:43:33.049860Z		Canonical queue drain | fit B | GitHub MASTER dedupe passed	http://www.leginepraie.com	info@leginepraie.com	https://www.leginepraie.com/contatti-e-mappa-villa-toscana/	https://www.instagram.com/villaleginepraie/	https://www.facebook.com/villaleginepraie/		https://www.leginepraie.com/wp-content/plugins/uxper-booking/assets/css/_general.css				High	Verified	https://explore.overturemaps.org/#id=7fe8c0de-49cf-4e9d-bec6-c5972c3332d0; https://www.leginepraie.com/	Public Overture website; no usable Overture email. First-party public contact crawl required; no inference. Public business email recovered from first-party website; no inference.				overture:7fe8c0de-49cf-4e9d-bec6-c5972c3332d0	leginepraie.com	058835113	villa le ginepraie	Volterra	Italy	HIGH	domain:leginepraie.com
	B	78	Buford	USA	Legacy Lodge & Conference Center		hotel	7000 Lanier Islands Pkwy	+17709458787								overture:c818efb0-74ee-47e4-84bc-3cd45a248b10	2026-08-15T13:43:33.049860Z		Canonical queue drain | fit B | GitHub MASTER dedupe passed	http://www.lanierislands.com/accommodations/lodge	reservations@lanierislands.com	https://www.lanierislands.com/contact	https://www.instagram.com/lanierislands/	https://www.facebook.com/lanierislands/		https://www.lanierislands.com/lake_lanier_accommodations/legacy-villas/				High	Verified	https://explore.overturemaps.org/#id=c818efb0-74ee-47e4-84bc-3cd45a248b10; https://www.lanierislands.com/lake_lanier_accommodations/	Public Overture website; no usable Overture email. First-party public contact crawl required; no inference. Public business email recovered from first-party website; no inference.				overture:c818efb0-74ee-47e4-84bc-3cd45a248b10	lanierislands.com	17709458787	legacy lodge conference center	Buford	USA	HIGH	domain:lanierislands.com
	B	78	Lake Arrowhead	USA	Lake Arrowhead Resort and Spa		hotel	27984 CA-189	(909) 336-1511								overture:dbef99d0-1174-45df-b67e-fdb4f2f5dccd	2026-08-15T13:43:33.049860Z		Canonical queue drain | fit B | GitHub MASTER dedupe passed	http://lakearrowheadresort.com	hr@lakearrowheadresort.com	https://www.lakearrowheadresort.com/contact/	https://www.instagram.com/lakearrowheadresortandspa/	https://www.facebook.com/lakearrowheadresortandspa/		https://www.lakearrowheadresort.com/lake_arrowhead_accommodations/?filters%5B%5D=suites				High	Verified	https://explore.overturemaps.org/#id=dbef99d0-1174-45df-b67e-fdb4f2f5dccd; https://www.lakearrowheadresort.com/; https://www.lakearrowheadresort.com/contact/	Public Overture website; no usable Overture email. First-party public contact crawl required; no inference. Public business email recovered from first-party website; no inference.				overture:dbef99d0-1174-45df-b67e-fdb4f2f5dccd	lakearrowheadresort.com	9093361511	lake arrowhead resort and spa	Lake Arrowhead	USA	HIGH	domain:lakearrowheadresort.com
	B	78	Nicotera	Italy	Villaggio Camping La Ginestra Club		resort	Contrada Mortelletto	0963 81947								overture:55024776-d04f-41ad-9b8c-c0253b1b8f1c	2026-08-15T13:43:33.049860Z		Canonical queue drain | fit B | GitHub MASTER dedupe passed	http://www.laginestraclub.it		https://www.laginestraclub.it/wp-content/plugins/contact-form-7/includes/css/styles.css?ver=6.1.5	https://www.instagram.com/laginestraclub/	https://www.facebook.com/laginestraclub/	https://wa.me/393485514109	https://www.laginestraclub.it/villaggio/				High	Verified	https://explore.overturemaps.org/#id=55024776-d04f-41ad-9b8c-c0253b1b8f1c; https://www.laginestraclub.it/	Public Overture website; no usable Overture email. First-party public contact crawl required; no inference.				overture:55024776-d04f-41ad-9b8c-c0253b1b8f1c	laginestraclub.it	096381947	villaggio camping la ginestra club	Nicotera	Italy	HIGH	domain:laginestraclub.it
	B	78	North Vancouver	Canada	King Pacific Lodge		resort	255 West 1st Street	(250) 790-2292								overture:5d8ae873-b32d-4d1e-a654-7ede3f19da6e	2026-08-15T13:43:33.049860Z		Canonical queue drain | fit B | GitHub MASTER dedupe passed	http://www.kingpacificlodge.com	info@kingpacificlodge.com	https://kingpacificlodge.com/about/	https://www.instagram.com/king_pacific_lodge/	https://www.facebook.com/kingpacificlodge/		https://kingpacificlodge.com/wp-content/themes/enfold/config-templatebuilder/avia-shortcodes/portfolio/portfolio.css?ver=7.1.3				High	Verified	https://explore.overturemaps.org/#id=5d8ae873-b32d-4d1e-a654-7ede3f19da6e; https://kingpacificlodge.com/	Public Overture website; no usable Overture email. First-party public contact crawl required; no inference. Public business email recovered from first-party website; no inference.				overture:5d8ae873-b32d-4d1e-a654-7ede3f19da6e	kingpacificlodge.com	2507902292	king pacific lodge	North Vancouver	Canada	HIGH	domain:kingpacificlodge.com
	B	78	Kiawah Island	USA	Villas at Kiawah Island Resorts		hotel	12 Kiawah Beach Dr	+18432432004								overture:a7dee235-8f90-47e2-8afd-28464b2b0f23	2026-08-15T13:43:33.049860Z		Canonical queue drain | fit B | GitHub MASTER dedupe passed	http://www.kiawahresort.com	reservations@kiawahresort.com	https://kiawahresort.com/about-us/	https://www.instagram.com/kiawahresort/	https://www.facebook.com/KiawahResort/		https://kiawahresort.com/accommodations/villa-rentals/				High	Verified	https://explore.overturemaps.org/#id=a7dee235-8f90-47e2-8afd-28464b2b0f23; https://kiawahresort.com/; https://kiawahresort.com/contact-us/	Public Overture website; no usable Overture email. First-party public contact crawl required; no inference. Public business email recovered from first-party website; no inference.				overture:a7dee235-8f90-47e2-8afd-28464b2b0f23	kiawahresort.com	18432432004	villas at kiawah island resorts	Kiawah Island	USA	HIGH	domain:kiawahresort.com
	B	78	Roma	Italy	Boutique Hotel Anahi		resort	Via della Penna, 65	063216011								overture:b067f88d-bee8-4938-8cfd-5408ae66caf5	2026-08-15T13:43:33.049860Z		Canonical queue drain | fit B | GitHub MASTER dedupe passed	https://www.hotelanahi.com/	info@hotelanahi.com	https://www.hotelanahi.com/templates/template_2/css/fastReservation.css	https://www.instagram.com/boutiquehotelanahi/	https://www.facebook.com/HotelAnahiRome/	https://wa.me/393371490440					High	Verified	https://explore.overturemaps.org/#id=b067f88d-bee8-4938-8cfd-5408ae66caf5; https://www.hotelanahi.com/	Public Overture website; no usable Overture email. First-party public contact crawl required; no inference. Public business email recovered from first-party website; no inference.				overture:b067f88d-bee8-4938-8cfd-5408ae66caf5	hotelanahi.com	063216011	boutique hotel anahi	Roma	Italy	HIGH	domain:hotelanahi.com
	B	78	Andrews	USA	Hawkesdene Estate		resort	381 Phillips Creek Rd	(800) 447-9549								overture:2bb4b74a-9af8-47d6-93e0-c29ad34e592b	2026-08-15T13:43:33.049860Z		Canonical queue drain | fit B | GitHub MASTER dedupe passed	http://www.hawkesdene.com	info@hawkesdene.com	https://hawkesdene.com/about/	https://www.instagram.com/hawkesdene/	https://www.facebook.com/Hawkesdene/		https://hawkesdene.com/accommodations/				Medium	Recall-first	https://explore.overturemaps.org/#id=2bb4b74a-9af8-47d6-93e0-c29ad34e592b; https://hawkesdene.com/	Public Overture website; no usable Overture email. First-party public contact crawl required; no inference. Public business email recovered from first-party website; no inference.				overture:2bb4b74a-9af8-47d6-93e0-c29ad34e592b	hawkesdene.com	8004479549	hawkesdene estate	Andrews	USA	MEDIUM	domain:hawkesdene.com
	B	78	St Helena	USA	Beach Retreat at New Haven on Fripp Island, SC		hotel		+18438381558								overture:ec348cfd-beb1-4773-8eab-0ec02704f861	2026-08-15T13:43:33.049860Z		Canonical queue drain | fit B | GitHub MASTER dedupe passed	http://Frippislandresort.com	firbooking@frippislandresort.com	https://www.frippislandresort.com/contact-us	https://www.instagram.com/frippislandrsrt/	https://www.facebook.com/FrippIslandResort/		https://www.frippislandresort.com/fripp-island-vacation-rentals				High	Verified	https://explore.overturemaps.org/#id=ec348cfd-beb1-4773-8eab-0ec02704f861; https://www.frippislandresort.com	Public Overture website; no usable Overture email. First-party public contact crawl required; no inference. Public business email recovered from first-party website; no inference.				overture:ec348cfd-beb1-4773-8eab-0ec02704f861	frippislandresort.com	18438381558	beach retreat at new haven on fripp island sc	St Helena	USA	HIGH	domain:frippislandresort.com
	B	78	Courtenay	Canada	The Villas At Crown Isle		hotel	399 Clubhouse Dr	+12507035050								overture:a83743af-55b9-4996-9729-231c62343d76	2026-08-15T13:43:33.049860Z		Canonical queue drain | fit B | GitHub MASTER dedupe passed	http://www.crownisle.com	info@crownisle.com	https://crownisle.com/contact/	https://www.instagram.com/crownisle/	https://www.facebook.com/crownisle/		https://crownisle.com/accommodations/				High	Verified	https://explore.overturemaps.org/#id=a83743af-55b9-4996-9729-231c62343d76; https://crownisle.com/	Public Overture website; no usable Overture email. First-party public contact crawl required; no inference. Public business email recovered from first-party website; no inference.				overture:a83743af-55b9-4996-9729-231c62343d76	crownisle.com	12507035050	the villas at crown isle	Courtenay	Canada	HIGH	domain:crownisle.com
	B	78	Oak Island	USA	Coastal Vacation Resorts Oak Island		vacation_rental_agent	8118 E Oak Island Dr	9102785405								overture:1a06a646-8936-484c-a8f5-aeaec2b5b51f	2026-08-15T13:43:33.049860Z		Canonical queue drain | fit B | GitHub MASTER dedupe passed	https://www.coastalvacationresortsoakisland.com/	info@coastalvacationresortsoakisland.com	https://www.coastalvacationresortsoakisland.com/contact-us	https://www.instagram.com/coastalvacationsoakisland/	https://www.facebook.com/cvroi/		https://www.coastalvacationresortsoakisland.com/oak-island-vacation-rentals/homes-pools				High	Verified	https://explore.overturemaps.org/#id=1a06a646-8936-484c-a8f5-aeaec2b5b51f; https://www.coastalvacationresortsoakisland.com/	Public Overture website; no usable Overture email. First-party public contact crawl required; no inference. Public business email recovered from first-party website; no inference.				overture:1a06a646-8936-484c-a8f5-aeaec2b5b51f	coastalvacationresortsoakisland.com	9102785405	coastal vacation resorts oak island	Oak Island	USA	HIGH	domain:coastalvacationresortsoakisland.com
	B	78	Ischia	Italy	Caruso Luxury Villas		holiday_rental_home	Via Francesco d'Avalos, 50	+390819861								overture:f9be560a-2a5e-4ec7-9b67-41fe7a64206b	2026-08-15T13:43:33.049860Z		Canonical queue drain | fit B | GitHub MASTER dedupe passed	http://www.carusoresort.it/	info@carusoresort.it	https://www.carusoresort.it/contact/	https://www.instagram.com/caruso_luxury_villas/	https://www.facebook.com/pages/category/Hotel---Lodging/Caruso-Luxury-Villas-206643569935324/		https://www.carusoresort.it/booking-form/				High	Verified	https://explore.overturemaps.org/#id=f9be560a-2a5e-4ec7-9b67-41fe7a64206b; https://www.carusoresort.it/	Public Overture website; no usable Overture email. First-party public contact crawl required; no inference. Public business email recovered from first-party website; no inference.				overture:f9be560a-2a5e-4ec7-9b67-41fe7a64206b	carusoresort.it	390819861	caruso luxury villas	Ischia	Italy	HIGH	domain:carusoresort.it
	B	78	El Tarter	Spain	CaranvaSports El Tarter Alquiler Esquís - Reserva Online		ski_resort	HOTEL LLOP GRIS, Camí Pont del Tarter, AD100 El Tarter	+34699631613								overture:c66229e1-5872-4119-b409-144bdb523cfd	2026-08-15T13:43:33.049860Z		Canonical queue drain | fit B | GitHub MASTER dedupe passed	https://caranvasports.com/	info@caranvasports.com	https://www.caranvasports.com/policies/contact-information	https://www.instagram.com/caranva_sports/		https://wa.me/34699631613	https://www.caranvasports.com/products/ski-rentals-in-las-lenas-2025				High	Verified	https://explore.overturemaps.org/#id=c66229e1-5872-4119-b409-144bdb523cfd; https://www.caranvasports.com/; https://www.caranvasports.com/policies/contact-information	Public Overture website; no usable Overture email. First-party public contact crawl required; no inference. Public business email recovered from first-party website; no inference.				overture:c66229e1-5872-4119-b409-144bdb523cfd	caranvasports.com	34699631613	caranvasports el tarter alquiler esquis reserva online	El Tarter	Spain	HIGH	domain:caranvasports.com
	B	78	Carolina Beach	USA	Bryant Real Estate		vacation_rental_agent	1230 N Lake Park Blvd	8003223764								overture:741e3b61-22e6-43ad-b062-b5792cfad0c1	2026-08-15T13:43:33.049860Z		Canonical queue drain | fit B | GitHub MASTER dedupe passed	https://www.bryantre.com/	vacationrentals@bryantre.com	https://www.bryantre.com/contact-us	https://www.instagram.com/bryantrealestate/	https://www.facebook.com/BryantRealEstate/		https://www.bryantre.com/vacation-rentals/search-oceanview-properties				High	Verified	https://explore.overturemaps.org/#id=741e3b61-22e6-43ad-b062-b5792cfad0c1; https://www.bryantre.com/	Public Overture website; no usable Overture email. First-party public contact crawl required; no inference. Public business email recovered from first-party website; no inference.				overture:741e3b61-22e6-43ad-b062-b5792cfad0c1	bryantre.com	8003223764	bryant real estate	Carolina Beach	USA	HIGH	domain:bryantre.com
	B	78	La Vall de Boí	Spain	Boí		ski_resort		+34902406640								overture:cbbb7c6d-7abe-42a3-9036-3e08c14fca63	2026-08-15T13:43:33.049860Z		Canonical queue drain | fit B | GitHub MASTER dedupe passed	http://www.boitaullresort.com/	grupos@boitaullresort.com	https://www.boitaullresort.com/contact	https://www.instagram.com/boitaull_resort/	https://www.facebook.com/boitaullresort/		https://www.boitaullresort.com/hoteles/254_aparthotel-sienteboi?searcher-dates=28%20Ago%202026%20-%2030%20Ago%202026&idioma=es&locale=es&inicio=28-08-2026&final=30-08-2026&nHa=1&nA=4&nNe=0&edN=%3B&ti=ho&zE=-1&hD=254&mvD=1&platformId=12&book_client_2_step=&web=4&edN-1=&nA-1=4&nNe-1=0&ho=254&availability-container&zE=20&zE=20				Permissive	Qualification	https://explore.overturemaps.org/#id=cbbb7c6d-7abe-42a3-9036-3e08c14fca63; https://www.boitaullresort.com/	Public Overture website; no usable Overture email. First-party public contact crawl required; no inference. Public business email recovered from first-party website; no inference.				overture:cbbb7c6d-7abe-42a3-9036-3e08c14fca63	boitaullresort.com	34902406640	boi	La Vall de Boí	Spain	PERMISSIVE	domain:boitaullresort.com
	B	78	Asheville	USA	Bellflower Management		vacation_rental_agent	547 Elk Park Dr, Unit 601	8283979144								overture:8914a027-7d1d-419e-a0c6-cfe2459d4687	2026-08-15T13:43:33.049860Z		Canonical queue drain | fit B | GitHub MASTER dedupe passed	https://www.bellflowermanagement.com/	info@bellflowermanagement.com	https://www.bellflowermanagement.com/about	https://www.instagram.com/bellflower_management/	https://www.facebook.com/352207637972377/		https://www.bellflowermanagement.com/request-booking				High	Verified	https://explore.overturemaps.org/#id=8914a027-7d1d-419e-a0c6-cfe2459d4687; https://www.bellflowermanagement.com/; https://www.bellflowermanagement.com/contact	Public Overture website; no usable Overture email. First-party public contact crawl required; no inference. Public business email recovered from first-party website; no inference.				overture:8914a027-7d1d-419e-a0c6-cfe2459d4687	bellflowermanagement.com	8283979144	bellflower management	Asheville	USA	HIGH	domain:bellflowermanagement.com
	B	78	South Lake Tahoe	USA	Aston Lakeland Village Beach & Mountain Resort		hotel	3535 Lake Tahoe Blvd	+15305417711								overture:88e96e3e-3a83-4172-9d51-ae1c3644ddc2	2026-08-15T13:43:33.049860Z		Canonical queue drain | fit B | GitHub MASTER dedupe passed	https://www.aquaaston.com/hotels/aston-lakeland-village	pr@aquaaston.com	https://www.aquaaston.com/about-us/contact-us	https://www.instagram.com/aquaaston/	https://www.facebook.com/aquaaston/		https://www.aquaaston.com/hotels/maui-kaanapali-villas				High	Verified	https://explore.overturemaps.org/#id=88e96e3e-3a83-4172-9d51-ae1c3644ddc2; https://www.aquaaston.com/destinations; https://www.aquaaston.com/about-us/contact-us	Public Overture website; no usable Overture email. First-party public contact crawl required; no inference. Public business email recovered from first-party website; no inference.				overture:88e96e3e-3a83-4172-9d51-ae1c3644ddc2	aquaaston.com	15305417711	aston lakeland village beach mountain resort	South Lake Tahoe	USA	HIGH	domain:aquaaston.com
	B	78	Georgetown	USA	Scurlock Farms		vacation_rental_agent	101 Scurlock Farms Rd	5126394433								overture:9980d17c-7551-4d07-8f40-e0f32dd6628f	2026-08-15T13:34:50.157036Z		Canonical queue drain | fit B | GitHub MASTER dedupe passed	https://scurlockfarms.com/	sheron@scurlockfarms.com	https://scurlockfarms.com/book-now/	https://www.instagram.com/danielatscurlockfarms/	https://www.facebook.com/scurlockfarms/		https://scurlockfarms.com/book-now/				High	Verified	https://explore.overturemaps.org/#id=9980d17c-7551-4d07-8f40-e0f32dd6628f; https://scurlockfarms.com/	Public Overture website; no usable Overture email. First-party public contact crawl required; no inference. Public business email recovered from first-party website; no inference.				overture:9980d17c-7551-4d07-8f40-e0f32dd6628f	scurlockfarms.com	5126394433	scurlock farms	Georgetown	USA	HIGH	domain:scurlockfarms.com
	B	78	York	United Kingdom	Yorkshire Spa Retreat		resort	Gale Lane	01439413102								overture:600733e4-3e75-4c27-8195-f38c6e7fd87d	2026-08-15T13:26:02.942239Z		Canonical queue drain | fit B | GitHub MASTER dedupe passed	https://www.yorkshire-spa-retreat.co.uk/	info@yorkshire-spa-retreat.co.uk	https://yorkshire-spa-retreat.co.uk/contact-us/	https://www.instagram.com/yorkshiresparetreat/	https://www.facebook.com/yorkshiresparetreat/		https://yorkshire-spa-retreat.co.uk/book-a-lodge-ownership-tour				High	Verified	https://explore.overturemaps.org/#id=600733e4-3e75-4c27-8195-f38c6e7fd87d; https://yorkshire-spa-retreat.co.uk/	Public Overture website; no usable Overture email. First-party public contact crawl required; no inference. Public business email recovered from first-party website; no inference.				overture:600733e4-3e75-4c27-8195-f38c6e7fd87d	yorkshire-spa-retreat.co.uk	01439413102	yorkshire spa retreat	York	United Kingdom	HIGH	domain:yorkshire-spa-retreat.co.uk
	B	78	Tabernash	USA	Winter Park Escapes LLC		vacation_rental_agent	60 CO Road 820	8008373048								overture:447ece9f-2bb4-410e-b552-31a4cce25e30	2026-08-15T13:26:02.942239Z		Canonical queue drain | fit B | GitHub MASTER dedupe passed	https://winterparkescapes.com/	reservations@winterparkescapes.com	https://www.winterparkescapes.com/about-us	https://www.instagram.com/winterpark_escapes/	https://www.facebook.com/WinterParkEscapes/		https://www.winterparkescapes.com/vacation-rentals				High	Verified	https://explore.overturemaps.org/#id=447ece9f-2bb4-410e-b552-31a4cce25e30; https://www.winterparkescapes.com/; https://www.winterparkescapes.com/contact-us	Public Overture website; no usable Overture email. First-party public contact crawl required; no inference. Public business email recovered from first-party website; no inference.				overture:447ece9f-2bb4-410e-b552-31a4cce25e30	winterparkescapes.com	8008373048	winter park escapes llc	Tabernash	USA	HIGH	domain:winterparkescapes.com
	B	78	Ann Arbor	USA	Weber's Boutique Hotel		resort	3050 Jackson Ave	7347692500								overture:9c8420ba-64f1-4d9c-9736-03ac49eb4857	2026-08-15T13:26:02.942239Z		Canonical queue drain | fit B | GitHub MASTER dedupe passed	https://webersannarbor.com/	info@webersannarbor.com	https://www.webersannarbor.com/	https://www.instagram.com/webersannarbor/	https://www.facebook.com/webersannarbor/		https://www.webersannarbor.com/rooms				High	Verified	https://explore.overturemaps.org/#id=9c8420ba-64f1-4d9c-9736-03ac49eb4857; https://www.webersannarbor.com/	Public Overture website; no usable Overture email. First-party public contact crawl required; no inference. Public business email recovered from first-party website; no inference.				overture:9c8420ba-64f1-4d9c-9736-03ac49eb4857	webersannarbor.com	7347692500	weber s boutique hotel	Ann Arbor	USA	HIGH	domain:webersannarbor.com
	B	78	Betws-Y-Coed	United Kingdom	Waterloo Hotel & Lodge		resort		01690710411								overture:f3dc62e2-43b7-4f91-9be1-3fb677ccd31b	2026-08-15T13:26:02.942239Z		Canonical queue drain | fit B | GitHub MASTER dedupe passed	http://www.waterloo-hotel.info/	reservations@waterloo-hotel.info	https://www.waterloo-hotel.info/contact-directions/enquiry-form/	https://www.instagram.com/hotelwaterloo/	https://www.facebook.com/pages/Waterloo-Hotel-Bridge-Brasserie/142267362508685/		https://www.waterloo-hotel.info/2026/07/30/booking-direct/				High	Verified	https://explore.overturemaps.org/#id=f3dc62e2-43b7-4f91-9be1-3fb677ccd31b; https://www.waterloo-hotel.info/	Public Overture website; no usable Overture email. First-party public contact crawl required; no inference. Public business email recovered from first-party website; no inference.				overture:f3dc62e2-43b7-4f91-9be1-3fb677ccd31b	waterloo-hotel.info	01690710411	waterloo hotel lodge	Betws-Y-Coed	United Kingdom	HIGH	domain:waterloo-hotel.info
	B	78	Fraser	USA	Visit Winter Park Lodging		vacation_rental_agent	551 Zerex #206	9703637458								overture:45e9051f-39d5-4496-9a17-865640ed0e70	2026-08-15T13:26:02.942239Z		Canonical queue drain | fit B | GitHub MASTER dedupe passed	https://www.visitwinterpark.com/	info@visitwinterpark.com	https://www.visitwinterpark.com/about-us/	https://www.instagram.com/visitwinterparklodging/	https://www.facebook.com/VisitWinterParkLodging/		https://www.visitwinterpark.com/preparing-your-home-for-vacation-rentals/				High	Verified	https://explore.overturemaps.org/#id=45e9051f-39d5-4496-9a17-865640ed0e70; https://www.visitwinterpark.com/; https://www.visitwinterpark.com/contact-us/	Public Overture website; no usable Overture email. First-party public contact crawl required; no inference. Public business email recovered from first-party website; no inference.				overture:45e9051f-39d5-4496-9a17-865640ed0e70	visitwinterpark.com	9703637458	visit winter park lodging	Fraser	USA	HIGH	domain:visitwinterpark.com
	B	78	Isla	Spain	Villas Spa El mirador de Isla - Apartamentos en Cantabria		hotel	Barrio el Hoyo, 34A	699791220								overture:4d838a5d-d71d-41bf-86e8-dfcb7e436c4a	2026-08-15T13:26:02.942239Z		Canonical queue drain | fit B | GitHub MASTER dedupe passed	https://villaselmiradordeisla.com/	vmrural@hotmail.com	https://villaselmiradordeisla.com/contacto/	https://www.instagram.com/elmiradordeisla/	https://www.facebook.com/people/El-Mirador-de-Isla/100076052276460/		https://villaselmiradordeisla.com/feed/				High	Verified	https://explore.overturemaps.org/#id=4d838a5d-d71d-41bf-86e8-dfcb7e436c4a; https://villaselmiradordeisla.com/	Public Overture website; no usable Overture email. First-party public contact crawl required; no inference. Public business email recovered from first-party website; no inference.				overture:4d838a5d-d71d-41bf-86e8-dfcb7e436c4a	villaselmiradordeisla.com	699791220	villas spa el mirador de isla apartamentos en cantabria	Isla	Spain	HIGH	domain:villaselmiradordeisla.com
	B	78	Néa Potídhaia	Greece	Villa Oasis		resort	5th km from Nea Potidhea to Nea Fokea	694 461 7704								overture:dd8a3a4f-f27c-4781-aa55-6b92fe7e26af	2026-08-15T13:26:02.942239Z		Canonical queue drain | fit B | GitHub MASTER dedupe passed	http://www.villaoasis.gr	info@villaoasis.gr	http://villaoasis.gr/about-us/		https://www.facebook.com/VillaOasis/	https://wa.me/306944617704	http://villaoasis.gr/booking/				High	Verified	https://explore.overturemaps.org/#id=dd8a3a4f-f27c-4781-aa55-6b92fe7e26af; http://villaoasis.gr/	Public Overture website; no usable Overture email. First-party public contact crawl required; no inference. Public business email recovered from first-party website; no inference.				overture:dd8a3a4f-f27c-4781-aa55-6b92fe7e26af	villaoasis.gr	6944617704	villa oasis	Néa Potídhaia	Greece	HIGH	domain:villaoasis.gr
	B	78	Sivota	Greece	Luxury Apartments "Villaggio Sioutis"		hotel	Sivota	694 464 4454								overture:866a349d-422a-4719-aebd-5fc667898690	2026-08-15T13:26:02.942239Z		Canonical queue drain | fit B | GitHub MASTER dedupe passed	http://villaggio-sioutis.gr	info@villaggio-sioutis.gr	https://villaggio-sioutis.gr/epikoinonia/	https://www.instagram.com/villaggiosioutis/	https://www.facebook.com/villaggiosioutis/		https://bookings.villaggio-sioutis.gr/el				High	Verified	https://explore.overturemaps.org/#id=866a349d-422a-4719-aebd-5fc667898690; https://villaggio-sioutis.gr/	Public Overture website; no usable Overture email. First-party public contact crawl required; no inference. Public business email recovered from first-party website; no inference.				overture:866a349d-422a-4719-aebd-5fc667898690	villaggio-sioutis.gr	6944644454	luxury apartments villaggio sioutis	Sivota	Greece	HIGH	domain:villaggio-sioutis.gr
	B	78	Σκιάθος	Greece	Villa Athena Skiathos		hotel	Villa Athena Ftelia Road	+306980529992								overture:034b439c-d0f3-440e-af48-913e1aba2f0e	2026-08-15T13:26:02.942239Z		Canonical queue drain | fit B | GitHub MASTER dedupe passed	http://www.villa-athena.gr/	johndoe01@gmail.com	https://villa-athena.gr/en/contact	https://www.instagram.com/villaathena.skiathos/	https://www.facebook.com/villa.athena.skiathos/		https://villa-athena.gr/en/all-properties/?adults=1&children=0&infants=0&pets=0				High	Verified	https://explore.overturemaps.org/#id=034b439c-d0f3-440e-af48-913e1aba2f0e; https://villa-athena.gr/	Public Overture website; no usable Overture email. First-party public contact crawl required; no inference. Public business email recovered from first-party website; no inference.				overture:034b439c-d0f3-440e-af48-913e1aba2f0e	villa-athena.gr	306980529992	villa athena skiathos	Σκιάθος	Greece	HIGH	domain:villa-athena.gr
	B	78	Muravera	Italy	Eos Village Costa Rei		resort		+39070991465								overture:ef2a45c7-cbaf-45de-b6a3-e527bed70912	2026-08-15T13:26:02.942239Z		Canonical queue drain | fit B | GitHub MASTER dedupe passed	http://www.veratour.it/villaggi/sardegna-veraclub-suneva	direzione@pec.veratour.it	https://www.veratour.it/villaggi/caraibi/veraclub-sunscape-dominicus.cfm	https://www.instagram.com/veratour_spa/	https://www.facebook.com/VeratourSpa/		https://www.veratour.it/villaggi.cfm				High	Verified	https://explore.overturemaps.org/#id=ef2a45c7-cbaf-45de-b6a3-e527bed70912; https://www.veratour.it/villaggi/italia/veraclub-suneva-wellness-golf-sardegna.cfm	Public Overture website; no usable Overture email. First-party public contact crawl required; no inference. Public business email recovered from first-party website; no inference.				overture:ef2a45c7-cbaf-45de-b6a3-e527bed70912	veratour.it	39070991465	eos village costa rei	Muravera	Italy	HIGH	domain:veratour.it
	B	78	Πάργα	Greece	Valtos Beach Hotel & Gogozotos Residence		beach_resort	Valtos, Parga	+302684031005								overture:4ff51817-aef3-40ba-bea4-a5fd6d3d99fb	2026-08-15T13:26:02.942239Z		Canonical queue drain | fit B | GitHub MASTER dedupe passed	http://www.valtosbeach.gr/	info@valtosbeach.gr	https://www.valtosbeach.gr/contact	https://www.instagram.com/valtosbeachhotel/	https://www.facebook.com/hotelvaltosbeach/		https://www.valtosbeach.gr/accommodation				High	Verified	https://explore.overturemaps.org/#id=4ff51817-aef3-40ba-bea4-a5fd6d3d99fb; https://www.valtosbeach.gr/	Public Overture website; no usable Overture email. First-party public contact crawl required; no inference. Public business email recovered from first-party website; no inference.				overture:4ff51817-aef3-40ba-bea4-a5fd6d3d99fb	valtosbeach.gr	302684031005	valtos beach hotel gogozotos residence	Πάργα	Greece	HIGH	domain:valtosbeach.gr
	B	78	Greer	USA	Sunrise Park Resort AZ		ski_resort	199 State Route 373	+19287357669								overture:6780ec4a-756e-40e9-9865-a4d597d0be92	2026-08-15T13:26:02.942239Z		Canonical queue drain | fit B | GitHub MASTER dedupe passed	https://sunrise.ski/	guestservices@sunrise.ski	https://sunrise.ski/contact-us/	https://www.instagram.com/sunriseskiaz/	https://www.facebook.com/SunriseSkiAZ/		https://www.sunrise.ski/winter/rentals/				High	Verified	https://explore.overturemaps.org/#id=6780ec4a-756e-40e9-9865-a4d597d0be92; https://sunrise.ski/; https://sunrise.ski/contact-us/	Public Overture website; no usable Overture email. First-party public contact crawl required; no inference. Public business email recovered from first-party website; no inference.				overture:6780ec4a-756e-40e9-9865-a4d597d0be92	sunrise.ski	19287357669	sunrise park resort az	Greer	USA	HIGH	domain:sunrise.ski
	B	78	Lyons	USA	Stone Mountain Lodge & Cabins		resort	18055 N Saint Vrain Dr	3038236091								overture:426c7041-2fb7-4041-b7b9-e74a59e91f0b	2026-08-15T13:26:02.942239Z		Canonical queue drain | fit B | GitHub MASTER dedupe passed	http://stonemountainlodge.com/	info@stonemountainlodge.com	https://www.stonemountainlodge.com/contact	https://www.instagram.com/stonemountainlodge/	https://www.facebook.com/StoneMountainLodgeColorado/		https://www.stonemountainlodge.com/rooms				High	Verified	https://explore.overturemaps.org/#id=426c7041-2fb7-4041-b7b9-e74a59e91f0b; https://www.stonemountainlodge.com/	Public Overture website; no usable Overture email. First-party public contact crawl required; no inference. Public business email recovered from first-party website; no inference.				overture:426c7041-2fb7-4041-b7b9-e74a59e91f0b	stonemountainlodge.com	3038236091	stone mountain lodge cabins	Lyons	USA	HIGH	domain:stonemountainlodge.com
	B	78	Santander	Spain	Hotel Soho Boutique Palacio de Pombo		resort	CALLE MARCELINO SANZ DE SAUTUOLA, 2	842840804								overture:976ce4a1-5082-49de-8be2-89eedafd4cdb	2026-08-15T13:26:02.942239Z		Canonical queue drain | fit B | GitHub MASTER dedupe passed	https://www.sohohoteles.com/destinos/hotel-soho-boutique-palacio-de-pombo-4-en-santander/	bookings@sohohoteles.com	https://www.sohohoteles.com/contacto/	https://www.instagram.com/sohoboutiquehotels/	https://www.facebook.com/HotelesSOHO/		https://www.sohohoteles.com/wp-content/plugins/motopress-hotel-booking/assets/css/mphb.min.css?ver=3.9.8				High	Verified	https://explore.overturemaps.org/#id=976ce4a1-5082-49de-8be2-89eedafd4cdb; https://www.sohohoteles.com/destinos/hotel-soho-boutique-palacio-de-pombo-4-en-santander/	Public Overture website; no usable Overture email. First-party public contact crawl required; no inference. Public business email recovered from first-party website; no inference.				overture:976ce4a1-5082-49de-8be2-89eedafd4cdb	sohohoteles.com	842840804	hotel soho boutique palacio de pombo	Santander	Spain	HIGH	domain:sohohoteles.com
	B	78	Άγιος Θωμάς	Greece	Sezian Boutique Homes & Villas		hotel	Απόλλωνος & Διονύσου, Πρέβεζα	2682306090								overture:c115c9cc-109d-42b1-90f3-f5961e8ba2d4	2026-08-15T13:26:02.942239Z		Canonical queue drain | fit B | GitHub MASTER dedupe passed	http://www.sezian.com/	info@sezian.com	https://www.sezian.com/contact/	https://www.instagram.com/sezianboutiquehomesvillas/	https://www.facebook.com/sezianboutiquehomesandvillas/		https://www.sezian.com/homes-and-villas/				High	Verified	https://explore.overturemaps.org/#id=c115c9cc-109d-42b1-90f3-f5961e8ba2d4; https://www.sezian.com/	Public Overture website; no usable Overture email. First-party public contact crawl required; no inference. Public business email recovered from first-party website; no inference.				overture:c115c9cc-109d-42b1-90f3-f5961e8ba2d4	sezian.com	2682306090	sezian boutique homes villas	Άγιος Θωμάς	Greece	HIGH	domain:sezian.com
	B	78	Palm Springs	USA	Ryson Vacations Palm Springs		vacation_rental_agent	318 N Palm Canyon Dr	7605371515								overture:41d8958f-9901-42ba-ab0f-ff231a91d4a0	2026-08-15T13:26:02.942239Z		Canonical queue drain | fit B | GitHub MASTER dedupe passed	https://rysonvacations.com/	concierge@rysonvacations.com	https://rysonvacations.com/contact-us/	https://www.instagram.com/ryson_vacations/	https://www.facebook.com/people/Ryson-Vacations/61565468949946/		https://rysonvacations.com/vacation-rentals/event-rentals/accommodations-for-coachella/				High	Verified	https://explore.overturemaps.org/#id=41d8958f-9901-42ba-ab0f-ff231a91d4a0; https://rysonvacations.com/; https://rysonvacations.com/contact-us/	Public Overture website; no usable Overture email. First-party public contact crawl required; no inference. Public business email recovered from first-party website; no inference.				overture:41d8958f-9901-42ba-ab0f-ff231a91d4a0	rysonvacations.com	7605371515	ryson vacations palm springs	Palm Springs	USA	HIGH	domain:rysonvacations.com
	B	78	Austin	USA	Renters Club		vacation_rental_agent	716 S Lamar Blvd	5129529113								overture:53c12546-e017-4ac4-abff-ec93363dc315	2026-08-15T13:26:02.942239Z		Canonical queue drain | fit B | GitHub MASTER dedupe passed	https://www.renters-club.com/	info@renters-club.com	https://www.renters-club.com/contact-us/	https://www.instagram.com/rentersclub/	https://www.facebook.com/therentersclub/		https://www.renters-club.com/austin-vacation-rentals/				High	Verified	https://explore.overturemaps.org/#id=53c12546-e017-4ac4-abff-ec93363dc315; https://www.renters-club.com/; https://www.renters-club.com/contact-us/	Public Overture website; no usable Overture email. First-party public contact crawl required; no inference. Public business email recovered from first-party website; no inference.				overture:53c12546-e017-4ac4-abff-ec93363dc315	renters-club.com	5129529113	renters club	Austin	USA	HIGH	domain:renters-club.com
	B	78	Dalmally	United Kingdom	Portsonachan Hotel & Lodges		resort	Portsonachan, Dalmally Pa33 1Bj, Uk	01866833224								overture:25f4d874-51a5-44d2-a852-4e8c63a774e8	2026-08-15T13:26:02.942239Z		Canonical queue drain | fit B | GitHub MASTER dedupe passed	https://www.portsonachan.com/	reception@portsonachan.com	https://book.portsonachan.com/reservation?coupon=LOYAL15	https://www.instagram.com/portsonachanhotel/	https://www.facebook.com/portsonachanhotellochawe/		https://book.portsonachan.com/reservation?coupon=LOYAL15				High	Verified	https://explore.overturemaps.org/#id=25f4d874-51a5-44d2-a852-4e8c63a774e8; https://www.portsonachan.com/	Public Overture website; no usable Overture email. First-party public contact crawl required; no inference. Public business email recovered from first-party website; no inference.				overture:25f4d874-51a5-44d2-a852-4e8c63a774e8	portsonachan.com	01866833224	portsonachan hotel lodges	Dalmally	United Kingdom	HIGH	domain:portsonachan.com
	B	78	Campofelice di Roccella	Italy	Grand Palladium Garden Beach Resort & Spa		hotel	Viale Himera 7/8, ss 113 Km 204.3	0921 935053								overture:1f25ab12-7c6e-4f4b-b3b7-872a41d4d273	2026-08-15T13:26:02.942239Z		Canonical queue drain | fit B | GitHub MASTER dedupe passed	https://www.palladiumhotelgroup.com/es/hoteles/italia/siciliacampofelice/grand-palladium-garden-beach-resort-spa	info.jamaica@palladiumhotelgroup.com	https://www.palladiumhotelgroup.com/es/ayuda-y-contacto	https://www.instagram.com/palladiumhotelgroup/	https://www.facebook.com/PalladiumHotelGroup/		https://reservas.palladiumhotelgroup.com/bookcore/my-booking/				High	Verified	https://explore.overturemaps.org/#id=1f25ab12-7c6e-4f4b-b3b7-872a41d4d273; https://www.palladiumhotelgroup.com/es/hoteles/espana/malaga; https://www.palladiumhotelgroup.com/es/contacto/hoteles	Public Overture website; no usable Overture email. First-party public contact crawl required; no inference. Public business email recovered from first-party website; no inference.				overture:1f25ab12-7c6e-4f4b-b3b7-872a41d4d273	palladiumhotelgroup.com	0921935053	grand palladium garden beach resort spa	Campofelice di Roccella	Italy	HIGH	domain:palladiumhotelgroup.com
	B	78	Ladera Ranch	USA	Oceanfront Vacation Villas, LLC		holiday_rental_home	27702 Crown Valley Pkwy Ste D4	8087836134								overture:6f772437-c838-4b71-8524-9e276dcfc32b	2026-08-15T13:26:02.942239Z		Canonical queue drain | fit B | GitHub MASTER dedupe passed	https://www.oceanfrontturtlebay.com/	reservations@oceanfrontturtlebay.com	https://www.oceanfrontturtlebay.com/about-us	https://www.instagram.com/oceanfrontturtlebay/	https://www.facebook.com/oceanfrontturtlebay/		https://www.oceanfrontturtlebay.com/oahu-vacation-rentals				High	Verified	https://explore.overturemaps.org/#id=6f772437-c838-4b71-8524-9e276dcfc32b; https://www.oceanfrontturtlebay.com/	Public Overture website; no usable Overture email. First-party public contact crawl required; no inference. Public business email recovered from first-party website; no inference.				overture:6f772437-c838-4b71-8524-9e276dcfc32b	oceanfrontturtlebay.com	8087836134	oceanfront vacation villas llc	Ladera Ranch	USA	HIGH	domain:oceanfrontturtlebay.com
	B	78	Σκόπελος	Greece	Minno Boutique Hotel & Spa		hotel	Ampeliki	+302104448921								overture:f67ab301-6702-4048-9d4b-8952678e84a7	2026-08-15T13:26:02.942239Z		Canonical queue drain | fit B | GitHub MASTER dedupe passed	https://www.minnohotel.com/	info@minnohotel.com	https://www.minnohotel.com/contact/	https://www.instagram.com/minno_hotel/	https://www.facebook.com/people/Minno-Boutique-Hotel-Spa/61573014322742/		https://www.minnohotel.com/rooms-suites/2-bedroom-villa-with-private-pool/				High	Verified	https://explore.overturemaps.org/#id=f67ab301-6702-4048-9d4b-8952678e84a7; https://www.minnohotel.com/	Public Overture website; no usable Overture email. First-party public contact crawl required; no inference. Public business email recovered from first-party website; no inference.				overture:f67ab301-6702-4048-9d4b-8952678e84a7	minnohotel.com	302104448921	minno boutique hotel spa	Σκόπελος	Greece	HIGH	domain:minnohotel.com
	B	78	Сандански	Greece	Medite Spa Resort & Villas		hotel	Поленишки път 2	+359888366000								overture:1983e0e5-93ba-492e-a371-0f934ba22351	2026-08-15T13:26:02.942239Z		Canonical queue drain | fit B | GitHub MASTER dedupe passed	http://www.meditesparesort.com/	billing@meditesparesort.com	https://meditesparesort.com/about-us/	https://www.instagram.com/medite_spa_resort/	https://www.facebook.com/meditesparesort/		https://meditesparesort.com/suites-and-villas				High	Verified	https://explore.overturemaps.org/#id=1983e0e5-93ba-492e-a371-0f934ba22351; https://meditesparesort.com/	Public Overture website; no usable Overture email. First-party public contact crawl required; no inference. Public business email recovered from first-party website; no inference.				overture:1983e0e5-93ba-492e-a371-0f934ba22351	meditesparesort.com	359888366000	medite spa resort villas	Сандански	Greece	HIGH	domain:meditesparesort.com
	B	78	Άγιος Γεώργιος	Greece	Litsa Haus Estate Residences		hotel	Εγνατία 68	+302397022230								overture:407188e1-cb40-4022-a2d7-7abda3a1d229	2026-08-15T13:26:02.942239Z		Canonical queue drain | fit B | GitHub MASTER dedupe passed	http://www.litsahaus.com/	litsahaus@hotmail.com	https://www.litsahaus.com/about	https://www.instagram.com/wix/	https://www.facebook.com/wix/		https://www.litsahaus.com/rooms				High	Verified	https://explore.overturemaps.org/#id=407188e1-cb40-4022-a2d7-7abda3a1d229; https://www.litsahaus.com/	Public Overture website; no usable Overture email. First-party public contact crawl required; no inference. Public business email recovered from first-party website; no inference.				overture:407188e1-cb40-4022-a2d7-7abda3a1d229	litsahaus.com	302397022230	litsa haus estate residences	Άγιος Γεώργιος	Greece	HIGH	domain:litsahaus.com
	B	78	Carefree	USA	Voyago		vacation_rental_agent	7301 E Sundance Trail Ste A101	9704735735								overture:99e087bc-6a66-419e-93b7-8c2d606958d9	2026-08-15T13:26:02.942239Z		Canonical queue drain | fit B | GitHub MASTER dedupe passed	https://letsvoyago.com/	reservations@letsvoyago.com	https://letsvoyago.com/contact-us/	https://www.instagram.com/voyagovacationrentals/	https://www.facebook.com/voyagovacationrentals/		https://letsvoyago.com/vacation-rentals/rocky-mountain-national-park-vacation-rentals/rocky-mountain-national-park-vacation-homes/				High	Verified	https://explore.overturemaps.org/#id=99e087bc-6a66-419e-93b7-8c2d606958d9; https://letsvoyago.com/	Public Overture website; no usable Overture email. First-party public contact crawl required; no inference. Public business email recovered from first-party website; no inference.				overture:99e087bc-6a66-419e-93b7-8c2d606958d9	letsvoyago.com	9704735735	voyago	Carefree	USA	HIGH	domain:letsvoyago.com
	B	78	Сърница	Greece	Lavalliere Hotel & Villas		hotel		+359892030808								overture:e317f748-f19f-432c-80cb-a110d839c8a6	2026-08-15T13:26:02.942239Z		Canonical queue drain | fit B | GitHub MASTER dedupe passed	https://lavallierehotel.com/	reservation@lavallierehotel.com	https://lavallierehotel.com/contacts/	https://www.instagram.com/lavalliere_hotel_and_villas/	https://www.facebook.com/profile.php/		https://lavallierehotel.com/villas/				High	Verified	https://explore.overturemaps.org/#id=e317f748-f19f-432c-80cb-a110d839c8a6; https://lavallierehotel.com/	Public Overture website; no usable Overture email. First-party public contact crawl required; no inference. Public business email recovered from first-party website; no inference.				overture:e317f748-f19f-432c-80cb-a110d839c8a6	lavallierehotel.com	359892030808	lavalliere hotel villas	Сърница	Greece	HIGH	domain:lavallierehotel.com
	B	78	Enniskillen	United Kingdom	Killyhevlin Lakeside Hotel & Lodges		resort	Dublin Road	02866323481								overture:5e972101-3b8b-4a08-b945-35c1bd2b904d	2026-08-15T13:26:02.942239Z		Canonical queue drain | fit B | GitHub MASTER dedupe passed	https://www.killyhevlin.com/	info@killyhevlin.com	https://www.killyhevlin.com/contactus	https://www.instagram.com/killyhevlin/	https://www.facebook.com/Killyhevlin/		https://bookings.killyhevlin.com/sites/killyhevlinhotel/				High	Verified	https://explore.overturemaps.org/#id=5e972101-3b8b-4a08-b945-35c1bd2b904d; https://www.killyhevlin.com/	Public Overture website; no usable Overture email. First-party public contact crawl required; no inference. Public business email recovered from first-party website; no inference.				overture:5e972101-3b8b-4a08-b945-35c1bd2b904d	killyhevlin.com	02866323481	killyhevlin lakeside hotel lodges	Enniskillen	United Kingdom	HIGH	domain:killyhevlin.com
	B	78	County Armagh	United Kingdom	Killeavy Castle Estate		resort	12 Ballintemple Rd, Killeavy, Newry	02830444888								overture:2cb41764-267e-41ac-ae08-94960d792202	2026-08-15T13:26:02.942239Z		Canonical queue drain | fit B | GitHub MASTER dedupe passed	https://www.killeavycastle.com/	info@killeavycastle.com	https://www.killeavycastle.com/contact-us.html	https://www.instagram.com/killeavycastle/	https://www.facebook.com/killeavycastle/		https://www.killeavycastle.com/bookings.html				High	Verified	https://explore.overturemaps.org/#id=2cb41764-267e-41ac-ae08-94960d792202; https://www.killeavycastle.com/	Public Overture website; no usable Overture email. First-party public contact crawl required; no inference. Public business email recovered from first-party website; no inference.				overture:2cb41764-267e-41ac-ae08-94960d792202	killeavycastle.com	02830444888	killeavy castle estate	County Armagh	United Kingdom	HIGH	domain:killeavycastle.com
	B	78	Fredonia	USA	Kaibab Lodge		resort	30 HC 64	(928) 638-2389								overture:4c616a0b-dc50-4c04-aa03-a347fc9982e0	2026-08-15T13:26:02.942239Z		Canonical queue drain | fit B | GitHub MASTER dedupe passed	http://www.kaibablodge.com	info@kaibablodge.com	https://www.kaibablodge.com/about	https://www.instagram.com/northrimgrandcanyonresort/	https://www.facebook.com/profile.php/		https://www.kaibablodge.com/cabins				High	Verified	https://explore.overturemaps.org/#id=4c616a0b-dc50-4c04-aa03-a347fc9982e0; https://www.kaibablodge.com/; https://www.kaibablodge.com/contact	Public Overture website; no usable Overture email. First-party public contact crawl required; no inference. Public business email recovered from first-party website; no inference.				overture:4c616a0b-dc50-4c04-aa03-a347fc9982e0	kaibablodge.com	9286382389	kaibab lodge	Fredonia	USA	HIGH	domain:kaibablodge.com
	B	78	Santander	Spain	JUST-ROOM		vacation_rental_agent	Lealtad 14	942794276								overture:3f8ff606-f1b9-4974-bbd9-ff6c637e946a	2026-08-15T13:26:02.942239Z		Canonical queue drain | fit B | GitHub MASTER dedupe passed	https://just-room.com/	administracion@just-room.com	https://just-room.com/contacto/	https://www.instagram.com/just.room_/	https://www.facebook.com/JustRoomEspana/		https://just-room.com/wp-content/plugins/jet-appointments-booking/assets/css/public/jet-appointments-booking.css?ver=2.3.2				Permissive	Qualification	https://explore.overturemaps.org/#id=3f8ff606-f1b9-4974-bbd9-ff6c637e946a; https://just-room.com/	Public Overture website; no usable Overture email. First-party public contact crawl required; no inference. Public business email recovered from first-party website; no inference.				overture:3f8ff606-f1b9-4974-bbd9-ff6c637e946a	just-room.com	942794276	just room	Santander	Spain	PERMISSIVE	domain:just-room.com
	B	78	San Sebastián	Spain	Intelier Villa Katalina		resort	Hondarribia Kalea Nº 42	943051175								overture:db5633e6-7c0f-442d-90d6-ef85944568cc	2026-08-15T13:26:02.942239Z		Canonical queue drain | fit B | GitHub MASTER dedupe passed	https://www.intelier.com/en/hotel-villa-katalina-san-sebastian/	rosa@intelier.com	https://www.intelier.com/en/about-us/	https://www.instagram.com/hotelesintur/	https://www.facebook.com/Intelierhotels/		http://www.intelier.com/core-suites-sevilla/				High	Verified	https://explore.overturemaps.org/#id=db5633e6-7c0f-442d-90d6-ef85944568cc; https://www.intelier.com/en/hotel-intelier-villa-katalina-san-sebastian/	Public Overture website; no usable Overture email. First-party public contact crawl required; no inference. Public business email recovered from first-party website; no inference.				overture:db5633e6-7c0f-442d-90d6-ef85944568cc	intelier.com	943051175	intelier villa katalina	San Sebastián	Spain	HIGH	domain:intelier.com
	B	78	Zaragoza	Spain	Hotel Hesperia Zaragoza Centro		hotel	Calle Conde de Aranda, 48	+34976284500								overture:59145270-e247-4c2f-97b7-8ed50b98d8b1	2026-08-15T13:26:02.942239Z		Canonical queue drain | fit B | GitHub MASTER dedupe passed	http://www.hesperia.com/	reservations@hesperia.com	https://booking.hesperia.com/	https://www.instagram.com/hesperia_hotels_resorts/	https://www.facebook.com/hesperiahoteles/		https://www.hesperia.com/app/plugins/mirai-booking-core/widgets/css/promocode.css				High	Verified	https://explore.overturemaps.org/#id=59145270-e247-4c2f-97b7-8ed50b98d8b1; https://www.hesperia.com/; https://www.hesperia.com/contacto/	Public Overture website; no usable Overture email. First-party public contact crawl required; no inference. Public business email recovered from first-party website; no inference.				overture:59145270-e247-4c2f-97b7-8ed50b98d8b1	hesperia.com	34976284500	hotel hesperia zaragoza centro	Zaragoza	Spain	HIGH	domain:hesperia.com
	B	78	Caerwys	United Kingdom	Herons Lake Retreat Hot Tub Lodges		hotel	"Herons Retreat, Caerwys, CH7 5AD, Storbritannien"	+441352721272								overture:301f0539-2e1e-4c18-83b0-f4d682a98585	2026-08-15T13:26:02.942239Z		Canonical queue drain | fit B | GitHub MASTER dedupe passed	http://www.heronslakeretreat.com	sales@heronslakeretreat.com	https://heronslakeretreat.com/about/	https://www.instagram.com/heronslakeretreat/	https://www.facebook.com/heronslakeretreat/		https://heronslakeretreat.com/stay/log-cabins-with-hot-tub-north-wales/				Medium	Recall-first	https://explore.overturemaps.org/#id=301f0539-2e1e-4c18-83b0-f4d682a98585; https://heronslakeretreat.com/	Public Overture website; no usable Overture email. First-party public contact crawl required; no inference. Public business email recovered from first-party website; no inference.				overture:301f0539-2e1e-4c18-83b0-f4d682a98585	heronslakeretreat.com	441352721272	herons lake retreat hot tub lodges	Caerwys	United Kingdom	MEDIUM	domain:heronslakeretreat.com
	B	78	Ασίνη	Greece	Gold Sun Villas		hotel	Καστρακίου Τολό	+306948177939								overture:daab0383-1461-461c-918c-f92881c08316	2026-08-15T13:26:02.942239Z		Canonical queue drain | fit B | GitHub MASTER dedupe passed	https://goldsunvillas.com/	goldsunvillastolo@gmail.com	https://goldsunvillas.com/about-us/	https://www.instagram.com/gold_sun_villas/	https://www.facebook.com/goldsunvillas/		https://goldsunvillas.com/wp-content/themes/hotelbooking/style.css?ver=7.0.4				High	Verified	https://explore.overturemaps.org/#id=daab0383-1461-461c-918c-f92881c08316; https://goldsunvillas.com/	Public Overture website; no usable Overture email. First-party public contact crawl required; no inference. Public business email recovered from first-party website; no inference.				overture:daab0383-1461-461c-918c-f92881c08316	goldsunvillas.com	306948177939	gold sun villas	Ασίνη	Greece	HIGH	domain:goldsunvillas.com
	B	78	Δημοτική Ενότητα Παλλήνης	Greece	Golden Residence Family Resort		hotel	2nd Km Main Road Hanioti – Pefkochori	+306946359234								overture:d3f34498-d504-4110-bbef-ec351d579baa	2026-08-15T13:26:02.942239Z		Canonical queue drain | fit B | GitHub MASTER dedupe passed	https://www.golden-residence.gr/	reservations@golden-residence.gr	https://www.golden-residence.gr/about-us/	https://www.instagram.com/golden_residence_family_resort/	https://www.facebook.com/GoldenResidenceResort/		https://www.golden-residence.gr/family-apartments-sea-view/				High	Verified	https://explore.overturemaps.org/#id=d3f34498-d504-4110-bbef-ec351d579baa; https://www.golden-residence.gr/	Public Overture website; no usable Overture email. First-party public contact crawl required; no inference. Public business email recovered from first-party website; no inference.				overture:d3f34498-d504-4110-bbef-ec351d579baa	golden-residence.gr	306946359234	golden residence family resort	Δημοτική Ενότητα Παλλήνης	Greece	HIGH	domain:golden-residence.gr
	B	78	Edinburgh	United Kingdom	Friends Of Tuscany		vacation_rental_agent	45-2 Pittville Street	01316699036								overture:8ababc0c-56eb-4586-9198-cde1c289aedb	2026-08-15T13:26:02.942239Z		Canonical queue drain | fit B | GitHub MASTER dedupe passed	http://www.friendsoftuscany.com/	info@friendsoftuscany.com	https://friendsoftuscany.com/about-tuscany-villa-experts/	https://www.instagram.com/friendsoftuscany/	https://www.facebook.com/FriendsOfTuscany/		https://friendsoftuscany.com/wp-content/themes/camelot/365villas/css/villas-365-properties-list.css?ver=1.0.4				High	Verified	https://explore.overturemaps.org/#id=8ababc0c-56eb-4586-9198-cde1c289aedb; https://friendsoftuscany.com/	Public Overture website; no usable Overture email. First-party public contact crawl required; no inference. Public business email recovered from first-party website; no inference.				overture:8ababc0c-56eb-4586-9198-cde1c289aedb	friendsoftuscany.com	01316699036	friends of tuscany	Edinburgh	United Kingdom	HIGH	domain:friendsoftuscany.com
	B	78	Cork	Ireland	Fota Island Resort Courtyard Lodges		hotel	Fota Island	(021) 488 3700								overture:e3e548dc-c860-4937-8356-2b7bd407ad9a	2026-08-15T13:26:02.942239Z		Canonical queue drain | fit B | GitHub MASTER dedupe passed	http://www.fotaisland.ie/Fota-Island-Lodges	reservations@fotaisland.ie	https://www.fotaisland.ie/contact/	https://www.instagram.com/fotaislandresort/	https://www.facebook.com/FotaIslandResort/		https://www.fotaisland.ie/online-golf-booking				High	Verified	https://explore.overturemaps.org/#id=e3e548dc-c860-4937-8356-2b7bd407ad9a; https://www.fotaisland.ie/self-catering-lodges-cork	Public Overture website; no usable Overture email. First-party public contact crawl required; no inference. Public business email recovered from first-party website; no inference.				overture:e3e548dc-c860-4937-8356-2b7bd407ad9a	fotaisland.ie	0214883700	fota island resort courtyard lodges	Cork	Ireland	HIGH	domain:fotaisland.ie
	B	78	Barisardo	Italy	Felix Hotels – Galanias Hotel & Retreat		resort	VIA BELVEDERE 2	078229972								overture:2088b5a8-9d50-43b4-8c47-f845ae618db2	2026-08-15T13:26:02.942239Z		Canonical queue drain | fit B | GitHub MASTER dedupe passed	https://www.felixhotels.it/galanias-hotel-retreat-bari-sardo/	booking@felixhotels.it	https://www.felixhotels.it/contatti/	https://www.instagram.com/felixhotels.galanias/	https://www.facebook.com/felixhotelsgalanias/		https://www.felixhotels.it/wp-content/plugins/mybooking-rf/style.css?ver=4.0				High	Verified	https://explore.overturemaps.org/#id=2088b5a8-9d50-43b4-8c47-f845ae618db2; https://www.felixhotels.it/galanias-hotel-retreat-bari-sardo/	Public Overture website; no usable Overture email. First-party public contact crawl required; no inference. Public business email recovered from first-party website; no inference.				overture:2088b5a8-9d50-43b4-8c47-f845ae618db2	felixhotels.it	078229972	felix hotels galanias hotel retreat	Barisardo	Italy	HIGH	domain:felixhotels.it
	B	78	England-Wales-Scotland-Core::g21of3x2::lane=site-recovery	United Kingdom	Radisson Blu Farnham Estate Hotel		hotel	Farnham Estate	+353494377700								overture:bbd07007-609c-4a92-8089-b629d8411e8e	2026-08-15T13:26:02.942239Z		Canonical queue drain | fit B | GitHub MASTER dedupe passed	http://www.farnhamestate.ie	weddings@farnhamestate.ie	https://www.farnhamestate.ie/contact-us/	https://www.instagram.com/farnhamestate/	https://www.facebook.com/FarnhamEstate/		https://www.farnhamestate.ie/rooms/executive-suites-farnham-house/				High	Verified	https://explore.overturemaps.org/#id=bbd07007-609c-4a92-8089-b629d8411e8e; https://www.farnhamestate.ie/	Public Overture website; no usable Overture email. First-party public contact crawl required; no inference. Public business email recovered from first-party website; no inference.				overture:bbd07007-609c-4a92-8089-b629d8411e8e	farnhamestate.ie	353494377700	radisson blu farnham estate hotel	England-Wales-Scotland-Core::g21of3x2::lane=site-recovery	United Kingdom	HIGH	domain:farnhamestate.ie
	B	78	Vail	USA	Exclusive Vail Rentals		ski_resort	2239 Chamonix Ln #B	3032782689								overture:4320aa6d-12b6-4f42-a994-67f8c7fc8709	2026-08-15T13:26:02.942239Z		Canonical queue drain | fit B | GitHub MASTER dedupe passed	http://www.exclusivevailrentals.com/	info@exclusivevailrentals.com	https://www.exclusivevailrentals.com/about-us/	https://www.instagram.com/exclusive_vail_rentals/	https://www.facebook.com/ExclusiveVailRentals/		https://www.exclusivevailrentals.com/wp-content/themes/altitude-pro/vrp/css/booking.custom.css?ver=7.0.4				High	Verified	https://explore.overturemaps.org/#id=4320aa6d-12b6-4f42-a994-67f8c7fc8709; https://www.exclusivevailrentals.com/	Public Overture website; no usable Overture email. First-party public contact crawl required; no inference. Public business email recovered from first-party website; no inference.				overture:4320aa6d-12b6-4f42-a994-67f8c7fc8709	exclusivevailrentals.com	3032782689	exclusive vail rentals	Vail	USA	HIGH	domain:exclusivevailrentals.com
	B	78	Palermo	Italy	Domìa Boutique Hotel Mondello		resort	Viale Vulcano, 4, Mondello	3207273361								overture:c6efb01f-dd0a-4a22-b532-8b2f2984de14	2026-08-15T13:26:02.942239Z		Canonical queue drain | fit B | GitHub MASTER dedupe passed	http://www.domiahotel.it/	info@domiahotel.it	https://booking.domiahotel.it/book/services/index?ecommerce	https://www.instagram.com/domia_mondello/	https://www.facebook.com/Domiahotel/		https://booking.domiahotel.it/book/services/index?ecommerce				Medium	Recall-first	https://explore.overturemaps.org/#id=c6efb01f-dd0a-4a22-b532-8b2f2984de14; https://www.domiahotel.it/	Public Overture website; no usable Overture email. First-party public contact crawl required; no inference. Public business email recovered from first-party website; no inference.				overture:c6efb01f-dd0a-4a22-b532-8b2f2984de14	domiahotel.it	3207273361	domia boutique hotel mondello	Palermo	Italy	MEDIUM	domain:domiahotel.it
	B	78	Cupar	United Kingdom	Craigsanguhar House Hotel & Country Estate		resort	Craigsanquhar House Hotel, By Logie	01334653426								overture:d2814550-4a49-4ac5-acd5-1194fe770970	2026-08-15T13:26:02.942239Z		Canonical queue drain | fit B | GitHub MASTER dedupe passed	http://www.craigsanquhar.com/	info@craigsanquhar.com	https://craigsanquhar.com/about/	https://www.instagram.com/craigsanquhar_estate/	https://www.facebook.com/Craigsanquhar/		https://craigsanquhar.com/accommodation/				High	Verified	https://explore.overturemaps.org/#id=d2814550-4a49-4ac5-acd5-1194fe770970; https://craigsanquhar.com/	Public Overture website; no usable Overture email. First-party public contact crawl required; no inference. Public business email recovered from first-party website; no inference.				overture:d2814550-4a49-4ac5-acd5-1194fe770970	craigsanquhar.com	01334653426	craigsanguhar house hotel country estate	Cupar	United Kingdom	HIGH	domain:craigsanquhar.com
	B	78	Clogher	United Kingdom	Corick Country House		hotel	"Corick House Hotel, Clogher, COUNTY TYRONE"	+442885548216								overture:a5bb9779-a3ca-4490-9164-72825193bba5	2026-08-15T13:26:02.942239Z		Canonical queue drain | fit B | GitHub MASTER dedupe passed	http://www.corickcountryhouse.com	reservations@corickcountryhouse.com	https://www.corickcountryhouse.com/contact/	https://www.instagram.com/corickhousehotel_spa/	https://www.facebook.com/corickhousehotel/		https://www.corickcountryhouse.com/rooms/				High	Verified	https://explore.overturemaps.org/#id=a5bb9779-a3ca-4490-9164-72825193bba5; https://www.corickcountryhouse.com/	Public Overture website; no usable Overture email. First-party public contact crawl required; no inference. Public business email recovered from first-party website; no inference.				overture:a5bb9779-a3ca-4490-9164-72825193bba5	corickcountryhouse.com	442885548216	corick country house	Clogher	United Kingdom	HIGH	domain:corickcountryhouse.com
	B	78	San Diego	USA	Catamaran Resort Hotel and Spa		hotel	3999 Mission Boulevard	(858) 488-1081								overture:224a011c-ac46-4e9b-bfc2-c8d053b72ab8	2026-08-15T13:26:02.942239Z		Canonical queue drain | fit B | GitHub MASTER dedupe passed	https://www.catamaranresort.com	reservations@catamaranresort.com	https://www.catamaranresort.com/about-us	https://www.instagram.com/catamaranresortsandiego/	https://www.facebook.com/catamaranresort/		https://www.catamaranresort.com/rooms/rooms-overview				High	Verified	https://explore.overturemaps.org/#id=224a011c-ac46-4e9b-bfc2-c8d053b72ab8; https://www.catamaranresort.com/; https://www.catamaranresort.com; https://www.catamaranresort.com/contact	Public Overture website; no usable Overture email. First-party public contact crawl required; no inference. Public business email recovered from first-party website; no inference.				overture:224a011c-ac46-4e9b-bfc2-c8d053b72ab8	catamaranresort.com	8584881081	catamaran resort hotel and spa	San Diego	USA	HIGH	domain:catamaranresort.com
	B	78	Coldspring	USA	Cameron Ranch Glamping		vacation_rental_agent	360 England Lane	9362233717								overture:4b626b1e-4266-4dec-b76a-df64e8f524a6	2026-08-15T13:26:02.942239Z		Canonical queue drain | fit B | GitHub MASTER dedupe passed	https://cameronranchglamping.com/?utm_source=GBP&utm_medium=organic&utm_campaign=office	help@cameronranchglamping.com	https://cameronranchglamping.com/about-us/	https://www.instagram.com/cameronranchglamping/	https://www.facebook.com/cameronranchglamping/		https://cameronranchglamping.com/wp-content/plugins/Boostly-Connect-main/pms/newbook/assets/css/newbook.css?ver=7.0.4				High	Verified	https://explore.overturemaps.org/#id=4b626b1e-4266-4dec-b76a-df64e8f524a6; https://cameronranchglamping.com/?utm_source=GBP&utm_medium=organic&utm_campaign=office	Public Overture website; no usable Overture email. First-party public contact crawl required; no inference. Public business email recovered from first-party website; no inference.				overture:4b626b1e-4266-4dec-b76a-df64e8f524a6	cameronranchglamping.com	9362233717	cameron ranch glamping	Coldspring	USA	HIGH	domain:cameronranchglamping.com
	B	78	Bilbo	Spain	BYPILLOW Irala | Boutique hotel en Iralabarri		resort	Pablo Picasso Kalea, 13	944431450								overture:e03f8190-2b40-4a91-93e7-4039a8df528e	2026-08-15T13:26:02.942239Z		Canonical queue drain | fit B | GitHub MASTER dedupe passed	https://www.bypillow.com/alojamientos/hoteles-en-bilbao/irala-by-pillow/	mumm@bypillow.com	https://www.bypillow.com/contacto/	https://www.instagram.com/bypillow/	https://www.facebook.com/bypillow/		https://www.bypillow.com/alojamientos/hoteles-en-sevilla/				High	Verified	https://explore.overturemaps.org/#id=e03f8190-2b40-4a91-93e7-4039a8df528e; https://www.bypillow.com/alojamientos/hoteles-en-bilbao/irala-by-pillow/; https://www.bypillow.com/contacto/	Public Overture website; no usable Overture email. First-party public contact crawl required; no inference. Public business email recovered from first-party website; no inference.				overture:e03f8190-2b40-4a91-93e7-4039a8df528e	bypillow.com	944431450	bypillow irala boutique hotel en iralabarri	Bilbo	Spain	HIGH	domain:bypillow.com
	B	78	Valle de Astún	Spain	Estación Invernal Valle de Astún		ski_resort	Estación Invernal Valle de Astún, S.A	974 37 30 88								overture:b8c01b96-a13e-4621-9034-48b9e75741f4	2026-08-15T13:26:02.942239Z		Canonical queue drain | fit B | GitHub MASTER dedupe passed	http://www.astun.com	astun@astun.com	https://astun.com/wp-content/plugins/contact-form-7/includes/css/styles.css?ver=6.1.6	https://www.instagram.com/astunesqui/	https://www.facebook.com/Astunesqui/		https://astun.com/ya-disponible-la-promo-early-booking-25-en-tu-abono-de-temporada-ski-pirineos/				Medium	Recall-first	https://explore.overturemaps.org/#id=b8c01b96-a13e-4621-9034-48b9e75741f4; https://astun.com/	Public Overture website; no usable Overture email. First-party public contact crawl required; no inference. Public business email recovered from first-party website; no inference.				overture:b8c01b96-a13e-4621-9034-48b9e75741f4	astun.com	974373088	estacion invernal valle de astun	Valle de Astún	Spain	MEDIUM	domain:astun.com
	B	78	Stagira-Akanthos	Greece	Aristotelis Resort & Spa Hotel		resort		2377 071012								overture:29eed145-dced-498b-b40e-586910fcd321	2026-08-15T13:26:02.942239Z		Canonical queue drain | fit B | GitHub MASTER dedupe passed	http://www.aristoteles.gr	info@aristoteles.gr	https://aristoteles.gr/contact/	https://www.instagram.com/aristoteles_resort/	https://www.facebook.com/aristotelesholiday/		https://aristoteles.gr/wp-content/themes/luxed/css/hotel-booking.css?ver=1.2.3				Permissive	Qualification	https://explore.overturemaps.org/#id=29eed145-dced-498b-b40e-586910fcd321; https://aristoteles.gr/	Public Overture website; no usable Overture email. First-party public contact crawl required; no inference. Public business email recovered from first-party website; no inference.				overture:29eed145-dced-498b-b40e-586910fcd321	aristoteles.gr	2377071012	aristotelis resort spa hotel	Stagira-Akanthos	Greece	PERMISSIVE	domain:aristoteles.gr
	B	78	Killorglin	Ireland	Ard na Sidhe Country House Hotel		resort	Caragh Lake	0669769105								overture:e719818c-9245-4d7f-bc7b-4ac71c1b402b	2026-08-15T13:26:02.942239Z		Canonical queue drain | fit B | GitHub MASTER dedupe passed	https://www.ardnasidhe.com/	reservations@ardnasidhe.com	https://www.ardnasidhe.com/contact	https://www.instagram.com/ardnasidhecountryhouse/	https://www.facebook.com/ardnasidhe/		https://bookings.ardnasidhe.com/offers				High	Verified	https://explore.overturemaps.org/#id=e719818c-9245-4d7f-bc7b-4ac71c1b402b; https://www.ardnasidhe.com/	Public Overture website; no usable Overture email. First-party public contact crawl required; no inference. Public business email recovered from first-party website; no inference.				overture:e719818c-9245-4d7f-bc7b-4ac71c1b402b	ardnasidhe.com	0669769105	ard na sidhe country house hotel	Killorglin	Ireland	HIGH	domain:ardnasidhe.com
	B	78	Palm Springs	USA	Apek Rentals		vacation_rental_agent	558 E Industrial Pl	7608000416								overture:9d6bd27c-45cb-4f8c-bd29-ae2f2bf12f7c	2026-08-15T13:26:02.942239Z		Canonical queue drain | fit B | GitHub MASTER dedupe passed	https://www.apekrentals.com/	team@apekrentals.com	https://www.apekrentals.com/about-us/	https://www.instagram.com/apekrentals/	https://www.facebook.com/apekofficial/		https://www.apekrentals.com/wp-content/plugins/homerunner/assets/css/booking-widget.css?ver=2.4.3				High	Verified	https://explore.overturemaps.org/#id=9d6bd27c-45cb-4f8c-bd29-ae2f2bf12f7c; https://www.apekrentals.com/	Public Overture website; no usable Overture email. First-party public contact crawl required; no inference. Public business email recovered from first-party website; no inference.				overture:9d6bd27c-45cb-4f8c-bd29-ae2f2bf12f7c	apekrentals.com	7608000416	apek rentals	Palm Springs	USA	HIGH	domain:apekrentals.com
	B	78	Σιθωνία	Greece	Ammouda Villas		hotel	Ormos Panagias, Agios Nikolaos	+302310920615								overture:13a7f50d-dbc8-42b5-8195-a9b8086282b6	2026-08-15T13:26:02.942239Z		Canonical queue drain | fit B | GitHub MASTER dedupe passed	http://www.ammoudavillas.gr	ammoudavillas@gmail.com	https://www.ammoudavillas.gr/about-sithonia/	https://www.instagram.com/ammoudavillas/	https://www.facebook.com/AmmoudaVillas14/		https://www.ammoudavillas.gr/rooms/double-room/				High	Verified	https://explore.overturemaps.org/#id=13a7f50d-dbc8-42b5-8195-a9b8086282b6; https://www.ammoudavillas.gr/	Public Overture website; no usable Overture email. First-party public contact crawl required; no inference. Public business email recovered from first-party website; no inference.				overture:13a7f50d-dbc8-42b5-8195-a9b8086282b6	ammoudavillas.gr	302310920615	ammouda villas	Σιθωνία	Greece	HIGH	domain:ammoudavillas.gr
	B	78	Θινάλιο	Greece	Almyros Beach Resort & SPA		hotel	Almyros Beach resort, Agios Pantleimonas, Acharavi, TK 49081	+302663029391								overture:a9256121-08a9-4d54-9472-f6712fe82824	2026-08-15T13:26:02.942239Z		Canonical queue drain | fit B | GitHub MASTER dedupe passed	http://www.almyrosbeach.com/	info@almyrosbeach.com	https://www.almyrosbeach.com/contact/	https://www.instagram.com/almyrosbeachresort/	https://www.facebook.com/AlmyrosBeachResort/		https://www.almyrosbeach.com/accommodation/				High	Verified	https://explore.overturemaps.org/#id=a9256121-08a9-4d54-9472-f6712fe82824; https://www.almyrosbeach.com/	Public Overture website; no usable Overture email. First-party public contact crawl required; no inference. Public business email recovered from first-party website; no inference.				overture:a9256121-08a9-4d54-9472-f6712fe82824	almyrosbeach.com	302663029391	almyros beach resort spa	Θινάλιο	Greece	HIGH	domain:almyrosbeach.com
	B	78	Nottingham	United Kingdom	Wolds Wine Estate		resort	Thurlby Lane, Stanton-On-The-Wolds	01159376188								overture:e1a88e45-ac15-484d-b48b-38063bc19414	2026-08-15T13:18:16.785653Z		Canonical queue drain | fit B | GitHub MASTER dedupe passed	https://woldswineestate.com/	info@woldswineestate.com	https://woldswineestate.com/contact	https://www.instagram.com/woldswineestate/		https://wa.me/message/5AXWJRQL5QATG1	https://woldswineestate.com/wp-content/plugins/motopress-hotel-booking/assets/css/mphb.min.css?ver=6.2.3				High	Verified	https://explore.overturemaps.org/#id=e1a88e45-ac15-484d-b48b-38063bc19414; https://woldswineestate.com/	Public Overture website; no usable Overture email. First-party public contact crawl required; no inference. Public business email recovered from first-party website; no inference.				overture:e1a88e45-ac15-484d-b48b-38063bc19414	woldswineestate.com	01159376188	wolds wine estate	Nottingham	United Kingdom	HIGH	domain:woldswineestate.com
	B	78	Jelsi	Italy	Villaggio Turistico Ciocca		resort	Str. Interpoderale Parruccia	+390874716470								overture:4c1ef681-10f3-4c04-89ca-1f20788ab11c	2026-08-15T13:18:16.785653Z		Canonical queue drain | fit B | GitHub MASTER dedupe passed	http://www.villaggiociocca.it/	info@villaggiociocca.it	https://www.villaggiociocca.it/it/contatti.html	https://www.instagram.com/villaggioturisticociocca/	https://www.facebook.com/villaggioturisticociocca/		https://www.villaggiociocca.it/it/villaggio.html				Medium	Recall-first	https://explore.overturemaps.org/#id=4c1ef681-10f3-4c04-89ca-1f20788ab11c; https://www.villaggiociocca.it/	Public Overture website; no usable Overture email. First-party public contact crawl required; no inference. Public business email recovered from first-party website; no inference.				overture:4c1ef681-10f3-4c04-89ca-1f20788ab11c	villaggiociocca.it	390874716470	villaggio turistico ciocca	Jelsi	Italy	MEDIUM	domain:villaggiociocca.it
	B	78	Sorrento	Italy	Villa Adriana Guesthouse Sorrento		resort	Via Sant'Antonio, 14	+390818781309								overture:0ce3bb89-a96e-4db9-bb55-947d22e5cead	2026-08-15T13:18:16.785653Z		Canonical queue drain | fit B | GitHub MASTER dedupe passed	http://www.villaadrianasorrento.com/	info@villaadrianasorrento.com	https://www.villaadrianasorrento.com/en/reservations	https://www.instagram.com/villaadrianaguesthouse/		https://wa.me/393332750356	http://www.villaadrianasorrento.com/it/				High	Verified	https://explore.overturemaps.org/#id=0ce3bb89-a96e-4db9-bb55-947d22e5cead; https://www.villaadrianasorrento.com/	Public Overture website; no usable Overture email. First-party public contact crawl required; no inference. Public business email recovered from first-party website; no inference.				overture:0ce3bb89-a96e-4db9-bb55-947d22e5cead	villaadrianasorrento.com	390818781309	villa adriana guesthouse sorrento	Sorrento	Italy	HIGH	domain:villaadrianasorrento.com
	B	78	Waterford	United Kingdom	Travelodge Waterford		resort	N25 Cork Road	051358885								overture:ca7856d5-f169-4f55-b7e4-edf1975a8291	2026-08-15T13:18:16.785653Z		Canonical queue drain | fit B | GitHub MASTER dedupe passed	https://www.travelodge.ie/hotels/230/Waterford-hotel	waterford@travelodge.ie	https://www.travelodge.ie/contact-us	https://www.instagram.com/TravelodgeUK/	https://www.facebook.com/travelodge.ireland/		https://www.travelodge.ie/group-bookings				High	Verified	https://explore.overturemaps.org/#id=ca7856d5-f169-4f55-b7e4-edf1975a8291; https://www.travelodge.ie/hotels/230/Waterford-hotel; https://www.travelodge.ie/contact-us	Public Overture website; no usable Overture email. First-party public contact crawl required; no inference. Public business email recovered from first-party website; no inference.				overture:ca7856d5-f169-4f55-b7e4-edf1975a8291	travelodge.ie	051358885	travelodge waterford	Waterford	United Kingdom	HIGH	domain:travelodge.ie
	B	78	St Austell	United Kingdom	The Cornwall Hotel Spa & Estate		resort	Pentewan Road, Tregorrick	01726874050								overture:17b3baf5-4908-4c89-9d4f-bbd2de4c9c4b	2026-08-15T13:18:16.785653Z		Canonical queue drain | fit B | GitHub MASTER dedupe passed	https://thecornwall.com/?utm_source=bing&utm_medium=local&utm_campaign=binglisting	reservations@thecornwall.com	https://www.thecornwall.com/contact/	https://www.instagram.com/the_cornwall/	https://www.facebook.com/thecornwall/		https://www.thecornwall.com/hotel/dog-friendly-hotel-rooms/				High	Verified	https://explore.overturemaps.org/#id=17b3baf5-4908-4c89-9d4f-bbd2de4c9c4b; https://www.thecornwall.com/?utm_source=bing&utm_medium=local&utm_campaign=binglisting	Public Overture website; no usable Overture email. First-party public contact crawl required; no inference. Public business email recovered from first-party website; no inference.				overture:17b3baf5-4908-4c89-9d4f-bbd2de4c9c4b	thecornwall.com	01726874050	the cornwall hotel spa estate	St Austell	United Kingdom	HIGH	domain:thecornwall.com
	B	78	Wellington	United Kingdom	The Big House Company		vacation_rental_agent	Tone Dale House	01823662673								overture:365f37ee-89e7-4fc7-b255-b9ab813c088a	2026-08-15T13:18:16.785653Z		Canonical queue drain | fit B | GitHub MASTER dedupe passed	https://www.thebighouseco.com/	party@thebighouseco.com	https://www.thebighouseco.com/contact-us/	https://www.instagram.com/thebighouseco/	https://www.facebook.com/thebighouseco/		https://www.thebighouseco.com/booking-conditions/				High	Verified	https://explore.overturemaps.org/#id=365f37ee-89e7-4fc7-b255-b9ab813c088a; https://www.thebighouseco.com/	Public Overture website; no usable Overture email. First-party public contact crawl required; no inference. Public business email recovered from first-party website; no inference.				overture:365f37ee-89e7-4fc7-b255-b9ab813c088a	thebighouseco.com	01823662673	the big house company	Wellington	United Kingdom	HIGH	domain:thebighouseco.com
	B	78	South Padre Island	USA	SPI Rentals		vacation_rental_agent	3901 Padre Blvd	9565726656								overture:8f13bafb-552e-4272-98b8-de10ed695c78	2026-08-15T13:18:16.785653Z		Canonical queue drain | fit B | GitHub MASTER dedupe passed	https://spirentals.com/	info@spirentals.com	https://spirentals.com/about-us	https://www.instagram.com/southpadreislandrentals/	https://www.facebook.com/spirentals/		https://spirentals.com/south-padre-island-vacation-rentals/private-homes				Permissive	Qualification	https://explore.overturemaps.org/#id=8f13bafb-552e-4272-98b8-de10ed695c78; https://spirentals.com/; https://spirentals.com/about-us	Public Overture website; no usable Overture email. First-party public contact crawl required; no inference. Public business email recovered from first-party website; no inference.				overture:8f13bafb-552e-4272-98b8-de10ed695c78	spirentals.com	9565726656	spi rentals	South Padre Island	USA	PERMISSIVE	domain:spirentals.com
	B	78	Torricella	Italy	Residence Solar		vacation_rental_agent	Via dei Gigli, 1 Torre Ovo	3314260600								overture:5cb9c1e9-3ae6-41ab-8be5-21255593257e	2026-08-15T13:18:16.785653Z		Canonical queue drain | fit B | GitHub MASTER dedupe passed	http://solartorreovo.it/	info@solartorreovo.it	https://solartorreovo.it/contact-1/	https://www.instagram.com/residence_solartorreovo/	https://www.facebook.com/solarresidence/		https://solartorreovo.it/wp-content/plugins/nd-booking/assets/css/style.css?ver=7.0.4				Medium	Recall-first	https://explore.overturemaps.org/#id=5cb9c1e9-3ae6-41ab-8be5-21255593257e; https://solartorreovo.it/	Public Overture website; no usable Overture email. First-party public contact crawl required; no inference. Public business email recovered from first-party website; no inference.				overture:5cb9c1e9-3ae6-41ab-8be5-21255593257e	solartorreovo.it	3314260600	residence solar	Torricella	Italy	MEDIUM	domain:solartorreovo.it
	B	78	Lecce	Italy	SIT Property - Gestione Immobili per Affitti Brevi		vacation_rental_agent	Corte dei Romiti, 8	3480179325								overture:4c56bb77-09dd-429d-b09e-2696db90f544	2026-08-15T13:18:16.785653Z		Canonical queue drain | fit B | GitHub MASTER dedupe passed	https://sitproperty.it/	info@sitproperty.it		https://www.instagram.com/sitproperty/	https://www.facebook.com/SITProperty/	https://wa.me/393761934661	https://sitproperty.it/azienda/portfolio-immobili/				High	Verified	https://explore.overturemaps.org/#id=4c56bb77-09dd-429d-b09e-2696db90f544; https://sitproperty.it/	Public Overture website; no usable Overture email. First-party public contact crawl required; no inference. Public business email recovered from first-party website; no inference.				overture:4c56bb77-09dd-429d-b09e-2696db90f544	sitproperty.it	3480179325	sit property gestione immobili per affitti brevi	Lecce	Italy	HIGH	domain:sitproperty.it
	B	78	Newquay	United Kingdom	Sandy Lodge Hotel		resort	6-12 Hilgrove Road	01637872851								overture:7243d014-82a5-482d-beb2-a35a0977d53a	2026-08-15T13:18:16.785653Z		Canonical queue drain | fit B | GitHub MASTER dedupe passed	http://www.sandylodgehotel.co.uk/	info@sandylodgehotel.co.uk	https://www.sandylodgehotel.co.uk/contact	https://www.instagram.com/magnusonhotelsandylodgenewquay/	https://www.facebook.com/MagnusonHotelSandyLodgeNewquay/		https://www.sandylodgehotel.co.uk/book-a-room				High	Verified	https://explore.overturemaps.org/#id=7243d014-82a5-482d-beb2-a35a0977d53a; https://www.sandylodgehotel.co.uk/	Public Overture website; no usable Overture email. First-party public contact crawl required; no inference. Public business email recovered from first-party website; no inference.				overture:7243d014-82a5-482d-beb2-a35a0977d53a	sandylodgehotel.co.uk	01637872851	sandy lodge hotel	Newquay	United Kingdom	HIGH	domain:sandylodgehotel.co.uk
	B	78	Galveston	USA	Rent WOW Now		vacation_rental_agent	9520 Seawall Blvd Unit 403	4093592622								overture:46f96e4a-585f-4c7e-b80e-e5343f94d082	2026-08-15T13:18:16.785653Z		Canonical queue drain | fit B | GitHub MASTER dedupe passed	http://www.rentwownow.com/	donna@rentwownow.com	https://www.rentwownow.com/contact/	https://www.instagram.com/rentwownow/	https://www.facebook.com/rentwownow/		https://www.rentwownow.com/vacation-rentals				High	Verified	https://explore.overturemaps.org/#id=46f96e4a-585f-4c7e-b80e-e5343f94d082; https://www.rentwownow.com/	Public Overture website; no usable Overture email. First-party public contact crawl required; no inference. Public business email recovered from first-party website; no inference.				overture:46f96e4a-585f-4c7e-b80e-e5343f94d082	rentwownow.com	4093592622	rent wow now	Galveston	USA	HIGH	domain:rentwownow.com
	B	78	Carnforth	United Kingdom	Keer Lodge - Pine Lake resort		hotel	Lodge 56, Pine Lake Resort, Dock Acres	01524884562								overture:2d142bf4-7773-486d-9e7e-566213b94885	2026-08-15T13:18:16.785653Z		Canonical queue drain | fit B | GitHub MASTER dedupe passed	https://pinelakecarnforth.co.uk/accommodation/keer-lodge-pine-lake-resort/	booking@pinelakecarnforth.co.uk	https://pinelakecarnforth.co.uk/contact-privately-owned-lodges-pine-lake-resort/	https://www.instagram.com/pinelakeretreats/	https://www.facebook.com/pinelakeretreats/	https://wa.me/441524881201					High	Verified	https://explore.overturemaps.org/#id=2d142bf4-7773-486d-9e7e-566213b94885; https://pinelakecarnforth.co.uk/keer-lodge-pine-lake-resort/	Public Overture website; no usable Overture email. First-party public contact crawl required; no inference. Public business email recovered from first-party website; no inference.				overture:2d142bf4-7773-486d-9e7e-566213b94885	pinelakecarnforth.co.uk	01524884562	keer lodge pine lake resort	Carnforth	United Kingdom	HIGH	domain:pinelakecarnforth.co.uk
	B	78	Brecon	United Kingdom	Peterstone Court Country House Spa		hotel	Peterstone Ct	01874 665387								overture:2e877709-9ba7-4f60-92d1-6b99c47f831e	2026-08-15T13:18:16.785653Z		Canonical queue drain | fit B | GitHub MASTER dedupe passed	http://peterstone-court.com	info@peterstone-court.com	https://www.peterstone-court.com/contact-us/	https://www.instagram.com/peterstonecourt/	https://www.facebook.com/PeterstoneCourt/		https://peterstone-court.com/rooms/				High	Verified	https://explore.overturemaps.org/#id=2e877709-9ba7-4f60-92d1-6b99c47f831e; https://www.peterstone-court.com/	Public Overture website; no usable Overture email. First-party public contact crawl required; no inference. Public business email recovered from first-party website; no inference.				overture:2e877709-9ba7-4f60-92d1-6b99c47f831e	peterstone-court.com	01874665387	peterstone court country house spa	Brecon	United Kingdom	HIGH	domain:peterstone-court.com
	B	78	Corpus Christi	USA	On Island Time Properties		vacation_rental_agent	14493 S Padre Island Dr Unit G	3618502500								overture:9ccc22ae-e920-4532-9b71-7c4bb421d59b	2026-08-15T13:18:16.785653Z		Canonical queue drain | fit B | GitHub MASTER dedupe passed	https://www.onislandtimeproperties.com/	reservations@onislandtimeproperties.com	https://www.onislandtimeproperties.com/about-us/	https://www.instagram.com/onislandtimeporta/	https://www.facebook.com/onislandtimeporta/		https://www.onislandtimeproperties.com/vacation-rentals/search-by-area/seascape-villas-waterfront-vacation-rentals-corpus-christi/				High	Verified	https://explore.overturemaps.org/#id=9ccc22ae-e920-4532-9b71-7c4bb421d59b; https://www.onislandtimeproperties.com/; https://www.onislandtimeproperties.com/contact-us/	Public Overture website; no usable Overture email. First-party public contact crawl required; no inference. Public business email recovered from first-party website; no inference.				overture:9ccc22ae-e920-4532-9b71-7c4bb421d59b	onislandtimeproperties.com	3618502500	on island time properties	Corpus Christi	USA	HIGH	domain:onislandtimeproperties.com
	B	78	Capaccio	Italy	Oleandri Resort Paestum Villaggio		resort	Via Laura 187, Via Tavernelle	0828851730								overture:be10c9d7-93e1-47c8-8c19-2c19e4a75684	2026-08-15T13:18:16.785653Z		Canonical queue drain | fit B | GitHub MASTER dedupe passed	http://www.oleandriresort.com/	booking@oleandriresort.com	https://www.oleandriresort.com/contatti/	https://www.instagram.com/oleandriresort/	https://www.facebook.com/Oleandri.Resort/		https://www.oleandriresort.com/cameresuites/				High	Verified	https://explore.overturemaps.org/#id=be10c9d7-93e1-47c8-8c19-2c19e4a75684; https://www.oleandriresort.com/	Public Overture website; no usable Overture email. First-party public contact crawl required; no inference. Public business email recovered from first-party website; no inference.				overture:be10c9d7-93e1-47c8-8c19-2c19e4a75684	oleandriresort.com	0828851730	oleandri resort paestum villaggio	Capaccio	Italy	HIGH	domain:oleandriresort.com
	B	78	Vieste	Italy	Oasi Club Village		resort		0884 708528								overture:79980eda-bbad-454e-871e-42521503889e	2026-08-15T13:18:16.785653Z		Canonical queue drain | fit B | GitHub MASTER dedupe passed	http://www.oasiclubhotel.it	prenotazioni@oasiclubhotel.it	https://www.oasiclubhotel.it/	https://www.instagram.com/oasiclubhotelvieste/	https://www.facebook.com/oasiclubhotel/		https://www.oasiclubhotel.it/appartamenti-puglia/villaggi-con-appartamenti-sul-mare-a-vieste-gargano.html				High	Verified	https://explore.overturemaps.org/#id=79980eda-bbad-454e-871e-42521503889e; https://www.oasiclubhotel.it/	Public Overture website; no usable Overture email. First-party public contact crawl required; no inference. Public business email recovered from first-party website; no inference.				overture:79980eda-bbad-454e-871e-42521503889e	oasiclubhotel.it	0884708528	oasi club village	Vieste	Italy	HIGH	domain:oasiclubhotel.it
	B	78	Sweeny	USA	Grand Mogador City center - Luxury Hotel		hotel	602 N Main St	+19795483513								overture:6829c857-11e3-43c5-b61f-2bf0aa9c8e3a	2026-08-15T13:18:16.785653Z		Canonical queue drain | fit B | GitHub MASTER dedupe passed	http://www.mogadorhotels.com/	contact@mogadorhotels.com	https://www.mogadorhotels.com/about-us	https://www.instagram.com/mogador_hotels/	https://www.facebook.com/mogadorhr/		https://www.mogadorhotels.com/our-destinations				High	Verified	https://explore.overturemaps.org/#id=6829c857-11e3-43c5-b61f-2bf0aa9c8e3a; https://www.mogadorhotels.com/; https://www.mogadorhotels.com/contact	Public Overture website; no usable Overture email. First-party public contact crawl required; no inference. Public business email recovered from first-party website; no inference.				overture:6829c857-11e3-43c5-b61f-2bf0aa9c8e3a	mogadorhotels.com	19795483513	grand mogador city center luxury hotel	Sweeny	USA	HIGH	domain:mogadorhotels.com
	B	78	Ostuni	Italy	Hotel Villaggio Plaia		resort	Via Consolato Veneziano, 28	+390831308890								overture:1f01b118-e818-4dba-99fa-7ebf4a64089a	2026-08-15T13:18:16.785653Z		Canonical queue drain | fit B | GitHub MASTER dedupe passed	http://mapovillageplaia.it/	info@mapovillageplaia.it	https://www.mapovillageplaia.it/contattaci/	https://www.instagram.com/mapovillageplaia/	https://www.facebook.com/mapovillageplaia/		https://www.mapovillageplaia.it/feed/				High	Verified	https://explore.overturemaps.org/#id=1f01b118-e818-4dba-99fa-7ebf4a64089a; https://www.mapovillageplaia.it/	Public Overture website; no usable Overture email. First-party public contact crawl required; no inference. Public business email recovered from first-party website; no inference.				overture:1f01b118-e818-4dba-99fa-7ebf4a64089a	mapovillageplaia.it	390831308890	hotel villaggio plaia	Ostuni	Italy	HIGH	domain:mapovillageplaia.it
	B	78	Heber City	USA	Luxe Haus Vacations		vacation_rental_agent	1364 W Stillwater Dr	8883668822								overture:d3efbda9-44e5-4951-a5e0-905179783952	2026-08-15T13:18:16.785653Z		Canonical queue drain | fit B | GitHub MASTER dedupe passed	https://luxehausvacations.com/	inquiry@luxehausvacations.com	https://luxehausvacations.com/contact-us/	https://www.instagram.com/luxehausvacations/	https://www.facebook.com/luxehausvacations/		https://luxehausvacations.com/search-results/search-by-type/vacation-rentals-with-a-pool/				High	Verified	https://explore.overturemaps.org/#id=d3efbda9-44e5-4951-a5e0-905179783952; https://luxehausvacations.com/; https://luxehausvacations.com/contact-us/	Public Overture website; no usable Overture email. First-party public contact crawl required; no inference. Public business email recovered from first-party website; no inference.				overture:d3efbda9-44e5-4951-a5e0-905179783952	luxehausvacations.com	8883668822	luxe haus vacations	Heber City	USA	HIGH	domain:luxehausvacations.com
	B	78	Newton Abbot	United Kingdom	Lodge Nine - Finlake Resort And Spa		resort	Upper Road, Chudleigh	01626817333								overture:4e5ee889-a243-4fd0-a649-aaf511feca5f	2026-08-15T13:18:16.785653Z		Canonical queue drain | fit B | GitHub MASTER dedupe passed	https://lodgenine.co.uk/	info@lodgenine.co.uk	https://lodgenine.co.uk/about-us/	https://www.instagram.com/lodge_nine_finlake/	https://www.facebook.com/LodgeNineSouthDevon/		https://lodgenine.co.uk/availability-booking/				High	Verified	https://explore.overturemaps.org/#id=4e5ee889-a243-4fd0-a649-aaf511feca5f; https://lodgenine.co.uk/; https://lodgenine.co.uk/contact/	Public Overture website; no usable Overture email. First-party public contact crawl required; no inference. Public business email recovered from first-party website; no inference.				overture:4e5ee889-a243-4fd0-a649-aaf511feca5f	lodgenine.co.uk	01626817333	lodge nine finlake resort and spa	Newton Abbot	United Kingdom	HIGH	domain:lodgenine.co.uk
	B	78	Petacciato	Italy	Calypso Village		beach_resort		+39087567359								overture:07be0e1c-ed15-42b4-828f-6665547cb101	2026-08-15T13:18:16.785653Z		Canonical queue drain | fit B | GitHub MASTER dedupe passed	http://www.lidocalypso.com/	calypsopetacciato@gmail.com	https://www.lidocalypso.com	https://www.instagram.com/_calypsoevents_/	https://www.facebook.com/Calypsofficialpage/		https://www.lidocalypso.com/icon/21713926/glyph/logo-facebook.svg				Medium	Recall-first	https://explore.overturemaps.org/#id=07be0e1c-ed15-42b4-828f-6665547cb101; https://www.lidocalypso.com/	Public Overture website; no usable Overture email. First-party public contact crawl required; no inference. Public business email recovered from first-party website; no inference.				overture:07be0e1c-ed15-42b4-828f-6665547cb101	lidocalypso.com	39087567359	calypso village	Petacciato	Italy	MEDIUM	domain:lidocalypso.com
	B	78	Camelford	United Kingdom	Lanteglos Hotel & Villas		hotel	Lanteglos Country House Hotel	01840 213551								overture:ce4fea66-faf8-4cd7-9bcf-069271c2f571	2026-08-15T13:18:16.785653Z		Canonical queue drain | fit B | GitHub MASTER dedupe passed	http://www.lantegloshotel.co.uk	enquiries@lantegloshotel.co.uk	https://www.lantegloshotel.co.uk/contact	https://www.instagram.com/lantegloshotel2018/	https://www.facebook.com/LanteglosHotelCornwall/		https://www.lantegloshotel.co.uk/rooms				High	Verified	https://explore.overturemaps.org/#id=ce4fea66-faf8-4cd7-9bcf-069271c2f571; https://www.lantegloshotel.co.uk/	Public Overture website; no usable Overture email. First-party public contact crawl required; no inference. Public business email recovered from first-party website; no inference.				overture:ce4fea66-faf8-4cd7-9bcf-069271c2f571	lantegloshotel.co.uk	01840213551	lanteglos hotel villas	Camelford	United Kingdom	HIGH	domain:lantegloshotel.co.uk
	B	78	Ambleside	United Kingdom	Lancrigg Vegetarian Country House Hotel		resort	Easedale Road, Grasmere	01539435317								overture:0d6d7729-7b63-4f14-aa1e-434a0dc681b4	2026-08-15T13:18:16.785653Z		Canonical queue drain | fit B | GitHub MASTER dedupe passed	http://www.lancrigg.co.uk/	info@lancrigg.co.uk	https://lancrigg.co.uk/contact/	https://www.instagram.com/lancrigg_grasmere/	https://www.facebook.com/TheLancrigg/		https://lancrigg.co.uk/accommodation/				High	Verified	https://explore.overturemaps.org/#id=0d6d7729-7b63-4f14-aa1e-434a0dc681b4; https://lancrigg.co.uk/; https://lancrigg.co.uk/contact/	Public Overture website; no usable Overture email. First-party public contact crawl required; no inference. Public business email recovered from first-party website; no inference.				overture:0d6d7729-7b63-4f14-aa1e-434a0dc681b4	lancrigg.co.uk	01539435317	lancrigg vegetarian country house hotel	Ambleside	United Kingdom	HIGH	domain:lancrigg.co.uk
	B	78	Chicago	USA	The Ivy Boutique Hotel		resort	233 E Ontario St	3123355444								overture:4fdc34ee-3850-49e7-840e-5861e3eca350	2026-08-15T13:18:16.785653Z		Canonical queue drain | fit B | GitHub MASTER dedupe passed	https://ivyhotelchicago.com/	info@ivyhotelchicago.com	https://www.ivyhotelchicago.com/about	https://www.instagram.com/ivyhotelchi/	https://www.facebook.com/ivyhotelchicago/		https://www.ivyhotelchicago.com/hotel-rooms-in-chicago-downtown				Medium	Recall-first	https://explore.overturemaps.org/#id=4fdc34ee-3850-49e7-840e-5861e3eca350; https://www.ivyhotelchicago.com/	Public Overture website; no usable Overture email. First-party public contact crawl required; no inference. Public business email recovered from first-party website; no inference.				overture:4fdc34ee-3850-49e7-840e-5861e3eca350	ivyhotelchicago.com	3123355444	the ivy boutique hotel	Chicago	USA	MEDIUM	domain:ivyhotelchicago.com
	B	78	Torre Dell'orso, Melendugno	Italy	Villaggio Thalas Club		resort	Via degli Eucalipts	0832841379								overture:8079fb98-a80d-442a-ae8f-c1bb6b15f102	2026-08-15T13:18:16.785653Z		Canonical queue drain | fit B | GitHub MASTER dedupe passed	https://www.hotelthalas.it/	info@hotelthalas.it	https://www.hotelthalas.it/contatti-hotel-thalas/	https://www.instagram.com/hotel_thalas/	https://www.facebook.com/ThalasClub/		https://www.hotelthalas.it/villaggio-in-salento/				High	Verified	https://explore.overturemaps.org/#id=8079fb98-a80d-442a-ae8f-c1bb6b15f102; https://www.hotelthalas.it/	Public Overture website; no usable Overture email. First-party public contact crawl required; no inference. Public business email recovered from first-party website; no inference.				overture:8079fb98-a80d-442a-ae8f-c1bb6b15f102	hotelthalas.it	0832841379	villaggio thalas club	Torre Dell'orso, Melendugno	Italy	HIGH	domain:hotelthalas.it
	B	78	Aberdovey	United Kingdom	Hillside Village		resort	Aberdovey Hillside Village	01654767522								overture:9b2cf381-0d6a-4f7c-8462-1296a4a0c506	2026-08-15T13:18:16.785653Z		Canonical queue drain | fit B | GitHub MASTER dedupe passed	http://www.hillsidevillage.co.uk/	info@hillsidevillage.co.uk	https://www.hillsidevillage.co.uk/about-us	https://www.instagram.com/aberdoveyhillsidevillage/	https://www.facebook.com/HillsideVillageAberdovey/		https://www.hillsidevillage.co.uk/our-properties				High	Verified	https://explore.overturemaps.org/#id=9b2cf381-0d6a-4f7c-8462-1296a4a0c506; https://www.hillsidevillage.co.uk/	Public Overture website; no usable Overture email. First-party public contact crawl required; no inference. Public business email recovered from first-party website; no inference.				overture:9b2cf381-0d6a-4f7c-8462-1296a4a0c506	hillsidevillage.co.uk	01654767522	hillside village	Aberdovey	United Kingdom	HIGH	domain:hillsidevillage.co.uk
	B	78	Castle Douglas	United Kingdom	Gatehouse Luxury Lodges		hotel	Gatehouse Luxury Lodges, Gatehouse Of Fleet	07715370946								overture:da31439b-3698-4347-8c08-be56a1bf06ef	2026-08-15T13:18:16.785653Z		Canonical queue drain | fit B | GitHub MASTER dedupe passed	https://www.gatehouseluxurylodges.co.uk/	bookings@gatehouseluxurylodges.co.uk	https://www.gatehouseluxurylodges.co.uk/about-us/	https://www.instagram.com/gatehouseluxurylodge/		https://wa.me/447715370946	https://www.gatehouseluxurylodges.co.uk/book-your-stay/				High	Verified	https://explore.overturemaps.org/#id=da31439b-3698-4347-8c08-be56a1bf06ef; https://www.gatehouseluxurylodges.co.uk/	Public Overture website; no usable Overture email. First-party public contact crawl required; no inference. Public business email recovered from first-party website; no inference.				overture:da31439b-3698-4347-8c08-be56a1bf06ef	gatehouseluxurylodges.co.uk	07715370946	gatehouse luxury lodges	Castle Douglas	United Kingdom	HIGH	domain:gatehouseluxurylodges.co.uk
	B	78	Windermere	United Kingdom	Wild Boar Estate | Bar, Restaurant & Inn		resort	Crook Road	03332203108								overture:28e73331-7bdd-47a1-b21d-3fb7556a7ded	2026-08-15T13:18:16.785653Z		Canonical queue drain | fit B | GitHub MASTER dedupe passed	https://englishlakes.co.uk/hotels/wild-boar-estate/	info@englishlakes.co.uk	https://englishlakes.co.uk/about-us/	https://www.instagram.com/englishlakes/	https://www.facebook.com/englishlakes/		https://englishlakes.co.uk/benefits-of-booking-direct/				High	Verified	https://explore.overturemaps.org/#id=28e73331-7bdd-47a1-b21d-3fb7556a7ded; https://englishlakes.co.uk/hotels/wild-boar-estate/; https://englishlakes.co.uk/contact-us/	Public Overture website; no usable Overture email. First-party public contact crawl required; no inference. Public business email recovered from first-party website; no inference.				overture:28e73331-7bdd-47a1-b21d-3fb7556a7ded	englishlakes.co.uk	03332203108	wild boar estate bar restaurant inn	Windermere	United Kingdom	HIGH	domain:englishlakes.co.uk
	B	78	Machynlleth	United Kingdom	Eco Retreats		resort	Plas Einion	01654 781375								overture:d69be9b6-3312-49ad-924b-a93138508ba9	2026-08-15T13:18:16.785653Z		Canonical queue drain | fit B | GitHub MASTER dedupe passed	http://www.ecoretreats.co.uk	margaret@ecoretreats.co.uk	https://ecoretreats.co.uk/about-us/	https://www.instagram.com/ecoretreatsdyfiforest/	https://www.facebook.com/www.ecoretreats.co.uk/reviews/		https://ecoretreats.co.uk/accommodation/river-yurt/				Medium	Recall-first	https://explore.overturemaps.org/#id=d69be9b6-3312-49ad-924b-a93138508ba9; https://ecoretreats.co.uk/	Public Overture website; no usable Overture email. First-party public contact crawl required; no inference. Public business email recovered from first-party website; no inference.				overture:d69be9b6-3312-49ad-924b-a93138508ba9	ecoretreats.co.uk	01654781375	eco retreats	Machynlleth	United Kingdom	MEDIUM	domain:ecoretreats.co.uk
	B	78	Leyland	United Kingdom	Farington Lodge Hotel		resort	Stanifield Lanefarington	01772421321								overture:b88e1c4a-56f1-41be-9009-330d2f1c8916	2026-08-15T13:18:16.785653Z		Canonical queue drain | fit B | GitHub MASTER dedupe passed	http://www.classiclodges.co.uk/	info@classiclodges.co.uk	https://www.classiclodges.co.uk/private-events-enquiry/	https://www.instagram.com/classiclodgeshotels/	https://www.facebook.com/classiclodges/		https://www.classiclodges.co.uk/cottages/				Medium	Recall-first	https://explore.overturemaps.org/#id=b88e1c4a-56f1-41be-9009-330d2f1c8916; https://www.classiclodges.co.uk/	Public Overture website; no usable Overture email. First-party public contact crawl required; no inference. Public business email recovered from first-party website; no inference.				overture:b88e1c4a-56f1-41be-9009-330d2f1c8916	classiclodges.co.uk	01772421321	farington lodge hotel	Leyland	United Kingdom	MEDIUM	domain:classiclodges.co.uk
	B	78	Bisceglie	Italy	Art Village Residence		hotel	Viale La Testa 5	389 638 9421								overture:559052bf-1c04-4ee6-a858-fb6bafb8162c	2026-08-15T13:18:16.785653Z		Canonical queue drain | fit B | GitHub MASTER dedupe passed	http://www.artvillageresidence.it	booking@artvillageresidence.it	https://www.artvillageresidence.it/contact/	https://www.instagram.com/maldera_artvillage/	https://www.facebook.com/Art-Village-Residence-627850660683740/		https://www.artvillageresidence.it/booking-form/				High	Verified	https://explore.overturemaps.org/#id=559052bf-1c04-4ee6-a858-fb6bafb8162c; https://www.artvillageresidence.it/; https://www.artvillageresidence.it/contact/	Public Overture website; no usable Overture email. First-party public contact crawl required; no inference. Public business email recovered from first-party website; no inference.				overture:559052bf-1c04-4ee6-a858-fb6bafb8162c	artvillageresidence.it	3896389421	art village residence	Bisceglie	Italy	HIGH	domain:artvillageresidence.it
	B	78	Amalfi	Italy	Amalfi Booking Apartments		vacation_rental_agent	Via San Nicola dei Greci	3394819152								overture:7da47396-1aa5-4ec5-8385-1e344f33028d	2026-08-15T13:18:16.785653Z		Canonical queue drain | fit B | GitHub MASTER dedupe passed	http://www.amalfibookingapartments.com/	info@amalfibookingapartments.com	https://www.amalfibookingapartments.com	https://www.instagram.com/amalfi_apartments_home_cooking/	https://www.facebook.com/amalfibookingapartments/		https://www.amalfibookingapartments.com/en/				High	Verified	https://explore.overturemaps.org/#id=7da47396-1aa5-4ec5-8385-1e344f33028d; https://www.amalfibookingapartments.com/	Public Overture website; no usable Overture email. First-party public contact crawl required; no inference. Public business email recovered from first-party website; no inference.				overture:7da47396-1aa5-4ec5-8385-1e344f33028d	amalfibookingapartments.com	3394819152	amalfi booking apartments	Amalfi	Italy	HIGH	domain:amalfibookingapartments.com
	B	78	Park City	USA	Alpine Ski Properties		vacation_rental_agent	875 Iron Horse Dr Ste D	4356492424								overture:ff38fc05-d6bb-4f6f-a287-429a380a42eb	2026-08-15T13:18:16.785653Z		Canonical queue drain | fit B | GitHub MASTER dedupe passed	http://www.alpineskiproperties.com/	stay@alpineskiproperties.com	https://www.alpineskiproperties.com/about-us/	https://www.instagram.com/alpineskiproperties/	https://www.facebook.com/AlpineSkiProperties/		https://www.alpineskiproperties.com/vacation-rentals				High	Verified	https://explore.overturemaps.org/#id=ff38fc05-d6bb-4f6f-a287-429a380a42eb; https://www.alpineskiproperties.com/	Public Overture website; no usable Overture email. First-party public contact crawl required; no inference. Public business email recovered from first-party website; no inference.				overture:ff38fc05-d6bb-4f6f-a287-429a380a42eb	alpineskiproperties.com	4356492424	alpine ski properties	Park City	USA	HIGH	domain:alpineskiproperties.com
	B	78	Wigton	United Kingdom	Skidaw View Holiday Park		resort	Bothel	016973 20919								overture:078910cb-cb3d-4a4b-8322-3911441d780b	2026-08-15T13:18:16.785653Z		Canonical queue drain | fit B | GitHub MASTER dedupe passed	http://www.skiddawview.co.uk	hello@skiddawview.co.uk	https://www.skiddawview.co.uk/about/booking-terms/	https://www.instagram.com/SkiddawView/	https://www.facebook.com/SkiddawView/		https://www.skiddawview.co.uk/accommodation/				High	Verified	https://explore.overturemaps.org/#id=078910cb-cb3d-4a4b-8322-3911441d780b; https://www.skiddawview.co.uk/	Public Overture website; no usable Overture email. First-party public contact crawl required; no inference. Public business email recovered from first-party website; no inference.				overture:078910cb-cb3d-4a4b-8322-3911441d780b	skiddawview.co.uk	01697320919	skidaw view holiday park	Wigton	United Kingdom	HIGH	domain:skiddawview.co.uk
	B	78	Velas (R.A.A.)	Portugal	Villas Casteletes		hotel	Marginal dos Casteletes 16	+351965440187								overture:1fe2aa52-6ea2-4296-9e4e-96a02225018d	2026-08-15T13:10:35.294206Z		Canonical queue drain | fit B | GitHub MASTER dedupe passed	http://www.villascasteletes.com/	villascasteletes@gmail.com	https://villascasteletes.com/contactos/	https://www.instagram.com/villas.casteletes/	https://www.facebook.com/villascasteletes/		https://villascasteletes.com/feed/				High	Verified	https://explore.overturemaps.org/#id=1fe2aa52-6ea2-4296-9e4e-96a02225018d; https://villascasteletes.com/	Public Overture site+email; zero-HTTP V6 cheap-screen. Final MASTER dedupe/QA required.				overture:1fe2aa52-6ea2-4296-9e4e-96a02225018d	villascasteletes.com	351965440187	villas casteletes	Velas (R.A.A.)	Portugal	HIGH	domain:villascasteletes.com
	B	78	Ponta Delgada	Portugal	The Azoriani Boutique, an Ascend Collection Hotel		hotel	Rua Dr. Bruno Tavares Carreiro 61	+351296307700								overture:8d17ed30-c378-4eb3-95f8-efa15ff12a8c	2026-08-15T13:10:35.294206Z		Canonical queue drain | fit B | GitHub MASTER dedupe passed	https://theazorianiboutique.pt/	book@theazorianiboutique.pt	https://theazorianiboutique.pt/booking/	https://www.instagram.com/theazorianiboutique/	https://www.facebook.com/theazorianiboutique/		https://theazorianiboutique.pt/booking/				High	Verified	https://explore.overturemaps.org/#id=8d17ed30-c378-4eb3-95f8-efa15ff12a8c; https://theazorianiboutique.pt/	Public Overture site+email; zero-HTTP V6 cheap-screen. Final MASTER dedupe/QA required.				overture:8d17ed30-c378-4eb3-95f8-efa15ff12a8c	theazorianiboutique.pt	351296307700	the azoriani boutique an ascend collection hotel	Ponta Delgada	Portugal	HIGH	domain:theazorianiboutique.pt
	B	78	Ponta Delgada	Portugal	Bicycle Villas - Alojamento Local		hotel	Rua da Cidade 32e	+351969568965								overture:9504b8de-343a-4ddb-b496-48c54225a19e	2026-08-15T13:10:35.294206Z		Canonical queue drain | fit B | GitHub MASTER dedupe passed	https://bicyclevillas.com/	bicyclevillas@gmail.com	https://bicyclevillas.com/contact/	https://www.instagram.com/bicyclevillas/	https://www.facebook.com/bicyclevillas/		https://bicyclevillas.com/feed/				High	Verified	https://explore.overturemaps.org/#id=9504b8de-343a-4ddb-b496-48c54225a19e	Public Overture site+email; zero-HTTP V6 cheap-screen. Final MASTER dedupe/QA required.				overture:9504b8de-343a-4ddb-b496-48c54225a19e	bicyclevillas.com	351969568965	bicycle villas alojamento local	Ponta Delgada	Portugal	HIGH	domain:bicyclevillas.com
	B	78	Avarua	CK	Rainbow Villas Rarotonga		hotel	Ara metua pokoinu tapere nikao village avarua district	+68274809								overture:182adb0d-c822-4e3b-9980-262b5fd3ce61	2026-08-15T12:54:40.016412Z		Canonical queue drain | fit B | GitHub MASTER dedupe passed	https://rainbow-villas.com/	reservations@rainbow-villas.com	https://rainbow-villas.com/contact/	https://www.instagram.com/rainbowvillas/	https://www.facebook.com/BoogHouse/		https://rainbow-villas.com/book-your-villa-today/				High	Verified	https://explore.overturemaps.org/#id=182adb0d-c822-4e3b-9980-262b5fd3ce61; https://rainbow-villas.com/	Public Overture site+email; zero-HTTP V6 cheap-screen. Final MASTER dedupe/QA required.				overture:182adb0d-c822-4e3b-9980-262b5fd3ce61	rainbow-villas.com	68274809	rainbow villas rarotonga	Avarua	CK	HIGH	domain:rainbow-villas.com
	B	78	თელავი	Georgia	Zuzumbo Resort & Spa		hotel	Georgian University St, Zuzumbo Telavi	+995551279999								overture:04631c44-83e0-4ebf-a64f-e6af3e2ce354	2026-08-15T12:01:42.061043Z		Canonical queue drain | fit B | GitHub MASTER dedupe passed	http://Zuzumbo.ge/	info@zuzumbo.ge	https://zuzumbo.ge/about-us/	https://www.instagram.com/zuzumbo.resort.spa/	https://www.facebook.com/zuzumbo.ge/		https://zuzumbo.ge/wp-content/plugins/wp-hotel-booking/assets/css/libraries.css?ver=7.0.4				High	Verified	https://explore.overturemaps.org/#id=04631c44-83e0-4ebf-a64f-e6af3e2ce354; https://zuzumbo.ge/	Public Overture site+email; zero-HTTP V6 cheap-screen. Final MASTER dedupe/QA required.				overture:04631c44-83e0-4ebf-a64f-e6af3e2ce354	zuzumbo.ge	995551279999	zuzumbo resort spa	თელავი	Georgia	HIGH	domain:zuzumbo.ge
	B	78	Conde	Brazil	Villamor Tambaba Resort		hotel	Praia Naturista de Tambaba, Conde, Paraiba, Brasil	+5583991120620								overture:280a1040-9d3b-4b1c-9dd7-26696def8074	2026-08-15T12:01:42.061043Z		Canonical queue drain | fit B | GitHub MASTER dedupe passed	http://www.villamortambabaresort.com.br/	marketing@villamortambabaresort.com.br		https://www.instagram.com/villamor.tambaba.resort/	https://www.facebook.com/villamor.tambaba.resort/	https://api.whatsapp.com/send/?phone=558393663341&text=Ol%C3%A1%2C+gostaria+de+saber+mais+sobre+o+Villamor+Tambaba+Resort.&type=phone_number&app_absent=0	https://www.villamortambabaresort.com.br/feed/				High	Verified	https://explore.overturemaps.org/#id=280a1040-9d3b-4b1c-9dd7-26696def8074; https://www.villamortambabaresort.com.br/	Public Overture site+email; zero-HTTP V6 cheap-screen. Final MASTER dedupe/QA required.				overture:280a1040-9d3b-4b1c-9dd7-26696def8074	villamortambabaresort.com.br	5583991120620	villamor tambaba resort	Conde	Brazil	HIGH	domain:villamortambabaresort.com.br
	B	78	Telavi	Georgia	Schuchmann Wines Chateau		hotel	2200	+995350200728								overture:5739a69f-9475-4faa-bcc9-4c2c20819e5f	2026-08-15T12:01:42.061043Z		Canonical queue drain | fit B | GitHub MASTER dedupe passed	http://www.schuchmann-wines.com/hotel/	hotel@schuchmann-wines.com	https://www.schuchmann-wines.com/hotel/booking/		https://www.facebook.com/SchuchmannWinesChateauAndSPA/	https://wa.me/+995577508005	https://www.schuchmann-wines.com/hotel/booking/				High	Verified	https://explore.overturemaps.org/#id=5739a69f-9475-4faa-bcc9-4c2c20819e5f	Public Overture site+email; zero-HTTP V6 cheap-screen. Final MASTER dedupe/QA required.				overture:5739a69f-9475-4faa-bcc9-4c2c20819e5f	schuchmann-wines.com	995350200728	schuchmann wines chateau	Telavi	Georgia	HIGH	domain:schuchmann-wines.com
	B	78	Sheki	Azerbaijan	Marxal Resort and Spa		hotel	Kish Village, Sheki	+994125853585								overture:200bdd44-cdb6-4f69-9f42-6c34d8903db7	2026-08-15T12:01:42.061043Z		Canonical queue drain | fit B | GitHub MASTER dedupe passed	http://www.marxalresort.az/	reservation@marxalresort.az	http://marxalresort.az/booking.html	https://www.instagram.com/marxalresortspa/	https://www.facebook.com/marxalresort/		http://marxalresort.az/booking.html				High	Verified	https://explore.overturemaps.org/#id=200bdd44-cdb6-4f69-9f42-6c34d8903db7; https://marxalresort.az/	Public Overture site+email; zero-HTTP V6 cheap-screen. Final MASTER dedupe/QA required.				overture:200bdd44-cdb6-4f69-9f42-6c34d8903db7	marxalresort.az	994125853585	marxal resort and spa	Sheki	Azerbaijan	HIGH	domain:marxalresort.az
	B	78	Sitamau	India	The Yellow Stone - Luxury Resort & Spa		hotel	Lakmana Road, near Sam parking, Sam	+919649999740								overture:ec6503c5-788d-47f7-affa-497955bb9e77	2026-08-15T11:37:20.140435Z		Canonical queue drain | fit B | GitHub MASTER dedupe passed	http://theyellowstone.in/	info@theyellowstone.in	https://theyellowstone.in/about-us/	https://www.instagram.com/theyellowstoneluxuryresort/	https://www.facebook.com/theyellowstoneluxuryresort/		https://theyellowstone.in/rooms/				High	Verified	https://explore.overturemaps.org/#id=ec6503c5-788d-47f7-affa-497955bb9e77; https://theyellowstone.in/	Public Overture site+email; zero-HTTP V6 cheap-screen. Final MASTER dedupe/QA required.				overture:ec6503c5-788d-47f7-affa-497955bb9e77	theyellowstone.in	919649999740	the yellow stone luxury resort spa	Sitamau	India	HIGH	domain:theyellowstone.in
	B	78	Kurai	India	Nidhivann- A Wellness Retreat Resort Pench		resort	Pench National Park, Turia Gate, Village - Jamuntola, Post-Kohka, Tehsil- Kurai , Dist. : Seoni, Madhya Pradesh, India	+917626852685								overture:80f0a94c-2dd7-4644-8475-ab217f006da4	2026-08-15T11:37:20.140435Z		Canonical queue drain | fit B | GitHub MASTER dedupe passed	http://www.nidhivannpench.com/	nidhivannpench@gmail.com	https://www.nidhivannpench.com/about.php	https://www.instagram.com/nidhivann_pench/		https://api.whatsapp.com/send?phone=+917626852685&text=Hello	https://www.nidhivannpench.com/pench-resort-booking.php				High	Verified	https://explore.overturemaps.org/#id=80f0a94c-2dd7-4644-8475-ab217f006da4; https://www.nidhivannpench.com/	Public Overture site+email; zero-HTTP V6 cheap-screen. Final MASTER dedupe/QA required.				overture:80f0a94c-2dd7-4644-8475-ab217f006da4	nidhivannpench.com	917626852685	nidhivann a wellness retreat resort pench	Kurai	India	HIGH	domain:nidhivannpench.com
	B	78	Khawasa	India	Mayur The Karma- Luxury Wildlife Resort Pench		resort	Mudiyareeth, Village,	+916263209817								overture:b6a5caac-2f3a-45e7-b46a-4b21c74c825d	2026-08-15T11:37:20.140435Z		Canonical queue drain | fit B | GitHub MASTER dedupe passed	http://mayurthekarma.com/	mayurthekarma@gmail.com	https://mayurthekarma.com/contact-mayur-the-karma-resort/	https://www.instagram.com/mayurthekarma/	https://www.facebook.com/mayurthekarma/		https://mayurthekarma.com/rooms/				High	Verified	https://explore.overturemaps.org/#id=b6a5caac-2f3a-45e7-b46a-4b21c74c825d; https://mayurthekarma.com/	Public Overture site+email; zero-HTTP V6 cheap-screen. Final MASTER dedupe/QA required.				overture:b6a5caac-2f3a-45e7-b46a-4b21c74c825d	mayurthekarma.com	916263209817	mayur the karma luxury wildlife resort pench	Khawasa	India	HIGH	domain:mayurthekarma.com
	B	78	Bhadravati	India	Irai Safari Retreat		resort	Bhadravati, Village Bhamdeli	+918799916166								overture:35ce189a-9153-47cd-9b3e-a8d094fa8aca	2026-08-15T11:37:20.140435Z		Canonical queue drain | fit B | GitHub MASTER dedupe passed	https://www.iraisafariretreat.com/	iraibookings2022@gmail.com	http://www.iraisafariretreat.com/about-us/	https://www.instagram.com/iraisafariretreat/	https://www.facebook.com/iraisafariretreat/		http://www.iraisafariretreat.com/accommodations/				High	Verified	https://explore.overturemaps.org/#id=35ce189a-9153-47cd-9b3e-a8d094fa8aca; https://www.iraisafariretreat.com/	Public Overture site+email; zero-HTTP V6 cheap-screen. Final MASTER dedupe/QA required.				overture:35ce189a-9153-47cd-9b3e-a8d094fa8aca	iraisafariretreat.com	918799916166	irai safari retreat	Bhadravati	India	HIGH	domain:iraisafariretreat.com
	B	78	Rurrenabaque	Bolivia	Wizard's Mountain Jungle Lodge & Shamanic Retreat Center		hotel	15 min. rio arriba, Rurrenabaque	+59168931063								overture:9d1f6261-881f-4107-a962-6f17623bc13d	2026-08-15T11:18:33.762381Z		Canonical queue drain | fit B | GitHub MASTER dedupe passed	http://www.sacharuna.com/	info@sacharuna.com		https://www.instagram.com/sacha.runa/	https://www.facebook.com/ChamanismoSachaRuna/	https://web.whatsapp.com/send?phone=59168931063&text=	https://sacharuna.com/portfolio_category/offer/				High	Verified	https://explore.overturemaps.org/#id=9d1f6261-881f-4107-a962-6f17623bc13d; https://sacharuna.com/	Public Overture site+email; zero-HTTP V6 cheap-screen. Final MASTER dedupe/QA required.				overture:9d1f6261-881f-4107-a962-6f17623bc13d	sacharuna.com	59168931063	wizard s mountain jungle lodge shamanic retreat center	Rurrenabaque	Bolivia	HIGH	domain:sacharuna.com
	B	78	Mambah Kaba	LR	Libassa Ecolodge		resort		+231777555564								overture:aa2f9e91-f845-4451-a4e5-f1e4213907d1	2026-08-15T11:18:33.762381Z		Canonical queue drain | fit B | GitHub MASTER dedupe passed	http://www.libassa.com/	libassa.ecolodge@gmail.com	https://www.libassa.com/contact	https://www.instagram.com/libassa.ecolodge/	https://www.facebook.com/libassa.ecolodge/		https://www.libassa.com/rooms-suites				High	Verified	https://explore.overturemaps.org/#id=aa2f9e91-f845-4451-a4e5-f1e4213907d1; https://www.libassa.com/	Public Overture site+email; zero-HTTP V6 cheap-screen. Final MASTER dedupe/QA required.				overture:aa2f9e91-f845-4451-a4e5-f1e4213907d1	libassa.com	231777555564	libassa ecolodge	Mambah Kaba	LR	HIGH	domain:libassa.com
	B	78	World-Atlas::africa::13-33	LR	Kokon Ecolodge		beach_resort	Bassa Point Community	+231776555500								overture:61c03604-36c0-4405-9607-e2cad9f994a3	2026-08-15T11:18:33.762381Z		Canonical queue drain | fit B | GitHub MASTER dedupe passed	http://www.kokonecolodge.com/	kokon.ecolodge@gmail.com	https://www.kokonecolodge.com/contact	https://www.instagram.com/kokon.ecolodge/	https://www.facebook.com/kokon.ecolodge/		https://www.kokonecolodge.com/rooms-suites				High	Verified	https://explore.overturemaps.org/#id=61c03604-36c0-4405-9607-e2cad9f994a3; https://www.kokonecolodge.com/	Public Overture site+email; zero-HTTP V6 cheap-screen. Final MASTER dedupe/QA required.				overture:61c03604-36c0-4405-9607-e2cad9f994a3	kokonecolodge.com	231776555500	kokon ecolodge	World-Atlas::africa::13-33	LR	HIGH	domain:kokonecolodge.com
	B	78	Dugdug	Ecuador	Twelve Hummingbirds Andes Retreat		resort	Avenida Chicti a y Vía Dug dug Km 4.5	+593990386719								overture:c772f382-c990-4a44-b49b-83f5211afddf	2026-08-15T11:02:45.630699Z		Canonical queue drain | fit B | GitHub MASTER dedupe passed	https://twelvehummingbirdsretreat.com/language/en/home/	tosablue@gmail.com	https://twelvehummingbirdsretreat.com/about-us/	https://www.instagram.com/tosabluemountain/	https://www.facebook.com/TosaBlueMountain/		https://twelvehummingbirdsretreat.com/language/en/rooms/				Medium	Recall-first	https://explore.overturemaps.org/#id=c772f382-c990-4a44-b49b-83f5211afddf; https://twelvehummingbirdsretreat.com/language/en/home/	Public Overture site+email; zero-HTTP V6 cheap-screen. Final MASTER dedupe/QA required.				overture:c772f382-c990-4a44-b49b-83f5211afddf	twelvehummingbirdsretreat.com	593990386719	twelve hummingbirds andes retreat	Dugdug	Ecuador	MEDIUM	domain:twelvehummingbirdsretreat.com
	B	78	Miraflores	Peru	Chaski Lodge		hotel	Calle Bajada Balta 131	+5116390665								overture:04b3ca96-a478-4bcf-bc57-a86e2b1f7465	2026-08-15T11:02:45.630699Z		Canonical queue drain | fit B | GitHub MASTER dedupe passed	http://www.paseosamazonicos.com/	reservas1@hotmail.com	http://www.paseosamazonicos.com/es/contacto.html	https://www.instagram.com/paseosamazonicos/	https://www.facebook.com/paseos.amazonicos/	https://api.whatsapp.com/send?phone=+51996183427&text=Estimados%20Paseos%20%20Amazónicos					Medium	Recall-first	https://explore.overturemaps.org/#id=04b3ca96-a478-4bcf-bc57-a86e2b1f7465; http://www.paseosamazonicos.com/es/	Public Overture site+email; zero-HTTP V6 cheap-screen. Final MASTER dedupe/QA required.				overture:04b3ca96-a478-4bcf-bc57-a86e2b1f7465	paseosamazonicos.com	5116390665	chaski lodge	Miraflores	Peru	MEDIUM	domain:paseosamazonicos.com
	B	78	Mindo	Ecuador	Mindo Coffee Lodge & Spa		hotel	Viaduct Mariposario Junto Hacienda Yaguira Sector Mirador	+593999017810								overture:20077895-a221-40f2-a677-ccb2bb42661f	2026-08-15T11:02:45.630699Z		Canonical queue drain | fit B | GitHub MASTER dedupe passed	http://www.mindohosteria.com/	tigremindo@gmail.com	https://www.mindohosteria.com/contactos.html	https://www.instagram.com/coffeelodge_01/	https://www.facebook.com/pages/category/Hotel-Resort/Mindo-Coffee-Lodge-Spa-100586014938131/	https://wa.me/593999017810?text=Coffee Lodge Me podrian ayudar con informacion!.					Permissive	Qualification	https://explore.overturemaps.org/#id=20077895-a221-40f2-a677-ccb2bb42661f; https://www.mindohosteria.com/	Public Overture site+email; zero-HTTP V6 cheap-screen. Final MASTER dedupe/QA required.				overture:20077895-a221-40f2-a677-ccb2bb42661f	mindohosteria.com	593999017810	mindo coffee lodge spa	Mindo	Ecuador	PERMISSIVE	domain:mindohosteria.com
	B	78	Lunahuana	Peru	Hotel Villasol		hotel	Carretera Cañete Yauyos - Km. 37. 5 Anexo Jita	+5113265835								overture:656b6720-d89b-4ad9-a2ec-8c823fa0f69c	2026-08-15T11:02:45.630699Z		Canonical queue drain | fit B | GitHub MASTER dedupe passed	http://www.hotelvillasolperu.com/	reservas@hotelvillasolperu.com	https://hotelvillasolperu.com/contacto	https://www.instagram.com/villasolhotel/	https://www.facebook.com/profile.php/		https://hotelvillasolperu.com/wp-content/plugins/3d-flipbook-dflip-lite/assets/css/dflip.min.css?ver=1.7.33				High	Verified	https://explore.overturemaps.org/#id=656b6720-d89b-4ad9-a2ec-8c823fa0f69c; https://hotelvillasolperu.com/	Public Overture site+email; zero-HTTP V6 cheap-screen. Final MASTER dedupe/QA required.				overture:656b6720-d89b-4ad9-a2ec-8c823fa0f69c	hotelvillasolperu.com	5113265835	hotel villasol	Lunahuana	Peru	HIGH	domain:hotelvillasolperu.com
	B	78	Tena	Ecuador	Arahuana Jungle Resort & Spa		hotel	Arahuana	+59362323018								overture:7de8c732-dcb7-4351-84ae-eca730fc79b6	2026-08-15T11:02:45.630699Z		Canonical queue drain | fit B | GitHub MASTER dedupe passed	http://www.arahuana.com/	reservas@arahuana.com	https://arahuana.com/contacto	https://www.instagram.com/arahuanaresortspa/	https://www.facebook.com/ArahuanaResortSpa/		https://arahuana.com/wp-content/themes/travelami/booking/assets/css/booking.css?ver=7.0.4				Permissive	Qualification	https://explore.overturemaps.org/#id=7de8c732-dcb7-4351-84ae-eca730fc79b6	Public Overture site+email; zero-HTTP V6 cheap-screen. Final MASTER dedupe/QA required.				overture:7de8c732-dcb7-4351-84ae-eca730fc79b6	arahuana.com	59362323018	arahuana jungle resort spa	Tena	Ecuador	PERMISSIVE	domain:arahuana.com
	B	78	Maldonado	Uruguay	Awa Boutique and Design Hotel		hotel	Av. Pedragosa sierra	+59842499999								overture:6ef9699d-8513-4b24-9515-4f79c382b95f	2026-08-15T11:00:22.105202Z		Canonical queue drain | fit B | GitHub MASTER dedupe passed	http://awahotel.com/	reservas@awahotel.com	https://www.awahotel.com/es/contacto	https://www.instagram.com/awahotel/	https://www.facebook.com/AwaHotel/	https://wa.me/59891999999					High	Verified	https://explore.overturemaps.org/#id=6ef9699d-8513-4b24-9515-4f79c382b95f; https://www.awahotel.com/	Public Overture site+email; zero-HTTP V6 cheap-screen. Final MASTER dedupe/QA required.				overture:6ef9699d-8513-4b24-9515-4f79c382b95f	awahotel.com	59842499999	awa boutique and design hotel	Maldonado	Uruguay	HIGH	domain:awahotel.com
	B	78	Águas de Lindóia	Brazil	Villa di Mantova Resort Hotel		resort	Rua Humberto Avancini, 133	+551938248400								overture:862484b3-a764-410b-b610-014618a68433	2026-08-15T10:47:54.796578Z		Canonical queue drain | fit B | GitHub MASTER dedupe passed	http://www.villadimantova.com.br/	reservas@villadimantova.com.br		https://www.instagram.com/villadimantova/	https://www.facebook.com/Villadimantova/	https://api.whatsapp.com/send/?phone=5519999420087	https://villadimantova.com.br/spa/				High	Verified	https://explore.overturemaps.org/#id=862484b3-a764-410b-b610-014618a68433; https://villadimantova.com.br/	Public Overture site+email; zero-HTTP V6 cheap-screen. Final MASTER dedupe/QA required.				overture:862484b3-a764-410b-b610-014618a68433	villadimantova.com.br	551938248400	villa di mantova resort hotel	Águas de Lindóia	Brazil	HIGH	domain:villadimantova.com.br
	B	78	Itatiba	Brazil	Villa d'Angelo Resort Hotel		resort	Rodovia Engenheiro Constancio Cintra, km 81,5 - Bairro do Pinhal	+551145247838								overture:e64ba2a8-0077-404b-ab87-308dfb94ac0f	2026-08-15T10:47:54.796578Z		Canonical queue drain | fit B | GitHub MASTER dedupe passed	http://www.villadangelo.com.br/	social@villadangelo.com.br		https://www.instagram.com/hotelvilladangelo/	https://www.facebook.com/villadangelo.itatiba/	https://wa.me/5511911101774?text=Ol%C3%A1%2C+gostaria+de+mais+informa%C3%A7%C3%B5es+sobre+Valores+e+acomoda%C3%A7%C3%B5es.	https://villadangelo.com.br/feed/				High	Verified	https://explore.overturemaps.org/#id=e64ba2a8-0077-404b-ab87-308dfb94ac0f; https://villadangelo.com.br/	Public Overture site+email; zero-HTTP V6 cheap-screen. Final MASTER dedupe/QA required.				overture:e64ba2a8-0077-404b-ab87-308dfb94ac0f	villadangelo.com.br	551145247838	villa d angelo resort hotel	Itatiba	Brazil	HIGH	domain:villadangelo.com.br
	B	78	Socorro	Brazil	Villa Ayê Pousada Boutique PetFriendly		hotel	Caminho Turístico Rio do Peixe, Km 2,4	+5519999457555								overture:73556f32-e545-4cba-9907-0ffc7d01bf20	2026-08-15T10:47:54.796578Z		Canonical queue drain | fit B | GitHub MASTER dedupe passed	http://www.villaaye.com.br/	contato.socorro@villaaye.com.br		https://www.instagram.com/villaaye.pousadapet/	https://www.facebook.com/villaaye.pousadapet/	https://api.whatsapp.com/send?phone=5519999457555&text=Ol%C3%A1,%20vim%20pelo%20site%20e%20gostaria%20de%20fazer%20uma%20reserva!	https://villaaye.com.br/feed/				High	Verified	https://explore.overturemaps.org/#id=73556f32-e545-4cba-9907-0ffc7d01bf20; https://villaaye.com.br/	Public Overture site+email; zero-HTTP V6 cheap-screen. Final MASTER dedupe/QA required.				overture:73556f32-e545-4cba-9907-0ffc7d01bf20	villaaye.com.br	5519999457555	villa aye pousada boutique petfriendly	Socorro	Brazil	HIGH	domain:villaaye.com.br
	B	78	Ribeirão Bonito	Brazil	Santa Eliza Eco Resort		hotel	Rodovia Luiz Augusto de Oliveira, KM-187,5 sl p215 km 187,5	+551636001591								overture:52281225-83c6-4891-8046-1fefbd1fd9da	2026-08-15T10:47:54.796578Z		Canonical queue drain | fit B | GitHub MASTER dedupe passed	https://santaeliza.com.br/	reserva@santaeliza.com.br	https://santaeliza.com.br/wp-content/plugins/wp-booking-engine-5.1-2.3/views/fixed/css/style.css?ver=6.9.7	https://www.instagram.com/santaelizaecoresort/	https://www.facebook.com/SantaElizaEcoResort/		https://santaeliza.com.br/wp-content/plugins/wp-booking-engine-5.1-2.3/views/fixed/css/style.css?ver=6.9.7				High	Verified	https://explore.overturemaps.org/#id=52281225-83c6-4891-8046-1fefbd1fd9da; https://santaeliza.com.br/	Public Overture site+email; zero-HTTP V6 cheap-screen. Final MASTER dedupe/QA required.				overture:52281225-83c6-4891-8046-1fefbd1fd9da	santaeliza.com.br	551636001591	santa eliza eco resort	Ribeirão Bonito	Brazil	HIGH	domain:santaeliza.com.br
	B	78	Guarujá	Brazil	Pousada Villa Virginia		resort	Avenida Assis Chateaubriand, 990	+5513997131688								overture:d049bc87-339d-41c1-87e5-ce804523c4a9	2026-08-15T10:47:54.796578Z		Canonical queue drain | fit B | GitHub MASTER dedupe passed	http://www.pousadavillavirginia.com.br/	contato@pousadavillavirginia.com.br	https://pousadavillavirginia.com.br/wp-content/plugins/contact-form-7/includes/css/styles.css?ver=5.1.7	https://www.instagram.com/pousadavillavirginia/	https://www.facebook.com/pousadavillavirginia/		https://pousadavillavirginia.com.br/rooms/casal-luxo/				High	Verified	https://explore.overturemaps.org/#id=d049bc87-339d-41c1-87e5-ce804523c4a9; https://pousadavillavirginia.com.br/	Public Overture site+email; zero-HTTP V6 cheap-screen. Final MASTER dedupe/QA required.				overture:d049bc87-339d-41c1-87e5-ce804523c4a9	pousadavillavirginia.com.br	5513997131688	pousada villa virginia	Guarujá	Brazil	HIGH	domain:pousadavillavirginia.com.br
	B	78	Águas de Lindóia	Brazil	Oscar Inn Eco Resort		resort	Rua Rio de Janeiro, 178	+551938249000								overture:2c232e57-59f7-44da-bfc3-73c8976ad4d5	2026-08-15T10:47:54.796578Z		Canonical queue drain | fit B | GitHub MASTER dedupe passed	http://www.oscarinn.com.br/	reservas@oscarinn.com.br	https://www.oscarinn.com.br/wp-content/plugins/contact-form-7/includes/css/styles.css?ver=6.1.6	https://www.instagram.com/oscarinnresort/	https://www.facebook.com/OscarInnEcoResort/	https://api.whatsapp.com/send?phone=551938249000&text=Contato%20site					Medium	Recall-first	https://explore.overturemaps.org/#id=2c232e57-59f7-44da-bfc3-73c8976ad4d5; https://www.oscarinn.com.br/	Public Overture site+email; zero-HTTP V6 cheap-screen. Final MASTER dedupe/QA required.				overture:2c232e57-59f7-44da-bfc3-73c8976ad4d5	oscarinn.com.br	551938249000	oscar inn eco resort	Águas de Lindóia	Brazil	MEDIUM	domain:oscarinn.com.br
	B	78	Águas de São Pedro	Brazil	LS Villas Hotel & Spa		hotel	Rua Joviano Nouer, 155	+551934824289								overture:9db931c5-45da-4230-853a-ce3c45312a74	2026-08-15T10:47:54.796578Z		Canonical queue drain | fit B | GitHub MASTER dedupe passed	http://www.lsvillas.com.br/	reservas@lsvillas.com.br		https://www.instagram.com/lsvillas/	https://www.facebook.com/lsvillas/	https://api.whatsapp.com/send?phone=5519996012778	https://lsvillas.com.br/lazer				Permissive	Qualification	https://explore.overturemaps.org/#id=9db931c5-45da-4230-853a-ce3c45312a74; https://lsvillas.com.br/	Public Overture site+email; zero-HTTP V6 cheap-screen. Final MASTER dedupe/QA required.				overture:9db931c5-45da-4230-853a-ce3c45312a74	lsvillas.com.br	551934824289	ls villas hotel spa	Águas de São Pedro	Brazil	PERMISSIVE	domain:lsvillas.com.br
	B	78	Sao Sebastiäo	Brazil	Ilha de Toque Toque Boutique Hotel & SPA		hotel	Rodovia Dr. Manoel Hypólito Rego, 1285	(12) 3864-9110								overture:03bdd4d7-837e-48fe-b1af-be2439919acb	2026-08-15T10:47:54.796578Z		Canonical queue drain | fit B | GitHub MASTER dedupe passed	http://www.ilhadetoquetoque.com.br	reservas@ilhadetoquetoque.com.br	https://ilhadetoquetoque.com.br/wp-content/plugins/wp-booking-engine/views/fixed/css/style.css?ver=7.0.3	https://www.instagram.com/ilhadetoquetoque/		https://wa.me/551238649112?text=Ol%C3%A1%2C%20estou%20navegando%20no%20site%20ilhadetoquetoque.com.br%20e%20gostaria%20de%20mais%20informa%C3%A7%C3%B5es.	https://ilhadetoquetoque.com.br/wp-content/plugins/wp-booking-engine/views/fixed/css/style.css?ver=7.0.3				High	Verified	https://explore.overturemaps.org/#id=03bdd4d7-837e-48fe-b1af-be2439919acb; https://ilhadetoquetoque.com.br/	Public Overture site+email; zero-HTTP V6 cheap-screen. Final MASTER dedupe/QA required.				overture:03bdd4d7-837e-48fe-b1af-be2439919acb	ilhadetoquetoque.com.br	1238649110	ilha de toque toque boutique hotel spa	Sao Sebastiäo	Brazil	HIGH	domain:ilhadetoquetoque.com.br
	B	78	Sarapuí	Brazil	Hotel Imperium Village		resort	Rua Vereador José Cerqueira Holtz, 455	+5515997181154								overture:1d9e7d7a-4935-4467-ba0d-6eac729d9eaf	2026-08-15T10:47:54.796578Z		Canonical queue drain | fit B | GitHub MASTER dedupe passed	https://hotelimperiumvillage.com.br/	reservas@hotelimperiumvillage.com.br	https://hotelimperiumvillage.com.br/wp-content/plugins/contact-form-7/includes/css/styles.css?ver=6.0.6	https://www.instagram.com/hotelimperiumvillage/		https://api.whatsapp.com/send?phone=5515997181154	https://hotelimperiumvillage.com.br/feed/				High	Verified	https://explore.overturemaps.org/#id=1d9e7d7a-4935-4467-ba0d-6eac729d9eaf; https://hotelimperiumvillage.com.br/	Public Overture site+email; zero-HTTP V6 cheap-screen. Final MASTER dedupe/QA required.				overture:1d9e7d7a-4935-4467-ba0d-6eac729d9eaf	hotelimperiumvillage.com.br	5515997181154	hotel imperium village	Sarapuí	Brazil	HIGH	domain:hotelimperiumvillage.com.br
	B	78	Águas de Santa Bárbara	Brazil	Green Village Hotel e Restaurante		resort	Resort Residence - Rod. Pres. Castello Branco, km 292	+551150398123								overture:43d967e9-4926-40d1-b68c-c26f9101efbc	2026-08-15T10:47:54.796578Z		Canonical queue drain | fit B | GitHub MASTER dedupe passed	http://hotelgreenvillage.com.br/	reservas@hotelgreenvillage.com.br		https://www.instagram.com/hotelgreenvillage/	https://www.facebook.com/GreenVillageHoteleRestaurante/	https://wa.me/5514998310605	https://hotelgreenvillage.com.br/fotos				High	Verified	https://explore.overturemaps.org/#id=43d967e9-4926-40d1-b68c-c26f9101efbc; https://hotelgreenvillage.com.br/	Public Overture site+email; zero-HTTP V6 cheap-screen. Final MASTER dedupe/QA required.				overture:43d967e9-4926-40d1-b68c-c26f9101efbc	hotelgreenvillage.com.br	551150398123	green village hotel e restaurante	Águas de Santa Bárbara	Brazil	HIGH	domain:hotelgreenvillage.com.br
	B	78	Wanchaq	Peru	The Green House Villas | Cusco		hotel	Huaran. Calca	+51997360975								overture:884ad26e-da01-4e25-8c6f-69675c43da6c	2026-08-15T10:38:27.989029Z		Canonical queue drain | fit B | GitHub MASTER dedupe passed	http://www.thegreenhousevillas.com/	info@thegreenhousevillas.com	https://www.thegreenhousevillas.com/contact-1	https://www.instagram.com/the.greenhouse.villas/	https://www.facebook.com/thegreenhousevillas/		https://www.thegreenhousevillas.com/book-a-villa				High	Verified	https://explore.overturemaps.org/#id=884ad26e-da01-4e25-8c6f-69675c43da6c; https://www.thegreenhousevillas.com/	Public Overture site+email; zero-HTTP V6 cheap-screen. Final MASTER dedupe/QA required.				overture:884ad26e-da01-4e25-8c6f-69675c43da6c	thegreenhousevillas.com	51997360975	the green house villas cusco	Wanchaq	Peru	HIGH	domain:thegreenhousevillas.com
	B	78	Pucón	Chile	Pucon Kayak Retreat		resort	a Puente Metrenehue KM 10 Camino a Caburgua Pucón	+18287885135								overture:43fdc061-ca43-40f8-a21a-e7a9c6266dff	2026-08-15T10:38:27.989029Z		Canonical queue drain | fit B | GitHub MASTER dedupe passed	http://PuconKayakRetreat.com/	info@puconkayakretreat.com	https://puconkayakretreat.com/about/contact-us/	https://www.instagram.com/puconkayakretreat/	https://www.facebook.com/puconkayakretreat/		https://puconkayakretreat.com/for-guests/accommodations/				High	Verified	https://explore.overturemaps.org/#id=43fdc061-ca43-40f8-a21a-e7a9c6266dff; https://puconkayakretreat.com/	Public Overture site+email; zero-HTTP V6 cheap-screen. Final MASTER dedupe/QA required.				overture:43fdc061-ca43-40f8-a21a-e7a9c6266dff	puconkayakretreat.com	18287885135	pucon kayak retreat	Pucón	Chile	HIGH	domain:puconkayakretreat.com
	B	78	Pucón	Chile	Mirador Los Volcanes Lodge & Boutique		hotel	Pasaje Pucón 17	+56981898801								overture:63932489-4c07-4ca0-b299-1decc68eb4e8	2026-08-15T10:38:27.989029Z		Canonical queue drain | fit B | GitHub MASTER dedupe passed	http://www.miradorlosvolcanes.com/	reservas@miradorlosvolcanes.com	https://www.miradorlosvolcanes.com/contacto/	https://www.instagram.com/miradorlosvolcanes/	https://www.facebook.com/miradorlosvolcanes/	https://wa.me/56981898801					High	Verified	https://explore.overturemaps.org/#id=63932489-4c07-4ca0-b299-1decc68eb4e8; https://www.miradorlosvolcanes.com/	Public Overture site+email; zero-HTTP V6 cheap-screen. Final MASTER dedupe/QA required.				overture:63932489-4c07-4ca0-b299-1decc68eb4e8	miradorlosvolcanes.com	56981898801	mirador los volcanes lodge boutique	Pucón	Chile	HIGH	domain:miradorlosvolcanes.com
	B	78	San Carlos de Bariloche	Argentina	Charming - Luxury Lodge		hotel	Hua Huan 7549	0294 446-2889								overture:6b6fe6d4-3ff6-4a7b-aab4-8ab3a9136995	2026-08-15T10:38:27.989029Z		Canonical queue drain | fit B | GitHub MASTER dedupe passed	http://charming-bariloche.com	info@charming-bariloche.com	https://www.charming-bariloche.com/contacto/	https://www.instagram.com/charmingbariloche/	https://www.facebook.com/Charming-Lodge-Bariloche-Argentina-133677263371470/		https://www.charming-bariloche.com/wp-content/plugins/wp-booking-engine/views/fixed/css/style.css?ver=7.0.4				High	Verified	https://explore.overturemaps.org/#id=6b6fe6d4-3ff6-4a7b-aab4-8ab3a9136995; https://www.charming-bariloche.com/	Public Overture site+email; zero-HTTP V6 cheap-screen. Final MASTER dedupe/QA required.				overture:6b6fe6d4-3ff6-4a7b-aab4-8ab3a9136995	charming-bariloche.com	02944462889	charming luxury lodge	San Carlos de Bariloche	Argentina	HIGH	domain:charming-bariloche.com
	B	78	Gravatá	Brazil	Villa Hípica Resort		resort	Av. Dr. Amaury de Medeiros, 1000	(81) 3533-9600								overture:e5d22027-c175-42aa-8d2c-cb4d9fcbbe49	2026-08-15T10:36:47.778998Z		Canonical queue drain | fit B | GitHub MASTER dedupe passed	http://www.villahipica.com.br	reservas@villahipica.com.br		https://www.instagram.com/resortvillahipica/	https://www.facebook.com/ResortVillaHipica/	https://wa.me/5581999871098	https://villahipica.com.br/ferias				High	Verified	https://explore.overturemaps.org/#id=e5d22027-c175-42aa-8d2c-cb4d9fcbbe49; http://villahipica.com.br/	Public Overture site+email; zero-HTTP V6 cheap-screen. Final MASTER dedupe/QA required.				overture:e5d22027-c175-42aa-8d2c-cb4d9fcbbe49	villahipica.com.br	8135339600	villa hipica resort	Gravatá	Brazil	HIGH	domain:villahipica.com.br
	B	78	Nova Petrópolis	Brazil	Villa Flor Ecoresort		resort	R. dos Pinheiros, 90	+555432812020								overture:15361e21-e178-4d21-b896-024eea4f5932	2026-08-15T10:36:47.778998Z		Canonical queue drain | fit B | GitHub MASTER dedupe passed	http://www.villaflor.com.br/	reservas@villaflor.com.br		https://www.instagram.com/villaflorecoresort/	https://www.facebook.com/villaflorecoresort/	https://wa.me/555432812020	http://www.villaflor.com.br/hotel				High	Verified	https://explore.overturemaps.org/#id=15361e21-e178-4d21-b896-024eea4f5932; http://www.villaflor.com.br/	Public Overture site+email; zero-HTTP V6 cheap-screen. Final MASTER dedupe/QA required.				overture:15361e21-e178-4d21-b896-024eea4f5932	villaflor.com.br	555432812020	villa flor ecoresort	Nova Petrópolis	Brazil	HIGH	domain:villaflor.com.br
	B	78	Escobar	Argentina	Pualy Resort & Spa		hotel	Petral 730	+5491159590102								overture:b2388636-0f32-47f4-a625-c2dbd1c99f13	2026-08-15T10:36:47.778998Z		Canonical queue drain | fit B | GitHub MASTER dedupe passed	http://www.pualy.com/	reservas@pualy.com		https://www.instagram.com/pualyresort/	https://www.facebook.com/PualyResortSpa/	http://wa.me/5491159590102?text=Hola%20tengo%20una%20consulta%20	https://pualy.com/portal/es-es/219/SuiteSuperior				High	Verified	https://explore.overturemaps.org/#id=b2388636-0f32-47f4-a625-c2dbd1c99f13; https://pualy.com/portal/es-es/219/Home	Public Overture site+email; zero-HTTP V6 cheap-screen. Final MASTER dedupe/QA required.				overture:b2388636-0f32-47f4-a625-c2dbd1c99f13	pualy.com	5491159590102	pualy resort spa	Escobar	Argentina	HIGH	domain:pualy.com
	B	78	Paripueira	Brazil	Resort Fiore		resort	Rua do Norte, 24	+5582999317859								overture:701b3613-8753-4fcb-beba-e3fc3b11daab	2026-08-15T10:36:47.778998Z		Canonical queue drain | fit B | GitHub MASTER dedupe passed	http://www.fazenda-fiore.com/	reservas@fazenda-fiore.com	https://www.fazenda-fiore.com/wp-content/plugins/eagle-booking/assets/css/intlTelInput.min.css?ver=1.3.4.3	https://www.instagram.com/fazendafioreresort/	https://www.facebook.com/fazendafiorebrasil/		https://www.fazenda-fiore.com/wp-content/plugins/eagle-booking/assets/css/intlTelInput.min.css?ver=1.3.4.3				High	Verified	https://explore.overturemaps.org/#id=701b3613-8753-4fcb-beba-e3fc3b11daab; https://www.fazenda-fiore.com/	Public Overture site+email; zero-HTTP V6 cheap-screen. Final MASTER dedupe/QA required.				overture:701b3613-8753-4fcb-beba-e3fc3b11daab	fazenda-fiore.com	5582999317859	resort fiore	Paripueira	Brazil	HIGH	domain:fazenda-fiore.com
	B	78	Palmitos	Brazil	Brasil Village Hotel		resort	Av. Santa Catarina, s/n	+5549988258827								overture:8e1818ae-0353-4ccf-a54d-c3b91ca849fc	2026-08-15T10:36:47.778998Z		Canonical queue drain | fit B | GitHub MASTER dedupe passed	http://www.brasilvillage.com.br/	reservahbv@gmail.com		https://www.instagram.com/brasilvillage.hotel/	https://www.facebook.com/hotelbrasilvillage/	https://api.whatsapp.com/send?l=pt-BR&phone=554988258827&fbclid=PAZXh0bgNhZW0CMTEAAafkXXCDuI4PJyTzKAT-PkZlFEVHlqLIq0QlCS6up8zM4jeth6j_8Hsa4KhrYA_aem_GrPzbIo1XaL2do8SAPz-Aw	https://brasilvillage.com.br/feed/				High	Verified	https://explore.overturemaps.org/#id=8e1818ae-0353-4ccf-a54d-c3b91ca849fc; https://brasilvillage.com.br/	Public Overture site+email; zero-HTTP V6 cheap-screen. Final MASTER dedupe/QA required.				overture:8e1818ae-0353-4ccf-a54d-c3b91ca849fc	brasilvillage.com.br	5549988258827	brasil village hotel	Palmitos	Brazil	HIGH	domain:brasilvillage.com.br
	B	78	Caucaia	Brazil	Villa Mango - Icaraizinho		beach_resort	Rua Antônio Rodrigues Mesquita, 1134	+558836363089								overture:cf1d3195-6c51-4276-af46-055db244961f	2026-08-15T10:28:39.855335Z		Canonical queue drain | fit B | GitHub MASTER dedupe passed	http://www.villamango.com.br/	reservas@villamango.com.br		https://www.instagram.com/villamangobungalows/	https://www.facebook.com/villamangobeachbungalows/	https://wa.me/5585991535286	https://www.villamango.com.br/en/				High	Verified	https://explore.overturemaps.org/#id=cf1d3195-6c51-4276-af46-055db244961f; https://www.villamango.com.br/	Public Overture site+email; zero-HTTP V6 cheap-screen. Final MASTER dedupe/QA required.				overture:cf1d3195-6c51-4276-af46-055db244961f	villamango.com.br	558836363089	villa mango icaraizinho	Caucaia	Brazil	HIGH	domain:villamango.com.br
	B	78	Petrópolis	Brazil	Villa Itaipava Resort & Conventions		resort	Rodovia BR 040 km 62	+552422364000								overture:4eecde09-6b96-4515-bbd5-bd3e8d2fa153	2026-08-15T10:28:39.855335Z		Canonical queue drain | fit B | GitHub MASTER dedupe passed	http://www.villaitaipava.com.br/	reservas@villaitaipava.com.br	https://www.villaitaipava.com.br/about-3	https://www.instagram.com/villaitaipavaresort/	https://www.facebook.com/villaitaipavaresort/		https://www.villaitaipava.com.br/portfolio				High	Verified	https://explore.overturemaps.org/#id=4eecde09-6b96-4515-bbd5-bd3e8d2fa153; https://www.villaitaipava.com.br/	Public Overture site+email; zero-HTTP V6 cheap-screen. Final MASTER dedupe/QA required.				overture:4eecde09-6b96-4515-bbd5-bd3e8d2fa153	villaitaipava.com.br	552422364000	villa itaipava resort conventions	Petrópolis	Brazil	HIGH	domain:villaitaipava.com.br
	B	78	Los Andes	Chile	Ski Portillo		ski_resort	Renato Sánchez 4270	+56222630606								overture:eb050dbf-4d56-40cd-afff-52b3cdad034e	2026-08-15T10:28:39.855335Z		Canonical queue drain | fit B | GitHub MASTER dedupe passed	http://www.skiportillo.com/	info@skiportillo.com	https://skiportillo.com/en/contact-center/	https://www.instagram.com/skiportillo/	https://www.facebook.com/skiportillo/		https://skiportillo.com/wp-content/uploads/2026/02/SkiPortillo_BookingsCancellations_2026_ING.pdf				High	Verified	https://explore.overturemaps.org/#id=eb050dbf-4d56-40cd-afff-52b3cdad034e; https://skiportillo.com/	Public Overture site+email; zero-HTTP V6 cheap-screen. Final MASTER dedupe/QA required.				overture:eb050dbf-4d56-40cd-afff-52b3cdad034e	skiportillo.com	56222630606	ski portillo	Los Andes	Chile	HIGH	domain:skiportillo.com
	B	78	Buzios	Brazil	La Pedrera Boutique Hotel & Spa		hotel		(22) 2623-4753								overture:124f1b4f-90a5-45bc-b6dc-bce495b25b60	2026-08-15T10:28:39.855335Z		Canonical queue drain | fit B | GitHub MASTER dedupe passed	http://www.lapedrerabuzios.com.br	reservas@lapedrerabuzios.com.br	https://lapedrerabuzios.com.br/wp-content/plugins/elementor/assets/css/widget-contact-buttons-base.min.css?ver=4.1.4	https://www.instagram.com/lapedrerabuzios/	https://www.facebook.com/LaPedreraHotelSpa/	https://api.whatsapp.com/send?l=pt_br&phone=5522981126098					Medium	Recall-first	https://explore.overturemaps.org/#id=124f1b4f-90a5-45bc-b6dc-bce495b25b60; https://lapedrerabuzios.com.br/	Public Overture site+email; zero-HTTP V6 cheap-screen. Final MASTER dedupe/QA required.				overture:124f1b4f-90a5-45bc-b6dc-bce495b25b60	lapedrerabuzios.com.br	2226234753	la pedrera boutique hotel spa	Buzios	Brazil	MEDIUM	domain:lapedrerabuzios.com.br
	B	78	Mar de las Pampas	Argentina	Jaina Resort and Spa		hotel	Barlovento y Los Cóndores	+542255474488								overture:bf45e692-f164-4c08-9aa6-12018e06e9b8	2026-08-15T10:28:39.855335Z		Canonical queue drain | fit B | GitHub MASTER dedupe passed	http://www.jainaresort.com	info@jainaresort.com	https://www.jainaresort.com/contacto.html	https://www.instagram.com/jainaresort/	https://www.facebook.com/JainaResort/	https://api.whatsapp.com/send?phone=5491130949156					High	Verified	https://explore.overturemaps.org/#id=bf45e692-f164-4c08-9aa6-12018e06e9b8; https://www.jainaresort.com/	Public Overture site+email; zero-HTTP V6 cheap-screen. Final MASTER dedupe/QA required.				overture:bf45e692-f164-4c08-9aa6-12018e06e9b8	jainaresort.com	542255474488	jaina resort and spa	Mar de las Pampas	Argentina	HIGH	domain:jainaresort.com
	B	78	Cardoso	Brazil	Hotel Fazenda Foz do Marinheiro		resort	Rodovia Vicinal José de Abreu, km 12,5	+551734666133								overture:15f49854-a448-46de-b1c5-5d8981a71acc	2026-08-15T10:28:39.855335Z		Canonical queue drain | fit B | GitHub MASTER dedupe passed	http://www.fozdomarinheiro.com.br	reservas@fozdomarinheiro.com.br	https://fozdomarinheiro.com.br/wp-content/plugins/wp-booking-engine-5.1-2.3/views/fixed/css/style.css?ver=6.9.6	https://www.instagram.com/fozdomarinheiro/		https://api.whatsapp.com/send/?phone=551734666133	https://fozdomarinheiro.com.br/wp-content/plugins/wp-booking-engine-5.1-2.3/views/fixed/css/style.css?ver=6.9.6				High	Verified	https://explore.overturemaps.org/#id=15f49854-a448-46de-b1c5-5d8981a71acc; https://fozdomarinheiro.com.br/	Public Overture site+email; zero-HTTP V6 cheap-screen. Final MASTER dedupe/QA required.				overture:15f49854-a448-46de-b1c5-5d8981a71acc	fozdomarinheiro.com.br	551734666133	hotel fazenda foz do marinheiro	Cardoso	Brazil	HIGH	domain:fozdomarinheiro.com.br
	B	78	Las Condes	Chile	Chilean Heli Ski		ski_resort	Avenida El Golf 99	+56225708620								overture:d0b0f911-4bdb-48d8-9f4f-b94f3bdb0fa9	2026-08-15T10:28:39.855335Z		Canonical queue drain | fit B | GitHub MASTER dedupe passed	http://www.chileanski.com/	sales@chileanski.com	https://www.chileanski.com/esp/contacto.htm	https://www.instagram.com/chileanskicom/	https://www.facebook.com/chileanskicom/	https://wa.me/56966338997?text=Hola Chileanski.com, quiero cotizar un paquete de ski en Chile. ¿Me pueden asesorar?					High	Verified	https://explore.overturemaps.org/#id=d0b0f911-4bdb-48d8-9f4f-b94f3bdb0fa9; https://www.chileanski.com/	Public Overture site+email; zero-HTTP V6 cheap-screen. Final MASTER dedupe/QA required.				overture:d0b0f911-4bdb-48d8-9f4f-b94f3bdb0fa9	chileanski.com	56225708620	chilean heli ski	Las Condes	Chile	HIGH	domain:chileanski.com
	B	78	San José de Maipo	Chile	Vivecascadalodge		resort	camino al volcan 31087 san Alfonso	+56965272315								overture:ec04a67a-ac01-4187-a995-d3107e73f6b6	2026-08-15T10:28:39.855335Z		Canonical queue drain | fit B | GitHub MASTER dedupe passed	http://cascadalodge.cl/	info@cascadalodge.cl	https://www.cascadalodge.cl/contact-us/	https://www.instagram.com/vivecascadalodge/	https://www.facebook.com/Cascada-Lodge-Magicas-Caba%C3%B1as-en-Caj%C3%B3n-del-Maipo-823057487718187/		https://www.cascadalodge.cl/producto-categoria/cascada-lodge-suites/				Permissive	Qualification	https://explore.overturemaps.org/#id=ec04a67a-ac01-4187-a995-d3107e73f6b6; https://www.cascadalodge.cl/	Public Overture site+email; zero-HTTP V6 cheap-screen. Final MASTER dedupe/QA required.				overture:ec04a67a-ac01-4187-a995-d3107e73f6b6	cascadalodge.cl	56965272315	vivecascadalodge	San José de Maipo	Chile	PERMISSIVE	domain:cascadalodge.cl
	B	78	San José de Maipo	Chile	Casa Maipo - Lodge & Spa		resort	Camino al Volcán 9660	+56228356200								overture:828ee5f8-86ca-42ed-b266-1e99d76b4160	2026-08-15T10:28:39.855335Z		Canonical queue drain | fit B | GitHub MASTER dedupe passed	http://www.casamaipo.cl/	reservas@casamaipo.cl	https://casamaipo.cl/contacto/	https://www.instagram.com/casamaipolodge/		https://wa.me/56951945139?text=Hola%2C%20les%20escribo%20por%20el%20descuento%20del%2030%25%20de%20lunes%20a%20viernes	https://casamaipo.cl/wp-content/plugins/astra-portfolio/dist/fscript.css?ver=1.13.4				Medium	Recall-first	https://explore.overturemaps.org/#id=828ee5f8-86ca-42ed-b266-1e99d76b4160; https://casamaipo.cl/	Public Overture site+email; zero-HTTP V6 cheap-screen. Final MASTER dedupe/QA required.				overture:828ee5f8-86ca-42ed-b266-1e99d76b4160	casamaipo.cl	56228356200	casa maipo lodge spa	San José de Maipo	Chile	MEDIUM	domain:casamaipo.cl
	B	78	淡路市	Japan	Wellis Villa Awaji		resort	Kariya	+817031360454								overture:dd0906e1-bf0b-4b6e-a89d-7e6d2c305212	2026-08-15T10:11:28.239500Z		Canonical queue drain | fit B | GitHub MASTER dedupe passed	https://villa.wellis.jp/	villa@wellis.jp	https://villa.wellis.jp/contact/	https://www.instagram.com/wellisvillaawaji/	https://www.facebook.com/wellisvillaawaji/		https://villa.wellis.jp/meal/				High	Verified	https://explore.overturemaps.org/#id=dd0906e1-bf0b-4b6e-a89d-7e6d2c305212; https://villa.wellis.jp/	Public Overture site+email; zero-HTTP V6 cheap-screen. Final MASTER dedupe/QA required.				overture:dd0906e1-bf0b-4b6e-a89d-7e6d2c305212	wellis.jp	817031360454	wellis villa awaji	淡路市	Japan	HIGH	domain:wellis.jp
	B	78	名護市	Japan	Villa Muse Okinawa		resort	Sumuide	+81980528585								overture:b7fb2cac-1fbf-40cc-ab37-df73bbc3fd61	2026-08-15T10:11:28.239500Z		Canonical queue drain | fit B | GitHub MASTER dedupe passed	https://villa-muse.com/	villa.muse.okinawa@gmail.com	https://villa-muse.com/contact/	https://www.instagram.com/villa_muse_okinawa/	https://www.facebook.com/yagajiensemble/		https://villa-muse.com/zh/				High	Verified	https://explore.overturemaps.org/#id=b7fb2cac-1fbf-40cc-ab37-df73bbc3fd61; https://villa-muse.com/	Public Overture site+email; zero-HTTP V6 cheap-screen. Final MASTER dedupe/QA required.				overture:b7fb2cac-1fbf-40cc-ab37-df73bbc3fd61	villa-muse.com	81980528585	villa muse okinawa	名護市	Japan	HIGH	domain:villa-muse.com
	B	78	国頭郡本部町	Japan	The Pool & Sauna Villa MOTOBU		resort	沖縄県国頭郡本部町新里１１５−１	+81980431038								overture:e8aec338-f30b-4380-b39e-17c75a1dc29b	2026-08-15T10:11:28.239500Z		Canonical queue drain | fit B | GitHub MASTER dedupe passed	http://villa-motobu.com/	info@villa-motobu.com	https://villa-motobu.com/contact	https://www.instagram.com/the_pool_and_sauna_villamotobu/	https://www.facebook.com/profile.php/		https://villa-motobu.com/wp-content/themes/villa_motobu/images/common/accommodation-202507.pdf				High	Verified	https://explore.overturemaps.org/#id=e8aec338-f30b-4380-b39e-17c75a1dc29b; https://villa-motobu.com/	Public Overture site+email; zero-HTTP V6 cheap-screen. Final MASTER dedupe/QA required.				overture:e8aec338-f30b-4380-b39e-17c75a1dc29b	villa-motobu.com	81980431038	the pool sauna villa motobu	国頭郡本部町	Japan	HIGH	domain:villa-motobu.com
	B	78	大崎市	Japan	オニコウベスキー場		ski_resort	宮城県大崎市鳴子温泉鬼首小向原９−５５	+81229862111								overture:9201e850-3930-4596-80f8-12a4b52fe630	2026-08-15T10:11:28.239500Z		Canonical queue drain | fit B | GitHub MASTER dedupe passed	http://www.onikoube.com/	info@onikoube.com	https://www.onikoube.com/green/contact/	https://www.instagram.com/onikoube_ski_resort/	https://www.facebook.com/onikoubeski/		https://www.onikoube.com/green/wp-content/plugins/custom-facebook-feed/assets/css/cff-style.min.css?ver=4.7.7				Permissive	Qualification	https://explore.overturemaps.org/#id=9201e850-3930-4596-80f8-12a4b52fe630; https://www.onikoube.com/green/	Public Overture site+email; zero-HTTP V6 cheap-screen. Final MASTER dedupe/QA required.				overture:9201e850-3930-4596-80f8-12a4b52fe630	onikoube.com	81229862111		大崎市	Japan	PERMISSIVE	domain:onikoube.com
	B	78	耶麻郡猪苗代町	Japan	Inawashiro Ski Global		ski_resort	福島県耶麻郡猪苗代町葉山７１０５−２	+81242625100								overture:0d178494-1cd1-42d6-b58b-a880acfc5631	2026-08-15T10:11:28.239500Z		Canonical queue drain | fit B | GitHub MASTER dedupe passed	https://www.inawashiro-ski.com/?locale=en	info@inawashiro-ski.com	https://www.inawashiro-ski.com/contact/	https://www.instagram.com/inawashiro_ski/	https://www.facebook.com/snowparadise.iNAWASHiRO/		https://www.inawashiro-ski.com/service/rentalshop/				High	Verified	https://explore.overturemaps.org/#id=0d178494-1cd1-42d6-b58b-a880acfc5631; https://www.inawashiro-ski.com/?locale=en	Public Overture site+email; zero-HTTP V6 cheap-screen. Final MASTER dedupe/QA required.				overture:0d178494-1cd1-42d6-b58b-a880acfc5631	inawashiro-ski.com	81242625100	inawashiro ski global	耶麻郡猪苗代町	Japan	HIGH	domain:inawashiro-ski.com
	B	78	高松市	Japan	Hyper Resort Villa Shionoe		hotel		+81878931111								overture:d6ec83fd-abfa-466e-8197-003034d94dda	2026-08-15T10:11:28.239500Z		Canonical queue drain | fit B | GitHub MASTER dedupe passed	https://hyper-inn.net/asp/newsitem.asp?nw_id=816	villa-shionoe@hyper-inn.net	https://www.hyper-inn.net/wp/wp-content/themes/hyper-inn-hotels/assets/css/reservation.css	https://www.instagram.com/hyperresort_villa_shionoe/	https://www.facebook.com/people/Hyper-Resort-%E3%83%B4%E3%82%A3%E3%83%A9%E5%A1%A9%E6%B1%9F/100057205429914/		https://www.hyper-inn.net/villa-shionoe/rooms				High	Verified	https://explore.overturemaps.org/#id=d6ec83fd-abfa-466e-8197-003034d94dda; https://www.hyper-inn.net/villa-shionoe	Public Overture site+email; zero-HTTP V6 cheap-screen. Final MASTER dedupe/QA required.				overture:d6ec83fd-abfa-466e-8197-003034d94dda	hyper-inn.net	81878931111	hyper resort villa shionoe	高松市	Japan	HIGH	domain:hyper-inn.net
	B	78	Kitakami-shi	Japan	夏油高原スキー場 スキースクール		ski_resort	和賀町岩崎新田字畑入山	+81197659007								overture:429cfbcf-d366-4cb0-9411-2cccb03e2478	2026-08-15T10:11:28.239500Z		Canonical queue drain | fit B | GitHub MASTER dedupe passed	https://www.getokogen.com/winter/04activity/school/01ski.html	skischool.geto@gmail.com	https://www.getokogen.com/winter/02rental/booking.html	https://www.instagram.com/getokogen/	https://www.facebook.com/getoschool/		https://www.getokogen.com/winter/02rental/booking.html				Permissive	Qualification	https://explore.overturemaps.org/#id=429cfbcf-d366-4cb0-9411-2cccb03e2478; https://www.getokogen.com/winter/04activity/school/01ski.html	Public Overture site+email; zero-HTTP V6 cheap-screen. Final MASTER dedupe/QA required.				overture:429cfbcf-d366-4cb0-9411-2cccb03e2478	getokogen.com	81197659007		Kitakami-shi	Japan	PERMISSIVE	domain:getokogen.com
