	A	91	Μουδανιά	Greece	Seaview Aparthotel, Nea Potidea/Chalkidiki		hotel	Halkidiki	+306977684614								overture:7cc21cc8-53eb-40b9-8995-35119f4a9c68	2026-08-15T01:42:34Z		Canonical queue drain | fit A | GitHub MASTER dedupe passed	http://www.seaview.de/	kontakt@seaview.de									Medium	Recall-first	https://explore.overturemaps.org/#id=7cc21cc8-53eb-40b9-8995-35119f4a9c68	Public Overture site+email; zero-HTTP V6 cheap-screen. Final MASTER dedupe/QA required.				overture:7cc21cc8-53eb-40b9-8995-35119f4a9c68	seaview.de	306977684614	seaview aparthotel nea potidea chalkidiki	Μουδανιά	Greece	MEDIUM	domain:seaview.de
	A	91	București	Romania	PrimeKey Property Management		property_management	Strada Popa Savu 16	+40724200263								overture:f4539eb9-09e2-4e65-86cc-729ebb9401b0	2026-08-15T01:42:34Z		Canonical queue drain | fit A | GitHub MASTER dedupe passed	http://primekey.ro/	office@primekey.ro									High	Verified	https://explore.overturemaps.org/#id=f4539eb9-09e2-4e65-86cc-729ebb9401b0	Public Overture site+email; zero-HTTP V6 cheap-screen. Final MASTER dedupe/QA required.				overture:f4539eb9-09e2-4e65-86cc-729ebb9401b0	primekey.ro	40724200263	primekey property management	București	Romania	HIGH	domain:primekey.ro
	A	91	Mammoth Lakes	USA	Mammoth Vacation Rental - Sherwin Villas		hotel	362 Old Mammoth Rd	+18886266684								overture:6e84d040-6bd9-4a5d-891a-b8d1e8fbca12	2026-08-15T01:42:34Z		Canonical queue drain | fit A | GitHub MASTER dedupe passed	https://www.mammothrentalbyowner.com/properties-rentals/297/spacious-newly-updated-in-center-of-town-steps-from-shuttle	info@mammothrentalbyowner.com									High	Verified	https://explore.overturemaps.org/#id=6e84d040-6bd9-4a5d-891a-b8d1e8fbca12	Public Overture site+email; zero-HTTP V6 cheap-screen. Final MASTER dedupe/QA required.				overture:6e84d040-6bd9-4a5d-891a-b8d1e8fbca12	mammothrentalbyowner.com	18886266684	mammoth vacation rental sherwin villas	Mammoth Lakes	USA	HIGH	domain:mammothrentalbyowner.com
	A	91	Априлци	Bulgaria	Hotel Vidima		hotel	Улица Видима 1	+359888630870								overture:9dd6af6a-09ea-4594-8981-e987a8d85b88	2026-08-15T01:42:34Z		Canonical queue drain | fit A | GitHub MASTER dedupe passed	http://www.hotelvidima.com/	reception@hotelvidima.com									Medium	Recall-first	https://explore.overturemaps.org/#id=9dd6af6a-09ea-4594-8981-e987a8d85b88	Public Overture site+email; zero-HTTP V6 cheap-screen. Final MASTER dedupe/QA required.				overture:9dd6af6a-09ea-4594-8981-e987a8d85b88	hotelvidima.com	359888630870	hotel vidima	Априлци	Bulgaria	MEDIUM	domain:hotelvidima.com
	A	91	Madrid	Spain	Aparthotel Tribunal		hotel	Calle de San Vicente Ferrer, 1	+34606621374								overture:43d85b30-6185-4c43-8db2-fd66144fd0b0	2026-08-15T01:42:34Z		Canonical queue drain | fit A | GitHub MASTER dedupe passed	http://www.hotel-tribunal.com/	reserve@hotel-tribunal.com									Medium	Recall-first	https://explore.overturemaps.org/#id=43d85b30-6185-4c43-8db2-fd66144fd0b0	Public Overture site+email; zero-HTTP V6 cheap-screen. Final MASTER dedupe/QA required.				overture:43d85b30-6185-4c43-8db2-fd66144fd0b0	hotel-tribunal.com	34606621374	aparthotel tribunal	Madrid	Spain	MEDIUM	domain:hotel-tribunal.com
	A	91	Bonaire	BQ	Happy Holiday Homes		holiday_rental_home	9 Punt Vierkant	+5997178405								overture:57d7da2a-f30d-48dd-bca3-a494d0cb2a24	2026-08-15T01:42:34Z		Canonical queue drain | fit A | GitHub MASTER dedupe passed	http://www.happyholidayhomes.com/	info@happyholidayhomes.com									High	Verified	https://explore.overturemaps.org/#id=57d7da2a-f30d-48dd-bca3-a494d0cb2a24	Public Overture site+email; zero-HTTP V6 cheap-screen. Final MASTER dedupe/QA required.				overture:57d7da2a-f30d-48dd-bca3-a494d0cb2a24	happyholidayhomes.com	5997178405	happy holiday homes	Bonaire	BQ	HIGH	domain:happyholidayhomes.com
	A	91	Madrid	Spain	Rosales Aparthotel Madrid		hotel	C/ Marques De Urquijo, 23	915 42 03 51								overture:880687f2-4f06-482a-bd41-d729e9d90ed2	2026-08-15T01:42:34Z		Canonical queue drain | fit A | GitHub MASTER dedupe passed	http://www.apartohotel-rosales.com	arosales@apartohotel-rosales.com									High	Verified	https://explore.overturemaps.org/#id=880687f2-4f06-482a-bd41-d729e9d90ed2	Public Overture site+email; zero-HTTP V6 cheap-screen. Final MASTER dedupe/QA required.				overture:880687f2-4f06-482a-bd41-d729e9d90ed2	apartohotel-rosales.com	915420351	rosales aparthotel madrid	Madrid	Spain	HIGH	domain:apartohotel-rosales.com
	A	91	Приморско	Bulgaria	Aparthotel Primorsko		hotel	Приморско, България	+359888849342								overture:275968c7-6eb9-4061-9494-8917c9eeb6fd	2026-08-15T01:42:34Z		Canonical queue drain | fit A | GitHub MASTER dedupe passed	https://aparthotelprimorsko.com/	aparthotelprimorsko@gmail.com									High	Verified	https://explore.overturemaps.org/#id=275968c7-6eb9-4061-9494-8917c9eeb6fd	Public Overture site+email; zero-HTTP V6 cheap-screen. Final MASTER dedupe/QA required.				overture:275968c7-6eb9-4061-9494-8917c9eeb6fd	aparthotelprimorsko.com	359888849342	aparthotel primorsko	Приморско	Bulgaria	HIGH	domain:aparthotelprimorsko.com
	A	91	Γεροπόταμος	Greece	Akrogiali ApartHotel		hotel	Bali	+306945196727								overture:36fce04b-ba24-4482-be73-90b144206be7	2026-08-15T01:42:34Z		Canonical queue drain | fit A | GitHub MASTER dedupe passed	https://www.akrogialiaparthotel.com/	info@akrogialiaparthotel.com									High	Verified	https://explore.overturemaps.org/#id=36fce04b-ba24-4482-be73-90b144206be7	Public Overture site+email; zero-HTTP V6 cheap-screen. Final MASTER dedupe/QA required.				overture:36fce04b-ba24-4482-be73-90b144206be7	akrogialiaparthotel.com	306945196727	akrogiali aparthotel	Γεροπόταμος	Greece	HIGH	domain:akrogialiaparthotel.com
	A	91	Δήμος Θάσου	Greece	Poli's Ideal Holiday Home		lodging	ΚΑΤΩ ΚΛΕΙΣΜΑ ΤΗΝΟΣ	+306946467544								overture:32aa9797-c7a2-499e-b550-3d741b204e23	2026-08-15T01:42:34Z		Canonical queue drain | fit A | GitHub MASTER dedupe passed	https://abnb.me/H5u0qc7uV2	polispapa@gmail.com									High	Verified	https://explore.overturemaps.org/#id=32aa9797-c7a2-499e-b550-3d741b204e23	Public Overture site+email; zero-HTTP V6 cheap-screen. Final MASTER dedupe/QA required.				overture:32aa9797-c7a2-499e-b550-3d741b204e23	abnb.me	306946467544	poli s ideal holiday home	Δήμος Θάσου	Greece	HIGH	domain:abnb.me
	A	91	Štúrovo	Slovakia	Danieli Holiday Home		holiday_rental_home	Petőfiho 875/45	+421907769926								overture:eee6902d-57a6-42a5-bdff-4cf9ff71fb36	2026-08-15T01:39:26Z		Canonical queue drain | fit A | GitHub MASTER dedupe passed	http://danielisturovo.webnode.sk/	danielisturovo@gmail.com									Medium	Recall-first	https://explore.overturemaps.org/#id=eee6902d-57a6-42a5-bdff-4cf9ff71fb36	Public Overture site+email; zero-HTTP V6 cheap-screen. Final MASTER dedupe/QA required.				overture:eee6902d-57a6-42a5-bdff-4cf9ff71fb36	webnode.sk	421907769926	danieli holiday home	Štúrovo	Slovakia	MEDIUM	domain:webnode.sk
	A	91	Wien	Austria	Apartment Hotel WANZ'inn		hotel	Rüdigergasse 17	+436769566765								overture:e61756ce-873f-4310-8150-7333348940a4	2026-08-15T01:39:26Z		Canonical queue drain | fit A | GitHub MASTER dedupe passed	http://www.wanzinn.com/	indo@wanzinn.com									High	Verified	https://explore.overturemaps.org/#id=e61756ce-873f-4310-8150-7333348940a4	Public Overture site+email; zero-HTTP V6 cheap-screen. Final MASTER dedupe/QA required.				overture:e61756ce-873f-4310-8150-7333348940a4	wanzinn.com	436769566765	apartment hotel wanz inn	Wien	Austria	HIGH	domain:wanzinn.com
	A	91	Ugento	Italy	Salento Apartment		hotel	Rotonda Serena	+393406535229								overture:d180e53a-6c02-49c4-abb1-a66ae4ed4e48	2026-08-15T01:39:26Z		Canonical queue drain | fit A | GitHub MASTER dedupe passed	http://salentoapartment.it/	info@salentoapartment.it									High	Verified	https://explore.overturemaps.org/#id=d180e53a-6c02-49c4-abb1-a66ae4ed4e48	Public Overture site+email; zero-HTTP V6 cheap-screen. Final MASTER dedupe/QA required.				overture:d180e53a-6c02-49c4-abb1-a66ae4ed4e48	salentoapartment.it	393406535229	salento apartment	Ugento	Italy	HIGH	domain:salentoapartment.it
	A	91	Cestica	Croatia	Green Rim and Rural Holiday Home "Rim"		holiday_rental_home		+385992596255								overture:92f07615-22bf-4a0f-a609-4fe809594e27	2026-08-15T01:39:26Z		Canonical queue drain | fit A | GitHub MASTER dedupe passed	https://www.ruralna-kuca-za-odmor-rim.com/	katarina.milec@gmail.com									High	Verified	https://explore.overturemaps.org/#id=92f07615-22bf-4a0f-a609-4fe809594e27	Public Overture site+email; zero-HTTP V6 cheap-screen. Final MASTER dedupe/QA required.				overture:92f07615-22bf-4a0f-a609-4fe809594e27	ruralna-kuca-za-odmor-rim.com	385992596255	green rim and rural holiday home rim	Cestica	Croatia	HIGH	domain:ruralna-kuca-za-odmor-rim.com
	A	91	Wien	Austria	Aparthotel Rothensteiner		hotel	Neustiftgasse 66	01 5239643								overture:d951ce65-1d35-4b04-9030-1f5a9bf82ae2	2026-08-15T01:39:26Z		Canonical queue drain | fit A | GitHub MASTER dedupe passed	http://www.rothensteiner.com	hotel@rothensteiner.com									Medium	Recall-first	https://explore.overturemaps.org/#id=d951ce65-1d35-4b04-9030-1f5a9bf82ae2	Public Overture site+email; zero-HTTP V6 cheap-screen. Final MASTER dedupe/QA required.				overture:d951ce65-1d35-4b04-9030-1f5a9bf82ae2	rothensteiner.com	015239643	aparthotel rothensteiner	Wien	Austria	MEDIUM	domain:rothensteiner.com
	A	91	Budapest	Hungary	Premier Property Management		property_management	Király utca 32	+36706798849								overture:c4aa7c12-b230-4ec6-a19e-7cade396abe9	2026-08-15T01:39:26Z		Canonical queue drain | fit A | GitHub MASTER dedupe passed	http://www.ppmgt.hu/	premier@ppmgt.hu									Medium	Recall-first	https://explore.overturemaps.org/#id=c4aa7c12-b230-4ec6-a19e-7cade396abe9	Public Overture site+email; zero-HTTP V6 cheap-screen. Final MASTER dedupe/QA required.				overture:c4aa7c12-b230-4ec6-a19e-7cade396abe9	ppmgt.hu	36706798849	premier property management	Budapest	Hungary	MEDIUM	domain:ppmgt.hu
	A	91	Wien	Austria	Pakat Suites (Serviced Apartments)		hotel	Mommsengasse 5	+43150466900								overture:130af464-bb48-4068-b0b8-e6ab5e5451f4	2026-08-15T01:39:26Z		Canonical queue drain | fit A | GitHub MASTER dedupe passed	http://www.pakatsuites.com/	reservierung@pakatsuites.com									High	Verified	https://explore.overturemaps.org/#id=130af464-bb48-4068-b0b8-e6ab5e5451f4	Public Overture site+email; zero-HTTP V6 cheap-screen. Final MASTER dedupe/QA required.				overture:130af464-bb48-4068-b0b8-e6ab5e5451f4	pakatsuites.com	43150466900	pakat suites serviced apartments	Wien	Austria	HIGH	domain:pakatsuites.com
	A	91	San Pawl il-Baħar	Malta	Inglis Property Management		property_management	Xemxija Hill	+35699449397								overture:d8eacdec-80ce-42dc-93cc-34f9c07cca0d	2026-08-15T01:39:26Z		Canonical queue drain | fit A | GitHub MASTER dedupe passed	http://www.inglis.com.mt/	lisa@inglis.com.mt									High	Verified	https://explore.overturemaps.org/#id=d8eacdec-80ce-42dc-93cc-34f9c07cca0d	Public Overture site+email; zero-HTTP V6 cheap-screen. Final MASTER dedupe/QA required.				overture:d8eacdec-80ce-42dc-93cc-34f9c07cca0d	inglis.com.mt	35699449397	inglis property management	San Pawl il-Baħar	Malta	HIGH	domain:inglis.com.mt
	A	91	Krakow	Poland	Aparthotel Kontrast		hotel	Forteczna 22	12 262 30 50								overture:b3564af8-a588-4265-bffc-5735be171e2e	2026-08-15T01:39:26Z		Canonical queue drain | fit A | GitHub MASTER dedupe passed	http://www.hotel-kontrast.pl	rezerwacje@hotel-kontrast.pl									High	Verified	https://explore.overturemaps.org/#id=b3564af8-a588-4265-bffc-5735be171e2e	Public Overture site+email; zero-HTTP V6 cheap-screen. Final MASTER dedupe/QA required.				overture:b3564af8-a588-4265-bffc-5735be171e2e	hotel-kontrast.pl	122623050	aparthotel kontrast	Krakow	Poland	HIGH	domain:hotel-kontrast.pl
	A	91	Budapest	Hungary	Goldcentral Apartment		hotel	Hársfa utca 26	+36301774215								overture:c32cfe18-2bb7-4da2-b06d-0cb64a8e7f6b	2026-08-15T01:39:26Z		Canonical queue drain | fit A | GitHub MASTER dedupe passed	https://goldcentralapartments.com/	info@goldcentralapartments.com									High	Verified	https://explore.overturemaps.org/#id=c32cfe18-2bb7-4da2-b06d-0cb64a8e7f6b	Public Overture site+email; zero-HTTP V6 cheap-screen. Final MASTER dedupe/QA required.				overture:c32cfe18-2bb7-4da2-b06d-0cb64a8e7f6b	goldcentralapartments.com	36301774215	goldcentral apartment	Budapest	Hungary	HIGH	domain:goldcentralapartments.com
	A	91	Bük	Hungary	Bajor Panzió Aparthotel		hotel	Gyurácz utca 6/a	+3694358324								overture:8983dcff-b10e-47ee-81bd-7a952dffd537	2026-08-15T01:39:26Z		Canonical queue drain | fit A | GitHub MASTER dedupe passed	http://www.bajorpanzio.hu/	info@bajorpanzio.hu									High	Verified	https://explore.overturemaps.org/#id=8983dcff-b10e-47ee-81bd-7a952dffd537	Public Overture site+email; zero-HTTP V6 cheap-screen. Final MASTER dedupe/QA required.				overture:8983dcff-b10e-47ee-81bd-7a952dffd537	bajorpanzio.hu	3694358324	bajor panzio aparthotel	Bük	Hungary	HIGH	domain:bajorpanzio.hu
	A	91	Sankt Pölten	Austria	Aparthotel Mariazellerhof St. Pölten		hotel	Stephan-Buger-Gasse 2	+4366499737289								overture:f619da2a-0db7-4c94-807b-e76de9bbdda4	2026-08-15T01:39:26Z		Canonical queue drain | fit A | GitHub MASTER dedupe passed	https://aparthotel-mariazellerhof.at/	rezeption@aparthotel-mariazellerhof.at									Medium	Recall-first	https://explore.overturemaps.org/#id=f619da2a-0db7-4c94-807b-e76de9bbdda4	Public Overture site+email; zero-HTTP V6 cheap-screen. Final MASTER dedupe/QA required.				overture:f619da2a-0db7-4c94-807b-e76de9bbdda4	aparthotel-mariazellerhof.at	4366499737289	aparthotel mariazellerhof st polten	Sankt Pölten	Austria	MEDIUM	domain:aparthotel-mariazellerhof.at
	A	91	Sopron	Hungary	Andi Apartment		hotel	Ruszti u. 22	06 20 389 4567								overture:e7d58bf5-2074-4964-9f90-c28ab290d23f	2026-08-15T01:39:26Z		Canonical queue drain | fit A | GitHub MASTER dedupe passed	http://andiapartman.hu	andiapartman@gmail.com									Medium	Recall-first	https://explore.overturemaps.org/#id=e7d58bf5-2074-4964-9f90-c28ab290d23f	Public Overture site+email; zero-HTTP V6 cheap-screen. Final MASTER dedupe/QA required.				overture:e7d58bf5-2074-4964-9f90-c28ab290d23f	andiapartman.hu	06203894567	andi apartment	Sopron	Hungary	MEDIUM	domain:andiapartman.hu
	A	91	Għajnsielem	Malta	All Nations Holiday Home		hotel	Triq Saint Indrija	+35679055988								overture:d863457a-04b9-4583-bba3-2964d18990af	2026-08-15T01:39:26Z		Canonical queue drain | fit A | GitHub MASTER dedupe passed	http://www.allnationsguesthouse.com/	allnationsgozo@gmail.com									High	Verified	https://explore.overturemaps.org/#id=d863457a-04b9-4583-bba3-2964d18990af	Public Overture site+email; zero-HTTP V6 cheap-screen. Final MASTER dedupe/QA required.				overture:d863457a-04b9-4583-bba3-2964d18990af	allnationsguesthouse.com	35679055988	all nations holiday home	Għajnsielem	Malta	HIGH	domain:allnationsguesthouse.com
	A	91	Tounj	Croatia	Holiday home Poljak		holiday_rental_home	Zdenac 53B	+385915768405								overture:3dca5d1d-a0a3-43f9-86dc-6610e62bbbfe	2026-08-15T01:39:26Z		Canonical queue drain | fit A | GitHub MASTER dedupe passed	https://maps.app.goo.gl/UYFrz1MeyqpmhHdp6	poljak.tounj@gmail.com									High	Verified	https://explore.overturemaps.org/#id=3dca5d1d-a0a3-43f9-86dc-6610e62bbbfe	Public Overture site+email; zero-HTTP V6 cheap-screen. Final MASTER dedupe/QA required.				overture:3dca5d1d-a0a3-43f9-86dc-6610e62bbbfe	goo.gl	385915768405	holiday home poljak	Tounj	Croatia	HIGH	domain:goo.gl
	A	91	Θήρα	Greece	Saint George Cave House - One-Bedroom Apartment		hotel	Firostefani									overture:4e887879-254f-41aa-8fdc-454977f884b0	2026-08-15T01:29:34.439578Z		Canonical queue drain | fit A | GitHub MASTER dedupe passed	http://www.saintgeorgecavehouse.gr/	info@saintgeorgecavehouse.gr	https://www.saintgeorgecavehouse.gr/contact/								High	Verified	https://explore.overturemaps.org/#id=4e887879-254f-41aa-8fdc-454977f884b0	Public Overture site+email; zero-HTTP V6 cheap-screen. Final MASTER dedupe/QA required.				overture:4e887879-254f-41aa-8fdc-454977f884b0	saintgeorgecavehouse.gr		saint george cave house one bedroom apartment	Θήρα	Greece	HIGH	domain:saintgeorgecavehouse.gr
	A	91	Monachil	Spain	Cottage and Villa Rental Granada Spain		holiday_rental_home	Camino									overture:ea8b4c55-9b90-451d-a229-9f8480e308c8	2026-08-15T01:29:34.439578Z		Canonical queue drain | fit A | GitHub MASTER dedupe passed	http://www.cortijolamata.com/	info@cortijolamata.com	https://www.cortijolamata.com/contact								High	Verified	https://explore.overturemaps.org/#id=ea8b4c55-9b90-451d-a229-9f8480e308c8	Public Overture site+email; zero-HTTP V6 cheap-screen. Final MASTER dedupe/QA required.				overture:ea8b4c55-9b90-451d-a229-9f8480e308c8	cortijolamata.com		cottage and villa rental granada spain	Monachil	Spain	HIGH	domain:cortijolamata.com
	A	91	Kaprun	Austria	B. Kaprun Luxurious design holiday home		holiday_rental_home	Kellnerfeldstraße 2									overture:011f70dd-b489-43a3-828e-ca4da0d864f0	2026-08-15T01:29:34.439578Z		Canonical queue drain | fit A | GitHub MASTER dedupe passed	http://Www.b-Kaprun.com/	welcome@b-kaprun.com	https://b-kaprun.com/contact/								High	Verified	https://explore.overturemaps.org/#id=011f70dd-b489-43a3-828e-ca4da0d864f0	Public Overture site+email; zero-HTTP V6 cheap-screen. Final MASTER dedupe/QA required.				overture:011f70dd-b489-43a3-828e-ca4da0d864f0	b-kaprun.com		b kaprun luxurious design holiday home	Kaprun	Austria	HIGH	domain:b-kaprun.com
	A	91	Gien	France	ZenBreak Vacation Rental		holiday_rental_home	19 Rue de la Bosserie	+33246850206								overture:4d000354-b67f-4db0-b326-fd393fda2949	2026-08-15T01:26:12Z		Canonical queue drain | fit A | GitHub MASTER dedupe passed	http://www.zenbreak.com/	concierge@zenbreak.com									High	Verified	https://explore.overturemaps.org/#id=4d000354-b67f-4db0-b326-fd393fda2949	Public Overture site+email; zero-HTTP V6 cheap-screen. Final MASTER dedupe/QA required.				overture:4d000354-b67f-4db0-b326-fd393fda2949	zenbreak.com	33246850206	zenbreak vacation rental	Gien	France	HIGH	domain:zenbreak.com
	A	91	Les Belleville	France	White Mountain Chalets		ski_resort		+441626895082								overture:f987686c-1b42-42ab-9144-9ec8e3613b90	2026-08-15T01:26:12Z		Canonical queue drain | fit A | GitHub MASTER dedupe passed	http://www.whitemountain-chalets.com/	stay@whitemountain-chalets.com									High	Verified	https://explore.overturemaps.org/#id=f987686c-1b42-42ab-9144-9ec8e3613b90	Public Overture site+email; zero-HTTP V6 cheap-screen. Final MASTER dedupe/QA required.				overture:f987686c-1b42-42ab-9144-9ec8e3613b90	whitemountain-chalets.com	441626895082	white mountain chalets	Les Belleville	France	HIGH	domain:whitemountain-chalets.com
	A	91	Riva del Garda	Italy	Aparthotel Englovacanze		service_apartment	Via Lavino, 14	+390464554222								overture:d35bb363-3c34-4100-9dd6-8540ef8eaf26	2026-08-15T01:26:12Z		Canonical queue drain | fit A | GitHub MASTER dedupe passed	http://www.welcometogardalake.com	englo@welcometogardalake.com									High	Verified	https://explore.overturemaps.org/#id=d35bb363-3c34-4100-9dd6-8540ef8eaf26	Public Overture site+email; zero-HTTP V6 cheap-screen. Final MASTER dedupe/QA required.				overture:d35bb363-3c34-4100-9dd6-8540ef8eaf26	welcometogardalake.com	390464554222	aparthotel englovacanze	Riva del Garda	Italy	HIGH	domain:welcometogardalake.com
	A	91	Níjar	Spain	Aparthotel Vistamar		hotel	Calle Cuevas, 30	+34950611090								overture:f6aff5f6-0106-4004-a728-d391efddff4a	2026-08-15T01:26:12Z		Canonical queue drain | fit A | GitHub MASTER dedupe passed	http://www.vistamarsanjose.com	info@vistamarsanjose.com									Medium	Recall-first	https://explore.overturemaps.org/#id=f6aff5f6-0106-4004-a728-d391efddff4a	Public Overture site+email; zero-HTTP V6 cheap-screen. Final MASTER dedupe/QA required.				overture:f6aff5f6-0106-4004-a728-d391efddff4a	vistamarsanjose.com	34950611090	aparthotel vistamar	Níjar	Spain	MEDIUM	domain:vistamarsanjose.com
	A	91	World-Atlas::mediterranean-premium::19-34	Portugal	Joinal Villas		resort		289 583 560								overture:907fcb74-2998-4b4f-97d7-1ce0c6f73d7d	2026-08-15T01:26:12Z		Canonical queue drain | fit A | GitHub MASTER dedupe passed	http://www.villasjoinal.com	info@villasjoinal.com									High	Verified	https://explore.overturemaps.org/#id=907fcb74-2998-4b4f-97d7-1ce0c6f73d7d	Public Overture site+email; zero-HTTP V6 cheap-screen. Final MASTER dedupe/QA required.				overture:907fcb74-2998-4b4f-97d7-1ce0c6f73d7d	villasjoinal.com	289583560	joinal villas	World-Atlas::mediterranean-premium::19-34	Portugal	HIGH	domain:villasjoinal.com
	A	91	Crailsheim	Germany	TOPLOFT The Aparthotel		hotel	Haller Straße 187	+4979514693175								overture:f4947714-9b18-4218-b68d-b2ba4ec41ecd	2026-08-15T01:26:12Z		Canonical queue drain | fit A | GitHub MASTER dedupe passed	http://www.toploft.info/	buchung@toploft.info									Medium	Recall-first	https://explore.overturemaps.org/#id=f4947714-9b18-4218-b68d-b2ba4ec41ecd	Public Overture site+email; zero-HTTP V6 cheap-screen. Final MASTER dedupe/QA required.				overture:f4947714-9b18-4218-b68d-b2ba4ec41ecd	toploft.info	4979514693175	toploft the aparthotel	Crailsheim	Germany	MEDIUM	domain:toploft.info
	A	91	Calvià	Spain	TailorMade Property Management Mallorca		property_management	Carrer Germans Moncada, 14	+34679440909								overture:78d4ad3d-67c5-43fd-97ab-e1448d3ed195	2026-08-15T01:26:12Z		Canonical queue drain | fit A | GitHub MASTER dedupe passed	http://www.TailorMade2u.com/	info@tailormade2u.com									High	Verified	https://explore.overturemaps.org/#id=78d4ad3d-67c5-43fd-97ab-e1448d3ed195	Public Overture site+email; zero-HTTP V6 cheap-screen. Final MASTER dedupe/QA required.				overture:78d4ad3d-67c5-43fd-97ab-e1448d3ed195	tailormade2u.com	34679440909	tailormade property management mallorca	Calvià	Spain	HIGH	domain:tailormade2u.com
	A	91	Windischgarsten	Austria	Aparthotel Fürst		service_apartment	Kirchfeldstraße 17	+4375627777								overture:524435e0-95c2-42c0-a84a-a32f8b41b655	2026-08-15T01:26:12Z		Canonical queue drain | fit A | GitHub MASTER dedupe passed	http://www.sfuerst.at/	office@sfuerst.at									Medium	Recall-first	https://explore.overturemaps.org/#id=524435e0-95c2-42c0-a84a-a32f8b41b655	Public Overture site+email; zero-HTTP V6 cheap-screen. Final MASTER dedupe/QA required.				overture:524435e0-95c2-42c0-a84a-a32f8b41b655	sfuerst.at	4375627777	aparthotel furst	Windischgarsten	Austria	MEDIUM	domain:sfuerst.at
	A	91	Sinsheim	Germany	SFC Property Management GmbH		property_management	Oberer Renngrund 37	+4972614077640								overture:7b10a43c-a132-41f9-ac6c-ed56212c0a25	2026-08-15T01:26:12Z		Canonical queue drain | fit A | GitHub MASTER dedupe passed	http://www.sfc-property-management.de/	info@sfc-property-management.de									Medium	Recall-first	https://explore.overturemaps.org/#id=7b10a43c-a132-41f9-ac6c-ed56212c0a25	Public Overture site+email; zero-HTTP V6 cheap-screen. Final MASTER dedupe/QA required.				overture:7b10a43c-a132-41f9-ac6c-ed56212c0a25	sfc-property-management.de	4972614077640	sfc property management gmbh	Sinsheim	Germany	MEDIUM	domain:sfc-property-management.de
	A	91	Framura	Italy	Vacation Rental Borgo San Pietro		holiday_rental_home	Località San Pietro	+390187808173								overture:1b25aea6-afb8-43fe-b215-cddb595eaabd	2026-08-15T01:26:12Z		Canonical queue drain | fit A | GitHub MASTER dedupe passed	http://www.sanpietroapartments.com/	info@sanpietroapartments.com									Medium	Recall-first	https://explore.overturemaps.org/#id=1b25aea6-afb8-43fe-b215-cddb595eaabd	Public Overture site+email; zero-HTTP V6 cheap-screen. Final MASTER dedupe/QA required.				overture:1b25aea6-afb8-43fe-b215-cddb595eaabd	sanpietroapartments.com	390187808173	vacation rental borgo san pietro	Framura	Italy	MEDIUM	domain:sanpietroapartments.com
	A	91	Mesocco	Switzerland	Impianti San Bernardino		ski_resort	San Bernardino, centro paese	+41912252690								overture:a020ae6a-31a0-44b7-8eeb-cb0983da3796	2026-08-15T01:26:12Z		Canonical queue drain | fit A | GitHub MASTER dedupe passed	http://www.s-bernardino.com/snowpark	info@s-bernardino.com									Medium	Recall-first	https://explore.overturemaps.org/#id=a020ae6a-31a0-44b7-8eeb-cb0983da3796	Public Overture site+email; zero-HTTP V6 cheap-screen. Final MASTER dedupe/QA required.				overture:a020ae6a-31a0-44b7-8eeb-cb0983da3796	s-bernardino.com	41912252690	impianti san bernardino	Mesocco	Switzerland	MEDIUM	domain:s-bernardino.com
	A	91	Fiss	Austria	Romantica Schlössl Aparthotel		hotel	Brunnackerweg 21	+4354766323								overture:2a6e742c-e9e2-4b1b-97d1-a80b0ecbd78d	2026-08-15T01:26:12Z		Canonical queue drain | fit A | GitHub MASTER dedupe passed	http://www.romantica-geiger.at/	info@romantica-geiger.at									Medium	Recall-first	https://explore.overturemaps.org/#id=2a6e742c-e9e2-4b1b-97d1-a80b0ecbd78d	Public Overture site+email; zero-HTTP V6 cheap-screen. Final MASTER dedupe/QA required.				overture:2a6e742c-e9e2-4b1b-97d1-a80b0ecbd78d	romantica-geiger.at	4354766323	romantica schlossl aparthotel	Fiss	Austria	MEDIUM	domain:romantica-geiger.at
	A	91	Split	Croatia	Roman Heritage Luxury Apartment		hotel	Adamova ulica 2	+385915662028								overture:2a3adab5-5a60-4163-9673-f44b68253bd6	2026-08-15T01:26:12Z		Canonical queue drain | fit A | GitHub MASTER dedupe passed	http://www.roman-heritage.com/	zoranflies@hotmail.com									High	Verified	https://explore.overturemaps.org/#id=2a3adab5-5a60-4163-9673-f44b68253bd6	Public Overture site+email; zero-HTTP V6 cheap-screen. Final MASTER dedupe/QA required.				overture:2a3adab5-5a60-4163-9673-f44b68253bd6	roman-heritage.com	385915662028	roman heritage luxury apartment	Split	Croatia	HIGH	domain:roman-heritage.com
	A	91	Chiavari	Italy	Relais Rantegosa - Casa Vacanze/Holiday Home		holiday_rental_home	Via Santa Chiara, 10	+393714658227								overture:43bccb0b-9b7f-4d41-b3ff-ebab10052196	2026-08-15T01:26:12Z		Canonical queue drain | fit A | GitHub MASTER dedupe passed	https://www.relaisrantegosa.com/	info@relaisrantegosa.com									High	Verified	https://explore.overturemaps.org/#id=43bccb0b-9b7f-4d41-b3ff-ebab10052196	Public Overture site+email; zero-HTTP V6 cheap-screen. Final MASTER dedupe/QA required.				overture:43bccb0b-9b7f-4d41-b3ff-ebab10052196	relaisrantegosa.com	393714658227	relais rantegosa casa vacanze holiday home	Chiavari	Italy	HIGH	domain:relaisrantegosa.com
	A	91	Udine	Italy	Portopiccolo Suite - studio apartment		hotel	Portopiccolo 231									overture:079d01e9-8a6b-4e3d-9370-930f97b646f7	2026-08-15T01:26:12Z		Canonical queue drain | fit A | GitHub MASTER dedupe passed	http://www.portopiccolosuite.it/	portopiccolosuites@gmail.com		https://www.instagram.com/portopiccoloartgallery/							High	Verified	https://explore.overturemaps.org/#id=079d01e9-8a6b-4e3d-9370-930f97b646f7; https://lifestylefvg7.wixsite.com/my-site	Public Overture site+email; zero-HTTP V6 cheap-screen. Final MASTER dedupe/QA required.				overture:079d01e9-8a6b-4e3d-9370-930f97b646f7	portopiccolosuite.it		portopiccolo suite studio apartment	Udine	Italy	HIGH	domain:portopiccolosuite.it
	A	91	Львів	UA	Panorama Lviv Apartment		hotel	Тараса Шевченка вулиця, 60/8	+380968841614								overture:ed908917-acb9-457e-9dbf-0d131a086f64	2026-08-15T01:26:12Z		Canonical queue drain | fit A | GitHub MASTER dedupe passed	http://www.panorama-lviv.com/	panoramalvivapart@gmail.com									Medium	Recall-first	https://explore.overturemaps.org/#id=ed908917-acb9-457e-9dbf-0d131a086f64	Public Overture site+email; zero-HTTP V6 cheap-screen. Final MASTER dedupe/QA required.				overture:ed908917-acb9-457e-9dbf-0d131a086f64	panorama-lviv.com	380968841614	panorama lviv apartment	Львів	UA	MEDIUM	domain:panorama-lviv.com
	A	91	Bouconville	France	Mostarlić Vegan and Gluten Free B&B		bed_and_breakfast	4 Rue de la Croisette	+33604176083								overture:d84f3f08-957f-4f5b-9add-0e81ae3bbc47	2026-08-15T01:26:12Z		Canonical queue drain | fit A | GitHub MASTER dedupe passed	https://www.mostarlic.com/	info@mostarlic.com									High	Verified	https://explore.overturemaps.org/#id=d84f3f08-957f-4f5b-9add-0e81ae3bbc47	Public Overture site+email; zero-HTTP V6 cheap-screen. Final MASTER dedupe/QA required.				overture:d84f3f08-957f-4f5b-9add-0e81ae3bbc47	mostarlic.com	33604176083	mostarlic vegan and gluten free b b	Bouconville	France	HIGH	domain:mostarlic.com
	A	91	Kleinarl	Austria	Aparthotel Montana		bed_and_breakfast	Brunnleiten 5	06418 4500								overture:fe3541b6-cdfd-4342-b2f0-a3cc1abe257c	2026-08-15T01:26:12Z		Canonical queue drain | fit A | GitHub MASTER dedupe passed	http://www.montana-kleinarl.at	info@montana-kleinarl.at									Medium	Recall-first	https://explore.overturemaps.org/#id=fe3541b6-cdfd-4342-b2f0-a3cc1abe257c	Public Overture site+email; zero-HTTP V6 cheap-screen. Final MASTER dedupe/QA required.				overture:fe3541b6-cdfd-4342-b2f0-a3cc1abe257c	montana-kleinarl.at	064184500	aparthotel montana	Kleinarl	Austria	MEDIUM	domain:montana-kleinarl.at
	A	91	Teulada	Spain	ModernVillaMoraira.com Vacation Rental Moraira		hotel	Calle Córdoba, 18	+31624656112								overture:5d30a2af-f605-4ba7-a304-3e17e8c82f8c	2026-08-15T01:26:12Z		Canonical queue drain | fit A | GitHub MASTER dedupe passed	http://www.modernvillamoraira.com/	info@modernvillamoraira.com									Medium	Recall-first	https://explore.overturemaps.org/#id=5d30a2af-f605-4ba7-a304-3e17e8c82f8c	Public Overture site+email; zero-HTTP V6 cheap-screen. Final MASTER dedupe/QA required.				overture:5d30a2af-f605-4ba7-a304-3e17e8c82f8c	modernvillamoraira.com	31624656112	modernvillamoraira com vacation rental moraira	Teulada	Spain	MEDIUM	domain:modernvillamoraira.com
	A	91	Les Franqueses del Vallès	Spain	Mas Can Calet Aparthotel		hotel	Carrer de Can Calet, 2	+34649454851								overture:8b21c52f-3627-4072-9686-840c41500c28	2026-08-15T01:26:12Z		Canonical queue drain | fit A | GitHub MASTER dedupe passed	https://www.mas-cancalet.com/	reservas@mas-cancalet.com									High	Verified	https://explore.overturemaps.org/#id=8b21c52f-3627-4072-9686-840c41500c28	Public Overture site+email; zero-HTTP V6 cheap-screen. Final MASTER dedupe/QA required.				overture:8b21c52f-3627-4072-9686-840c41500c28	mas-cancalet.com	34649454851	mas can calet aparthotel	Les Franqueses del Vallès	Spain	HIGH	domain:mas-cancalet.com
	A	91	Mariánské Lázně	Czechia	Marienbad Apartment		hotel	Hlavní třída 161/42	+420602770138								overture:0aa6e4bb-5428-489e-8b01-9e5e2a5714f2	2026-08-15T01:26:12Z		Canonical queue drain | fit A | GitHub MASTER dedupe passed	http://www.marienbadapartment.cz/	info@marienbadapartment.cz									Medium	Recall-first	https://explore.overturemaps.org/#id=0aa6e4bb-5428-489e-8b01-9e5e2a5714f2	Public Overture site+email; zero-HTTP V6 cheap-screen. Final MASTER dedupe/QA required.				overture:0aa6e4bb-5428-489e-8b01-9e5e2a5714f2	marienbadapartment.cz	420602770138	marienbad apartment	Mariánské Lázně	Czechia	MEDIUM	domain:marienbadapartment.cz
	A	91	Torrevieja	Spain	Lloyds Beach Club		service_apartment	Avenida de los Holandeses, s/n	+34966920000								overture:1aa62f01-4b2b-4c4d-92bf-eafed9816fa7	2026-08-15T01:26:12Z		Canonical queue drain | fit A | GitHub MASTER dedupe passed	http://www.lloydsclub.com/	info@lloydsclub.com									High	Verified	https://explore.overturemaps.org/#id=1aa62f01-4b2b-4c4d-92bf-eafed9816fa7	Public Overture site+email; zero-HTTP V6 cheap-screen. Final MASTER dedupe/QA required.				overture:1aa62f01-4b2b-4c4d-92bf-eafed9816fa7	lloydsclub.com	34966920000	lloyds beach club	Torrevieja	Spain	HIGH	domain:lloydsclub.com
	A	91	Ourém	Portugal	Hotel Lagoa dos Pastorinhos		hotel	Rua Francisco Marto 1	+351249532359								overture:a2167120-9989-48f8-af39-893241feac31	2026-08-15T01:26:12Z		Canonical queue drain | fit A | GitHub MASTER dedupe passed	http://www.lagoahotel.com/	geral@lagoahotel.com									High	Verified	https://explore.overturemaps.org/#id=a2167120-9989-48f8-af39-893241feac31	Public Overture site+email; zero-HTTP V6 cheap-screen. Final MASTER dedupe/QA required.				overture:a2167120-9989-48f8-af39-893241feac31	lagoahotel.com	351249532359	hotel lagoa dos pastorinhos	Ourém	Portugal	HIGH	domain:lagoahotel.com
	A	91	Ponte de Sor	Portugal	Villa Rental Vilamoura Algarve		hotel	Algarve	+353878595886								overture:afc73d60-6b9e-4836-bfd1-4cd54b832dc1	2026-08-15T01:26:12Z		Canonical queue drain | fit A | GitHub MASTER dedupe passed	http://www.villarentalmouragolfalgarve.iowners.net/	mouragolfvillage20b@gmail.com									High	Verified	https://explore.overturemaps.org/#id=afc73d60-6b9e-4836-bfd1-4cd54b832dc1	Public Overture site+email; zero-HTTP V6 cheap-screen. Final MASTER dedupe/QA required.				overture:afc73d60-6b9e-4836-bfd1-4cd54b832dc1	iowners.net	353878595886	villa rental vilamoura algarve	Ponte de Sor	Portugal	HIGH	domain:iowners.net
	A	91	Luzern	Switzerland	Aparthotel Adler Luzern		hotel	Rössligasse 2	+41795679186								overture:2eb04a9b-2609-47cd-9ae3-e7b80ad599b4	2026-08-15T01:26:12Z		Canonical queue drain | fit A | GitHub MASTER dedupe passed	http://www.hoteladlerluzern.ch/	info@hoteladlerluzern.ch									Medium	Recall-first	https://explore.overturemaps.org/#id=2eb04a9b-2609-47cd-9ae3-e7b80ad599b4	Public Overture site+email; zero-HTTP V6 cheap-screen. Final MASTER dedupe/QA required.				overture:2eb04a9b-2609-47cd-9ae3-e7b80ad599b4	hoteladlerluzern.ch	41795679186	aparthotel adler luzern	Luzern	Switzerland	MEDIUM	domain:hoteladlerluzern.ch
	A	91	Dingolfing	Germany	Othello Apartment Hotel		hotel	Mühlbachgasse 2	+49873137990								overture:a2138114-eeba-4e58-89d7-7112c9f7dea1	2026-08-15T01:26:12Z		Canonical queue drain | fit A | GitHub MASTER dedupe passed	https://www.hotel-othello.de	info@hotel-othello.de									Medium	Recall-first	https://explore.overturemaps.org/#id=a2138114-eeba-4e58-89d7-7112c9f7dea1	Public Overture site+email; zero-HTTP V6 cheap-screen. Final MASTER dedupe/QA required.				overture:a2138114-eeba-4e58-89d7-7112c9f7dea1	hotel-othello.de	49873137990	othello apartment hotel	Dingolfing	Germany	MEDIUM	domain:hotel-othello.de
	A	91	Holzheim	Germany	Jungingers Aparthotel		hotel	Schulstr. 8	04973 026780								overture:d3c8d6fb-f3c6-492d-afd4-adaf50a5ded2	2026-08-15T01:26:12Z		Canonical queue drain | fit A | GitHub MASTER dedupe passed	http://www.hotel-junginger.de	info@hotel-junginger.de									Medium	Recall-first	https://explore.overturemaps.org/#id=d3c8d6fb-f3c6-492d-afd4-adaf50a5ded2	Public Overture site+email; zero-HTTP V6 cheap-screen. Final MASTER dedupe/QA required.				overture:d3c8d6fb-f3c6-492d-afd4-adaf50a5ded2	hotel-junginger.de	04973026780	jungingers aparthotel	Holzheim	Germany	MEDIUM	domain:hotel-junginger.de
	A	91	Pag	Croatia	Aparthotel Frane		hotel	Dubrovačka ulica 1	+38523611359								overture:3386c3fc-ff1d-4f36-b5a8-f5bcd83cad19	2026-08-15T01:26:12Z		Canonical queue drain | fit A | GitHub MASTER dedupe passed	http://www.hotel-frane.com	info@hotel-frane.com									Medium	Recall-first	https://explore.overturemaps.org/#id=3386c3fc-ff1d-4f36-b5a8-f5bcd83cad19	Public Overture site+email; zero-HTTP V6 cheap-screen. Final MASTER dedupe/QA required.				overture:3386c3fc-ff1d-4f36-b5a8-f5bcd83cad19	hotel-frane.com	38523611359	aparthotel frane	Pag	Croatia	MEDIUM	domain:hotel-frane.com
	A	91	Starigrad	Croatia	Holiday Home Seline		holiday_rental_home	Željka Nekića 28	+385989608579								overture:d50c3883-245d-4c9a-b678-0515cf8c8a80	2026-08-15T01:26:12Z		Canonical queue drain | fit A | GitHub MASTER dedupe passed	http://Www.holidayhomenekic.hr/	natasa.radanovic@gmail.com									High	Verified	https://explore.overturemaps.org/#id=d50c3883-245d-4c9a-b678-0515cf8c8a80	Public Overture site+email; zero-HTTP V6 cheap-screen. Final MASTER dedupe/QA required.				overture:d50c3883-245d-4c9a-b678-0515cf8c8a80	holidayhomenekic.hr	385989608579	holiday home seline	Starigrad	Croatia	HIGH	domain:holidayhomenekic.hr
	A	91	Murcia	Spain	Holiday Rentals in Spain		holiday_rental_home	Calle Telesforo Martínez, 2	+34722894308								overture:b58a19ad-7500-4e62-b045-0d9c10c31e8b	2026-08-15T01:26:12Z		Canonical queue drain | fit A | GitHub MASTER dedupe passed	http://www.haciendariquelme.website/	info@haciendariquelme.website									High	Verified	https://explore.overturemaps.org/#id=b58a19ad-7500-4e62-b045-0d9c10c31e8b	Public Overture site+email; zero-HTTP V6 cheap-screen. Final MASTER dedupe/QA required.				overture:b58a19ad-7500-4e62-b045-0d9c10c31e8b	haciendariquelme.website	34722894308	holiday rentals in spain	Murcia	Spain	HIGH	domain:haciendariquelme.website
	A	91	Uffenheim	Germany	Glück Holiday Home		holiday_rental_home	Am Hochholz 16b	+4998427333								overture:9ea7a89d-69f0-4d34-ab18-d815696e1d3f	2026-08-15T01:26:12Z		Canonical queue drain | fit A | GitHub MASTER dedupe passed	http://www.glueck-holiday.de/	info@glueck-holiday.de									Medium	Recall-first	https://explore.overturemaps.org/#id=9ea7a89d-69f0-4d34-ab18-d815696e1d3f	Public Overture site+email; zero-HTTP V6 cheap-screen. Final MASTER dedupe/QA required.				overture:9ea7a89d-69f0-4d34-ab18-d815696e1d3f	glueck-holiday.de	4998427333	gluck holiday home	Uffenheim	Germany	MEDIUM	domain:glueck-holiday.de
	A	91	Gerlos	Austria	Aparthotel Joe's		hotel	Gerlos 209	04352 8420150								overture:8e7b123c-753d-4edd-a688-c4571b2bb7c4	2026-08-15T01:26:12Z		Canonical queue drain | fit A | GitHub MASTER dedupe passed	http://www.gerlosjoe.at	urlaub@gerlosjoe.at									Medium	Recall-first	https://explore.overturemaps.org/#id=8e7b123c-753d-4edd-a688-c4571b2bb7c4	Public Overture site+email; zero-HTTP V6 cheap-screen. Final MASTER dedupe/QA required.				overture:8e7b123c-753d-4edd-a688-c4571b2bb7c4	gerlosjoe.at	043528420150	aparthotel joe s	Gerlos	Austria	MEDIUM	domain:gerlosjoe.at
	A	91	Verona	Italy	GardaMe Holiday Homes		lodging	Via del Fante, 15	+393338092761								overture:8b00cd3c-7b1c-4043-8417-58d307318c9f	2026-08-15T01:26:12Z		Canonical queue drain | fit A | GitHub MASTER dedupe passed	https://www.gardame.com/	info@gardame.com									High	Verified	https://explore.overturemaps.org/#id=8b00cd3c-7b1c-4043-8417-58d307318c9f	Public Overture site+email; zero-HTTP V6 cheap-screen. Final MASTER dedupe/QA required.				overture:8b00cd3c-7b1c-4043-8417-58d307318c9f	gardame.com	393338092761	gardame holiday homes	Verona	Italy	HIGH	domain:gardame.com
	A	91	Egerszalók	Hungary	Thermal Park Egerszalók Aparthotel		hotel	Thermál kemping sor 1-3	+3636789607								overture:f68988a5-fc7b-46ad-b3ca-ee72a9ed823d	2026-08-15T01:26:12Z		Canonical queue drain | fit A | GitHub MASTER dedupe passed	http://www.egerszalok.eu/	thermalpark@egerszalok.eu									Medium	Recall-first	https://explore.overturemaps.org/#id=f68988a5-fc7b-46ad-b3ca-ee72a9ed823d	Public Overture site+email; zero-HTTP V6 cheap-screen. Final MASTER dedupe/QA required.				overture:f68988a5-fc7b-46ad-b3ca-ee72a9ed823d	egerszalok.eu	3636789607	thermal park egerszalok aparthotel	Egerszalók	Hungary	MEDIUM	domain:egerszalok.eu
	A	91	Tropolach	Austria	Aparthotel Ederhof		hotel	Schlanitzen 9	04285 307								overture:fbee72ef-8125-42bb-a765-d32b1316cc10	2026-08-15T01:26:12Z		Canonical queue drain | fit A | GitHub MASTER dedupe passed	http://www.ederhof.cc	reception@ederhof.cc									High	Verified	https://explore.overturemaps.org/#id=fbee72ef-8125-42bb-a765-d32b1316cc10	Public Overture site+email; zero-HTTP V6 cheap-screen. Final MASTER dedupe/QA required.				overture:fbee72ef-8125-42bb-a765-d32b1316cc10	ederhof.cc	04285307	aparthotel ederhof	Tropolach	Austria	HIGH	domain:ederhof.cc
	A	91	Salou	Spain	Dorada Palace Aparthotel Salou		hotel	Cami PASCUALES, 6, BAJO	977 38 08 90								overture:4a2757d7-dba1-4bdd-8d9a-441751614b6d	2026-08-15T01:26:12Z		Canonical queue drain | fit A | GitHub MASTER dedupe passed	http://www.doradapalace.com	recepcion@doradapalace.com									High	Verified	https://explore.overturemaps.org/#id=4a2757d7-dba1-4bdd-8d9a-441751614b6d	Public Overture site+email; zero-HTTP V6 cheap-screen. Final MASTER dedupe/QA required.				overture:4a2757d7-dba1-4bdd-8d9a-441751614b6d	doradapalace.com	977380890	dorada palace aparthotel salou	Salou	Spain	HIGH	domain:doradapalace.com
	A	91	Nardò	Italy	Aparthotel Residence Ludovica		service_apartment	Str, Via Torremozza, 19	+393391040084								overture:0d1dbdbe-6732-4f0c-a831-d7c26b30edd5	2026-08-15T01:26:12Z		Canonical queue drain | fit A | GitHub MASTER dedupe passed	http://www.dge.srl/	dge.reception@gmail.com									Medium	Recall-first	https://explore.overturemaps.org/#id=0d1dbdbe-6732-4f0c-a831-d7c26b30edd5	Public Overture site+email; zero-HTTP V6 cheap-screen. Final MASTER dedupe/QA required.				overture:0d1dbdbe-6732-4f0c-a831-d7c26b30edd5	dge.srl	393391040084	aparthotel residence ludovica	Nardò	Italy	MEDIUM	domain:dge.srl
	A	91	Bad Füssing	Germany	Christine Aparthotel am Park		hotel	Dr.-Heim-Straße 14	+498531910580								overture:ae940e5f-e1e1-44d4-b14b-05b6ede11650	2026-08-15T01:26:12Z		Canonical queue drain | fit A | GitHub MASTER dedupe passed	http://www.christine-fuessing.de/	info@christine-fuessing.de									Medium	Recall-first	https://explore.overturemaps.org/#id=ae940e5f-e1e1-44d4-b14b-05b6ede11650	Public Overture site+email; zero-HTTP V6 cheap-screen. Final MASTER dedupe/QA required.				overture:ae940e5f-e1e1-44d4-b14b-05b6ede11650	christine-fuessing.de	498531910580	christine aparthotel am park	Bad Füssing	Germany	MEDIUM	domain:christine-fuessing.de
	A	91	Seville	Spain	Ch Apartment		hotel	Calle Daoiz, 1	640 21 79 09								overture:dd1a345d-2c9e-4107-9aae-b71c56362f27	2026-08-15T01:26:12Z		Canonical queue drain | fit A | GitHub MASTER dedupe passed	http://chapartmentsboutique.com	chapartments.sevilla@gmail.com									Medium	Recall-first	https://explore.overturemaps.org/#id=dd1a345d-2c9e-4107-9aae-b71c56362f27	Public Overture site+email; zero-HTTP V6 cheap-screen. Final MASTER dedupe/QA required.				overture:dd1a345d-2c9e-4107-9aae-b71c56362f27	chapartmentsboutique.com	640217909	ch apartment	Seville	Spain	MEDIUM	domain:chapartmentsboutique.com
	A	91	Châtel	France	Chalets "L'orée du lac" Chatel		ski_resort	1003 Route de Vonnes	+33676381707								overture:0c07ebbe-da0f-4705-9132-76131af1d9ec	2026-08-15T01:26:12Z		Canonical queue drain | fit A | GitHub MASTER dedupe passed	http://www.chalet-chatel74.com/	info@chalet-chatel74.com									High	Verified	https://explore.overturemaps.org/#id=0c07ebbe-da0f-4705-9132-76131af1d9ec	Public Overture site+email; zero-HTTP V6 cheap-screen. Final MASTER dedupe/QA required.				overture:0c07ebbe-da0f-4705-9132-76131af1d9ec	chalet-chatel74.com	33676381707	chalets l oree du lac chatel	Châtel	France	HIGH	domain:chalet-chatel74.com
	A	91	Calp	Spain	Sunsiesta property management		property_management	Carrer de la Pau, 24	+34672043675								overture:a209024d-dfae-4b62-aa70-dd6f42255fda	2026-08-15T01:26:12Z		Canonical queue drain | fit A | GitHub MASTER dedupe passed	http://caspersincalpe.com/	caspersincalpe@gmail.com									High	Verified	https://explore.overturemaps.org/#id=a209024d-dfae-4b62-aa70-dd6f42255fda	Public Overture site+email; zero-HTTP V6 cheap-screen. Final MASTER dedupe/QA required.				overture:a209024d-dfae-4b62-aa70-dd6f42255fda	caspersincalpe.com	34672043675	sunsiesta property management	Calp	Spain	HIGH	domain:caspersincalpe.com
	A	91	Damüls	Austria	Aparthotel Brunnenhof		hotel	Damüls 76	+436803289796								overture:255c0cba-6662-4f4d-9814-706a0a0a174d	2026-08-15T01:26:12Z		Canonical queue drain | fit A | GitHub MASTER dedupe passed	https://www.brunnenhof.info/	kontakt@brunnenhof.info									High	Verified	https://explore.overturemaps.org/#id=255c0cba-6662-4f4d-9814-706a0a0a174d	Public Overture site+email; zero-HTTP V6 cheap-screen. Final MASTER dedupe/QA required.				overture:255c0cba-6662-4f4d-9814-706a0a0a174d	brunnenhof.info	436803289796	aparthotel brunnenhof	Damüls	Austria	HIGH	domain:brunnenhof.info
	A	91	Vlorë	Albania	Gero Balcony Apartment		hotel	Murat Terbaci Vlora	+40770718032								overture:854ae1c2-fb18-473a-a65b-5a1fa1de8a21	2026-08-15T01:26:12Z		Canonical queue drain | fit A | GitHub MASTER dedupe passed	https://bit.ly/gbalconyapartment	gerohost@gmail.com									High	Verified	https://explore.overturemaps.org/#id=854ae1c2-fb18-473a-a65b-5a1fa1de8a21	Public Overture site+email; zero-HTTP V6 cheap-screen. Final MASTER dedupe/QA required.				overture:854ae1c2-fb18-473a-a65b-5a1fa1de8a21	bit.ly	40770718032	gero balcony apartment	Vlorë	Albania	HIGH	domain:bit.ly
	A	91	Marbella	Spain	Banus Luxury Stays		holiday_rental_home	Muelle de Ribera, 2	+34620459606								overture:ac18401f-dc42-41e6-9cd6-830d5647f514	2026-08-15T01:26:12Z		Canonical queue drain | fit A | GitHub MASTER dedupe passed	https://www.banusluxurystays.com/	contact@banusluxurystays.com									High	Verified	https://explore.overturemaps.org/#id=ac18401f-dc42-41e6-9cd6-830d5647f514	Public Overture site+email; zero-HTTP V6 cheap-screen. Final MASTER dedupe/QA required.				overture:ac18401f-dc42-41e6-9cd6-830d5647f514	banusluxurystays.com	34620459606	banus luxury stays	Marbella	Spain	HIGH	domain:banusluxurystays.com
	A	91	München	Germany	Arabest Aparthotel & Boardinghouse		hotel	Schwanthalerstraße 47	+491717777216								overture:5ae1d6b0-6a6e-4960-be2c-e4c5ce9f94d3	2026-08-15T01:26:12Z		Canonical queue drain | fit A | GitHub MASTER dedupe passed	http://www.arabestmunich.com/	booking@arabestmunich.com									High	Verified	https://explore.overturemaps.org/#id=5ae1d6b0-6a6e-4960-be2c-e4c5ce9f94d3	Public Overture site+email; zero-HTTP V6 cheap-screen. Final MASTER dedupe/QA required.				overture:5ae1d6b0-6a6e-4960-be2c-e4c5ce9f94d3	arabestmunich.com	491717777216	arabest aparthotel boardinghouse	München	Germany	HIGH	domain:arabestmunich.com
	A	91	Konstanz	Germany	Apartment Hotel Konstanz		hotel	Steinstraße 21A	+49753198060								overture:0ab7b37f-fa8f-454e-a0d8-d7fb577c0d65	2026-08-15T01:26:12Z		Canonical queue drain | fit A | GitHub MASTER dedupe passed	http://www.apartment-hotel-konstanz.de	info@apartment-hotel-konstanz.de									High	Verified	https://explore.overturemaps.org/#id=0ab7b37f-fa8f-454e-a0d8-d7fb577c0d65	Public Overture site+email; zero-HTTP V6 cheap-screen. Final MASTER dedupe/QA required.				overture:0ab7b37f-fa8f-454e-a0d8-d7fb577c0d65	apartment-hotel-konstanz.de	49753198060	apartment hotel konstanz	Konstanz	Germany	HIGH	domain:apartment-hotel-konstanz.de
	A	91	Milano	Italy	Aparthotel Isola		service_apartment	Via Carlo Farini, 81, 20159 Milano MI, Italia	+393773593773								overture:01ab2c61-ee28-4533-8f4c-3830da4e4acf	2026-08-15T01:26:12Z		Canonical queue drain | fit A | GitHub MASTER dedupe passed	http://www.aparthotelisola.com/	aparthotelisola@gmail.com									Medium	Recall-first	https://explore.overturemaps.org/#id=01ab2c61-ee28-4533-8f4c-3830da4e4acf	Public Overture site+email; zero-HTTP V6 cheap-screen. Final MASTER dedupe/QA required.				overture:01ab2c61-ee28-4533-8f4c-3830da4e4acf	aparthotelisola.com	393773593773	aparthotel isola	Milano	Italy	MEDIUM	domain:aparthotelisola.com
	A	91	Bukowina Tatrzańska	Poland	Aparthotel Góralski w Białce Tatrzańskiej		hotel	ulica Środkowa 311	+48535535520								overture:f0c8344f-4f84-4750-8eed-ffb24205420a	2026-08-15T01:26:12Z		Canonical queue drain | fit A | GitHub MASTER dedupe passed	http://aparthotelgoralski.com/	aparthotelgoralski@gmail.com									Medium	Recall-first	https://explore.overturemaps.org/#id=f0c8344f-4f84-4750-8eed-ffb24205420a	Public Overture site+email; zero-HTTP V6 cheap-screen. Final MASTER dedupe/QA required.				overture:f0c8344f-4f84-4750-8eed-ffb24205420a	aparthotelgoralski.com	48535535520	aparthotel goralski w biace tatrzanskiej	Bukowina Tatrzańska	Poland	MEDIUM	domain:aparthotelgoralski.com
	A	91	World-Atlas::mediterranean-premium::20-36	Spain	Aparthotel del Golf		hotel	Canadá, 80-90	935 89 04 62								overture:97f74803-2243-4e5b-aec9-ec0333bc9e3c	2026-08-15T01:26:12Z		Canonical queue drain | fit A | GitHub MASTER dedupe passed	http://www.aparthoteldelgolf.com	reservas@aparthoteldelgolf.com									Medium	Recall-first	https://explore.overturemaps.org/#id=97f74803-2243-4e5b-aec9-ec0333bc9e3c	Public Overture site+email; zero-HTTP V6 cheap-screen. Final MASTER dedupe/QA required.				overture:97f74803-2243-4e5b-aec9-ec0333bc9e3c	aparthoteldelgolf.com	935890462	aparthotel del golf	World-Atlas::mediterranean-premium::20-36	Spain	MEDIUM	domain:aparthoteldelgolf.com
	A	91	Gaschurn	Austria	Aparthotel Appartements Tschanun		service_apartment	Innere Gosta 16b	+4355588662								overture:4b339470-0334-43df-a528-15e2c39b520a	2026-08-15T01:26:12Z		Canonical queue drain | fit A | GitHub MASTER dedupe passed	http://www.aparthotel-tschanun.at/	info@aparthotel-tschanun.at									Medium	Recall-first	https://explore.overturemaps.org/#id=4b339470-0334-43df-a528-15e2c39b520a	Public Overture site+email; zero-HTTP V6 cheap-screen. Final MASTER dedupe/QA required.				overture:4b339470-0334-43df-a528-15e2c39b520a	aparthotel-tschanun.at	4355588662	aparthotel appartements tschanun	Gaschurn	Austria	MEDIUM	domain:aparthotel-tschanun.at
	A	91	Ramsau am Dachstein	Austria	Aparthotel Ramsau		hotel	Ramsau 160	+43368781964								overture:42f927dc-e1b6-4398-b98c-dcc0f084f359	2026-08-15T01:26:12Z		Canonical queue drain | fit A | GitHub MASTER dedupe passed	https://www.aparthotel-ramsau.at/	info@aparthotel-ramsau.at									Medium	Recall-first	https://explore.overturemaps.org/#id=42f927dc-e1b6-4398-b98c-dcc0f084f359	Public Overture site+email; zero-HTTP V6 cheap-screen. Final MASTER dedupe/QA required.				overture:42f927dc-e1b6-4398-b98c-dcc0f084f359	aparthotel-ramsau.at	43368781964	aparthotel ramsau	Ramsau am Dachstein	Austria	MEDIUM	domain:aparthotel-ramsau.at
	A	91	Flachau	Austria	Aparthotel Pichler		bed_and_breakfast	Wiesenweg 182	06457 33749								overture:dddf3568-e7b6-421e-b241-dfbf6a335e41	2026-08-15T01:26:12Z		Canonical queue drain | fit A | GitHub MASTER dedupe passed	http://www.aparthotel-pichler.at	office@aparthotel-pichler.at									Medium	Recall-first	https://explore.overturemaps.org/#id=dddf3568-e7b6-421e-b241-dfbf6a335e41	Public Overture site+email; zero-HTTP V6 cheap-screen. Final MASTER dedupe/QA required.				overture:dddf3568-e7b6-421e-b241-dfbf6a335e41	aparthotel-pichler.at	0645733749	aparthotel pichler	Flachau	Austria	MEDIUM	domain:aparthotel-pichler.at
	A	91	Kappl	Austria	Aparthotel Lerch		hotel	Wiese 103	+436645380244								overture:706845b6-7e6f-4283-b0c6-af63a5cc130c	2026-08-15T01:26:12Z		Canonical queue drain | fit A | GitHub MASTER dedupe passed	http://www.aparthotel-lerch.at/	info@aparthotel-lerch.at									Medium	Recall-first	https://explore.overturemaps.org/#id=706845b6-7e6f-4283-b0c6-af63a5cc130c	Public Overture site+email; zero-HTTP V6 cheap-screen. Final MASTER dedupe/QA required.				overture:706845b6-7e6f-4283-b0c6-af63a5cc130c	aparthotel-lerch.at	436645380244	aparthotel lerch	Kappl	Austria	MEDIUM	domain:aparthotel-lerch.at
	A	91	Bad Reichenhall	Germany	Aparthotel		hotel	Am Schroffen 1	+49865197830								overture:3205c679-50a8-4423-b67b-e5cb5201bb9f	2026-08-15T01:26:12Z		Canonical queue drain | fit A | GitHub MASTER dedupe passed	http://www.aparthotel-am-schroffen.de	info@aparthotel-am-schroffen.de									Medium	Recall-first	https://explore.overturemaps.org/#id=3205c679-50a8-4423-b67b-e5cb5201bb9f	Public Overture site+email; zero-HTTP V6 cheap-screen. Final MASTER dedupe/QA required.				overture:3205c679-50a8-4423-b67b-e5cb5201bb9f	aparthotel-am-schroffen.de	49865197830	aparthotel	Bad Reichenhall	Germany	MEDIUM	domain:aparthotel-am-schroffen.de
	A	91	Algoz	Portugal	Villa Quina		holiday_rental_home	Rua Fazenda Caravela The Travel Club of Upminster	+351968592609								overture:d1196266-9bfb-4d22-a5a0-4b5412fd9f85	2026-08-15T01:26:12Z		Canonical queue drain | fit A | GitHub MASTER dedupe passed	https://www.algarvevillarentals.co.uk/	enquiries@algarvevillarentals.co.uk									High	Verified	https://explore.overturemaps.org/#id=d1196266-9bfb-4d22-a5a0-4b5412fd9f85	Public Overture site+email; zero-HTTP V6 cheap-screen. Final MASTER dedupe/QA required.				overture:d1196266-9bfb-4d22-a5a0-4b5412fd9f85	algarvevillarentals.co.uk	351968592609	villa quina	Algoz	Portugal	HIGH	domain:algarvevillarentals.co.uk
	A	91	Cluj-Napoca	Romania	Aparthotel Arena		hotel	Strada Cobzarilor 13	+40724358834								overture:dc697c11-9df6-4dfc-ae7c-cf256be6ffb1	2026-08-15T01:26:12Z		Canonical queue drain | fit A | GitHub MASTER dedupe passed	https://air.tl/t58CVety	parkapartment13@gmail.com									High	Verified	https://explore.overturemaps.org/#id=dc697c11-9df6-4dfc-ae7c-cf256be6ffb1	Public Overture site+email; zero-HTTP V6 cheap-screen. Final MASTER dedupe/QA required.				overture:dc697c11-9df6-4dfc-ae7c-cf256be6ffb1	air.tl	40724358834	aparthotel arena	Cluj-Napoca	Romania	HIGH	domain:air.tl
	A	91	Santa Margalida	Spain	Africamar		service_apartment	Carretera Artà-Alcúdia, 43	+34871047683								overture:6e9baf8a-1035-46ac-8f7f-5e7f08bb843f	2026-08-15T01:26:12Z		Canonical queue drain | fit A | GitHub MASTER dedupe passed	http://www.africamar-aparthotel.com/	info@africamar-aparthotel.com									Medium	Recall-first	https://explore.overturemaps.org/#id=6e9baf8a-1035-46ac-8f7f-5e7f08bb843f	Public Overture site+email; zero-HTTP V6 cheap-screen. Final MASTER dedupe/QA required.				overture:6e9baf8a-1035-46ac-8f7f-5e7f08bb843f	africamar-aparthotel.com	34871047683	africamar	Santa Margalida	Spain	MEDIUM	domain:africamar-aparthotel.com
	A	91	Roma	Italy	Cuore di Roma Apartment		hotel	Via della Tribuna di Campitelli, 9									overture:70e394d7-7ed4-4fb6-9a25-1ca16a2b1ab1	2026-08-15T01:25:31.885823Z		Canonical queue drain | fit A | GitHub MASTER dedupe passed	https://www.cuorediromaapartment.it/it/	cuorediromaapartment@gmail.com				https://wa.me/393392379765?text=Messaggio%20a%20Cuore%20di%20Roma%20apartment%20%2D%20Roma%20https%3A%2F%2Fbeb%2Eit%2Fp%2Ecfm%3Fs%3D7%2D65354%0D%0A					High	Verified	https://explore.overturemaps.org/#id=70e394d7-7ed4-4fb6-9a25-1ca16a2b1ab1	Public Overture site+email; zero-HTTP V6 cheap-screen. Final MASTER dedupe/QA required.				overture:70e394d7-7ed4-4fb6-9a25-1ca16a2b1ab1	cuorediromaapartment.it		cuore di roma apartment	Roma	Italy	HIGH	domain:cuorediromaapartment.it
	A	91	Roma	Italy	Take You Rome - Campo De Fiori - Luxury Apartment		hotel	Via del Monte della Farina, 36	+393248884714								overture:85fd6c36-e564-46ce-99bc-85c16b9f0838	2026-08-15T01:23:42Z		Canonical queue drain | fit A | GitHub MASTER dedupe passed	http://www.takeyourome.com/	info@takeyourome.com									High	Verified	https://explore.overturemaps.org/#id=85fd6c36-e564-46ce-99bc-85c16b9f0838	Public Overture site+email; zero-HTTP V6 cheap-screen. Final MASTER dedupe/QA required.				overture:85fd6c36-e564-46ce-99bc-85c16b9f0838	takeyourome.com	393248884714	take you rome campo de fiori luxury apartment	Roma	Italy	HIGH	domain:takeyourome.com
	A	91	Castenaso	Italy	Aparthotel Feeling at home		service_apartment	Via Bruno Tosarelli, 76/2	+393389797176								overture:93d83384-5e86-4d85-979b-bae961e5d84c	2026-08-15T01:23:42Z		Canonical queue drain | fit A | GitHub MASTER dedupe passed	http://www.aparthotelfeelingathome.com/	info@aparthotelfeelingathome.com									Medium	Recall-first	https://explore.overturemaps.org/#id=93d83384-5e86-4d85-979b-bae961e5d84c	Public Overture site+email; zero-HTTP V6 cheap-screen. Final MASTER dedupe/QA required.				overture:93d83384-5e86-4d85-979b-bae961e5d84c	aparthotelfeelingathome.com	393389797176	aparthotel feeling at home	Castenaso	Italy	MEDIUM	domain:aparthotelfeelingathome.com
	A	91	St Peter Port	GG	Albany Self Catering		hotel	Queen's Road, St. Peter Port	+441481712392								overture:0e1dce0b-b107-470b-9d1c-6e5368c1fb94	2026-08-15T01:23:42Z		Canonical queue drain | fit A | GitHub MASTER dedupe passed	http://www.albanyselfcatering.co.uk/	info@albanyselfcatering.co.uk									High	Verified	https://explore.overturemaps.org/#id=0e1dce0b-b107-470b-9d1c-6e5368c1fb94	Public Overture site+email; zero-HTTP V6 cheap-screen. Final MASTER dedupe/QA required.				overture:0e1dce0b-b107-470b-9d1c-6e5368c1fb94	albanyselfcatering.co.uk	441481712392	albany self catering	St Peter Port	GG	HIGH	domain:albanyselfcatering.co.uk
	A	91	Glasgow	United Kingdom	Shafaatulla Property Management		property_management	711 Pollokshaws Road	+441414045457								overture:9df8929e-f27f-4b4c-adec-31201ef666cf	2026-08-15T00:58:54Z		Canonical queue drain | fit A | GitHub MASTER dedupe passed	http://www.spmglasgow.co.uk/	info@spmglasgow.co.uk									Medium	Recall-first	https://explore.overturemaps.org/#id=9df8929e-f27f-4b4c-adec-31201ef666cf	Public Overture site+email; zero-HTTP V6 cheap-screen. Final MASTER dedupe/QA required.				overture:9df8929e-f27f-4b4c-adec-31201ef666cf	spmglasgow.co.uk	441414045457	shafaatulla property management	Glasgow	United Kingdom	MEDIUM	domain:spmglasgow.co.uk
	A	91	Katy	USA	Fifth Street Property Management		property_management	5502 5th St	+12818456505								overture:5d95e36a-70e6-4f68-8134-6d580dd7ac22	2026-08-15T00:58:54Z		Canonical queue drain | fit A | GitHub MASTER dedupe passed	http://www.fifthstproperties.com/	info@fifthstproperties.com									High	Verified	https://explore.overturemaps.org/#id=5d95e36a-70e6-4f68-8134-6d580dd7ac22	Public Overture site+email; zero-HTTP V6 cheap-screen. Final MASTER dedupe/QA required.				overture:5d95e36a-70e6-4f68-8134-6d580dd7ac22	fifthstproperties.com	12818456505	fifth street property management	Katy	USA	HIGH	domain:fifthstproperties.com
	A	91	Foster City	USA	Foster City David Moreci Signature Realty / Property Management		real_estate_agent	950 Tower Ln	+16502072996								overture:8fc60147-8b6f-4fbd-86a4-2e42498987b6	2026-08-15T00:58:54Z		Canonical queue drain | fit A | GitHub MASTER dedupe passed	http://www.davidmoreci.com/	dmoreci@davidmoreci.com									High	Verified	https://explore.overturemaps.org/#id=8fc60147-8b6f-4fbd-86a4-2e42498987b6	Public Overture site+email; zero-HTTP V6 cheap-screen. Final MASTER dedupe/QA required.				overture:8fc60147-8b6f-4fbd-86a4-2e42498987b6	davidmoreci.com	16502072996	foster city david moreci signature realty property management	Foster City	USA	HIGH	domain:davidmoreci.com
	A	91	Knutsford	United Kingdom	Danebury Serviced Apartments		hotel	8 Tabley Road	+441565755219								overture:79f0021f-50d7-44bb-8be0-b54235cce450	2026-08-15T00:58:54Z		Canonical queue drain | fit A | GitHub MASTER dedupe passed	http://www.daneburyapartments.co.uk/contact-us/	info@daneburyapartments.co.uk									High	Verified	https://explore.overturemaps.org/#id=79f0021f-50d7-44bb-8be0-b54235cce450	Public Overture site+email; zero-HTTP V6 cheap-screen. Final MASTER dedupe/QA required.				overture:79f0021f-50d7-44bb-8be0-b54235cce450	daneburyapartments.co.uk	441565755219	danebury serviced apartments	Knutsford	United Kingdom	HIGH	domain:daneburyapartments.co.uk
	A	91	San Leandro	USA	A C Goldt Property Management		property_management	433 Estudillo Ave	+15103573350								overture:940aa1f6-d23d-45b3-9c34-a761947f0dc3	2026-08-15T00:58:54Z		Canonical queue drain | fit A | GitHub MASTER dedupe passed	http://www.acgoldtrealty.com/	acgoldtrealty@yahoo.com									High	Verified	https://explore.overturemaps.org/#id=940aa1f6-d23d-45b3-9c34-a761947f0dc3	Public Overture site+email; zero-HTTP V6 cheap-screen. Final MASTER dedupe/QA required.				overture:940aa1f6-d23d-45b3-9c34-a761947f0dc3	acgoldtrealty.com	15103573350	a c goldt property management	San Leandro	USA	HIGH	domain:acgoldtrealty.com
	A	91	Lincoln	United Kingdom	Amelia's Holiday Homes		holiday_rental_home	57 Sleaford Road	+447539690477								overture:4e893e12-807e-4094-93c8-a0b127543d95	2026-08-15T00:58:54Z		Canonical queue drain | fit A | GitHub MASTER dedupe passed	https://ameliasholidayhomes.my.canva.site/tattershall-lakes	ameliasholidayhomes@hotmail.com									High	Verified	https://explore.overturemaps.org/#id=4e893e12-807e-4094-93c8-a0b127543d95	Public Overture site+email; zero-HTTP V6 cheap-screen. Final MASTER dedupe/QA required.				overture:4e893e12-807e-4094-93c8-a0b127543d95	canva.site	447539690477	amelia s holiday homes	Lincoln	United Kingdom	HIGH	domain:canva.site
	A	91	Georgetown	USA	Trustmark Property Management		property_management	4909 Williams Dr	+15125822445								overture:c01b75e1-df89-4afe-846a-20ce276e57bb	2026-08-15T00:58:54Z		Canonical queue drain | fit A | GitHub MASTER dedupe passed	http://trustpm.com/	austin@trustpm.com									High	Verified	https://explore.overturemaps.org/#id=c01b75e1-df89-4afe-846a-20ce276e57bb	Public Overture site+email; zero-HTTP V6 cheap-screen. Final MASTER dedupe/QA required.				overture:c01b75e1-df89-4afe-846a-20ce276e57bb	trustpm.com	15125822445	trustmark property management	Georgetown	USA	HIGH	domain:trustpm.com
	A	91	Rothbury	United Kingdom	East Bickerton Holiday Home		holiday_rental_home	Near Thropton									overture:7fac7b98-9008-45ec-b8d5-98ef4780552a	2026-08-15T00:58:09.532345Z		Canonical queue drain | fit A | GitHub MASTER dedupe passed	http://www.eastbickerton.co.uk/	eastbickerton@gmail.com					https://www.eastbickerton.co.uk/guestbook				High	Verified	https://explore.overturemaps.org/#id=7fac7b98-9008-45ec-b8d5-98ef4780552a	Public Overture site+email; zero-HTTP V6 cheap-screen. Final MASTER dedupe/QA required.				overture:7fac7b98-9008-45ec-b8d5-98ef4780552a	eastbickerton.co.uk		east bickerton holiday home	Rothbury	United Kingdom	HIGH	domain:eastbickerton.co.uk
	A	91	Bonaire	USA	Teamworks Property Management		real_estate_agent	798 GA Highway 247 S									overture:3da2bd29-345a-4b1b-9d6a-d064ddd18e6b	2026-08-15T00:58:09.532345Z		Canonical queue drain | fit A | GitHub MASTER dedupe passed	http://www.teamworkspropertymanagement.com/	teamworksgeorgia@gmail.com	https://www.teamworkspropertymanagement.com/contact								High	Verified	https://explore.overturemaps.org/#id=3da2bd29-345a-4b1b-9d6a-d064ddd18e6b	Public Overture site+email; zero-HTTP V6 cheap-screen. Final MASTER dedupe/QA required.				overture:3da2bd29-345a-4b1b-9d6a-d064ddd18e6b	teamworkspropertymanagement.com		teamworks property management	Bonaire	USA	HIGH	domain:teamworkspropertymanagement.com
	A	91	Summerville	USA	Vacation Ventures		holiday_rental_home	717 Old Trolley Rd									overture:7c551ccc-3cea-4f38-b34e-6513192ae8b8	2026-08-15T00:58:09.532345Z		Canonical queue drain | fit A | GitHub MASTER dedupe passed	https://www.vacationventures.net/	info@vacationventures.net					https://vacationventures.net/properties/				High	Verified	https://explore.overturemaps.org/#id=7c551ccc-3cea-4f38-b34e-6513192ae8b8	Public Overture site+email; zero-HTTP V6 cheap-screen. Final MASTER dedupe/QA required.				overture:7c551ccc-3cea-4f38-b34e-6513192ae8b8	vacationventures.net		vacation ventures	Summerville	USA	HIGH	domain:vacationventures.net
	A	91	Tybee Island	USA	Tybee Time Vacation Rentals		holiday_rental_home	106 Sea Ln	+19123440868								overture:0d55e63f-2324-43c5-a188-2c8b5d9186d5	2026-08-15T00:56:13Z		Canonical queue drain | fit A | GitHub MASTER dedupe passed	http://www.tybeetimevacationrentals.com/	tybeetime106@gmail.com									High	Verified	https://explore.overturemaps.org/#id=0d55e63f-2324-43c5-a188-2c8b5d9186d5	Public Overture site+email; zero-HTTP V6 cheap-screen. Final MASTER dedupe/QA required.				overture:0d55e63f-2324-43c5-a188-2c8b5d9186d5	tybeetimevacationrentals.com	19123440868	tybee time vacation rentals	Tybee Island	USA	HIGH	domain:tybeetimevacationrentals.com
	A	91	Stockton	USA	Katzakian Property Management		property_management	3244 Brookside Rd	+12099576061								overture:f03ca04f-b5cf-445f-9007-d8d8a8882cb3	2026-08-15T00:56:13Z		Canonical queue drain | fit A | GitHub MASTER dedupe passed	http://www.kpmstockton.com/	info@kpmstockton.com									High	Verified	https://explore.overturemaps.org/#id=f03ca04f-b5cf-445f-9007-d8d8a8882cb3	Public Overture site+email; zero-HTTP V6 cheap-screen. Final MASTER dedupe/QA required.				overture:f03ca04f-b5cf-445f-9007-d8d8a8882cb3	kpmstockton.com	12099576061	katzakian property management	Stockton	USA	HIGH	domain:kpmstockton.com
	A	91	Brentwood	USA	Equity First Real Estate		property_management	160 Guthrie Ln	+19256349400								overture:ec04a693-a6ec-4d43-93ae-1887d35eaf52	2026-08-15T00:56:13Z		Canonical queue drain | fit A | GitHub MASTER dedupe passed	http://www.equityfirstre.com	mbarros@equityfirstre.com									High	Verified	https://explore.overturemaps.org/#id=ec04a693-a6ec-4d43-93ae-1887d35eaf52	Public Overture site+email; zero-HTTP V6 cheap-screen. Final MASTER dedupe/QA required.				overture:ec04a693-a6ec-4d43-93ae-1887d35eaf52	equityfirstre.com	19256349400	equity first real estate	Brentwood	USA	HIGH	domain:equityfirstre.com
	A	91	Pine Grove	USA	Amador County Property Management		property_management	20092 State Highway 88	+12092239900								overture:98e2752c-5ead-4e9c-b023-10e5d96d54f5	2026-08-15T00:56:13Z		Canonical queue drain | fit A | GitHub MASTER dedupe passed	http://www.amadorrentals.com/	info@amadorrentals.com									High	Verified	https://explore.overturemaps.org/#id=98e2752c-5ead-4e9c-b023-10e5d96d54f5	Public Overture site+email; zero-HTTP V6 cheap-screen. Final MASTER dedupe/QA required.				overture:98e2752c-5ead-4e9c-b023-10e5d96d54f5	amadorrentals.com	12092239900	amador county property management	Pine Grove	USA	HIGH	domain:amadorrentals.com
	A	91	Farmington	USA	HomeVault Property Management Farmington		property_management	1515 E 20th St	+15054273434								overture:1b44ff8b-d804-4984-bd76-c1a8bebde796	2026-08-15T00:56:13Z		Canonical queue drain | fit A | GitHub MASTER dedupe passed	https://homevault.com/	hello@homevault.com									High	Verified	https://explore.overturemaps.org/#id=1b44ff8b-d804-4984-bd76-c1a8bebde796	Public Overture site+email; zero-HTTP V6 cheap-screen. Final MASTER dedupe/QA required.				overture:1b44ff8b-d804-4984-bd76-c1a8bebde796	homevault.com	15054273434	homevault property management farmington	Farmington	USA	HIGH	domain:homevault.com
	A	91	Tenby	United Kingdom	Tenby Holiday rental cottage		holiday_rental_home	4 Norton Cottages									overture:d754a3d2-0288-4651-8256-dbff6e8a5a1b	2026-08-15T00:53:59.669877Z		Canonical queue drain | fit A | GitHub MASTER dedupe passed	http://pinterest.com/tdavies0208/tenby-cottage/	4tenbycottage@gmail.com	https://www.pinterest.com/contact/gestalt-c77bd28492cc473a.css								Medium	Recall-first	https://explore.overturemaps.org/#id=d754a3d2-0288-4651-8256-dbff6e8a5a1b	Public Overture site+email; zero-HTTP V6 cheap-screen. Final MASTER dedupe/QA required.				overture:d754a3d2-0288-4651-8256-dbff6e8a5a1b	pinterest.com		tenby holiday rental cottage	Tenby	United Kingdom	MEDIUM	domain:pinterest.com
	A	91	Whitland	United Kingdom	Cilpost Farmhouse Holiday Home		hotel	Cilpost Farm, Cwmfelin Boeth									overture:31c107ee-31e2-46f9-afdc-97b2f35f43ab	2026-08-15T00:53:59.669877Z		Canonical queue drain | fit A | GitHub MASTER dedupe passed	http://www.cilpostfarmhouse.co.uk/	cilpostfarmhouse@gmail.com	https://cilpostfarmhouse.co.uk/contact/								High	Verified	https://explore.overturemaps.org/#id=31c107ee-31e2-46f9-afdc-97b2f35f43ab	Public Overture site+email; zero-HTTP V6 cheap-screen. Final MASTER dedupe/QA required.				overture:31c107ee-31e2-46f9-afdc-97b2f35f43ab	cilpostfarmhouse.co.uk		cilpost farmhouse holiday home	Whitland	United Kingdom	HIGH	domain:cilpostfarmhouse.co.uk
	A	91	Apache Junction	USA	Superstition Real Estate and Property Management		property_management	461 W Apache Trl	+14802692059								overture:11de59c9-9b30-488b-924f-9d4a21f40ec8	2026-08-15T00:50:27Z		Canonical queue drain | fit A | GitHub MASTER dedupe passed	https://www.SuperstitionREPM.com/	rgomez@superstitionrepm.com									High	Verified	https://explore.overturemaps.org/#id=11de59c9-9b30-488b-924f-9d4a21f40ec8	Public Overture site+email; zero-HTTP V6 cheap-screen. Final MASTER dedupe/QA required.				overture:11de59c9-9b30-488b-924f-9d4a21f40ec8	superstitionrepm.com	14802692059	superstition real estate and property management	Apache Junction	USA	HIGH	domain:superstitionrepm.com
	A	91	Mesa	USA	R.A.N Realty & Property Management		real_estate_agent	116 N Lindsay Rd	+14808440600								overture:09e7d2cf-a2b2-4c2a-9445-f42643b2af8c	2026-08-15T00:50:27Z		Canonical queue drain | fit A | GitHub MASTER dedupe passed	http://www.ranazrealty.com/	info@ranazrealty.com									High	Verified	https://explore.overturemaps.org/#id=09e7d2cf-a2b2-4c2a-9445-f42643b2af8c	Public Overture site+email; zero-HTTP V6 cheap-screen. Final MASTER dedupe/QA required.				overture:09e7d2cf-a2b2-4c2a-9445-f42643b2af8c	ranazrealty.com	14808440600	r a n realty property management	Mesa	USA	HIGH	domain:ranazrealty.com
	A	91	Palermo	Italy	Duba House Holiday Home		holiday_rental_home	Via Roma, 489	+393515344603								overture:f3dc0a7b-ea95-44c5-8251-40c92e811bf7	2026-08-15T00:50:27Z		Canonical queue drain | fit A | GitHub MASTER dedupe passed	http://www.dubahouse.it/	dubahouse2019@gmail.com									Medium	Recall-first	https://explore.overturemaps.org/#id=f3dc0a7b-ea95-44c5-8251-40c92e811bf7	Public Overture site+email; zero-HTTP V6 cheap-screen. Final MASTER dedupe/QA required.				overture:f3dc0a7b-ea95-44c5-8251-40c92e811bf7	dubahouse.it	393515344603	duba house holiday home	Palermo	Italy	MEDIUM	domain:dubahouse.it
	A	91	Ladispoli	Italy	Holiday Rental Villino Angeli		hotel	Via del Capricorno, 24	+393455261280								overture:578335d5-5f9a-4fbc-b0a0-5ce8bed41749	2026-08-15T00:50:27Z		Canonical queue drain | fit A | GitHub MASTER dedupe passed	http://www.booking.com/hotel/it/villa-pia-ladispoli.html	villapia.resort@gmail.com									Medium	Recall-first	https://explore.overturemaps.org/#id=578335d5-5f9a-4fbc-b0a0-5ce8bed41749	Public Overture site+email; zero-HTTP V6 cheap-screen. Final MASTER dedupe/QA required.				overture:578335d5-5f9a-4fbc-b0a0-5ce8bed41749		393455261280	holiday rental villino angeli	Ladispoli	Italy	MEDIUM	phone:393455261280
	A	91	Peoria	USA	Advantage Arizona Real Estate and Property Management		real_estate_service	9735 W Avenida del Sol	+16235727820								overture:e73a7d9d-ffa9-4934-9517-85cd06ef0952	2026-08-15T00:50:27Z		Canonical queue drain | fit A | GitHub MASTER dedupe passed	http://www.advantagearizona.com/	talktodebbie@hotmail.com									High	Verified	https://explore.overturemaps.org/#id=e73a7d9d-ffa9-4934-9517-85cd06ef0952	Public Overture site+email; zero-HTTP V6 cheap-screen. Final MASTER dedupe/QA required.				overture:e73a7d9d-ffa9-4934-9517-85cd06ef0952	advantagearizona.com	16235727820	advantage arizona real estate and property management	Peoria	USA	HIGH	domain:advantagearizona.com
	A	91	Carlsbad	USA	MGR property management		property_management	5950 La Place Ct	+17606838102								overture:5a33e69f-4615-4460-b670-35a7d45483c5	2026-08-15T00:50:27Z		Canonical queue drain | fit A | GitHub MASTER dedupe passed	http://mgrmgmt.com/	mgr@mgrmgmt.com									High	Verified	https://explore.overturemaps.org/#id=5a33e69f-4615-4460-b670-35a7d45483c5	Public Overture site+email; zero-HTTP V6 cheap-screen. Final MASTER dedupe/QA required.				overture:5a33e69f-4615-4460-b670-35a7d45483c5	mgrmgmt.com	17606838102	mgr property management	Carlsbad	USA	HIGH	domain:mgrmgmt.com
	A	91	Peterborough	United Kingdom	Pyramid Property Management & Lettings		property_management	34 Campbell Drive	+441778382555								overture:0edb9fb8-e86d-498e-9344-e841f7ee146d	2026-08-15T00:43:33Z		Canonical queue drain | fit A | GitHub MASTER dedupe passed	http://www.pyramidproperty.co.uk	info@pyramidproperty.co.uk									Medium	Recall-first	https://explore.overturemaps.org/#id=0edb9fb8-e86d-498e-9344-e841f7ee146d	Public Overture site+email; zero-HTTP V6 cheap-screen. Final MASTER dedupe/QA required.				overture:0edb9fb8-e86d-498e-9344-e841f7ee146d	pyramidproperty.co.uk	441778382555	pyramid property management lettings	Peterborough	United Kingdom	MEDIUM	domain:pyramidproperty.co.uk
	A	91	Solihull	United Kingdom	Inspire Property Management		property_management	318 Stratford Road	+448000385799								overture:fb864881-844d-4b1b-8d0d-9844d3a29327	2026-08-15T00:43:33Z		Canonical queue drain | fit A | GitHub MASTER dedupe passed	http://www.inspirepm.co.uk/	info@inspirepm.co.uk									Medium	Recall-first	https://explore.overturemaps.org/#id=fb864881-844d-4b1b-8d0d-9844d3a29327	Public Overture site+email; zero-HTTP V6 cheap-screen. Final MASTER dedupe/QA required.				overture:fb864881-844d-4b1b-8d0d-9844d3a29327	inspirepm.co.uk	448000385799	inspire property management	Solihull	United Kingdom	MEDIUM	domain:inspirepm.co.uk
	A	91	London	United Kingdom	Fast Property Management		real_estate_service	165 Tooting High Street	+442087116147								overture:7dbd600e-d3b6-4817-8b98-6fbc349140c8	2026-08-15T00:43:33Z		Canonical queue drain | fit A | GitHub MASTER dedupe passed	http://fastpm.co.uk/	info@fastpm.co.uk									High	Verified	https://explore.overturemaps.org/#id=7dbd600e-d3b6-4817-8b98-6fbc349140c8	Public Overture site+email; zero-HTTP V6 cheap-screen. Final MASTER dedupe/QA required.				overture:7dbd600e-d3b6-4817-8b98-6fbc349140c8	fastpm.co.uk	442087116147	fast property management	London	United Kingdom	HIGH	domain:fastpm.co.uk
	A	91	Ephraim	USA	Evergreen Beachside Vacation Rentals		holiday_rental_home	9939 Water St	+19208549527								overture:b6625934-7330-4cf7-81c3-6cc747e87c14	2026-08-15T00:43:33Z		Canonical queue drain | fit A | GitHub MASTER dedupe passed	http://www.evergreenbeach.com/	evergreenbeachside@gmail.com									High	Verified	https://explore.overturemaps.org/#id=b6625934-7330-4cf7-81c3-6cc747e87c14	Public Overture site+email; zero-HTTP V6 cheap-screen. Final MASTER dedupe/QA required.				overture:b6625934-7330-4cf7-81c3-6cc747e87c14	evergreenbeach.com	19208549527	evergreen beachside vacation rentals	Ephraim	USA	HIGH	domain:evergreenbeach.com
	A	91	Denver	USA	Zakhem Property Management		property_management	825 N Logan St	+17204434243								overture:654985dc-2fcb-4e27-850f-a9e49b09d976	2026-08-15T00:30:13Z		Canonical queue drain | fit A | GitHub MASTER dedupe passed	https://www.zpmgmt.com/	beth@zpmgmt.com									High	Verified	https://explore.overturemaps.org/#id=654985dc-2fcb-4e27-850f-a9e49b09d976	Public Overture site+email; zero-HTTP V6 cheap-screen. Final MASTER dedupe/QA required.				overture:654985dc-2fcb-4e27-850f-a9e49b09d976	zpmgmt.com	17204434243	zakhem property management	Denver	USA	HIGH	domain:zpmgmt.com
	A	91	Deforest	USA	Yahara Property Management		property_management	210 N Main St	+16089121118								overture:d4a6d032-0c36-459f-89ab-812d4e827767	2026-08-15T00:30:13Z		Canonical queue drain | fit A | GitHub MASTER dedupe passed	http://www.yaharapropertymanagement.com/	info@yaharapropertymanagement.com									High	Verified	https://explore.overturemaps.org/#id=d4a6d032-0c36-459f-89ab-812d4e827767	Public Overture site+email; zero-HTTP V6 cheap-screen. Final MASTER dedupe/QA required.				overture:d4a6d032-0c36-459f-89ab-812d4e827767	yaharapropertymanagement.com	16089121118	yahara property management	Deforest	USA	HIGH	domain:yaharapropertymanagement.com
	A	91	Santa Rosa	USA	W Property Management		property_management	500 Bicentennial Way	+17075456187								overture:5e2d9924-3ace-423e-943f-be1e43741ea6	2026-08-15T00:30:13Z		Canonical queue drain | fit A | GitHub MASTER dedupe passed	http://www.wpropertymanagement.com/	fb@wpropertymanagement.com									High	Verified	https://explore.overturemaps.org/#id=5e2d9924-3ace-423e-943f-be1e43741ea6	Public Overture site+email; zero-HTTP V6 cheap-screen. Final MASTER dedupe/QA required.				overture:5e2d9924-3ace-423e-943f-be1e43741ea6	wpropertymanagement.com	17075456187	w property management	Santa Rosa	USA	HIGH	domain:wpropertymanagement.com
	A	91	Sevierville	USA	Wildflower Mountain Cabin and Chalet Rentals		hotel	1819 Parkway	+18654531700								overture:9318f65e-cc0d-460e-b52c-eca0bcb9fe83	2026-08-15T00:30:13Z		Canonical queue drain | fit A | GitHub MASTER dedupe passed	http://www.wildflowermountain.com/	janice@wildflowermountain.com									High	Verified	https://explore.overturemaps.org/#id=9318f65e-cc0d-460e-b52c-eca0bcb9fe83	Public Overture site+email; zero-HTTP V6 cheap-screen. Final MASTER dedupe/QA required.				overture:9318f65e-cc0d-460e-b52c-eca0bcb9fe83	wildflowermountain.com	18654531700	wildflower mountain cabin and chalet rentals	Sevierville	USA	HIGH	domain:wildflowermountain.com
	A	91	South Euclid	USA	Waterstone Property Management		property_management	Waterstone Brainworks Property Management, 14077 Cedar Rd	+12163816570								overture:eb9c0d07-c04f-4c7d-b8f4-d5db78e35246	2026-08-15T00:30:13Z		Canonical queue drain | fit A | GitHub MASTER dedupe passed	http://waterstonepm.com/	njw@waterstonepm.com									High	Verified	https://explore.overturemaps.org/#id=eb9c0d07-c04f-4c7d-b8f4-d5db78e35246	Public Overture site+email; zero-HTTP V6 cheap-screen. Final MASTER dedupe/QA required.				overture:eb9c0d07-c04f-4c7d-b8f4-d5db78e35246	waterstonepm.com	12163816570	waterstone property management	South Euclid	USA	HIGH	domain:waterstonepm.com
	A	91	Brantford	USA	Walcott Property Management		property_management	245 King George Rd	+12896780618								overture:2384624f-6505-4471-8dff-5ab6a5a66bab	2026-08-15T00:30:13Z		Canonical queue drain | fit A | GitHub MASTER dedupe passed	http://Walcottproperties.ca/	contact@walcottproperties.ca									Medium	Recall-first	https://explore.overturemaps.org/#id=2384624f-6505-4471-8dff-5ab6a5a66bab	Public Overture site+email; zero-HTTP V6 cheap-screen. Final MASTER dedupe/QA required.				overture:2384624f-6505-4471-8dff-5ab6a5a66bab	walcottproperties.ca	12896780618	walcott property management	Brantford	USA	MEDIUM	domain:walcottproperties.ca
	A	91	South Lake Tahoe	USA	Vacation Rental Assistance		holiday_rental_home	2095 James Ave	+18558728246								overture:ecec2f84-a073-439c-b5b7-116327b53969	2026-08-15T00:30:13Z		Canonical queue drain | fit A | GitHub MASTER dedupe passed	http://www.vratahoe.com/	sales@vratahoe.com									High	Verified	https://explore.overturemaps.org/#id=ecec2f84-a073-439c-b5b7-116327b53969	Public Overture site+email; zero-HTTP V6 cheap-screen. Final MASTER dedupe/QA required.				overture:ecec2f84-a073-439c-b5b7-116327b53969	vratahoe.com	18558728246	vacation rental assistance	South Lake Tahoe	USA	HIGH	domain:vratahoe.com
	A	91	Wilson	USA	Rogers Property Management		property_management	126 Douglas St S	+12529911301								overture:ff3fe6b3-7ab9-4bd8-980b-1559c179499c	2026-08-15T00:30:13Z		Canonical queue drain | fit A | GitHub MASTER dedupe passed	http://www.rogerspropertymanagement.vpweb.com/	all4upropmgmt@gmail.com									Medium	Recall-first	https://explore.overturemaps.org/#id=ff3fe6b3-7ab9-4bd8-980b-1559c179499c	Public Overture site+email; zero-HTTP V6 cheap-screen. Final MASTER dedupe/QA required.				overture:ff3fe6b3-7ab9-4bd8-980b-1559c179499c	vpweb.com	12529911301	rogers property management	Wilson	USA	MEDIUM	domain:vpweb.com
	A	91	Fresno	USA	Venture Property Management		property_management	7471 N Remington Ave	+15594230055								overture:faf901ec-9bed-436e-bea0-09abe3667937	2026-08-15T00:30:13Z		Canonical queue drain | fit A | GitHub MASTER dedupe passed	http://www.vpmfresno.com/	jay@vpmfresno.com									High	Verified	https://explore.overturemaps.org/#id=faf901ec-9bed-436e-bea0-09abe3667937	Public Overture site+email; zero-HTTP V6 cheap-screen. Final MASTER dedupe/QA required.				overture:faf901ec-9bed-436e-bea0-09abe3667937	vpmfresno.com	15594230055	venture property management	Fresno	USA	HIGH	domain:vpmfresno.com
	A	91	Havelock	USA	Vesco Rentals - Property Management Division		property_management	302 E Main St	+12524443790								overture:fa7497f4-fb92-4793-aa0e-b760ad34785e	2026-08-15T00:30:13Z		Canonical queue drain | fit A | GitHub MASTER dedupe passed	http://www.vescorentals.com/	homesforyou3@gmail.com									High	Verified	https://explore.overturemaps.org/#id=fa7497f4-fb92-4793-aa0e-b760ad34785e	Public Overture site+email; zero-HTTP V6 cheap-screen. Final MASTER dedupe/QA required.				overture:fa7497f4-fb92-4793-aa0e-b760ad34785e	vescorentals.com	12524443790	vesco rentals property management division	Havelock	USA	HIGH	domain:vescorentals.com
	A	91	Lakewood	USA	Vanguard Property Management		property_management	18900 Detroit Ext	+12163925384								overture:663531e6-af37-4390-aefb-90902868c32f	2026-08-15T00:30:13Z		Canonical queue drain | fit A | GitHub MASTER dedupe passed	http://www.vanguardcleveland.com/	tenantportal@vanguardcleveland.com									Medium	Recall-first	https://explore.overturemaps.org/#id=663531e6-af37-4390-aefb-90902868c32f	Public Overture site+email; zero-HTTP V6 cheap-screen. Final MASTER dedupe/QA required.				overture:663531e6-af37-4390-aefb-90902868c32f	vanguardcleveland.com	12163925384	vanguard property management	Lakewood	USA	MEDIUM	domain:vanguardcleveland.com
	A	91	Douglas	USA	Vacation Rental Partners		laundromat	155 Blue Star Hwy	+12697605901								overture:0a58f730-cc15-43cd-b4be-2dd686e86d20	2026-08-15T00:30:13Z		Canonical queue drain | fit A | GitHub MASTER dedupe passed	https://www.vacationrentalpartners.net/	hello@vacationrentalpartners.net									High	Verified	https://explore.overturemaps.org/#id=0a58f730-cc15-43cd-b4be-2dd686e86d20	Public Overture site+email; zero-HTTP V6 cheap-screen. Final MASTER dedupe/QA required.				overture:0a58f730-cc15-43cd-b4be-2dd686e86d20	vacationrentalpartners.net	12697605901	vacation rental partners	Douglas	USA	HIGH	domain:vacationrentalpartners.net
	A	91	Tarragona	Spain	Unik Vacation		property_management	Carrer Cavallers, 6	+34604865949								overture:aa05c12d-aa57-473e-80a8-b96dfecb1ecd	2026-08-15T00:30:13Z		Canonical queue drain | fit A | GitHub MASTER dedupe passed	https://www.unikvacation.com/	hola@unikvacation.com									High	Verified	https://explore.overturemaps.org/#id=aa05c12d-aa57-473e-80a8-b96dfecb1ecd	Public Overture site+email; zero-HTTP V6 cheap-screen. Final MASTER dedupe/QA required.				overture:aa05c12d-aa57-473e-80a8-b96dfecb1ecd	unikvacation.com	34604865949	unik vacation	Tarragona	Spain	HIGH	domain:unikvacation.com
	A	91	Peterborough	United Kingdom	Oakwood Property Management		property_management	Oakwood House, High St	+441778341658								overture:936e5538-be7a-4608-95a1-bbf079eca540	2026-08-15T00:30:13Z		Canonical queue drain | fit A | GitHub MASTER dedupe passed	http://www.oakwoodproperties.uk.com/	property@oakwood.uk.com									High	Verified	https://explore.overturemaps.org/#id=936e5538-be7a-4608-95a1-bbf079eca540	Public Overture site+email; zero-HTTP V6 cheap-screen. Final MASTER dedupe/QA required.				overture:936e5538-be7a-4608-95a1-bbf079eca540	uk.com	441778341658	oakwood property management	Peterborough	United Kingdom	HIGH	domain:uk.com
	A	91	Le Claire	USA	TruLiving Property Management		property_management	PO Box 811	+17154501165								overture:d68a1d90-f905-4ab7-8fcf-209618bfe35a	2026-08-15T00:30:13Z		Canonical queue drain | fit A | GitHub MASTER dedupe passed	http://trulivingpropertymanagement.com/	info@trulivingpropertymanagement.com									Medium	Recall-first	https://explore.overturemaps.org/#id=d68a1d90-f905-4ab7-8fcf-209618bfe35a	Public Overture site+email; zero-HTTP V6 cheap-screen. Final MASTER dedupe/QA required.				overture:d68a1d90-f905-4ab7-8fcf-209618bfe35a	trulivingpropertymanagement.com	17154501165	truliving property management	Le Claire	USA	MEDIUM	domain:trulivingpropertymanagement.com
	A	91	Mauldin	USA	Total Property Management		property_management	140 Old Bridges Rd	+18643509802								overture:cee69a46-e76a-414d-ae9d-f363e19f4f77	2026-08-15T00:30:13Z		Canonical queue drain | fit A | GitHub MASTER dedupe passed	http://www.totalpropertyllc.com/	info@totalpropertyllc.com									Medium	Recall-first	https://explore.overturemaps.org/#id=cee69a46-e76a-414d-ae9d-f363e19f4f77	Public Overture site+email; zero-HTTP V6 cheap-screen. Final MASTER dedupe/QA required.				overture:cee69a46-e76a-414d-ae9d-f363e19f4f77	totalpropertyllc.com	18643509802	total property management	Mauldin	USA	MEDIUM	domain:totalpropertyllc.com
	A	91	Fitchburg	USA	Top Level Property Management		property_management	2987 Yarmouth Greenway Dr	+16089573538								overture:39373318-7ba7-4527-83f0-369b905a170c	2026-08-15T00:30:13Z		Canonical queue drain | fit A | GitHub MASTER dedupe passed	http://www.toplevelproperty.com/	rent@toplevelproperty.com									High	Verified	https://explore.overturemaps.org/#id=39373318-7ba7-4527-83f0-369b905a170c	Public Overture site+email; zero-HTTP V6 cheap-screen. Final MASTER dedupe/QA required.				overture:39373318-7ba7-4527-83f0-369b905a170c	toplevelproperty.com	16089573538	top level property management	Fitchburg	USA	HIGH	domain:toplevelproperty.com
	A	91	Pisa	Italy	Casa Ridolfi Holiday home		holiday_rental_home	Via Cosimo Ridolfi, 25	+393404683609								overture:19569009-d5ee-42dd-b5df-801e618abcb4	2026-08-15T00:30:13Z		Canonical queue drain | fit A | GitHub MASTER dedupe passed	https://tinyurl.com/y5hg9gju	casaridolfipisa@gmail.com									High	Verified	https://explore.overturemaps.org/#id=19569009-d5ee-42dd-b5df-801e618abcb4	Public Overture site+email; zero-HTTP V6 cheap-screen. Final MASTER dedupe/QA required.				overture:19569009-d5ee-42dd-b5df-801e618abcb4	tinyurl.com	393404683609	casa ridolfi holiday home	Pisa	Italy	HIGH	domain:tinyurl.com
	A	91	Halifax	United Kingdom	Thornton Park Holiday Home		holiday_rental_home	Ash Hall Lane, Ripponden	+447484758683								overture:ba9c9777-8b19-486f-a9f9-ef265238f923	2026-08-15T00:30:13Z		Canonical queue drain | fit A | GitHub MASTER dedupe passed	http://www.thorntonparkholidayhome.co.uk/	info@thorntonparkholidayhome.co.uk									High	Verified	https://explore.overturemaps.org/#id=ba9c9777-8b19-486f-a9f9-ef265238f923	Public Overture site+email; zero-HTTP V6 cheap-screen. Final MASTER dedupe/QA required.				overture:ba9c9777-8b19-486f-a9f9-ef265238f923	thorntonparkholidayhome.co.uk	447484758683	thornton park holiday home	Halifax	United Kingdom	HIGH	domain:thorntonparkholidayhome.co.uk
	A	91	Hurricane	USA	The Compass Rose Vacation Rental		holiday_rental_home	4296 Canterbury Rd	+14352721245								overture:287bb90c-2ee0-42ef-ac73-625846af8a7e	2026-08-15T00:30:13Z		Canonical queue drain | fit A | GitHub MASTER dedupe passed	http://www.thecompassrosevacationhome.com/	thecompassrose.ut@gmail.com									High	Verified	https://explore.overturemaps.org/#id=287bb90c-2ee0-42ef-ac73-625846af8a7e	Public Overture site+email; zero-HTTP V6 cheap-screen. Final MASTER dedupe/QA required.				overture:287bb90c-2ee0-42ef-ac73-625846af8a7e	thecompassrosevacationhome.com	14352721245	the compass rose vacation rental	Hurricane	USA	HIGH	domain:thecompassrosevacationhome.com
	A	91	Pigeon Forge	USA	Pigeon Forge Cabin Rentals		hotel	204 Pine Mountain Rd	+16155222193								overture:a3045a21-e604-426b-a0cc-962310d67027	2026-08-15T00:30:13Z		Canonical queue drain | fit A | GitHub MASTER dedupe passed	http://TheCabinLady.com/	smokymountainrentals@aol.com									High	Verified	https://explore.overturemaps.org/#id=a3045a21-e604-426b-a0cc-962310d67027	Public Overture site+email; zero-HTTP V6 cheap-screen. Final MASTER dedupe/QA required.				overture:a3045a21-e604-426b-a0cc-962310d67027	thecabinlady.com	16155222193	pigeon forge cabin rentals	Pigeon Forge	USA	HIGH	domain:thecabinlady.com
	A	91	Cable	USA	Telemark Condos - Christiana Villas		resort	15315 Nordmor Rd	(715) 798-3999								overture:a9f7c89c-6576-40fe-ba65-18a90570461b	2026-08-15T00:30:13Z		Canonical queue drain | fit A | GitHub MASTER dedupe passed	http://www.telemarkcondos.com	telemarkcondos@gmail.com									Medium	Recall-first	https://explore.overturemaps.org/#id=a9f7c89c-6576-40fe-ba65-18a90570461b	Public Overture site+email; zero-HTTP V6 cheap-screen. Final MASTER dedupe/QA required.				overture:a9f7c89c-6576-40fe-ba65-18a90570461b	telemarkcondos.com	7157983999	telemark condos christiana villas	Cable	USA	MEDIUM	domain:telemarkcondos.com
	A	91	San Francisco	USA	DC Property Management		property_management	330 Townsend St	+14153418774								overture:68e9a69b-f134-45f0-b414-b4cfc82b710b	2026-08-15T00:30:13Z		Canonical queue drain | fit A | GitHub MASTER dedupe passed	http://www.sutroprop.com	rhand@sutroprop.com									High	Verified	https://explore.overturemaps.org/#id=68e9a69b-f134-45f0-b414-b4cfc82b710b	Public Overture site+email; zero-HTTP V6 cheap-screen. Final MASTER dedupe/QA required.				overture:68e9a69b-f134-45f0-b414-b4cfc82b710b	sutroprop.com	14153418774	dc property management	San Francisco	USA	HIGH	domain:sutroprop.com
	A	91	Susanville	USA	Susanville Property Management		property_management	25 N Lassen St	+18055709017								overture:b94efa05-3481-425a-9c45-b3b80c07636f	2026-08-15T00:30:13Z		Canonical queue drain | fit A | GitHub MASTER dedupe passed	http://www.SusanvillePropertyManagement.com/	lolatraylor@gmail.com									High	Verified	https://explore.overturemaps.org/#id=b94efa05-3481-425a-9c45-b3b80c07636f	Public Overture site+email; zero-HTTP V6 cheap-screen. Final MASTER dedupe/QA required.				overture:b94efa05-3481-425a-9c45-b3b80c07636f	susanvillepropertymanagement.com	18055709017	susanville property management	Susanville	USA	HIGH	domain:susanvillepropertymanagement.com
	A	91	Wasaga Beach	USA	Summerhill Cottage and Cabin Rentals		cottage	35 River Rd E	+17054432132								overture:8716f10a-6d7e-4569-aa51-1a111411db38	2026-08-15T00:30:13Z		Canonical queue drain | fit A | GitHub MASTER dedupe passed	http://summerhillwasaga.com	summerhillwasaga@hotmail.com									High	Verified	https://explore.overturemaps.org/#id=8716f10a-6d7e-4569-aa51-1a111411db38	Public Overture site+email; zero-HTTP V6 cheap-screen. Final MASTER dedupe/QA required.				overture:8716f10a-6d7e-4569-aa51-1a111411db38	summerhillwasaga.com	17054432132	summerhill cottage and cabin rentals	Wasaga Beach	USA	HIGH	domain:summerhillwasaga.com
	A	91	Taormina	Italy	Progetto Casa - Property Management		real_estate_service	Via Francavilla, 183	+390942630261								overture:82adef3e-6971-4a73-bc52-36c67ff164e6	2026-08-15T00:30:13Z		Canonical queue drain | fit A | GitHub MASTER dedupe passed	http://www.studioprogettocasa.it/	info@studioprogettocasa.it									High	Verified	https://explore.overturemaps.org/#id=82adef3e-6971-4a73-bc52-36c67ff164e6	Public Overture site+email; zero-HTTP V6 cheap-screen. Final MASTER dedupe/QA required.				overture:82adef3e-6971-4a73-bc52-36c67ff164e6	studioprogettocasa.it	390942630261	progetto casa property management	Taormina	Italy	HIGH	domain:studioprogettocasa.it
	A	91	Albemarle	USA	The St. Germain Group - Property Management		property_management	814 NC 24 27 Byp E	+17045509020								overture:b0eff833-02ce-49dd-a155-f1f0914896ab	2026-08-15T00:30:13Z		Canonical queue drain | fit A | GitHub MASTER dedupe passed	http://www.stgrentals.net/	stgermain.pmd@gmail.com									High	Verified	https://explore.overturemaps.org/#id=b0eff833-02ce-49dd-a155-f1f0914896ab	Public Overture site+email; zero-HTTP V6 cheap-screen. Final MASTER dedupe/QA required.				overture:b0eff833-02ce-49dd-a155-f1f0914896ab	stgrentals.net	17045509020	the st germain group property management	Albemarle	USA	HIGH	domain:stgrentals.net
	A	91	Denver	USA	Denver Vacation Rentals at Denver Place by Stay Alfred		hotel	1880 Arapahoe St	+18662323864								overture:46466fbd-aa57-4a29-b7c8-5b9ececbe5b8	2026-08-15T00:30:13Z		Canonical queue drain | fit A | GitHub MASTER dedupe passed	http://www.stayalfred.com	info@stayalfred.com									Medium	Recall-first	https://explore.overturemaps.org/#id=46466fbd-aa57-4a29-b7c8-5b9ececbe5b8	Public Overture site+email; zero-HTTP V6 cheap-screen. Final MASTER dedupe/QA required.				overture:46466fbd-aa57-4a29-b7c8-5b9ececbe5b8	stayalfred.com	18662323864	denver vacation rentals at denver place by stay alfred	Denver	USA	MEDIUM	domain:stayalfred.com
	A	91	Durham	USA	Station 7 Property Management		property_management	206 Gray Ave	+19196806403								overture:716bb1bd-6bb3-47cc-8109-d311aae5c074	2026-08-15T00:30:13Z		Canonical queue drain | fit A | GitHub MASTER dedupe passed	http://www.station7properties.com/	customerservice@station7properties.com									High	Verified	https://explore.overturemaps.org/#id=716bb1bd-6bb3-47cc-8109-d311aae5c074	Public Overture site+email; zero-HTTP V6 cheap-screen. Final MASTER dedupe/QA required.				overture:716bb1bd-6bb3-47cc-8109-d311aae5c074	station7properties.com	19196806403	station 7 property management	Durham	USA	HIGH	domain:station7properties.com
	A	91	North Augusta	USA	Starnes Realty & Property Management Inc		real_estate_agent	725 E Martintown Rd	+18036343479								overture:bc7ea9e3-d303-4757-97fd-ab37fc43e519	2026-08-15T00:30:13Z		Canonical queue drain | fit A | GitHub MASTER dedupe passed	http://starnesRealtyinc.com/	info@starnesrealtyinc.com									High	Verified	https://explore.overturemaps.org/#id=bc7ea9e3-d303-4757-97fd-ab37fc43e519	Public Overture site+email; zero-HTTP V6 cheap-screen. Final MASTER dedupe/QA required.				overture:bc7ea9e3-d303-4757-97fd-ab37fc43e519	starnesrealtyinc.com	18036343479	starnes realty property management inc	North Augusta	USA	HIGH	domain:starnesrealtyinc.com
	A	91	Sierra Vista	USA	SMS Realty and Property Management		property_management	2345 E Fry Blvd	+15204339255								overture:ef3b3c0e-f48e-4b8f-a5ab-1049d4d30085	2026-08-15T00:30:13Z		Canonical queue drain | fit A | GitHub MASTER dedupe passed	http://www.smspropertymgt.com/	leasing@smspropertymgt.com									High	Verified	https://explore.overturemaps.org/#id=ef3b3c0e-f48e-4b8f-a5ab-1049d4d30085	Public Overture site+email; zero-HTTP V6 cheap-screen. Final MASTER dedupe/QA required.				overture:ef3b3c0e-f48e-4b8f-a5ab-1049d4d30085	smspropertymgt.com	15204339255	sms realty and property management	Sierra Vista	USA	HIGH	domain:smspropertymgt.com
	A	91	Park City	USA	Silver Lake Property Management		property_management	1950 Woodbine Way	+14356459338								overture:e673660c-4077-4b02-b6f7-2475cd11a3f2	2026-08-15T00:30:13Z		Canonical queue drain | fit A | GitHub MASTER dedupe passed	http://www.slpm-pc.com/	silverlakepropertymanagement@gmail.com									Medium	Recall-first	https://explore.overturemaps.org/#id=e673660c-4077-4b02-b6f7-2475cd11a3f2	Public Overture site+email; zero-HTTP V6 cheap-screen. Final MASTER dedupe/QA required.				overture:e673660c-4077-4b02-b6f7-2475cd11a3f2	slpm-pc.com	14356459338	silver lake property management	Park City	USA	MEDIUM	domain:slpm-pc.com
	A	91	Elk Grove	USA	SkyWest Property Management		property_management	9381 E Stockton Blvd	+19163995500								overture:e8235e17-696d-497a-9ced-77572173eddb	2026-08-15T00:30:13Z		Canonical queue drain | fit A | GitHub MASTER dedupe passed	http://skywestpm.com/	info@skywestpm.com									High	Verified	https://explore.overturemaps.org/#id=e8235e17-696d-497a-9ced-77572173eddb	Public Overture site+email; zero-HTTP V6 cheap-screen. Final MASTER dedupe/QA required.				overture:e8235e17-696d-497a-9ced-77572173eddb	skywestpm.com	19163995500	skywest property management	Elk Grove	USA	HIGH	domain:skywestpm.com
	A	91	Duluth	USA	Skyline Vacation Rental		holiday_rental_home	611 W Skyline Pkwy	+15073272928								overture:0f2d06f6-d7f8-4509-89e1-c385026649f2	2026-08-15T00:30:13Z		Canonical queue drain | fit A | GitHub MASTER dedupe passed	http://www.SkylineVacationRental.com/	info@skylinevacationrental.com									High	Verified	https://explore.overturemaps.org/#id=0f2d06f6-d7f8-4509-89e1-c385026649f2	Public Overture site+email; zero-HTTP V6 cheap-screen. Final MASTER dedupe/QA required.				overture:0f2d06f6-d7f8-4509-89e1-c385026649f2	skylinevacationrental.com	15073272928	skyline vacation rental	Duluth	USA	HIGH	domain:skylinevacationrental.com
	A	91	Centerville	USA	Simple Property Management		property_management	331 W Parrish Ln	+18014800000								overture:248dcc9a-6e74-4461-a19f-6a027541a7e4	2026-08-15T00:30:13Z		Canonical queue drain | fit A | GitHub MASTER dedupe passed	https://SimplePM.com/	info@simplepm.com									High	Verified	https://explore.overturemaps.org/#id=248dcc9a-6e74-4461-a19f-6a027541a7e4	Public Overture site+email; zero-HTTP V6 cheap-screen. Final MASTER dedupe/QA required.				overture:248dcc9a-6e74-4461-a19f-6a027541a7e4	simplepm.com	18014800000	simple property management	Centerville	USA	HIGH	domain:simplepm.com
	A	91	Shaver Lake	USA	Shaver Lake Cabin Rentals		cabin	41820 Linnet Ln	+15593870374								overture:90ed6583-7463-4d0d-b56b-842ae091e2a6	2026-08-15T00:30:13Z		Canonical queue drain | fit A | GitHub MASTER dedupe passed	http://www.shaverlakecabinstays.com/	shaverlakecabinstays@gmail.com									High	Verified	https://explore.overturemaps.org/#id=90ed6583-7463-4d0d-b56b-842ae091e2a6	Public Overture site+email; zero-HTTP V6 cheap-screen. Final MASTER dedupe/QA required.				overture:90ed6583-7463-4d0d-b56b-842ae091e2a6	shaverlakecabinstays.com	15593870374	shaver lake cabin rentals	Shaver Lake	USA	HIGH	domain:shaverlakecabinstays.com
	A	91	Aylmer	USA	Servall Property Management		property_management	516 John St N	+12263776095								overture:f9cbf836-fbe3-433d-bdb0-5a2ae788557c	2026-08-15T00:30:13Z		Canonical queue drain | fit A | GitHub MASTER dedupe passed	http://servallpm.com/	info@servallpm.com									Medium	Recall-first	https://explore.overturemaps.org/#id=f9cbf836-fbe3-433d-bdb0-5a2ae788557c	Public Overture site+email; zero-HTTP V6 cheap-screen. Final MASTER dedupe/QA required.				overture:f9cbf836-fbe3-433d-bdb0-5a2ae788557c	servallpm.com	12263776095	servall property management	Aylmer	USA	MEDIUM	domain:servallpm.com
	A	91	Cosby	USA	Serenity Falls Cabin Rentals		cabin	4555 Redwood Rd	+14234872990								overture:e8543c05-a575-46fb-ae1a-41bd54bcb66d	2026-08-15T00:30:13Z		Canonical queue drain | fit A | GitHub MASTER dedupe passed	http://Serenityfallscabinrentals.com/	serenitytn@aol.com									High	Verified	https://explore.overturemaps.org/#id=e8543c05-a575-46fb-ae1a-41bd54bcb66d	Public Overture site+email; zero-HTTP V6 cheap-screen. Final MASTER dedupe/QA required.				overture:e8543c05-a575-46fb-ae1a-41bd54bcb66d	serenityfallscabinrentals.com	14234872990	serenity falls cabin rentals	Cosby	USA	HIGH	domain:serenityfallscabinrentals.com
	A	91	Durrës	Greece	San Pietro Vacation Rentals		beach_resort	Gjiri i lalezit San Pietro Resort	+355694032888								overture:aa1c181e-a85d-458d-bc73-b57f845915be	2026-08-15T00:30:13Z		Canonical queue drain | fit A | GitHub MASTER dedupe passed	http://sanpietrovacationrentals.com/	info@sanpietrovacationrentals.com									High	Verified	https://explore.overturemaps.org/#id=aa1c181e-a85d-458d-bc73-b57f845915be	Public Overture site+email; zero-HTTP V6 cheap-screen. Final MASTER dedupe/QA required.				overture:aa1c181e-a85d-458d-bc73-b57f845915be	sanpietrovacationrentals.com	355694032888	san pietro vacation rentals	Durrës	Greece	HIGH	domain:sanpietrovacationrentals.com
	A	91	Myrtle Beach	USA	Sandy Shells Getaway - Myrtle Beach Vacation Rentals		holiday_rental_home	6900 N Ocean Blvd	+16308739844								overture:2595eb09-be76-4c5a-b737-1cd0c29d2a46	2026-08-15T00:30:13Z		Canonical queue drain | fit A | GitHub MASTER dedupe passed	http://www.sandyshellsgetaway.com/	sandyshellsgetaway@gmail.com									High	Verified	https://explore.overturemaps.org/#id=2595eb09-be76-4c5a-b737-1cd0c29d2a46	Public Overture site+email; zero-HTTP V6 cheap-screen. Final MASTER dedupe/QA required.				overture:2595eb09-be76-4c5a-b737-1cd0c29d2a46	sandyshellsgetaway.com	16308739844	sandy shells getaway myrtle beach vacation rentals	Myrtle Beach	USA	HIGH	domain:sandyshellsgetaway.com
	A	91	Nags Head	USA	Sandbar Beach Rentals		holiday_rental_home	2508 S Virginia Dare Trl	+12524891868								overture:52ad889d-48ed-4065-80fa-2ce89c348691	2026-08-15T00:30:13Z		Canonical queue drain | fit A | GitHub MASTER dedupe passed	http://sandbarbeachrentals.com/	sandbarbeachrentals@gmail.com									High	Verified	https://explore.overturemaps.org/#id=52ad889d-48ed-4065-80fa-2ce89c348691	Public Overture site+email; zero-HTTP V6 cheap-screen. Final MASTER dedupe/QA required.				overture:52ad889d-48ed-4065-80fa-2ce89c348691	sandbarbeachrentals.com	12524891868	sandbar beach rentals	Nags Head	USA	HIGH	domain:sandbarbeachrentals.com
	A	91	Redding	USA	Curato Property Management Inc.		property_management	3294 Bechelli Ln	+15302226600								overture:b815ff44-9d62-4165-9a44-50efd8e96430	2026-08-15T00:30:13Z		Canonical queue drain | fit A | GitHub MASTER dedupe passed	http://www.Salcuratorealty.com/	realestatebyvalharvey@yahoo.com									High	Verified	https://explore.overturemaps.org/#id=b815ff44-9d62-4165-9a44-50efd8e96430	Public Overture site+email; zero-HTTP V6 cheap-screen. Final MASTER dedupe/QA required.				overture:b815ff44-9d62-4165-9a44-50efd8e96430	salcuratorealty.com	15302226600	curato property management inc	Redding	USA	HIGH	domain:salcuratorealty.com
	A	91	Savannah	USA	Sago Property Management		property_management	315 Commercial Dr	+19123302472								overture:2e7bd68e-476b-4066-8f00-a7210cad1768	2026-08-15T00:30:13Z		Canonical queue drain | fit A | GitHub MASTER dedupe passed	http://www.sagopropertymanagement.com/	stacie@sagopropertymanagement.com									High	Verified	https://explore.overturemaps.org/#id=2e7bd68e-476b-4066-8f00-a7210cad1768	Public Overture site+email; zero-HTTP V6 cheap-screen. Final MASTER dedupe/QA required.				overture:2e7bd68e-476b-4066-8f00-a7210cad1768	sagopropertymanagement.com	19123302472	sago property management	Savannah	USA	HIGH	domain:sagopropertymanagement.com
	A	91	Taylorsville	USA	Real Property Management Wasatch		property_management	4548 S Atherton Dr	+18013637368								overture:43dc5cb3-8a51-46db-8a6f-2043066b874e	2026-08-15T00:30:13Z		Canonical queue drain | fit A | GitHub MASTER dedupe passed	https://www.rpmwasatch.com/?cid=LSTL_RPM000183	lease@rpmwasatch.com									High	Verified	https://explore.overturemaps.org/#id=43dc5cb3-8a51-46db-8a6f-2043066b874e	Public Overture site+email; zero-HTTP V6 cheap-screen. Final MASTER dedupe/QA required.				overture:43dc5cb3-8a51-46db-8a6f-2043066b874e	rpmwasatch.com	18013637368	real property management wasatch	Taylorsville	USA	HIGH	domain:rpmwasatch.com
	A	91	Orem	USA	Real Property Management Utah County		property_management	1366 S 740 E	+18012240033								overture:74a1c60d-7fe0-4a4a-9dd1-e5d6dc838b0b	2026-08-15T00:30:13Z		Canonical queue drain | fit A | GitHub MASTER dedupe passed	https://www.rpmutahcounty.com/?cid=LSTL_RPM000183	info@rpmutahcounty.com									High	Verified	https://explore.overturemaps.org/#id=74a1c60d-7fe0-4a4a-9dd1-e5d6dc838b0b	Public Overture site+email; zero-HTTP V6 cheap-screen. Final MASTER dedupe/QA required.				overture:74a1c60d-7fe0-4a4a-9dd1-e5d6dc838b0b	rpmutahcounty.com	18012240033	real property management utah county	Orem	USA	HIGH	domain:rpmutahcounty.com
	A	91	Περιφέρεια Ιονίων Νήσων	Greece	Rental Property Management Corfu		holiday_rental_home	RPM corfu	+306906469249								overture:42b8dcf8-a60c-4717-95fd-0cc62d908cbb	2026-08-15T00:30:13Z		Canonical queue drain | fit A | GitHub MASTER dedupe passed	https://www.rpmcorfu.com/	info@rpmcorfu.com									High	Verified	https://explore.overturemaps.org/#id=42b8dcf8-a60c-4717-95fd-0cc62d908cbb	Public Overture site+email; zero-HTTP V6 cheap-screen. Final MASTER dedupe/QA required.				overture:42b8dcf8-a60c-4717-95fd-0cc62d908cbb	rpmcorfu.com	306906469249	rental property management corfu	Περιφέρεια Ιονίων Νήσων	Greece	HIGH	domain:rpmcorfu.com
	A	91	Providence	USA	Real Property Management Cache Valley		property_management	221 N Gateway Dr	+14357535200								overture:ef38acc3-8150-40c9-aeea-2df6a31d59bd	2026-08-15T00:30:13Z		Canonical queue drain | fit A | GitHub MASTER dedupe passed	https://www.rpmcachevalley.com/?cid=LSTL_RPM000183	info@rpmcachevalley.com									High	Verified	https://explore.overturemaps.org/#id=ef38acc3-8150-40c9-aeea-2df6a31d59bd	Public Overture site+email; zero-HTTP V6 cheap-screen. Final MASTER dedupe/QA required.				overture:ef38acc3-8150-40c9-aeea-2df6a31d59bd	rpmcachevalley.com	14357535200	real property management cache valley	Providence	USA	HIGH	domain:rpmcachevalley.com
	A	91	McDonough	USA	Real Property Management Anchor		real_estate_agent	200 Turner St	(770) 506-1237								overture:91f5790a-7a6f-45c8-9858-b0439fc0f8ae	2026-08-15T00:30:13Z		Canonical queue drain | fit A | GitHub MASTER dedupe passed	https://www.rpmanchor.com	walt.holzman@rpmanchor.com									High	Verified	https://explore.overturemaps.org/#id=91f5790a-7a6f-45c8-9858-b0439fc0f8ae	Public Overture site+email; zero-HTTP V6 cheap-screen. Final MASTER dedupe/QA required.				overture:91f5790a-7a6f-45c8-9858-b0439fc0f8ae	rpmanchor.com	7705061237	real property management anchor	McDonough	USA	HIGH	domain:rpmanchor.com
	A	91	Roma	Italy	Rome Holiday Home 2 Navona		holiday_rental_home	Via dei Banchi Vecchi, 58	+393398181048								overture:7fb8f18f-4356-4a11-ae98-cef1f23adb82	2026-08-15T00:30:13Z		Canonical queue drain | fit A | GitHub MASTER dedupe passed	http://www.romeholidayhome.it/	simrossi68@gmail.com									Medium	Recall-first	https://explore.overturemaps.org/#id=7fb8f18f-4356-4a11-ae98-cef1f23adb82	Public Overture site+email; zero-HTTP V6 cheap-screen. Final MASTER dedupe/QA required.				overture:7fb8f18f-4356-4a11-ae98-cef1f23adb82	romeholidayhome.it	393398181048	rome holiday home 2 navona	Roma	Italy	MEDIUM	domain:romeholidayhome.it
	A	91	Elk Grove	USA	RNB Property Management		property_management	9401 E Stockton Blvd	+19163060517								overture:b1f7c98b-50e3-4a18-a096-2c2f1e00af42	2026-08-15T00:30:13Z		Canonical queue drain | fit A | GitHub MASTER dedupe passed	http://RNBElkGrove.com/	socialmedia@rnbelkgrove.com									High	Verified	https://explore.overturemaps.org/#id=b1f7c98b-50e3-4a18-a096-2c2f1e00af42	Public Overture site+email; zero-HTTP V6 cheap-screen. Final MASTER dedupe/QA required.				overture:b1f7c98b-50e3-4a18-a096-2c2f1e00af42	rnbelkgrove.com	19163060517	rnb property management	Elk Grove	USA	HIGH	domain:rnbelkgrove.com
	A	91	South Fork	USA	Rio Grande Vacation Rentals		holiday_rental_home	994 County Road 15	+18778735776								overture:b7712e2f-cf93-4844-9854-44d59f453a52	2026-08-15T00:30:13Z		Canonical queue drain | fit A | GitHub MASTER dedupe passed	http://www.riograndevacationrentals.com	reservations@riograndevacationrentals.com									High	Verified	https://explore.overturemaps.org/#id=b7712e2f-cf93-4844-9854-44d59f453a52	Public Overture site+email; zero-HTTP V6 cheap-screen. Final MASTER dedupe/QA required.				overture:b7712e2f-cf93-4844-9854-44d59f453a52	riograndevacationrentals.com	18778735776	rio grande vacation rentals	South Fork	USA	HIGH	domain:riograndevacationrentals.com
	A	91	Marana	USA	Rincon Ventures Inc		property_management	8245 N Silverbell Rd	+15208812258								overture:73407659-24da-4c2c-9d73-c7710e966e84	2026-08-15T00:30:13Z		Canonical queue drain | fit A | GitHub MASTER dedupe passed	http://www.rinconventuresaz.com	shaun@rinconventuresaz.com									Medium	Recall-first	https://explore.overturemaps.org/#id=73407659-24da-4c2c-9d73-c7710e966e84	Public Overture site+email; zero-HTTP V6 cheap-screen. Final MASTER dedupe/QA required.				overture:73407659-24da-4c2c-9d73-c7710e966e84	rinconventuresaz.com	15208812258	rincon ventures inc	Marana	USA	MEDIUM	domain:rinconventuresaz.com
	A	91	Roseville	USA	Results Property Management		property_management	110 Judah St	+19165171619								overture:8447dd18-122a-48e1-9162-4aa03ba7ab42	2026-08-15T00:30:13Z		Canonical queue drain | fit A | GitHub MASTER dedupe passed	http://www.resultspm01.com	resultsreteam@gmail.com									High	Verified	https://explore.overturemaps.org/#id=8447dd18-122a-48e1-9162-4aa03ba7ab42	Public Overture site+email; zero-HTTP V6 cheap-screen. Final MASTER dedupe/QA required.				overture:8447dd18-122a-48e1-9162-4aa03ba7ab42	resultspm01.com	19165171619	results property management	Roseville	USA	HIGH	domain:resultspm01.com
	A	91	Warner Robins	USA	Warner Robins Property Management		property_management	114 Constitution Dr	+14789230023								overture:9d601cc3-c894-47fd-bd20-e2ee173ac1d6	2026-08-15T00:30:13Z		Canonical queue drain | fit A | GitHub MASTER dedupe passed	http://www.RentMidGA.com/	warnerrobinspm@gmail.com									High	Verified	https://explore.overturemaps.org/#id=9d601cc3-c894-47fd-bd20-e2ee173ac1d6	Public Overture site+email; zero-HTTP V6 cheap-screen. Final MASTER dedupe/QA required.				overture:9d601cc3-c894-47fd-bd20-e2ee173ac1d6	rentmidga.com	14789230023	warner robins property management	Warner Robins	USA	HIGH	domain:rentmidga.com
	A	91	Las Cruces	USA	Jasmine Munoz - Real Estate & Property Management		real_estate_agent	275 N Main St	+15758888098								overture:71df7d3a-4626-4cba-bf80-7938129fbc92	2026-08-15T00:30:13Z		Canonical queue drain | fit A | GitHub MASTER dedupe passed	http://RentLasCruces.com/	organmountainproperties@gmail.com									High	Verified	https://explore.overturemaps.org/#id=71df7d3a-4626-4cba-bf80-7938129fbc92	Public Overture site+email; zero-HTTP V6 cheap-screen. Final MASTER dedupe/QA required.				overture:71df7d3a-4626-4cba-bf80-7938129fbc92	rentlascruces.com	15758888098	jasmine munoz real estate property management	Las Cruces	USA	HIGH	domain:rentlascruces.com
	A	91	South Jordan	USA	Real Property Management Elite		real_estate_agent		(801) 363-7368								overture:a0eed341-8793-43c3-9409-7b71518407cb	2026-08-15T00:30:13Z		Canonical queue drain | fit A | GitHub MASTER dedupe passed	http://www.rentingslc.com	sales@rentingslc.com									High	Verified	https://explore.overturemaps.org/#id=a0eed341-8793-43c3-9409-7b71518407cb	Public Overture site+email; zero-HTTP V6 cheap-screen. Final MASTER dedupe/QA required.				overture:a0eed341-8793-43c3-9409-7b71518407cb	rentingslc.com	8013637368	real property management elite	South Jordan	USA	HIGH	domain:rentingslc.com
	A	91	Fortuna	USA	AP Property Management		property_management	452 N Fortuna Blvd	+17077262379								overture:b78b2241-6803-40dd-bcc0-d820a27dba35	2026-08-15T00:30:13Z		Canonical queue drain | fit A | GitHub MASTER dedupe passed	http://rentfortuna.com/	rentfortuna@gmail.com									High	Verified	https://explore.overturemaps.org/#id=b78b2241-6803-40dd-bcc0-d820a27dba35	Public Overture site+email; zero-HTTP V6 cheap-screen. Final MASTER dedupe/QA required.				overture:b78b2241-6803-40dd-bcc0-d820a27dba35	rentfortuna.com	17077262379	ap property management	Fortuna	USA	HIGH	domain:rentfortuna.com
	A	91	Columbia	USA	Bob Capes Real Estate and Property Management		property_management	2000 Park St	+18033432700								overture:777d8fbb-27fe-4670-8122-312067e9472b	2026-08-15T00:30:13Z		Canonical queue drain | fit A | GitHub MASTER dedupe passed	http://rentcolumbia.com/	info@rentcolumbia.com									High	Verified	https://explore.overturemaps.org/#id=777d8fbb-27fe-4670-8122-312067e9472b	Public Overture site+email; zero-HTTP V6 cheap-screen. Final MASTER dedupe/QA required.				overture:777d8fbb-27fe-4670-8122-312067e9472b	rentcolumbia.com	18033432700	bob capes real estate and property management	Columbia	USA	HIGH	domain:rentcolumbia.com
	A	91	Bedford Heights	USA	RE/MAX Haven Realty Property Management		property_management	5386 Majestic Pkwy	+12165862489								overture:8e244fe0-9363-49cc-b37a-bcb15a04556b	2026-08-15T00:30:13Z		Canonical queue drain | fit A | GitHub MASTER dedupe passed	http://www.rentcle.com	customerservice@rentcle.com									High	Verified	https://explore.overturemaps.org/#id=8e244fe0-9363-49cc-b37a-bcb15a04556b	Public Overture site+email; zero-HTTP V6 cheap-screen. Final MASTER dedupe/QA required.				overture:8e244fe0-9363-49cc-b37a-bcb15a04556b	rentcle.com	12165862489	re max haven realty property management	Bedford Heights	USA	HIGH	domain:rentcle.com
	A	91	Fayetteville	USA	Guardian Property Management		condominium	2831 Arlington Ave	(910) 222-7368								overture:4cc433e5-128f-4d9f-a550-21ba3e52052d	2026-08-15T00:30:13Z		Canonical queue drain | fit A | GitHub MASTER dedupe passed	https://www.rentbragg.com	office@rentbragg.com									High	Verified	https://explore.overturemaps.org/#id=4cc433e5-128f-4d9f-a550-21ba3e52052d	Public Overture site+email; zero-HTTP V6 cheap-screen. Final MASTER dedupe/QA required.				overture:4cc433e5-128f-4d9f-a550-21ba3e52052d	rentbragg.com	9102227368	guardian property management	Fayetteville	USA	HIGH	domain:rentbragg.com
	A	91	Mt Pleasant	USA	RAM Property Management		property_management	1955 S Chippewa Rd	+19894000201								overture:d42f9ba8-38ac-4bad-8f14-a7857565c8a1	2026-08-15T00:30:13Z		Canonical queue drain | fit A | GitHub MASTER dedupe passed	http://www.rentalsbyram.com/	manager@rentalsbyram.com									High	Verified	https://explore.overturemaps.org/#id=d42f9ba8-38ac-4bad-8f14-a7857565c8a1	Public Overture site+email; zero-HTTP V6 cheap-screen. Final MASTER dedupe/QA required.				overture:d42f9ba8-38ac-4bad-8f14-a7857565c8a1	rentalsbyram.com	19894000201	ram property management	Mt Pleasant	USA	HIGH	domain:rentalsbyram.com
	A	91	Reno	USA	Nevada Property Management		property_management	145 Brinkby Ave	+17756884668								overture:0f7befa4-3b3f-40bb-bacb-0884c489741d	2026-08-15T00:30:13Z		Canonical queue drain | fit A | GitHub MASTER dedupe passed	http://www.rent-nv.com/	info@rent-nv.com									High	Verified	https://explore.overturemaps.org/#id=0f7befa4-3b3f-40bb-bacb-0884c489741d	Public Overture site+email; zero-HTTP V6 cheap-screen. Final MASTER dedupe/QA required.				overture:0f7befa4-3b3f-40bb-bacb-0884c489741d	rent-nv.com	17756884668	nevada property management	Reno	USA	HIGH	domain:rent-nv.com
	A	91	Sun Prairie	USA	Quick City Property Management LLC		property_management	650 Spring St	+18884424892								overture:c50c533e-62ef-42f4-a957-219cd459cc49	2026-08-15T00:30:13Z		Canonical queue drain | fit A | GitHub MASTER dedupe passed	http://Quickcityprop.com/	hguzman@quickcityprop.com									Medium	Recall-first	https://explore.overturemaps.org/#id=c50c533e-62ef-42f4-a957-219cd459cc49	Public Overture site+email; zero-HTTP V6 cheap-screen. Final MASTER dedupe/QA required.				overture:c50c533e-62ef-42f4-a957-219cd459cc49	quickcityprop.com	18884424892	quick city property management llc	Sun Prairie	USA	MEDIUM	domain:quickcityprop.com
	A	91	London	United Kingdom	Property Management and Survey		property_management	15 Upper Addison Gardens	+447593151558								overture:379b1a98-6251-4e6b-aaf6-e016bc83f8d4	2026-08-15T00:30:13Z		Canonical queue drain | fit A | GitHub MASTER dedupe passed	https://www.propertymanagementandsurvey.com/	marcoclaudio@propertymanagementandsurvey.com									Medium	Recall-first	https://explore.overturemaps.org/#id=379b1a98-6251-4e6b-aaf6-e016bc83f8d4	Public Overture site+email; zero-HTTP V6 cheap-screen. Final MASTER dedupe/QA required.				overture:379b1a98-6251-4e6b-aaf6-e016bc83f8d4	propertymanagementandsurvey.com	447593151558	property management and survey	London	United Kingdom	MEDIUM	domain:propertymanagementandsurvey.com
	A	91	Winder	USA	Prime Realty- Rent and Property Management		real_estate_service	78 E May St	+14709973100								overture:12fc4f2f-f8b5-49b5-a216-bfabbb8b3371	2026-08-15T00:30:13Z		Canonical queue drain | fit A | GitHub MASTER dedupe passed	https://www.primerealtywinder.com/	primerealtywinder@gmail.com									High	Verified	https://explore.overturemaps.org/#id=12fc4f2f-f8b5-49b5-a216-bfabbb8b3371	Public Overture site+email; zero-HTTP V6 cheap-screen. Final MASTER dedupe/QA required.				overture:12fc4f2f-f8b5-49b5-a216-bfabbb8b3371	primerealtywinder.com	14709973100	prime realty rent and property management	Winder	USA	HIGH	domain:primerealtywinder.com
	A	91	Milwaukee	USA	Prestige Property Management Services		property_management	11414 W Park Pl	+14147166270								overture:f1ef0308-fde2-4165-bf74-931c88a0fda0	2026-08-15T00:30:13Z		Canonical queue drain | fit A | GitHub MASTER dedupe passed	http://www.PrestigeMilwaukee.com/	admin@prestigemilwaukee.com									High	Verified	https://explore.overturemaps.org/#id=f1ef0308-fde2-4165-bf74-931c88a0fda0	Public Overture site+email; zero-HTTP V6 cheap-screen. Final MASTER dedupe/QA required.				overture:f1ef0308-fde2-4165-bf74-931c88a0fda0	prestigemilwaukee.com	14147166270	prestige property management services	Milwaukee	USA	HIGH	domain:prestigemilwaukee.com
	A	91	Phoenix	USA	Preserve Property Management		property_management	7776 S Pointe Pkwy W	+14803612706								overture:6ffe8508-0d96-4b9a-acab-67057bf6d71a	2026-08-15T00:30:13Z		Canonical queue drain | fit A | GitHub MASTER dedupe passed	http://www.preservepm.com/	info@preservepm.com									Medium	Recall-first	https://explore.overturemaps.org/#id=6ffe8508-0d96-4b9a-acab-67057bf6d71a	Public Overture site+email; zero-HTTP V6 cheap-screen. Final MASTER dedupe/QA required.				overture:6ffe8508-0d96-4b9a-acab-67057bf6d71a	preservepm.com	14803612706	preserve property management	Phoenix	USA	MEDIUM	domain:preservepm.com
	A	91	Barnsley	United Kingdom	Premier Property Management and Maintenance		property_management	Barnsley Business & Innovation Centre, The Business Village @, Innovation Wy	+441226770088								overture:48d80b69-c636-4173-8467-ad1b316a2fda	2026-08-15T00:30:13Z		Canonical queue drain | fit A | GitHub MASTER dedupe passed	http://www.pp-mm.co.uk/	info@pp-mm.co.uk									Medium	Recall-first	https://explore.overturemaps.org/#id=48d80b69-c636-4173-8467-ad1b316a2fda	Public Overture site+email; zero-HTTP V6 cheap-screen. Final MASTER dedupe/QA required.				overture:48d80b69-c636-4173-8467-ad1b316a2fda	pp-mm.co.uk	441226770088	premier property management and maintenance	Barnsley	United Kingdom	MEDIUM	domain:pp-mm.co.uk
	A	91	Stranraer	United Kingdom	Portpatrick Holiday Homes		holiday_rental_home	14 Main Street	+441776810300								overture:871c5720-387b-4f2d-be91-1e8205879aa9	2026-08-15T00:30:13Z		Canonical queue drain | fit A | GitHub MASTER dedupe passed	http://www.portpatrickholidaylets.com/	allantorrance@aol.com									Medium	Recall-first	https://explore.overturemaps.org/#id=871c5720-387b-4f2d-be91-1e8205879aa9	Public Overture site+email; zero-HTTP V6 cheap-screen. Final MASTER dedupe/QA required.				overture:871c5720-387b-4f2d-be91-1e8205879aa9	portpatrickholidaylets.com	441776810300	portpatrick holiday homes	Stranraer	United Kingdom	MEDIUM	domain:portpatrickholidaylets.com
	A	91	Stevens Point	USA	Portage County Property Management		property_management	3440 Church St	+17152044264								overture:0498d3c6-5a9b-41ee-9590-fa3e57ba5020	2026-08-15T00:30:13Z		Canonical queue drain | fit A | GitHub MASTER dedupe passed	http://www.portagecpm.com/	info@portagecpm.com									Medium	Recall-first	https://explore.overturemaps.org/#id=0498d3c6-5a9b-41ee-9590-fa3e57ba5020	Public Overture site+email; zero-HTTP V6 cheap-screen. Final MASTER dedupe/QA required.				overture:0498d3c6-5a9b-41ee-9590-fa3e57ba5020	portagecpm.com	17152044264	portage county property management	Stevens Point	USA	MEDIUM	domain:portagecpm.com
	A	91	Newbury	United Kingdom	Phoenix Serviced Apartment		service_apartment	46 Bartholomew Street	+443458733881								overture:6e6f4349-b219-496f-88c5-ae6d3f20039e	2026-08-15T00:30:13Z		Canonical queue drain | fit A | GitHub MASTER dedupe passed	http://www.phoenixapartments.co.uk/	info@phoenixapartments.co.uk									High	Verified	https://explore.overturemaps.org/#id=6e6f4349-b219-496f-88c5-ae6d3f20039e	Public Overture site+email; zero-HTTP V6 cheap-screen. Final MASTER dedupe/QA required.				overture:6e6f4349-b219-496f-88c5-ae6d3f20039e	phoenixapartments.co.uk	443458733881	phoenix serviced apartment	Newbury	United Kingdom	HIGH	domain:phoenixapartments.co.uk
	A	91	Battle Creek	USA	Pearse Realty- Property Management Division		real_estate_agent	120 Raymond Rd N	+12699658075								overture:1aa096fd-697a-4225-a799-8ab40c778fdb	2026-08-15T00:30:13Z		Canonical queue drain | fit A | GitHub MASTER dedupe passed	http://pearserealty.com/	rebeccaspenelli@gmail.com									High	Verified	https://explore.overturemaps.org/#id=1aa096fd-697a-4225-a799-8ab40c778fdb	Public Overture site+email; zero-HTTP V6 cheap-screen. Final MASTER dedupe/QA required.				overture:1aa096fd-697a-4225-a799-8ab40c778fdb	pearserealty.com	12699658075	pearse realty property management division	Battle Creek	USA	HIGH	domain:pearserealty.com
	A	91	Περιφερειακή Ενότητα Κέρκυρας	Greece	ZOE Paxos Holiday Home		holiday_rental_home	Ano Boikatika	+306982125258								overture:43ac1a4a-5174-428b-a76e-b74df5eaacf0	2026-08-15T00:30:13Z		Canonical queue drain | fit A | GitHub MASTER dedupe passed	http://www.paxoszoe.com/	info@paxoszoe.com									Medium	Recall-first	https://explore.overturemaps.org/#id=43ac1a4a-5174-428b-a76e-b74df5eaacf0	Public Overture site+email; zero-HTTP V6 cheap-screen. Final MASTER dedupe/QA required.				overture:43ac1a4a-5174-428b-a76e-b74df5eaacf0	paxoszoe.com	306982125258	zoe paxos holiday home	Περιφερειακή Ενότητα Κέρκυρας	Greece	MEDIUM	domain:paxoszoe.com
	A	91	Maggie Valley	USA	Parkers Nest Vacation Home		holiday_rental_home	33 Parker Dr	+19543179123								overture:9d313e64-91f5-48ad-bd2e-a6c3520dbc82	2026-08-15T00:30:13Z		Canonical queue drain | fit A | GitHub MASTER dedupe passed	https://www.parkersnest.com/	vacation@parkersnest.com									High	Verified	https://explore.overturemaps.org/#id=9d313e64-91f5-48ad-bd2e-a6c3520dbc82	Public Overture site+email; zero-HTTP V6 cheap-screen. Final MASTER dedupe/QA required.				overture:9d313e64-91f5-48ad-bd2e-a6c3520dbc82	parkersnest.com	19543179123	parkers nest vacation home	Maggie Valley	USA	HIGH	domain:parkersnest.com
	A	91	Padstow	United Kingdom	Padstow Holiday Home		holiday_rental_home	Egerton Road	+447956326994								overture:533537a4-34ea-4d75-8341-96b427bdee8a	2026-08-15T00:30:13Z		Canonical queue drain | fit A | GitHub MASTER dedupe passed	http://www.padstowholidayhome.com/	trevor@padstowholidayhome.com									High	Verified	https://explore.overturemaps.org/#id=533537a4-34ea-4d75-8341-96b427bdee8a	Public Overture site+email; zero-HTTP V6 cheap-screen. Final MASTER dedupe/QA required.				overture:533537a4-34ea-4d75-8341-96b427bdee8a	padstowholidayhome.com	447956326994	padstow holiday home	Padstow	United Kingdom	HIGH	domain:padstowholidayhome.com
	A	91	Lewes	United Kingdom	Owl Cottage Serviced Accommodation		holiday_rental_home	North Chailey	+447551555779								overture:b6154d21-1b4c-4cd4-9f77-3fd1e0a858e3	2026-08-15T00:30:13Z		Canonical queue drain | fit A | GitHub MASTER dedupe passed	http://owlcottagerental.co.uk/	owlcottagerentals@gmail.com									Medium	Recall-first	https://explore.overturemaps.org/#id=b6154d21-1b4c-4cd4-9f77-3fd1e0a858e3	Public Overture site+email; zero-HTTP V6 cheap-screen. Final MASTER dedupe/QA required.				overture:b6154d21-1b4c-4cd4-9f77-3fd1e0a858e3	owlcottagerental.co.uk	447551555779	owl cottage serviced accommodation	Lewes	United Kingdom	MEDIUM	domain:owlcottagerental.co.uk
	A	91	Manchester	United Kingdom	Orlando 4 Villas		holiday_rental_home	7 Memorial Road	+441617033170								overture:8e11aa3f-087f-4668-8cde-10503ea420aa	2026-08-15T00:30:13Z		Canonical queue drain | fit A | GitHub MASTER dedupe passed	http://www.orlando4villas.com/	admin@orlando4villas.com									High	Verified	https://explore.overturemaps.org/#id=8e11aa3f-087f-4668-8cde-10503ea420aa	Public Overture site+email; zero-HTTP V6 cheap-screen. Final MASTER dedupe/QA required.				overture:8e11aa3f-087f-4668-8cde-10503ea420aa	orlando4villas.com	441617033170	orlando 4 villas	Manchester	United Kingdom	HIGH	domain:orlando4villas.com
	A	91	Greeley	USA	One Way Property Management		property_management	1008 8th St	+19705155004								overture:bd3234ba-b17e-4d9b-82c7-cf1c2365ce42	2026-08-15T00:30:13Z		Canonical queue drain | fit A | GitHub MASTER dedupe passed	http://onewaypropertymanagement.com	onewayproman@gmail.com									High	Verified	https://explore.overturemaps.org/#id=bd3234ba-b17e-4d9b-82c7-cf1c2365ce42	Public Overture site+email; zero-HTTP V6 cheap-screen. Final MASTER dedupe/QA required.				overture:bd3234ba-b17e-4d9b-82c7-cf1c2365ce42	onewaypropertymanagement.com	19705155004	one way property management	Greeley	USA	HIGH	domain:onewaypropertymanagement.com
	A	91	Blountville	USA	Noble Oak Property Management		property_management	3070 Highway 126	+14234562490								overture:c75de4b8-dc7e-4493-a252-e74aa69acf2e	2026-08-15T00:30:13Z		Canonical queue drain | fit A | GitHub MASTER dedupe passed	https://NobleOakPM.com/	info@nobleoakpm.com									High	Verified	https://explore.overturemaps.org/#id=c75de4b8-dc7e-4493-a252-e74aa69acf2e	Public Overture site+email; zero-HTTP V6 cheap-screen. Final MASTER dedupe/QA required.				overture:c75de4b8-dc7e-4493-a252-e74aa69acf2e	nobleoakpm.com	14234562490	noble oak property management	Blountville	USA	HIGH	domain:nobleoakpm.com
	A	91	Madera	USA	Newton Property Management		property_management	420 W Yosemite Ave	+15596737576								overture:9b2e186a-4a79-42df-a83d-f1253279afd4	2026-08-15T00:30:13Z		Canonical queue drain | fit A | GitHub MASTER dedupe passed	http://newtonpropertymanagementinc.net/	newtonproperty4u@aol.com									High	Verified	https://explore.overturemaps.org/#id=9b2e186a-4a79-42df-a83d-f1253279afd4	Public Overture site+email; zero-HTTP V6 cheap-screen. Final MASTER dedupe/QA required.				overture:9b2e186a-4a79-42df-a83d-f1253279afd4	newtonpropertymanagementinc.net	15596737576	newton property management	Madera	USA	HIGH	domain:newtonpropertymanagementinc.net
	A	91	Oakdale	USA	MVP Property Management		property_management	132 N 3rd Ave	+12092223272								overture:2ff72086-a0c8-4def-b86e-da902465fa71	2026-08-15T00:30:13Z		Canonical queue drain | fit A | GitHub MASTER dedupe passed	http://www.MVPrents.com/	info@mvprents.com									High	Verified	https://explore.overturemaps.org/#id=2ff72086-a0c8-4def-b86e-da902465fa71	Public Overture site+email; zero-HTTP V6 cheap-screen. Final MASTER dedupe/QA required.				overture:2ff72086-a0c8-4def-b86e-da902465fa71	mvprents.com	12092223272	mvp property management	Oakdale	USA	HIGH	domain:mvprents.com
	A	91	Swansea	United Kingdom	Mumbles holiday homes		hotel	484 Mumbles Road	+447776464869								overture:1230ed9a-435c-4b87-80b7-f0c7b48eb375	2026-08-15T00:30:13Z		Canonical queue drain | fit A | GitHub MASTER dedupe passed	http://www.mumblesholidayhomes.co.uk/	enquiries@mumblesholidayhomes.co.uk									Medium	Recall-first	https://explore.overturemaps.org/#id=1230ed9a-435c-4b87-80b7-f0c7b48eb375	Public Overture site+email; zero-HTTP V6 cheap-screen. Final MASTER dedupe/QA required.				overture:1230ed9a-435c-4b87-80b7-f0c7b48eb375	mumblesholidayhomes.co.uk	447776464869	mumbles holiday homes	Swansea	United Kingdom	MEDIUM	domain:mumblesholidayhomes.co.uk
	A	91	Lodi	USA	MT Property Management		property_management	4 N School St	+12092101704								overture:2e6e99f1-b3fe-4a74-bb3a-798d0621c1e0	2026-08-15T00:30:13Z		Canonical queue drain | fit A | GitHub MASTER dedupe passed	http://www.mtpropertymanagement.co/	jrmproperties@gmail.com									High	Verified	https://explore.overturemaps.org/#id=2e6e99f1-b3fe-4a74-bb3a-798d0621c1e0	Public Overture site+email; zero-HTTP V6 cheap-screen. Final MASTER dedupe/QA required.				overture:2e6e99f1-b3fe-4a74-bb3a-798d0621c1e0	mtpropertymanagement.co	12092101704	mt property management	Lodi	USA	HIGH	domain:mtpropertymanagement.co
	A	91	Waynesville	USA	Moose Crossing Log Cabin Rentals		cabin	2770 Old Balsam Rd	+18284522550								overture:93915f54-0686-4b2b-803c-11102cfa5800	2026-08-15T00:30:13Z		Canonical queue drain | fit A | GitHub MASTER dedupe passed	http://www.moosecrossing.com/	cabins@moosecrossing.com									High	Verified	https://explore.overturemaps.org/#id=93915f54-0686-4b2b-803c-11102cfa5800	Public Overture site+email; zero-HTTP V6 cheap-screen. Final MASTER dedupe/QA required.				overture:93915f54-0686-4b2b-803c-11102cfa5800	moosecrossing.com	18284522550	moose crossing log cabin rentals	Waynesville	USA	HIGH	domain:moosecrossing.com
	A	91	Wimborne	United Kingdom	Moors Property Management		property_management	444 Ringwood Rd	+441202825572								overture:0fa8ef9b-2958-4dd0-bc08-1c394033cf00	2026-08-15T00:30:13Z		Canonical queue drain | fit A | GitHub MASTER dedupe passed	http://www.moorsproperties.co.uk	office@moorsproperties.co.uk									Medium	Recall-first	https://explore.overturemaps.org/#id=0fa8ef9b-2958-4dd0-bc08-1c394033cf00	Public Overture site+email; zero-HTTP V6 cheap-screen. Final MASTER dedupe/QA required.				overture:0fa8ef9b-2958-4dd0-bc08-1c394033cf00	moorsproperties.co.uk	441202825572	moors property management	Wimborne	United Kingdom	MEDIUM	domain:moorsproperties.co.uk
	A	91	Lauria	Italy	Moon Valley Holiday Home		holiday_rental_home	Contrada Galdo, 26	+393333916896								overture:c667f6a1-55f4-472c-a1c7-c75371c50f52	2026-08-15T00:30:13Z		Canonical queue drain | fit A | GitHub MASTER dedupe passed	http://www.moonvalleylauria.com/	moonvalleylauria@gmail.com									Medium	Recall-first	https://explore.overturemaps.org/#id=c667f6a1-55f4-472c-a1c7-c75371c50f52	Public Overture site+email; zero-HTTP V6 cheap-screen. Final MASTER dedupe/QA required.				overture:c667f6a1-55f4-472c-a1c7-c75371c50f52	moonvalleylauria.com	393333916896	moon valley holiday home	Lauria	Italy	MEDIUM	domain:moonvalleylauria.com
	A	91	Boulder	USA	Mock Property Management		real_estate_agent	825 S Broadway St Ste 200	(303) 494-2955								overture:eca9e69e-bb07-4a38-ab40-793ea2b21c09	2026-08-15T00:30:13Z		Canonical queue drain | fit A | GitHub MASTER dedupe passed	http://www.mockpm.com	mail@mockpm.com									Medium	Recall-first	https://explore.overturemaps.org/#id=eca9e69e-bb07-4a38-ab40-793ea2b21c09	Public Overture site+email; zero-HTTP V6 cheap-screen. Final MASTER dedupe/QA required.				overture:eca9e69e-bb07-4a38-ab40-793ea2b21c09	mockpm.com	3034942955	mock property management	Boulder	USA	MEDIUM	domain:mockpm.com
	A	91	Sonora	USA	Mother Lode Property Management		property_management	14255 Mono Way	+12095328147								overture:a75f033c-c912-439e-ab50-d19c586e5759	2026-08-15T00:30:13Z		Canonical queue drain | fit A | GitHub MASTER dedupe passed	http://www.mlpmrentals.com	info@mlpmrentals.com									High	Verified	https://explore.overturemaps.org/#id=a75f033c-c912-439e-ab50-d19c586e5759	Public Overture site+email; zero-HTTP V6 cheap-screen. Final MASTER dedupe/QA required.				overture:a75f033c-c912-439e-ab50-d19c586e5759	mlpmrentals.com	12095328147	mother lode property management	Sonora	USA	HIGH	domain:mlpmrentals.com
	A	91	Warner Robins	USA	FHG Property Management - FHG Realty Group		property_management	2525 Moody Rd	+14789192016								overture:78f3c3d2-b91a-4bed-8d7e-943437e15c87	2026-08-15T00:30:13Z		Canonical queue drain | fit A | GitHub MASTER dedupe passed	http://www.MidGaForRent.com/	fhgpropertymanagement@gmail.com									High	Verified	https://explore.overturemaps.org/#id=78f3c3d2-b91a-4bed-8d7e-943437e15c87	Public Overture site+email; zero-HTTP V6 cheap-screen. Final MASTER dedupe/QA required.				overture:78f3c3d2-b91a-4bed-8d7e-943437e15c87	midgaforrent.com	14789192016	fhg property management fhg realty group	Warner Robins	USA	HIGH	domain:midgaforrent.com
	A	91	Roanoke Rapids	USA	Meleco Property Management		property_management	937 Carolina St	+12525335902								overture:b47d1329-3f4e-45e1-9340-e19d178673cc	2026-08-15T00:30:13Z		Canonical queue drain | fit A | GitHub MASTER dedupe passed	http://www.melecoinc.com	rent@melecoinc.com									High	Verified	https://explore.overturemaps.org/#id=b47d1329-3f4e-45e1-9340-e19d178673cc	Public Overture site+email; zero-HTTP V6 cheap-screen. Final MASTER dedupe/QA required.				overture:b47d1329-3f4e-45e1-9340-e19d178673cc	melecoinc.com	12525335902	meleco property management	Roanoke Rapids	USA	HIGH	domain:melecoinc.com
	A	91	Aurora	USA	Maximum Property Management		property_management	2851 S Parker Rd Ste 840	(303) 369-0800								overture:732eee0d-96e3-482a-ba5d-e236dc79068f	2026-08-15T00:30:13Z		Canonical queue drain | fit A | GitHub MASTER dedupe passed	http://www.maximummgt.com	tammy@maximummgt.com									Medium	Recall-first	https://explore.overturemaps.org/#id=732eee0d-96e3-482a-ba5d-e236dc79068f	Public Overture site+email; zero-HTTP V6 cheap-screen. Final MASTER dedupe/QA required.				overture:732eee0d-96e3-482a-ba5d-e236dc79068f	maximummgt.com	3033690800	maximum property management	Aurora	USA	MEDIUM	domain:maximummgt.com
	A	91	Manistee	USA	Manistee Rental Management		property_management	428 1st St	+12312991180								overture:aa3ba136-25d2-4658-8454-69a6df3605be	2026-08-15T00:30:13Z		Canonical queue drain | fit A | GitHub MASTER dedupe passed	http://www.manisteerent.com/	manisteerealestate@gmail.com									High	Verified	https://explore.overturemaps.org/#id=aa3ba136-25d2-4658-8454-69a6df3605be	Public Overture site+email; zero-HTTP V6 cheap-screen. Final MASTER dedupe/QA required.				overture:aa3ba136-25d2-4658-8454-69a6df3605be	manisteerent.com	12312991180	manistee rental management	Manistee	USA	HIGH	domain:manisteerent.com
	A	91	Dillon	USA	EJ's Property Management & Maintenance Inc.		property_management	110 Evergreen Rd	+19704853702								overture:1db09721-0c59-469f-bb01-d337031557c8	2026-08-15T00:30:13Z		Canonical queue drain | fit A | GitHub MASTER dedupe passed	http://www.managesummit.com/	erik@managesummit.com									Medium	Recall-first	https://explore.overturemaps.org/#id=1db09721-0c59-469f-bb01-d337031557c8	Public Overture site+email; zero-HTTP V6 cheap-screen. Final MASTER dedupe/QA required.				overture:1db09721-0c59-469f-bb01-d337031557c8	managesummit.com	19704853702	ej s property management maintenance inc	Dillon	USA	MEDIUM	domain:managesummit.com
	A	91	Pleasanton	USA	Liberty Property Management		property_management	350 Main St	+19256668490								overture:14056964-57d5-4db1-83c9-d1f41f679e98	2026-08-15T00:30:13Z		Canonical queue drain | fit A | GitHub MASTER dedupe passed	http://www.lpm1.com/	liberty@lpm1.com									High	Verified	https://explore.overturemaps.org/#id=14056964-57d5-4db1-83c9-d1f41f679e98	Public Overture site+email; zero-HTTP V6 cheap-screen. Final MASTER dedupe/QA required.				overture:14056964-57d5-4db1-83c9-d1f41f679e98	lpm1.com	19256668490	liberty property management	Pleasanton	USA	HIGH	domain:lpm1.com
	A	91	Toledo	USA	LPG Realty and Property Management		property_management	5454 Airport Hwy	+14195750064								overture:426751d9-8860-46ab-8f3f-71e40c974cf2	2026-08-15T00:30:13Z		Canonical queue drain | fit A | GitHub MASTER dedupe passed	http://www.lpgtoledo.com/	lpg@lpgtoledo.com									High	Verified	https://explore.overturemaps.org/#id=426751d9-8860-46ab-8f3f-71e40c974cf2	Public Overture site+email; zero-HTTP V6 cheap-screen. Final MASTER dedupe/QA required.				overture:426751d9-8860-46ab-8f3f-71e40c974cf2	lpgtoledo.com	14195750064	lpg realty and property management	Toledo	USA	HIGH	domain:lpgtoledo.com
	A	91	Caherciveen	Ireland	Lough Currane Holiday Homes		hotel	Southview Terrace	+353669414714								overture:8ba1b3e1-f4fe-433f-a87e-47044f83d52d	2026-08-15T00:30:13Z		Canonical queue drain | fit A | GitHub MASTER dedupe passed	http://www.loughcurranehomes.com/	info@loughcurranehomes.com									High	Verified	https://explore.overturemaps.org/#id=8ba1b3e1-f4fe-433f-a87e-47044f83d52d	Public Overture site+email; zero-HTTP V6 cheap-screen. Final MASTER dedupe/QA required.				overture:8ba1b3e1-f4fe-433f-a87e-47044f83d52d	loughcurranehomes.com	353669414714	lough currane holiday homes	Caherciveen	Ireland	HIGH	domain:loughcurranehomes.com
	A	91	Lake Delton	USA	Log Gables		holiday_rental_home	31 Canyon Rd	+16084323377								overture:ae4f6bcf-b67a-42dc-bdbc-298799493d10	2026-08-15T00:30:13Z		Canonical queue drain | fit A | GitHub MASTER dedupe passed	http://www.loggables.com/	dianne@loggables.com									High	Verified	https://explore.overturemaps.org/#id=ae4f6bcf-b67a-42dc-bdbc-298799493d10	Public Overture site+email; zero-HTTP V6 cheap-screen. Final MASTER dedupe/QA required.				overture:ae4f6bcf-b67a-42dc-bdbc-298799493d10	loggables.com	16084323377	log gables	Lake Delton	USA	HIGH	domain:loggables.com
	A	91	Townsend	USA	The Lily Barn Cabin Rentals		holiday_rental_home	7807 E Lamar Alexander Pkwy	+18654488697								overture:c98bab11-43b1-44ba-96bd-b9bae0d7c37d	2026-08-15T00:30:13Z		Canonical queue drain | fit A | GitHub MASTER dedupe passed	http://www.lilybarncabins.com/	lilybarnevents@gmail.com									High	Verified	https://explore.overturemaps.org/#id=c98bab11-43b1-44ba-96bd-b9bae0d7c37d	Public Overture site+email; zero-HTTP V6 cheap-screen. Final MASTER dedupe/QA required.				overture:c98bab11-43b1-44ba-96bd-b9bae0d7c37d	lilybarncabins.com	18654488697	the lily barn cabin rentals	Townsend	USA	HIGH	domain:lilybarncabins.com
	A	91	Cambridge	United Kingdom	Lillys Property Management		real_estate_agent	6 High Street	+441954719001								overture:ef1ab7ff-abe9-4e2e-a232-02b05ae980e6	2026-08-15T00:30:13Z		Canonical queue drain | fit A | GitHub MASTER dedupe passed	http://www.lillyslettings.co.uk/	info@lillyslettings.co.uk									High	Verified	https://explore.overturemaps.org/#id=ef1ab7ff-abe9-4e2e-a232-02b05ae980e6	Public Overture site+email; zero-HTTP V6 cheap-screen. Final MASTER dedupe/QA required.				overture:ef1ab7ff-abe9-4e2e-a232-02b05ae980e6	lillyslettings.co.uk	441954719001	lillys property management	Cambridge	United Kingdom	HIGH	domain:lillyslettings.co.uk
	A	91	Orland Park	USA	Liberty Pointe Property Management LLC		property_management	14234 John Humphrey Dr	+17085904836								overture:ec8e73da-4a97-476b-8ba4-b934e3dfda2a	2026-08-15T00:30:13Z		Canonical queue drain | fit A | GitHub MASTER dedupe passed	http://www.libertypointemanagement.com/	properties@libertypointemanagement.com									High	Verified	https://explore.overturemaps.org/#id=ec8e73da-4a97-476b-8ba4-b934e3dfda2a	Public Overture site+email; zero-HTTP V6 cheap-screen. Final MASTER dedupe/QA required.				overture:ec8e73da-4a97-476b-8ba4-b934e3dfda2a	libertypointemanagement.com	17085904836	liberty pointe property management llc	Orland Park	USA	HIGH	domain:libertypointemanagement.com
	A	91	Martina Franca	Italy	Le Perle d'Itria Holiday Home		holiday_rental_home	Via Italo Calvino, 43	+393381617930								overture:d693b2ea-d912-4c5f-b8db-8d496ca5499f	2026-08-15T00:30:13Z		Canonical queue drain | fit A | GitHub MASTER dedupe passed	http://leperleditria.com/	domenicofumarola9@gmail.com									High	Verified	https://explore.overturemaps.org/#id=d693b2ea-d912-4c5f-b8db-8d496ca5499f	Public Overture site+email; zero-HTTP V6 cheap-screen. Final MASTER dedupe/QA required.				overture:d693b2ea-d912-4c5f-b8db-8d496ca5499f	leperleditria.com	393381617930	le perle d itria holiday home	Martina Franca	Italy	HIGH	domain:leperleditria.com
	A	91	Hobart	USA	Legacy Property Management		property_management	621 W 39th Pl	+12193335478								overture:26883677-4538-4fd6-a8eb-3b8199b6a077	2026-08-15T00:30:13Z		Canonical queue drain | fit A | GitHub MASTER dedupe passed	https://legacy-nwi.com/	david@legacy-nwi.com									High	Verified	https://explore.overturemaps.org/#id=26883677-4538-4fd6-a8eb-3b8199b6a077	Public Overture site+email; zero-HTTP V6 cheap-screen. Final MASTER dedupe/QA required.				overture:26883677-4538-4fd6-a8eb-3b8199b6a077	legacy-nwi.com	12193335478	legacy property management	Hobart	USA	HIGH	domain:legacy-nwi.com
	A	91	Windsor	USA	Lavender Property Management		property_management	1105 Bruce Ave	+15199035291								overture:28d0d7aa-498b-4d4b-b1bf-fe01fa466d26	2026-08-15T00:30:13Z		Canonical queue drain | fit A | GitHub MASTER dedupe passed	http://www.lavenderpm.com/	info@lavenderpm.com									High	Verified	https://explore.overturemaps.org/#id=28d0d7aa-498b-4d4b-b1bf-fe01fa466d26	Public Overture site+email; zero-HTTP V6 cheap-screen. Final MASTER dedupe/QA required.				overture:28d0d7aa-498b-4d4b-b1bf-fe01fa466d26	lavenderpm.com	15199035291	lavender property management	Windsor	USA	HIGH	domain:lavenderpm.com
	A	91	Eagle River	USA	Lakeside Rental Management		property_management	3059 N Carpenter Lake Rd	+18476518592								overture:1a546e84-ce1f-4a56-abed-3542f1bc1b16	2026-08-15T00:30:13Z		Canonical queue drain | fit A | GitHub MASTER dedupe passed	http://lakesiderentalmanagement.com/	cinh4140@aol.com									Medium	Recall-first	https://explore.overturemaps.org/#id=1a546e84-ce1f-4a56-abed-3542f1bc1b16	Public Overture site+email; zero-HTTP V6 cheap-screen. Final MASTER dedupe/QA required.				overture:1a546e84-ce1f-4a56-abed-3542f1bc1b16	lakesiderentalmanagement.com	18476518592	lakeside rental management	Eagle River	USA	MEDIUM	domain:lakesiderentalmanagement.com
	A	91	Lecce	Italy	La Casetta Holiday home		holiday_rental_home	Piazzetta Innocenzo XIII, 8	+393477438536								overture:6857cc28-61ca-43c0-8639-d4c3670c8777	2026-08-15T00:30:13Z		Canonical queue drain | fit A | GitHub MASTER dedupe passed	http://www.lacasetta.org/	mariasole246@gmail.com									Medium	Recall-first	https://explore.overturemaps.org/#id=6857cc28-61ca-43c0-8639-d4c3670c8777	Public Overture site+email; zero-HTTP V6 cheap-screen. Final MASTER dedupe/QA required.				overture:6857cc28-61ca-43c0-8639-d4c3670c8777	lacasetta.org	393477438536	la casetta holiday home	Lecce	Italy	MEDIUM	domain:lacasetta.org
	A	91	Loughborough	United Kingdom	Kings Property Management & Lettings		property_management	36 King Street	+441509816832								overture:b4d49693-3b54-49ce-a4f2-f3556e190caa	2026-08-15T00:30:13Z		Canonical queue drain | fit A | GitHub MASTER dedupe passed	http://www.kings-properties.co.uk/	damoncoe.kingslettings@hotmail.com									High	Verified	https://explore.overturemaps.org/#id=b4d49693-3b54-49ce-a4f2-f3556e190caa	Public Overture site+email; zero-HTTP V6 cheap-screen. Final MASTER dedupe/QA required.				overture:b4d49693-3b54-49ce-a4f2-f3556e190caa	kings-properties.co.uk	441509816832	kings property management lettings	Loughborough	United Kingdom	HIGH	domain:kings-properties.co.uk
	A	91	Pigeon Forge	USA	Kimble Cabin Rentals		holiday_rental_home	3346 Parkway	(865) 429-0090								overture:bd9c0472-3eea-4db1-b712-ac5c869f7f59	2026-08-15T00:30:13Z		Canonical queue drain | fit A | GitHub MASTER dedupe passed	http://www.kimblerentals.com	info@kimblerentals.com									High	Verified	https://explore.overturemaps.org/#id=bd9c0472-3eea-4db1-b712-ac5c869f7f59	Public Overture site+email; zero-HTTP V6 cheap-screen. Final MASTER dedupe/QA required.				overture:bd9c0472-3eea-4db1-b712-ac5c869f7f59	kimblerentals.com	8654290090	kimble cabin rentals	Pigeon Forge	USA	HIGH	domain:kimblerentals.com
	A	91	Fond du Lac	USA	Katz Property Management LLC		landscaping	43 W 12th St	+19205153844								overture:0c54987e-0c38-4029-a0c1-aaeba8a71662	2026-08-15T00:30:13Z		Canonical queue drain | fit A | GitHub MASTER dedupe passed	https://katzpropertymanagementllc.com/services	katzpropertymanagementllc@gmail.com									High	Verified	https://explore.overturemaps.org/#id=0c54987e-0c38-4029-a0c1-aaeba8a71662	Public Overture site+email; zero-HTTP V6 cheap-screen. Final MASTER dedupe/QA required.				overture:0c54987e-0c38-4029-a0c1-aaeba8a71662	katzpropertymanagementllc.com	19205153844	katz property management llc	Fond du Lac	USA	HIGH	domain:katzpropertymanagementllc.com
	A	91	Llanelli	United Kingdom	JustLet Property Management		property_management	8 Cedric Street	+447368449667								overture:62af20ed-25b6-4246-b15e-4bbeb4847ad3	2026-08-15T00:30:13Z		Canonical queue drain | fit A | GitHub MASTER dedupe passed	http://www.justletpropertymanagement.com/	justletpropertymanagement@gmail.com									Medium	Recall-first	https://explore.overturemaps.org/#id=62af20ed-25b6-4246-b15e-4bbeb4847ad3	Public Overture site+email; zero-HTTP V6 cheap-screen. Final MASTER dedupe/QA required.				overture:62af20ed-25b6-4246-b15e-4bbeb4847ad3	justletpropertymanagement.com	447368449667	justlet property management	Llanelli	United Kingdom	MEDIUM	domain:justletpropertymanagement.com
	A	91	Angels Camp	USA	Jordan Oaks Vineyard Vacation Rentals		holiday_rental_home	4853 Highway 4	+14084764809								overture:6f86d812-9c35-4397-bf11-50c42ff32ee9	2026-08-15T00:30:13Z		Canonical queue drain | fit A | GitHub MASTER dedupe passed	http://jordanoaks.com/	nuala@jordanoaks.com									High	Verified	https://explore.overturemaps.org/#id=6f86d812-9c35-4397-bf11-50c42ff32ee9	Public Overture site+email; zero-HTTP V6 cheap-screen. Final MASTER dedupe/QA required.				overture:6f86d812-9c35-4397-bf11-50c42ff32ee9	jordanoaks.com	14084764809	jordan oaks vineyard vacation rentals	Angels Camp	USA	HIGH	domain:jordanoaks.com
	A	91	Durham	USA	Fortress Property Management		real_estate_service	7206 Leesville Rd	+19194842280								overture:f1e882be-19c6-406d-a395-bd1d45ee1909	2026-08-15T00:30:13Z		Canonical queue drain | fit A | GitHub MASTER dedupe passed	http://www.joemitchellrealty.com/	jmt.rtp@gmail.com									High	Verified	https://explore.overturemaps.org/#id=f1e882be-19c6-406d-a395-bd1d45ee1909	Public Overture site+email; zero-HTTP V6 cheap-screen. Final MASTER dedupe/QA required.				overture:f1e882be-19c6-406d-a395-bd1d45ee1909	joemitchellrealty.com	19194842280	fortress property management	Durham	USA	HIGH	domain:joemitchellrealty.com
	A	91	Salem	USA	South Carolina Lake Vacation House		holiday_rental_home	694 Jocassee Lake Rd	+18438224948								overture:9cee3e58-0eab-4051-a4f4-282b51ffd3b3	2026-08-15T00:30:13Z		Canonical queue drain | fit A | GitHub MASTER dedupe passed	http://jocassee-vacation.com/	maplecrestmgr@gmail.com									High	Verified	https://explore.overturemaps.org/#id=9cee3e58-0eab-4051-a4f4-282b51ffd3b3	Public Overture site+email; zero-HTTP V6 cheap-screen. Final MASTER dedupe/QA required.				overture:9cee3e58-0eab-4051-a4f4-282b51ffd3b3	jocassee-vacation.com	18438224948	south carolina lake vacation house	Salem	USA	HIGH	domain:jocassee-vacation.com
	A	91	Birmingham	United Kingdom	The Jewellery Suites, Serviced Apartments, St Pauls Square, Birmingham		holiday_rental_home	81 Caroline Street	+447854817663								overture:d30499b9-3e9c-4400-a443-8650c5ab4df5	2026-08-15T00:30:13Z		Canonical queue drain | fit A | GitHub MASTER dedupe passed	http://www.jewellerysuites.co.uk/	bookings@jewellerysuites.co.uk									High	Verified	https://explore.overturemaps.org/#id=d30499b9-3e9c-4400-a443-8650c5ab4df5	Public Overture site+email; zero-HTTP V6 cheap-screen. Final MASTER dedupe/QA required.				overture:d30499b9-3e9c-4400-a443-8650c5ab4df5	jewellerysuites.co.uk	447854817663	the jewellery suites serviced apartments st pauls square birmingham	Birmingham	United Kingdom	HIGH	domain:jewellerysuites.co.uk
	A	91	Ogden	USA	Regency Real Estate Group & Property Management		property_management	5315 S 500 E	+18014794440								overture:8b1f9a34-d240-4129-93e8-b353da7ef868	2026-08-15T00:30:13Z		Canonical queue drain | fit A | GitHub MASTER dedupe passed	http://www.jeffclifford.com	regencytoday@gmail.com									High	Verified	https://explore.overturemaps.org/#id=8b1f9a34-d240-4129-93e8-b353da7ef868	Public Overture site+email; zero-HTTP V6 cheap-screen. Final MASTER dedupe/QA required.				overture:8b1f9a34-d240-4129-93e8-b353da7ef868	jeffclifford.com	18014794440	regency real estate group property management	Ogden	USA	HIGH	domain:jeffclifford.com
	A	91	Cedar City	USA	J & E Property Management & Sales		property_management	330 W 200 N	(435) 267-2868								overture:6190cb4f-6355-4948-98cf-f06bb7bcf537	2026-08-15T00:30:13Z		Canonical queue drain | fit A | GitHub MASTER dedupe passed	http://www.je-property.com	je.pm.sales@gmail.com									High	Verified	https://explore.overturemaps.org/#id=6190cb4f-6355-4948-98cf-f06bb7bcf537	Public Overture site+email; zero-HTTP V6 cheap-screen. Final MASTER dedupe/QA required.				overture:6190cb4f-6355-4948-98cf-f06bb7bcf537	je-property.com	4352672868	j e property management sales	Cedar City	USA	HIGH	domain:je-property.com
	A	91	Oregon	USA	JC Property Management, LLC		property_management		+16082198074								overture:d4b398c3-d454-4359-8ef3-af6df52bf9a1	2026-08-15T00:30:13Z		Canonical queue drain | fit A | GitHub MASTER dedupe passed	http://www.jcpropertymgt.com/	info@jcpropertymgt.com									Medium	Recall-first	https://explore.overturemaps.org/#id=d4b398c3-d454-4359-8ef3-af6df52bf9a1	Public Overture site+email; zero-HTTP V6 cheap-screen. Final MASTER dedupe/QA required.				overture:d4b398c3-d454-4359-8ef3-af6df52bf9a1	jcpropertymgt.com	16082198074	jc property management llc	Oregon	USA	MEDIUM	domain:jcpropertymgt.com
	A	91	Martina Franca	Italy	Itria luxury stays		holiday_rental_home	Strada Paretone Zona I, 194	+393409128582								overture:1e6669bf-8a84-44eb-b052-e28ee5184e2a	2026-08-15T00:30:13Z		Canonical queue drain | fit A | GitHub MASTER dedupe passed	https://www.itrialuxurystays.com/	itrialuxurystays@gmail.com									Medium	Recall-first	https://explore.overturemaps.org/#id=1e6669bf-8a84-44eb-b052-e28ee5184e2a	Public Overture site+email; zero-HTTP V6 cheap-screen. Final MASTER dedupe/QA required.				overture:1e6669bf-8a84-44eb-b052-e28ee5184e2a	itrialuxurystays.com	393409128582	itria luxury stays	Martina Franca	Italy	MEDIUM	domain:itrialuxurystays.com
	A	91	Chicago	USA	Infinity Property Management		property_management	1608 W Sherwin Ave	(773) 381-4732								overture:57b1f1f9-cf57-469d-9a6f-b6d194d5139d	2026-08-15T00:30:13Z		Canonical queue drain | fit A | GitHub MASTER dedupe passed	http://infinity-realty.com	infinityrealtygroup@yahoo.com									High	Verified	https://explore.overturemaps.org/#id=57b1f1f9-cf57-469d-9a6f-b6d194d5139d	Public Overture site+email; zero-HTTP V6 cheap-screen. Final MASTER dedupe/QA required.				overture:57b1f1f9-cf57-469d-9a6f-b6d194d5139d	infinity-realty.com	7733814732	infinity property management	Chicago	USA	HIGH	domain:infinity-realty.com
	A	91	Denver	USA	Impact Property Management		property_management	7900 E Union Ave	+17202541714								overture:d6b88a56-8a73-45e1-bcec-bd7dab02c21e	2026-08-15T00:30:13Z		Canonical queue drain | fit A | GitHub MASTER dedupe passed	http://impactproperty.net/	applicants@impactproperty.net									High	Verified	https://explore.overturemaps.org/#id=d6b88a56-8a73-45e1-bcec-bd7dab02c21e	Public Overture site+email; zero-HTTP V6 cheap-screen. Final MASTER dedupe/QA required.				overture:d6b88a56-8a73-45e1-bcec-bd7dab02c21e	impactproperty.net	17202541714	impact property management	Denver	USA	HIGH	domain:impactproperty.net
	A	91	Sneads Ferry	USA	Idealist Property Management		property_management	2017 NC-172	+19103045707								overture:c4da9014-932c-4aa8-b851-6b7946c337f8	2026-08-15T00:30:13Z		Canonical queue drain | fit A | GitHub MASTER dedupe passed	http://www.idealistpm.com/	idealistpm@gmail.com									High	Verified	https://explore.overturemaps.org/#id=c4da9014-932c-4aa8-b851-6b7946c337f8	Public Overture site+email; zero-HTTP V6 cheap-screen. Final MASTER dedupe/QA required.				overture:c4da9014-932c-4aa8-b851-6b7946c337f8	idealistpm.com	19103045707	idealist property management	Sneads Ferry	USA	HIGH	domain:idealistpm.com
	A	91	Fleetwood	United Kingdom	HomeQuest Property Management Services		property_management	4 Poulton Road	+441253776628								overture:20e4ecda-227c-465a-90a3-bf81793d2bd8	2026-08-15T00:30:13Z		Canonical queue drain | fit A | GitHub MASTER dedupe passed	http://homequestproperty.co.uk/	info@homequestproperty.co.uk									Medium	Recall-first	https://explore.overturemaps.org/#id=20e4ecda-227c-465a-90a3-bf81793d2bd8	Public Overture site+email; zero-HTTP V6 cheap-screen. Final MASTER dedupe/QA required.				overture:20e4ecda-227c-465a-90a3-bf81793d2bd8	homequestproperty.co.uk	441253776628	homequest property management services	Fleetwood	United Kingdom	MEDIUM	domain:homequestproperty.co.uk
	A	91	San Vito Chietino	Italy	Holiday Homes VK - La Casa dei Desideri - Il Nido d'Amore		holiday_rental_home	Via Giovanni XXIII, 145	+393755671624								overture:bf90938b-ef6b-45c5-af1b-fa556852f65f	2026-08-15T00:30:13Z		Canonical queue drain | fit A | GitHub MASTER dedupe passed	http://www.holidayhomesvk.com/	info@holidayhomesvk.com									Medium	Recall-first	https://explore.overturemaps.org/#id=bf90938b-ef6b-45c5-af1b-fa556852f65f	Public Overture site+email; zero-HTTP V6 cheap-screen. Final MASTER dedupe/QA required.				overture:bf90938b-ef6b-45c5-af1b-fa556852f65f	holidayhomesvk.com	393755671624	holiday homes vk la casa dei desideri il nido d amore	San Vito Chietino	Italy	MEDIUM	domain:holidayhomesvk.com
	A	91	Castiglione della Pescaia	Italy	Holiday Homes Marina		holiday_rental_home	Via del Castello - Punta Ala\n\n	+393534545795								overture:5536ad06-4fe7-4023-ba63-f0bbfaa6754b	2026-08-15T00:30:13Z		Canonical queue drain | fit A | GitHub MASTER dedupe passed	http://www.holidayhomesmarina.com/	info@holidayhomesmarina.com									High	Verified	https://explore.overturemaps.org/#id=5536ad06-4fe7-4023-ba63-f0bbfaa6754b	Public Overture site+email; zero-HTTP V6 cheap-screen. Final MASTER dedupe/QA required.				overture:5536ad06-4fe7-4023-ba63-f0bbfaa6754b	holidayhomesmarina.com	393534545795	holiday homes marina	Castiglione della Pescaia	Italy	HIGH	domain:holidayhomesmarina.com
	A	91	Rohnert Park	USA	Hills and Homes Property Management		property_management	5350 Commerce Blvd	+17075852913								overture:93b21681-7933-422b-aee5-13eadade01e3	2026-08-15T00:30:13Z		Canonical queue drain | fit A | GitHub MASTER dedupe passed	http://www.hillsandhomes.com	karlafabbri@gmail.com									High	Verified	https://explore.overturemaps.org/#id=93b21681-7933-422b-aee5-13eadade01e3	Public Overture site+email; zero-HTTP V6 cheap-screen. Final MASTER dedupe/QA required.				overture:93b21681-7933-422b-aee5-13eadade01e3	hillsandhomes.com	17075852913	hills and homes property management	Rohnert Park	USA	HIGH	domain:hillsandhomes.com
	A	91	Chicago	USA	High Fidelity Property Management		property_management	2513 N Halsted St	+17736974112								overture:66eda6ac-ed79-45b0-b309-f619da8b1b01	2026-08-15T00:30:13Z		Canonical queue drain | fit A | GitHub MASTER dedupe passed	http://www.hifipm.com/	info@hifipm.com									High	Verified	https://explore.overturemaps.org/#id=66eda6ac-ed79-45b0-b309-f619da8b1b01	Public Overture site+email; zero-HTTP V6 cheap-screen. Final MASTER dedupe/QA required.				overture:66eda6ac-ed79-45b0-b309-f619da8b1b01	hifipm.com	17736974112	high fidelity property management	Chicago	USA	HIGH	domain:hifipm.com
	A	91	Harpers Ferry	USA	Harpers Ferry Vacation Rental		travel_service	542 Sandy Point Rd	+13192335307								overture:9d414192-422a-42d1-8a2c-adbdd8c0ad6f	2026-08-15T00:30:13Z		Canonical queue drain | fit A | GitHub MASTER dedupe passed	http://harpersferrycondos.com/	scottyhintz@gmail.com									High	Verified	https://explore.overturemaps.org/#id=9d414192-422a-42d1-8a2c-adbdd8c0ad6f	Public Overture site+email; zero-HTTP V6 cheap-screen. Final MASTER dedupe/QA required.				overture:9d414192-422a-42d1-8a2c-adbdd8c0ad6f	harpersferrycondos.com	13192335307	harpers ferry vacation rental	Harpers Ferry	USA	HIGH	domain:harpersferrycondos.com
	A	91	Kings Mountain	USA	Greenhaven Property Management, LLC		property_management	207 Hoyles Rd	+17049744731								overture:1d0f5a96-ffa1-4444-a274-019e90947ab7	2026-08-15T00:30:13Z		Canonical queue drain | fit A | GitHub MASTER dedupe passed	http://Greenhavenpropertymanagement.com/	greenhavenpropertymanagement@gmail.com									High	Verified	https://explore.overturemaps.org/#id=1d0f5a96-ffa1-4444-a274-019e90947ab7	Public Overture site+email; zero-HTTP V6 cheap-screen. Final MASTER dedupe/QA required.				overture:1d0f5a96-ffa1-4444-a274-019e90947ab7	greenhavenpropertymanagement.com	17049744731	greenhaven property management llc	Kings Mountain	USA	HIGH	domain:greenhavenpropertymanagement.com
	A	91	Looe	United Kingdom	Hedgehogs Holiday Home Looe		hotel	Granite Henge, Trelawne Cross, Looe	+441503264869								overture:0f57fb5c-d6ce-453b-b90c-69d8adb68e3b	2026-08-15T00:30:13Z		Canonical queue drain | fit A | GitHub MASTER dedupe passed	http://www.granitehenge.com/	holidays@granitehenge.com									Medium	Recall-first	https://explore.overturemaps.org/#id=0f57fb5c-d6ce-453b-b90c-69d8adb68e3b	Public Overture site+email; zero-HTTP V6 cheap-screen. Final MASTER dedupe/QA required.				overture:0f57fb5c-d6ce-453b-b90c-69d8adb68e3b	granitehenge.com	441503264869	hedgehogs holiday home looe	Looe	United Kingdom	MEDIUM	domain:granitehenge.com
	A	91	Santa Fe	USA	Granada Vacation Rentals		cabin	54 E San Francisco St	(505) 986-0006								overture:23efd235-be71-4034-a8da-528ef8f11057	2026-08-15T00:30:13Z		Canonical queue drain | fit A | GitHub MASTER dedupe passed	http://www.granadavacationrentals.com	info@granadavacationrentals.com									High	Verified	https://explore.overturemaps.org/#id=23efd235-be71-4034-a8da-528ef8f11057	Public Overture site+email; zero-HTTP V6 cheap-screen. Final MASTER dedupe/QA required.				overture:23efd235-be71-4034-a8da-528ef8f11057	granadavacationrentals.com	5059860006	granada vacation rentals	Santa Fe	USA	HIGH	domain:granadavacationrentals.com
	A	91	Mesa	USA	Go Win Property Management		property_management	1930 S Alma School Rd	+14804002920								overture:27156528-58f1-45fb-9820-a4acb872901a	2026-08-15T00:30:13Z		Canonical queue drain | fit A | GitHub MASTER dedupe passed	http://www.gowinpm.com/	kevin@gowinpm.com									High	Verified	https://explore.overturemaps.org/#id=27156528-58f1-45fb-9820-a4acb872901a	Public Overture site+email; zero-HTTP V6 cheap-screen. Final MASTER dedupe/QA required.				overture:27156528-58f1-45fb-9820-a4acb872901a	gowinpm.com	14804002920	go win property management	Mesa	USA	HIGH	domain:gowinpm.com
	A	91	Pacific Grove	USA	Gorman Property Management		property_management	661 Lighthouse Ave	+18316493455								overture:3a46dc8e-7a38-43e6-83d1-c1946bc808cc	2026-08-15T00:30:13Z		Canonical queue drain | fit A | GitHub MASTER dedupe passed	https://gormanre.com/	office@gormanre.com									High	Verified	https://explore.overturemaps.org/#id=3a46dc8e-7a38-43e6-83d1-c1946bc808cc	Public Overture site+email; zero-HTTP V6 cheap-screen. Final MASTER dedupe/QA required.				overture:3a46dc8e-7a38-43e6-83d1-c1946bc808cc	gormanre.com	18316493455	gorman property management	Pacific Grove	USA	HIGH	domain:gormanre.com
	A	91	Marysville	USA	Goodman Gals Property Management		property_management	317 D St	+15303296648								overture:d434f2fd-71e9-4894-8f42-1180c71c93fe	2026-08-15T00:30:13Z		Canonical queue drain | fit A | GitHub MASTER dedupe passed	http://www.goodmangals.com/	cheryl@goodmangals.com									High	Verified	https://explore.overturemaps.org/#id=d434f2fd-71e9-4894-8f42-1180c71c93fe	Public Overture site+email; zero-HTTP V6 cheap-screen. Final MASTER dedupe/QA required.				overture:d434f2fd-71e9-4894-8f42-1180c71c93fe	goodmangals.com	15303296648	goodman gals property management	Marysville	USA	HIGH	domain:goodmangals.com
	A	91	Portrush	United Kingdom	Golf Links Holiday Homes		holiday_rental_home	140 Dunluce Rd	+442870824644								overture:5c470747-5a4d-4bdb-8cda-1e6a52450643	2026-08-15T00:30:13Z		Canonical queue drain | fit A | GitHub MASTER dedupe passed	http://www.golflinksholidayhomes.co.uk	sales@golflinksholidayhomes.co.uk									High	Verified	https://explore.overturemaps.org/#id=5c470747-5a4d-4bdb-8cda-1e6a52450643	Public Overture site+email; zero-HTTP V6 cheap-screen. Final MASTER dedupe/QA required.				overture:5c470747-5a4d-4bdb-8cda-1e6a52450643	golflinksholidayhomes.co.uk	442870824644	golf links holiday homes	Portrush	United Kingdom	HIGH	domain:golflinksholidayhomes.co.uk
	A	91	Auchterarder	United Kingdom	Gleneagles Holiday Home Rentals		holiday_rental_home	51 Guthrie Court	+447769907298								overture:8971bbc0-ab7a-4f1d-9d62-655292d59a26	2026-08-15T00:30:13Z		Canonical queue drain | fit A | GitHub MASTER dedupe passed	https://gleneaglesholidayhomerentals.co.uk/	bookings@gleneaglesholidayhomerentals.co.uk									High	Verified	https://explore.overturemaps.org/#id=8971bbc0-ab7a-4f1d-9d62-655292d59a26	Public Overture site+email; zero-HTTP V6 cheap-screen. Final MASTER dedupe/QA required.				overture:8971bbc0-ab7a-4f1d-9d62-655292d59a26	gleneaglesholidayhomerentals.co.uk	447769907298	gleneagles holiday home rentals	Auchterarder	United Kingdom	HIGH	domain:gleneaglesholidayhomerentals.co.uk
	A	91	Αρκάδιοι	Greece	GK Holiday home		holiday_rental_home	gk holiday home	+306986537126								overture:ab5dcd85-bd64-4bfe-86e1-3bd2ad0b9c89	2026-08-15T00:30:13Z		Canonical queue drain | fit A | GitHub MASTER dedupe passed	http://www.gk-holidayhome.gr/	kostaszante1991@gmail.com									High	Verified	https://explore.overturemaps.org/#id=ab5dcd85-bd64-4bfe-86e1-3bd2ad0b9c89	Public Overture site+email; zero-HTTP V6 cheap-screen. Final MASTER dedupe/QA required.				overture:ab5dcd85-bd64-4bfe-86e1-3bd2ad0b9c89	gk-holidayhome.gr	306986537126	gk holiday home	Αρκάδιοι	Greece	HIGH	domain:gk-holidayhome.gr
	A	91	High Point	USA	Gate City Property Management		property_management	418 Gatewood Ave	+13368034800								overture:00d47055-eace-4777-9f5a-ac3dc4dce4d3	2026-08-15T00:30:13Z		Canonical queue drain | fit A | GitHub MASTER dedupe passed	http://gatecitylistings.com/	info@gatecitylistings.com									High	Verified	https://explore.overturemaps.org/#id=00d47055-eace-4777-9f5a-ac3dc4dce4d3	Public Overture site+email; zero-HTTP V6 cheap-screen. Final MASTER dedupe/QA required.				overture:00d47055-eace-4777-9f5a-ac3dc4dce4d3	gatecitylistings.com	13368034800	gate city property management	High Point	USA	HIGH	domain:gatecitylistings.com
	A	91	Grand Junction	USA	Vicki Gutierrez at Fusion Property Management and Real Estate, LLC		real_estate_service	591 25 Rd	+19703613406								overture:38313981-1fad-46f7-8572-07b17ae0bb90	2026-08-15T00:30:13Z		Canonical queue drain | fit A | GitHub MASTER dedupe passed	http://Www.fusionbegins.com/	tonya@fusionbegins.com									High	Verified	https://explore.overturemaps.org/#id=38313981-1fad-46f7-8572-07b17ae0bb90	Public Overture site+email; zero-HTTP V6 cheap-screen. Final MASTER dedupe/QA required.				overture:38313981-1fad-46f7-8572-07b17ae0bb90	fusionbegins.com	19703613406	vicki gutierrez at fusion property management and real estate llc	Grand Junction	USA	HIGH	domain:fusionbegins.com
	A	91	Cheyenne	USA	Frontier Property Management LLC		property_management	255 Storey Blvd	+13073172889								overture:a613028f-365e-43b4-8e0a-ce42a31a888a	2026-08-15T00:30:13Z		Canonical queue drain | fit A | GitHub MASTER dedupe passed	http://fpmwyo.com/	frontierpmwyo@gmail.com									High	Verified	https://explore.overturemaps.org/#id=a613028f-365e-43b4-8e0a-ce42a31a888a	Public Overture site+email; zero-HTTP V6 cheap-screen. Final MASTER dedupe/QA required.				overture:a613028f-365e-43b4-8e0a-ce42a31a888a	fpmwyo.com	13073172889	frontier property management llc	Cheyenne	USA	HIGH	domain:fpmwyo.com
	A	91	Folsom	USA	Future Property Management		property_management	1839 Iron Point Rd	+19164071002								overture:4bd10049-07a7-486f-b8c0-e6781110a699	2026-08-15T00:30:13Z		Canonical queue drain | fit A | GitHub MASTER dedupe passed	http://www.fpm4u.com/	april@fpm4u.com									High	Verified	https://explore.overturemaps.org/#id=4bd10049-07a7-486f-b8c0-e6781110a699	Public Overture site+email; zero-HTTP V6 cheap-screen. Final MASTER dedupe/QA required.				overture:4bd10049-07a7-486f-b8c0-e6781110a699	fpm4u.com	19164071002	future property management	Folsom	USA	HIGH	domain:fpm4u.com
	A	91	Spoltore	Italy	Bellavista Holiday Home		holiday_rental_home	Via Vittorio De Sica, 3	+393351892044								overture:b71fff9c-93b4-447f-a3e2-b538ad0db064	2026-08-15T00:30:13Z		Canonical queue drain | fit A | GitHub MASTER dedupe passed	https://forms.gle/zBsuMyck9SGWHWnh9	bellavistasama@gmail.com									Medium	Recall-first	https://explore.overturemaps.org/#id=b71fff9c-93b4-447f-a3e2-b538ad0db064	Public Overture site+email; zero-HTTP V6 cheap-screen. Final MASTER dedupe/QA required.				overture:b71fff9c-93b4-447f-a3e2-b538ad0db064	forms.gle	393351892044	bellavista holiday home	Spoltore	Italy	MEDIUM	domain:forms.gle
	A	91	Mooresville	USA	Focuswise Property Management		property_management	132 Joe Knox Ave	+17045197354								overture:034fe844-d67b-4baf-b948-d5359f03e796	2026-08-15T00:30:13Z		Canonical queue drain | fit A | GitHub MASTER dedupe passed	http://www.focuswisepm.com/	mike@focuswisepm.com									High	Verified	https://explore.overturemaps.org/#id=034fe844-d67b-4baf-b948-d5359f03e796	Public Overture site+email; zero-HTTP V6 cheap-screen. Final MASTER dedupe/QA required.				overture:034fe844-d67b-4baf-b948-d5359f03e796	focuswisepm.com	17045197354	focuswise property management	Mooresville	USA	HIGH	domain:focuswisepm.com
	A	91	Shell Lake	USA	Rustic Lodge Vacation Rental		holiday_rental_home	N3233 Starkey Lake Rd	+17154682289								overture:e08e9f4f-834c-4ca6-9f70-b27afd675214	2026-08-15T00:30:13Z		Canonical queue drain | fit A | GitHub MASTER dedupe passed	http://flipkey.com/	berwin123@yahoo.com									High	Verified	https://explore.overturemaps.org/#id=e08e9f4f-834c-4ca6-9f70-b27afd675214	Public Overture site+email; zero-HTTP V6 cheap-screen. Final MASTER dedupe/QA required.				overture:e08e9f4f-834c-4ca6-9f70-b27afd675214	flipkey.com	17154682289	rustic lodge vacation rental	Shell Lake	USA	HIGH	domain:flipkey.com
	A	91	Cumming	USA	Flackwell Property Management		property_management	3482 Keith Bridge Rd	+16788079827								overture:56c3affa-5c40-4997-a5a0-af405d942798	2026-08-15T00:30:13Z		Canonical queue drain | fit A | GitHub MASTER dedupe passed	http://FlackwellProperties.com/	aflack@flackwellproperties.com									High	Verified	https://explore.overturemaps.org/#id=56c3affa-5c40-4997-a5a0-af405d942798	Public Overture site+email; zero-HTTP V6 cheap-screen. Final MASTER dedupe/QA required.				overture:56c3affa-5c40-4997-a5a0-af405d942798	flackwellproperties.com	16788079827	flackwell property management	Cumming	USA	HIGH	domain:flackwellproperties.com
	A	91	Plover	USA	Landmark Property Management		property_management	2026 County Road HH	+17155441100								overture:8f4618e5-5076-4745-9973-40239a807ddc	2026-08-15T00:30:13Z		Canonical queue drain | fit A | GitHub MASTER dedupe passed	http://firstrental.com/	leasing@firstrental.com									High	Verified	https://explore.overturemaps.org/#id=8f4618e5-5076-4745-9973-40239a807ddc	Public Overture site+email; zero-HTTP V6 cheap-screen. Final MASTER dedupe/QA required.				overture:8f4618e5-5076-4745-9973-40239a807ddc	firstrental.com	17155441100	landmark property management	Plover	USA	HIGH	domain:firstrental.com
	A	91	Dronfield	United Kingdom	Fernwood Property Management - Sheffield Lettings		real_estate_agent	7 Marston Close	+447713434652								overture:3b9eff36-e5e0-457e-8817-55ccc3b70e60	2026-08-15T00:30:13Z		Canonical queue drain | fit A | GitHub MASTER dedupe passed	http://www.fernwoodpropertymanagement.co.uk/	info@fernwoodpropertymanagement.co.uk									High	Verified	https://explore.overturemaps.org/#id=3b9eff36-e5e0-457e-8817-55ccc3b70e60	Public Overture site+email; zero-HTTP V6 cheap-screen. Final MASTER dedupe/QA required.				overture:3b9eff36-e5e0-457e-8817-55ccc3b70e60	fernwoodpropertymanagement.co.uk	447713434652	fernwood property management sheffield lettings	Dronfield	United Kingdom	HIGH	domain:fernwoodpropertymanagement.co.uk
	A	91	Knoxville	USA	Fennell Property Management		property_management	10255 Kingston Pike	+18658036413								overture:d8be8e4f-e378-4ee4-a8e3-924879e28989	2026-08-15T00:30:13Z		Canonical queue drain | fit A | GitHub MASTER dedupe passed	http://fennellpm.com/	hank@fennellpm.com									High	Verified	https://explore.overturemaps.org/#id=d8be8e4f-e378-4ee4-a8e3-924879e28989	Public Overture site+email; zero-HTTP V6 cheap-screen. Final MASTER dedupe/QA required.				overture:d8be8e4f-e378-4ee4-a8e3-924879e28989	fennellpm.com	18658036413	fennell property management	Knoxville	USA	HIGH	domain:fennellpm.com
	A	91	Raleigh	USA	Excel Property Management		property_management	1004 Bullard Ct	+19198780522								overture:7e4f38d9-d0b9-4df6-9539-65252242e048	2026-08-15T00:30:13Z		Canonical queue drain | fit A | GitHub MASTER dedupe passed	http://www.excelpropertymanagement.com	contact@excelpropertymanagement.com									High	Verified	https://explore.overturemaps.org/#id=7e4f38d9-d0b9-4df6-9539-65252242e048	Public Overture site+email; zero-HTTP V6 cheap-screen. Final MASTER dedupe/QA required.				overture:7e4f38d9-d0b9-4df6-9539-65252242e048	excelpropertymanagement.com	19198780522	excel property management	Raleigh	USA	HIGH	domain:excelpropertymanagement.com
	A	91	Liverpool	United Kingdom	Epic Serviced Apartments		hotel	Duke St	0151 709 1719								overture:005c81a1-03dc-4672-b6c1-e926865911b3	2026-08-15T00:30:13Z		Canonical queue drain | fit A | GitHub MASTER dedupe passed	http://www.epicliverpool.co.uk/seel-st-aparthotels/	reservations@epicliverpool.co.uk									Medium	Recall-first	https://explore.overturemaps.org/#id=005c81a1-03dc-4672-b6c1-e926865911b3	Public Overture site+email; zero-HTTP V6 cheap-screen. Final MASTER dedupe/QA required.				overture:005c81a1-03dc-4672-b6c1-e926865911b3	epicliverpool.co.uk	01517091719	epic serviced apartments	Liverpool	United Kingdom	MEDIUM	domain:epicliverpool.co.uk
	A	91	Siracusa	Italy	Elsa Holiday Home		hotel	Via Lago di Garda, 12	+393489888746								overture:09453555-3514-44d5-b06c-22c9045bbc94	2026-08-15T00:30:13Z		Canonical queue drain | fit A | GitHub MASTER dedupe passed	http://www.elsaholidayhome.it/	elisabemasrl@gmail.com									High	Verified	https://explore.overturemaps.org/#id=09453555-3514-44d5-b06c-22c9045bbc94	Public Overture site+email; zero-HTTP V6 cheap-screen. Final MASTER dedupe/QA required.				overture:09453555-3514-44d5-b06c-22c9045bbc94	elsaholidayhome.it	393489888746	elsa holiday home	Siracusa	Italy	HIGH	domain:elsaholidayhome.it
	A	91	Θήρα	Greece	Elia Residences Santorini		resort	Santorini	+306974700795								overture:e271d9ea-72be-4c29-9f08-25e697106a72	2026-08-15T00:30:13Z		Canonical queue drain | fit A | GitHub MASTER dedupe passed	http://www.elia-apartments.gr/	info@elia-apartments.gr									High	Verified	https://explore.overturemaps.org/#id=e271d9ea-72be-4c29-9f08-25e697106a72	Public Overture site+email; zero-HTTP V6 cheap-screen. Final MASTER dedupe/QA required.				overture:e271d9ea-72be-4c29-9f08-25e697106a72	elia-apartments.gr	306974700795	elia residences santorini	Θήρα	Greece	HIGH	domain:elia-apartments.gr
	A	91	Elk Grove	USA	Eagle Property Management		property_management	8841 Williamson Dr	+19167140123								overture:8ee97b38-ef2f-46c5-8770-c53fd9898240	2026-08-15T00:30:13Z		Canonical queue drain | fit A | GitHub MASTER dedupe passed	http://www.eimproperties.com/	jbussey@eimproperties.com									High	Verified	https://explore.overturemaps.org/#id=8ee97b38-ef2f-46c5-8770-c53fd9898240	Public Overture site+email; zero-HTTP V6 cheap-screen. Final MASTER dedupe/QA required.				overture:8ee97b38-ef2f-46c5-8770-c53fd9898240	eimproperties.com	19167140123	eagle property management	Elk Grove	USA	HIGH	domain:eimproperties.com
	A	91	Durango	USA	Colorado Lifestyle Property Management		property_management	48 CR-250	+19703820134								overture:bb47a0b8-52c4-4249-b172-94a12f36ba27	2026-08-15T00:30:13Z		Canonical queue drain | fit A | GitHub MASTER dedupe passed	http://www.durangorealestaterentals.com	mariann@durangorealestaterentals.com									High	Verified	https://explore.overturemaps.org/#id=bb47a0b8-52c4-4249-b172-94a12f36ba27	Public Overture site+email; zero-HTTP V6 cheap-screen. Final MASTER dedupe/QA required.				overture:bb47a0b8-52c4-4249-b172-94a12f36ba27	durangorealestaterentals.com	19703820134	colorado lifestyle property management	Durango	USA	HIGH	domain:durangorealestaterentals.com
	A	91	Truckee	USA	Donner House Vacation Rental		holiday_rental_home	14480 E Reed Ave	+15302149114								overture:9af21996-f89b-49bb-9601-6cbec918ebac	2026-08-15T00:30:13Z		Canonical queue drain | fit A | GitHub MASTER dedupe passed	http://www.DonnerHouse.com/	info@donnerhouse.com									High	Verified	https://explore.overturemaps.org/#id=9af21996-f89b-49bb-9601-6cbec918ebac	Public Overture site+email; zero-HTTP V6 cheap-screen. Final MASTER dedupe/QA required.				overture:9af21996-f89b-49bb-9601-6cbec918ebac	donnerhouse.com	15302149114	donner house vacation rental	Truckee	USA	HIGH	domain:donnerhouse.com
	A	91	Barcelona	Spain	Diamond BCN Property Management		property_management	Carrer de la Llacuna, 94	+34622451895								overture:b2743807-e3a7-476a-aaad-869b33116cac	2026-08-15T00:30:13Z		Canonical queue drain | fit A | GitHub MASTER dedupe passed	http://diamondbcn.com/	info@diamondbcn.com									High	Verified	https://explore.overturemaps.org/#id=b2743807-e3a7-476a-aaad-869b33116cac	Public Overture site+email; zero-HTTP V6 cheap-screen. Final MASTER dedupe/QA required.				overture:b2743807-e3a7-476a-aaad-869b33116cac	diamondbcn.com	34622451895	diamond bcn property management	Barcelona	Spain	HIGH	domain:diamondbcn.com
	A	91	Mesa	USA	Desert Wind Property Management & Real Estate		property_management	1818 E Southern Ave	+14808120123								overture:3029ca3e-fc95-43f7-bc39-3aeba72e064a	2026-08-15T00:30:13Z		Canonical queue drain | fit A | GitHub MASTER dedupe passed	http://www.desertwindpm.com/	carl.desertwind@gmail.com									High	Verified	https://explore.overturemaps.org/#id=3029ca3e-fc95-43f7-bc39-3aeba72e064a	Public Overture site+email; zero-HTTP V6 cheap-screen. Final MASTER dedupe/QA required.				overture:3029ca3e-fc95-43f7-bc39-3aeba72e064a	desertwindpm.com	14808120123	desert wind property management real estate	Mesa	USA	HIGH	domain:desertwindpm.com
	A	91	Blackpool	United Kingdom	Britpol Property Management Ltd		property_management	4 Bloomfield Road	+441253400472								overture:a2bf43a7-64ad-4b09-ac56-375b641b5506	2026-08-15T00:30:13Z		Canonical queue drain | fit A | GitHub MASTER dedupe passed	https://www.dar-pol.com/	property@dar-pol.com									High	Verified	https://explore.overturemaps.org/#id=a2bf43a7-64ad-4b09-ac56-375b641b5506	Public Overture site+email; zero-HTTP V6 cheap-screen. Final MASTER dedupe/QA required.				overture:a2bf43a7-64ad-4b09-ac56-375b641b5506	dar-pol.com	441253400472	britpol property management ltd	Blackpool	United Kingdom	HIGH	domain:dar-pol.com
	A	91	Morganton	USA	Catawba Valley Property Management		property_management	101 Carbon City Rd	+18284398834								overture:f6cb89ef-071d-46fd-bd3e-3b146006602b	2026-08-15T00:30:13Z		Canonical queue drain | fit A | GitHub MASTER dedupe passed	http://cvpmnc.com	info@cvpmnc.com									Medium	Recall-first	https://explore.overturemaps.org/#id=f6cb89ef-071d-46fd-bd3e-3b146006602b	Public Overture site+email; zero-HTTP V6 cheap-screen. Final MASTER dedupe/QA required.				overture:f6cb89ef-071d-46fd-bd3e-3b146006602b	cvpmnc.com	18284398834	catawba valley property management	Morganton	USA	MEDIUM	domain:cvpmnc.com
	A	91	North Springfield	USA	Curley Cottage - Lake Erie Vacation Rental		hotel	95 Crooked Creek Ln	+18146795648								overture:cf594e33-79f9-4c8e-a1c2-c308b3f5e3e8	2026-08-15T00:30:13Z		Canonical queue drain | fit A | GitHub MASTER dedupe passed	http://www.curleycottage.com/	curleycottage95@gmail.com									High	Verified	https://explore.overturemaps.org/#id=cf594e33-79f9-4c8e-a1c2-c308b3f5e3e8	Public Overture site+email; zero-HTTP V6 cheap-screen. Final MASTER dedupe/QA required.				overture:cf594e33-79f9-4c8e-a1c2-c308b3f5e3e8	curleycottage.com	18146795648	curley cottage lake erie vacation rental	North Springfield	USA	HIGH	domain:curleycottage.com
	A	91	Hope Mills	USA	Cumberland Property Management, LLC		real_estate_agent	3513 Bullard St	+19102633692								overture:7e063ac9-4486-4b4b-9158-52369038daf5	2026-08-15T00:30:13Z		Canonical queue drain | fit A | GitHub MASTER dedupe passed	http://www.cumberlandpropertymanagement.com/	cumberlandpropertymanagement@gmail.com									Medium	Recall-first	https://explore.overturemaps.org/#id=7e063ac9-4486-4b4b-9158-52369038daf5	Public Overture site+email; zero-HTTP V6 cheap-screen. Final MASTER dedupe/QA required.				overture:7e063ac9-4486-4b4b-9158-52369038daf5	cumberlandpropertymanagement.com	19102633692	cumberland property management llc	Hope Mills	USA	MEDIUM	domain:cumberlandpropertymanagement.com
	A	91	Manteca	USA	Crossroads Property Management		property_management	250 Cherry Ln	+12092495750								overture:35a4265a-fbe4-4697-abdb-69603da56418	2026-08-15T00:30:13Z		Canonical queue drain | fit A | GitHub MASTER dedupe passed	http://www.crossroadspropertymgmt.com/	cbxr2@yahoo.com									Medium	Recall-first	https://explore.overturemaps.org/#id=35a4265a-fbe4-4697-abdb-69603da56418	Public Overture site+email; zero-HTTP V6 cheap-screen. Final MASTER dedupe/QA required.				overture:35a4265a-fbe4-4697-abdb-69603da56418	crossroadspropertymgmt.com	12092495750	crossroads property management	Manteca	USA	MEDIUM	domain:crossroadspropertymgmt.com
	A	91	Seneca	USA	Clemson Vacation Rentals		property_management	10871 Clemson Blvd	+18646141547								overture:6df4daa9-d836-40f5-b42e-aac55c79e5ab	2026-08-15T00:30:13Z		Canonical queue drain | fit A | GitHub MASTER dedupe passed	http://www.clemsonvacationrentals.com/	hello@clemsonvacationrentals.com									High	Verified	https://explore.overturemaps.org/#id=6df4daa9-d836-40f5-b42e-aac55c79e5ab	Public Overture site+email; zero-HTTP V6 cheap-screen. Final MASTER dedupe/QA required.				overture:6df4daa9-d836-40f5-b42e-aac55c79e5ab	clemsonvacationrentals.com	18646141547	clemson vacation rentals	Seneca	USA	HIGH	domain:clemsonvacationrentals.com
	A	91	Muskegon	USA	Choice Property Management Solutions LLC		home_developer	1050 W Western Ave Ste 301	(231) 722-1444								overture:79965d4c-144d-4d81-b8c5-ece418bb385b	2026-08-15T00:30:13Z		Canonical queue drain | fit A | GitHub MASTER dedupe passed	http://choicemanage.com	information@choicemanage.com									High	Verified	https://explore.overturemaps.org/#id=79965d4c-144d-4d81-b8c5-ece418bb385b	Public Overture site+email; zero-HTTP V6 cheap-screen. Final MASTER dedupe/QA required.				overture:79965d4c-144d-4d81-b8c5-ece418bb385b	choicemanage.com	2317221444	choice property management solutions llc	Muskegon	USA	HIGH	domain:choicemanage.com
	A	91	Cherokee	USA	Cherokee Cabin Rentals		cabin	795 Casino Dr	+18284976248								overture:82800e20-fa23-4581-b758-d5f2ba5b8522	2026-08-15T00:30:13Z		Canonical queue drain | fit A | GitHub MASTER dedupe passed	http://www.cherokeecabinrentals.com	cherokeecabnrntl@aol.com									High	Verified	https://explore.overturemaps.org/#id=82800e20-fa23-4581-b758-d5f2ba5b8522	Public Overture site+email; zero-HTTP V6 cheap-screen. Final MASTER dedupe/QA required.				overture:82800e20-fa23-4581-b758-d5f2ba5b8522	cherokeecabinrentals.com	18284976248	cherokee cabin rentals	Cherokee	USA	HIGH	domain:cherokeecabinrentals.com
	A	91	Collingwood	USA	Blue Mountain Chalets		ski_resort	140 Birch St	+14168940387								overture:d04b6df1-3685-43c6-9e68-98851f47262d	2026-08-15T00:30:13Z		Canonical queue drain | fit A | GitHub MASTER dedupe passed	http://www.chaletsinbluemountain.com/	peter@chaletsinbluemountain.com									High	Verified	https://explore.overturemaps.org/#id=d04b6df1-3685-43c6-9e68-98851f47262d	Public Overture site+email; zero-HTTP V6 cheap-screen. Final MASTER dedupe/QA required.				overture:d04b6df1-3685-43c6-9e68-98851f47262d	chaletsinbluemountain.com	14168940387	blue mountain chalets	Collingwood	USA	HIGH	domain:chaletsinbluemountain.com
	A	91	Blackpool	United Kingdom	Central Property Management		property_management	143 Central Drive	+441253752809								overture:837c90f5-5167-47cc-9790-12ff8295b485	2026-08-15T00:30:13Z		Canonical queue drain | fit A | GitHub MASTER dedupe passed	http://www.central-properties.co.uk/	admin@central-properties.co.uk									Medium	Recall-first	https://explore.overturemaps.org/#id=837c90f5-5167-47cc-9790-12ff8295b485	Public Overture site+email; zero-HTTP V6 cheap-screen. Final MASTER dedupe/QA required.				overture:837c90f5-5167-47cc-9790-12ff8295b485	central-properties.co.uk	441253752809	central property management	Blackpool	United Kingdom	MEDIUM	domain:central-properties.co.uk
	A	91	Manchester	United Kingdom	Casserly Property Management		property_management	10 James Nasmyth Way	+441617876197								overture:9844d136-b310-40e1-a31e-f4fa381d4dad	2026-08-15T00:30:13Z		Canonical queue drain | fit A | GitHub MASTER dedupe passed	http://www.casserlypm.co.uk/	info@casserlypm.co.uk									High	Verified	https://explore.overturemaps.org/#id=9844d136-b310-40e1-a31e-f4fa381d4dad	Public Overture site+email; zero-HTTP V6 cheap-screen. Final MASTER dedupe/QA required.				overture:9844d136-b310-40e1-a31e-f4fa381d4dad	casserlypm.co.uk	441617876197	casserly property management	Manchester	United Kingdom	HIGH	domain:casserlypm.co.uk
	A	91	Colorado Springs	USA	Cary Gutierrez-Holden, Cary Me Home llc, Sellstate Alliance Realty & Property Management		real_estate_agent	4360 Montebello Dr	+17196607675								overture:6159fa09-20ee-45d6-a41e-c30a65f43778	2026-08-15T00:30:13Z		Canonical queue drain | fit A | GitHub MASTER dedupe passed	http://carymehome.net/	cary@carymehome.net									High	Verified	https://explore.overturemaps.org/#id=6159fa09-20ee-45d6-a41e-c30a65f43778	Public Overture site+email; zero-HTTP V6 cheap-screen. Final MASTER dedupe/QA required.				overture:6159fa09-20ee-45d6-a41e-c30a65f43778	carymehome.net	17196607675	cary gutierrez holden cary me home llc sellstate alliance realty property management	Colorado Springs	USA	HIGH	domain:carymehome.net
	A	91	Savannah	USA	Capstone Property Management		property_management	2305 Habersham St	+19122388009								overture:bfcdd9b7-088d-455f-9a78-927f823ad1aa	2026-08-15T00:30:13Z		Canonical queue drain | fit A | GitHub MASTER dedupe passed	http://www.CapstoneRentals.com/	info@capstonerentals.com									High	Verified	https://explore.overturemaps.org/#id=bfcdd9b7-088d-455f-9a78-927f823ad1aa	Public Overture site+email; zero-HTTP V6 cheap-screen. Final MASTER dedupe/QA required.				overture:bfcdd9b7-088d-455f-9a78-927f823ad1aa	capstonerentals.com	19122388009	capstone property management	Savannah	USA	HIGH	domain:capstonerentals.com
	A	91	San Francisco	USA	Capstone Property Management, Inc.		property_management	95 3rd St	+18772116849								overture:52b33c3b-1c0e-4bf6-9f2a-97bd2c29aca3	2026-08-15T00:30:13Z		Canonical queue drain | fit A | GitHub MASTER dedupe passed	https://www.capstone-props.com/	pm@capstone-props.com									High	Verified	https://explore.overturemaps.org/#id=52b33c3b-1c0e-4bf6-9f2a-97bd2c29aca3	Public Overture site+email; zero-HTTP V6 cheap-screen. Final MASTER dedupe/QA required.				overture:52b33c3b-1c0e-4bf6-9f2a-97bd2c29aca3	capstone-props.com	18772116849	capstone property management inc	San Francisco	USA	HIGH	domain:capstone-props.com
	A	91	Fair Oaks	USA	Capital Property Management		property_management	10100 Fair Oaks Blvd	+19168636600								overture:3bada6d7-7bb6-4a6f-8201-101a6b94d541	2026-08-15T00:30:13Z		Canonical queue drain | fit A | GitHub MASTER dedupe passed	http://www.capitalmgnt.com/	info@capitalmgnt.com									High	Verified	https://explore.overturemaps.org/#id=3bada6d7-7bb6-4a6f-8201-101a6b94d541	Public Overture site+email; zero-HTTP V6 cheap-screen. Final MASTER dedupe/QA required.				overture:3bada6d7-7bb6-4a6f-8201-101a6b94d541	capitalmgnt.com	19168636600	capital property management	Fair Oaks	USA	HIGH	domain:capitalmgnt.com
	A	91	Laredo	Spain	Cantabria Property Management		real_estate_service	Calle López Seña, 14	+34665826351								overture:9b0d9014-88f0-4d3b-86aa-529e01f8ab5b	2026-08-15T00:30:13Z		Canonical queue drain | fit A | GitHub MASTER dedupe passed	http://www.cantabriapm.com/	valoraciones@cantabriapm.com									High	Verified	https://explore.overturemaps.org/#id=9b0d9014-88f0-4d3b-86aa-529e01f8ab5b	Public Overture site+email; zero-HTTP V6 cheap-screen. Final MASTER dedupe/QA required.				overture:9b0d9014-88f0-4d3b-86aa-529e01f8ab5b	cantabriapm.com	34665826351	cantabria property management	Laredo	Spain	HIGH	domain:cantabriapm.com
	A	91	Tempe	USA	C5 Property Management		property_management	1212 E Baseline Rd	+14807865339								overture:6a424e9a-c7dc-4f4c-8160-37c960f9a05d	2026-08-15T00:30:13Z		Canonical queue drain | fit A | GitHub MASTER dedupe passed	http://www.C5pmaz.com/	erin@c5pmaz.com									High	Verified	https://explore.overturemaps.org/#id=6a424e9a-c7dc-4f4c-8160-37c960f9a05d	Public Overture site+email; zero-HTTP V6 cheap-screen. Final MASTER dedupe/QA required.				overture:6a424e9a-c7dc-4f4c-8160-37c960f9a05d	c5pmaz.com	14807865339	c5 property management	Tempe	USA	HIGH	domain:c5pmaz.com
	A	91	Phoenix	USA	Breakthrough Real Estate & Property Management		real_estate_service	6447 W Prickly Pear Trl	+16234714451								overture:ad212f37-9b08-4f7b-8920-c1470a6ef81f	2026-08-15T00:30:13Z		Canonical queue drain | fit A | GitHub MASTER dedupe passed	http://www.BreakthroughRealEstateAZ.com/	info@breakthroughrealestateaz.com									Medium	Recall-first	https://explore.overturemaps.org/#id=ad212f37-9b08-4f7b-8920-c1470a6ef81f	Public Overture site+email; zero-HTTP V6 cheap-screen. Final MASTER dedupe/QA required.				overture:ad212f37-9b08-4f7b-8920-c1470a6ef81f	breakthroughrealestateaz.com	16234714451	breakthrough real estate property management	Phoenix	USA	MEDIUM	domain:breakthroughrealestateaz.com
	A	91	Morehead City	USA	Bradberry Garner Property Management Group		property_management	5113 Hwy 70 W	+12525150052								overture:6e8132a4-15cf-4a59-8d6a-9cbb4b788a3f	2026-08-15T00:30:13Z		Canonical queue drain | fit A | GitHub MASTER dedupe passed	http://www.bgpropertymanagementgroup.com/	info@bgpropertymanagementgroup.com									High	Verified	https://explore.overturemaps.org/#id=6e8132a4-15cf-4a59-8d6a-9cbb4b788a3f	Public Overture site+email; zero-HTTP V6 cheap-screen. Final MASTER dedupe/QA required.				overture:6e8132a4-15cf-4a59-8d6a-9cbb4b788a3f	bgpropertymanagementgroup.com	12525150052	bradberry garner property management group	Morehead City	USA	HIGH	domain:bgpropertymanagementgroup.com
	A	91	Sandy	USA	BFG Property Management		property_management	168 E Midvillage Blvd	+13852534680								overture:769722f5-32ce-475c-ac05-ab8d1acf43c9	2026-08-15T00:30:13Z		Canonical queue drain | fit A | GitHub MASTER dedupe passed	http://bfgpm.com/	support@bfgpm.com									Medium	Recall-first	https://explore.overturemaps.org/#id=769722f5-32ce-475c-ac05-ab8d1acf43c9	Public Overture site+email; zero-HTTP V6 cheap-screen. Final MASTER dedupe/QA required.				overture:769722f5-32ce-475c-ac05-ab8d1acf43c9	bfgpm.com	13852534680	bfg property management	Sandy	USA	MEDIUM	domain:bfgpm.com
	A	91	San Jose	USA	Bell Plaza Property Management		property_management	991 W Hedding St	+14082794550								overture:99b92a79-1f41-4dd9-9742-029f0ea0de4a	2026-08-15T00:30:13Z		Canonical queue drain | fit A | GitHub MASTER dedupe passed	http://bellplaza.com/prop.html	propmgmt@bellplaza.com									High	Verified	https://explore.overturemaps.org/#id=99b92a79-1f41-4dd9-9742-029f0ea0de4a	Public Overture site+email; zero-HTTP V6 cheap-screen. Final MASTER dedupe/QA required.				overture:99b92a79-1f41-4dd9-9742-029f0ea0de4a	bellplaza.com	14082794550	bell plaza property management	San Jose	USA	HIGH	domain:bellplaza.com
	A	91	Milwaukee	USA	Bella Property Management		property_management	2010 E Thomas Ave	+14147085211								overture:9adbfced-64c7-4065-addd-a3e02d80c211	2026-08-15T00:30:13Z		Canonical queue drain | fit A | GitHub MASTER dedupe passed	http://bellaprop.com/	murrayavenuepartnership@gmail.com									High	Verified	https://explore.overturemaps.org/#id=9adbfced-64c7-4065-addd-a3e02d80c211	Public Overture site+email; zero-HTTP V6 cheap-screen. Final MASTER dedupe/QA required.				overture:9adbfced-64c7-4065-addd-a3e02d80c211	bellaprop.com	14147085211	bella property management	Milwaukee	USA	HIGH	domain:bellaprop.com
	A	91	Altoona	USA	BECK Rentals & Property Management		lodging	3203 Pleasant St	+17154915446								overture:be5e5d02-5ce5-416a-a291-cf0d7d3cd2b1	2026-08-15T00:30:13Z		Canonical queue drain | fit A | GitHub MASTER dedupe passed	http://www.beckmgmt.com/	manager@beckmgmt.com									High	Verified	https://explore.overturemaps.org/#id=be5e5d02-5ce5-416a-a291-cf0d7d3cd2b1	Public Overture site+email; zero-HTTP V6 cheap-screen. Final MASTER dedupe/QA required.				overture:be5e5d02-5ce5-416a-a291-cf0d7d3cd2b1	beckmgmt.com	17154915446	beck rentals property management	Altoona	USA	HIGH	domain:beckmgmt.com
	A	91	North Myrtle Beach	USA	Beachcomber Realty Vacations Rentals		holiday_rental_home	3802 Ocean Blvd S	+18432723906								overture:1ecf26ee-e602-431a-bfff-ec6474c867c7	2026-08-15T00:30:13Z		Canonical queue drain | fit A | GitHub MASTER dedupe passed	http://www.beachcombervacations.com	customerservice@beachcombervacations.com									High	Verified	https://explore.overturemaps.org/#id=1ecf26ee-e602-431a-bfff-ec6474c867c7	Public Overture site+email; zero-HTTP V6 cheap-screen. Final MASTER dedupe/QA required.				overture:1ecf26ee-e602-431a-bfff-ec6474c867c7	beachcombervacations.com	18432723906	beachcomber realty vacations rentals	North Myrtle Beach	USA	HIGH	domain:beachcombervacations.com
	A	91	Vernal	USA	Uintah Basin Property Management		property_management	1293 W Highway 40	+14355038558								overture:9f9cae80-db9e-452c-b761-cb67f226b489	2026-08-15T00:30:13Z		Canonical queue drain | fit A | GitHub MASTER dedupe passed	http://www.basinhomerentals.com/	manager@basinhomerentals.com									High	Verified	https://explore.overturemaps.org/#id=9f9cae80-db9e-452c-b761-cb67f226b489	Public Overture site+email; zero-HTTP V6 cheap-screen. Final MASTER dedupe/QA required.				overture:9f9cae80-db9e-452c-b761-cb67f226b489	basinhomerentals.com	14355038558	uintah basin property management	Vernal	USA	HIGH	domain:basinhomerentals.com
	A	91	Brookings	USA	Banana Belt Property Management		property_management	401 Hillside Ave	+15418131522								overture:2a4b7249-ca03-44ae-9708-1b4ffd41de27	2026-08-15T00:30:13Z		Canonical queue drain | fit A | GitHub MASTER dedupe passed	http://bananabeltpropertymanagement.com/	bananabeltpm@outlook.com									High	Verified	https://explore.overturemaps.org/#id=2a4b7249-ca03-44ae-9708-1b4ffd41de27	Public Overture site+email; zero-HTTP V6 cheap-screen. Final MASTER dedupe/QA required.				overture:2a4b7249-ca03-44ae-9708-1b4ffd41de27	bananabeltpropertymanagement.com	15418131522	banana belt property management	Brookings	USA	HIGH	domain:bananabeltpropertymanagement.com
	A	91	Fayetteville	USA	Atlanta Executive Property Management		property_management	101 Devant St	+16782352270								overture:31557c13-e06d-441c-b69c-a602f484dac2	2026-08-15T00:30:13Z		Canonical queue drain | fit A | GitHub MASTER dedupe passed	https://atlexecpm.com/	info@atlexecpm.com									Medium	Recall-first	https://explore.overturemaps.org/#id=31557c13-e06d-441c-b69c-a602f484dac2	Public Overture site+email; zero-HTTP V6 cheap-screen. Final MASTER dedupe/QA required.				overture:31557c13-e06d-441c-b69c-a602f484dac2	atlexecpm.com	16782352270	atlanta executive property management	Fayetteville	USA	MEDIUM	domain:atlexecpm.com
	A	91	Napa	USA	Atlas Property Management		property_management	1300 1st St	+17076810639								overture:cd7f51c4-d33a-4b9e-b2ae-34cd0ebf2306	2026-08-15T00:30:13Z		Canonical queue drain | fit A | GitHub MASTER dedupe passed	http://www.atlas-pm.com/	info@atlas-pm.com									High	Verified	https://explore.overturemaps.org/#id=cd7f51c4-d33a-4b9e-b2ae-34cd0ebf2306	Public Overture site+email; zero-HTTP V6 cheap-screen. Final MASTER dedupe/QA required.				overture:cd7f51c4-d33a-4b9e-b2ae-34cd0ebf2306	atlas-pm.com	17076810639	atlas property management	Napa	USA	HIGH	domain:atlas-pm.com
	A	91	Fayetteville	USA	At Home Property Management		property_management	2715 Breezewood Ave	+19104910491								overture:f00eaf08-83a2-4d23-aa15-11dbbf96ca2a	2026-08-15T00:30:13Z		Canonical queue drain | fit A | GitHub MASTER dedupe passed	http://AtHome.Rentals/	athomepropertymgmt@gmail.com									High	Verified	https://explore.overturemaps.org/#id=f00eaf08-83a2-4d23-aa15-11dbbf96ca2a	Public Overture site+email; zero-HTTP V6 cheap-screen. Final MASTER dedupe/QA required.				overture:f00eaf08-83a2-4d23-aa15-11dbbf96ca2a	athome.rentals	19104910491	at home property management	Fayetteville	USA	HIGH	domain:athome.rentals
	A	91	Pleasant Grove	USA	Ashland Property Management		property_management	180 S 100 W	+18017091321								overture:d65d47af-a394-4edd-afcb-ad50f23473ac	2026-08-15T00:30:13Z		Canonical queue drain | fit A | GitHub MASTER dedupe passed	http://ashlandmanagement.com/	info@ashlandmanagement.com									Medium	Recall-first	https://explore.overturemaps.org/#id=d65d47af-a394-4edd-afcb-ad50f23473ac	Public Overture site+email; zero-HTTP V6 cheap-screen. Final MASTER dedupe/QA required.				overture:d65d47af-a394-4edd-afcb-ad50f23473ac	ashlandmanagement.com	18017091321	ashland property management	Pleasant Grove	USA	MEDIUM	domain:ashlandmanagement.com
	A	91	Myrtle Beach	USA	Ascend Property Management		property_management	4691 Dick Pond Rd	+18434911494								overture:325b9c3b-e18a-46aa-8581-273ee1f7236a	2026-08-15T00:30:13Z		Canonical queue drain | fit A | GitHub MASTER dedupe passed	https://www.ascendrentals.com/	ascendpropertymanagement@yahoo.com									High	Verified	https://explore.overturemaps.org/#id=325b9c3b-e18a-46aa-8581-273ee1f7236a	Public Overture site+email; zero-HTTP V6 cheap-screen. Final MASTER dedupe/QA required.				overture:325b9c3b-e18a-46aa-8581-273ee1f7236a	ascendrentals.com	18434911494	ascend property management	Myrtle Beach	USA	HIGH	domain:ascendrentals.com
	A	91	Phoenix	USA	A S and A Property Management		property_management	3802 N 53rd Ave	+16236910567								overture:1ea63d5f-8116-47e5-97c3-1f7fbdbedb3a	2026-08-15T00:30:13Z		Canonical queue drain | fit A | GitHub MASTER dedupe passed	http://www.asamgmt.com	ines_ord77@yahoo.com									Medium	Recall-first	https://explore.overturemaps.org/#id=1ea63d5f-8116-47e5-97c3-1f7fbdbedb3a	Public Overture site+email; zero-HTTP V6 cheap-screen. Final MASTER dedupe/QA required.				overture:1ea63d5f-8116-47e5-97c3-1f7fbdbedb3a	asamgmt.com	16236910567	a s and a property management	Phoenix	USA	MEDIUM	domain:asamgmt.com
	A	91	Rayleigh	United Kingdom	Arkasian Property Management Limited		property_management	69 High Street	+443301230135								overture:d0c665c2-8d0c-49c7-adb2-58a47625cdb6	2026-08-15T00:30:13Z		Canonical queue drain | fit A | GitHub MASTER dedupe passed	https://www.arkasian.co.uk/	info@arkasian.co.uk									Medium	Recall-first	https://explore.overturemaps.org/#id=d0c665c2-8d0c-49c7-adb2-58a47625cdb6	Public Overture site+email; zero-HTTP V6 cheap-screen. Final MASTER dedupe/QA required.				overture:d0c665c2-8d0c-49c7-adb2-58a47625cdb6	arkasian.co.uk	443301230135	arkasian property management limited	Rayleigh	United Kingdom	MEDIUM	domain:arkasian.co.uk
	A	91	Campbell	USA	Apple Assets and Property Management		property_management	900 E Hamilton Ave	+14088075698								overture:b75e573e-c3dd-4951-abac-1545d4340c22	2026-08-15T00:30:13Z		Canonical queue drain | fit A | GitHub MASTER dedupe passed	http://www.appleapm.com/	info@appleapm.com									Medium	Recall-first	https://explore.overturemaps.org/#id=b75e573e-c3dd-4951-abac-1545d4340c22	Public Overture site+email; zero-HTTP V6 cheap-screen. Final MASTER dedupe/QA required.				overture:b75e573e-c3dd-4951-abac-1545d4340c22	appleapm.com	14088075698	apple assets and property management	Campbell	USA	MEDIUM	domain:appleapm.com
	A	91	Macclesfield	United Kingdom	Anne-Marie Lettings & Property Management		property_management		+441625921400								overture:f8d20497-6dee-4683-bb8d-753067e7efbe	2026-08-15T00:30:13Z		Canonical queue drain | fit A | GitHub MASTER dedupe passed	http://www.amletting.co.uk/	annemarie@amletting.co.uk									Medium	Recall-first	https://explore.overturemaps.org/#id=f8d20497-6dee-4683-bb8d-753067e7efbe	Public Overture site+email; zero-HTTP V6 cheap-screen. Final MASTER dedupe/QA required.				overture:f8d20497-6dee-4683-bb8d-753067e7efbe	amletting.co.uk	441625921400	anne marie lettings property management	Macclesfield	United Kingdom	MEDIUM	domain:amletting.co.uk
	A	91	Hanford	USA	American Dream Property Management		property_management	1120 N Irwin St	+15595891400								overture:489a9158-e270-4237-bf31-2004eba2e305	2026-08-15T00:30:13Z		Canonical queue drain | fit A | GitHub MASTER dedupe passed	http://www.americandreamhanford.com/	adreamhanford@gmail.com									High	Verified	https://explore.overturemaps.org/#id=489a9158-e270-4237-bf31-2004eba2e305	Public Overture site+email; zero-HTTP V6 cheap-screen. Final MASTER dedupe/QA required.				overture:489a9158-e270-4237-bf31-2004eba2e305	americandreamhanford.com	15595891400	american dream property management	Hanford	USA	HIGH	domain:americandreamhanford.com
	A	91	Noto	Italy	A me casa Holiday Home		holiday_rental_home	Ronco Irminio, 7	+393288798939								overture:e3868808-240a-480a-9ec2-402f65ab675d	2026-08-15T00:30:13Z		Canonical queue drain | fit A | GitHub MASTER dedupe passed	http://www.amecasa.it/	info@amecasa.it									High	Verified	https://explore.overturemaps.org/#id=e3868808-240a-480a-9ec2-402f65ab675d	Public Overture site+email; zero-HTTP V6 cheap-screen. Final MASTER dedupe/QA required.				overture:e3868808-240a-480a-9ec2-402f65ab675d	amecasa.it	393288798939	a me casa holiday home	Noto	Italy	HIGH	domain:amecasa.it
	A	91	Ρέθυμνο	Greece	Aloni Villas, Rethymno, Crete Island		beach_resort	Roussospiti, Κριάρη Κωνσταντίνου 33	+302831075141								overture:a39699b0-32d0-4fe3-a2fc-39056fdfd99b	2026-08-15T00:30:13Z		Canonical queue drain | fit A | GitHub MASTER dedupe passed	http://www.aloni-villas.com/	www.info@aloni-villas.com									High	Verified	https://explore.overturemaps.org/#id=a39699b0-32d0-4fe3-a2fc-39056fdfd99b	Public Overture site+email; zero-HTTP V6 cheap-screen. Final MASTER dedupe/QA required.				overture:a39699b0-32d0-4fe3-a2fc-39056fdfd99b	aloni-villas.com	302831075141	aloni villas rethymno crete island	Ρέθυμνο	Greece	HIGH	domain:aloni-villas.com
	A	91	Cayce	USA	All County Property Management Specialists		property_management	989 Knox Abbott Dr	+18033439700								overture:6a841faa-2ce3-4aac-a168-7e26a0dbbafa	2026-08-15T00:30:13Z		Canonical queue drain | fit A | GitHub MASTER dedupe passed	http://allcountyspecialists.com/	contact@allcountyspecialists.com									High	Verified	https://explore.overturemaps.org/#id=6a841faa-2ce3-4aac-a168-7e26a0dbbafa	Public Overture site+email; zero-HTTP V6 cheap-screen. Final MASTER dedupe/QA required.				overture:6a841faa-2ce3-4aac-a168-7e26a0dbbafa	allcountyspecialists.com	18033439700	all county property management specialists	Cayce	USA	HIGH	domain:allcountyspecialists.com
	A	91	Smithfield	USA	All County Priority Property Management		property_management	101 E Market St	+19843078700								overture:37214692-3ee7-460a-84ac-e5c5a69b157e	2026-08-15T00:30:13Z		Canonical queue drain | fit A | GitHub MASTER dedupe passed	http://allcountypriority.com/	contact@allcountypriority.com									High	Verified	https://explore.overturemaps.org/#id=37214692-3ee7-460a-84ac-e5c5a69b157e	Public Overture site+email; zero-HTTP V6 cheap-screen. Final MASTER dedupe/QA required.				overture:37214692-3ee7-460a-84ac-e5c5a69b157e	allcountypriority.com	19843078700	all county priority property management	Smithfield	USA	HIGH	domain:allcountypriority.com
	A	91	Northbrook	USA	All County Property Management Solutions		property_management	3000 Dundee Rd	+12244125500								overture:672fae30-7065-44d9-91ff-94508dea10b5	2026-08-15T00:30:13Z		Canonical queue drain | fit A | GitHub MASTER dedupe passed	http://www.allcountypmsolutions.com/	contact@allcountypmsolutions.com									High	Verified	https://explore.overturemaps.org/#id=672fae30-7065-44d9-91ff-94508dea10b5	Public Overture site+email; zero-HTTP V6 cheap-screen. Final MASTER dedupe/QA required.				overture:672fae30-7065-44d9-91ff-94508dea10b5	allcountypmsolutions.com	12244125500	all county property management solutions	Northbrook	USA	HIGH	domain:allcountypmsolutions.com
	A	91	Charlotte	USA	All County Piedmont Property Management		property_management	220 Westinghouse Blvd	+19802632900								overture:4e6ef1f5-fb75-4ed7-b211-02920782b325	2026-08-15T00:30:13Z		Canonical queue drain | fit A | GitHub MASTER dedupe passed	http://www.allcountypiedmont.com/	contact@allcountypiedmont.com									High	Verified	https://explore.overturemaps.org/#id=4e6ef1f5-fb75-4ed7-b211-02920782b325	Public Overture site+email; zero-HTTP V6 cheap-screen. Final MASTER dedupe/QA required.				overture:4e6ef1f5-fb75-4ed7-b211-02920782b325	allcountypiedmont.com	19802632900	all county piedmont property management	Charlotte	USA	HIGH	domain:allcountypiedmont.com
	A	91	Snellville	USA	All County Legacy Property Management		property_management	2795 Main St W	+14702642611								overture:35b21f05-2fbe-483c-83fc-b4be75995197	2026-08-15T00:30:13Z		Canonical queue drain | fit A | GitHub MASTER dedupe passed	https://allcountylegacy.com/	contact@allcountylegacy.com									High	Verified	https://explore.overturemaps.org/#id=35b21f05-2fbe-483c-83fc-b4be75995197	Public Overture site+email; zero-HTTP V6 cheap-screen. Final MASTER dedupe/QA required.				overture:35b21f05-2fbe-483c-83fc-b4be75995197	allcountylegacy.com	14702642611	all county legacy property management	Snellville	USA	HIGH	domain:allcountylegacy.com
	A	91	South Barrington	USA	All County Fox Valley Property Management		property_management	33 W Higgins Rd	+18475856565								overture:02edf970-c1ea-4f84-a0b2-5152610c0bb2	2026-08-15T00:30:13Z		Canonical queue drain | fit A | GitHub MASTER dedupe passed	http://AllCountyfv.com/	tim@allcountyfv.com									High	Verified	https://explore.overturemaps.org/#id=02edf970-c1ea-4f84-a0b2-5152610c0bb2	Public Overture site+email; zero-HTTP V6 cheap-screen. Final MASTER dedupe/QA required.				overture:02edf970-c1ea-4f84-a0b2-5152610c0bb2	allcountyfv.com	18475856565	all county fox valley property management	South Barrington	USA	HIGH	domain:allcountyfv.com
	A	91	Atlanta	USA	All County First Property Management		property_management	1698 Peachtree St	+14706907100								overture:4ff27467-dd78-4c5b-9393-1432d1344d82	2026-08-15T00:30:13Z		Canonical queue drain | fit A | GitHub MASTER dedupe passed	http://www.allcountyfirst.com	contact@allcountyfirst.com									High	Verified	https://explore.overturemaps.org/#id=4ff27467-dd78-4c5b-9393-1432d1344d82	Public Overture site+email; zero-HTTP V6 cheap-screen. Final MASTER dedupe/QA required.				overture:4ff27467-dd78-4c5b-9393-1432d1344d82	allcountyfirst.com	14706907100	all county first property management	Atlanta	USA	HIGH	domain:allcountyfirst.com
	A	91	Cumming	USA	All County Expert Property Management		property_management	1205 Peachtree Pkwy	+17704508200								overture:d2e811b7-98c9-4140-acc8-c914c254ab36	2026-08-15T00:30:13Z		Canonical queue drain | fit A | GitHub MASTER dedupe passed	http://www.allcountyexpert.com/	contact@allcountyexpert.com									High	Verified	https://explore.overturemaps.org/#id=d2e811b7-98c9-4140-acc8-c914c254ab36	Public Overture site+email; zero-HTTP V6 cheap-screen. Final MASTER dedupe/QA required.				overture:d2e811b7-98c9-4140-acc8-c914c254ab36	allcountyexpert.com	17704508200	all county expert property management	Cumming	USA	HIGH	domain:allcountyexpert.com
	A	91	Littleton	USA	All County Denver South Property Management		property_management	5601 S Broadway	+17206644550								overture:8a2548f1-142a-443b-be62-2a8e0e0dba87	2026-08-15T00:30:13Z		Canonical queue drain | fit A | GitHub MASTER dedupe passed	http://www.allcountyds.com/	contact@allcountyds.com									High	Verified	https://explore.overturemaps.org/#id=8a2548f1-142a-443b-be62-2a8e0e0dba87	Public Overture site+email; zero-HTTP V6 cheap-screen. Final MASTER dedupe/QA required.				overture:8a2548f1-142a-443b-be62-2a8e0e0dba87	allcountyds.com	17206644550	all county denver south property management	Littleton	USA	HIGH	domain:allcountyds.com
	A	91	Atlanta	USA	All County Cumberland Property Management		home_developer	2675 Paces Ferry Rd SE Ste 280	(770) 431-4633								overture:62fe429b-8463-4506-b159-898e1f049efa	2026-08-15T00:30:13Z		Canonical queue drain | fit A | GitHub MASTER dedupe passed	http://www.allcountycumberland.com	contact@allcountycumberland.com									High	Verified	https://explore.overturemaps.org/#id=62fe429b-8463-4506-b159-898e1f049efa	Public Overture site+email; zero-HTTP V6 cheap-screen. Final MASTER dedupe/QA required.				overture:62fe429b-8463-4506-b159-898e1f049efa	allcountycumberland.com	7704314633	all county cumberland property management	Atlanta	USA	HIGH	domain:allcountycumberland.com
	A	91	Berkeley	USA	All County Bay Area Property Management		property_management	2288 Fulton St	+15109005400								overture:e8de315e-32ac-49b5-862a-dfd750760f82	2026-08-15T00:30:13Z		Canonical queue drain | fit A | GitHub MASTER dedupe passed	http://allcountybayarea.com/free-consultation	contact@allcountybayarea.com									High	Verified	https://explore.overturemaps.org/#id=e8de315e-32ac-49b5-862a-dfd750760f82	Public Overture site+email; zero-HTTP V6 cheap-screen. Final MASTER dedupe/QA required.				overture:e8de315e-32ac-49b5-862a-dfd750760f82	allcountybayarea.com	15109005400	all county bay area property management	Berkeley	USA	HIGH	domain:allcountybayarea.com
	A	91	Ely	United Kingdom	Alfie Acres Holiday Home - Hot Tub and Pool		holiday_rental_home	Second Drove, Little Downham	+447429367247								overture:05b833fe-086e-4801-93e1-80690df16147	2026-08-15T00:30:13Z		Canonical queue drain | fit A | GitHub MASTER dedupe passed	http://alfieacres-ruralretreats.co.uk/	alfieacresholiday@gmail.com									High	Verified	https://explore.overturemaps.org/#id=05b833fe-086e-4801-93e1-80690df16147	Public Overture site+email; zero-HTTP V6 cheap-screen. Final MASTER dedupe/QA required.				overture:05b833fe-086e-4801-93e1-80690df16147	alfieacres-ruralretreats.co.uk	447429367247	alfie acres holiday home hot tub and pool	Ely	United Kingdom	HIGH	domain:alfieacres-ruralretreats.co.uk
	A	91	Shoreham-by-Sea	United Kingdom	Adur Property Management		property_management	27 Anchor Close	+441273252526								overture:4599014c-52bc-4cd4-80f5-3183e864f5cf	2026-08-15T00:30:13Z		Canonical queue drain | fit A | GitHub MASTER dedupe passed	http://www.adurproperty.net/	info@adurproperty.net									Medium	Recall-first	https://explore.overturemaps.org/#id=4599014c-52bc-4cd4-80f5-3183e864f5cf	Public Overture site+email; zero-HTTP V6 cheap-screen. Final MASTER dedupe/QA required.				overture:4599014c-52bc-4cd4-80f5-3183e864f5cf	adurproperty.net	441273252526	adur property management	Shoreham-by-Sea	United Kingdom	MEDIUM	domain:adurproperty.net
	A	91	Burlington	USA	AHB Realty and Property Management		real_estate_service	1603 S Church St	+13364460111								overture:bcb30026-db4f-4447-9e4c-be0b9b4d150c	2026-08-15T00:30:13Z		Canonical queue drain | fit A | GitHub MASTER dedupe passed	http://336rental.com/	billsand1@hotmail.com									High	Verified	https://explore.overturemaps.org/#id=bcb30026-db4f-4447-9e4c-be0b9b4d150c	Public Overture site+email; zero-HTTP V6 cheap-screen. Final MASTER dedupe/QA required.				overture:bcb30026-db4f-4447-9e4c-be0b9b4d150c	336rental.com	13364460111	ahb realty and property management	Burlington	USA	HIGH	domain:336rental.com
	A	91	Fredericksburg	USA	The Outpost Vacation Rental Fredericksburg Texas		holiday_rental_home	2877 Keese Rd	+18323755411								overture:0026efb1-bbbd-4a80-b5b1-273c781faaa2	2026-08-14T23:56:03Z		Canonical queue drain | fit A | GitHub MASTER dedupe passed	https://youtu.be/-idGY4T2yX4	theoutpostftx@gmail.com									High	Verified	https://explore.overturemaps.org/#id=0026efb1-bbbd-4a80-b5b1-273c781faaa2	Public Overture site+email; zero-HTTP V6 cheap-screen. Final MASTER dedupe/QA required.				overture:0026efb1-bbbd-4a80-b5b1-273c781faaa2	youtu.be	18323755411	the outpost vacation rental fredericksburg texas	Fredericksburg	USA	HIGH	domain:youtu.be
	A	91	Murrieta	USA	Barefoot Vacation Rentals		holiday_rental_home	40120 Grenache Ct	+19515957701								overture:519a1ce3-edec-4978-8c62-a3c91739244e	2026-08-14T23:56:03Z		Canonical queue drain | fit A | GitHub MASTER dedupe passed	http://www.yourbarefootvacationrentals.com	reservations@yourbarefootvacationrentals.com									High	Verified	https://explore.overturemaps.org/#id=519a1ce3-edec-4978-8c62-a3c91739244e	Public Overture site+email; zero-HTTP V6 cheap-screen. Final MASTER dedupe/QA required.				overture:519a1ce3-edec-4978-8c62-a3c91739244e	yourbarefootvacationrentals.com	19515957701	barefoot vacation rentals	Murrieta	USA	HIGH	domain:yourbarefootvacationrentals.com
	A	91	Ridgecrest	USA	Wellspring Property Management		property_management	206 N Balsam St	+17603714282								overture:fe3455b8-1c01-44b1-b6a5-437eb213e054	2026-08-14T23:56:03Z		Canonical queue drain | fit A | GitHub MASTER dedupe passed	http://www.wellspringpm.com/	info@wellspringpm.com									High	Verified	https://explore.overturemaps.org/#id=fe3455b8-1c01-44b1-b6a5-437eb213e054	Public Overture site+email; zero-HTTP V6 cheap-screen. Final MASTER dedupe/QA required.				overture:fe3455b8-1c01-44b1-b6a5-437eb213e054	wellspringpm.com	17603714282	wellspring property management	Ridgecrest	USA	HIGH	domain:wellspringpm.com
	A	91	Rancho Cucamonga	USA	Vista Property Management Inc.		property_management	9113 Foothill Blvd	+19096970823								overture:299cac7d-b816-4098-b823-b81356dfbea4	2026-08-14T23:56:03Z		Canonical queue drain | fit A | GitHub MASTER dedupe passed	https://www.vistapropertyie.com/	info@vistapropertyie.com									High	Verified	https://explore.overturemaps.org/#id=299cac7d-b816-4098-b823-b81356dfbea4	Public Overture site+email; zero-HTTP V6 cheap-screen. Final MASTER dedupe/QA required.				overture:299cac7d-b816-4098-b823-b81356dfbea4	vistapropertyie.com	19096970823	vista property management inc	Rancho Cucamonga	USA	HIGH	domain:vistapropertyie.com
	A	91	Bakersfield	USA	Viridis Property Management		property_management	5329 Office Center Ct	+16614106557								overture:e6df5761-933d-4d8a-8fb4-6ceb5ad93d65	2026-08-14T23:56:03Z		Canonical queue drain | fit A | GitHub MASTER dedupe passed	http://viridismgmt.com/	admin@viridismgmt.com									High	Verified	https://explore.overturemaps.org/#id=e6df5761-933d-4d8a-8fb4-6ceb5ad93d65	Public Overture site+email; zero-HTTP V6 cheap-screen. Final MASTER dedupe/QA required.				overture:e6df5761-933d-4d8a-8fb4-6ceb5ad93d65	viridismgmt.com	16614106557	viridis property management	Bakersfield	USA	HIGH	domain:viridismgmt.com
	A	91	Troy	Canada	MNM Property Management		property_management	302 E Missoula Ave	+14062957391								overture:ccb3fd76-5880-4a5d-9db3-5d09d1243109	2026-08-14T23:56:03Z		Canonical queue drain | fit A | GitHub MASTER dedupe passed	http://www.troylibby.com/	support@troylibby.com									High	Verified	https://explore.overturemaps.org/#id=ccb3fd76-5880-4a5d-9db3-5d09d1243109	Public Overture site+email; zero-HTTP V6 cheap-screen. Final MASTER dedupe/QA required.				overture:ccb3fd76-5880-4a5d-9db3-5d09d1243109	troylibby.com	14062957391	mnm property management	Troy	Canada	HIGH	domain:troylibby.com
	A	91	El Paso	USA	The Agency Real Estate and Property Management		real_estate_service	11200 Montwood Dr	+19155937218								overture:a5bdc632-d733-4673-a3f9-543cd847053d	2026-08-14T23:56:03Z		Canonical queue drain | fit A | GitHub MASTER dedupe passed	http://www.theagencyrepm.com/	info@theagencyrepm.com									Medium	Recall-first	https://explore.overturemaps.org/#id=a5bdc632-d733-4673-a3f9-543cd847053d	Public Overture site+email; zero-HTTP V6 cheap-screen. Final MASTER dedupe/QA required.				overture:a5bdc632-d733-4673-a3f9-543cd847053d	theagencyrepm.com	19155937218	the agency real estate and property management	El Paso	USA	MEDIUM	domain:theagencyrepm.com
	A	91	Rancho Cucamonga	USA	Sunrise Property Management Group		property_management	9431 Haven Ave	+19099121974								overture:90123bd5-9855-4318-b5b6-e3978c622ffe	2026-08-14T23:56:03Z		Canonical queue drain | fit A | GitHub MASTER dedupe passed	http://www.sunrisepmg.com/	doreen@sunrisepmg.com									High	Verified	https://explore.overturemaps.org/#id=90123bd5-9855-4318-b5b6-e3978c622ffe	Public Overture site+email; zero-HTTP V6 cheap-screen. Final MASTER dedupe/QA required.				overture:90123bd5-9855-4318-b5b6-e3978c622ffe	sunrisepmg.com	19099121974	sunrise property management group	Rancho Cucamonga	USA	HIGH	domain:sunrisepmg.com
	A	91	Santa Ana	USA	Sullivan Property Management		property_management	2101 E 4th St	+17145410288								overture:0ea6e6ef-6582-4f82-a597-7f5d5170f408	2026-08-14T23:56:03Z		Canonical queue drain | fit A | GitHub MASTER dedupe passed	http://www.sullivanpm.com/	info@sullivanpm.com									High	Verified	https://explore.overturemaps.org/#id=0ea6e6ef-6582-4f82-a597-7f5d5170f408	Public Overture site+email; zero-HTTP V6 cheap-screen. Final MASTER dedupe/QA required.				overture:0ea6e6ef-6582-4f82-a597-7f5d5170f408	sullivanpm.com	17145410288	sullivan property management	Santa Ana	USA	HIGH	domain:sullivanpm.com
	A	91	Port Aransas	USA	Starkey Property Management		property_management	121 Cut Off Rd	+13617493591								overture:6ee601ed-348a-4a15-a01c-a24db62f12d0	2026-08-14T23:56:03Z		Canonical queue drain | fit A | GitHub MASTER dedupe passed	https://www.starkeyproperties.com	reservations@starkeyproperties.com									High	Verified	https://explore.overturemaps.org/#id=6ee601ed-348a-4a15-a01c-a24db62f12d0	Public Overture site+email; zero-HTTP V6 cheap-screen. Final MASTER dedupe/QA required.				overture:6ee601ed-348a-4a15-a01c-a24db62f12d0	starkeyproperties.com	13617493591	starkey property management	Port Aransas	USA	HIGH	domain:starkeyproperties.com
	A	91	Edmonton	Canada	Square One Property Management		property_management	10117 Jasper Ave NW	+17804531515								overture:563e5123-187f-40b4-9875-71b18300e176	2026-08-14T23:56:03Z		Canonical queue drain | fit A | GitHub MASTER dedupe passed	http://www.square1management.ca/	info@square1management.ca									Medium	Recall-first	https://explore.overturemaps.org/#id=563e5123-187f-40b4-9875-71b18300e176	Public Overture site+email; zero-HTTP V6 cheap-screen. Final MASTER dedupe/QA required.				overture:563e5123-187f-40b4-9875-71b18300e176	square1management.ca	17804531515	square one property management	Edmonton	Canada	MEDIUM	domain:square1management.ca
	A	91	Jarrell	USA	Sphere Realty & Property Management		real_estate_service	304 Sonterra Blvd	+15127468338								overture:104539b5-69cd-4d57-894f-5be225822e14	2026-08-14T23:56:03Z		Canonical queue drain | fit A | GitHub MASTER dedupe passed	https://www.sphere-realty.com/	agents@sphere-realty.com									High	Verified	https://explore.overturemaps.org/#id=104539b5-69cd-4d57-894f-5be225822e14	Public Overture site+email; zero-HTTP V6 cheap-screen. Final MASTER dedupe/QA required.				overture:104539b5-69cd-4d57-894f-5be225822e14	sphere-realty.com	15127468338	sphere realty property management	Jarrell	USA	HIGH	domain:sphere-realty.com
	A	91	Jourdanton	USA	Durham Property Management LLC		building_or_construction_service	3215 Zanderson Ave	+18303505798								overture:cfdc2e1d-bfb9-47eb-af9d-e38bed7c649c	2026-08-14T23:56:03Z		Canonical queue drain | fit A | GitHub MASTER dedupe passed	https://northstarportablebuildings.shedsuite.com/6740	dpmllc2023@hotmail.com									High	Verified	https://explore.overturemaps.org/#id=cfdc2e1d-bfb9-47eb-af9d-e38bed7c649c	Public Overture site+email; zero-HTTP V6 cheap-screen. Final MASTER dedupe/QA required.				overture:cfdc2e1d-bfb9-47eb-af9d-e38bed7c649c	shedsuite.com	18303505798	durham property management llc	Jourdanton	USA	HIGH	domain:shedsuite.com
	A	91	San Diego	USA	SD Property Management and Real Estate		property_management	5402 Ruffin Rd	+18585605656								overture:5e0d8a53-7278-4508-ba9a-7fbf160f6c49	2026-08-14T23:56:03Z		Canonical queue drain | fit A | GitHub MASTER dedupe passed	http://www.sdpropertymanagement.com/	betty@sdpropertymanagement.com									High	Verified	https://explore.overturemaps.org/#id=5e0d8a53-7278-4508-ba9a-7fbf160f6c49	Public Overture site+email; zero-HTTP V6 cheap-screen. Final MASTER dedupe/QA required.				overture:5e0d8a53-7278-4508-ba9a-7fbf160f6c49	sdpropertymanagement.com	18585605656	sd property management and real estate	San Diego	USA	HIGH	domain:sdpropertymanagement.com
	A	91	San Diego	USA	San Diego County Property Management		property_management	6437 University Ave	+16197428543								overture:205c10b8-30cd-48d7-a9ee-3be5a6e44d41	2026-08-14T23:56:03Z		Canonical queue drain | fit A | GitHub MASTER dedupe passed	http://www.sdcpm.com/	jb@sdcpm.com									Medium	Recall-first	https://explore.overturemaps.org/#id=205c10b8-30cd-48d7-a9ee-3be5a6e44d41	Public Overture site+email; zero-HTTP V6 cheap-screen. Final MASTER dedupe/QA required.				overture:205c10b8-30cd-48d7-a9ee-3be5a6e44d41	sdcpm.com	16197428543	san diego county property management	San Diego	USA	MEDIUM	domain:sdcpm.com
	A	91	Cambria	USA	Scenic Coast Property Management		holiday_rental_home	712 Main St	+18059276163								overture:9efeb42a-4a91-4acb-81b7-2990cb061cd0	2026-08-14T23:56:03Z		Canonical queue drain | fit A | GitHub MASTER dedupe passed	http://www.ScenicCoastRentals.com/	info@sceniccoastrentals.com									High	Verified	https://explore.overturemaps.org/#id=9efeb42a-4a91-4acb-81b7-2990cb061cd0	Public Overture site+email; zero-HTTP V6 cheap-screen. Final MASTER dedupe/QA required.				overture:9efeb42a-4a91-4acb-81b7-2990cb061cd0	sceniccoastrentals.com	18059276163	scenic coast property management	Cambria	USA	HIGH	domain:sceniccoastrentals.com
	A	91	Lake Havasu City	USA	Integrity Arizona Real Estate Sales		holiday_rental_home	2035 Swanson Ave	+19288464080								overture:5b0ae0e2-d749-474d-bc7b-6831d9debc31	2026-08-14T23:56:03Z		Canonical queue drain | fit A | GitHub MASTER dedupe passed	http://www.renthavasu.com	integrityarizona@gmail.com									High	Verified	https://explore.overturemaps.org/#id=5b0ae0e2-d749-474d-bc7b-6831d9debc31	Public Overture site+email; zero-HTTP V6 cheap-screen. Final MASTER dedupe/QA required.				overture:5b0ae0e2-d749-474d-bc7b-6831d9debc31	renthavasu.com	19288464080	integrity arizona real estate sales	Lake Havasu City	USA	HIGH	domain:renthavasu.com
	A	91	San Diego	USA	Real Property Management Specialists		corporate_or_business_office	4490 Fanuel St	(858) 260-1572								overture:f584e0d7-8f57-4041-a437-72f49e9e2cfb	2026-08-14T23:56:03Z		Canonical queue drain | fit A | GitHub MASTER dedupe passed	http://www.realpmspecialists.com	sglasser@realpmspecialists.com									High	Verified	https://explore.overturemaps.org/#id=f584e0d7-8f57-4041-a437-72f49e9e2cfb	Public Overture site+email; zero-HTTP V6 cheap-screen. Final MASTER dedupe/QA required.				overture:f584e0d7-8f57-4041-a437-72f49e9e2cfb	realpmspecialists.com	8582601572	real property management specialists	San Diego	USA	HIGH	domain:realpmspecialists.com
	A	91	Mission Viejo	USA	Real Property Management Orange County		real_estate_agent	26040 Acero	(949) 709-7368								overture:1bc468b2-c8d8-4af5-95f0-321612e85716	2026-08-14T23:56:03Z		Canonical queue drain | fit A | GitHub MASTER dedupe passed	https://www.realpmoc.com	rpmorangecty@gmail.com									High	Verified	https://explore.overturemaps.org/#id=1bc468b2-c8d8-4af5-95f0-321612e85716	Public Overture site+email; zero-HTTP V6 cheap-screen. Final MASTER dedupe/QA required.				overture:1bc468b2-c8d8-4af5-95f0-321612e85716	realpmoc.com	9497097368	real property management orange county	Mission Viejo	USA	HIGH	domain:realpmoc.com
	A	91	Huntington Beach	USA	Rangers Property Management		property_management	8907 Warner Ave	+15624856899								overture:fa3444ff-41a8-4c37-b3e9-3870eb43e6c9	2026-08-14T23:56:03Z		Canonical queue drain | fit A | GitHub MASTER dedupe passed	https://rangerspm.com/	info@rangerspm.com									High	Verified	https://explore.overturemaps.org/#id=fa3444ff-41a8-4c37-b3e9-3870eb43e6c9	Public Overture site+email; zero-HTTP V6 cheap-screen. Final MASTER dedupe/QA required.				overture:fa3444ff-41a8-4c37-b3e9-3870eb43e6c9	rangerspm.com	15624856899	rangers property management	Huntington Beach	USA	HIGH	domain:rangerspm.com
	A	91	La Quinta	USA	PGA West Vacation Rental		holiday_rental_home	54873 Inverness Way	+17143971712								overture:f3de6f18-6148-4a15-9fd1-a77a0e48f770	2026-08-14T23:56:03Z		Canonical queue drain | fit A | GitHub MASTER dedupe passed	http://PGAwestVacationRental.com/	ourpgawestvacationrental@gmail.com									High	Verified	https://explore.overturemaps.org/#id=f3de6f18-6148-4a15-9fd1-a77a0e48f770	Public Overture site+email; zero-HTTP V6 cheap-screen. Final MASTER dedupe/QA required.				overture:f3de6f18-6148-4a15-9fd1-a77a0e48f770	pgawestvacationrental.com	17143971712	pga west vacation rental	La Quinta	USA	HIGH	domain:pgawestvacationrental.com
	A	91	National City	USA	Pacific Legacy Property Management		property_management	22 W 35th St	+16194237500								overture:5ab6d5e4-0e48-4985-a962-d44377788d6e	2026-08-14T23:56:03Z		Canonical queue drain | fit A | GitHub MASTER dedupe passed	http://www.PacLeg.com/	info@pacleg.com									High	Verified	https://explore.overturemaps.org/#id=5ab6d5e4-0e48-4985-a962-d44377788d6e	Public Overture site+email; zero-HTTP V6 cheap-screen. Final MASTER dedupe/QA required.				overture:5ab6d5e4-0e48-4985-a962-d44377788d6e	pacleg.com	16194237500	pacific legacy property management	National City	USA	HIGH	domain:pacleg.com
	A	91	Fullerton	USA	Nease Property Management		property_management	1965 E Chapman Ave	+17145251750								overture:eadb97b1-b4bf-4032-8a44-07a98cca73a6	2026-08-14T23:56:03Z		Canonical queue drain | fit A | GitHub MASTER dedupe passed	http://www.neaseproperties.com/	vacancies@neaseproperties.com									High	Verified	https://explore.overturemaps.org/#id=eadb97b1-b4bf-4032-8a44-07a98cca73a6	Public Overture site+email; zero-HTTP V6 cheap-screen. Final MASTER dedupe/QA required.				overture:eadb97b1-b4bf-4032-8a44-07a98cca73a6	neaseproperties.com	17145251750	nease property management	Fullerton	USA	HIGH	domain:neaseproperties.com
	A	91	Lahaina	USA	Sea Breeze Vacation Rentals		property_management	808 Wainee St	+18082140612								overture:d261a8ff-7a54-437c-9058-1a9cd06f650f	2026-08-14T23:56:03Z		Canonical queue drain | fit A | GitHub MASTER dedupe passed	http://www.mauiseabreezevacationrentals.com	mauiseabreezevacationrentals@gmail.com									High	Verified	https://explore.overturemaps.org/#id=d261a8ff-7a54-437c-9058-1a9cd06f650f	Public Overture site+email; zero-HTTP V6 cheap-screen. Final MASTER dedupe/QA required.				overture:d261a8ff-7a54-437c-9058-1a9cd06f650f	mauiseabreezevacationrentals.com	18082140612	sea breeze vacation rentals	Lahaina	USA	HIGH	domain:mauiseabreezevacationrentals.com
	A	91	Bakersfield	USA	Match Point Property Management		property_management	5701 Truxtun Ave	+18008115961								overture:89a06bf5-8a39-48ac-9a64-6d72ecee63db	2026-08-14T23:56:03Z		Canonical queue drain | fit A | GitHub MASTER dedupe passed	http://www.matchpointpm.com/	matchpointpm@gmail.com									High	Verified	https://explore.overturemaps.org/#id=89a06bf5-8a39-48ac-9a64-6d72ecee63db	Public Overture site+email; zero-HTTP V6 cheap-screen. Final MASTER dedupe/QA required.				overture:89a06bf5-8a39-48ac-9a64-6d72ecee63db	matchpointpm.com	18008115961	match point property management	Bakersfield	USA	HIGH	domain:matchpointpm.com
	A	91	Longview	USA	66 Property Management		property_management	407 E Methvin St	+19037539595								overture:dadbae79-dc12-401e-b547-42496b426bdd	2026-08-14T23:56:03Z		Canonical queue drain | fit A | GitHub MASTER dedupe passed	http://www.MarshallJacksonManagement.com/	marshalljacksonmanagement@yahoo.com									High	Verified	https://explore.overturemaps.org/#id=dadbae79-dc12-401e-b547-42496b426bdd	Public Overture site+email; zero-HTTP V6 cheap-screen. Final MASTER dedupe/QA required.				overture:dadbae79-dc12-401e-b547-42496b426bdd	marshalljacksonmanagement.com	19037539595	66 property management	Longview	USA	HIGH	domain:marshalljacksonmanagement.com
	A	91	Irvine	USA	Mariners Property Management		property_management	18010 Sky Park Cir	+19492961104								overture:43186ab7-9704-479b-9d0a-17a28b542ff4	2026-08-14T23:56:03Z		Canonical queue drain | fit A | GitHub MASTER dedupe passed	http://www.marinerspropertymanagement.com/	marinerspropmgmt@gmail.com									High	Verified	https://explore.overturemaps.org/#id=43186ab7-9704-479b-9d0a-17a28b542ff4	Public Overture site+email; zero-HTTP V6 cheap-screen. Final MASTER dedupe/QA required.				overture:43186ab7-9704-479b-9d0a-17a28b542ff4	marinerspropertymanagement.com	19492961104	mariners property management	Irvine	USA	HIGH	domain:marinerspropertymanagement.com
	A	91	Honolulu	USA	Marcus Property Management		property_management	1045 Mapunapuna St	+18088397446								overture:2f5a1ffa-b10a-49c0-aee5-a431717c2071	2026-08-14T23:56:03Z		Canonical queue drain | fit A | GitHub MASTER dedupe passed	http://www.marcusrealty.com/available-rentals/	respm@marcusrealty.com									High	Verified	https://explore.overturemaps.org/#id=2f5a1ffa-b10a-49c0-aee5-a431717c2071	Public Overture site+email; zero-HTTP V6 cheap-screen. Final MASTER dedupe/QA required.				overture:2f5a1ffa-b10a-49c0-aee5-a431717c2071	marcusrealty.com	18088397446	marcus property management	Honolulu	USA	HIGH	domain:marcusrealty.com
	A	91	Anaheim	USA	Catalyst Property Management		property_management	8285 E Santa Ana Canyon Rd	+17143388877								overture:3e8be168-b8eb-4448-b147-6437511ee9b9	2026-08-14T23:56:03Z		Canonical queue drain | fit A | GitHub MASTER dedupe passed	http://www.lystpm.com/	team@lystpm.com									High	Verified	https://explore.overturemaps.org/#id=3e8be168-b8eb-4448-b147-6437511ee9b9	Public Overture site+email; zero-HTTP V6 cheap-screen. Final MASTER dedupe/QA required.				overture:3e8be168-b8eb-4448-b147-6437511ee9b9	lystpm.com	17143388877	catalyst property management	Anaheim	USA	HIGH	domain:lystpm.com
	A	91	Hunt	USA	Luck of the Draw Cabin Vacation Rental		lodging	3200 Highway 39	+18325249407								overture:78607e75-e417-4f76-87ca-de0f4b4421b8	2026-08-14T23:56:03Z		Canonical queue drain | fit A | GitHub MASTER dedupe passed	http://www.luckofthedrawvacationrentalatlacasitacrossing.com/	adafay1944@yahoo.com									High	Verified	https://explore.overturemaps.org/#id=78607e75-e417-4f76-87ca-de0f4b4421b8	Public Overture site+email; zero-HTTP V6 cheap-screen. Final MASTER dedupe/QA required.				overture:78607e75-e417-4f76-87ca-de0f4b4421b8	luckofthedrawvacationrentalatlacasitacrossing.com	18325249407	luck of the draw cabin vacation rental	Hunt	USA	HIGH	domain:luckofthedrawvacationrentalatlacasitacrossing.com
	A	91	Bakersfield	USA	Locator Property Management		property_management	2019 F St	+16616333900								overture:48705c95-d87d-4355-903d-323150b6392f	2026-08-14T23:56:03Z		Canonical queue drain | fit A | GitHub MASTER dedupe passed	http://locatorpm.com/	info@locatorpm.com									High	Verified	https://explore.overturemaps.org/#id=48705c95-d87d-4355-903d-323150b6392f	Public Overture site+email; zero-HTTP V6 cheap-screen. Final MASTER dedupe/QA required.				overture:48705c95-d87d-4355-903d-323150b6392f	locatorpm.com	16616333900	locator property management	Bakersfield	USA	HIGH	domain:locatorpm.com
	A	91	Ventura	USA	Life's a Beach Property Management		property_management	3585 Telegraph Rd	+18056039786								overture:230ffe92-c8a3-4178-bcf0-27e3c5e2c065	2026-08-14T23:56:03Z		Canonical queue drain | fit A | GitHub MASTER dedupe passed	http://lifesabeachproperty.com/	lifesabeachproperty@gmail.com									High	Verified	https://explore.overturemaps.org/#id=230ffe92-c8a3-4178-bcf0-27e3c5e2c065	Public Overture site+email; zero-HTTP V6 cheap-screen. Final MASTER dedupe/QA required.				overture:230ffe92-c8a3-4178-bcf0-27e3c5e2c065	lifesabeachproperty.com	18056039786	life s a beach property management	Ventura	USA	HIGH	domain:lifesabeachproperty.com
	A	91	Del Rio	USA	Legacy Property Management		property_management	210 Kings Way	+18307740371								overture:d27418a4-6460-481a-b957-df187cfd5c7a	2026-08-14T23:56:03Z		Canonical queue drain | fit A | GitHub MASTER dedupe passed	http://www.legacypmtx.com/	pm@legacypmtx.com									High	Verified	https://explore.overturemaps.org/#id=d27418a4-6460-481a-b957-df187cfd5c7a	Public Overture site+email; zero-HTTP V6 cheap-screen. Final MASTER dedupe/QA required.				overture:d27418a4-6460-481a-b957-df187cfd5c7a	legacypmtx.com	18307740371	legacy property management	Del Rio	USA	HIGH	domain:legacypmtx.com
	A	91	Hurst	USA	Peak Property Management		property_management	1845 Precinct Line Rd	+18174313700								overture:894ac3dc-268a-41a8-aba3-6564086e3b20	2026-08-14T23:56:03Z		Canonical queue drain | fit A | GitHub MASTER dedupe passed	https://leasepeak.com/find-your-home/	office@leasepeak.com									High	Verified	https://explore.overturemaps.org/#id=894ac3dc-268a-41a8-aba3-6564086e3b20	Public Overture site+email; zero-HTTP V6 cheap-screen. Final MASTER dedupe/QA required.				overture:894ac3dc-268a-41a8-aba3-6564086e3b20	leasepeak.com	18174313700	peak property management	Hurst	USA	HIGH	domain:leasepeak.com
	A	91	Lake Elsinore	USA	Laguna Property Management		property_management	31569 Canyon Estates Dr	+19514054470								overture:8ca6a978-b75e-4f8c-8628-3c16c41ca42e	2026-08-14T23:56:03Z		Canonical queue drain | fit A | GitHub MASTER dedupe passed	https://lagunapropertymgt.com/	lagunapmmgmt@gmail.com									High	Verified	https://explore.overturemaps.org/#id=8ca6a978-b75e-4f8c-8628-3c16c41ca42e	Public Overture site+email; zero-HTTP V6 cheap-screen. Final MASTER dedupe/QA required.				overture:8ca6a978-b75e-4f8c-8628-3c16c41ca42e	lagunapropertymgt.com	19514054470	laguna property management	Lake Elsinore	USA	HIGH	domain:lagunapropertymgt.com
	A	91	Murrieta	USA	Keyside Property Management		professional_service	26169 Jefferson Ave	+19512025116								overture:b091a7c7-708f-4c63-b0c0-14795ebc9d35	2026-08-14T23:56:03Z		Canonical queue drain | fit A | GitHub MASTER dedupe passed	http://www.keysidepropertymanagement.com/	info@keysidepropertymanagement.com									High	Verified	https://explore.overturemaps.org/#id=b091a7c7-708f-4c63-b0c0-14795ebc9d35	Public Overture site+email; zero-HTTP V6 cheap-screen. Final MASTER dedupe/QA required.				overture:b091a7c7-708f-4c63-b0c0-14795ebc9d35	keysidepropertymanagement.com	19512025116	keyside property management	Murrieta	USA	HIGH	domain:keysidepropertymanagement.com
	A	91	Honolulu	USA	JC Hawaii Realty Corp- Property Management & Sales		real_estate_agent	500 Ala Moana Blvd	+18082068838								overture:f4b8fac3-2643-4208-a579-6ad515e36c06	2026-08-14T23:56:03Z		Canonical queue drain | fit A | GitHub MASTER dedupe passed	http://www.jchawaiirealty.com/	jessica@jchawaiirealty.com									High	Verified	https://explore.overturemaps.org/#id=f4b8fac3-2643-4208-a579-6ad515e36c06	Public Overture site+email; zero-HTTP V6 cheap-screen. Final MASTER dedupe/QA required.				overture:f4b8fac3-2643-4208-a579-6ad515e36c06	jchawaiirealty.com	18082068838	jc hawaii realty corp property management sales	Honolulu	USA	HIGH	domain:jchawaiirealty.com
	A	91	Columbia-Shuswap	Canada	Hyde Property Management Shuswap		property_management	629 Davidson Rd	+12502537231								overture:f59f7a76-f763-461a-93d6-150460a1de77	2026-08-14T23:56:03Z		Canonical queue drain | fit A | GitHub MASTER dedupe passed	http://www.hydepropertymanagement.com/	hydepropertymanagementshuswap@gmail.com									High	Verified	https://explore.overturemaps.org/#id=f59f7a76-f763-461a-93d6-150460a1de77	Public Overture site+email; zero-HTTP V6 cheap-screen. Final MASTER dedupe/QA required.				overture:f59f7a76-f763-461a-93d6-150460a1de77	hydepropertymanagement.com	12502537231	hyde property management shuswap	Columbia-Shuswap	Canada	HIGH	domain:hydepropertymanagement.com
	A	91	San Marcos	USA	Hunter Property Management		property_management	1702 Hunter Rd	+15128934429								overture:0c379459-4e2c-4ccd-98ac-3c7960fbe4d5	2026-08-14T23:56:03Z		Canonical queue drain | fit A | GitHub MASTER dedupe passed	http://www.hunterpm.com/	hunterpropmgt@gmail.com									High	Verified	https://explore.overturemaps.org/#id=0c379459-4e2c-4ccd-98ac-3c7960fbe4d5	Public Overture site+email; zero-HTTP V6 cheap-screen. Final MASTER dedupe/QA required.				overture:0c379459-4e2c-4ccd-98ac-3c7960fbe4d5	hunterpm.com	15128934429	hunter property management	San Marcos	USA	HIGH	domain:hunterpm.com
	A	91	Temecula	USA	House Match Property Management DRE 01953163		property_management	27247 Madison Ave	+19512254020								overture:b968d894-1b34-4f4b-8952-6421da43e010	2026-08-14T23:56:03Z		Canonical queue drain | fit A | GitHub MASTER dedupe passed	https://www.housematchca.com/	house@housematchca.com									High	Verified	https://explore.overturemaps.org/#id=b968d894-1b34-4f4b-8952-6421da43e010	Public Overture site+email; zero-HTTP V6 cheap-screen. Final MASTER dedupe/QA required.				overture:b968d894-1b34-4f4b-8952-6421da43e010	housematchca.com	19512254020	house match property management dre 01953163	Temecula	USA	HIGH	domain:housematchca.com
	A	91	Paso Robles	USA	Hilltop 365 Paso Robles Vacation Home Rental		holiday_rental_home	365 Hilltop Dr	+14088910573								overture:70dc5684-afbc-4204-803a-efccb3dfc736	2026-08-14T23:56:03Z		Canonical queue drain | fit A | GitHub MASTER dedupe passed	http://www.Hilltop365.com/	debrakg@gmail.com									High	Verified	https://explore.overturemaps.org/#id=70dc5684-afbc-4204-803a-efccb3dfc736	Public Overture site+email; zero-HTTP V6 cheap-screen. Final MASTER dedupe/QA required.				overture:70dc5684-afbc-4204-803a-efccb3dfc736	hilltop365.com	14088910573	hilltop 365 paso robles vacation home rental	Paso Robles	USA	HIGH	domain:hilltop365.com
	A	91	Big Bear Lake	USA	Happy Bear Vacation Rentals		hotel	41659 Big Bear Blvd	+19098667744								overture:ff2e2e65-4738-43cd-8e99-4d2541d2dbd6	2026-08-14T23:56:03Z		Canonical queue drain | fit A | GitHub MASTER dedupe passed	http://www.happybearrentals.com/	info@happybearrentals.com									High	Verified	https://explore.overturemaps.org/#id=ff2e2e65-4738-43cd-8e99-4d2541d2dbd6	Public Overture site+email; zero-HTTP V6 cheap-screen. Final MASTER dedupe/QA required.				overture:ff2e2e65-4738-43cd-8e99-4d2541d2dbd6	happybearrentals.com	19098667744	happy bear vacation rentals	Big Bear Lake	USA	HIGH	domain:happybearrentals.com
	A	91	Hanalei	USA	Hale Reed Hanalei vacation rental on Kauai		hotel	4441 Pilikoa St	+14153086282								overture:96ec6862-fba6-4356-8bcf-5dc829d04f73	2026-08-14T23:56:03Z		Canonical queue drain | fit A | GitHub MASTER dedupe passed	http://www.hanalei-vacation.com	ssreed2971@aol.com									Medium	Recall-first	https://explore.overturemaps.org/#id=96ec6862-fba6-4356-8bcf-5dc829d04f73	Public Overture site+email; zero-HTTP V6 cheap-screen. Final MASTER dedupe/QA required.				overture:96ec6862-fba6-4356-8bcf-5dc829d04f73	hanalei-vacation.com	14153086282	hale reed hanalei vacation rental on kauai	Hanalei	USA	MEDIUM	domain:hanalei-vacation.com
	A	91	Columbia Falls	Canada	Halfmoon Hideaway Vacation Rentals		holiday_rental_home	326 Halfmoon Rd	+16025246592								overture:13c65c79-d2d6-4e26-8fb0-2f6598672b54	2026-08-14T23:56:03Z		Canonical queue drain | fit A | GitHub MASTER dedupe passed	http://Www.halfmoonhideawayrentals.com/	halfmoonhideawayrentals@gmail.com									High	Verified	https://explore.overturemaps.org/#id=13c65c79-d2d6-4e26-8fb0-2f6598672b54	Public Overture site+email; zero-HTTP V6 cheap-screen. Final MASTER dedupe/QA required.				overture:13c65c79-d2d6-4e26-8fb0-2f6598672b54	halfmoonhideawayrentals.com	16025246592	halfmoon hideaway vacation rentals	Columbia Falls	Canada	HIGH	domain:halfmoonhideawayrentals.com
	A	91	Columbia-Shuswap	Canada	Griffin Lake Cabin Rentals		cabin	7776 Trans Canada Hwy, Columbia-Shuswap, BC V0E, Canada	+17809075328								overture:bcb02c87-fdfc-4d2f-ac29-b9c580ca2f18	2026-08-14T23:56:03Z		Canonical queue drain | fit A | GitHub MASTER dedupe passed	https://www.griffinlakecabins.com/	griffinlakecabins@gmail.com									High	Verified	https://explore.overturemaps.org/#id=bcb02c87-fdfc-4d2f-ac29-b9c580ca2f18	Public Overture site+email; zero-HTTP V6 cheap-screen. Final MASTER dedupe/QA required.				overture:bcb02c87-fdfc-4d2f-ac29-b9c580ca2f18	griffinlakecabins.com	17809075328	griffin lake cabin rentals	Columbia-Shuswap	Canada	HIGH	domain:griffinlakecabins.com
	A	91	Fort Worth	USA	Genesis Masters Real Estate & Property Management Services		property_management	4420 W Vickery Blvd	+18177318830								overture:f12f181d-7223-44d3-9f27-d3b888832a8d	2026-08-14T23:56:03Z		Canonical queue drain | fit A | GitHub MASTER dedupe passed	http://www.genesismasters.com/	barbara.mcmasters@genesismasters.com									High	Verified	https://explore.overturemaps.org/#id=f12f181d-7223-44d3-9f27-d3b888832a8d	Public Overture site+email; zero-HTTP V6 cheap-screen. Final MASTER dedupe/QA required.				overture:f12f181d-7223-44d3-9f27-d3b888832a8d	genesismasters.com	18177318830	genesis masters real estate property management services	Fort Worth	USA	HIGH	domain:genesismasters.com
	A	91	El Cajon	USA	GCG Property Management		property_management	2160 Fletcher Pkwy	+18584137075								overture:b564be08-c523-46e8-a257-5c92f7d1b5ac	2026-08-14T23:56:03Z		Canonical queue drain | fit A | GitHub MASTER dedupe passed	http://www.gcgpropertymanagement.com/	info.gcgpm@gmail.com									Medium	Recall-first	https://explore.overturemaps.org/#id=b564be08-c523-46e8-a257-5c92f7d1b5ac	Public Overture site+email; zero-HTTP V6 cheap-screen. Final MASTER dedupe/QA required.				overture:b564be08-c523-46e8-a257-5c92f7d1b5ac	gcgpropertymanagement.com	18584137075	gcg property management	El Cajon	USA	MEDIUM	domain:gcgpropertymanagement.com
	A	91	Marshall	USA	Fugler & Fugler Property Management		real_estate_agent	2501 Victory Dr	+19039386723								overture:dd6d1676-392d-4dc7-a401-13874b3fb261	2026-08-14T23:56:03Z		Canonical queue drain | fit A | GitHub MASTER dedupe passed	http://www.fuglerandfugler.com/	regi3100@aol.com									High	Verified	https://explore.overturemaps.org/#id=dd6d1676-392d-4dc7-a401-13874b3fb261	Public Overture site+email; zero-HTTP V6 cheap-screen. Final MASTER dedupe/QA required.				overture:dd6d1676-392d-4dc7-a401-13874b3fb261	fuglerandfugler.com	19039386723	fugler fugler property management	Marshall	USA	HIGH	domain:fuglerandfugler.com
	A	91	Surrey	Canada	Fraser Campbell Property Management		property_management	5500 152 St	+16045853276								overture:79f196f1-0677-4728-b8a8-569c8475c049	2026-08-14T23:56:03Z		Canonical queue drain | fit A | GitHub MASTER dedupe passed	http://www.frasercampbell.com/	info@frasercampbell.com									High	Verified	https://explore.overturemaps.org/#id=79f196f1-0677-4728-b8a8-569c8475c049	Public Overture site+email; zero-HTTP V6 cheap-screen. Final MASTER dedupe/QA required.				overture:79f196f1-0677-4728-b8a8-569c8475c049	frasercampbell.com	16045853276	fraser campbell property management	Surrey	Canada	HIGH	domain:frasercampbell.com
	A	91	Pasadena	USA	Flying Tigers Property Management		property_management	117 E Colorado Blvd	+13232726644								overture:740d03c7-0f52-49b5-8a6d-5cd69fe678f3	2026-08-14T23:56:03Z		Canonical queue drain | fit A | GitHub MASTER dedupe passed	http://www.flyingtigerspm.com/	joominvestments@gmail.com									High	Verified	https://explore.overturemaps.org/#id=740d03c7-0f52-49b5-8a6d-5cd69fe678f3	Public Overture site+email; zero-HTTP V6 cheap-screen. Final MASTER dedupe/QA required.				overture:740d03c7-0f52-49b5-8a6d-5cd69fe678f3	flyingtigerspm.com	13232726644	flying tigers property management	Pasadena	USA	HIGH	domain:flyingtigerspm.com
	A	91	Encino	USA	Robert Ortega, Agent - Real Estate Sales & Property Management		real_estate_agent		+18187234663								overture:80e077b3-6147-4a03-b3ec-96b4783ff1ea	2026-08-14T23:56:03Z		Canonical queue drain | fit A | GitHub MASTER dedupe passed	http://www.FindMyValleyHome.com/	realtorrobertortega@gmail.com									High	Verified	https://explore.overturemaps.org/#id=80e077b3-6147-4a03-b3ec-96b4783ff1ea	Public Overture site+email; zero-HTTP V6 cheap-screen. Final MASTER dedupe/QA required.				overture:80e077b3-6147-4a03-b3ec-96b4783ff1ea	findmyvalleyhome.com	18187234663	robert ortega agent real estate sales property management	Encino	USA	HIGH	domain:findmyvalleyhome.com
	A	91	Palm Springs	USA	El Mirasol Villas		resort	525 S Warm Sands Dr	+17603275913								overture:a95536d6-4704-4a2f-b159-ca2dd8111ef5	2026-08-14T23:56:03Z		Canonical queue drain | fit A | GitHub MASTER dedupe passed	http://www.elmirasol.com/	info@elmirasol.com									High	Verified	https://explore.overturemaps.org/#id=a95536d6-4704-4a2f-b159-ca2dd8111ef5	Public Overture site+email; zero-HTTP V6 cheap-screen. Final MASTER dedupe/QA required.				overture:a95536d6-4704-4a2f-b159-ca2dd8111ef5	elmirasol.com	17603275913	el mirasol villas	Palm Springs	USA	HIGH	domain:elmirasol.com
	A	91	Palm Desert	USA	Desert Palms Property Management		real_estate_agent	45270 Panorama Dr	(760) 851-3196								overture:b6d719b3-daf2-4eb5-bd93-9ab74c26b181	2026-08-14T23:56:03Z		Canonical queue drain | fit A | GitHub MASTER dedupe passed	http://desertpalmspm.com	desertpalmspm@gmail.com									High	Verified	https://explore.overturemaps.org/#id=b6d719b3-daf2-4eb5-bd93-9ab74c26b181	Public Overture site+email; zero-HTTP V6 cheap-screen. Final MASTER dedupe/QA required.				overture:b6d719b3-daf2-4eb5-bd93-9ab74c26b181	desertpalmspm.com	7608513196	desert palms property management	Palm Desert	USA	HIGH	domain:desertpalmspm.com
	A	91	Concan	USA	Concan VIP Property Management		property_management	21488 US Highway 127	+18302758670								overture:8ee5ad6e-02ba-43d5-8416-235e1d6ae580	2026-08-14T23:56:03Z		Canonical queue drain | fit A | GitHub MASTER dedupe passed	http://concanvip.net/	concan.vip@gmail.com									High	Verified	https://explore.overturemaps.org/#id=8ee5ad6e-02ba-43d5-8416-235e1d6ae580	Public Overture site+email; zero-HTTP V6 cheap-screen. Final MASTER dedupe/QA required.				overture:8ee5ad6e-02ba-43d5-8416-235e1d6ae580	concanvip.net	18302758670	concan vip property management	Concan	USA	HIGH	domain:concanvip.net
	A	91	Chula Vista	USA	CFL Realty and Property Management		real_estate_service	669 Broadway	+16194224941								overture:439dbc37-e0a0-4a2a-a63c-015e33152a9d	2026-08-14T23:56:03Z		Canonical queue drain | fit A | GitHub MASTER dedupe passed	http://cflsd.com/	info@cflsd.com									High	Verified	https://explore.overturemaps.org/#id=439dbc37-e0a0-4a2a-a63c-015e33152a9d	Public Overture site+email; zero-HTTP V6 cheap-screen. Final MASTER dedupe/QA required.				overture:439dbc37-e0a0-4a2a-a63c-015e33152a9d	cflsd.com	16194224941	cfl realty and property management	Chula Vista	USA	HIGH	domain:cflsd.com
	A	91	Burbank	USA	Century Property Management and Investments		property_management	2300 W Magnolia Blvd	+18188413359								overture:bad26ec6-3bf1-4f4d-9221-f215eaeace04	2026-08-14T23:56:03Z		Canonical queue drain | fit A | GitHub MASTER dedupe passed	http://www.centurypmi.com/	deion@centurypmi.com									High	Verified	https://explore.overturemaps.org/#id=bad26ec6-3bf1-4f4d-9221-f215eaeace04	Public Overture site+email; zero-HTTP V6 cheap-screen. Final MASTER dedupe/QA required.				overture:bad26ec6-3bf1-4f4d-9221-f215eaeace04	centurypmi.com	18188413359	century property management and investments	Burbank	USA	HIGH	domain:centurypmi.com
	A	91	Cayucos	USA	Cayucos Beachfront Vacation Rental		holiday_rental_home	2150 Pacific Ave	+18054662186								overture:cadf0b89-ddbb-441e-96a1-a978c313d0e2	2026-08-14T23:56:03Z		Canonical queue drain | fit A | GitHub MASTER dedupe passed	http://www.cayucosbeachfrontvacationrental.com/	spcraw1@gmail.com									High	Verified	https://explore.overturemaps.org/#id=cadf0b89-ddbb-441e-96a1-a978c313d0e2	Public Overture site+email; zero-HTTP V6 cheap-screen. Final MASTER dedupe/QA required.				overture:cadf0b89-ddbb-441e-96a1-a978c313d0e2	cayucosbeachfrontvacationrental.com	18054662186	cayucos beachfront vacation rental	Cayucos	USA	HIGH	domain:cayucosbeachfrontvacationrental.com
	A	91	Dallas	USA	Blue Crown Properties		property_management	13901 Midway Rd	+12144324115								overture:21ebfc6b-af0f-48e0-838f-81cb3003b382	2026-08-14T23:56:03Z		Canonical queue drain | fit A | GitHub MASTER dedupe passed	http://www.bluecrownproperties.com/	info@bluecrownproperties.com									High	Verified	https://explore.overturemaps.org/#id=21ebfc6b-af0f-48e0-838f-81cb3003b382	Public Overture site+email; zero-HTTP V6 cheap-screen. Final MASTER dedupe/QA required.				overture:21ebfc6b-af0f-48e0-838f-81cb3003b382	bluecrownproperties.com	12144324115	blue crown properties	Dallas	USA	HIGH	domain:bluecrownproperties.com
	A	91	Nipomo	USA	Blacklake Vacation Rentals		holiday_rental_home	1435 Golf Course Ln	+16614967346								overture:ee837e5d-862c-4ae0-b6cb-06318d285a3a	2026-08-14T23:56:03Z		Canonical queue drain | fit A | GitHub MASTER dedupe passed	http://www.blacklakevacationrentals.com/	marnalombardi10@gmail.com									High	Verified	https://explore.overturemaps.org/#id=ee837e5d-862c-4ae0-b6cb-06318d285a3a	Public Overture site+email; zero-HTTP V6 cheap-screen. Final MASTER dedupe/QA required.				overture:ee837e5d-862c-4ae0-b6cb-06318d285a3a	blacklakevacationrentals.com	16614967346	blacklake vacation rentals	Nipomo	USA	HIGH	domain:blacklakevacationrentals.com
	A	91	Kootenay Boundary	Canada	SKI IN SKI OUT Vacation HOME at Big and White Ski Hill, near Kelowna		holiday_rental_home	7640 Porcupine Rd	+16047276090								overture:4bee1b95-7dd8-4e4d-bd6a-e92d45efa496	2026-08-14T23:56:03Z		Canonical queue drain | fit A | GitHub MASTER dedupe passed	http://bigwhiteskivacation.com/	bigwhiteskivacation@gmail.com									High	Verified	https://explore.overturemaps.org/#id=4bee1b95-7dd8-4e4d-bd6a-e92d45efa496	Public Overture site+email; zero-HTTP V6 cheap-screen. Final MASTER dedupe/QA required.				overture:4bee1b95-7dd8-4e4d-bd6a-e92d45efa496	bigwhiteskivacation.com	16047276090	ski in ski out vacation home at big and white ski hill near kelowna	Kootenay Boundary	Canada	HIGH	domain:bigwhiteskivacation.com
	A	91	Woodland Hills	USA	Benco Property Management		property_management	22647 Ventura Blvd Ste 378	(818) 341-3301								overture:ded5b444-bef6-4ac6-94a5-6793a0b6551d	2026-08-14T23:56:03Z		Canonical queue drain | fit A | GitHub MASTER dedupe passed	http://www.bencopropertymanagement.com	benco2000@aol.com									High	Verified	https://explore.overturemaps.org/#id=ded5b444-bef6-4ac6-94a5-6793a0b6551d	Public Overture site+email; zero-HTTP V6 cheap-screen. Final MASTER dedupe/QA required.				overture:ded5b444-bef6-4ac6-94a5-6793a0b6551d	bencopropertymanagement.com	8183413301	benco property management	Woodland Hills	USA	HIGH	domain:bencopropertymanagement.com
	A	91	San Diego	USA	Beach Cliff Villas		holiday_rental_home	1352 Sunset Cliffs Blvd	+18582284998								overture:68c3797e-bcb7-4092-b304-9b58a1b94f17	2026-08-14T23:56:03Z		Canonical queue drain | fit A | GitHub MASTER dedupe passed	http://www.beachcliffvillas.org	oceanviewvillas@yahoo.com									High	Verified	https://explore.overturemaps.org/#id=68c3797e-bcb7-4092-b304-9b58a1b94f17	Public Overture site+email; zero-HTTP V6 cheap-screen. Final MASTER dedupe/QA required.				overture:68c3797e-bcb7-4092-b304-9b58a1b94f17	beachcliffvillas.org	18582284998	beach cliff villas	San Diego	USA	HIGH	domain:beachcliffvillas.org
	A	91	Friendswood	USA	Bay Property Management & Realty LLC		property_management	1414 S Friendswood Dr	+12819925566								overture:884a1fba-3ca2-4b4b-8d0e-a68bee49584b	2026-08-14T23:56:03Z		Canonical queue drain | fit A | GitHub MASTER dedupe passed	http://Baypropertymgmt.net/	liz.hall@baypropertymgmt.net									High	Verified	https://explore.overturemaps.org/#id=884a1fba-3ca2-4b4b-8d0e-a68bee49584b	Public Overture site+email; zero-HTTP V6 cheap-screen. Final MASTER dedupe/QA required.				overture:884a1fba-3ca2-4b4b-8d0e-a68bee49584b	baypropertymgmt.net	12819925566	bay property management realty llc	Friendswood	USA	HIGH	domain:baypropertymgmt.net
	A	91	Austin	USA	Austin Property Management Options		property_management	7800 Shoal Creek Blvd	+15122509882								overture:abbafc89-1073-4ee1-9900-2b7f6189ad6a	2026-08-14T23:56:03Z		Canonical queue drain | fit A | GitHub MASTER dedupe passed	http://www.austinpropertymanagementoptions.com	rose.optionsrealty@gmail.com									High	Verified	https://explore.overturemaps.org/#id=abbafc89-1073-4ee1-9900-2b7f6189ad6a	Public Overture site+email; zero-HTTP V6 cheap-screen. Final MASTER dedupe/QA required.				overture:abbafc89-1073-4ee1-9900-2b7f6189ad6a	austinpropertymanagementoptions.com	15122509882	austin property management options	Austin	USA	HIGH	domain:austinpropertymanagementoptions.com
	A	91	Cedar Park	USA	Austin Park Avenue Property Management		real_estate_agent	100 E Whitestone Blvd Ste 148 # # PMB 294	(512) 535-7300								overture:947af841-7c85-44b7-af26-ec8bf6dc1cfc	2026-08-14T23:56:03Z		Canonical queue drain | fit A | GitHub MASTER dedupe passed	http://austinparkave.com	austinparkave@outlook.com									High	Verified	https://explore.overturemaps.org/#id=947af841-7c85-44b7-af26-ec8bf6dc1cfc	Public Overture site+email; zero-HTTP V6 cheap-screen. Final MASTER dedupe/QA required.				overture:947af841-7c85-44b7-af26-ec8bf6dc1cfc	austinparkave.com	5125357300	austin park avenue property management	Cedar Park	USA	HIGH	domain:austinparkave.com
	A	91	Encino	USA	Apple Property Management		property_management	15720 Ventura Blvd	+18183000101								overture:b692d68c-8075-4abf-8b24-b8e3746ab209	2026-08-14T23:56:03Z		Canonical queue drain | fit A | GitHub MASTER dedupe passed	http://www.applehomerentals.com/	info@applehomerentals.com									Medium	Recall-first	https://explore.overturemaps.org/#id=b692d68c-8075-4abf-8b24-b8e3746ab209	Public Overture site+email; zero-HTTP V6 cheap-screen. Final MASTER dedupe/QA required.				overture:b692d68c-8075-4abf-8b24-b8e3746ab209	applehomerentals.com	18183000101	apple property management	Encino	USA	MEDIUM	domain:applehomerentals.com
	A	91	Monterey Park	USA	All County West Property Management		property_management	637 W Garvey Ave	+16266237368								overture:73685258-f848-4db9-a9f1-771c2d14c1eb	2026-08-14T23:56:03Z		Canonical queue drain | fit A | GitHub MASTER dedupe passed	http://www.allcountywest.com/	contact@allcountywest.com									High	Verified	https://explore.overturemaps.org/#id=73685258-f848-4db9-a9f1-771c2d14c1eb	Public Overture site+email; zero-HTTP V6 cheap-screen. Final MASTER dedupe/QA required.				overture:73685258-f848-4db9-a9f1-771c2d14c1eb	allcountywest.com	16266237368	all county west property management	Monterey Park	USA	HIGH	domain:allcountywest.com
	A	91	Richardson	USA	All County Metroplex Property Management		property_management	2435 N Central Expy	+14694057200								overture:3c884274-326a-4f2e-b08b-1c817b898ac1	2026-08-14T23:56:03Z		Canonical queue drain | fit A | GitHub MASTER dedupe passed	https://allcountymetroplex.com/	contact@allcountymetroplex.com									High	Verified	https://explore.overturemaps.org/#id=3c884274-326a-4f2e-b08b-1c817b898ac1	Public Overture site+email; zero-HTTP V6 cheap-screen. Final MASTER dedupe/QA required.				overture:3c884274-326a-4f2e-b08b-1c817b898ac1	allcountymetroplex.com	14694057200	all county metroplex property management	Richardson	USA	HIGH	domain:allcountymetroplex.com
	A	91	Fort Worth	USA	All County Property Management Group		property_management	8101 Boat Club Rd	+18175672500								overture:7a8e8889-e4e5-4f07-bdd7-47b653ed2e2a	2026-08-14T23:56:03Z		Canonical queue drain | fit A | GitHub MASTER dedupe passed	http://allcountygroup.com/	contact@allcountygroup.com									High	Verified	https://explore.overturemaps.org/#id=7a8e8889-e4e5-4f07-bdd7-47b653ed2e2a	Public Overture site+email; zero-HTTP V6 cheap-screen. Final MASTER dedupe/QA required.				overture:7a8e8889-e4e5-4f07-bdd7-47b653ed2e2a	allcountygroup.com	18175672500	all county property management group	Fort Worth	USA	HIGH	domain:allcountygroup.com
	A	91	Palm Desert	USA	All County Desert Property Management		property_management	77682 Country Club Dr	+17609933100								overture:d63cf6e8-400b-49bc-bc4e-7304b7ca8961	2026-08-14T23:56:03Z		Canonical queue drain | fit A | GitHub MASTER dedupe passed	http://allcountydesert.com/	contact@allcountydesert.com									High	Verified	https://explore.overturemaps.org/#id=d63cf6e8-400b-49bc-bc4e-7304b7ca8961	Public Overture site+email; zero-HTTP V6 cheap-screen. Final MASTER dedupe/QA required.				overture:d63cf6e8-400b-49bc-bc4e-7304b7ca8961	allcountydesert.com	17609933100	all county desert property management	Palm Desert	USA	HIGH	domain:allcountydesert.com
	A	91	Murrieta	USA	All County Community Property Management		property_management	25090 Jefferson Ave	+19518007000								overture:a394f396-7590-4af2-bd90-234856e1c013	2026-08-14T23:56:03Z		Canonical queue drain | fit A | GitHub MASTER dedupe passed	http://allcountycommunity.com/	kfoley@allcountycommunity.com									High	Verified	https://explore.overturemaps.org/#id=a394f396-7590-4af2-bd90-234856e1c013	Public Overture site+email; zero-HTTP V6 cheap-screen. Final MASTER dedupe/QA required.				overture:a394f396-7590-4af2-bd90-234856e1c013	allcountycommunity.com	19518007000	all county community property management	Murrieta	USA	HIGH	domain:allcountycommunity.com
	A	91	Universal City	USA	All County Alamo Property Management		property_management	433 Kitty Hawk Rd	+12107180992								overture:8e468044-25e2-48d6-b719-9be60955fd28	2026-08-14T23:56:03Z		Canonical queue drain | fit A | GitHub MASTER dedupe passed	http://allcountyalamo.com/	contact@allcountyalamo.com									High	Verified	https://explore.overturemaps.org/#id=8e468044-25e2-48d6-b719-9be60955fd28	Public Overture site+email; zero-HTTP V6 cheap-screen. Final MASTER dedupe/QA required.				overture:8e468044-25e2-48d6-b719-9be60955fd28	allcountyalamo.com	12107180992	all county alamo property management	Universal City	USA	HIGH	domain:allcountyalamo.com
	A	91	Lago Vista	USA	The Flight Deck Luxury Fly-In Vacation Rental Home		holiday_rental_home	21104 Rawhide Trl	+19706199036								overture:6146d2e0-2d92-462c-94c0-a76abba6994a	2026-08-14T23:56:03Z		Canonical queue drain | fit A | GitHub MASTER dedupe passed	http://airparkbnb.com/	info@airparkbnb.com									High	Verified	https://explore.overturemaps.org/#id=6146d2e0-2d92-462c-94c0-a76abba6994a	Public Overture site+email; zero-HTTP V6 cheap-screen. Final MASTER dedupe/QA required.				overture:6146d2e0-2d92-462c-94c0-a76abba6994a	airparkbnb.com	19706199036	the flight deck luxury fly in vacation rental home	Lago Vista	USA	HIGH	domain:airparkbnb.com
	A	91	Carlsbad	USA	5th Avenue Property Management		property_management	1902 Wright Pl	+17604001029								overture:8780b051-5f33-47a7-a305-ecbb075a2745	2026-08-14T23:56:03Z		Canonical queue drain | fit A | GitHub MASTER dedupe passed	http://www.5thavenuepm.com/	info@5thavenuepm.com									High	Verified	https://explore.overturemaps.org/#id=8780b051-5f33-47a7-a305-ecbb075a2745	Public Overture site+email; zero-HTTP V6 cheap-screen. Final MASTER dedupe/QA required.				overture:8780b051-5f33-47a7-a305-ecbb075a2745	5thavenuepm.com	17604001029	5th avenue property management	Carlsbad	USA	HIGH	domain:5thavenuepm.com
	A	91	Oak Harbor	Canada	360 Property Management		property_management	471 SE Pioneer Way	+13606752271								overture:9a98765f-8ebf-4745-8fac-983b805e3919	2026-08-14T23:56:03Z		Canonical queue drain | fit A | GitHub MASTER dedupe passed	http://360pm.us/	info@360pm.us									High	Verified	https://explore.overturemaps.org/#id=9a98765f-8ebf-4745-8fac-983b805e3919	Public Overture site+email; zero-HTTP V6 cheap-screen. Final MASTER dedupe/QA required.				overture:9a98765f-8ebf-4745-8fac-983b805e3919	360pm.us	13606752271	360 property management	Oak Harbor	Canada	HIGH	domain:360pm.us
	B	78	Kakadkopar	India	Hotel Silver Leaf Village		resort	Kakadkopar, Gujarat, India	07069211111								overture:88618683-59e6-4942-b5de-9e5ef21758f1	2026-08-16T21:38:57.011945Z		Canonical queue drain | fit B | GitHub MASTER dedupe passed	http://www.hotelsilverleafindia.com/		https://www.hotelsilverleafindia.com/contact								High	Verified	https://explore.overturemaps.org/#id=88618683-59e6-4942-b5de-9e5ef21758f1	Public Overture website; no usable Overture email. First-party public contact crawl required; no inference.				overture:88618683-59e6-4942-b5de-9e5ef21758f1	hotelsilverleafindia.com	07069211111	hotel silver leaf village	Kakadkopar	India	HIGH	domain:hotelsilverleafindia.com
	B	78	Surat	India	Forest Eco Resort		resort	Forest Eco Resort	+8801897660045								overture:7765b0b6-a4e5-495a-9ed0-034a9ff2fc9e	2026-08-16T21:38:57.011945Z		Canonical queue drain | fit B | GitHub MASTER dedupe passed	http://www.foresteco-resort.com/		https://www.foresteco-resort.com/contact								Medium	Recall-first	https://explore.overturemaps.org/#id=7765b0b6-a4e5-495a-9ed0-034a9ff2fc9e	Public Overture website; no usable Overture email. First-party public contact crawl required; no inference.				overture:7765b0b6-a4e5-495a-9ed0-034a9ff2fc9e	foresteco-resort.com	8801897660045	forest eco resort	Surat	India	MEDIUM	domain:foresteco-resort.com
	B	78	Mount Abu	India	Hotel Samiralok - Boutique Garden Retreat in Mount Abu		hotel	Main road, old cart road	+918854996410								overture:1e81b82a-774b-4387-b41b-24603d65fb45	2026-08-16T21:38:57.011945Z		Canonical queue drain | fit B | GitHub MASTER dedupe passed	http://samiralokguesthouseabu.bugs3.com/		http://samiralokguesthouseabu.bugs3.com/contact								Permissive	Qualification	https://explore.overturemaps.org/#id=1e81b82a-774b-4387-b41b-24603d65fb45	Public Overture website; no usable Overture email. First-party public contact crawl required; no inference.				overture:1e81b82a-774b-4387-b41b-24603d65fb45	bugs3.com	918854996410	hotel samiralok boutique garden retreat in mount abu	Mount Abu	India	PERMISSIVE	domain:bugs3.com
	B	78		Switzerland	Hotel Central Continental Interlaken		hotel										Q111875334	2026-08-16T21:36:01.052959Z		Canonical queue drain | fit B | GitHub MASTER dedupe passed	http://central-continental.interlakenhotelsweb.com/en/		https://www.interlakenhotelsweb.com/#contact				https://www.interlakenhotelsweb.com/en/theme/vacation-rentals-42/				High	Verified	http://www.wikidata.org/entity/Q111875334	Wikidata structured evidence; country=Q39; class=Q27686; official website property P856.				q111875334	interlakenhotelsweb.com		hotel central continental interlaken		Switzerland	HIGH	domain:interlakenhotelsweb.com
	B	78	Fort Portal	UG	Lake Kasenda Lodge		resort	Lake Kasenda, Kasenda Crater Lakes Area	0740941536								overture:e0dc1aaa-c751-4297-8894-626ecf6b2157	2026-08-16T21:36:01.052959Z		Canonical queue drain | fit B | GitHub MASTER dedupe passed	http://lake-kasenda-lodge.hotelrunner.com/						https://app.hotelrunner.com/user/auth/facebook				Permissive	Qualification	https://explore.overturemaps.org/#id=e0dc1aaa-c751-4297-8894-626ecf6b2157	Public Overture website; no usable Overture email. First-party public contact crawl required; no inference.				overture:e0dc1aaa-c751-4297-8894-626ecf6b2157	hotelrunner.com	0740941536	lake kasenda lodge	Fort Portal	UG	PERMISSIVE	domain:hotelrunner.com
	B	78	Lagos	NG	Luxury Nigeria Homes and Relaxation Resort		hotel	House 2, Co-op Villas Road, Badore Lekki,	+12404602545								overture:1239961d-8e5c-41cf-b3e3-c3fcf88e65d5	2026-08-16T21:36:01.052959Z		Canonical queue drain | fit B | GitHub MASTER dedupe passed	http://www.nigerialuxuryhomes.com/		http://www.nigerialuxuryhomes.com/contact								Permissive	Qualification	https://explore.overturemaps.org/#id=1239961d-8e5c-41cf-b3e3-c3fcf88e65d5	Public Overture website; no usable Overture email. First-party public contact crawl required; no inference.				overture:1239961d-8e5c-41cf-b3e3-c3fcf88e65d5	nigerialuxuryhomes.com	12404602545	luxury nigeria homes and relaxation resort	Lagos	NG	PERMISSIVE	domain:nigerialuxuryhomes.com
	B	78		Switzerland	Hotel Berghaus		hotel										Q111875336	2026-08-16T21:36:01.052959Z		Canonical queue drain | fit B | GitHub MASTER dedupe passed	https://www.berghaus-wengen.ch	info@berghaus-wengen.ch	https://berghaus-wengen.ch/kontakt/								High	Verified	http://www.wikidata.org/entity/Q111875336; https://berghaus-wengen.ch/	Wikidata structured evidence; country=Q39; class=Q27686; official website property P856. Public business email recovered from first-party website; no inference.				q111875336	berghaus-wengen.ch		hotel berghaus		Switzerland	HIGH	domain:berghaus-wengen.ch
	B	78	Ponta Delgada	Portugal	São Vicente Lodge - Panoramic Retreat		hotel	Rua do Sertão 78	+351915188611								overture:605fc69a-c10e-48d6-922d-0b8dfad6cd29	2026-08-16T21:33:09.186837Z		Canonical queue drain | fit B | GitHub MASTER dedupe passed	https://www.saovicentelodge.pt/			https://www.instagram.com/amenitiz/							Permissive	Qualification	https://explore.overturemaps.org/#id=605fc69a-c10e-48d6-922d-0b8dfad6cd29; https://amenitiz.com/en	Public Overture website; no usable Overture email. First-party public contact crawl required; no inference.				overture:605fc69a-c10e-48d6-922d-0b8dfad6cd29	saovicentelodge.pt	351915188611	sao vicente lodge panoramic retreat	Ponta Delgada	Portugal	PERMISSIVE	domain:saovicentelodge.pt
	B	78	Ponta Delgada	Portugal	Pedras do Mar Resort & SPA		hotel	Rua das Terças, 3	296 249 300								overture:347a8ae5-7158-430b-ad41-cf2f6d108ab4	2026-08-16T21:33:09.186837Z		Canonical queue drain | fit B | GitHub MASTER dedupe passed	http://www.pedrasdomar.com			https://www.instagram.com/verdemar.hotel/							High	Verified	https://explore.overturemaps.org/#id=347a8ae5-7158-430b-ad41-cf2f6d108ab4; https://acorsonho.com/hotel/pedrasdomarresortspa/	Public Overture website; no usable Overture email. First-party public contact crawl required; no inference.				overture:347a8ae5-7158-430b-ad41-cf2f6d108ab4	pedrasdomar.com	296249300	pedras do mar resort spa	Ponta Delgada	Portugal	HIGH	domain:pedrasdomar.com
	B	78		United Kingdom	Northwick Arms Hotel		hotel										Q26356642	2026-08-16T21:31:15.198708Z		Canonical queue drain | fit B | GitHub MASTER dedupe passed	https://www.northwickhotel.co.uk/		https://www.northwickhotel.co.uk/contact				https://www.northwickhotel.co.uk/rooms				High	Verified	http://www.wikidata.org/entity/Q26356642	Wikidata structured evidence; country=Q145; class=Q27686; official website property P856.				q26356642	northwickhotel.co.uk		northwick arms hotel		United Kingdom	HIGH	domain:northwickhotel.co.uk
	B	78		United Kingdom	New Place, Shirrell Heath		hotel										Q17528652	2026-08-16T21:31:15.198708Z		Canonical queue drain | fit B | GitHub MASTER dedupe passed	https://www.newplacehotel.co.uk/		https://www.newplacehotel.co.uk/contact-us/				https://www.newplacehotel.co.uk/our-rooms				High	Verified	http://www.wikidata.org/entity/Q17528652	Wikidata structured evidence; country=Q145; class=Q27686; official website property P856.				q17528652	newplacehotel.co.uk		new place shirrell heath		United Kingdom	HIGH	domain:newplacehotel.co.uk
	B	78		United Kingdom	Ballachulish Hotel, South Ballachulish		hotel										Q17827491	2026-08-16T21:31:15.198708Z		Canonical queue drain | fit B | GitHub MASTER dedupe passed	https://www.ballachulish-hotel.co.uk/		https://www.ballachulish-hotel.co.uk/contact-us/				https://www.ballachulish-hotel.co.uk/Css/Global/General/booking-form.min.css?d=4b930e090f3e57d7bd200b693cb30d4d7917ecea				High	Verified	http://www.wikidata.org/entity/Q17827491	Wikidata structured evidence; country=Q145; class=Q27686; official website property P856.				q17827491	ballachulish-hotel.co.uk		ballachulish hotel south ballachulish		United Kingdom	HIGH	domain:ballachulish-hotel.co.uk
	B	78		United Kingdom	Three Fishes Inn		hotel										Q26327658	2026-08-16T21:31:15.198708Z		Canonical queue drain | fit B | GitHub MASTER dedupe passed	http://www.thethreefishes.com/	webmaster@thethreefishes.com	https://thethreefishes.com/about								High	Verified	http://www.wikidata.org/entity/Q26327658; https://thethreefishes.com/	Wikidata structured evidence; country=Q145; class=Q27686; official website property P856. Public business email recovered from first-party website; no inference.				q26327658	thethreefishes.com		three fishes inn		United Kingdom	HIGH	domain:thethreefishes.com
	B	78		United Kingdom	The Plough Inn		hotel										Q26277980	2026-08-16T21:31:15.198708Z		Canonical queue drain | fit B | GitHub MASTER dedupe passed	https://www.theploughlowerbeeding.com/	csabin1984@gmail.com	https://www.theploughlowerbeeding.com/contact								Medium	Recall-first	http://www.wikidata.org/entity/Q26277980; https://www.theploughlowerbeeding.com/	Wikidata structured evidence; country=Q145; class=Q27686; official website property P856. Public business email recovered from first-party website; no inference.				q26277980	theploughlowerbeeding.com		the plough inn		United Kingdom	MEDIUM	domain:theploughlowerbeeding.com
	B	78		United Kingdom	The Harrow		hotel										Q18160160	2026-08-16T21:31:15.198708Z		Canonical queue drain | fit B | GitHub MASTER dedupe passed	http://www.theharrowinnsteep.co.uk	info@theharrowinnsteep.co.uk	https://www.theharrowinnsteep.co.uk/about.html								Permissive	Qualification	http://www.wikidata.org/entity/Q18160160; https://www.theharrowinnsteep.co.uk/	Wikidata structured evidence; country=Q145; class=Q27686; official website property P856. Public business email recovered from first-party website; no inference.				q18160160	theharrowinnsteep.co.uk		the harrow		United Kingdom	PERMISSIVE	domain:theharrowinnsteep.co.uk
	B	78		United Kingdom	The Talbot Inn		hotel										Q17552175	2026-08-16T21:31:15.198708Z		Canonical queue drain | fit B | GitHub MASTER dedupe passed	http://www.talbotinn.com			https://www.instagram.com/thetalbotinn/	https://www.facebook.com/talbotinnmells/						Medium	Recall-first	http://www.wikidata.org/entity/Q17552175; https://www.talbotinn.com/	Wikidata structured evidence; country=Q145; class=Q27686; official website property P856.				q17552175	talbotinn.com		the talbot inn		United Kingdom	MEDIUM	domain:talbotinn.com
	B	78		United Kingdom	Goat Inn		hotel										Q26301217	2026-08-16T21:31:15.198708Z		Canonical queue drain | fit B | GitHub MASTER dedupe passed	http://www.skeytongoatinn.co.uk		https://www.skeytongoatinn.co.uk/contact-us/		https://www.facebook.com/pages/The-Goat-Inn/188634171152930/						Medium	Recall-first	http://www.wikidata.org/entity/Q26301217; https://www.skeytongoatinn.co.uk/	Wikidata structured evidence; country=Q145; class=Q27686; official website property P856.				q26301217	skeytongoatinn.co.uk		goat inn		United Kingdom	MEDIUM	domain:skeytongoatinn.co.uk
	B	78		United Kingdom	The New Inn		hotel										Q26311675	2026-08-16T21:31:15.198708Z		Canonical queue drain | fit B | GitHub MASTER dedupe passed	http://www.newinncross.co.uk/		https://www.newinncross.co.uk/about-us		https://www.facebook.com/thenewinncross/						Permissive	Qualification	http://www.wikidata.org/entity/Q26311675; https://www.newinncross.co.uk/	Wikidata structured evidence; country=Q145; class=Q27686; official website property P856.				q26311675	newinncross.co.uk		the new inn		United Kingdom	PERMISSIVE	domain:newinncross.co.uk
	B	78		United Kingdom	The Greyhound Inn		hotel										Q26288872	2026-08-16T21:31:15.198708Z		Canonical queue drain | fit B | GitHub MASTER dedupe passed	https://greyhoundlavenham.co.uk/	info@greyhoundlavenham.co.uk	https://greyhoundlavenham.co.uk/contact-us/								High	Verified	http://www.wikidata.org/entity/Q26288872; https://greyhoundlavenham.co.uk/	Wikidata structured evidence; country=Q145; class=Q27686; official website property P856. Public business email recovered from first-party website; no inference.				q26288872	greyhoundlavenham.co.uk		the greyhound inn		United Kingdom	HIGH	domain:greyhoundlavenham.co.uk
	B	78		United Kingdom	The Falcon		hotel										Q26381366	2026-08-16T21:31:15.198708Z		Canonical queue drain | fit B | GitHub MASTER dedupe passed	https://www.falconsteakhouse.com/		https://www.falconsteakhouse.com/contact	https://www.instagram.com/wix/							Permissive	Qualification	http://www.wikidata.org/entity/Q26381366; https://www.falconsteakhouse.com/	Wikidata structured evidence; country=Q145; class=Q27686; official website property P856.				q26381366	falconsteakhouse.com		the falcon		United Kingdom	PERMISSIVE	domain:falconsteakhouse.com
	B	78		United Kingdom	The Crown Inn		hotel										Q26347206	2026-08-16T21:31:15.198708Z		Canonical queue drain | fit B | GitHub MASTER dedupe passed	http://www.crowninnlongtown.co.uk	info@crowninnlongtown.co.uk	https://crowninnlongtown.co.uk/contact-us/								High	Verified	http://www.wikidata.org/entity/Q26347206; https://crowninnlongtown.co.uk/	Wikidata structured evidence; country=Q145; class=Q27686; official website property P856. Public business email recovered from first-party website; no inference.				q26347206	crowninnlongtown.co.uk		the crown inn		United Kingdom	HIGH	domain:crowninnlongtown.co.uk
	B	78		United Kingdom	The Bell Inn		hotel										Q26302899	2026-08-16T21:31:15.198708Z		Canonical queue drain | fit B | GitHub MASTER dedupe passed	http://www.bellinn-stolaves.co.uk	info@bellinn-stolaves.co.uk	https://www.bellinn-stolaves.co.uk/about-us								Permissive	Qualification	http://www.wikidata.org/entity/Q26302899; https://www.bellinn-stolaves.co.uk/	Wikidata structured evidence; country=Q145; class=Q27686; official website property P856. Public business email recovered from first-party website; no inference.				q26302899	bellinn-stolaves.co.uk		the bell inn		United Kingdom	PERMISSIVE	domain:bellinn-stolaves.co.uk
	B	78		United Kingdom	The Bailey Head		hotel										Q26306030	2026-08-16T21:31:15.198708Z		Canonical queue drain | fit B | GitHub MASTER dedupe passed	https://baileyhead.co.uk/	info@baileyhead.co.uk	https://baileyhead.co.uk/								Permissive	Qualification	http://www.wikidata.org/entity/Q26306030; https://baileyhead.co.uk/	Wikidata structured evidence; country=Q145; class=Q27686; official website property P856. Public business email recovered from first-party website; no inference.				q26306030	baileyhead.co.uk		the bailey head		United Kingdom	PERMISSIVE	domain:baileyhead.co.uk
	B	78	Первоуральск	RU	Тёплая Гора		ski_resort		8 (343) 345-52-85								overture:549ea081-39d8-42f5-8239-570bf1242159	2026-08-16T21:24:29.185225Z		Canonical queue drain | fit B | GitHub MASTER dedupe passed	http://www.teplaya.ru		http://www.teplaya.ru?tl-booking-open=true&room-type=250979								Permissive	Qualification	https://explore.overturemaps.org/#id=549ea081-39d8-42f5-8239-570bf1242159	Public Overture website; no usable Overture email. First-party public contact crawl required; no inference.				overture:549ea081-39d8-42f5-8239-570bf1242159	teplaya.ru	83433455285		Первоуральск	RU	PERMISSIVE	domain:teplaya.ru
	B	78	Perm	RU	Горнолыжная База Ельники		ski_resort		+73422938604								overture:3d9d8ad8-1fff-47cb-ac7f-ea38e3b2414e	2026-08-16T21:24:29.185225Z		Canonical queue drain | fit B | GitHub MASTER dedupe passed	http://www.elniki.com/		http://www.elniki.com/contact								Permissive	Qualification	https://explore.overturemaps.org/#id=3d9d8ad8-1fff-47cb-ac7f-ea38e3b2414e	Public Overture website; no usable Overture email. First-party public contact crawl required; no inference.				overture:3d9d8ad8-1fff-47cb-ac7f-ea38e3b2414e	elniki.com	73422938604		Perm	RU	PERMISSIVE	domain:elniki.com
	B	78	Saint Tropez	France	Vacation rentals in Saint-Tropez & Gulf of St.Tropez ...		hospitality_search_candidate										fresh:37149c9b235f3b6b2dc3	2026-08-16T21:20:26.447645Z		Canonical queue drain | fit B | GitHub MASTER dedupe passed	https://www.shellter-rentals.com/		https://www.shellter-rentals.com/contact				https://www.shellter-rentals.com/properties/la-ponche-old-village-shellter-rentals				High	Verified	https://www.shellter-rentals.com/	Public search evidence; market_id=saint-tropez-fr; family=direct_holiday_rentals__contact; provider=ddgs; rank=6; query="holiday rentals" Saint Tropez France "book direct" "contact us"				fresh:37149c9b235f3b6b2dc3	shellter-rentals.com		vacation rentals in saint tropez gulf of st tropez	Saint Tropez	France	HIGH	domain:shellter-rentals.com
	B	78	Rangiroa	PF	Hotel Kia Ora Resort and Spa		hotel	B.P. 198 - 98775 Avatoru, Rangiroa	+68940931111								overture:ad71b052-91ed-47e6-afcf-bf660eb22417	2026-08-16T21:20:26.447645Z		Canonical queue drain | fit B | GitHub MASTER dedupe passed	http://www.hotelkiaora.com/		http://www.hotelkiaora.com/contact								Permissive	Qualification	https://explore.overturemaps.org/#id=ad71b052-91ed-47e6-afcf-bf660eb22417	Public Overture website; no usable Overture email. First-party public contact crawl required; no inference.				overture:ad71b052-91ed-47e6-afcf-bf660eb22417	hotelkiaora.com	68940931111	hotel kia ora resort and spa	Rangiroa	PF	PERMISSIVE	domain:hotelkiaora.com
	B	78	San Bartolomé de Tirajana	Spain	Villasroyale		hotel	Avenida de Gran Canaria, 21	+34644735736								overture:5b1671c5-475f-433a-89cc-0954a9269579	2026-08-16T21:16:22.187320Z		Canonical queue drain | fit B | GitHub MASTER dedupe passed	http://www.villasroyale.es/					https://wa.me/34644735736					High	Verified	https://explore.overturemaps.org/#id=5b1671c5-475f-433a-89cc-0954a9269579	Public Overture website; no usable Overture email. First-party public contact crawl required; no inference.				overture:5b1671c5-475f-433a-89cc-0954a9269579	villasroyale.es	34644735736	villasroyale	San Bartolomé de Tirajana	Spain	HIGH	domain:villasroyale.es
	B	78	Las Palmas de Gran Canaria	Spain	Hotel Villas Salobre Golf & Resort		hotel	Urbanización Salobre Golf, s/n	+34928010103								overture:2f584fc0-6c80-4de6-bbda-f961ffc9ee97	2026-08-16T21:16:22.187320Z		Canonical queue drain | fit B | GitHub MASTER dedupe passed	http://www.salobregolfresort.com			https://www.instagram.com/salobrehotel/							High	Verified	https://explore.overturemaps.org/#id=2f584fc0-6c80-4de6-bbda-f961ffc9ee97; https://www.salobrehotel.com	Public Overture website; no usable Overture email. First-party public contact crawl required; no inference.				overture:2f584fc0-6c80-4de6-bbda-f961ffc9ee97	salobregolfresort.com	34928010103	hotel villas salobre golf resort	Las Palmas de Gran Canaria	Spain	HIGH	domain:salobregolfresort.com
	B	78	Adeje	Spain	Hotel Suite Villa Maria		resort	Av. de los Acantilados	+34922168584								overture:d0356d9b-d43d-4f98-9cdb-4b21736ae746	2026-08-16T21:16:22.187320Z		Canonical queue drain | fit B | GitHub MASTER dedupe passed	http://www.hotelsuitevillamaria.com/			https://www.instagram.com/hotelsuitevillamaria/							High	Verified	https://explore.overturemaps.org/#id=d0356d9b-d43d-4f98-9cdb-4b21736ae746; https://www.hotelsuitevillamaria.es/	Public Overture website; no usable Overture email. First-party public contact crawl required; no inference.				overture:d0356d9b-d43d-4f98-9cdb-4b21736ae746	hotelsuitevillamaria.com	34922168584	hotel suite villa maria	Adeje	Spain	HIGH	domain:hotelsuitevillamaria.com
	B	78		New Zealand	Vista Motor Lodge		hotel										Q111870483	2026-08-16T21:13:10.754720Z		Canonical queue drain | fit B | GitHub MASTER dedupe passed	https://www.vistamotorlodge.co.nz/		https://www.vistamotorlodge.co.nz/contact/				https://www.vistamotorlodge.co.nz/book-online/				Medium	Recall-first	http://www.wikidata.org/entity/Q111870483	Wikidata structured evidence; country=Q664; class=Q27686; official website property P856.				q111870483	vistamotorlodge.co.nz		vista motor lodge		New Zealand	MEDIUM	domain:vistamotorlodge.co.nz
	B	78		New Zealand	Cosy Kiwi Accommodation		hotel										Q111870174	2026-08-16T21:13:10.754720Z		Canonical queue drain | fit B | GitHub MASTER dedupe passed	http://cosy-kiwi-bb.southislandnz.net/en/		https://www.southislandnz.net/#contact				https://www.southislandnz.net/en/theme/vacation-rentals-42/				High	Verified	http://www.wikidata.org/entity/Q111870174	Wikidata structured evidence; country=Q664; class=Q27686; official website property P856.				q111870174	southislandnz.net		cosy kiwi accommodation		New Zealand	HIGH	domain:southislandnz.net
	B	78		New Zealand	Regal Palms Resort		hotel										Q111408267	2026-08-16T21:13:10.754720Z		Canonical queue drain | fit B | GitHub MASTER dedupe passed	https://regalpalms.co.nz/		https://regalpalms.co.nz/booking/				https://regalpalms.co.nz/booking				High	Verified	http://www.wikidata.org/entity/Q111408267	Wikidata structured evidence; country=Q664; class=Q27686; official website property P856.				q111408267	regalpalms.co.nz		regal palms resort		New Zealand	HIGH	domain:regalpalms.co.nz
	B	78		New Zealand	Pacific Palms Resort		hotel										Q111870501	2026-08-16T21:13:10.754720Z		Canonical queue drain | fit B | GitHub MASTER dedupe passed	https://www.pacificpalmsresort.co.nz/	bookings@pacificpalmsresort.co.nz					https://www.pacificpalmsresort.co.nz/accommodation-tauranga.html				High	Verified	http://www.wikidata.org/entity/Q111870501; https://www.pacificpalmsresort.co.nz/	Wikidata structured evidence; country=Q664; class=Q27686; official website property P856. Public business email recovered from first-party website; no inference.				q111870501	pacificpalmsresort.co.nz		pacific palms resort		New Zealand	HIGH	domain:pacificpalmsresort.co.nz
	B	78		New Zealand	Peace and Plenty Inn		hotel										Q111408316	2026-08-16T21:13:10.754720Z		Canonical queue drain | fit B | GitHub MASTER dedupe passed	https://peace-and-plenty-inn.northislandnz.net/en/	emal@gmail.com					https://www.northislandnz.net/auckland-hotels-18049/type/villas-24/				High	Verified	http://www.wikidata.org/entity/Q111408316; https://peace-and-plenty-inn.northislandnz.net/en/	Wikidata structured evidence; country=Q664; class=Q27686; official website property P856. Public business email recovered from first-party website; no inference.				q111408316	northislandnz.net		peace and plenty inn		New Zealand	HIGH	domain:northislandnz.net
	B	78		New Zealand	Kings On Peace		hotel										Q111870384	2026-08-16T21:13:10.754720Z		Canonical queue drain | fit B | GitHub MASTER dedupe passed	https://www.kingsonpeace.co.nz/		https://www.kingsonpeace.co.nz/about-us/				https://www.kingsonpeace.co.nz/our-apartments/				High	Verified	http://www.wikidata.org/entity/Q111870384	Wikidata structured evidence; country=Q664; class=Q27686; official website property P856.				q111870384	kingsonpeace.co.nz		kings on peace		New Zealand	HIGH	domain:kingsonpeace.co.nz
	B	78		New Zealand	Golden Glow Motel		hotel										Q111870390	2026-08-16T21:13:10.754720Z		Canonical queue drain | fit B | GitHub MASTER dedupe passed	https://www.goldenglowmotelrotorua.co.nz		https://www.goldenglowmotelrotorua.co.nz/about-us/				https://www.goldenglowmotelrotorua.co.nz/rooms/				High	Verified	http://www.wikidata.org/entity/Q111870390	Wikidata structured evidence; country=Q664; class=Q27686; official website property P856.				q111870390	goldenglowmotelrotorua.co.nz		golden glow motel		New Zealand	HIGH	domain:goldenglowmotelrotorua.co.nz
	B	78		New Zealand	Executive on Fenton		hotel										Q111870386	2026-08-16T21:13:10.754720Z		Canonical queue drain | fit B | GitHub MASTER dedupe passed	https://www.executiveonfenton.co.nz	yourhosts@executiveonfenton.co.nz					https://www.executiveonfenton.co.nz/accommodation-rotorua.html				Medium	Recall-first	http://www.wikidata.org/entity/Q111870386; https://www.executiveonfenton.co.nz	Wikidata structured evidence; country=Q664; class=Q27686; official website property P856. Public business email recovered from first-party website; no inference.				q111870386	executiveonfenton.co.nz		executive on fenton		New Zealand	MEDIUM	domain:executiveonfenton.co.nz
	B	78		New Zealand	Cobblestone Court Motel		hotel										Q111870489	2026-08-16T21:13:10.754720Z		Canonical queue drain | fit B | GitHub MASTER dedupe passed	https://cobblestonecourt.co.nz/		https://cobblestonecourt.co.nz/contact-us/				https://cobblestonecourt.co.nz/accommodation/				High	Verified	http://www.wikidata.org/entity/Q111870489	Wikidata structured evidence; country=Q664; class=Q27686; official website property P856.				q111870489	cobblestonecourt.co.nz		cobblestone court motel		New Zealand	HIGH	domain:cobblestonecourt.co.nz
	B	78		New Zealand	Ascot Vale Motor Lodge		hotel										Q112010083	2026-08-16T21:13:10.754720Z		Canonical queue drain | fit B | GitHub MASTER dedupe passed	https://www.ascotvalemotel.co.nz/				https://www.facebook.com/Ascot-Vale-Motel-107905901500190/		https://www.ascotvalemotel.co.nz/accommodation-christchurch.html				Medium	Recall-first	http://www.wikidata.org/entity/Q112010083; https://www.ascotvalemotel.co.nz/	Wikidata structured evidence; country=Q664; class=Q27686; official website property P856.				q112010083	ascotvalemotel.co.nz		ascot vale motor lodge		New Zealand	MEDIUM	domain:ascotvalemotel.co.nz
	B	78		New Zealand	Aria on Bank		hotel										Q111870146	2026-08-16T21:13:10.754720Z		Canonical queue drain | fit B | GitHub MASTER dedupe passed	https://www.ariaonbank.co.nz/		https://www.ariaonbank.co.nz/contact-us				https://www.ariaonbank.co.nz/accommodation				High	Verified	http://www.wikidata.org/entity/Q111870146	Wikidata structured evidence; country=Q664; class=Q27686; official website property P856.				q111870146	ariaonbank.co.nz		aria on bank		New Zealand	HIGH	domain:ariaonbank.co.nz
	B	78		New Zealand	Apollo Motel		hotel										Q111869789	2026-08-16T21:13:10.754720Z		Canonical queue drain | fit B | GitHub MASTER dedupe passed	https://www.apollomotel.co.nz/	info@apollomotel.co.nz					https://www.apollomotel.co.nz/accommodation-christchurch.html				High	Verified	http://www.wikidata.org/entity/Q111869789; https://www.apollomotel.co.nz/	Wikidata structured evidence; country=Q664; class=Q27686; official website property P856. Public business email recovered from first-party website; no inference.				q111869789	apollomotel.co.nz		apollo motel		New Zealand	HIGH	domain:apollomotel.co.nz
	B	78		New Zealand	The Anchorage Apartments		hotel										Q111870490	2026-08-16T21:13:10.754720Z		Canonical queue drain | fit B | GitHub MASTER dedupe passed	https://www.anchorageapartments.co.nz/		https://www.anchorageapartments.co.nz/contact/				https://www.anchorageapartments.co.nz/apartments/				High	Verified	http://www.wikidata.org/entity/Q111870490	Wikidata structured evidence; country=Q664; class=Q27686; official website property P856.				q111870490	anchorageapartments.co.nz		the anchorage apartments		New Zealand	HIGH	domain:anchorageapartments.co.nz
	B	78		New Zealand	Ambassador Motor Inn		hotel										Q111870480	2026-08-16T21:13:10.754720Z		Canonical queue drain | fit B | GitHub MASTER dedupe passed	https://www.ambassador-motorinn.co.nz/		https://www.ambassador-motorinn.co.nz/about-us/				https://www.ambassador-motorinn.co.nz/accommodation/				High	Verified	http://www.wikidata.org/entity/Q111870480	Wikidata structured evidence; country=Q664; class=Q27686; official website property P856.				q111870480	ambassador-motorinn.co.nz		ambassador motor inn		New Zealand	HIGH	domain:ambassador-motorinn.co.nz
	B	78		New Zealand	Alexander Inn		hotel										Q111870440	2026-08-16T21:13:10.754720Z		Canonical queue drain | fit B | GitHub MASTER dedupe passed	https://www.alexanderinn.co.nz/		https://www.alexanderinn.co.nz/contact				https://www.alexanderinn.co.nz/rooms				High	Verified	http://www.wikidata.org/entity/Q111870440	Wikidata structured evidence; country=Q664; class=Q27686; official website property P856.				q111870440	alexanderinn.co.nz		alexander inn		New Zealand	HIGH	domain:alexanderinn.co.nz
	B	78		New Zealand	Aarburg Airport Motel		hotel										Q112010069	2026-08-16T21:13:10.754720Z		Canonical queue drain | fit B | GitHub MASTER dedupe passed	https://www.aarburgmotel.co.nz/	mail@aarburgmotel.co.nz					https://www.aarburgmotel.co.nz/accommodation-christchurch.html				Medium	Recall-first	http://www.wikidata.org/entity/Q112010069; https://www.aarburgmotel.co.nz/	Wikidata structured evidence; country=Q664; class=Q27686; official website property P856. Public business email recovered from first-party website; no inference.				q112010069	aarburgmotel.co.nz		aarburg airport motel		New Zealand	MEDIUM	domain:aarburgmotel.co.nz
	B	78		New Zealand	101 Stars Motel		hotel										Q112010088	2026-08-16T21:13:10.754720Z		Canonical queue drain | fit B | GitHub MASTER dedupe passed	https://www.101starsmotel.com/		https://www.101starsmotel.com/about-us				https://www.101starsmotel.com/rooms				Medium	Recall-first	http://www.wikidata.org/entity/Q112010088	Wikidata structured evidence; country=Q664; class=Q27686; official website property P856.				q112010088	101starsmotel.com		101 stars motel		New Zealand	MEDIUM	domain:101starsmotel.com
	B	78		New Zealand	Quality Inn Napier		hotel										Q111870348	2026-08-16T21:13:10.754720Z		Canonical queue drain | fit B | GitHub MASTER dedupe passed	https://qualityinnnapier.co.nz	reservations@qualityinnnapier.co.nz	https://qualityinnnapier.co.nz/contact-us-1								High	Verified	http://www.wikidata.org/entity/Q111870348; https://qualityinnnapier.co.nz	Wikidata structured evidence; country=Q664; class=Q27686; official website property P856. Public business email recovered from first-party website; no inference.				q111870348	qualityinnnapier.co.nz		quality inn napier		New Zealand	HIGH	domain:qualityinnnapier.co.nz
	B	78		New Zealand	Anchorage Motor Lodge		hotel										Q111870339	2026-08-16T21:13:10.754720Z		Canonical queue drain | fit B | GitHub MASTER dedupe passed	https://www.anchoragemotorlodge.co.nz/	stay@anchoragemotorlodge.co.nz	https://www.anchoragemotorlodge.co.nz/contact-enquiry								High	Verified	http://www.wikidata.org/entity/Q111870339; https://www.anchoragemotorlodge.co.nz/	Wikidata structured evidence; country=Q664; class=Q27686; official website property P856. Public business email recovered from first-party website; no inference.				q111870339	anchoragemotorlodge.co.nz		anchorage motor lodge		New Zealand	HIGH	domain:anchoragemotorlodge.co.nz
	B	78		New Zealand	Alpers Lodge		hotel										Q111870441	2026-08-16T21:13:10.754720Z		Canonical queue drain | fit B | GitHub MASTER dedupe passed	https://alperslodge.co.nz/	reservations@alperslodge.co.nz	https://alperslodge.co.nz/contact/								High	Verified	http://www.wikidata.org/entity/Q111870441; https://alperslodge.co.nz/	Wikidata structured evidence; country=Q664; class=Q27686; official website property P856. Public business email recovered from first-party website; no inference.				q111870441	alperslodge.co.nz		alpers lodge		New Zealand	HIGH	domain:alperslodge.co.nz
	B	78		Australia	Hotel Grand Chancellor		hotel										Q12060551	2026-08-16T21:09:48.975560Z		Canonical queue drain | fit B | GitHub MASTER dedupe passed	https://www.grandchancellorhotels.com/hotel-grand-chancellor-hobart		https://www.grandchancellorhotels.com/contact-us				https://www.grandchancellorhotels.com/hotel-grand-chancellor-hobart/book/dates-of-stay				High	Verified	http://www.wikidata.org/entity/Q12060551	Wikidata structured evidence; country=Q408; class=Q27686; official website property P856.				q12060551	grandchancellorhotels.com		hotel grand chancellor		Australia	HIGH	domain:grandchancellorhotels.com
	B	78		Australia	Hotel Grand Chancellor, Launceston		hotel										Q14935617	2026-08-16T21:09:48.975560Z		Canonical queue drain | fit B | GitHub MASTER dedupe passed	http://www.ghihotels.com/hgc/Launceston/hotels.aspx		http://www.ghihotels.com/hgc/aboutus.aspx				http://www.ghihotels.com/hgc/Launceston/rooms.aspx				High	Verified	http://www.wikidata.org/entity/Q14935617	Wikidata structured evidence; country=Q408; class=Q27686; official website property P856.				q14935617	ghihotels.com		hotel grand chancellor launceston		Australia	HIGH	domain:ghihotels.com
	B	78		Australia	Gold Creek Tourist Resort		hotel										Q120484468	2026-08-16T21:09:48.975560Z		Canonical queue drain | fit B | GitHub MASTER dedupe passed	http://www.gctr.com.au/index.php		https://www.gctr.com.au/about-us/				https://www.gctr.com.au/accommodation				High	Verified	http://www.wikidata.org/entity/Q120484468	Wikidata structured evidence; country=Q408; class=Q27686; official website property P856.				q120484468	gctr.com.au		gold creek tourist resort		Australia	HIGH	domain:gctr.com.au
	B	78		Australia	Treasury Hotel		hotel										Q19880067	2026-08-16T21:09:48.975560Z		Canonical queue drain | fit B | GitHub MASTER dedupe passed	http://brisbane.irishmurphys.com.au/			https://www.instagram.com/irishmurphysbrisbane/	https://www.facebook.com/irishmurphysbrisbane/						High	Verified	http://www.wikidata.org/entity/Q19880067; https://www.irishmurphys.com.au/brisbane	Wikidata structured evidence; country=Q408; class=Q27686; official website property P856.				q19880067	irishmurphys.com.au		treasury hotel		Australia	HIGH	domain:irishmurphys.com.au
	B	78		Australia	Freemasons Hotel, Bridgetown		hotel										Q66975224	2026-08-16T21:09:48.975560Z		Canonical queue drain | fit B | GitHub MASTER dedupe passed	http://www.freemasonshotel.net.au/		https://freemasonshotel.net.au/contact-us/		https://www.facebook.com/profile.php/						Medium	Recall-first	http://www.wikidata.org/entity/Q66975224; https://freemasonshotel.net.au/	Wikidata structured evidence; country=Q408; class=Q27686; official website property P856.				q66975224	freemasonshotel.net.au		freemasons hotel bridgetown		Australia	MEDIUM	domain:freemasonshotel.net.au
	B	78		Switzerland	Brochhütte		hotel										Q97503448	2026-08-16T21:02:51.172430Z		Canonical queue drain | fit B | GitHub MASTER dedupe passed	https://www.brochhuette.ch/	info@brochhuette.ch	https://brochhuette.ch/wp-content/plugins/contact-form-7/includes/css/styles.css?ver=6.1.6								Permissive	Qualification	http://www.wikidata.org/entity/Q97503448; https://brochhuette.ch/	Wikidata structured evidence; country=Q39; class=Q27686; official website property P856. Public business email recovered from first-party website; no inference.				q97503448	brochhuette.ch		brochhutte		Switzerland	PERMISSIVE	domain:brochhuette.ch
	B	78		Switzerland	Gasthaus Sonne		hotel										Q24206971	2026-08-16T21:02:51.172430Z		Canonical queue drain | fit B | GitHub MASTER dedupe passed	http://www.zur-sonne.ch	office@zur-sonne.ch	https://www.zur-sonne.ch/contact								Medium	Recall-first	http://www.wikidata.org/entity/Q24206971; https://www.zur-sonne.ch/	Wikidata structured evidence; country=Q39; class=Q27686; official website property P856. Public business email recovered from first-party website; no inference.				q24206971	zur-sonne.ch		gasthaus sonne		Switzerland	MEDIUM	domain:zur-sonne.ch
	B	78		Switzerland	Capanna Adula UTOE		hotel										Q378877	2026-08-16T21:02:51.172430Z		Canonical queue drain | fit B | GitHub MASTER dedupe passed	http://www.utoe.ch/index.php?id=473			https://www.instagram.com/utoebellinzona/	https://www.facebook.com/profile.php/						Permissive	Qualification	http://www.wikidata.org/entity/Q378877; http://utoe.ch/?id=473	Wikidata structured evidence; country=Q39; class=Q27686; official website property P856.				q378877	utoe.ch		capanna adula utoe		Switzerland	PERMISSIVE	domain:utoe.ch
	B	78		Switzerland	Chamonna Tuoi		hotel										Q1060906	2026-08-16T21:02:51.172430Z		Canonical queue drain | fit B | GitHub MASTER dedupe passed	http://www.tuoi.ch/	info@tuoi.ch	https://www.tuoi.ch/about/								Permissive	Qualification	http://www.wikidata.org/entity/Q1060906; https://www.tuoi.ch/	Wikidata structured evidence; country=Q39; class=Q27686; official website property P856. Public business email recovered from first-party website; no inference.				q1060906	tuoi.ch		chamonna tuoi		Switzerland	PERMISSIVE	domain:tuoi.ch
	B	78		Switzerland	Tracuit Hut		hotel										Q676670	2026-08-16T21:02:51.172430Z		Canonical queue drain | fit B | GitHub MASTER dedupe passed	http://tracuit.ch		https://www.tracuit.ch/fr_fr/		https://www.facebook.com/Cabane-Tracuit-338006086285880/						Permissive	Qualification	http://www.wikidata.org/entity/Q676670; https://www.tracuit.ch/fr_fr/	Wikidata structured evidence; country=Q39; class=Q27686; official website property P856.				q676670	tracuit.ch		tracuit hut		Switzerland	PERMISSIVE	domain:tracuit.ch
	B	78		Switzerland	Tierwis		hotel										Q55852386	2026-08-16T21:02:51.172430Z		Canonical queue drain | fit B | GitHub MASTER dedupe passed	https://www.tierwis.ch/	info@tierwis.ch			https://www.facebook.com/tierwis.ch/						Medium	Recall-first	http://www.wikidata.org/entity/Q55852386; https://www.tierwis.ch/	Wikidata structured evidence; country=Q39; class=Q27686; official website property P856. Public business email recovered from first-party website; no inference.				q55852386	tierwis.ch		tierwis		Switzerland	MEDIUM	domain:tierwis.ch
	B	78		Switzerland	Swiss Holiday Park		resort										Q55986993	2026-08-16T21:02:51.172430Z		Canonical queue drain | fit B | GitHub MASTER dedupe passed	https://www.swissholidaypark.ch/			https://www.instagram.com/swissholidaypark/	https://www.facebook.com/SwissHolidayParkAG/						High	Verified	http://www.wikidata.org/entity/Q55986993; https://swissholidaypark.ch/	Wikidata structured evidence; country=Q39; class=Q875157; official website property P856.				q55986993	swissholidaypark.ch		swiss holiday park		Switzerland	HIGH	domain:swissholidaypark.ch
	B	78		Switzerland	Sustlihütte		hotel										Q56817151	2026-08-16T21:02:51.172430Z		Canonical queue drain | fit B | GitHub MASTER dedupe passed	http://www.sustlihuette.ch/	info@sustlihuette.ch	https://www.sustlihuette.ch/reservation/								Permissive	Qualification	http://www.wikidata.org/entity/Q56817151; https://www.sustlihuette.ch/	Wikidata structured evidence; country=Q39; class=Q27686; official website property P856. Public business email recovered from first-party website; no inference.				q56817151	sustlihuette.ch		sustlihutte		Switzerland	PERMISSIVE	domain:sustlihuette.ch
	B	78		Switzerland	Balmhornhütte		hotel										Q805473	2026-08-16T21:02:51.172430Z		Canonical queue drain | fit B | GitHub MASTER dedupe passed	http://www.sac-altels.ch/huetten/balmhornhuette.php			https://www.instagram.com/josacaltels/	https://www.facebook.com/sacaltels/						Permissive	Qualification	http://www.wikidata.org/entity/Q805473; https://www.sac-altels.ch/huetten/balmhornhuette.php	Wikidata structured evidence; country=Q39; class=Q27686; official website property P856.				q805473	sac-altels.ch		balmhornhutte		Switzerland	PERMISSIVE	domain:sac-altels.ch
	B	78		Switzerland	Rathskeller		hotel										Q29881143	2026-08-16T21:02:51.172430Z		Canonical queue drain | fit B | GitHub MASTER dedupe passed	https://www.rathskeller.ch	roger.lang@rathskeller.ch	https://www.rathskeller.ch/contact								Permissive	Qualification	http://www.wikidata.org/entity/Q29881143; https://www.rathskeller.ch	Wikidata structured evidence; country=Q39; class=Q27686; official website property P856. Public business email recovered from first-party website; no inference.				q29881143	rathskeller.ch		rathskeller		Switzerland	PERMISSIVE	domain:rathskeller.ch
	B	78		Switzerland	Oberwaid Hotel St. Gallen		hotel										Q55662550	2026-08-16T21:02:51.172430Z		Canonical queue drain | fit B | GitHub MASTER dedupe passed	https://www.oberwaid.ch/			https://www.instagram.com/oberwaidhotel/	https://www.facebook.com/pages/Oberwaid/422659264454634/						High	Verified	http://www.wikidata.org/entity/Q55662550; https://oberwaid.ch/	Wikidata structured evidence; country=Q39; class=Q27686; official website property P856.				q55662550	oberwaid.ch		oberwaid hotel st gallen		Switzerland	HIGH	domain:oberwaid.ch
	B	78		Switzerland	Hotel Neu-Schönstatt		hotel										Q112013648	2026-08-16T21:02:51.172430Z		Canonical queue drain | fit B | GitHub MASTER dedupe passed	https://neuschoenstatt.ch/			https://www.instagram.com/hotel_zentrum_neuschoenstatt/	https://www.facebook.com/NeuSchoenstatt/						High	Verified	http://www.wikidata.org/entity/Q112013648; https://neuschoenstatt.ch/	Wikidata structured evidence; country=Q39; class=Q27686; official website property P856.				q112013648	neuschoenstatt.ch		hotel neu schonstatt		Switzerland	HIGH	domain:neuschoenstatt.ch
	B	78		Switzerland	Restaurant Neuhüsli 1727		hotel										Q29880766	2026-08-16T21:02:51.172430Z		Canonical queue drain | fit B | GitHub MASTER dedupe passed	https://neuhuesli.ch	info@neuhuesli.ch			https://www.facebook.com/neuhuesli/						Permissive	Qualification	http://www.wikidata.org/entity/Q29880766; https://neuhuesli.ch	Wikidata structured evidence; country=Q39; class=Q27686; official website property P856. Public business email recovered from first-party website; no inference.				q29880766	neuhuesli.ch		restaurant neuhusli 1727		Switzerland	PERMISSIVE	domain:neuhuesli.ch
	B	78		Switzerland	Hotel Militärkantine		hotel										Q57238949	2026-08-16T21:02:51.172430Z		Canonical queue drain | fit B | GitHub MASTER dedupe passed	https://www.militaerkantine.ch/	essen@militaerkantine.ch	https://www.militaerkantine.ch/en/our-house/contact-and-arrival/								Medium	Recall-first	http://www.wikidata.org/entity/Q57238949; https://www.militaerkantine.ch/en/	Wikidata structured evidence; country=Q39; class=Q27686; official website property P856. Public business email recovered from first-party website; no inference.				q57238949	militaerkantine.ch		hotel militarkantine		Switzerland	MEDIUM	domain:militaerkantine.ch
	B	78		Switzerland	Hotel Löwen am See		hotel										Q111874685	2026-08-16T21:02:51.172430Z		Canonical queue drain | fit B | GitHub MASTER dedupe passed	https://loewen-zug.ch/	brasserie@loewen-zug.ch	https://www.loewen-zug.ch/404								Permissive	Qualification	http://www.wikidata.org/entity/Q111874685; https://www.loewen-zug.ch/home	Wikidata structured evidence; country=Q39; class=Q27686; official website property P856. Public business email recovered from first-party website; no inference.				q111874685	loewen-zug.ch		hotel lowen am see		Switzerland	PERMISSIVE	domain:loewen-zug.ch
	B	78		Switzerland	Q15095350		hotel										Q15095350	2026-08-16T21:02:51.172430Z		Canonical queue drain | fit B | GitHub MASTER dedupe passed	http://www.kinhuette.ch/			https://www.instagram.com/kinhuette/	https://www.facebook.com/kinhuette.ch/						Permissive	Qualification	http://www.wikidata.org/entity/Q15095350; https://www.kinhuette.ch/	Wikidata structured evidence; country=Q39; class=Q27686; official website property P856.				q15095350	kinhuette.ch		q15095350		Switzerland	PERMISSIVE	domain:kinhuette.ch
	B	78		Switzerland	Hotel Sporting		hotel										Q57239358	2026-08-16T21:02:51.172430Z		Canonical queue drain | fit B | GitHub MASTER dedupe passed	http://www.hotel-sporting.ch/	info@hotel-sporting.ch			https://www.facebook.com/hotelsporting.ch/						Medium	Recall-first	http://www.wikidata.org/entity/Q57239358; https://www.hotel-sporting.ch/	Wikidata structured evidence; country=Q39; class=Q27686; official website property P856. Public business email recovered from first-party website; no inference.				q57239358	hotel-sporting.ch		hotel sporting		Switzerland	MEDIUM	domain:hotel-sporting.ch
	B	78		Switzerland	Hotel Elite		hotel										Q57238768	2026-08-16T21:02:51.172430Z		Canonical queue drain | fit B | GitHub MASTER dedupe passed	http://www.hotel-elite.ch/	booking@hotel-elite.ch	https://www.hotel-elite.ch/kontakt-reservation.html								High	Verified	http://www.wikidata.org/entity/Q57238768; https://www.hotel-elite.ch/	Wikidata structured evidence; country=Q39; class=Q27686; official website property P856. Public business email recovered from first-party website; no inference.				q57238768	hotel-elite.ch		hotel elite		Switzerland	HIGH	domain:hotel-elite.ch
	B	78		Switzerland	Grialetschhütte		hotel										Q1373212	2026-08-16T21:02:51.172430Z		Canonical queue drain | fit B | GitHub MASTER dedupe passed	http://www.grialetsch.ch	grialetsch@grialetsch.ch			https://www.facebook.com/profile.php/						Permissive	Qualification	http://www.wikidata.org/entity/Q1373212; https://www.grialetsch.ch/DE/home.html	Wikidata structured evidence; country=Q39; class=Q27686; official website property P856. Public business email recovered from first-party website; no inference.				q1373212	grialetsch.ch		grialetschhutte		Switzerland	PERMISSIVE	domain:grialetsch.ch
	B	78		Switzerland	Coazhütte		hotel										Q3666052	2026-08-16T21:02:51.172430Z		Canonical queue drain | fit B | GitHub MASTER dedupe passed	http://www.coaz.ch	info@coaz.ch		https://www.instagram.com/chamannacoaz/							Permissive	Qualification	http://www.wikidata.org/entity/Q3666052; https://www.coaz.ch/	Wikidata structured evidence; country=Q39; class=Q27686; official website property P856. Public business email recovered from first-party website; no inference.				q3666052	coaz.ch		coazhutte		Switzerland	PERMISSIVE	domain:coaz.ch
	B	78		Switzerland	Krone inn / cinema		hotel										Q47354365	2026-08-16T21:02:51.172430Z		Canonical queue drain | fit B | GitHub MASTER dedupe passed	https://cinergie.ch		https://cinergie.ch/		https://www.facebook.com/cinergie/						Permissive	Qualification	http://www.wikidata.org/entity/Q47354365; https://cinergie.ch	Wikidata structured evidence; country=Q39; class=Q27686; official website property P856.				q47354365	cinergie.ch		krone inn cinema		Switzerland	PERMISSIVE	domain:cinergie.ch
	B	78		Switzerland	Cabane de Chanrion		hotel										Q419966	2026-08-16T21:02:51.172430Z		Canonical queue drain | fit B | GitHub MASTER dedupe passed	https://www.chanrion.ch		https://www.chanrion.ch/contact-fr13.html	https://www.instagram.com/cabanedechanrion/							Permissive	Qualification	http://www.wikidata.org/entity/Q419966; https://www.chanrion.ch/	Wikidata structured evidence; country=Q39; class=Q27686; official website property P856.				q419966	chanrion.ch		cabane de chanrion		Switzerland	PERMISSIVE	domain:chanrion.ch
	B	78		Switzerland	Chamanna Jenatsch		hotel										Q1060446	2026-08-16T21:02:51.172430Z		Canonical queue drain | fit B | GitHub MASTER dedupe passed	http://www.chamannajenatsch.ch/	info@chamannajenatsch.ch	http://www.chamannajenatsch.ch/online-reservation/								Medium	Recall-first	http://www.wikidata.org/entity/Q1060446; http://www.chamannajenatsch.ch/	Wikidata structured evidence; country=Q39; class=Q27686; official website property P856. Public business email recovered from first-party website; no inference.				q1060446	chamannajenatsch.ch		chamanna jenatsch		Switzerland	MEDIUM	domain:chamannajenatsch.ch
	B	78		Switzerland	Capanna Cadagno		hotel										Q3656700	2026-08-16T21:02:51.172430Z		Canonical queue drain | fit B | GitHub MASTER dedupe passed	http://www.capannacadagno.ch	info@capannacadagno.ch	https://www.capannacadagno.ch/								Permissive	Qualification	http://www.wikidata.org/entity/Q3656700; https://www.capannacadagno.ch/	Wikidata structured evidence; country=Q39; class=Q27686; official website property P856. Public business email recovered from first-party website; no inference.				q3656700	capannacadagno.ch		capanna cadagno		Switzerland	PERMISSIVE	domain:capannacadagno.ch
	B	78		Switzerland	Q3656698		hotel										Q3656698	2026-08-16T21:02:51.172430Z		Canonical queue drain | fit B | GitHub MASTER dedupe passed	https://www.brogoldone.ch/			https://www.instagram.com/capanna_brogoldone/	https://www.facebook.com/Capanna-Brogoldone-500572553829456/						Permissive	Qualification	http://www.wikidata.org/entity/Q3656698; https://www.brogoldone.ch/	Wikidata structured evidence; country=Q39; class=Q27686; official website property P856.				q3656698	brogoldone.ch		q3656698		Switzerland	PERMISSIVE	domain:brogoldone.ch
	B	78		Switzerland	Q889225		hotel										Q889225	2026-08-16T21:02:51.172430Z		Canonical queue drain | fit B | GitHub MASTER dedupe passed	http://www.bockmattli.ch/	info@bockmattli.ch	https://www.bockmattli.ch/angebot/uebernachten/								Permissive	Qualification	http://www.wikidata.org/entity/Q889225; https://www.bockmattli.ch/	Wikidata structured evidence; country=Q39; class=Q27686; official website property P856. Public business email recovered from first-party website; no inference.				q889225	bockmattli.ch		q889225		Switzerland	PERMISSIVE	domain:bockmattli.ch
	B	78		Switzerland	Axalp		resort										Q791858	2026-08-16T21:02:51.172430Z		Canonical queue drain | fit B | GitHub MASTER dedupe passed	https://www.axalp.ch	info@axalp.ch	https://www.axalp.ch/about/								Permissive	Qualification	http://www.wikidata.org/entity/Q791858; https://www.axalp.ch	Wikidata structured evidence; country=Q39; class=Q875157; official website property P856. Public business email recovered from first-party website; no inference.				q791858	axalp.ch		axalp		Switzerland	PERMISSIVE	domain:axalp.ch
	B	78		Switzerland	Capanna Alpe Spluga		hotel										Q3612937	2026-08-16T21:02:51.172430Z		Canonical queue drain | fit B | GitHub MASTER dedupe passed	http://www.alpespluga.ch/	info@alpespluga.ch	https://www.alpespluga.ch/contact								Medium	Recall-first	http://www.wikidata.org/entity/Q3612937; https://www.alpespluga.ch/	Wikidata structured evidence; country=Q39; class=Q27686; official website property P856. Public business email recovered from first-party website; no inference.				q3612937	alpespluga.ch		capanna alpe spluga		Switzerland	MEDIUM	domain:alpespluga.ch
	B	78		Switzerland	Almagellerhütte		hotel										Q2649605	2026-08-16T21:02:51.172430Z		Canonical queue drain | fit B | GitHub MASTER dedupe passed	http://www.almagellerhuette.ch			https://www.instagram.com/almagellerhuette/	https://www.facebook.com/almagellerhuette/						Permissive	Qualification	http://www.wikidata.org/entity/Q2649605; https://almagellerhuette.ch/de/	Wikidata structured evidence; country=Q39; class=Q27686; official website property P856.				q2649605	almagellerhuette.ch		almagellerhutte		Switzerland	PERMISSIVE	domain:almagellerhuette.ch
	B	78		Greece	Omorfi Poli Pension		hotel										Q111400765	2026-08-16T20:57:03.241565Z		Canonical queue drain | fit B | GitHub MASTER dedupe passed	https://www.omorfipoli-pension.com/		https://www.omorfipoli-pension.com/contact				https://www.omorfipoli-pension.com/apartments-omorfi-poli-pension				High	Verified	http://www.wikidata.org/entity/Q111400765	Wikidata structured evidence; country=Q41; class=Q27686; official website property P856.				q111400765	omorfipoli-pension.com		omorfi poli pension		Greece	HIGH	domain:omorfipoli-pension.com
	B	78		Greece	Hagiati Guest House		hotel										Q112245816	2026-08-16T20:57:03.241565Z		Canonical queue drain | fit B | GitHub MASTER dedupe passed	https://hagiati-ioannina.gr		https://hagiati-ioannina.gr/contact/				https://hagiati-ioannina.gr/rooms/				Permissive	Qualification	http://www.wikidata.org/entity/Q112245816	Wikidata structured evidence; country=Q41; class=Q27686; official website property P856.				q112245816	hagiati-ioannina.gr		hagiati guest house		Greece	PERMISSIVE	domain:hagiati-ioannina.gr
	B	78		Greece	Cronos		hotel										Q112604790	2026-08-16T20:57:03.241565Z		Canonical queue drain | fit B | GitHub MASTER dedupe passed	http://www.hotelcronos.gr	info@hotelcronos.gr			https://www.facebook.com/cronos.hotel/						Medium	Recall-first	http://www.wikidata.org/entity/Q112604790; https://www.hotelcronos.gr/	Wikidata structured evidence; country=Q41; class=Q27686; official website property P856. Public business email recovered from first-party website; no inference.				q112604790	hotelcronos.gr		cronos		Greece	MEDIUM	domain:hotelcronos.gr
	B	78		Greece	Castello Hotel		hotel										Q111999275	2026-08-16T20:57:03.241565Z		Canonical queue drain | fit B | GitHub MASTER dedupe passed	https://www.castellohotel.gr/	info@castellohotel.gr	https://www.castellohotel.gr/contact								Medium	Recall-first	http://www.wikidata.org/entity/Q111999275; https://www.castellohotel.gr/	Wikidata structured evidence; country=Q41; class=Q27686; official website property P856. Public business email recovered from first-party website; no inference.				q111999275	castellohotel.gr		castello hotel		Greece	MEDIUM	domain:castellohotel.gr
	B	78		Portugal	LBV House Hotel		hotel										Q112042061	2026-08-16T20:54:07.986238Z		Canonical queue drain | fit B | GitHub MASTER dedupe passed	https://www.lbvhousehotel.com	info@lbvhousehotel.com	https://www.lbvhousehotel.com/pt/Institucional/Contactos-Localizacao.aspx								Medium	Recall-first	http://www.wikidata.org/entity/Q112042061; https://www.lbvhousehotel.com/pt/Institucional/Contactos-Localizacao.aspx	Wikidata structured evidence; country=Q45; class=Q27686; official website property P856. Public business email recovered from first-party website; no inference.				q112042061	lbvhousehotel.com		lbv house hotel		Portugal	MEDIUM	domain:lbvhousehotel.com
	B	78		Portugal	Benagil		resort										Q2895643	2026-08-16T20:54:07.986238Z		Canonical queue drain | fit B | GitHub MASTER dedupe passed	https://apambiente.pt/apa/arh-do-algarve	geral@apambiente.pt	https://apambiente.pt/apa/contacto-sede								Permissive	Qualification	http://www.wikidata.org/entity/Q2895643; https://apambiente.pt/apa/contacto-sede	Wikidata structured evidence; country=Q45; class=Q875157; official website property P856. Public business email recovered from first-party website; no inference.				q2895643	apambiente.pt		benagil		Portugal	PERMISSIVE	domain:apambiente.pt
	B	78		United Kingdom	The Talbot Hotel		hotel										Q7767949	2026-08-16T20:50:44.772214Z		Canonical queue drain | fit B | GitHub MASTER dedupe passed	https://talbothotel.co.uk/		https://talbothotel.co.uk/about-us/				https://talbothotel.co.uk/wp-content/themes/redcat/assets/css/booking-system.css?ver=1.3.8				High	Verified	http://www.wikidata.org/entity/Q7767949	Wikidata structured evidence; country=Q145; class=Q27686; official website property P856.				q7767949	talbothotel.co.uk		the talbot hotel		United Kingdom	HIGH	domain:talbothotel.co.uk
	B	78		United Kingdom	Rylstone Manor		hotel										Q7385185	2026-08-16T20:50:44.772214Z		Canonical queue drain | fit B | GitHub MASTER dedupe passed	http://www.rylstone-manor.co.uk		https://www.rylstone-manor.co.uk/about/				https://www.rylstone-manor.co.uk/rooms/				Medium	Recall-first	http://www.wikidata.org/entity/Q7385185	Wikidata structured evidence; country=Q145; class=Q27686; official website property P856.				q7385185	rylstone-manor.co.uk		rylstone manor		United Kingdom	MEDIUM	domain:rylstone-manor.co.uk
	B	78		United Kingdom	Midland Hotel		hotel										Q6842354	2026-08-16T20:50:44.772214Z		Canonical queue drain | fit B | GitHub MASTER dedupe passed	http://www.peelhotels.co.uk		https://www.peelhotels.co.uk/about-peel-hotels/				https://www.peelhotels.co.uk/bull-hotel/book-online/				Permissive	Qualification	http://www.wikidata.org/entity/Q6842354	Wikidata structured evidence; country=Q145; class=Q27686; official website property P856.				q6842354	peelhotels.co.uk		midland hotel		United Kingdom	PERMISSIVE	domain:peelhotels.co.uk
	B	78		United Kingdom	Peebles Hydro		hotel										Q7160140	2026-08-16T20:50:44.772214Z		Canonical queue drain | fit B | GitHub MASTER dedupe passed	http://www.peebleshydro.co.uk/		https://www.peebleshydro.co.uk/contact-us/				https://www.peebleshydro.co.uk/Css/Global/General/booking-form.min.css?d=4b930e090f3e57d7bd200b693cb30d4d7917ecea				High	Verified	http://www.wikidata.org/entity/Q7160140	Wikidata structured evidence; country=Q145; class=Q27686; official website property P856.				q7160140	peebleshydro.co.uk		peebles hydro		United Kingdom	HIGH	domain:peebleshydro.co.uk
	B	78		United Kingdom	Kingshouse Hotel		hotel										Q6412938	2026-08-16T20:50:44.772214Z		Canonical queue drain | fit B | GitHub MASTER dedupe passed	https://www.kingshousehotel.co.uk		https://www.kingshousehotel.co.uk/contact-us/				https://www.kingshousehotel.co.uk/Css/Global/General/booking-form.min.css?d=4b930e090f3e57d7bd200b693cb30d4d7917ecea				High	Verified	http://www.wikidata.org/entity/Q6412938	Wikidata structured evidence; country=Q145; class=Q27686; official website property P856.				q6412938	kingshousehotel.co.uk		kingshouse hotel		United Kingdom	HIGH	domain:kingshousehotel.co.uk
	B	78		United Kingdom	Imperial Hotel		hotel										Q17547678	2026-08-16T20:50:44.772214Z		Canonical queue drain | fit B | GitHub MASTER dedupe passed	https://www.jdwetherspoon.com/pub-histories/england/devon/the-imperial-exeter		https://www.jdwetherspoon.com/about-us/				https://www.jdwetherspoon.com/wp-content/themes/jdwetherspoon/assets/fonts/Avalon-JDW-Book.woff2				Permissive	Qualification	http://www.wikidata.org/entity/Q17547678	Wikidata structured evidence; country=Q145; class=Q27686; official website property P856.				q17547678	jdwetherspoon.com		imperial hotel		United Kingdom	PERMISSIVE	domain:jdwetherspoon.com
	B	78		United Kingdom	Crieff Hydro		hotel										Q5185110	2026-08-16T20:50:44.772214Z		Canonical queue drain | fit B | GitHub MASTER dedupe passed	http://www.crieffhydro.com		https://www.crieffhydro.com/contact-us/				https://www.crieffhydro.com/Css/Global/General/booking-form.min.css?d=4b930e090f3e57d7bd200b693cb30d4d7917ecea				High	Verified	http://www.wikidata.org/entity/Q5185110	Wikidata structured evidence; country=Q145; class=Q27686; official website property P856.				q5185110	crieffhydro.com		crieff hydro		United Kingdom	HIGH	domain:crieffhydro.com
	B	78		United Kingdom	Corbyn Head Hotel		hotel										Q5169829	2026-08-16T20:50:44.772214Z		Canonical queue drain | fit B | GitHub MASTER dedupe passed	http://www.corbynhead.com/	reception@corbynhead.com	https://corbynhead.com/about-us/								High	Verified	http://www.wikidata.org/entity/Q5169829; https://corbynhead.com/contact-us/	Wikidata structured evidence; country=Q145; class=Q27686; official website property P856. Public business email recovered from first-party website; no inference.				q5169829	corbynhead.com		corbyn head hotel		United Kingdom	HIGH	domain:corbynhead.com
	B	78		Canada	The Sutton Place		hotel										Q14874771	2026-08-16T20:50:04.397001Z		Canonical queue drain | fit B | GitHub MASTER dedupe passed	https://www.suttonplace.com/vancouver/		https://reservations.suttonplace.com/113170?RatePlanId=6479749				https://www.suttonplace.com/vancouver/rooms				High	Verified	http://www.wikidata.org/entity/Q14874771	Wikidata structured evidence; country=Q16; class=Q27686; official website property P856.				q14874771	suttonplace.com		the sutton place		Canada	HIGH	domain:suttonplace.com
	B	78		Canada	Hotel Charlottetown		hotel										Q5911361	2026-08-16T20:50:04.397001Z		Canonical queue drain | fit B | GitHub MASTER dedupe passed	http://www.roddvacations.com/rodd-charlottetown		https://www.roddvacations.com/rodd-charlottetown/about-us				https://www.roddvacations.com/rodd-charlottetown/accommodations/standard-room-queen				High	Verified	http://www.wikidata.org/entity/Q5911361	Wikidata structured evidence; country=Q16; class=Q27686; official website property P856.				q5911361	roddvacations.com		hotel charlottetown		Canada	HIGH	domain:roddvacations.com
	B	78		Canada	Best Western Mermaid		hotel										Q111391541	2026-08-16T20:50:04.397001Z		Canonical queue drain | fit B | GitHub MASTER dedupe passed	https://www.swmermaid.com/	accountspayable@swmermaid.com	https://www.swmermaid.com/about-us/								High	Verified	http://www.wikidata.org/entity/Q111391541; https://www.swmermaid.com/	Wikidata structured evidence; country=Q16; class=Q27686; official website property P856. Public business email recovered from first-party website; no inference.				q111391541	swmermaid.com		best western mermaid		Canada	HIGH	domain:swmermaid.com
	B	78		Canada	Olde Lantern Inn and Vineyard		hotel										Q112276226	2026-08-16T20:50:04.397001Z		Canonical queue drain | fit B | GitHub MASTER dedupe passed	https://oldlanterninn.com/	oldlanterninn@gmail.com	https://oldlanterninn.com/contact/								Medium	Recall-first	http://www.wikidata.org/entity/Q112276226; https://oldlanterninn.com/contact/	Wikidata structured evidence; country=Q16; class=Q27686; official website property P856. Public business email recovered from first-party website; no inference.				q112276226	oldlanterninn.com		olde lantern inn and vineyard		Canada	MEDIUM	domain:oldlanterninn.com
