	A	91	San Ġiljan	Malta	Hotel Juliani		hotel	25 Triq San Ġorġ									osm:node:10743338750	2026-08-15T19:13:26.294070Z		Canonical queue drain | fit A | GitHub MASTER dedupe passed	https://www.hoteljuliani.com	info@hoteljuliani.com	https://www.hoteljuliani.com/about-us/	https://www.instagram.com/hoteljuliani/	https://www.facebook.com/HotelJuliani/		https://simplebooking.hoteljuliani.com/ibe/Account?hid=4309&lang=EN				High	Verified	https://www.openstreetmap.org/node/10743338750; https://www.hoteljuliani.com/; https://www.hoteljuliani.com	Public OSM tourism/contact tags via official Geofabrik extract; no inference. Public business email recovered from first-party website; no inference.				osm:node:10743338750	hoteljuliani.com		hotel juliani	San Ġiljan	Malta	HIGH	domain:hoteljuliani.com
	A	91	Steinheim	Luxembourg	Gruber		hotel	36 Route d'Echternach	+352 72 04 33 / 72 87 54								osm:way:1055210271	2026-08-15T19:13:26.294070Z		Canonical queue drain | fit A | GitHub MASTER dedupe passed	https://www.hotelgruber.com/	info@hotelgruber.com	https://www.hotelgruber.com/contact/		https://www.facebook.com/hotelgruber95/		https://www.hotelgruber.com/wp-content/plugins/hc_booking_module_pro/css/hoteliers_main.css				High	Verified	https://www.openstreetmap.org/way/1055210271	Public OSM tourism/contact tags via official Geofabrik extract; no inference.				osm:way:1055210271	hotelgruber.com	352720433728754	gruber	Steinheim	Luxembourg	HIGH	domain:hotelgruber.com
	A	91	Sant Julià de Lòria	Andorra	Hotel Folch		hotel	6 Carrer de Loira	+376 735 200								osm:node:11172784134	2026-08-15T19:13:26.294070Z		Canonical queue drain | fit A | GitHub MASTER dedupe passed	https://www.hotelfolch.com	info@hotelfolch.com		https://www.instagram.com/hotelfolch/	https://www.facebook.com/FolchHotel/	https://wa.me/376331134					High	Verified	https://www.openstreetmap.org/node/11172784134; https://www.hotelfolch.com/	Public OSM tourism/contact tags via official Geofabrik extract; no inference.				osm:node:11172784134	hotelfolch.com	376735200	hotel folch	Sant Julià de Lòria	Andorra	HIGH	domain:hotelfolch.com
	A	91	Clervaux	Luxembourg	Hôtel du Commerce		hotel	2 Route de Marnach	+352 92 10 32								osm:way:204310359	2026-08-15T19:13:26.294070Z		Canonical queue drain | fit A | GitHub MASTER dedupe passed	https://www.hotelducommerce.lu/	info@hotelducommerce.lu	https://www.hotelducommerce.lu/contact-us/		https://www.facebook.com/restaurantniveno/		https://www.hotelducommerce.lu/facebook/				High	Verified	https://www.openstreetmap.org/way/204310359	Public OSM tourism/contact tags via official Geofabrik extract; no inference.				osm:way:204310359	hotelducommerce.lu	352921032	hotel du commerce	Clervaux	Luxembourg	HIGH	domain:hotelducommerce.lu
	A	91	luxembourg	Luxembourg	Grand Hotel Cravat		hotel										osm:node:8617012058	2026-08-15T19:13:26.294070Z		Canonical queue drain | fit A | GitHub MASTER dedupe passed	https://www.hotelcravat.lu/	contact@hotelcravat.lu	https://www.hotelcravat.lu/fr/contact	https://www.instagram.com/grandhotelcravat/	https://www.facebook.com/Grandhotelcravat/		https://www.hotelcravat.lu/fr/chambres-et-suites				High	Verified	https://www.openstreetmap.org/node/8617012058; https://www.hotelcravat.lu/fr	Public OSM tourism/contact tags via official Geofabrik extract; no inference. Public business email recovered from first-party website; no inference.				osm:node:8617012058	hotelcravat.lu		grand hotel cravat	luxembourg	Luxembourg	HIGH	domain:hotelcravat.lu
	A	91	Vianden	Luxembourg	Hôtel Belle-Vue		hotel	3 Rue de la Gare	+352 834127								osm:way:1051254500	2026-08-15T19:13:26.294070Z		Canonical queue drain | fit A | GitHub MASTER dedupe passed	https://hotelbv.com/en	info@hotelbv.com	https://hotelbv.com/en/contact		https://www.facebook.com/pages/Hotel-Belle-Vue/176567702374513/		https://hotelbv.com/en/rooms				High	Verified	https://www.openstreetmap.org/way/1051254500	Public OSM tourism/contact tags via official Geofabrik extract; no inference.				osm:way:1051254500	hotelbv.com	352834127	hotel belle vue	Vianden	Luxembourg	HIGH	domain:hotelbv.com
	A	91	Grundhof	Luxembourg	Brimer		hotel	1 Route de Beaufort	+352 26 878 71								osm:way:153420741	2026-08-15T19:13:26.294070Z		Canonical queue drain | fit A | GitHub MASTER dedupe passed	https://www.hotel-brimer.lu/de/	info@hotel-brimer.lu		https://www.instagram.com/hotelbrimer/	https://www.facebook.com/hotel.brimer/		https://www.hotel-brimer.lu/de/book				Medium	Recall-first	https://www.openstreetmap.org/way/153420741; https://www.hotel-brimer.lu/de	Public OSM tourism/contact tags via official Geofabrik extract; no inference.				osm:way:153420741	hotel-brimer.lu	3522687871	brimer	Grundhof	Luxembourg	MEDIUM	domain:hotel-brimer.lu
	A	91	L-Għasri	Malta	Dar tal-Kaptan Boutique Maison Guesthouse Gozo		hotel	Triq il-Fanal									osm:node:10743438313	2026-08-15T19:13:26.294070Z		Canonical queue drain | fit A | GitHub MASTER dedupe passed	https://www.dartalkaptan.com/	dartalkaptan@gmail.com	https://www.dartalkaptan.com/about	https://www.instagram.com/dartalkaptanboutiquemaison/	https://www.facebook.com/dartalkaptan/		https://www.dartalkaptan.com/booking-engine				High	Verified	https://www.openstreetmap.org/node/10743438313; https://www.dartalkaptan.com/contact	Public OSM tourism/contact tags via official Geofabrik extract; no inference. Public business email recovered from first-party website; no inference.				osm:node:10743438313	dartalkaptan.com		dar tal kaptan boutique maison guesthouse gozo	L-Għasri	Malta	HIGH	domain:dartalkaptan.com
	A	91	Luxembourg	Luxembourg	Christophe Colomb		hotel	10 Rue d'Anvers	+352 40 84 14 1								osm:node:1312595416	2026-08-15T19:13:26.294070Z		Canonical queue drain | fit A | GitHub MASTER dedupe passed	https://www.christophe-colomb.lu/	mail@christophe-colomb.lu	https://www.christophe-colomb.lu/contact		https://www.facebook.com/Hotel-Christophe-Colomb-Luxembourg-147333261974329/		https://www.christophe-colomb.lu/rooms				High	Verified	https://www.openstreetmap.org/node/1312595416; https://www.christophe-colomb.lu/	Public OSM tourism/contact tags via official Geofabrik extract; no inference. Public business email recovered from first-party website; no inference.				osm:node:1312595416	christophe-colomb.lu	3524084141	christophe colomb	Luxembourg	Luxembourg	HIGH	domain:christophe-colomb.lu
	A	91	Urspelt	Luxembourg	Schlass Ischpelt		hotel	1 Am Schlass									osm:way:574539449	2026-08-15T19:13:26.294070Z		Canonical queue drain | fit A | GitHub MASTER dedupe passed	http://www.chateau-urspelt.lu	info@chateau-urspelt.lu	https://www.chateau-urspelt.lu/contact/?subject=tablebooking	https://www.instagram.com/chateaudurspelt/	https://www.facebook.com/ChateauUrspelt/		https://www.chateau-urspelt.lu/press-book/				High	Verified	https://www.openstreetmap.org/way/574539449; https://www.chateau-urspelt.lu/	Public OSM tourism/contact tags via official Geofabrik extract; no inference. Public business email recovered from first-party website; no inference.				osm:way:574539449	chateau-urspelt.lu		schlass ischpelt	Urspelt	Luxembourg	HIGH	domain:chateau-urspelt.lu
	A	91	San Ġiljan	Malta	Cavalieri Art Hotel		hotel	Triq Spinola									osm:way:33569535	2026-08-15T19:13:26.294070Z		Canonical queue drain | fit A | GitHub MASTER dedupe passed	https://www.cavalierihotel.com/the-hotel/	info@cavalierihotel.com	https://www.cavalierihotel.com/contact/	https://www.instagram.com/cavalieriart_hotel/	https://www.facebook.com/cavalierihotel.stjulians/		https://www.cavalierihotel.com/rooms/				High	Verified	https://www.openstreetmap.org/way/33569535; https://www.cavalierihotel.com/the-hotel/	Public OSM tourism/contact tags via official Geofabrik extract; no inference. Public business email recovered from first-party website; no inference.				osm:way:33569535	cavalierihotel.com		cavalieri art hotel	San Ġiljan	Malta	HIGH	domain:cavalierihotel.com
	A	91	Remich	Luxembourg	Casa49		hotel	49 Route de Stadtbredimus	+352 26 66 05 34								osm:way:192419730	2026-08-15T19:13:26.294070Z		Canonical queue drain | fit A | GitHub MASTER dedupe passed	https://www.casa49.lu/	info@casa49.lu	https://casa49.lu/wp-content/plugins/contact-form-7/includes/css/styles.css?ver=5.6	https://www.instagram.com/hotel_restaurant_casa49_/	https://www.facebook.com/H%C3%B4tel-Restaurant-Casa49-110900791599276/						Medium	Recall-first	https://www.openstreetmap.org/way/192419730; https://casa49.lu/	Public OSM tourism/contact tags via official Geofabrik extract; no inference.				osm:way:192419730	casa49.lu	35226660534	casa49	Remich	Luxembourg	MEDIUM	domain:casa49.lu
	A	91	andorra	Andorra	Hotel Panorama		hotel	64 Carrer de l'obac	+376 873 400								osm:way:969135081	2026-08-15T19:13:26.294070Z		Canonical queue drain | fit A | GitHub MASTER dedupe passed	https://www.andorrapanorama.com/	hotelpanorama@andorrapanorama.com	https://www.andorrapanorama.com/contacto.html	https://www.instagram.com/andorrahotelpanorama/	https://www.facebook.com/people/Hotel-Panorama-Andorra/100063797972696/						High	Verified	https://www.openstreetmap.org/way/969135081; https://www.andorrapanorama.com/	Public OSM tourism/contact tags via official Geofabrik extract; no inference.				osm:way:969135081	andorrapanorama.com	376873400	hotel panorama	andorra	Andorra	HIGH	domain:andorrapanorama.com
	A	91	luxembourg	Luxembourg	Hotel Anatura		hotel										osm:way:1132209957	2026-08-15T19:13:26.294070Z		Canonical queue drain | fit A | GitHub MASTER dedupe passed	https://www.anatura.lu/	info@anatura.lu	https://reservation-spa.anatura.lu/fr/	https://www.instagram.com/anatura_hotel/	https://www.facebook.com/anaturaluxembourg/		https://anatura.lu/social/facebook/				High	Verified	https://www.openstreetmap.org/way/1132209957; https://anatura.lu/	Public OSM tourism/contact tags via official Geofabrik extract; no inference.				osm:way:1132209957	anatura.lu		hotel anatura	luxembourg	Luxembourg	HIGH	domain:anatura.lu
	A	91	San Ġiljan	Malta	Alexandra Hotel		hotel	Triq Schreiber									osm:node:2478245086	2026-08-15T19:13:26.294070Z		Canonical queue drain | fit A | GitHub MASTER dedupe passed	https://www.alexandrahotelmalta.com/	info@alexandrahotelmalta.com	https://www.alexandrahotelmalta.com/contact/	https://www.instagram.com/alexandrahotelmalta/	https://www.facebook.com/AlexandraHotelMalta/		https://www.alexandrahotelmalta.com/book/				Medium	Recall-first	https://www.openstreetmap.org/node/2478245086; https://www.alexandrahotelmalta.com/	Public OSM tourism/contact tags via official Geofabrik extract; no inference.				osm:node:2478245086	alexandrahotelmalta.com		alexandra hotel	San Ġiljan	Malta	MEDIUM	domain:alexandrahotelmalta.com
	A	91	andorra	Andorra	Abba Xalet Suites Hotel		hotel										osm:way:779160347	2026-08-15T19:13:26.294070Z		Canonical queue drain | fit A | GitHub MASTER dedupe passed	https://www.abbahoteles.com/es/destinos/abba-xalet-suites-hotel/hotel.html	tiedra@abbahoteles.com	https://www.abbahoteles.com/es/contacto	https://www.instagram.com/abbaxaletsuiteshotel/	https://www.facebook.com/abbahoteles/		https://www.abbahoteles.com/es/abba-sevilla-hotel/hotel				High	Verified	https://www.openstreetmap.org/way/779160347; https://www.abbahoteles.com/es/abba-xalet-suites-hotel/hotel; https://www.abbahoteles.com/es/contacto	Public OSM tourism/contact tags via official Geofabrik extract; no inference. Public business email recovered from first-party website; no inference.				osm:way:779160347	abbahoteles.com		abba xalet suites hotel	andorra	Andorra	HIGH	domain:abbahoteles.com
	A	91	San Ġiljan	Malta	123 Main Street Boutique Hotel		hotel	123 Triq il-Kbira									osm:node:13506058923	2026-08-15T19:13:26.294070Z		Canonical queue drain | fit A | GitHub MASTER dedupe passed	https://123mainstreethotel.com/	info@123mainstreethotel.com	https://123mainstreethotel.com/about/	https://www.instagram.com/123mainstreetmalta/	https://www.facebook.com/123mainstreetmalta/		https://123mainstreethotel.com/rooms/				High	Verified	https://www.openstreetmap.org/node/13506058923; https://123mainstreethotel.com/	Public OSM tourism/contact tags via official Geofabrik extract; no inference. Public business email recovered from first-party website; no inference.				osm:node:13506058923	123mainstreethotel.com		123 main street boutique hotel	San Ġiljan	Malta	HIGH	domain:123mainstreethotel.com
	A	91	andorra	Andorra	Les Closes		hotel	93 Avinguda Carlemany	+376 828 393								osm:node:1397132076	2026-08-15T19:13:26.294070Z		Canonical queue drain | fit A | GitHub MASTER dedupe passed	https://www.lescloses.com/	info@lescloses.com	https://www.lescloses.com/es/contacto	https://www.instagram.com/lescloses/	https://www.facebook.com/HotelLesCloses/						High	Verified	https://www.openstreetmap.org/node/1397132076; https://www.lescloses.com/	Public OSM tourism/contact tags via official Geofabrik extract; no inference. Public business email recovered from first-party website; no inference.				osm:node:1397132076	lescloses.com	376828393	les closes	andorra	Andorra	HIGH	domain:lescloses.com
	A	91	malta	Malta	Euroclub Hotel		hotel	Triq il-Fliegu	+356 2158 1078								osm:node:2964046078	2026-08-15T19:13:26.294070Z		Canonical queue drain | fit A | GitHub MASTER dedupe passed	https://www.euroclubhotel.com/en	reservations@euroclubhotel.com	https://www.euroclubhotel.com/en/contact-us	https://www.instagram.com/euro_club_hotel_/	https://www.facebook.com/people/Euro-Club-Hotel-Malta/100063958721945/						High	Verified	https://www.openstreetmap.org/node/2964046078; https://www.euroclubhotel.com/en; https://www.euroclubhotel.com/en/contact-us	Public OSM tourism/contact tags via official Geofabrik extract; no inference. Public business email recovered from first-party website; no inference.				osm:node:2964046078	euroclubhotel.com	35621581078	euroclub hotel	malta	Malta	HIGH	domain:euroclubhotel.com
	A	91	Bleesmillen	Luxembourg	Ferienwohnung Bleesmillen		apartment	1B									osm:way:587453521	2026-08-15T19:13:26.294070Z		Canonical queue drain | fit A | GitHub MASTER dedupe passed	https://www.camping-bleesbruck.lu/	info@camping-bleesbruck.lu	https://www.camping-bleesbruck.lu/kontakt/	https://www.instagram.com/bleesbruck/	https://www.facebook.com/campingbleesbruck/			Camping Bleesbruck			Permissive	Qualification	https://www.openstreetmap.org/way/587453521; https://www.camping-bleesbruck.lu/	Public OSM tourism/contact tags via official Geofabrik extract; no inference. Public business email recovered from first-party website; no inference.				osm:way:587453521	camping-bleesbruck.lu		ferienwohnung bleesmillen	Bleesmillen	Luxembourg	PERMISSIVE	domain:camping-bleesbruck.lu
	A	91	Lauterborn	Luxembourg	Archibald de Prince		hotel	6	+352 27 44 25								osm:way:535240485	2026-08-15T19:13:26.294070Z		Canonical queue drain | fit A | GitHub MASTER dedupe passed	https://www.archibalddeprince.lu/	info@archibalddeprince.lu	https://www.archibalddeprince.lu/contact/	https://www.instagram.com/archibald_de_prince/	https://www.facebook.com/archibalddeprince/						Permissive	Qualification	https://www.openstreetmap.org/way/535240485; https://www.archibalddeprince.lu/; https://www.archibalddeprince.lu/contact/	Public OSM tourism/contact tags via official Geofabrik extract; no inference. Public business email recovered from first-party website; no inference.				osm:way:535240485	archibalddeprince.lu	352274425	archibald de prince	Lauterborn	Luxembourg	PERMISSIVE	domain:archibalddeprince.lu
	A	91	andorra	Andorra	Acta Arthotel		hotel	15-25 Carrer Prat de la Creu	+376 760 303								osm:node:6299288788	2026-08-15T19:13:26.294070Z		Canonical queue drain | fit A | GitHub MASTER dedupe passed	https://www.actahotels.com/hoteles/hotel-acta-arthotel	reservas@actahotels.com	https://www.actahotels.com/hoteles/hotel-acta-arthotel/contacto	https://www.instagram.com/actahotels/	https://www.facebook.com/ActaHotels/						Medium	Recall-first	https://www.openstreetmap.org/node/6299288788; https://www.actahotels.com/hoteles/hotel-acta-arthotel; https://www.actahotels.com/hoteles/hotel-acta-arthotel/contacto	Public OSM tourism/contact tags via official Geofabrik extract; no inference. Public business email recovered from first-party website; no inference.				osm:node:6299288788	actahotels.com	376760303	acta arthotel	andorra	Andorra	MEDIUM	domain:actahotels.com
	A	91	Falls Creek	Australia	Tivoli Ski Lodge		ski_resort	2 Parallel Street	0357583235								overture:8788ba27-392f-4e45-9980-4c2cce98e87d	2026-08-15T18:57:23.320158Z		Canonical queue drain | fit A | GitHub MASTER dedupe passed	http://www.tivoliskiclub.org.au/	bookings@tivoliskiclub.org.au	https://www.tivoliskiclub.org.au/contact		https://www.facebook.com/TivoliSkiClub/		http://www.tivoliskiclub.org.au/bookings/				High	Verified	https://explore.overturemaps.org/#id=8788ba27-392f-4e45-9980-4c2cce98e87d; https://www.tivoliskiclub.org.au/	Public Overture website; no usable Overture email. First-party public contact crawl required; no inference. Public business email recovered from first-party website; no inference.				overture:8788ba27-392f-4e45-9980-4c2cce98e87d	tivoliskiclub.org.au	0357583235	tivoli ski lodge	Falls Creek	Australia	HIGH	domain:tivoliskiclub.org.au
	A	91	Bali	Indonesia	The Kayana Seminyak Villas Bali		resort	Jalan Raya Petitenget, Kerobokan Kelod, Kuta	(0361) 8476628								overture:9de58fdd-7948-4c95-b0db-d43bcfa18b98	2026-08-15T18:57:23.320158Z		Canonical queue drain | fit A | GitHub MASTER dedupe passed	http://www.thekayana.com	bali.seminyak@thekayana.com	https://www.thekayana.com/wp-content/themes/thekayana/js/booking-engine/form.css?ver=6.9			https://api.whatsapp.com/send?phone=6281139606900	https://www.thekayana.com/wp-content/themes/thekayana/js/booking-engine/form.css?ver=6.9				High	Verified	https://explore.overturemaps.org/#id=9de58fdd-7948-4c95-b0db-d43bcfa18b98; https://www.thekayana.com/	Public Overture website; no usable Overture email. First-party public contact crawl required; no inference. Public business email recovered from first-party website; no inference.				overture:9de58fdd-7948-4c95-b0db-d43bcfa18b98	thekayana.com	03618476628	the kayana seminyak villas bali	Bali	Indonesia	HIGH	domain:thekayana.com
	A	91	Hotham Heights	Australia	Hotham		ski_resort										overture:b1644923-80a3-46f5-8782-c9a05c8fbb6a	2026-08-15T18:57:23.320158Z		Canonical queue drain | fit A | GitHub MASTER dedupe passed	http://www.tanderrahotham.com.au/	bookings@tanderrahotham.com.au	https://tanderrahotham.com.au/contact/	https://www.instagram.com/tanderrahotham/	https://www.facebook.com/TanderraSkiLodge/		https://tanderrahotham.com.au/group-bookings-2/				High	Verified	https://explore.overturemaps.org/#id=b1644923-80a3-46f5-8782-c9a05c8fbb6a; https://tanderrahotham.com.au/	Public Overture website; no usable Overture email. First-party public contact crawl required; no inference. Public business email recovered from first-party website; no inference.				overture:b1644923-80a3-46f5-8782-c9a05c8fbb6a	tanderrahotham.com.au		hotham	Hotham Heights	Australia	HIGH	domain:tanderrahotham.com.au
	A	91	Busselton	Australia	The Royal Palms Residences & Resort Busselton		resort	2 Albert Street	(08) 9752 3611								overture:4a894625-a613-4d06-80d1-82730ebcc3f5	2026-08-15T18:57:23.320158Z		Canonical queue drain | fit A | GitHub MASTER dedupe passed	https://www.shipinnbusselton.com.au		https://www.shipinnbusselton.com.au/contact	https://www.instagram.com/theshipinnbusselton/	https://www.facebook.com/TheShipInnWA/		https://www.shipinnbusselton.com.au/book-a-table				High	Verified	https://explore.overturemaps.org/#id=4a894625-a613-4d06-80d1-82730ebcc3f5; https://www.shipinnbusselton.com.au/; https://www.shipinnbusselton.com.au	Public Overture website; no usable Overture email. First-party public contact crawl required; no inference.				overture:4a894625-a613-4d06-80d1-82730ebcc3f5	shipinnbusselton.com.au	0897523611	the royal palms residences resort busselton	Busselton	Australia	HIGH	domain:shipinnbusselton.com.au
	A	91	Kabupaten Gianyar	Indonesia	Saba Estate Luxury Villa Bali		resort	Saba, Kecamatan Blahbatuh	081139704443								overture:4377f9e1-d82a-4f99-b95d-01f4a1f9d2c6	2026-08-15T18:57:23.320158Z		Canonical queue drain | fit A | GitHub MASTER dedupe passed	http://www.sabaestatebali.com/	info@sabaestatebali.com	https://sabaestatebali.com/about-us			https://wa.me/6281139704443	https://sabaestatebali.com/rooms/6/ultra-luxury-six-bedroom-private-pool-villa				High	Verified	https://explore.overturemaps.org/#id=4377f9e1-d82a-4f99-b95d-01f4a1f9d2c6; https://sabaestatebali.com/	Public Overture website; no usable Overture email. First-party public contact crawl required; no inference. Public business email recovered from first-party website; no inference.				overture:4377f9e1-d82a-4f99-b95d-01f4a1f9d2c6	sabaestatebali.com	081139704443	saba estate luxury villa bali	Kabupaten Gianyar	Indonesia	HIGH	domain:sabaestatebali.com
	A	91	Kerikeri	New Zealand	Kerikeri Property Management		real_estate_service	47 Kerikeri Rd	+6494078526								overture:8b42845f-4de5-43d2-bb7a-b0682144f2f5	2026-08-15T18:57:23.320158Z		Canonical queue drain | fit A | GitHub MASTER dedupe passed	http://rwkerikeri.co.nz/rent/property/		https://rwkerikeri.co.nz/about	https://www.instagram.com/raywhitekerikeri/	https://www.facebook.com/raywhitekerikeri/		https://rwkerikeri.co.nz/properties/for-rent				High	Verified	https://explore.overturemaps.org/#id=8b42845f-4de5-43d2-bb7a-b0682144f2f5; https://rwkerikeri.co.nz/properties/for-rent	Public Overture website; no usable Overture email. First-party public contact crawl required; no inference.				overture:8b42845f-4de5-43d2-bb7a-b0682144f2f5	rwkerikeri.co.nz	6494078526	kerikeri property management	Kerikeri	New Zealand	HIGH	domain:rwkerikeri.co.nz
	A	91	Mandurah	Australia	Simon Goodwin Real Estate Sales And Property Management.		real_estate_agent		+61432039627								overture:7ee0fde5-aca5-49c5-ae1c-33f96d7b2f99	2026-08-15T18:57:23.320158Z		Canonical queue drain | fit A | GitHub MASTER dedupe passed	https://raywhitemandurah.com.au/		https://raywhitemandurah.com.au/about	https://www.instagram.com/raywhite.mandurah/	https://www.facebook.com/people/Ray-White-Mandurah/100093741933226/		https://raywhitemandurah.com.au/properties/sold				High	Verified	https://explore.overturemaps.org/#id=7ee0fde5-aca5-49c5-ae1c-33f96d7b2f99; https://raywhitemandurah.com.au/	Public Overture website; no usable Overture email. First-party public contact crawl required; no inference.				overture:7ee0fde5-aca5-49c5-ae1c-33f96d7b2f99	raywhitemandurah.com.au	61432039627	simon goodwin real estate sales and property management	Mandurah	Australia	HIGH	domain:raywhitemandurah.com.au
	A	91	Leederville	Australia	Perth Property Management		property_management	8/298 Vincent Street	0862610666								overture:e76b92c9-a7dc-4171-9881-9112bfcb2a82	2026-08-15T18:57:23.320158Z		Canonical queue drain | fit A | GitHub MASTER dedupe passed	http://www.perthpropertymanagementwa.com.au/		https://www.perthpropertymanagementwa.com.au/contact-us/	https://www.instagram.com/perthpropertymanagement/	https://www.facebook.com/PPMWA/		https://www.perthpropertymanagementwa.com.au/rentals-in-perth/rental-listings/				Permissive	Qualification	https://explore.overturemaps.org/#id=e76b92c9-a7dc-4171-9881-9112bfcb2a82; https://www.perthpropertymanagementwa.com.au/	Public Overture website; no usable Overture email. First-party public contact crawl required; no inference.				overture:e76b92c9-a7dc-4171-9881-9112bfcb2a82	perthpropertymanagementwa.com.au	0862610666	perth property management	Leederville	Australia	PERMISSIVE	domain:perthpropertymanagementwa.com.au
	A	91	Badung	Indonesia	Moria Villa Management		property_management	Jalan Sunset Road 8	+6281999550068								overture:57dab65b-c81d-4839-9eda-cf5fde0b4e99	2026-08-15T18:57:23.320158Z		Canonical queue drain | fit A | GitHub MASTER dedupe passed	https://moriavillamanagement.com/		https://moriavillamanagement.com/contact/	https://www.instagram.com/morialandbali/		https://wa.me/6281999550068	https://moriavillamanagement.com/book-stays-v2/				High	Verified	https://explore.overturemaps.org/#id=57dab65b-c81d-4839-9eda-cf5fde0b4e99; https://moriavillamanagement.com/	Public Overture website; no usable Overture email. First-party public contact crawl required; no inference.				overture:57dab65b-c81d-4839-9eda-cf5fde0b4e99	moriavillamanagement.com	6281999550068	moria villa management	Badung	Indonesia	HIGH	domain:moriavillamanagement.com
	A	91	Gianyar	Indonesia	Moon Rock villas by Ribas		resort	Batubulan, Kec. Sukawati, Kabupaten Gianyar, Bali 80582	+6282342474470								overture:b774ac73-649c-4a55-a503-38a52dc383c2	2026-08-15T18:57:23.320158Z		Canonical queue drain | fit A | GitHub MASTER dedupe passed	https://moonrockvillas.com/		https://moonrockvillas.com/id/contacts-id/	https://www.instagram.com/moonrockvillas.byribas/		https://wa.me/6282233104646	https://moonrockvillas.com/id/				High	Verified	https://explore.overturemaps.org/#id=b774ac73-649c-4a55-a503-38a52dc383c2; https://moonrockvillas.com/	Public Overture website; no usable Overture email. First-party public contact crawl required; no inference.				overture:b774ac73-649c-4a55-a503-38a52dc383c2	moonrockvillas.com	6282342474470	moon rock villas by ribas	Gianyar	Indonesia	HIGH	domain:moonrockvillas.com
	A	91	Margaret River	Australia	Margaret River Holiday Cottages		cottage	185 Boodjidup Rd	+61897572185								overture:c67aa98f-9a48-4427-a4c8-615c6ad01e52	2026-08-15T18:57:23.320158Z		Canonical queue drain | fit A | GitHub MASTER dedupe passed	https://margaretriverholidaycottages.com/		https://www.margaretriverholidaycottages.com/contact-us	https://www.instagram.com/wix/	https://www.facebook.com/WixStudio/		https://www.margaretriverholidaycottages.com/plan				Permissive	Qualification	https://explore.overturemaps.org/#id=c67aa98f-9a48-4427-a4c8-615c6ad01e52; https://www.margaretriverholidaycottages.com/	Public Overture website; no usable Overture email. First-party public contact crawl required; no inference.				overture:c67aa98f-9a48-4427-a4c8-615c6ad01e52	margaretriverholidaycottages.com	61897572185	margaret river holiday cottages	Margaret River	Australia	PERMISSIVE	domain:margaretriverholidaycottages.com
	A	91	Mansfield	Australia	Mansfield Holiday Homes		holiday_rental_home	40A High St	+61357751188								overture:7b87090b-695d-41d9-9537-58aa75ac42c3	2026-08-15T18:57:23.320158Z		Canonical queue drain | fit A | GitHub MASTER dedupe passed	http://mansfieldholidayhomes.com.au/		https://mansfieldholidayhomes.com.au/about	https://www.instagram.com/mansfieldholidayhomes/	https://www.facebook.com/mansfieldholidayhomes/		https://mansfieldholidayhomes.com.au/accommodation				High	Verified	https://explore.overturemaps.org/#id=7b87090b-695d-41d9-9537-58aa75ac42c3; https://mansfieldholidayhomes.com.au/	Public Overture website; no usable Overture email. First-party public contact crawl required; no inference.				overture:7b87090b-695d-41d9-9537-58aa75ac42c3	mansfieldholidayhomes.com.au	61357751188	mansfield holiday homes	Mansfield	Australia	HIGH	domain:mansfieldholidayhomes.com.au
	A	91	World-Atlas::australia-new-zealand::10-59::lane=site-recovery	Indonesia	Laksmi Villas - Padang Padang		resort	Jalan Tukad Punggawa Denpasar, Bali	0815-5756-294								overture:6d23844c-932a-49a4-bb75-d71d0e5d334d	2026-08-15T18:57:23.320158Z		Canonical queue drain | fit A | GitHub MASTER dedupe passed	http://www.laksmivillaspadangpadang.com		http://www.laksmivillaspadangpadang.com/contact.php	https://www.instagram.com/laksmivillas/	https://www.facebook.com/laksmivillas/		http://www.laksmivillaspadangpadang.com/book.php				High	Verified	https://explore.overturemaps.org/#id=6d23844c-932a-49a4-bb75-d71d0e5d334d; http://www.laksmivillaspadangpadang.com/; http://www.laksmivillaspadangpadang.com	Public Overture website; no usable Overture email. First-party public contact crawl required; no inference.				overture:6d23844c-932a-49a4-bb75-d71d0e5d334d	laksmivillaspadangpadang.com	08155756294	laksmi villas padang padang	World-Atlas::australia-new-zealand::10-59::lane=site-recovery	Indonesia	HIGH	domain:laksmivillaspadangpadang.com
	A	91	Yallingup	Australia	Yallingup Holiday Home		hotel	Dress Cir	+61420746293								overture:970078ad-2af3-45b2-a53c-c04b146a4fe4	2026-08-15T18:57:23.320158Z		Canonical queue drain | fit A | GitHub MASTER dedupe passed	http://www.exclusiveescapes.com.au		https://exclusiveescapes.com.au/contact-us/	https://www.instagram.com/exclusiveescapeswa/	https://www.facebook.com/ExclusiveEscapes/		https://exclusiveescapes.com.au/holiday-rentals/				High	Verified	https://explore.overturemaps.org/#id=970078ad-2af3-45b2-a53c-c04b146a4fe4; https://exclusiveescapes.com.au/	Public Overture website; no usable Overture email. First-party public contact crawl required; no inference.				overture:970078ad-2af3-45b2-a53c-c04b146a4fe4	exclusiveescapes.com.au	61420746293	yallingup holiday home	Yallingup	Australia	HIGH	domain:exclusiveescapes.com.au
	A	91	Loxton	Australia	Elders Loxton - Providing Real Estate, Property Management & Insurance			2 East Terrace	0885843966								overture:01821fd8-eb2d-464a-aacf-9fb64156cb71	2026-08-15T18:57:23.320158Z		Canonical queue drain | fit A | GitHub MASTER dedupe passed	https://loxton.eldersrealestate.com.au/		https://www.eldersrealestate.com.au/contact-us/	https://www.instagram.com/eldersrealestate/	https://www.facebook.com/EldersRealEstateRiverland/		https://loxton.eldersrealestate.com.au/land/sale/94bookpurnong-road-loxton-sa-5333-300P200229/				High	Verified	https://explore.overturemaps.org/#id=01821fd8-eb2d-464a-aacf-9fb64156cb71; https://loxton.eldersrealestate.com.au/	Public Overture website; no usable Overture email. First-party public contact crawl required; no inference.				overture:01821fd8-eb2d-464a-aacf-9fb64156cb71	eldersrealestate.com.au	0885843966	elders loxton providing real estate property management insurance	Loxton	Australia	HIGH	domain:eldersrealestate.com.au
	A	91	Busselton	Australia	DownSouth Holiday Homes		vacation_rental_agent	30 Barlee Street	0861568844								overture:c324e355-08f7-45d2-a22f-4db7fb17e31f	2026-08-15T18:57:23.320158Z		Canonical queue drain | fit A | GitHub MASTER dedupe passed	http://www.dshh.com.au/		https://dshh.com.au/contact-us/	https://www.instagram.com/downsouthholidayhomes/	https://www.facebook.com/downsouthholidayhomes/		https://dshh.com.au/wp-content/plugins/motopress-hotel-booking-custom/assets/css/mphb.min.css?ver=5.0.3				High	Verified	https://explore.overturemaps.org/#id=c324e355-08f7-45d2-a22f-4db7fb17e31f; https://dshh.com.au/	Public Overture website; no usable Overture email. First-party public contact crawl required; no inference.				overture:c324e355-08f7-45d2-a22f-4db7fb17e31f	dshh.com.au	0861568844	downsouth holiday homes	Busselton	Australia	HIGH	domain:dshh.com.au
	A	91	Dowerin	Australia	Dowerin Short Stay Accommodation		lodge	East St &, Fraser St	+61429311202								overture:05e6c780-6e6d-4353-b60f-a3e04715f070	2026-08-15T18:57:23.320158Z		Canonical queue drain | fit A | GitHub MASTER dedupe passed	https://www.dowerinaccommodation.com.au/		https://www.dowerinaccommodation.com.au/contact-us.aspx	https://www.instagram.com/dowerinaccommodation/	https://www.facebook.com/dowerinaccommodation/		https://www.dowerinaccommodation.com.au/bookings/				High	Verified	https://explore.overturemaps.org/#id=05e6c780-6e6d-4353-b60f-a3e04715f070; https://www.dowerinaccommodation.com.au/	Public Overture website; no usable Overture email. First-party public contact crawl required; no inference.				overture:05e6c780-6e6d-4353-b60f-a3e04715f070	dowerinaccommodation.com.au	61429311202	dowerin short stay accommodation	Dowerin	Australia	HIGH	domain:dowerinaccommodation.com.au
	A	91	Bright	Australia	Bright Holiday Home - 27 On Mountbatten		holiday_rental_home	27 Mountbatten Ave									overture:376516c7-e059-44ee-a5e8-8b6c8b9b93cc	2026-08-15T18:57:23.320158Z		Canonical queue drain | fit A | GitHub MASTER dedupe passed	https://brightholidays.com.au/accommodation/27-mou?utm_source=ig&utm_medium=social&utm_content=link_in_bio&fbclid=PAdGRleAPUTPlleHRuA2FlbQIxMQBzcnRjBmFwcF9pZA8xMjQwMjQ1NzQyODc0MTQAAacWndBzZSgqf6U73VtxCihpCgb6GOSr-MYOf0-QyQSmxQ5FtUgKzphkw7O9Bg_aem_y-5W4B-hC-_6XEzjfzg7ow	stay@brightholidays.com.au	https://brightholidays.com.au/about	https://www.instagram.com/bright_holidays/	https://www.facebook.com/brightholidayaccommodation/		https://brightholidays.com.au/accommodation				High	Verified	https://explore.overturemaps.org/#id=376516c7-e059-44ee-a5e8-8b6c8b9b93cc; https://brightholidays.com.au/accommodation/27-mou?utm_source=ig&utm_medium=social&utm_content=link_in_bio&fbclid=PAdGRleAPUTPlleHRuA2FlbQIxMQBzcnRjBmFwcF9pZA8xMjQwMjQ1NzQyODc0MTQAAacWndBzZSgqf6U73VtxCihpCgb6GOSr-MYOf0-QyQSmxQ5FtUgKzphkw7O9Bg_aem_y-5W4B-hC-_6XEzjfzg7ow	Public Overture website; no usable Overture email. First-party public contact crawl required; no inference. Public business email recovered from first-party website; no inference.				overture:376516c7-e059-44ee-a5e8-8b6c8b9b93cc	brightholidays.com.au		bright holiday home 27 on mountbatten	Bright	Australia	HIGH	domain:brightholidays.com.au
	A	91	Auckland	New Zealand	Ray White Best Property Management		property_management	30 St Heliers Bay Road	095283456								overture:97ab0a3a-4fc7-4b00-ba9d-516dc8f32969	2026-08-15T18:57:23.320158Z		Canonical queue drain | fit A | GitHub MASTER dedupe passed	http://www.bestpropertymanagement.co.nz/	j.bloggs@gmail.com	https://bestpropertymanagement.co.nz/about		https://www.facebook.com/raywhitestheliers/		https://bestpropertymanagement.co.nz/properties/leased				High	Verified	https://explore.overturemaps.org/#id=97ab0a3a-4fc7-4b00-ba9d-516dc8f32969; https://bestpropertymanagement.co.nz/; https://bestpropertymanagement.co.nz/enquiry	Public Overture website; no usable Overture email. First-party public contact crawl required; no inference. Public business email recovered from first-party website; no inference.				overture:97ab0a3a-4fc7-4b00-ba9d-516dc8f32969	bestpropertymanagement.co.nz	095283456	ray white best property management	Auckland	New Zealand	HIGH	domain:bestpropertymanagement.co.nz
	A	91	Melbourne	Australia	Barry Plant Eastern Group Property Management and Sales Whitehorse		real_estate_agent	518 Whitehorse Rd	+61398743355								overture:cdf07418-c564-43ce-b967-1b22bc08e8ab	2026-08-15T18:57:23.320158Z		Canonical queue drain | fit A | GitHub MASTER dedupe passed	https://www.barryplant.com.au/offices/whitehorse		https://www.barryplant.com.au/about-us/	https://www.instagram.com/barryplant.whitehorse/	https://www.facebook.com/BarryPlantWhitehorse/		https://www.barryplant.com.au/sold-properties				Medium	Recall-first	https://explore.overturemaps.org/#id=cdf07418-c564-43ce-b967-1b22bc08e8ab; https://www.barryplant.com.au/offices/whitehorse/	Public Overture website; no usable Overture email. First-party public contact crawl required; no inference.				overture:cdf07418-c564-43ce-b967-1b22bc08e8ab	barryplant.com.au	61398743355	barry plant eastern group property management and sales whitehorse	Melbourne	Australia	MEDIUM	domain:barryplant.com.au
	A	91	Doncaster East	Australia	Roseville Lifestyle Serviced Apartments		retirement_home	130 King St	(03) 9841 4366								overture:625a3d70-3114-4817-a998-344b7ee66040	2026-08-15T18:57:23.320158Z		Canonical queue drain | fit A | GitHub MASTER dedupe passed	http://www.aveo.com.au		https://www.aveo.com.au/about/	https://www.instagram.com/aveoretirementliving/	https://www.facebook.com/AveoRetirement/		https://www.aveo.com.au/retirement-villages/living-options/retirement-apartments/				High	Verified	https://explore.overturemaps.org/#id=625a3d70-3114-4817-a998-344b7ee66040; https://www.aveo.com.au/	Public Overture website; no usable Overture email. First-party public contact crawl required; no inference.				overture:625a3d70-3114-4817-a998-344b7ee66040	aveo.com.au	0398414366	roseville lifestyle serviced apartments	Doncaster East	Australia	HIGH	domain:aveo.com.au
	A	91	Auckland	New Zealand	5AM Property Management		property_management	16 Uxbridge Rd	+6495380680								overture:f2759fdd-5e1d-465f-99c9-e316400e936d	2026-08-15T18:57:23.320158Z		Canonical queue drain | fit A | GitHub MASTER dedupe passed	https://5ampropertymanagement.co.nz/		https://5ampropertymanagement.co.nz/about	https://www.instagram.com/raywhiteeasterngroup/	https://www.facebook.com/raywhitefiveam/		https://5ampropertymanagement.co.nz/properties/leased				Permissive	Qualification	https://explore.overturemaps.org/#id=f2759fdd-5e1d-465f-99c9-e316400e936d; https://5ampropertymanagement.co.nz/	Public Overture website; no usable Overture email. First-party public contact crawl required; no inference.				overture:f2759fdd-5e1d-465f-99c9-e316400e936d	5ampropertymanagement.co.nz	6495380680	5am property management	Auckland	New Zealand	PERMISSIVE	domain:5ampropertymanagement.co.nz
	A	91	Auckland	New Zealand	360 Property Management		property_management	597 Great South Rd	+6496367355								overture:f8683b54-f5b3-427a-83a4-ce43b7777f49	2026-08-15T18:57:23.320158Z		Canonical queue drain | fit A | GitHub MASTER dedupe passed	http://360propertymanagement.co.nz		https://360propertymanagement.co.nz/contact/	https://www.instagram.com/360.propertymanagement/	https://www.facebook.com/360pmnz/		https://360propertymanagement.co.nz/healthy-homes-standards-nz-what-auckland-landlords-need-to-know/				Permissive	Qualification	https://explore.overturemaps.org/#id=f8683b54-f5b3-427a-83a4-ce43b7777f49; https://360propertymanagement.co.nz/	Public Overture website; no usable Overture email. First-party public contact crawl required; no inference.				overture:f8683b54-f5b3-427a-83a4-ce43b7777f49	360propertymanagement.co.nz	6496367355	360 property management	Auckland	New Zealand	PERMISSIVE	domain:360propertymanagement.co.nz
	A	91	Canberra	Australia	Property Management - The Property Collective		property_management	47 Wentworth Ave	+61261741282								overture:4b694035-e9b0-4b99-a586-a3d54c91bdf7	2026-08-15T18:57:23.320158Z		Canonical queue drain | fit A | GitHub MASTER dedupe passed	https://www.thepropertycollective.com.au/property-management	pm@thepropertycollective.com.au	https://www.thepropertycollective.com.au/about-us	https://www.instagram.com/the.propertycollective/	https://www.facebook.com/thepropertycollectiveaustralia/						Medium	Recall-first	https://explore.overturemaps.org/#id=4b694035-e9b0-4b99-a586-a3d54c91bdf7; https://www.thepropertycollective.com.au/property-management; https://www.thepropertycollective.com.au/contact-us	Public Overture website; no usable Overture email. First-party public contact crawl required; no inference. Public business email recovered from first-party website; no inference.				overture:4b694035-e9b0-4b99-a586-a3d54c91bdf7	thepropertycollective.com.au	61261741282	property management the property collective	Canberra	Australia	MEDIUM	domain:thepropertycollective.com.au
	A	91	Yarrawonga	Australia	Dunvegan Real Estate - Property Management, Real Estate Palmerston		real_estate_agent	107/5 McCourt Rd	0408952595								overture:45965850-4736-4ffd-9e18-150ffe5e6643	2026-08-15T18:57:23.320158Z		Canonical queue drain | fit A | GitHub MASTER dedupe passed	https://www.dunvegan.net.au/	bdm@dunvegan.net.au	https://www.dunvegan.net.au/about	https://www.instagram.com/dunveganrealestate/	https://www.facebook.com/dunveganrealestate/						Permissive	Qualification	https://explore.overturemaps.org/#id=45965850-4736-4ffd-9e18-150ffe5e6643; https://www.dunvegan.net.au/; https://www.dunvegan.net.au/about	Public Overture website; no usable Overture email. First-party public contact crawl required; no inference. Public business email recovered from first-party website; no inference.				overture:45965850-4736-4ffd-9e18-150ffe5e6643	dunvegan.net.au	0408952595	dunvegan real estate property management real estate palmerston	Yarrawonga	Australia	PERMISSIVE	domain:dunvegan.net.au
	A	91	Dunedin	New Zealand	LJ Hooker Dunedin Property Management		property_management	516 George St	+6434559471								overture:c72f0783-fefb-42a4-9494-dbf2c7f49c7b	2026-08-15T18:44:13.114631Z		Canonical queue drain | fit A | GitHub MASTER dedupe passed	https://dunedinpm.ljhooker.co.nz/		https://dunedinpm.ljhooker.co.nz/about-us	https://www.instagram.com/ljhdunedinrentals/	https://www.facebook.com/profile.php/		https://dunedinpm.ljhooker.co.nz/hubfs/hub_generated/module_assets/1/70601308750/1775518063900/module_property-listings.min.css				Permissive	Qualification	https://explore.overturemaps.org/#id=c72f0783-fefb-42a4-9494-dbf2c7f49c7b; https://dunedinpm.ljhooker.co.nz/	Public Overture website; no usable Overture email. First-party public contact crawl required; no inference.				overture:c72f0783-fefb-42a4-9494-dbf2c7f49c7b	ljhooker.co.nz	6434559471	lj hooker dunedin property management	Dunedin	New Zealand	PERMISSIVE	domain:ljhooker.co.nz
	A	91	Cowra	Australia	San Remo Serviced Apartments			148 Kendal St	(02) 6342 4000								overture:19fac899-57e8-40dd-b42b-7c90a1511c43	2026-08-15T18:44:13.114631Z		Canonical queue drain | fit A | GitHub MASTER dedupe passed	http://www.accommodationcowra.com.au		https://accommodationcowra.com.au/contact	https://www.instagram.com/accommodationcowra/	https://www.facebook.com/131-Kendal-Street-Apartments-175751955849418/		https://accommodationcowra.com.au/book-online				High	Verified	https://explore.overturemaps.org/#id=19fac899-57e8-40dd-b42b-7c90a1511c43; https://accommodationcowra.com.au/	Public Overture website; no usable Overture email. First-party public contact crawl required; no inference.				overture:19fac899-57e8-40dd-b42b-7c90a1511c43	accommodationcowra.com.au	0263424000	san remo serviced apartments	Cowra	Australia	HIGH	domain:accommodationcowra.com.au
	A	91	Sawai Madhopur Sub-District	India	Khem Villas		resort	Khilchipur	+919414030262								overture:449105ec-2e15-46d5-a031-742b69906c46	2026-08-15T18:02:00.816435Z		Canonical queue drain | fit A | GitHub MASTER dedupe passed	http://www.khemvillas.com/	info@khemvillas.com	https://www.khemvillas.com/about-us		https://www.facebook.com/khemvillas/		http://khemvillas.com/our-rooms				High	Verified	https://explore.overturemaps.org/#id=449105ec-2e15-46d5-a031-742b69906c46	Public Overture site+email; zero-HTTP V6 cheap-screen. Final MASTER dedupe/QA required.				overture:449105ec-2e15-46d5-a031-742b69906c46	khemvillas.com	919414030262	khem villas	Sawai Madhopur Sub-District	India	HIGH	domain:khemvillas.com
	A	91	Lake Tekapo	New Zealand	Lake Tekapo Holiday Homes		motel	8 O'Neill Place	03 680 6607								overture:534b3f84-d6e5-4f29-81bd-6ed310c83721	2026-08-15T17:41:47.330305Z		Canonical queue drain | fit A | GitHub MASTER dedupe passed	http://www.tekapoholidayhomes.co.nz	info@tekapoholidayhomes.co.nz	https://www.tekapoholidayhomes.co.nz/contact-us/		https://www.facebook.com/tekapoholidayhomes/		https://www.tekapoholidayhomes.co.nz/book-online/				High	Verified	https://explore.overturemaps.org/#id=534b3f84-d6e5-4f29-81bd-6ed310c83721; https://www.tekapoholidayhomes.co.nz/	Public Overture website; no usable Overture email. First-party public contact crawl required; no inference. Public business email recovered from first-party website; no inference.				overture:534b3f84-d6e5-4f29-81bd-6ed310c83721	tekapoholidayhomes.co.nz	036806607	lake tekapo holiday homes	Lake Tekapo	New Zealand	HIGH	domain:tekapoholidayhomes.co.nz
	A	91	Mairehau	New Zealand	Ray White New Era Property Management Limited		rental_service	3/422 Innes Road	033860311								overture:a52e882e-4ef2-484c-bc43-ca7956fc5d40	2026-08-15T17:41:47.330305Z		Canonical queue drain | fit A | GitHub MASTER dedupe passed	https://rwnewera.co.nz/	j.bloggs@gmail.com	https://rwnewera.co.nz/about/get-in-touch		https://www.facebook.com/profile.php/		https://rwnewera.co.nz/properties/leased				High	Verified	https://explore.overturemaps.org/#id=a52e882e-4ef2-484c-bc43-ca7956fc5d40; https://rwnewera.co.nz/; https://rwnewera.co.nz/about/get-in-touch	Public Overture website; no usable Overture email. First-party public contact crawl required; no inference. Public business email recovered from first-party website; no inference.				overture:a52e882e-4ef2-484c-bc43-ca7956fc5d40	rwnewera.co.nz	033860311	ray white new era property management limited	Mairehau	New Zealand	HIGH	domain:rwnewera.co.nz
	A	91	Christchurch	New Zealand	Whittle Knight Real Estate and Property Management		property_management	1 Clyde Rd	+6433484149								overture:0df42a7c-ccd0-43d9-83bc-fd126f3bacd6	2026-08-15T17:41:47.330305Z		Canonical queue drain | fit A | GitHub MASTER dedupe passed	https://www.propertymanagementchch.co.nz/		https://www.propertymanagementchch.co.nz/contact-us/	https://www.instagram.com/whittleknight/	https://www.facebook.com/wkpropertymanagement/		https://www.propertymanagementchch.co.nz/rental-properties-christchurch/				Permissive	Qualification	https://explore.overturemaps.org/#id=0df42a7c-ccd0-43d9-83bc-fd126f3bacd6; https://www.propertymanagementchch.co.nz/	Public Overture website; no usable Overture email. First-party public contact crawl required; no inference.				overture:0df42a7c-ccd0-43d9-83bc-fd126f3bacd6	propertymanagementchch.co.nz	6433484149	whittle knight real estate and property management	Christchurch	New Zealand	PERMISSIVE	domain:propertymanagementchch.co.nz
	A	91	Burnt Pine	NF	Norfolk Island Holiday Homes		hotel	10 Taylors Rd	+672322897								overture:2028eb42-5189-4218-ab87-48beef5efc1e	2026-08-15T17:41:47.330305Z		Canonical queue drain | fit A | GitHub MASTER dedupe passed	http://www.norfolkislandholidayhomes.com.au/		https://norfolkislandholidayhomes.com.au/contact/	https://www.instagram.com/norfolkislandholidayhomes/	https://www.facebook.com/NorfolkIslandHolidayHomes/		https://norfolkislandholidayhomes.com.au/book-accommodation-norfolkisland/				High	Verified	https://explore.overturemaps.org/#id=2028eb42-5189-4218-ab87-48beef5efc1e; https://norfolkislandholidayhomes.com.au/	Public Overture website; no usable Overture email. First-party public contact crawl required; no inference.				overture:2028eb42-5189-4218-ab87-48beef5efc1e	norfolkislandholidayhomes.com.au	672322897	norfolk island holiday homes	Burnt Pine	NF	HIGH	domain:norfolkislandholidayhomes.com.au
	A	91	Addington	New Zealand	Ray White Next Step Property Management		real_estate_agent	110 Wrights Road									overture:9e7cc042-36b2-47d4-8f12-2ea3ceb4172e	2026-08-15T17:41:47.330305Z		Canonical queue drain | fit A | GitHub MASTER dedupe passed	https://nextsteprentals.co.nz	j.bloggs@gmail.com	https://nextsteprentals.co.nz/contact-us	https://www.instagram.com/raywhite.nextstep.rentals/	https://www.facebook.com/profile.php/		https://nextsteprentals.co.nz/properties/leased				Medium	Recall-first	https://explore.overturemaps.org/#id=9e7cc042-36b2-47d4-8f12-2ea3ceb4172e; https://nextsteprentals.co.nz/; https://nextsteprentals.co.nz; https://nextsteprentals.co.nz/contact-us	Public Overture website; no usable Overture email. First-party public contact crawl required; no inference. Public business email recovered from first-party website; no inference.				overture:9e7cc042-36b2-47d4-8f12-2ea3ceb4172e	nextsteprentals.co.nz		ray white next step property management	Addington	New Zealand	MEDIUM	domain:nextsteprentals.co.nz
	A	91	Christchurch	New Zealand	Ray White Inline Property Management		property_management	333 Harewood Rd	+64800935569								overture:97bcc7eb-c006-473d-a1b0-584d714b0d6b	2026-08-15T17:41:47.330305Z		Canonical queue drain | fit A | GitHub MASTER dedupe passed	https://inlinerentals.co.nz/		https://inlinerentals.co.nz/about	https://www.instagram.com/raywhite_bishopdale/	https://www.facebook.com/raywhitebishopdale/		https://inlinerentals.co.nz/properties/leased				Medium	Recall-first	https://explore.overturemaps.org/#id=97bcc7eb-c006-473d-a1b0-584d714b0d6b; https://inlinerentals.co.nz/	Public Overture website; no usable Overture email. First-party public contact crawl required; no inference.				overture:97bcc7eb-c006-473d-a1b0-584d714b0d6b	inlinerentals.co.nz	64800935569	ray white inline property management	Christchurch	New Zealand	MEDIUM	domain:inlinerentals.co.nz
	A	91	Castle Hill	New Zealand	Castle Hill Holiday Homes			Castle Hill Drive									overture:c1d9e0c0-28f7-4444-9824-dec4643a9f1d	2026-08-15T17:41:47.330305Z		Canonical queue drain | fit A | GitHub MASTER dedupe passed	https://castlehillholidayhomes.nz/	conor@castlehillholidayhomes.nz	https://cdn.castlehillholidayhomes.nz/wp-content/plugins/contact-form-7/includes/css/styles.css	https://www.instagram.com/conorboydphoto/	https://www.facebook.com/CastleHillHolidayHomes/		https://castlehillholidayhomes.nz/feed/				High	Verified	https://explore.overturemaps.org/#id=c1d9e0c0-28f7-4444-9824-dec4643a9f1d; https://castlehillholidayhomes.nz/	Public Overture website; no usable Overture email. First-party public contact crawl required; no inference. Public business email recovered from first-party website; no inference.				overture:c1d9e0c0-28f7-4444-9824-dec4643a9f1d	castlehillholidayhomes.nz		castle hill holiday homes	Castle Hill	New Zealand	HIGH	domain:castlehillholidayhomes.nz
	A	91	Kaiapoi	New Zealand	Ray White Morris & Co Property Management		property_management	116 Williams Street	033316755								overture:651219c3-1ae3-405b-838a-0340fa76cca0	2026-08-15T17:41:47.330305Z		Canonical queue drain | fit A | GitHub MASTER dedupe passed	https://canterburypm.co.nz/		https://canterburypm.co.nz/about/contact-us	https://www.instagram.com/rwmcrentals/	https://www.facebook.com/RayWhiteMorrisandCo/		https://canterburypm.co.nz/properties/leased				High	Verified	https://explore.overturemaps.org/#id=651219c3-1ae3-405b-838a-0340fa76cca0; https://canterburypm.co.nz/	Public Overture website; no usable Overture email. First-party public contact crawl required; no inference.				overture:651219c3-1ae3-405b-838a-0340fa76cca0	canterburypm.co.nz	033316755	ray white morris co property management	Kaiapoi	New Zealand	HIGH	domain:canterburypm.co.nz
	A	91	Christchurch	New Zealand	Vertex Property Management		property_management	53 Brisbane Street	022 348 8432								overture:4c688568-bbb1-49c4-8b45-5819011ff8f5	2026-08-15T17:41:47.330305Z		Canonical queue drain | fit A | GitHub MASTER dedupe passed	http://www.vertexpropertymanagement.co.nz	office@vertexpropertymanagement.co.nz	https://www.vertexpropertymanagement.co.nz/about	https://www.instagram.com/vertexpm/	https://www.facebook.com/profile.php/						Permissive	Qualification	https://explore.overturemaps.org/#id=4c688568-bbb1-49c4-8b45-5819011ff8f5; https://www.vertexpropertymanagement.co.nz/; https://www.vertexpropertymanagement.co.nz/about	Public Overture website; no usable Overture email. First-party public contact crawl required; no inference. Public business email recovered from first-party website; no inference.				overture:4c688568-bbb1-49c4-8b45-5819011ff8f5	vertexpropertymanagement.co.nz	0223488432	vertex property management	Christchurch	New Zealand	PERMISSIVE	domain:vertexpropertymanagement.co.nz
	A	91	Christchurch	New Zealand	Harcourts gold Property Management		real_estate_agent	464 Papanui Road	033526454								overture:d91b577d-873e-4b5d-8584-ead2c5e9ae2c	2026-08-15T17:41:47.330305Z		Canonical queue drain | fit A | GitHub MASTER dedupe passed	https://www.harcourtsgold.co.nz/?utm_source=bing&utm_medium=organic&utm_campaign=Bing+Places&utm_content=Harcourts+gold+Property+Management+-+Christchurch&utm_term=plcid_18376744657716171273	enquiries.strowan@harcourtsgold.co.nz	https://www.harcourtsgold.co.nz/about	https://www.instagram.com/harcourtsgold/	https://www.facebook.com/harcourtsgoldrealestate/						Permissive	Qualification	https://explore.overturemaps.org/#id=d91b577d-873e-4b5d-8584-ead2c5e9ae2c; https://www.harcourtsgold.co.nz/?utm_source=bing&utm_medium=organic&utm_campaign=Bing+Places&utm_content=Harcourts+gold+Property+Management+-+Christchurch&utm_term=plcid_18376744657716171273	Public Overture website; no usable Overture email. First-party public contact crawl required; no inference. Public business email recovered from first-party website; no inference.				overture:d91b577d-873e-4b5d-8584-ead2c5e9ae2c	harcourtsgold.co.nz	033526454	harcourts gold property management	Christchurch	New Zealand	PERMISSIVE	domain:harcourtsgold.co.nz
	A	91	Te Anau	New Zealand	Distinction Te Anau Hotel & Villas		resort	64 Lakefront Drive	03 249 9700								overture:f2b67c3b-a3d0-490c-94a1-3614580c01be	2026-08-15T17:21:32.102346Z		Canonical queue drain | fit A | GitHub MASTER dedupe passed	http://www.distinctionhotelsteanau.co.nz		https://www.distinctionhotelsteanau.co.nz/x,243,2859/book-now.html	https://www.instagram.com/distinctionhotelsgroup/	https://www.facebook.com/distinctionteanau/		https://www.distinctionhotelsteanau.co.nz/teanau-hotel-accommodation/garden-villa-room				High	Verified	https://explore.overturemaps.org/#id=f2b67c3b-a3d0-490c-94a1-3614580c01be; https://www.distinctionhotelsteanau.co.nz/	Public Overture website; no usable Overture email. First-party public contact crawl required; no inference.				overture:f2b67c3b-a3d0-490c-94a1-3614580c01be	distinctionhotelsteanau.co.nz	032499700	distinction te anau hotel villas	Te Anau	New Zealand	HIGH	domain:distinctionhotelsteanau.co.nz
	A	91	Launceston	Australia	At Home Property Management Solutions		property_management	116 St John St	+61363344433								overture:b072a6a2-d57f-419b-ba16-953d5f7e3eb8	2026-08-15T17:21:32.102346Z		Canonical queue drain | fit A | GitHub MASTER dedupe passed	https://athomerentals.com.au/		https://athomerentals.com.au/about-us	https://www.instagram.com/homelaunceston/	https://www.facebook.com/homepropertymanagementsolutions/		https://athomerentals.com.au/properties/listings/22-laycock-street				Permissive	Qualification	https://explore.overturemaps.org/#id=b072a6a2-d57f-419b-ba16-953d5f7e3eb8; https://athomerentals.com.au/	Public Overture website; no usable Overture email. First-party public contact crawl required; no inference.				overture:b072a6a2-d57f-419b-ba16-953d5f7e3eb8	athomerentals.com.au	61363344433	at home property management solutions	Launceston	Australia	PERMISSIVE	domain:athomerentals.com.au
	A	91	Queenstown	New Zealand	Shotover Gold Apartment		hotel	4 Cotswold Ct	+6421535042								overture:f097f2be-7dc7-40b5-8f2b-a899472d2150	2026-08-15T17:21:32.102346Z		Canonical queue drain | fit A | GitHub MASTER dedupe passed	https://www.airbnb.co.nz/rooms/15440667		https://www.airbnb.co.nz/help/contact-us/logged-out	https://www.instagram.com/airbnb/	https://www.facebook.com/airbnb/		https://www.airbnb.co.nz/rooms/15440667				High	Verified	https://explore.overturemaps.org/#id=f097f2be-7dc7-40b5-8f2b-a899472d2150; https://www.airbnb.co.nz/help/contact-us/logged-out	Public Overture website; no usable Overture email. First-party public contact crawl required; no inference.				overture:f097f2be-7dc7-40b5-8f2b-a899472d2150	airbnb.co.nz	6421535042	shotover gold apartment	Queenstown	New Zealand	HIGH	domain:airbnb.co.nz
	A	91	Seven Hills	Australia	SAVAA Properties - Property Management		real_estate_agent	73 Boomerang Place	0288341204								overture:9c8d2651-9cfb-46f2-a53d-b3a6c8d103fe	2026-08-15T17:07:20.232699Z		Canonical queue drain | fit A | GitHub MASTER dedupe passed	https://savaaproperties.com.au/		https://savaaproperties.com.au/contact	https://www.instagram.com/parth.joshi_savaa_properties/	https://www.facebook.com/parthjoshisavaaproperties/		https://savaaproperties.com.au/open-homes				Permissive	Qualification	https://explore.overturemaps.org/#id=9c8d2651-9cfb-46f2-a53d-b3a6c8d103fe; https://savaaproperties.com.au/	Public Overture website; no usable Overture email. First-party public contact crawl required; no inference.				overture:9c8d2651-9cfb-46f2-a53d-b3a6c8d103fe	savaaproperties.com.au	0288341204	savaa properties property management	Seven Hills	Australia	PERMISSIVE	domain:savaaproperties.com.au
	A	91	Tamworth	Australia	Professionals Tamworth - Real Estate Agents And Property Management		property_management	491 Peel St	0267663134								overture:31e6e658-aaaa-427f-80b1-e6b5f99449ef	2026-08-15T17:07:20.232699Z		Canonical queue drain | fit A | GitHub MASTER dedupe passed	https://www.professionalstamworth.com.au/		https://www.professionalstamworth.com.au/contact/	https://www.instagram.com/professionals_real_estate/	https://www.facebook.com/ProfessionalsAus/		https://www.professionalstamworth.com.au/properties/sale/				Permissive	Qualification	https://explore.overturemaps.org/#id=31e6e658-aaaa-427f-80b1-e6b5f99449ef; https://www.professionalstamworth.com.au/	Public Overture website; no usable Overture email. First-party public contact crawl required; no inference.				overture:31e6e658-aaaa-427f-80b1-e6b5f99449ef	professionalstamworth.com.au	0267663134	professionals tamworth real estate agents and property management	Tamworth	Australia	PERMISSIVE	domain:professionalstamworth.com.au
	A	91	Port Macquarie	Australia	Percival Property Management (The Purple House)		property_management	34 Buller St	(02) 6583 7499								overture:42737d31-ba8d-4884-8db0-180fc08375f7	2026-08-15T17:07:20.232699Z		Canonical queue drain | fit A | GitHub MASTER dedupe passed	https://www.percival.com.au		https://www.percival.com.au/about-us/	https://www.instagram.com/percivalproperty/	https://www.facebook.com/percivalproperty/		https://www.percival.com.au/properties-for-rent/				Medium	Recall-first	https://explore.overturemaps.org/#id=42737d31-ba8d-4884-8db0-180fc08375f7; https://www.percival.com.au/; https://www.percival.com.au	Public Overture website; no usable Overture email. First-party public contact crawl required; no inference.				overture:42737d31-ba8d-4884-8db0-180fc08375f7	percival.com.au	0265837499	percival property management the purple house	Port Macquarie	Australia	MEDIUM	domain:percival.com.au
	A	91	Sydney	Australia	Palm Beach Holiday Rentals		hotel	1073 Barrenjoey Rd	+61299745999								overture:15a40a3f-5371-4898-a929-d825635af158	2026-08-15T17:07:20.232699Z		Canonical queue drain | fit A | GitHub MASTER dedupe passed	http://www.palmbeachholidayrentals.com.au		https://palmbeachholidayrentals.com.au/contact-us/	https://www.instagram.com/palmbeachholidayrentals/	https://www.facebook.com/ljhpb.com.au/		https://palmbeachholidayrentals.com.au/holiday-rentals/villa-palmie/				High	Verified	https://explore.overturemaps.org/#id=15a40a3f-5371-4898-a929-d825635af158; https://palmbeachholidayrentals.com.au/	Public Overture website; no usable Overture email. First-party public contact crawl required; no inference.				overture:15a40a3f-5371-4898-a929-d825635af158	palmbeachholidayrentals.com.au	61299745999	palm beach holiday rentals	Sydney	Australia	HIGH	domain:palmbeachholidayrentals.com.au
	A	91	Congewai	Australia	Mandalay Villas		resort	165 Congewai Rd	(02) 4998 0370								overture:ea126df6-7fe5-4030-a469-b979fe7b526d	2026-08-15T17:07:20.232699Z		Canonical queue drain | fit A | GitHub MASTER dedupe passed	http://www.mandalayvillas.com.au	stay@mandalayvillas.com.au	http://www.mandalayvillas.com.au/enquiries.htm		https://www.facebook.com/pages/Mandalay-Villas/660858904019142/		http://www.mandalayvillas.com.au/directbooking.htm				High	Verified	https://explore.overturemaps.org/#id=ea126df6-7fe5-4030-a469-b979fe7b526d; http://www.mandalayvillas.com.au	Public Overture website; no usable Overture email. First-party public contact crawl required; no inference. Public business email recovered from first-party website; no inference.				overture:ea126df6-7fe5-4030-a469-b979fe7b526d	mandalayvillas.com.au	0249980370	mandalay villas	Congewai	Australia	HIGH	domain:mandalayvillas.com.au
	A	91	Leura	Australia	Stonelinks House - Leura Holiday Home		bed_and_breakfast	17 Sublime Point Rd	0418286064								overture:06711555-0458-43e7-bcee-dc4913745c45	2026-08-15T17:07:20.232699Z		Canonical queue drain | fit A | GitHub MASTER dedupe passed	https://www.leuraholidayhome.com.au/		https://www.leuraholidayhome.com.au/contact	https://www.instagram.com/stonelinkshouse/	https://www.facebook.com/pages/Stonelinks-House-Leura/230702820403406/		https://www.leuraholidayhome.com.au/universal/svg/social-accounts.svg				High	Verified	https://explore.overturemaps.org/#id=06711555-0458-43e7-bcee-dc4913745c45; https://www.leuraholidayhome.com.au/	Public Overture website; no usable Overture email. First-party public contact crawl required; no inference.				overture:06711555-0458-43e7-bcee-dc4913745c45	leuraholidayhome.com.au	0418286064	stonelinks house leura holiday home	Leura	Australia	HIGH	domain:leuraholidayhome.com.au
	A	91	Forster	Australia	Lakeview Getaway Forster		holiday_rental_home	2 Little St	+61265552000								overture:670d0d39-f1f9-44b4-8d18-a03bec20faa8	2026-08-15T17:07:20.232699Z		Canonical queue drain | fit A | GitHub MASTER dedupe passed	https://forsterholidayrentals.com.au/accommodation/pcpn-the-marina-408-cbd-location/		https://forsterholidayrentals.com.au/about-us/	https://www.instagram.com/forsterholidayrentals/	https://www.facebook.com/forsterholidayrentals/		https://forsterholidayrentals.com.au/accommodation/pcpn-la-dolce-villa/				High	Verified	https://explore.overturemaps.org/#id=670d0d39-f1f9-44b4-8d18-a03bec20faa8; https://forsterholidayrentals.com.au/accommodation/pcpn-the-marina-408-cbd-location/	Public Overture website; no usable Overture email. First-party public contact crawl required; no inference.				overture:670d0d39-f1f9-44b4-8d18-a03bec20faa8	forsterholidayrentals.com.au	61265552000	lakeview getaway forster	Forster	Australia	HIGH	domain:forsterholidayrentals.com.au
	A	91	Elderslie	Australia	Elderslie House - Book Direct - a Hunter Valley Holiday Homes Property		guest_house	756 Elderslie Road	0288402852								overture:9ca265f1-c571-464f-89f9-be2a55e78885	2026-08-15T17:07:20.232699Z		Canonical queue drain | fit A | GitHub MASTER dedupe passed	http://www.eldersliehouse.com.au/		https://www.eldersliehouse.com.au/contact	https://www.instagram.com/huntervalleyholidayhomes/	https://www.facebook.com/huntervalleyholidayhomes/		https://www.eldersliehouse.com.au/book				High	Verified	https://explore.overturemaps.org/#id=9ca265f1-c571-464f-89f9-be2a55e78885; https://www.eldersliehouse.com.au/	Public Overture website; no usable Overture email. First-party public contact crawl required; no inference.				overture:9ca265f1-c571-464f-89f9-be2a55e78885	eldersliehouse.com.au	0288402852	elderslie house book direct a hunter valley holiday homes property	Elderslie	Australia	HIGH	domain:eldersliehouse.com.au
	A	91	Marsden Park	Australia	Urban Real Estate Marsden Park Property Management		property_management	53 Northbourne Drive	0283157794								overture:d1b13503-1d60-46d6-a6c4-b0f06e74a674	2026-08-15T17:07:20.232699Z		Canonical queue drain | fit A | GitHub MASTER dedupe passed	https://www.ulh.com.au/	admin@ulh.com.au	https://ulh.com.au/urban-real-estate-agent-urban-land-housing-about-us-team/	https://www.instagram.com/urbanrealestateau/	https://www.facebook.com/Urban-Land-and-Housing-Group-157964520903006/						Permissive	Qualification	https://explore.overturemaps.org/#id=d1b13503-1d60-46d6-a6c4-b0f06e74a674; https://ulh.com.au/	Public Overture website; no usable Overture email. First-party public contact crawl required; no inference. Public business email recovered from first-party website; no inference.				overture:d1b13503-1d60-46d6-a6c4-b0f06e74a674	ulh.com.au	0283157794	urban real estate marsden park property management	Marsden Park	Australia	PERMISSIVE	domain:ulh.com.au
	A	91	Port Douglas	Australia	Niramaya Villas & Spa		resort	1 Bale Drive	0742133488								overture:9f131ac1-cbe3-4969-af63-a74d6003a8f7	2026-08-15T17:07:20.232699Z		Canonical queue drain | fit A | GitHub MASTER dedupe passed	http://www.niramaya.com.au/	info@niramaya.com.au	https://niramaya.com.au/about/about-us	https://www.instagram.com/niramayavillasspa/	https://www.facebook.com/NiramayaVillasSpa/						High	Verified	https://explore.overturemaps.org/#id=9f131ac1-cbe3-4969-af63-a74d6003a8f7; https://niramaya.com.au/	Public Overture website; no usable Overture email. First-party public contact crawl required; no inference. Public business email recovered from first-party website; no inference.				overture:9f131ac1-cbe3-4969-af63-a74d6003a8f7	niramaya.com.au	0742133488	niramaya villas spa	Port Douglas	Australia	HIGH	domain:niramaya.com.au
	A	91	Coogee	Australia	discoverBnB | Airbnb Property Management Sydney		property_management	88 Mount St	0498100867								overture:e7380f5b-3194-40d6-bb77-d57406aa5d35	2026-08-15T17:07:20.232699Z		Canonical queue drain | fit A | GitHub MASTER dedupe passed	http://www.discoverbnb.com.au/	info@discoverbnb.com.au	https://www.discoverbnb.com.au/contact-us/	https://www.instagram.com/discover_bnb/	https://www.facebook.com/discoverbnb/						High	Verified	https://explore.overturemaps.org/#id=e7380f5b-3194-40d6-bb77-d57406aa5d35; https://www.discoverbnb.com.au/	Public Overture website; no usable Overture email. First-party public contact crawl required; no inference. Public business email recovered from first-party website; no inference.				overture:e7380f5b-3194-40d6-bb77-d57406aa5d35	discoverbnb.com.au	0498100867	discoverbnb airbnb property management sydney	Coogee	Australia	HIGH	domain:discoverbnb.com.au
	A	91	Islington	Australia	Apple Property Management		property_management	19 Beaumont St #9	(02) 4968 9838								overture:11f53392-d0bb-4e37-9e98-c3dcd077fa97	2026-08-15T17:07:20.232699Z		Canonical queue drain | fit A | GitHub MASTER dedupe passed	http://www.appleproperty.com.au	hello@appleproperty.com.au	https://appleproperty.com.au/contact-us/	https://www.instagram.com/apple_property/	https://www.facebook.com/appleppty/						Permissive	Qualification	https://explore.overturemaps.org/#id=11f53392-d0bb-4e37-9e98-c3dcd077fa97; https://appleproperty.com.au/	Public Overture website; no usable Overture email. First-party public contact crawl required; no inference. Public business email recovered from first-party website; no inference.				overture:11f53392-d0bb-4e37-9e98-c3dcd077fa97	appleproperty.com.au	0249689838	apple property management	Islington	Australia	PERMISSIVE	domain:appleproperty.com.au
	A	91	Robe	Australia	Robe Holiday Rentals		hotel	9 Victoria St	+61887682600								overture:cef07ccb-82de-4d77-a010-be9511bbfe66	2026-08-15T17:04:40.887674Z		Canonical queue drain | fit A | GitHub MASTER dedupe passed	http://www.robeholidayrentals.com.au/		https://www.robeholidayrentals.com.au/contact-us	https://www.instagram.com/ottosonpartners/	https://www.facebook.com/robeholidayrentals/		https://www.robeholidayrentals.com.au/robe-holiday-rentals				High	Verified	https://explore.overturemaps.org/#id=cef07ccb-82de-4d77-a010-be9511bbfe66; https://www.robeholidayrentals.com.au/	Public Overture website; no usable Overture email. First-party public contact crawl required; no inference.				overture:cef07ccb-82de-4d77-a010-be9511bbfe66	robeholidayrentals.com.au	61887682600	robe holiday rentals	Robe	Australia	HIGH	domain:robeholidayrentals.com.au
	A	91	Goolwa Beach	Australia	Great Ness Holiday Rental - Goolwa Beach		holiday_rental_home	7 Ness Street	+61411663066								overture:df36b9f2-5987-47db-9341-fdcf75fd1fb0	2026-08-15T17:04:40.887674Z		Canonical queue drain | fit A | GitHub MASTER dedupe passed	http://www.goolwabeachhouse.com.au/	johndoe01@gmail.com	https://goolwabeachhouse.com.au/en/contact	https://www.instagram.com/greatnessgoolwa/	https://www.facebook.com/greatnessgoolwabch/						High	Verified	https://explore.overturemaps.org/#id=df36b9f2-5987-47db-9341-fdcf75fd1fb0; https://goolwabeachhouse.com.au/	Public Overture website; no usable Overture email. First-party public contact crawl required; no inference. Public business email recovered from first-party website; no inference.				overture:df36b9f2-5987-47db-9341-fdcf75fd1fb0	goolwabeachhouse.com.au	61411663066	great ness holiday rental goolwa beach	Goolwa Beach	Australia	HIGH	domain:goolwabeachhouse.com.au
	A	91	Pialba	Australia	Vision Property Management Hervey Bay		property_management	53 Torquay Road	0741240282								overture:304298b9-ab8c-4957-90c5-83caae127693	2026-08-15T17:02:35.610607Z		Canonical queue drain | fit A | GitHub MASTER dedupe passed	http://www.visionpropertyhb.com.au/	info@visionpropertyhb.com.au	https://www.visionpropertyhb.com.au/about/	https://www.instagram.com/visionpropertymanagementhb/	https://www.facebook.com/HerveyBayPropertyManagement/						Permissive	Qualification	https://explore.overturemaps.org/#id=304298b9-ab8c-4957-90c5-83caae127693; https://www.visionpropertyhb.com.au/	Public Overture website; no usable Overture email. First-party public contact crawl required; no inference. Public business email recovered from first-party website; no inference.				overture:304298b9-ab8c-4957-90c5-83caae127693	visionpropertyhb.com.au	0741240282	vision property management hervey bay	Pialba	Australia	PERMISSIVE	domain:visionpropertyhb.com.au
	A	91	Casuarina	Australia	Tate Brownlee Real Estate & Property Management		property_management	5/482-486 Casuarina Way	(02) 6674 3957								overture:060a8309-5dc9-48e5-b318-30506cdddb90	2026-08-15T17:02:35.610607Z		Canonical queue drain | fit A | GitHub MASTER dedupe passed	https://tatebrownlee.com.au/property-management-services		https://tatebrownlee.com.au/contact/	https://www.instagram.com/tatebrownleeteam/	https://www.facebook.com/Tatebrownleerealestate/		https://tatebrownlee.com.au/wp-content/plugins/easy-property-listings/lib/assets/css/style.css?ver=3.4.48				Permissive	Qualification	https://explore.overturemaps.org/#id=060a8309-5dc9-48e5-b318-30506cdddb90; https://tatebrownlee.com.au/property-management-services/	Public Overture website; no usable Overture email. First-party public contact crawl required; no inference.				overture:060a8309-5dc9-48e5-b318-30506cdddb90	tatebrownlee.com.au	0266743957	tate brownlee real estate property management	Casuarina	Australia	PERMISSIVE	domain:tatebrownlee.com.au
	A	91	Clarence Gardens	Australia	Stanley Samuels Property Management		property_management	813 South Road, Unit 3	0882973010								overture:e662fc2a-a74f-46bc-ba8a-494588d51bbf	2026-08-15T17:02:35.610607Z		Canonical queue drain | fit A | GitHub MASTER dedupe passed	https://www.stanleysamuels.com.au/	admin@stanleysamuels.com.au	https://stanleysamuels.com.au/about-us/		https://www.facebook.com/Stanley-Samuels-Property-Management-471631402893087/		https://stanleysamuels.com.au/wp-content/plugins/easy-property-listings/lib/assets/css/style.min.css?ver=3.4.43				Permissive	Qualification	https://explore.overturemaps.org/#id=e662fc2a-a74f-46bc-ba8a-494588d51bbf; https://stanleysamuels.com.au/	Public Overture website; no usable Overture email. First-party public contact crawl required; no inference. Public business email recovered from first-party website; no inference.				overture:e662fc2a-a74f-46bc-ba8a-494588d51bbf	stanleysamuels.com.au	0882973010	stanley samuels property management	Clarence Gardens	Australia	PERMISSIVE	domain:stanleysamuels.com.au
	A	91	Brisbane	Australia	Reapit Australia & New Zealand | Property Management Software		software_development	339 Coronation Dr	+611300131311								overture:8f71138a-b1c7-4014-89f8-319865c9f819	2026-08-15T17:02:35.610607Z		Canonical queue drain | fit A | GitHub MASTER dedupe passed	https://www.reapit.com.au/software/property-management		https://www.reapit.com.au/about	https://www.instagram.com/reapit_anz/	https://www.facebook.com/reapitanz/		https://www.reapit.com.au/resources/ebooks				Permissive	Qualification	https://explore.overturemaps.org/#id=8f71138a-b1c7-4014-89f8-319865c9f819; https://www.reapit.com.au/software/property-management	Public Overture website; no usable Overture email. First-party public contact crawl required; no inference.				overture:8f71138a-b1c7-4014-89f8-319865c9f819	reapit.com.au	611300131311	reapit australia new zealand property management software	Brisbane	Australia	PERMISSIVE	domain:reapit.com.au
	A	91	Tamborine Mountain	Australia	Professionals Serendipity Tamborine Mountain Real Estate and Property Management		real_estate_agent	10-12 Main St	+61755455000								overture:c4d4262b-7872-43f0-9b4d-728269310968	2026-08-15T17:02:35.610607Z		Canonical queue drain | fit A | GitHub MASTER dedupe passed	http://www.professionalstamborinemountain.com.au		https://www.professionalstamborinemountain.com.au/contact/	https://www.instagram.com/tamborinemountain/	https://www.facebook.com/ProfessionalsTamborineMountain/		https://www.professionalstamborinemountain.com.au/properties/sale/				Permissive	Qualification	https://explore.overturemaps.org/#id=c4d4262b-7872-43f0-9b4d-728269310968; https://www.professionalstamborinemountain.com.au/	Public Overture website; no usable Overture email. First-party public contact crawl required; no inference.				overture:c4d4262b-7872-43f0-9b4d-728269310968	professionalstamborinemountain.com.au	61755455000	professionals serendipity tamborine mountain real estate and property management	Tamborine Mountain	Australia	PERMISSIVE	domain:professionalstamborinemountain.com.au
	A	91	Ferny Hills	Australia	Professionals Priority - Ferny Hills Real Estate Agents And Property Management		real_estate_agent	5/126 Ferny Way	0731647000								overture:c32b9f71-73b9-49dd-b8e8-47fd1145d9f4	2026-08-15T17:02:35.610607Z		Canonical queue drain | fit A | GitHub MASTER dedupe passed	https://www.professionalspriority.com.au/		https://www.professionalspriority.com.au/contact/	https://www.instagram.com/professionals_priority/	https://www.facebook.com/ProfessionalsPriorityProperty/		https://www.professionalspriority.com.au/properties/sale/				Permissive	Qualification	https://explore.overturemaps.org/#id=c32b9f71-73b9-49dd-b8e8-47fd1145d9f4; https://www.professionalspriority.com.au/	Public Overture website; no usable Overture email. First-party public contact crawl required; no inference.				overture:c32b9f71-73b9-49dd-b8e8-47fd1145d9f4	professionalspriority.com.au	0731647000	professionals priority ferny hills real estate agents and property management	Ferny Hills	Australia	PERMISSIVE	domain:professionalspriority.com.au
	A	91	Brisbane	Australia	PMC Property Management		property_management	16 Marie St	+61733670126								overture:290d3f0e-4c89-475b-ab29-d129e571cea8	2026-08-15T17:02:35.610607Z		Canonical queue drain | fit A | GitHub MASTER dedupe passed	http://www.pmcpropertymanagement.com.au/		https://www.pmcpropertymanagement.com.au/about/	https://www.instagram.com/pmcpropertymanagement/	https://www.facebook.com/pages/PMC-Property-Management/376630642523589/		https://www.pmcpropertymanagement.com.au/rentals/				Permissive	Qualification	https://explore.overturemaps.org/#id=290d3f0e-4c89-475b-ab29-d129e571cea8; https://www.pmcpropertymanagement.com.au/	Public Overture website; no usable Overture email. First-party public contact crawl required; no inference.				overture:290d3f0e-4c89-475b-ab29-d129e571cea8	pmcpropertymanagement.com.au	61733670126	pmc property management	Brisbane	Australia	PERMISSIVE	domain:pmcpropertymanagement.com.au
	A	91	Milton	Australia	Pinnacle – Asset, Lease And Property Management Software		information_technology_company	16 McDougall Street	0732727155								overture:988562a5-30c3-4482-bfe5-c92ddf30e008	2026-08-15T17:02:35.610607Z		Canonical queue drain | fit A | GitHub MASTER dedupe passed	http://www.pinnacle.com.au/	sales@pinnacle.com.au	https://www.pinnacle.com.au/about-us/		https://www.facebook.com/pinnacle.software1/		https://www.pinnacle.com.au/book-a-call/				Permissive	Qualification	https://explore.overturemaps.org/#id=988562a5-30c3-4482-bfe5-c92ddf30e008; https://www.pinnacle.com.au/	Public Overture website; no usable Overture email. First-party public contact crawl required; no inference. Public business email recovered from first-party website; no inference.				overture:988562a5-30c3-4482-bfe5-c92ddf30e008	pinnacle.com.au	0732727155	pinnacle asset lease and property management software	Milton	Australia	PERMISSIVE	domain:pinnacle.com.au
	A	91	Mooloolaba	Australia	Palm Property Management		property_management	24 Lentara Cres	(07) 5373 6539								overture:bb8022ec-0f7d-49c9-bcf6-be53b31a3fbf	2026-08-15T17:02:35.610607Z		Canonical queue drain | fit A | GitHub MASTER dedupe passed	https://www.palmpropertymanagement.com.au		https://www.palmpropertymanagement.com.au/about-us	https://www.instagram.com/palmpropertymanagement/	https://www.facebook.com/Palmpropertymanagement/		https://www.palmpropertymanagement.com.au/properties-rentals				Medium	Recall-first	https://explore.overturemaps.org/#id=bb8022ec-0f7d-49c9-bcf6-be53b31a3fbf; https://www.palmpropertymanagement.com.au/; https://www.palmpropertymanagement.com.au	Public Overture website; no usable Overture email. First-party public contact crawl required; no inference.				overture:bb8022ec-0f7d-49c9-bcf6-be53b31a3fbf	palmpropertymanagement.com.au	0753736539	palm property management	Mooloolaba	Australia	MEDIUM	domain:palmpropertymanagement.com.au
	A	91	Brisbane	Australia	Link Living - Property Management		property_management	57 Berwick St	0432 565 556								overture:9c98d7fd-21f2-4359-a9da-1b9eed4329d0	2026-08-15T17:02:35.610607Z		Canonical queue drain | fit A | GitHub MASTER dedupe passed	http://www.linkliving.com.au		https://linkliving.com.au/contact	https://www.instagram.com/link.living/	https://www.facebook.com/LinkLivingAu/		https://linkliving.com.au/playbook				Permissive	Qualification	https://explore.overturemaps.org/#id=9c98d7fd-21f2-4359-a9da-1b9eed4329d0; https://linkliving.com.au/	Public Overture website; no usable Overture email. First-party public contact crawl required; no inference.				overture:9c98d7fd-21f2-4359-a9da-1b9eed4329d0	linkliving.com.au	0432565556	link living property management	Brisbane	Australia	PERMISSIVE	domain:linkliving.com.au
	A	91	Adelaide	Australia	Hume Serviced Apartments		service_apartment	22 Hume St	+61882248888								overture:6ac67b1e-1004-41d5-8d16-2d05169cba95	2026-08-15T17:02:35.610607Z		Canonical queue drain | fit A | GitHub MASTER dedupe passed	https://humeservicedapartments.com.au/		https://www.humeservicedapartments.com.au/about	https://www.instagram.com/humeservicedapartments/	https://www.facebook.com/humeservicedapartments/		https://www.humeservicedapartments.com.au/booking				High	Verified	https://explore.overturemaps.org/#id=6ac67b1e-1004-41d5-8d16-2d05169cba95; https://www.humeservicedapartments.com.au/; https://www.humeservicedapartments.com.au/booking	Public Overture website; no usable Overture email. First-party public contact crawl required; no inference.				overture:6ac67b1e-1004-41d5-8d16-2d05169cba95	humeservicedapartments.com.au	61882248888	hume serviced apartments	Adelaide	Australia	HIGH	domain:humeservicedapartments.com.au
	A	91	Mooloolaba	Australia	First National Coastal Property Management		real_estate_agent	21/7 Venning Street	(07) 5477 7700								overture:a4c6e76b-8770-4799-990b-53b9a1e3a9c2	2026-08-15T17:02:35.610607Z		Canonical queue drain | fit A | GitHub MASTER dedupe passed	https://www.firstnationalcoastal.com.au		https://www.firstnationalcoastal.com.au/contact-us	https://www.instagram.com/recoastal/	https://www.facebook.com/recoastal/		https://www.firstnationalcoastal.com.au/sell-real-estate/sold-properties				Medium	Recall-first	https://explore.overturemaps.org/#id=a4c6e76b-8770-4799-990b-53b9a1e3a9c2; https://www.firstnationalcoastal.com.au/; https://www.firstnationalcoastal.com.au	Public Overture website; no usable Overture email. First-party public contact crawl required; no inference.				overture:a4c6e76b-8770-4799-990b-53b9a1e3a9c2	firstnationalcoastal.com.au	0754777700	first national coastal property management	Mooloolaba	Australia	MEDIUM	domain:firstnationalcoastal.com.au
	A	91	Ballina	Australia	Ocean Blue - East Ballina Holiday Rental		holiday_rental_home	3-7 Grandview St	+61266866999								overture:ed2d2c9e-5a97-4b31-ae36-9cd19503083e	2026-08-15T17:02:35.610607Z		Canonical queue drain | fit A | GitHub MASTER dedupe passed	https://www.eastballinaholidayrental.com.au/		https://www.eastballinaholidayrental.com.au/about/	https://www.instagram.com/oceanblueeastballina/	https://www.facebook.com/oceanblueeastballina/		https://www.eastballinaholidayrental.com.au/bookings/				High	Verified	https://explore.overturemaps.org/#id=ed2d2c9e-5a97-4b31-ae36-9cd19503083e; https://www.eastballinaholidayrental.com.au/about/	Public Overture website; no usable Overture email. First-party public contact crawl required; no inference.				overture:ed2d2c9e-5a97-4b31-ae36-9cd19503083e	eastballinaholidayrental.com.au	61266866999	ocean blue east ballina holiday rental	Ballina	Australia	HIGH	domain:eastballinaholidayrental.com.au
	A	91	Glenelg	Australia	Durham Serviced Apartments		rental_service	4-8 Durham St	0882248888								overture:c0953d1a-f9de-4a57-9ae9-45971b94e102	2026-08-15T17:02:35.610607Z		Canonical queue drain | fit A | GitHub MASTER dedupe passed	https://www.durhamservicedapartments.com.au/		https://www.durhamservicedapartments.com.au/about-us	https://www.instagram.com/durhamglenelg/	https://www.facebook.com/durhamglenelg/		https://www.durhamservicedapartments.com.au/booking				High	Verified	https://explore.overturemaps.org/#id=c0953d1a-f9de-4a57-9ae9-45971b94e102; https://www.durhamservicedapartments.com.au/; https://www.durhamservicedapartments.com.au/about-us	Public Overture website; no usable Overture email. First-party public contact crawl required; no inference.				overture:c0953d1a-f9de-4a57-9ae9-45971b94e102	durhamservicedapartments.com.au	0882248888	durham serviced apartments	Glenelg	Australia	HIGH	domain:durhamservicedapartments.com.au
	A	91	Woodgate	Australia	Cooinda Pet Friendly Holiday Home		hotel	37 Cypress St	+61741268000								overture:e6d9bf56-112c-4043-a84b-4c5d6efa79d4	2026-08-15T17:02:35.610607Z		Canonical queue drain | fit A | GitHub MASTER dedupe passed	http://www.wbre.com.au	wbre@wbre.com.au	https://www.wbre.com.au:443/pages/real-estate/about-us	https://www.instagram.com/woodgatebeachfirstnational/	https://www.facebook.com/WBFNRE/						Medium	Recall-first	https://explore.overturemaps.org/#id=e6d9bf56-112c-4043-a84b-4c5d6efa79d4; https://www.wbre.com.au:443/	Public Overture website; no usable Overture email. First-party public contact crawl required; no inference. Public business email recovered from first-party website; no inference.				overture:e6d9bf56-112c-4043-a84b-4c5d6efa79d4	wbre.com.au	61741268000	cooinda pet friendly holiday home	Woodgate	Australia	MEDIUM	domain:wbre.com.au
	A	91	Brisbane	Australia	Toohey Property Management		property_management	85 Milsom St	0456 000 281								overture:7aa0337a-7824-4442-b605-b196f7700f29	2026-08-15T17:02:35.610607Z		Canonical queue drain | fit A | GitHub MASTER dedupe passed	http://www.tooheypm.com.au	contact@tooheypm.com.au	https://www.tooheypm.com.au/about	https://www.instagram.com/toohey_pm/	https://www.facebook.com/people/Toohey-Property-Management/61563240382019/						Permissive	Qualification	https://explore.overturemaps.org/#id=7aa0337a-7824-4442-b605-b196f7700f29; https://www.tooheypm.com.au/	Public Overture website; no usable Overture email. First-party public contact crawl required; no inference. Public business email recovered from first-party website; no inference.				overture:7aa0337a-7824-4442-b605-b196f7700f29	tooheypm.com.au	0456000281	toohey property management	Brisbane	Australia	PERMISSIVE	domain:tooheypm.com.au
	A	91	Hayle	United Kingdom	Toms Self Catering Holidays		holiday_rental_home	3A Riviere Towans	01736753010								overture:8fb329f3-8e8f-42d8-aefd-b03e84b22f20	2026-08-15T15:58:41.539997Z		Canonical queue drain | fit A | GitHub MASTER dedupe passed	http://www.tomsholidays.co.uk/		https://www.tomsholidays.co.uk/contact-us/	https://www.instagram.com/tomsholidays/	https://www.facebook.com/tomsholidays/		https://www.tomsholidays.co.uk/booking-information/				High	Verified	https://explore.overturemaps.org/#id=8fb329f3-8e8f-42d8-aefd-b03e84b22f20; https://www.tomsholidays.co.uk/	Public Overture website; no usable Overture email. First-party public contact crawl required; no inference.				overture:8fb329f3-8e8f-42d8-aefd-b03e84b22f20	tomsholidays.co.uk	01736753010	toms self catering holidays	Hayle	United Kingdom	HIGH	domain:tomsholidays.co.uk
	A	91	Stranraer	United Kingdom	Spoutwells Holiday cottages		cottage	Spoutwells Farm	+441776704086								overture:08d392a0-24a2-42c7-a8d2-025fc54a511e	2026-08-15T15:58:41.539997Z		Canonical queue drain | fit A | GitHub MASTER dedupe passed	http://www.spoutwellsholidaycottages.co.uk/		https://www.spoutwellsholidaycottages.co.uk/about-us/	https://www.instagram.com/spoutwellsholidaycottages/	https://www.facebook.com/spoutwellsholidaycottages/		https://www.spoutwellsholidaycottages.co.uk/www.spoutwellsholidaycottages.co.uk/				Medium	Recall-first	https://explore.overturemaps.org/#id=08d392a0-24a2-42c7-a8d2-025fc54a511e; https://www.spoutwellsholidaycottages.co.uk/about-us/	Public Overture website; no usable Overture email. First-party public contact crawl required; no inference.				overture:08d392a0-24a2-42c7-a8d2-025fc54a511e	spoutwellsholidaycottages.co.uk	441776704086	spoutwells holiday cottages	Stranraer	United Kingdom	MEDIUM	domain:spoutwellsholidaycottages.co.uk
	A	91	Eisenach	Germany	Suites MITTE - Aparthotel Eisenach		hotel	Kleine Löbergasse 2	+4936917414370								overture:bb7ad4c6-037f-49db-b02b-7268666e43f0	2026-08-15T15:56:07.598368Z		Canonical queue drain | fit A | GitHub MASTER dedupe passed	https://www.apart-hotel-eisenach.de/		https://www.apart-hotel-eisenach.de/en/contact/	https://www.instagram.com/suites_mitte_eisenach/	https://www.facebook.com/SuitesMITTE/		https://www.apart-hotel-eisenach.de/booking/				High	Verified	https://explore.overturemaps.org/#id=bb7ad4c6-037f-49db-b02b-7268666e43f0; https://www.apart-hotel-eisenach.de/	Public Overture website; no usable Overture email. First-party public contact crawl required; no inference.				overture:bb7ad4c6-037f-49db-b02b-7268666e43f0	apart-hotel-eisenach.de	4936917414370	suites mitte aparthotel eisenach	Eisenach	Germany	HIGH	domain:apart-hotel-eisenach.de
	A	91	Heringsdorf	Germany	Parkvilla Anemone		hotel	Seestraße 57	+49493837847000								overture:a39ad46c-f2bf-4c1e-8cda-5f770925ee0d	2026-08-15T15:56:07.598368Z		Canonical queue drain | fit A | GitHub MASTER dedupe passed	http://www.vip-usedom.de	reservierung@vip-usedom.de	https://www.vip-usedom.de/contact/	https://www.instagram.com/ostseehotel_villen_im_park/	https://www.facebook.com/vip.usedom/						Permissive	Qualification	https://explore.overturemaps.org/#id=a39ad46c-f2bf-4c1e-8cda-5f770925ee0d; https://www.vip-usedom.de/	Public Overture website; no usable Overture email. First-party public contact crawl required; no inference. Public business email recovered from first-party website; no inference.				overture:a39ad46c-f2bf-4c1e-8cda-5f770925ee0d	vip-usedom.de	49493837847000	parkvilla anemone	Heringsdorf	Germany	PERMISSIVE	domain:vip-usedom.de
	A	91	Bruxelles	Belgium	RealtyCare Property Management			Avenue Louise 409	024505656								overture:1ee790ce-f412-4f8d-b3a7-d8005f98d161	2026-08-15T15:56:07.598368Z		Canonical queue drain | fit A | GitHub MASTER dedupe passed	http://www.realtycare.be/	info@realtycare.be	https://www.realtycare.be/contact/	https://www.instagram.com/realtycare/	https://www.facebook.com/Realtycare/						Permissive	Qualification	https://explore.overturemaps.org/#id=1ee790ce-f412-4f8d-b3a7-d8005f98d161; https://www.realtycare.be/	Public Overture website; no usable Overture email. First-party public contact crawl required; no inference. Public business email recovered from first-party website; no inference.				overture:1ee790ce-f412-4f8d-b3a7-d8005f98d161	realtycare.be	024505656	realtycare property management	Bruxelles	Belgium	PERMISSIVE	domain:realtycare.be
	A	91	Chathill	United Kingdom	On the Watersedge		holiday_rental_home		+447951347005								overture:802279e1-2c67-4b1d-bcc6-ccb962c91915	2026-08-15T15:38:55.023861Z		Canonical queue drain | fit A | GitHub MASTER dedupe passed	http://www.watersedge-beadnell.co.uk/		http://www.watersedge-beadnell.co.uk/booking/	https://www.instagram.com/watersedge_beadnell/	https://www.facebook.com/profile.php/		http://www.watersedge-beadnell.co.uk/booking/				High	Verified	https://explore.overturemaps.org/#id=802279e1-2c67-4b1d-bcc6-ccb962c91915; http://www.watersedge-beadnell.co.uk/	Public Overture website; no usable Overture email. First-party public contact crawl required; no inference.				overture:802279e1-2c67-4b1d-bcc6-ccb962c91915	watersedge-beadnell.co.uk	447951347005	on the watersedge	Chathill	United Kingdom	HIGH	domain:watersedge-beadnell.co.uk
	A	91	Fort Augustus	United Kingdom	Glendoe Holiday Cottages		lodging	Knockie Road	+447713158775								overture:0e273e60-046b-47bc-8b3e-1d7722708e35	2026-08-15T15:38:55.023861Z		Canonical queue drain | fit A | GitHub MASTER dedupe passed	https://threeplacestostay.com/scottish-highlands/loch-ness/glendoe-estate-kilchuimen/		https://threeplacestostay.com/booking-conditions/	https://www.instagram.com/threeplacestostay/	https://www.facebook.com/people/Threeplacestostay/61579744630418/		https://threeplacestostay.com/booking-conditions/				High	Verified	https://explore.overturemaps.org/#id=0e273e60-046b-47bc-8b3e-1d7722708e35; https://threeplacestostay.com/scottish-highlands/loch-ness/glendoe-estate-kilchuimen/	Public Overture website; no usable Overture email. First-party public contact crawl required; no inference.				overture:0e273e60-046b-47bc-8b3e-1d7722708e35	threeplacestostay.com	447713158775	glendoe holiday cottages	Fort Augustus	United Kingdom	HIGH	domain:threeplacestostay.com
	A	91	Šiauliai	Lithuania	Svaja ApartHotel		hotel	J. Basanavičiaus gatvė 11a	+37066760845								overture:d7775155-0ee0-495a-a8b7-179b8dfeac60	2026-08-15T15:38:55.023861Z		Canonical queue drain | fit A | GitHub MASTER dedupe passed	https://svajahotel.lt/		https://svajahotel.lt/wp-content/plugins/vikbooking/site/resources/jquery-ui.min.css	https://www.instagram.com/svaja_siauliai/	https://www.facebook.com/profile.php/		https://svajahotel.lt/wp-content/plugins/vikbooking/site/resources/jquery-ui.min.css				High	Verified	https://explore.overturemaps.org/#id=d7775155-0ee0-495a-a8b7-179b8dfeac60; https://svajahotel.lt/	Public Overture website; no usable Overture email. First-party public contact crawl required; no inference.				overture:d7775155-0ee0-495a-a8b7-179b8dfeac60	svajahotel.lt	37066760845	svaja aparthotel	Šiauliai	Lithuania	HIGH	domain:svajahotel.lt
	A	91	Inverness	United Kingdom	Stanford House Self catering Inverness		hotel	2 Friars Place	+447774087512								overture:33c691d6-9c5d-4fd5-b0dd-b07c90ec9d79	2026-08-15T15:38:55.023861Z		Canonical queue drain | fit A | GitHub MASTER dedupe passed	http://www.stanford-house.co.uk/		http://www.stanford-house.co.uk/contact.asp	https://www.instagram.com/stanfordhouse2/	https://www.facebook.com/Selfcatering.stanfordhouse/		http://www.stanford-house.co.uk/rooms.asp				Permissive	Qualification	https://explore.overturemaps.org/#id=33c691d6-9c5d-4fd5-b0dd-b07c90ec9d79; http://www.stanford-house.co.uk/	Public Overture website; no usable Overture email. First-party public contact crawl required; no inference.				overture:33c691d6-9c5d-4fd5-b0dd-b07c90ec9d79	stanford-house.co.uk	447774087512	stanford house self catering inverness	Inverness	United Kingdom	PERMISSIVE	domain:stanford-house.co.uk
	A	91	Inverness	United Kingdom	Seacot Cottage - self catering Scotland		cottage	9 High Street	+447780934059								overture:5fe1d4cb-6b0a-45da-b3b7-3cd211da47be	2026-08-15T15:38:55.023861Z		Canonical queue drain | fit A | GitHub MASTER dedupe passed	https://seacotcottage.com/		https://www.seacotcottage.com/contact-us/	https://www.instagram.com/seacot_cottage/	https://www.facebook.com/pg/Blackpark-filling-station-451255255085064/about/		https://www.seacotcottage.com/wp-content/themes/aquentro/css/motopress-hotel-booking.css?ver=1.3.0				High	Verified	https://explore.overturemaps.org/#id=5fe1d4cb-6b0a-45da-b3b7-3cd211da47be; https://www.seacotcottage.com/	Public Overture website; no usable Overture email. First-party public contact crawl required; no inference.				overture:5fe1d4cb-6b0a-45da-b3b7-3cd211da47be	seacotcottage.com	447780934059	seacot cottage self catering scotland	Inverness	United Kingdom	HIGH	domain:seacotcottage.com
	A	91	Isle Of Islay	United Kingdom	Am Fearann, Persabus, Islay Bed & Breakfast And self catering accommodation		bed_and_breakfast	Persabus, Port Askaig	01496840243								overture:593f553e-ef55-49e6-ae87-5ff3c50014d7	2026-08-15T15:38:55.023861Z		Canonical queue drain | fit A | GitHub MASTER dedupe passed	http://www.persabus.co.uk/		https://persabus.co.uk/about-us/	https://www.instagram.com/persabus_islay/	https://www.facebook.com/persabus/		https://persabus.co.uk/online-booking-form/				High	Verified	https://explore.overturemaps.org/#id=593f553e-ef55-49e6-ae87-5ff3c50014d7; https://persabus.co.uk/	Public Overture website; no usable Overture email. First-party public contact crawl required; no inference.				overture:593f553e-ef55-49e6-ae87-5ff3c50014d7	persabus.co.uk	01496840243	am fearann persabus islay bed breakfast and self catering accommodation	Isle Of Islay	United Kingdom	HIGH	domain:persabus.co.uk
	A	91	Tain	United Kingdom	North Coast Holiday Homes			Victoria Buildings, High Street	01408515025								overture:51a4d151-886e-4fbc-a663-24f3be3faaeb	2026-08-15T15:38:55.023861Z		Canonical queue drain | fit A | GitHub MASTER dedupe passed	https://www.northcoastholidayhomes.co.uk/		https://www.northcoastholidayhomes.co.uk/about-us	https://www.instagram.com/north_coast_holiday_homes/	https://www.facebook.com/northcoastholidayhomess/		https://www.northcoastholidayhomes.co.uk/properties				High	Verified	https://explore.overturemaps.org/#id=51a4d151-886e-4fbc-a663-24f3be3faaeb; https://www.northcoastholidayhomes.co.uk/; https://www.northcoastholidayhomes.co.uk/about-us	Public Overture website; no usable Overture email. First-party public contact crawl required; no inference.				overture:51a4d151-886e-4fbc-a663-24f3be3faaeb	northcoastholidayhomes.co.uk	01408515025	north coast holiday homes	Tain	United Kingdom	HIGH	domain:northcoastholidayhomes.co.uk
	A	91	Melrose	United Kingdom	Holiday Cottages Melrose		holiday_rental_home	Gattonside	+441896820555								overture:8c3f2857-cf40-4566-a26c-f155922b8215	2026-08-15T15:38:55.023861Z		Canonical queue drain | fit A | GitHub MASTER dedupe passed	http://www.holidaycottagesmelrose.co.uk/		https://www.holidaycottagesmelrose.co.uk/Home/About	https://www.instagram.com/holidaycottagesmelrose/	https://www.facebook.com/HolidayCottagesMelrose/		https://www.holidaycottagesmelrose.co.uk/book				Medium	Recall-first	https://explore.overturemaps.org/#id=8c3f2857-cf40-4566-a26c-f155922b8215; https://www.holidaycottagesmelrose.co.uk/	Public Overture website; no usable Overture email. First-party public contact crawl required; no inference.				overture:8c3f2857-cf40-4566-a26c-f155922b8215	holidaycottagesmelrose.co.uk	441896820555	holiday cottages melrose	Melrose	United Kingdom	MEDIUM	domain:holidaycottagesmelrose.co.uk
	A	91	Glasgow	United Kingdom	Gravity Property Management		property_management	23 Eagle Street	+441413706222								overture:6ca486c3-b0ec-4857-afd0-ce9d5a257262	2026-08-15T15:38:55.023861Z		Canonical queue drain | fit A | GitHub MASTER dedupe passed	https://gravitypropertymanagement.co.uk/		https://gravitypropertymanagement.co.uk/contact-us/	https://www.instagram.com/gravitypropertymanagement/	https://www.facebook.com/profile.php/		https://gravitypropertymanagement.co.uk/properties/lettings/				Permissive	Qualification	https://explore.overturemaps.org/#id=6ca486c3-b0ec-4857-afd0-ce9d5a257262; https://gravitypropertymanagement.co.uk/	Public Overture website; no usable Overture email. First-party public contact crawl required; no inference.				overture:6ca486c3-b0ec-4857-afd0-ce9d5a257262	gravitypropertymanagement.co.uk	441413706222	gravity property management	Glasgow	United Kingdom	PERMISSIVE	domain:gravitypropertymanagement.co.uk
	A	91	Edinburgh	United Kingdom	New Arthur Place Self catering Flats		hotel	New Arthur Pl	+441316512007								overture:2e523746-c2ed-41a5-9e2f-ba12ef1db332	2026-08-15T15:38:55.023861Z		Canonical queue drain | fit A | GitHub MASTER dedupe passed	http://www.edinburgh-flats.com		https://www.edinburgh-flats.com/contact	https://www.instagram.com/edinburghflats/	https://www.facebook.com/edinburgh.flats/		https://www.edinburgh-flats.com/manage-my-booking				High	Verified	https://explore.overturemaps.org/#id=2e523746-c2ed-41a5-9e2f-ba12ef1db332; https://www.edinburgh-flats.com/	Public Overture website; no usable Overture email. First-party public contact crawl required; no inference.				overture:2e523746-c2ed-41a5-9e2f-ba12ef1db332	edinburgh-flats.com	441316512007	new arthur place self catering flats	Edinburgh	United Kingdom	HIGH	domain:edinburgh-flats.com
	A	91	Glasgow	United Kingdom	Buchanan Residential Property Management & Letting Agents in Glasgow		property_management	48 West George Street	+441412582788								overture:4f68d496-c18b-4c46-adaa-b081513bbbbf	2026-08-15T15:38:55.023861Z		Canonical queue drain | fit A | GitHub MASTER dedupe passed	http://www.cityscapeproperty.co.uk/		https://www.cityscapeproperty.co.uk/contact/	https://www.instagram.com/ian_skinner_property/	https://www.facebook.com/CityscapeProperties/		https://www.cityscapeproperty.co.uk/properties/letting/glasgow/glasgow/trongate-glasgow-g1/				Medium	Recall-first	https://explore.overturemaps.org/#id=4f68d496-c18b-4c46-adaa-b081513bbbbf; https://www.cityscapeproperty.co.uk/	Public Overture website; no usable Overture email. First-party public contact crawl required; no inference.				overture:4f68d496-c18b-4c46-adaa-b081513bbbbf	cityscapeproperty.co.uk	441412582788	buchanan residential property management letting agents in glasgow	Glasgow	United Kingdom	MEDIUM	domain:cityscapeproperty.co.uk
	A	91	Glasgow	United Kingdom	Capital Letters Property Management		property_management	272 Bath Street	01413700620								overture:a88c1115-a085-470d-b77d-78c7acf3a2ce	2026-08-15T15:38:55.023861Z		Canonical queue drain | fit A | GitHub MASTER dedupe passed	https://www.capitalletters.co.uk/		https://www.capitalletters.co.uk/contact-us/	https://www.instagram.com/capital.letters.scotland/	https://www.facebook.com/capitalletterspropertymanagement/		https://www.capitalletters.co.uk/properties				Permissive	Qualification	https://explore.overturemaps.org/#id=a88c1115-a085-470d-b77d-78c7acf3a2ce; https://www.capitalletters.co.uk/	Public Overture website; no usable Overture email. First-party public contact crawl required; no inference.				overture:a88c1115-a085-470d-b77d-78c7acf3a2ce	capitalletters.co.uk	01413700620	capital letters property management	Glasgow	United Kingdom	PERMISSIVE	domain:capitalletters.co.uk
	A	91	Largs	United Kingdom	Ayrshire Country Holiday - Noddsdale Self Catering		holiday_rental_home	Noddsdale Estate	+447791572194								overture:ff32bc96-dca3-4d02-be37-2af8329ee54f	2026-08-15T15:38:55.023861Z		Canonical queue drain | fit A | GitHub MASTER dedupe passed	http://www.ayrshirecountryholiday.co.uk/		https://www.ayrshirecountryholiday.co.uk/contact-us/	https://www.instagram.com/ayrshirecountryholiday/	https://www.facebook.com/noddsdale.co.uk/		https://www.ayrshirecountryholiday.co.uk/our-properties/bell-loft/				Medium	Recall-first	https://explore.overturemaps.org/#id=ff32bc96-dca3-4d02-be37-2af8329ee54f; https://www.ayrshirecountryholiday.co.uk/	Public Overture website; no usable Overture email. First-party public contact crawl required; no inference.				overture:ff32bc96-dca3-4d02-be37-2af8329ee54f	ayrshirecountryholiday.co.uk	447791572194	ayrshire country holiday noddsdale self catering	Largs	United Kingdom	MEDIUM	domain:ayrshirecountryholiday.co.uk
	A	91	Aviemore	United Kingdom	Avielochan Farm Holiday Cottages		cabin	Avielochan Farm	01479 810846								overture:cc4d5a0c-04cf-4848-a252-1eaaa8ef9014	2026-08-15T15:38:55.023861Z		Canonical queue drain | fit A | GitHub MASTER dedupe passed	http://www.avielochancottages.co.uk		https://avielochancottages.co.uk/about-us/	https://www.instagram.com/avielochancottages/	https://www.facebook.com/avielochancottages/		https://avielochancottages.co.uk/booking-tcs/				High	Verified	https://explore.overturemaps.org/#id=cc4d5a0c-04cf-4848-a252-1eaaa8ef9014; https://avielochancottages.co.uk/	Public Overture website; no usable Overture email. First-party public contact crawl required; no inference.				overture:cc4d5a0c-04cf-4848-a252-1eaaa8ef9014	avielochancottages.co.uk	01479810846	avielochan farm holiday cottages	Aviemore	United Kingdom	HIGH	domain:avielochancottages.co.uk
	A	91	Fort William	United Kingdom	Ard Daraich, Self Catering with Hill Garden.		hotel	Ard Daraich, Ardgour	+441855841384								overture:3fa5102c-c50d-4f66-9b78-2e6e9bd2425f	2026-08-15T15:38:55.023861Z		Canonical queue drain | fit A | GitHub MASTER dedupe passed	https://www.ardgour-selfcatering.co.uk/		https://ardgour-selfcatering.co.uk/about-us/	https://www.instagram.com/arddaraich/	https://www.facebook.com/ArdDaraich/		http://ardgour-selfcatering.co.uk/accommodation/the-garden-studio/				High	Verified	https://explore.overturemaps.org/#id=3fa5102c-c50d-4f66-9b78-2e6e9bd2425f; https://ardgour-selfcatering.co.uk/	Public Overture website; no usable Overture email. First-party public contact crawl required; no inference.				overture:3fa5102c-c50d-4f66-9b78-2e6e9bd2425f	ardgour-selfcatering.co.uk	441855841384	ard daraich self catering with hill garden	Fort William	United Kingdom	HIGH	domain:ardgour-selfcatering.co.uk
	A	91	World-Atlas::western-europe::23-35::lane=site-recovery	United Kingdom	Widefirth Self Catering Cottages		hotel	Riff, Rendall	+441856761028								overture:23220fcb-89d3-4bea-9903-c383c5f792f9	2026-08-15T15:38:55.023861Z		Canonical queue drain | fit A | GitHub MASTER dedupe passed	http://www.orkney-selfcatering.com	info@orkney-selfcatering.com	https://www.orkney-selfcatering.com/contact-us/	https://www.instagram.com/orkney_holidays/	https://www.facebook.com/people/Orkney-Self-Catering-Holidays/100063698647145/						High	Verified	https://explore.overturemaps.org/#id=23220fcb-89d3-4bea-9903-c383c5f792f9; https://www.orkney-selfcatering.com/	Public Overture website; no usable Overture email. First-party public contact crawl required; no inference. Public business email recovered from first-party website; no inference.				overture:23220fcb-89d3-4bea-9903-c383c5f792f9	orkney-selfcatering.com	441856761028	widefirth self catering cottages	World-Atlas::western-europe::23-35::lane=site-recovery	United Kingdom	HIGH	domain:orkney-selfcatering.com
	A	91	Kraków	Poland	Venetian House Market Square Aparthotel		hotel	rynek Główny 11	+48512132238								overture:31d8a0a6-d412-439d-a244-a36dda53a6bb	2026-08-15T15:36:03.266313Z		Canonical queue drain | fit A | GitHub MASTER dedupe passed	http://www.venetian-house.pl/		https://venetian-house.pl/wp-content/plugins/contact-form-7/includes/css/styles.css?ver=5.3	https://www.instagram.com/venetianhouse/	https://www.facebook.com/venetian.house/		https://venetian-house.pl/wp-content/plugins/wp-hotel-booking/assets/css/libraries.css?ver=5.5.20				High	Verified	https://explore.overturemaps.org/#id=31d8a0a6-d412-439d-a244-a36dda53a6bb; https://venetian-house.pl/	Public Overture website; no usable Overture email. First-party public contact crawl required; no inference.				overture:31d8a0a6-d412-439d-a244-a36dda53a6bb	venetian-house.pl	48512132238	venetian house market square aparthotel	Kraków	Poland	HIGH	domain:venetian-house.pl
	A	91	Reykjavíkurborg	Iceland	Reykjavik Residence Apartment Hotel		hotel	Vatnsstígur 4	+3545611200								overture:1ee9cc32-9be7-48f2-a221-89af11f4ff76	2026-08-15T15:36:03.266313Z		Canonical queue drain | fit A | GitHub MASTER dedupe passed	http://www.reykjavikresidence.is/		https://reykjavikresidence.is/contact/	https://www.instagram.com/reykjavikresidence/	https://www.facebook.com/ReykjavikResidence/		https://reykjavikresidence.is/properties/				High	Verified	https://explore.overturemaps.org/#id=1ee9cc32-9be7-48f2-a221-89af11f4ff76; https://reykjavikresidence.is/	Public Overture website; no usable Overture email. First-party public contact crawl required; no inference.				overture:1ee9cc32-9be7-48f2-a221-89af11f4ff76	reykjavikresidence.is	3545611200	reykjavik residence apartment hotel	Reykjavíkurborg	Iceland	HIGH	domain:reykjavikresidence.is
	A	91	Żary	Poland	ApartHotel SORAU		hotel	ulica Żabikowska 1	+48518750000								overture:3da46aec-b245-47d2-aa91-3e9081370b07	2026-08-15T15:36:03.266313Z		Canonical queue drain | fit A | GitHub MASTER dedupe passed	http://www.aparthotel-sorau.pl	aparthotel.sorau@gmail.com	https://aparthotel-sorau.pl/en/contact/	https://www.instagram.com/apart.hotel.sorau/	https://www.facebook.com/apartamentysorau/						High	Verified	https://explore.overturemaps.org/#id=3da46aec-b245-47d2-aa91-3e9081370b07; https://aparthotel-sorau.pl/en/contact/	Public Overture website; no usable Overture email. First-party public contact crawl required; no inference. Public business email recovered from first-party website; no inference.				overture:3da46aec-b245-47d2-aa91-3e9081370b07	aparthotel-sorau.pl	48518750000	aparthotel sorau	Żary	Poland	HIGH	domain:aparthotel-sorau.pl
	A	91	Kraków	Poland	Lwowska 1 Aparthotel		hotel	Lwowska 1	12 612 64 00								overture:a5726d13-8b19-45bd-99f5-02034eabfd06	2026-08-15T15:36:03.266313Z		Canonical queue drain | fit A | GitHub MASTER dedupe passed	https://www.lwowska1.pl	info@lwowska1.pl	https://www.lwowska1.pl/	https://www.instagram.com/lwowska_1/	https://www.facebook.com/AparthotelLwowska/						High	Verified	https://explore.overturemaps.org/#id=a5726d13-8b19-45bd-99f5-02034eabfd06; https://www.lwowska1.pl/; https://www.lwowska1.pl	Public Overture website; no usable Overture email. First-party public contact crawl required; no inference. Public business email recovered from first-party website; no inference.				overture:a5726d13-8b19-45bd-99f5-02034eabfd06	lwowska1.pl	126126400	lwowska 1 aparthotel	Kraków	Poland	HIGH	domain:lwowska1.pl
	A	91	Kraków	Poland	Art Boutique Aparthotel		hotel	ulica Krupnicza 8	+48600067800								overture:c716075e-799f-4bea-b172-de62fc8dd5e8	2026-08-15T15:36:03.266313Z		Canonical queue drain | fit A | GitHub MASTER dedupe passed	http://www.art-boutique.pl/	reception@art-boutique.pl	https://www.art-boutique.pl/	https://www.instagram.com/artboutiquecracow/	https://www.facebook.com/artboutiquecracow/						High	Verified	https://explore.overturemaps.org/#id=c716075e-799f-4bea-b172-de62fc8dd5e8; https://www.art-boutique.pl/	Public Overture website; no usable Overture email. First-party public contact crawl required; no inference. Public business email recovered from first-party website; no inference.				overture:c716075e-799f-4bea-b172-de62fc8dd5e8	art-boutique.pl	48600067800	art boutique aparthotel	Kraków	Poland	HIGH	domain:art-boutique.pl
	A	91	Hull	United Kingdom	Willerby Holiday Homes Ltd.			Imperial House, 1251 Hedon Road	01482707808								overture:0a8bb694-efd6-45ea-90bd-445a8b3df7fc	2026-08-15T15:11:34.048480Z		Canonical queue drain | fit A | GitHub MASTER dedupe passed	http://www.willerby.com/		https://www.willerby.com/corporate/about-us	https://www.instagram.com/willerbyltd/	https://www.facebook.com/willerbyltd/		https://www.willerby.com/park-homes				Medium	Recall-first	https://explore.overturemaps.org/#id=0a8bb694-efd6-45ea-90bd-445a8b3df7fc; https://www.willerby.com/	Public Overture website; no usable Overture email. First-party public contact crawl required; no inference.				overture:0a8bb694-efd6-45ea-90bd-445a8b3df7fc	willerby.com	01482707808	willerby holiday homes ltd	Hull	United Kingdom	MEDIUM	domain:willerby.com
	A	91	Whitby	United Kingdom	Whitby Holiday Rentals - Garden Oasis			12A Bagdale	01204386269								overture:4fc13f52-dded-4c5e-a528-44727f52780e	2026-08-15T15:11:34.048480Z		Canonical queue drain | fit A | GitHub MASTER dedupe passed	http://www.whitbyholidayrentals.co.uk/		https://www.whitbyholidayrentals.co.uk/about-us/	https://www.instagram.com/whitbyholidayrentals/	https://www.facebook.com/Whitbyholidayrentals/		https://www.whitbyholidayrentals.co.uk/wp-content/themes/villagio/css/motopress-hotel-booking.css?ver=2.2.0				High	Verified	https://explore.overturemaps.org/#id=4fc13f52-dded-4c5e-a528-44727f52780e; https://www.whitbyholidayrentals.co.uk/	Public Overture website; no usable Overture email. First-party public contact crawl required; no inference.				overture:4fc13f52-dded-4c5e-a528-44727f52780e	whitbyholidayrentals.co.uk	01204386269	whitby holiday rentals garden oasis	Whitby	United Kingdom	HIGH	domain:whitbyholidayrentals.co.uk
	A	91	Douglas	IM	Ballavartyn Holiday Homes		holiday_rental_home	Santon	+447624205990								overture:00a04349-9be2-4709-8c4b-4019ae42752d	2026-08-15T15:11:34.048480Z		Canonical queue drain | fit A | GitHub MASTER dedupe passed	https://www.visitisleofman.com/where-to-stay/ballavartyn-holiday-homes-p1288921		https://www.visitisleofman.com/information/contact-us	https://www.instagram.com/visitisleofman/	https://www.facebook.com/ballavartynholidayhomes/		https://www.visitisleofman.com/accommodation/serviced-apartments				High	Verified	https://explore.overturemaps.org/#id=00a04349-9be2-4709-8c4b-4019ae42752d; https://www.visitisleofman.com/accommodation/ballavartyn-holiday-homes-p1288921	Public Overture website; no usable Overture email. First-party public contact crawl required; no inference.				overture:00a04349-9be2-4709-8c4b-4019ae42752d	visitisleofman.com	447624205990	ballavartyn holiday homes	Douglas	IM	HIGH	domain:visitisleofman.com
	A	91	Bude	United Kingdom	Trevigue - luxury self catering holidays		bed_and_breakfast	Trevigue farm	+447534937817								overture:93806f7d-0448-463a-a398-f4e490713af4	2026-08-15T15:11:34.048480Z		Canonical queue drain | fit A | GitHub MASTER dedupe passed	http://www.trevigue.com/		https://www.trevigue.com/about/	https://www.instagram.com/trevigue_cornwall/	https://www.facebook.com/Trevigue/		https://www.trevigue.com/booking-conditions/				High	Verified	https://explore.overturemaps.org/#id=93806f7d-0448-463a-a398-f4e490713af4; https://www.trevigue.com/	Public Overture website; no usable Overture email. First-party public contact crawl required; no inference.				overture:93806f7d-0448-463a-a398-f4e490713af4	trevigue.com	447534937817	trevigue luxury self catering holidays	Bude	United Kingdom	HIGH	domain:trevigue.com
	A	91	Market Rasen	United Kingdom	The Grange- Bed and Breakfast and Self Catering		bed_and_breakfast	Torrington Lane	+441673858670								overture:e0e79bec-f3f3-4d28-9104-741f4e0e8046	2026-08-15T15:11:34.048480Z		Canonical queue drain | fit A | GitHub MASTER dedupe passed	http://www.thegrange-lincolnshire.co.uk/		https://www.thegrange-lincolnshire.co.uk/contact/	https://www.instagram.com/thegrangeeastbarkwith/	https://www.facebook.com/thegrangelincolnshire/		https://www.thegrange-lincolnshire.co.uk/wp-content/plugins/wp-simple-booking-calendar-premium/assets/css/style-front-end.min.css?ver=8.3.10				Medium	Recall-first	https://explore.overturemaps.org/#id=e0e79bec-f3f3-4d28-9104-741f4e0e8046; https://www.thegrange-lincolnshire.co.uk/	Public Overture website; no usable Overture email. First-party public contact crawl required; no inference.				overture:e0e79bec-f3f3-4d28-9104-741f4e0e8046	thegrange-lincolnshire.co.uk	441673858670	the grange bed and breakfast and self catering	Market Rasen	United Kingdom	MEDIUM	domain:thegrange-lincolnshire.co.uk
	A	91	Sidmouth	United Kingdom	Stoneleigh Holiday Park		holiday_rental_home	35, Stoneleigh Holiday & Leisure Village, Slade Ln	+441392581503								overture:8528816c-3827-403d-8255-2d85947f0203	2026-08-15T15:11:34.048480Z		Canonical queue drain | fit A | GitHub MASTER dedupe passed	http://www.Stoneleigh-Holiday-Park.com/		https://www.stoneleigh-holiday-park.com/about	https://www.instagram.com/stoneleighvillagedevon/	https://www.facebook.com/Stoneleigh-Holiday-Village-222877941795786/		https://www.stoneleigh-holiday-park.com/rooms				High	Verified	https://explore.overturemaps.org/#id=8528816c-3827-403d-8255-2d85947f0203; https://www.stoneleigh-holiday-park.com/	Public Overture website; no usable Overture email. First-party public contact crawl required; no inference.				overture:8528816c-3827-403d-8255-2d85947f0203	stoneleigh-holiday-park.com	441392581503	stoneleigh holiday park	Sidmouth	United Kingdom	HIGH	domain:stoneleigh-holiday-park.com
	A	91	Combe Raleigh	United Kingdom	Stonehayes Farm Holiday Cottages		hotel	Stonehayes Farm	01404 46000								overture:dff87507-cedf-4abc-8ec2-b72a8dae3f66	2026-08-15T15:11:34.048480Z		Canonical queue drain | fit A | GitHub MASTER dedupe passed	http://www.stonehayesfarm.co.uk		https://www.stonehayesfarm.co.uk/bookings	https://www.instagram.com/stonehayesfarm/	https://www.facebook.com/stonehayesfarmdevon/		https://www.stonehayesfarm.co.uk/bookings				High	Verified	https://explore.overturemaps.org/#id=dff87507-cedf-4abc-8ec2-b72a8dae3f66; https://www.stonehayesfarm.co.uk/; https://www.stonehayesfarm.co.uk/bookings	Public Overture website; no usable Overture email. First-party public contact crawl required; no inference.				overture:dff87507-cedf-4abc-8ec2-b72a8dae3f66	stonehayesfarm.co.uk	0140446000	stonehayes farm holiday cottages	Combe Raleigh	United Kingdom	HIGH	domain:stonehayesfarm.co.uk
	A	91	Saundersfoot	United Kingdom	St. Brides Self Catering Village Apartments		self_catering_accommodation	Stammers Road	01834812304								overture:e611a7f8-12be-45f8-bd20-9b61468ef722	2026-08-15T15:11:34.048480Z		Canonical queue drain | fit A | GitHub MASTER dedupe passed	https://www.stbridesspahotel.com/home/stay/village-apartments/		https://www.stbridesspahotel.com/home/contact/	https://www.instagram.com/stbridesspahotel/	https://www.facebook.com/stbrideshotel/		https://www.stbridesspahotel.com/offers/sunday-stays-at-village-apartments/				High	Verified	https://explore.overturemaps.org/#id=e611a7f8-12be-45f8-bd20-9b61468ef722; https://www.stbridesspahotel.com/home/stay/village-apartments/	Public Overture website; no usable Overture email. First-party public contact crawl required; no inference.				overture:e611a7f8-12be-45f8-bd20-9b61468ef722	stbridesspahotel.com	01834812304	st brides self catering village apartments	Saundersfoot	United Kingdom	HIGH	domain:stbridesspahotel.com
	A	91	Braunton	United Kingdom	Spreacombe Gardens holiday cottages		self_catering_accommodation	Spreacombe	01271870536								overture:e2f9f49b-bc1d-42df-b6d5-ae28e74c0f9b	2026-08-15T15:11:34.048480Z		Canonical queue drain | fit A | GitHub MASTER dedupe passed	https://www.spreacombe.com/?utm_source=Google%20My%20Business%20Listing&utm_medium=Organic		https://www.spreacombe.com/about-us	https://www.instagram.com/spreacombegardens/	https://www.facebook.com/SpreacombeGardens/		https://www.spreacombe.com/bookings-availability				Medium	Recall-first	https://explore.overturemaps.org/#id=e2f9f49b-bc1d-42df-b6d5-ae28e74c0f9b; https://www.spreacombe.com/?utm_source=Google%20My%20Business%20Listing&utm_medium=Organic	Public Overture website; no usable Overture email. First-party public contact crawl required; no inference.				overture:e2f9f49b-bc1d-42df-b6d5-ae28e74c0f9b	spreacombe.com	01271870536	spreacombe gardens holiday cottages	Braunton	United Kingdom	MEDIUM	domain:spreacombe.com
	A	91	Kingsbridge	United Kingdom	Rill House - multiple dog welcoming holiday home, South Devon		holiday_rental_home	Rill House, Brook Street	+447767313060								overture:78730015-9af5-4572-898a-f162f5392d1d	2026-08-15T15:11:34.048480Z		Canonical queue drain | fit A | GitHub MASTER dedupe passed	http://www.slaptonholidaycottage.co.uk/		https://www.slaptonholidaycottage.co.uk/contact-us-direct-booking	https://www.instagram.com/rill_house_all_dogs_welcome/	https://www.facebook.com/RillHouse/		https://www.slaptonholidaycottage.co.uk/how-to-book				High	Verified	https://explore.overturemaps.org/#id=78730015-9af5-4572-898a-f162f5392d1d; https://www.slaptonholidaycottage.co.uk/	Public Overture website; no usable Overture email. First-party public contact crawl required; no inference.				overture:78730015-9af5-4572-898a-f162f5392d1d	slaptonholidaycottage.co.uk	447767313060	rill house multiple dog welcoming holiday home south devon	Kingsbridge	United Kingdom	HIGH	domain:slaptonholidaycottage.co.uk
	A	91	Whitby	United Kingdom	Shoreline Cottages Ltd. - Whitby Holiday Cottages		self_catering_accommodation	St. Hilda's Business Centre, The Ropery	01947668888								overture:0b8618c5-f78b-41fc-bc09-3c230f4cb7a2	2026-08-15T15:11:34.048480Z		Canonical queue drain | fit A | GitHub MASTER dedupe passed	https://www.shoreline-cottages.com/		https://shoreline-cottages.com/about-shoreline/contact/	https://www.instagram.com/shorelinecottageswhitby/	https://www.facebook.com/shorelineholidaycottages/		https://shoreline-cottages.com/seasonal-offers/short-summer-stays-available/				High	Verified	https://explore.overturemaps.org/#id=0b8618c5-f78b-41fc-bc09-3c230f4cb7a2; https://shoreline-cottages.com/	Public Overture website; no usable Overture email. First-party public contact crawl required; no inference.				overture:0b8618c5-f78b-41fc-bc09-3c230f4cb7a2	shoreline-cottages.com	01947668888	shoreline cottages ltd whitby holiday cottages	Whitby	United Kingdom	HIGH	domain:shoreline-cottages.com
	A	91	Whitby	United Kingdom	Sand and the City - Holiday Lets in York and the North Yorkshire Coast		cottage	Fisherhead, Robin Hood's Bay	+447900497549								overture:a51d6794-d7d6-4152-b2bb-8cbaac249a7c	2026-08-15T15:11:34.048480Z		Canonical queue drain | fit A | GitHub MASTER dedupe passed	http://www.sandandthecity.co.uk/		https://sandandthecity.co.uk/about-us/	https://www.instagram.com/sandandthecityholidaylets/	https://www.facebook.com/sandandthecity/		https://sandandthecity.co.uk/our-properties/				High	Verified	https://explore.overturemaps.org/#id=a51d6794-d7d6-4152-b2bb-8cbaac249a7c; https://sandandthecity.co.uk/	Public Overture website; no usable Overture email. First-party public contact crawl required; no inference.				overture:a51d6794-d7d6-4152-b2bb-8cbaac249a7c	sandandthecity.co.uk	447900497549	sand and the city holiday lets in york and the north yorkshire coast	Whitby	United Kingdom	HIGH	domain:sandandthecity.co.uk
	A	91	York	United Kingdom	PPM - Pycroft Property Management			5 Fellbrook Avenue	01904862188								overture:504c0c49-bf06-42cc-a880-b2a3e1ba7396	2026-08-15T15:11:34.048480Z		Canonical queue drain | fit A | GitHub MASTER dedupe passed	https://www.ppmanagement.co.uk/		https://www.ppmanagement.co.uk/about	https://www.instagram.com/pycroftpropertymanagement_/	https://www.facebook.com/p/PPM-Pycroft-Property-Management-100087493936108/		https://www.ppmanagement.co.uk/properties				Permissive	Qualification	https://explore.overturemaps.org/#id=504c0c49-bf06-42cc-a880-b2a3e1ba7396; https://www.ppmanagement.co.uk/	Public Overture website; no usable Overture email. First-party public contact crawl required; no inference.				overture:504c0c49-bf06-42cc-a880-b2a3e1ba7396	ppmanagement.co.uk	01904862188	ppm pycroft property management	York	United Kingdom	PERMISSIVE	domain:ppmanagement.co.uk
	A	91	Swansea	United Kingdom	Number One Sales & Property Management		real_estate_agent	436 Gower Road	+441792430100								overture:e674fcd0-d9a9-4792-856a-d2fc788107f4	2026-08-15T15:11:34.048480Z		Canonical queue drain | fit A | GitHub MASTER dedupe passed	https://www.nospm.co.uk/		https://www.nospm.co.uk/contact-us/	https://www.instagram.com/nospmswansea/	https://www.facebook.com/mccartanlettings/		https://www.nospm.co.uk/properties				Permissive	Qualification	https://explore.overturemaps.org/#id=e674fcd0-d9a9-4792-856a-d2fc788107f4; https://www.nospm.co.uk/	Public Overture website; no usable Overture email. First-party public contact crawl required; no inference.				overture:e674fcd0-d9a9-4792-856a-d2fc788107f4	nospm.co.uk	441792430100	number one sales property management	Swansea	United Kingdom	PERMISSIVE	domain:nospm.co.uk
	A	91	Leeds	United Kingdom	North Property Group Leeds - Lettings & Property Management Office			One Brewery Wharf	01134264444								overture:678ce5f6-7cad-4a80-8047-9c8345e64d28	2026-08-15T15:11:34.048480Z		Canonical queue drain | fit A | GitHub MASTER dedupe passed	https://www.northpropertygroup.co.uk/		https://www.northpropertygroup.co.uk/contact-us/	https://www.instagram.com/northpropertygroupltd/	https://www.facebook.com/northpropertygroupltd/		https://www.northpropertygroup.co.uk/barton-apartments/				Medium	Recall-first	https://explore.overturemaps.org/#id=678ce5f6-7cad-4a80-8047-9c8345e64d28; https://www.northpropertygroup.co.uk/	Public Overture website; no usable Overture email. First-party public contact crawl required; no inference.				overture:678ce5f6-7cad-4a80-8047-9c8345e64d28	northpropertygroup.co.uk	01134264444	north property group leeds lettings property management office	Leeds	United Kingdom	MEDIUM	domain:northpropertygroup.co.uk
	A	91	Mevagissey	United Kingdom	Mevagissey Holiday Cottages		self_catering_accommodation	Mevagissey House, Vicarage Hill	01726842525								overture:f06f1008-1fc7-49ca-a696-af583a7ebf79	2026-08-15T15:11:34.048480Z		Canonical queue drain | fit A | GitHub MASTER dedupe passed	https://www.mevagisseyholidaycottages.co.uk/		https://mevagisseyholidaycottages.co.uk/about/	https://www.instagram.com/aspects_holidays/	https://www.facebook.com/aspectsholidays/		https://mevagisseyholidaycottages.co.uk/feed/				High	Verified	https://explore.overturemaps.org/#id=f06f1008-1fc7-49ca-a696-af583a7ebf79; https://mevagisseyholidaycottages.co.uk/	Public Overture website; no usable Overture email. First-party public contact crawl required; no inference.				overture:f06f1008-1fc7-49ca-a696-af583a7ebf79	mevagisseyholidaycottages.co.uk	01726842525	mevagissey holiday cottages	Mevagissey	United Kingdom	HIGH	domain:mevagisseyholidaycottages.co.uk
	A	91	Newcastle upon Tyne	United Kingdom	Mckale Estate Agents & Property Management		real_estate_agent	320 Stamfordham Road	+441912868100								overture:2d1099a1-d2ab-4a19-8972-dd8f2df07c42	2026-08-15T15:11:34.048480Z		Canonical queue drain | fit A | GitHub MASTER dedupe passed	http://Mckale.org.uk/		https://mckale.org.uk/about-us/	https://www.instagram.com/mckaleestates/	https://www.facebook.com/Marilynmackale/		https://mckale.org.uk/properties/				Permissive	Qualification	https://explore.overturemaps.org/#id=2d1099a1-d2ab-4a19-8972-dd8f2df07c42; https://mckale.org.uk/	Public Overture website; no usable Overture email. First-party public contact crawl required; no inference.				overture:2d1099a1-d2ab-4a19-8972-dd8f2df07c42	mckale.org.uk	441912868100	mckale estate agents property management	Newcastle upon Tyne	United Kingdom	PERMISSIVE	domain:mckale.org.uk
	A	91	Lincoln	United Kingdom	Lincoln Holiday Homes		bed_and_breakfast	Fen Farm, Skellingthorpe Rd	07774 112990								overture:faae5ebc-c877-44db-83f0-d96e847d9681	2026-08-15T15:11:34.048480Z		Canonical queue drain | fit A | GitHub MASTER dedupe passed	http://www.lincolnholidayhomes.co.uk		https://lincolnholidayhomes.co.uk/about/	https://www.instagram.com/fenfarmlincoln/	https://www.facebook.com/fenfarmlincoln/		https://lincolnholidayhomes.co.uk/portfolio/				High	Verified	https://explore.overturemaps.org/#id=faae5ebc-c877-44db-83f0-d96e847d9681; https://lincolnholidayhomes.co.uk/	Public Overture website; no usable Overture email. First-party public contact crawl required; no inference.				overture:faae5ebc-c877-44db-83f0-d96e847d9681	lincolnholidayhomes.co.uk	07774112990	lincoln holiday homes	Lincoln	United Kingdom	HIGH	domain:lincolnholidayhomes.co.uk
	A	91	Sheffield	United Kingdom	KSpace Serviced Apartments		hotel	1 Regent Street	+441143995800								overture:dc5adbb2-7dc5-4baf-831a-920bce584d58	2026-08-15T15:11:34.048480Z		Canonical queue drain | fit A | GitHub MASTER dedupe passed	http://Kspace.uk/		https://www.kspace.uk/contact-kspace	https://www.instagram.com/kspaceservicedapartments/	https://www.facebook.com/KSpaceServicedApartments/		https://www.kspace.uk/kspace-properties				High	Verified	https://explore.overturemaps.org/#id=dc5adbb2-7dc5-4baf-831a-920bce584d58; https://www.kspace.uk/	Public Overture website; no usable Overture email. First-party public contact crawl required; no inference.				overture:dc5adbb2-7dc5-4baf-831a-920bce584d58	kspace.uk	441143995800	kspace serviced apartments	Sheffield	United Kingdom	HIGH	domain:kspace.uk
	A	91	Goole	United Kingdom	Knights Property Management		property_management	75 Pasture Road	+441405766252								overture:d2810cc8-98a6-4cb6-9ed0-7e355487a411	2026-08-15T15:11:34.048480Z		Canonical queue drain | fit A | GitHub MASTER dedupe passed	https://kpmgoole.co.uk/		https://kpmgoole.co.uk/about-us/	https://www.instagram.com/knightsproperties/	https://www.facebook.com/Knights-Property-Management-798801190253360/		https://kpmgoole.co.uk/our-properties/				High	Verified	https://explore.overturemaps.org/#id=d2810cc8-98a6-4cb6-9ed0-7e355487a411; https://kpmgoole.co.uk/	Public Overture website; no usable Overture email. First-party public contact crawl required; no inference.				overture:d2810cc8-98a6-4cb6-9ed0-7e355487a411	kpmgoole.co.uk	441405766252	knights property management	Goole	United Kingdom	HIGH	domain:kpmgoole.co.uk
	A	91	Bude	United Kingdom	Kernow Holiday Home Sales		real_estate_service	Wainhouse corner Showground	+447874001606								overture:75c37d42-1636-4e10-b58c-31ecb48c492f	2026-08-15T15:11:34.048480Z		Canonical queue drain | fit A | GitHub MASTER dedupe passed	http://www.kernowholidayhomesales.co.uk/		https://kernowholidayhomesales.co.uk/m/login?r=%2Fm%2Fbookings	https://www.instagram.com/kernowholidayhomesales/	https://www.facebook.com/profile.php/		https://kernowholidayhomesales.co.uk/m/bookings				High	Verified	https://explore.overturemaps.org/#id=75c37d42-1636-4e10-b58c-31ecb48c492f; https://kernowholidayhomesales.co.uk/	Public Overture website; no usable Overture email. First-party public contact crawl required; no inference.				overture:75c37d42-1636-4e10-b58c-31ecb48c492f	kernowholidayhomesales.co.uk	447874001606	kernow holiday home sales	Bude	United Kingdom	HIGH	domain:kernowholidayhomesales.co.uk
	A	91	Swansea	United Kingdom	Cilhendre Fawr Farm Holiday Cottages		bed_and_breakfast	Cilhendre Fawr Farm, Wernddu Road	+441792862210								overture:8949e852-0d74-47ad-a478-9d8db90c7f2a	2026-08-15T15:11:34.048480Z		Canonical queue drain | fit A | GitHub MASTER dedupe passed	http://www.holiday-cottages-south-wales.co.uk/		https://www.holiday-cottages-south-wales.co.uk/contact-us/	https://www.instagram.com/cilhendre_holidaycottages/	https://www.facebook.com/holidaycottagessouthwales/		https://www.holiday-cottages-south-wales.co.uk/holiday-cottages-south-wales				Permissive	Qualification	https://explore.overturemaps.org/#id=8949e852-0d74-47ad-a478-9d8db90c7f2a; https://www.holiday-cottages-south-wales.co.uk/	Public Overture website; no usable Overture email. First-party public contact crawl required; no inference.				overture:8949e852-0d74-47ad-a478-9d8db90c7f2a	holiday-cottages-south-wales.co.uk	441792862210	cilhendre fawr farm holiday cottages	Swansea	United Kingdom	PERMISSIVE	domain:holiday-cottages-south-wales.co.uk
	A	91	George Nympton	United Kingdom	East Trayne Holiday Cottages		holiday_rental_home	East Trayne	01769 579778								overture:d880339f-63e3-43e9-855d-1a18637e24df	2026-08-15T15:11:34.048480Z		Canonical queue drain | fit A | GitHub MASTER dedupe passed	http://www.easttrayneholidaycottages.co.uk		https://www.easttrayneholidaycottages.co.uk/contact	https://www.instagram.com/easttrayneholidaycottages/	https://www.facebook.com/easttrayneholidaycottages/		https://www.easttrayneholidaycottages.co.uk/makeabooking				High	Verified	https://explore.overturemaps.org/#id=d880339f-63e3-43e9-855d-1a18637e24df; https://www.easttrayneholidaycottages.co.uk/	Public Overture website; no usable Overture email. First-party public contact crawl required; no inference.				overture:d880339f-63e3-43e9-855d-1a18637e24df	easttrayneholidaycottages.co.uk	01769579778	east trayne holiday cottages	George Nympton	United Kingdom	HIGH	domain:easttrayneholidaycottages.co.uk
	A	91	Wadebridge	United Kingdom	CRW Holiday Cottages In Rock & Padstow, North Cornwall, UK		holiday_rental_home	Radley House, Rock Road, Rock	01208862299								overture:5d44e404-2166-4c78-8db0-6f944525326d	2026-08-15T15:11:34.048480Z		Canonical queue drain | fit A | GitHub MASTER dedupe passed	https://www.crwholidays.co.uk/		https://crwholidays.co.uk/about-us/	https://www.instagram.com/crwholidays/	https://www.facebook.com/crwholidays/		https://crwholidays.co.uk/properties/				High	Verified	https://explore.overturemaps.org/#id=5d44e404-2166-4c78-8db0-6f944525326d; https://crwholidays.co.uk/	Public Overture website; no usable Overture email. First-party public contact crawl required; no inference.				overture:5d44e404-2166-4c78-8db0-6f944525326d	crwholidays.co.uk	01208862299	crw holiday cottages in rock padstow north cornwall uk	Wadebridge	United Kingdom	HIGH	domain:crwholidays.co.uk
	A	91	Braunton	United Kingdom	Luxury Holiday Home, Ruda, Parkdean Croyde		hotel	Parkdean, Ruda	+447815808461								overture:c90acad4-b224-49dc-8fa7-1c4229684fda	2026-08-15T15:11:34.048480Z		Canonical queue drain | fit A | GitHub MASTER dedupe passed	http://www.croydecaravan.co.uk/		https://www.croydecaravan.co.uk/about	https://www.instagram.com/_croyde_caravan_/	https://www.facebook.com/croydecaravan/		https://www.croydecaravan.co.uk/universal/svg/social-accounts.svg				High	Verified	https://explore.overturemaps.org/#id=c90acad4-b224-49dc-8fa7-1c4229684fda; https://www.croydecaravan.co.uk/	Public Overture website; no usable Overture email. First-party public contact crawl required; no inference.				overture:c90acad4-b224-49dc-8fa7-1c4229684fda	croydecaravan.co.uk	447815808461	luxury holiday home ruda parkdean croyde	Braunton	United Kingdom	HIGH	domain:croydecaravan.co.uk
	A	91	Umberleigh	United Kingdom	Country Ways Holiday Cottages		self_catering_accommodation	Little Knowle Farm	01769560503								overture:bb154aae-344f-41aa-a717-87ef1d4ad823	2026-08-15T15:11:34.048480Z		Canonical queue drain | fit A | GitHub MASTER dedupe passed	http://country-ways.net/		https://country-ways.net/contact-us/	https://www.instagram.com/countryways_devon/	https://www.facebook.com/Country-Ways-138106920852/		https://country-ways.net/cottages/				High	Verified	https://explore.overturemaps.org/#id=bb154aae-344f-41aa-a717-87ef1d4ad823; https://country-ways.net/	Public Overture website; no usable Overture email. First-party public contact crawl required; no inference.				overture:bb154aae-344f-41aa-a717-87ef1d4ad823	country-ways.net	01769560503	country ways holiday cottages	Umberleigh	United Kingdom	HIGH	domain:country-ways.net
	A	91	Ilfracombe	United Kingdom	Coulscott House Holiday Cottages		holiday_rental_home	Coulscott House, Nutcombe Hill	+447867971517								overture:b5055629-87ad-439e-9253-3d6d203960c1	2026-08-15T15:11:34.048480Z		Canonical queue drain | fit A | GitHub MASTER dedupe passed	https://coulscott.co.uk/		https://coulscott.co.uk/contact/	https://www.instagram.com/coulscott/	https://www.facebook.com/Coulscott/		https://coulscott.co.uk/booking-information				High	Verified	https://explore.overturemaps.org/#id=b5055629-87ad-439e-9253-3d6d203960c1; https://coulscott.co.uk/	Public Overture website; no usable Overture email. First-party public contact crawl required; no inference.				overture:b5055629-87ad-439e-9253-3d6d203960c1	coulscott.co.uk	447867971517	coulscott house holiday cottages	Ilfracombe	United Kingdom	HIGH	domain:coulscott.co.uk
	A	91	Edensor	United Kingdom	Chatsworth Estate Holiday Cottages		hotel	The Estate Office	01246 565379								overture:57f5aba6-4fb2-4a0d-a33d-350faff1ea51	2026-08-15T15:11:34.048480Z		Canonical queue drain | fit A | GitHub MASTER dedupe passed	http://www.chatsworth.org		http://www.chatsworth.org/contact-us/	https://www.instagram.com/chatsworthofficial/	https://www.facebook.com/chatsworthhouse/		http://www.chatsworth.org/visit-chatsworth/book-tickets/manage-your-booking/				High	Verified	https://explore.overturemaps.org/#id=57f5aba6-4fb2-4a0d-a33d-350faff1ea51; http://www.chatsworth.org/; http://www.chatsworth.org	Public Overture website; no usable Overture email. First-party public contact crawl required; no inference.				overture:57f5aba6-4fb2-4a0d-a33d-350faff1ea51	chatsworth.org	01246565379	chatsworth estate holiday cottages	Edensor	United Kingdom	HIGH	domain:chatsworth.org
	A	91	Llanfairpwllgwyngyll	United Kingdom	Cerrig Y Barcud Holiday Cottages		holiday_rental_home	Cerrig Y Barcud	+441248430056								overture:a88b9e0c-b7dc-4f7c-ae4c-fc9b2c9428d8	2026-08-15T15:11:34.048480Z		Canonical queue drain | fit A | GitHub MASTER dedupe passed	http://www.cerrigybarcud.co.uk/		https://www.cerrigybarcud.co.uk/contact-us.htm	https://www.instagram.com/cerrigybarcud/	https://www.facebook.com/CerrigyBarcudCottagesAnglesey/		https://www.cerrigybarcud.co.uk/booking-form.htm				Medium	Recall-first	https://explore.overturemaps.org/#id=a88b9e0c-b7dc-4f7c-ae4c-fc9b2c9428d8; https://www.cerrigybarcud.co.uk/	Public Overture website; no usable Overture email. First-party public contact crawl required; no inference.				overture:a88b9e0c-b7dc-4f7c-ae4c-fc9b2c9428d8	cerrigybarcud.co.uk	441248430056	cerrig y barcud holiday cottages	Llanfairpwllgwyngyll	United Kingdom	MEDIUM	domain:cerrigybarcud.co.uk
	A	91	Newton Abbot	United Kingdom	Carrick Johnson Letting and Property Management		real_estate_agent	16 Wolborough Street	+441626335090								overture:43989614-9342-4194-aee0-eed4f4bd69e1	2026-08-15T15:11:34.048480Z		Canonical queue drain | fit A | GitHub MASTER dedupe passed	http://carrickjohnson.com/		https://www.carrickjohnson.com/contact-us/	https://www.instagram.com/Carrickjohnsonlettings/	https://www.facebook.com/CarrickJohnsonLettings/		https://www.carrickjohnson.com/properties/				Permissive	Qualification	https://explore.overturemaps.org/#id=43989614-9342-4194-aee0-eed4f4bd69e1; https://www.carrickjohnson.com/	Public Overture website; no usable Overture email. First-party public contact crawl required; no inference.				overture:43989614-9342-4194-aee0-eed4f4bd69e1	carrickjohnson.com	441626335090	carrick johnson letting and property management	Newton Abbot	United Kingdom	PERMISSIVE	domain:carrickjohnson.com
	A	91	Windermere	United Kingdom	Burnside Park - Self Catering Accommodation Cumbria		hotel	Kendal Road	+441539446624								overture:fb9cb961-d884-41b7-ad65-12a1861f3065	2026-08-15T15:11:34.048480Z		Canonical queue drain | fit A | GitHub MASTER dedupe passed	http://www.burnsidepark.co.uk		https://www.burnsidepark.co.uk/contact/	https://www.instagram.com/hapimag_resorts/	https://www.facebook.com/hapimagbowness/		https://www.burnsidepark.co.uk/cottages/				High	Verified	https://explore.overturemaps.org/#id=fb9cb961-d884-41b7-ad65-12a1861f3065; https://www.burnsidepark.co.uk/	Public Overture website; no usable Overture email. First-party public contact crawl required; no inference.				overture:fb9cb961-d884-41b7-ad65-12a1861f3065	burnsidepark.co.uk	441539446624	burnside park self catering accommodation cumbria	Windermere	United Kingdom	HIGH	domain:burnsidepark.co.uk
	A	91	Kingsbridge	United Kingdom	Bantham Holiday Cottages		cottage	2 The Watch	+441548560810								overture:be4b8841-240c-4b45-bc30-6adaae63c753	2026-08-15T15:11:34.048480Z		Canonical queue drain | fit A | GitHub MASTER dedupe passed	http://www.banthamholidaycottages.co.uk/		https://www.banthamholidaycottages.co.uk/contact-us/	https://www.instagram.com/banthamestate/	https://www.facebook.com/pages/Bantham-Holiday-Cottages/121067761309732/		https://www.banthamholidaycottages.co.uk/south-hams-holiday-cottages-booking/				High	Verified	https://explore.overturemaps.org/#id=be4b8841-240c-4b45-bc30-6adaae63c753; https://www.banthamholidaycottages.co.uk/	Public Overture website; no usable Overture email. First-party public contact crawl required; no inference.				overture:be4b8841-240c-4b45-bc30-6adaae63c753	banthamholidaycottages.co.uk	441548560810	bantham holiday cottages	Kingsbridge	United Kingdom	HIGH	domain:banthamholidaycottages.co.uk
	A	91	Dumfries	United Kingdom	Arbigland		holiday_rental_home		+441387880717								overture:ed6fdc73-c1ba-43f2-b96a-20f1f81daa0b	2026-08-15T15:11:34.048480Z		Canonical queue drain | fit A | GitHub MASTER dedupe passed	http://www.arbiglandestate.co.uk/		https://www.arbiglandestate.co.uk/about-us/	https://www.instagram.com/arbigland_estate/	https://www.facebook.com/TheArbiglandEstate/		https://www.arbiglandestate.co.uk/booking/				High	Verified	https://explore.overturemaps.org/#id=ed6fdc73-c1ba-43f2-b96a-20f1f81daa0b; https://www.arbiglandestate.co.uk/	Public Overture website; no usable Overture email. First-party public contact crawl required; no inference.				overture:ed6fdc73-c1ba-43f2-b96a-20f1f81daa0b	arbiglandestate.co.uk	441387880717	arbigland	Dumfries	United Kingdom	HIGH	domain:arbiglandestate.co.uk
	A	91	Rhosneigr	United Kingdom	Rhosneigr Holiday Apartment, Bryn Awel		holiday_rental_home	Bryn Awel, High Street	+443330507487								overture:54d27191-7232-49c4-970a-cbbca768f6f1	2026-08-15T15:11:34.048480Z		Canonical queue drain | fit A | GitHub MASTER dedupe passed	https://anglesey-holiday-lettings.com/property/bryn-awel/		https://anglesey-holiday-lettings.com/about/	https://www.instagram.com/anglesey_holiday_lettings/	https://www.facebook.com/angleseyhl/		https://anglesey-holiday-lettings.com/booking-conditions				High	Verified	https://explore.overturemaps.org/#id=54d27191-7232-49c4-970a-cbbca768f6f1; https://anglesey-holiday-lettings.com/accommodation/rhosneigr/bryn-awel/	Public Overture website; no usable Overture email. First-party public contact crawl required; no inference.				overture:54d27191-7232-49c4-970a-cbbca768f6f1	anglesey-holiday-lettings.com	443330507487	rhosneigr holiday apartment bryn awel	Rhosneigr	United Kingdom	HIGH	domain:anglesey-holiday-lettings.com
	A	91	Aberystwyth	United Kingdom	Afan Holiday Cottages		hotel	llanafan	+441970630202								overture:ab6edd21-a1d8-4d3d-aa39-bca4a9dee18d	2026-08-15T15:11:34.048480Z		Canonical queue drain | fit A | GitHub MASTER dedupe passed	https://www.afancottages.wales/		https://www.afancottages.wales/contact/	https://www.instagram.com/afanholidaycottages/	https://www.facebook.com/419478498634261/		https://www.afancottages.wales/accommodation/				High	Verified	https://explore.overturemaps.org/#id=ab6edd21-a1d8-4d3d-aa39-bca4a9dee18d; https://www.afancottages.wales/	Public Overture website; no usable Overture email. First-party public contact crawl required; no inference.				overture:ab6edd21-a1d8-4d3d-aa39-bca4a9dee18d	afancottages.wales	441970630202	afan holiday cottages	Aberystwyth	United Kingdom	HIGH	domain:afancottages.wales
	A	91	Swansea	United Kingdom	Swansea Log Cabin - Self Catering Accommodation		hotel	59 Heol Las	01792869363								overture:af103b7d-30d0-452d-8120-281691518063	2026-08-15T15:11:34.048480Z		Canonical queue drain | fit A | GitHub MASTER dedupe passed	http://www.swansealogcabin.co.uk/	info@swansealogcabin.co.uk	https://swansealogcabin.co.uk/bookings/	https://www.instagram.com/swansealogcabin/	https://www.facebook.com/swansealogcabin/						High	Verified	https://explore.overturemaps.org/#id=af103b7d-30d0-452d-8120-281691518063; https://swansealogcabin.co.uk/	Public Overture website; no usable Overture email. First-party public contact crawl required; no inference. Public business email recovered from first-party website; no inference.				overture:af103b7d-30d0-452d-8120-281691518063	swansealogcabin.co.uk	01792869363	swansea log cabin self catering accommodation	Swansea	United Kingdom	HIGH	domain:swansealogcabin.co.uk
	A	91	Filey	United Kingdom	Filey Holiday Cottages		self_catering_accommodation	Muston	07981371910								overture:18685b6c-9266-4ea4-aaef-e66b565592c4	2026-08-15T15:11:34.048480Z		Canonical queue drain | fit A | GitHub MASTER dedupe passed	http://www.fileyholidaycottages.co.uk/	info@fileyholidaycottages.co.uk	https://www.fileyholidaycottages.co.uk/contact-us/	https://www.instagram.com/fileyholidaycottages/	https://www.facebook.com/FileyHolidayCottages/						Medium	Recall-first	https://explore.overturemaps.org/#id=18685b6c-9266-4ea4-aaef-e66b565592c4; https://www.fileyholidaycottages.co.uk/	Public Overture website; no usable Overture email. First-party public contact crawl required; no inference. Public business email recovered from first-party website; no inference.				overture:18685b6c-9266-4ea4-aaef-e66b565592c4	fileyholidaycottages.co.uk	07981371910	filey holiday cottages	Filey	United Kingdom	MEDIUM	domain:fileyholidaycottages.co.uk
	A	91	Manchester	United Kingdom	Cousins Estate Agents, Valuations, Lettings, Property Management, Commercial Lettings.		b2b_business_management_service	754 Oldham Road, Failsworth	01614646199								overture:2dcda4d2-aaf4-4a48-8048-7be3e92b11eb	2026-08-15T15:11:34.048480Z		Canonical queue drain | fit A | GitHub MASTER dedupe passed	http://www.cousins.co.uk/	info@cousins.co.uk	https://cousins.co.uk/about-us/	https://www.instagram.com/cousinsestateagents/	https://www.facebook.com/cousinsea/						Permissive	Qualification	https://explore.overturemaps.org/#id=2dcda4d2-aaf4-4a48-8048-7be3e92b11eb; https://cousins.co.uk/	Public Overture website; no usable Overture email. First-party public contact crawl required; no inference. Public business email recovered from first-party website; no inference.				overture:2dcda4d2-aaf4-4a48-8048-7be3e92b11eb	cousins.co.uk	01614646199	cousins estate agents valuations lettings property management commercial lettings	Manchester	United Kingdom	PERMISSIVE	domain:cousins.co.uk
	A	91	Oklahoma City	USA	OKC Home Realty Services - Property Management		property_management	2532 W I 44 Service Rd	4052325800								overture:ed863616-20c7-43ec-96bb-f4ca2d9cbd8d	2026-08-15T15:05:00.092762Z		Canonical queue drain | fit A | GitHub MASTER dedupe passed	https://www.yourokcpropertymanager.com/		https://www.yourokcpropertymanager.com/about-us	https://www.instagram.com/okchomerealtyservicesllc/	https://www.facebook.com/OKCHomeRealty/		https://www.yourokcpropertymanager.com/section-8-properties-okc				Medium	Recall-first	https://explore.overturemaps.org/#id=ed863616-20c7-43ec-96bb-f4ca2d9cbd8d; https://www.yourokcpropertymanager.com/	Public Overture website; no usable Overture email. First-party public contact crawl required; no inference.				overture:ed863616-20c7-43ec-96bb-f4ca2d9cbd8d	yourokcpropertymanager.com	4052325800	okc home realty services property management	Oklahoma City	USA	MEDIUM	domain:yourokcpropertymanager.com
	A	91	Georgetown	USA	Tackett Real Estate & Property Management		real_estate_agent	303 E Washington St	8595339066								overture:8bb5415a-5283-4cdc-a9cf-8617bd837c49	2026-08-15T15:05:00.092762Z		Canonical queue drain | fit A | GitHub MASTER dedupe passed	https://www.tackettrealestate.com/	conniektackett@hotmail.com	https://www.tackettrealestate.com/about.html		https://www.facebook.com/162770030525111/		https://www.tackettrealestate.com/properties.html				Permissive	Qualification	https://explore.overturemaps.org/#id=8bb5415a-5283-4cdc-a9cf-8617bd837c49; https://www.tackettrealestate.com/	Public Overture website; no usable Overture email. First-party public contact crawl required; no inference. Public business email recovered from first-party website; no inference.				overture:8bb5415a-5283-4cdc-a9cf-8617bd837c49	tackettrealestate.com	8595339066	tackett real estate property management	Georgetown	USA	PERMISSIVE	domain:tackettrealestate.com
	A	91	Cincinnati	USA	Sundance Property Management		property_management	9918 Carver Rd	+15134893363								overture:f162afd6-2302-4498-a7e5-a5d4769d27b8	2026-08-15T15:05:00.092762Z		Canonical queue drain | fit A | GitHub MASTER dedupe passed	https://www.sundancemanagement.com/		https://www.sundancemanagement.com/contact-us	https://www.instagram.com/sundancemanagement/	https://www.facebook.com/SundanceManagement/		https://www.sundancemanagement.com/properties-page				Medium	Recall-first	https://explore.overturemaps.org/#id=f162afd6-2302-4498-a7e5-a5d4769d27b8; https://www.sundancemanagement.com/	Public Overture website; no usable Overture email. First-party public contact crawl required; no inference.				overture:f162afd6-2302-4498-a7e5-a5d4769d27b8	sundancemanagement.com	15134893363	sundance property management	Cincinnati	USA	MEDIUM	domain:sundancemanagement.com
	A	91	Stanton	USA	Serenity Ridge		cabin	3405 Pilot Rd	+16066630000								overture:9367d224-888e-48ba-98be-432579de5abf	2026-08-15T15:05:00.092762Z		Canonical queue drain | fit A | GitHub MASTER dedupe passed	https://www.sceniccabin.com/vacation-rentals/serenity-ridge/		https://www.sceniccabin.com/contact/	https://www.instagram.com/sceniccabinrentals/	https://www.facebook.com/sceniccabin/		https://sceniccabin.com/vacation-rentals				High	Verified	https://explore.overturemaps.org/#id=9367d224-888e-48ba-98be-432579de5abf; https://www.sceniccabin.com/vacation-rentals/serenity-ridge/	Public Overture website; no usable Overture email. First-party public contact crawl required; no inference.				overture:9367d224-888e-48ba-98be-432579de5abf	sceniccabin.com	16066630000	serenity ridge	Stanton	USA	HIGH	domain:sceniccabin.com
	A	91	Erlanger	USA	Pulse Property Management		property_management	495 Erlanger Road, Suite 202	8592081075								overture:f2ccb885-f6ab-4075-a38b-0a24bd0970f3	2026-08-15T15:05:00.092762Z		Canonical queue drain | fit A | GitHub MASTER dedupe passed	https://www.pulsepropertymanagement.com/	pam@pulsepropertymanagement.com	https://www.pulsepropertymanagement.com/about		https://www.facebook.com/415058855235224/		https://www.pulsepropertymanagement.com/properties-for-sale				High	Verified	https://explore.overturemaps.org/#id=f2ccb885-f6ab-4075-a38b-0a24bd0970f3; https://www.pulsepropertymanagement.com/; https://www.pulsepropertymanagement.com/contact	Public Overture website; no usable Overture email. First-party public contact crawl required; no inference. Public business email recovered from first-party website; no inference.				overture:f2ccb885-f6ab-4075-a38b-0a24bd0970f3	pulsepropertymanagement.com	8592081075	pulse property management	Erlanger	USA	HIGH	domain:pulsepropertymanagement.com
	A	91	Oklahoma City	USA	Melrose Realty and Property Management		property_management	801 NW 67th St	+14054345373								overture:ec906d5a-ec37-4bfe-886e-ff044e0a89ee	2026-08-15T15:05:00.092762Z		Canonical queue drain | fit A | GitHub MASTER dedupe passed	https://melroserealtyok.com/		https://melroserealtyok.com/about/	https://www.instagram.com/melroserealtyok/	https://www.facebook.com/melroserealestate/		https://melroserealtyok.com/rentals/				Permissive	Qualification	https://explore.overturemaps.org/#id=ec906d5a-ec37-4bfe-886e-ff044e0a89ee; https://melroserealtyok.com/	Public Overture website; no usable Overture email. First-party public contact crawl required; no inference.				overture:ec906d5a-ec37-4bfe-886e-ff044e0a89ee	melroserealtyok.com	14054345373	melrose realty and property management	Oklahoma City	USA	PERMISSIVE	domain:melroserealtyok.com
	A	91	Bridgeport	USA	Bespoke Property Management		property_management	137 E Main St	+13049312632								overture:95c4400a-68e1-4255-a5d9-30f312e0f770	2026-08-15T15:05:00.092762Z		Canonical queue drain | fit A | GitHub MASTER dedupe passed	http://www.landmarkrealtywv.com/	info@landmarkrealtywv.com	https://www.landmarkrealtywv.com/aboutus		https://www.facebook.com/LandmarkRealtyServicesofWVinc/		https://www.landmarkrealtywv.com/search-properties				Permissive	Qualification	https://explore.overturemaps.org/#id=95c4400a-68e1-4255-a5d9-30f312e0f770; https://www.landmarkrealtywv.com/	Public Overture website; no usable Overture email. First-party public contact crawl required; no inference. Public business email recovered from first-party website; no inference.				overture:95c4400a-68e1-4255-a5d9-30f312e0f770	landmarkrealtywv.com	13049312632	bespoke property management	Bridgeport	USA	PERMISSIVE	domain:landmarkrealtywv.com
	A	91	Tulsa	USA	TMC Property Management		property_management	4343 S 109th East Ave	+19186024220								overture:fa0b1cea-d538-41ff-bb76-c81f872ca099	2026-08-15T15:05:00.092762Z		Canonical queue drain | fit A | GitHub MASTER dedupe passed	https://www.jamico.com/		https://www.jamico.com/contact/	https://www.instagram.com/jamicoproperties/	https://www.facebook.com/jamicoproperties/		https://www.jamico.com/jamison-management-company-is-now-jamico-properties/				Permissive	Qualification	https://explore.overturemaps.org/#id=fa0b1cea-d538-41ff-bb76-c81f872ca099; https://www.jamico.com/	Public Overture website; no usable Overture email. First-party public contact crawl required; no inference.				overture:fa0b1cea-d538-41ff-bb76-c81f872ca099	jamico.com	19186024220	tmc property management	Tulsa	USA	PERMISSIVE	domain:jamico.com
	A	91	Columbus	USA	Heart and Home Property Management Inc		property_management	1279 Parsons Ave	6142556452								overture:5bc4ea75-b697-4f3b-9430-0862422ecea4	2026-08-15T15:05:00.092762Z		Canonical queue drain | fit A | GitHub MASTER dedupe passed	http://www.heartandhomeohio.com/	michael@heartandhomeohio.com	https://www.heartandhomeohio.com/contact/	https://www.instagram.com/heartandhomepm/			https://www.heartandhomeohio.com/available-rentals/				Medium	Recall-first	https://explore.overturemaps.org/#id=5bc4ea75-b697-4f3b-9430-0862422ecea4; https://www.heartandhomeohio.com/; https://www.heartandhomeohio.com/contact/	Public Overture website; no usable Overture email. First-party public contact crawl required; no inference. Public business email recovered from first-party website; no inference.				overture:5bc4ea75-b697-4f3b-9430-0862422ecea4	heartandhomeohio.com	6142556452	heart and home property management inc	Columbus	USA	MEDIUM	domain:heartandhomeohio.com
	A	91	Lexington	USA	Virtual Street Group - Property Management & Bookkeeping		financial_service	115 Walton Ave	+18593086068								overture:2f4c0dbc-fac2-40be-b0d5-5d02443e52d4	2026-08-15T15:05:00.092762Z		Canonical queue drain | fit A | GitHub MASTER dedupe passed	https://fondifi.com/	info@fondifi.com	https://fondifi.com/property-management-services-in-usa/	https://www.instagram.com/fondifisolutions/			https://fondifi.com/category/bookkeeping/				Permissive	Qualification	https://explore.overturemaps.org/#id=2f4c0dbc-fac2-40be-b0d5-5d02443e52d4; https://fondifi.com/	Public Overture website; no usable Overture email. First-party public contact crawl required; no inference. Public business email recovered from first-party website; no inference.				overture:2f4c0dbc-fac2-40be-b0d5-5d02443e52d4	fondifi.com	18593086068	virtual street group property management bookkeeping	Lexington	USA	PERMISSIVE	domain:fondifi.com
	A	91	Crossville	USA	Fairfield Glade Vacation Rentals		vacation_rental_agent	5731 Peavine Rd	8006470077								overture:3499a4e1-6f11-4ee0-bbc8-2d0a64ffd197	2026-08-15T15:05:00.092762Z		Canonical queue drain | fit A | GitHub MASTER dedupe passed	http://www.fairfieldgladerentals.com/		https://www.fairfieldgladerentals.com/about-us	https://www.instagram.com/fairfieldgladerentals/	https://www.facebook.com/rentalsincrossville/		https://www.fairfieldgladerentals.com/fairfield-glade-vacation-rentals/country-club-villa				High	Verified	https://explore.overturemaps.org/#id=3499a4e1-6f11-4ee0-bbc8-2d0a64ffd197; https://www.fairfieldgladerentals.com/	Public Overture website; no usable Overture email. First-party public contact crawl required; no inference.				overture:3499a4e1-6f11-4ee0-bbc8-2d0a64ffd197	fairfieldgladerentals.com	8006470077	fairfield glade vacation rentals	Crossville	USA	HIGH	domain:fairfieldgladerentals.com
	A	91	Yukon	USA	RE/MAX Energy Property Management		property_management	335 S Mustang Rd	+14053503031								overture:fa2f664f-c515-482d-90b1-f67c55378389	2026-08-15T15:05:00.092762Z		Canonical queue drain | fit A | GitHub MASTER dedupe passed	http://energyrealestateokc.com/		https://energyrealestateokc.com/about-us/	https://www.instagram.com/remaxenergyok/	https://www.facebook.com/remaxenergy/		https://homes.energyrealestateokc.com/home				Permissive	Qualification	https://explore.overturemaps.org/#id=fa2f664f-c515-482d-90b1-f67c55378389; https://energyrealestateokc.com/	Public Overture website; no usable Overture email. First-party public contact crawl required; no inference.				overture:fa2f664f-c515-482d-90b1-f67c55378389	energyrealestateokc.com	14053503031	re max energy property management	Yukon	USA	PERMISSIVE	domain:energyrealestateokc.com
	A	91	Kettering	USA	Bridgestream Property Management		property_management	1701 Delco Park Drive	9372599818								overture:944b96b3-ff04-45f8-86c5-052e97c175b9	2026-08-15T15:05:00.092762Z		Canonical queue drain | fit A | GitHub MASTER dedupe passed	https://www.bridgestreampropertymanagement.com/		https://www.bridgestreampropertymanagement.com/	https://www.instagram.com/bridgestreampm/	https://www.facebook.com/profile.php/		https://www.bridgestreampropertymanagement.com/dayton-homes-for-rent				Permissive	Qualification	https://explore.overturemaps.org/#id=944b96b3-ff04-45f8-86c5-052e97c175b9; https://www.bridgestreampropertymanagement.com/	Public Overture website; no usable Overture email. First-party public contact crawl required; no inference.				overture:944b96b3-ff04-45f8-86c5-052e97c175b9	bridgestreampropertymanagement.com	9372599818	bridgestream property management	Kettering	USA	PERMISSIVE	domain:bridgestreampropertymanagement.com
	A	91	Puerto Plata	Dominican Republic	BlueBay Villas Doradas		resort	C. Principal playa dorada	+18887740040								overture:9acf4093-cb2b-48a0-a109-a27fbd8d0b7d	2026-08-15T15:05:00.092762Z		Canonical queue drain | fit A | GitHub MASTER dedupe passed	https://bluebayvillasdoradas.bluebayhotels.net/en/		https://bluebayvillasdoradas.bluebayhotels.net/en/contact/	https://www.instagram.com/bluebayvillasdoradas/	https://www.facebook.com/profile.php/		https://bluebayvillasdoradas.bluebayhotels.net/en/				High	Verified	https://explore.overturemaps.org/#id=9acf4093-cb2b-48a0-a109-a27fbd8d0b7d; https://bluebayvillasdoradas.bluebayhotels.net/en/	Public Overture website; no usable Overture email. First-party public contact crawl required; no inference.				overture:9acf4093-cb2b-48a0-a109-a27fbd8d0b7d	bluebayhotels.net	18887740040	bluebay villas doradas	Puerto Plata	Dominican Republic	HIGH	domain:bluebayhotels.net
	A	91	Tulsa	USA	Boston Apartment Hotel established 1928		hotel	21 E Mathew Brady St	+19185924030								overture:c1551262-244e-42f4-b3a4-8d37459418f7	2026-08-15T15:05:00.092762Z		Canonical queue drain | fit A | GitHub MASTER dedupe passed	http://21andahalftulsa.com/	21andahalftulsa@gmail.com	https://booking.21andahalftulsa.com/en/properties	https://www.instagram.com/21andahalftulsa/			https://booking.21andahalftulsa.com/en/properties?minOccupancy=1				Medium	Recall-first	https://explore.overturemaps.org/#id=c1551262-244e-42f4-b3a4-8d37459418f7; https://21andahalftulsa.com/	Public Overture website; no usable Overture email. First-party public contact crawl required; no inference. Public business email recovered from first-party website; no inference.				overture:c1551262-244e-42f4-b3a4-8d37459418f7	21andahalftulsa.com	19185924030	boston apartment hotel established 1928	Tulsa	USA	MEDIUM	domain:21andahalftulsa.com
	A	91	Tulsa	USA	KSA Property Management			8246 E 73rd St	9182174334								overture:7a267a62-049f-44bb-8f04-99a14ee00a63	2026-08-15T15:05:00.092762Z		Canonical queue drain | fit A | GitHub MASTER dedupe passed	https://www.ksapropertymanagement.com/	info@ksapropertymanagement.com	https://www.ksapropertymanagement.com/about-us	https://www.instagram.com/ksapropertymanagement/	https://www.facebook.com/ksapropertymanagement/						Permissive	Qualification	https://explore.overturemaps.org/#id=7a267a62-049f-44bb-8f04-99a14ee00a63; https://www.ksapropertymanagement.com/	Public Overture website; no usable Overture email. First-party public contact crawl required; no inference. Public business email recovered from first-party website; no inference.				overture:7a267a62-049f-44bb-8f04-99a14ee00a63	ksapropertymanagement.com	9182174334	ksa property management	Tulsa	USA	PERMISSIVE	domain:ksapropertymanagement.com
	A	91	Norman	USA	BPM Inc (Bare Property Management, Inc)		property_management	213 W Main St	4058709521								overture:9bec5ea6-6d0a-44c2-b9ab-3d808d353ff8	2026-08-15T15:05:00.092762Z		Canonical queue drain | fit A | GitHub MASTER dedupe passed	https://www.bpmok.com/	rent@bpmok.com	https://www.bpmok.com/about-us	https://www.instagram.com/bare.property.mgmt/	https://www.facebook.com/bpminc.ok/						Medium	Recall-first	https://explore.overturemaps.org/#id=9bec5ea6-6d0a-44c2-b9ab-3d808d353ff8; https://www.bpmok.com/	Public Overture website; no usable Overture email. First-party public contact crawl required; no inference. Public business email recovered from first-party website; no inference.				overture:9bec5ea6-6d0a-44c2-b9ab-3d808d353ff8	bpmok.com	4058709521	bpm inc bare property management inc	Norman	USA	MEDIUM	domain:bpmok.com
	A	91	Port Aransas	USA	Casa Sea-Esta		holiday_rental_home	1319 S 11th St	+13617490027								overture:cc85a09d-e104-40d8-a802-4ec0e8a4edd6	2026-08-15T14:58:08.629204Z		Canonical queue drain | fit A | GitHub MASTER dedupe passed	https://www.visitporta.com/port-aransas-vacation-rentals/casa-sea-esta-amazing-gulf-view-heated-pool-game-room		https://www.visitporta.com/about-us	https://www.instagram.com/portabeachhouseco/	https://www.facebook.com/visitporta.net/		https://www.visitporta.com/vacation-rentals/glossary				High	Verified	https://explore.overturemaps.org/#id=cc85a09d-e104-40d8-a802-4ec0e8a4edd6; https://www.visitporta.com/port-aransas-vacation-rentals/casa-sea-esta-ocean-views	Public Overture website; no usable Overture email. First-party public contact crawl required; no inference.				overture:cc85a09d-e104-40d8-a802-4ec0e8a4edd6	visitporta.com	13617490027	casa sea esta	Port Aransas	USA	HIGH	domain:visitporta.com
	A	91	Quepos	Costa Rica	Villa Punto de Vista - Luxury Villa		resort	Camino playitas 450 Metros, Casa punto de vista	+18888908687								overture:d6a878d6-3a3d-4039-9750-8f50d9ab70e1	2026-08-15T14:58:08.629204Z		Canonical queue drain | fit A | GitHub MASTER dedupe passed	https://www.villapuntodevista.com/		https://www.villapuntodevista.com/about-us/	https://www.instagram.com/villapuntodevista/	https://www.facebook.com/VillaPuntoDeVista/		https://www.villapuntodevista.com/the-villas/villa-punto-de-vista/villa-suites/				High	Verified	https://explore.overturemaps.org/#id=d6a878d6-3a3d-4039-9750-8f50d9ab70e1; https://www.villapuntodevista.com/	Public Overture website; no usable Overture email. First-party public contact crawl required; no inference.				overture:d6a878d6-3a3d-4039-9750-8f50d9ab70e1	villapuntodevista.com	18888908687	villa punto de vista luxury villa	Quepos	Costa Rica	HIGH	domain:villapuntodevista.com
	A	91	San Felipe	Mexico	San Felipe Rentals: Vacation rental homes in San Felipe, Mexico		holiday_rental_home	Carretera San Felipe El Oasis 179	+526863457553								overture:2bdff64c-4cdf-44e9-b738-39a18baa22b2	2026-08-15T14:58:08.629204Z		Canonical queue drain | fit A | GitHub MASTER dedupe passed	http://www.sanfelipevacationrentalhomes.com/		https://www.sanfelipevacationrentalhomes.com/105-services/1-contact-us.html		https://www.facebook.com/SanFelipeRentals/	https://api.whatsapp.com/send?phone=+5216861872399&text=I%27m%20interested%20in%20renting%20a%20property	https://www.sanfelipevacationrentalhomes.com/zcss/style.css				High	Verified	https://explore.overturemaps.org/#id=2bdff64c-4cdf-44e9-b738-39a18baa22b2; https://www.sanfelipevacationrentalhomes.com/	Public Overture website; no usable Overture email. First-party public contact crawl required; no inference.				overture:2bdff64c-4cdf-44e9-b738-39a18baa22b2	sanfelipevacationrentalhomes.com	526863457553	san felipe rentals vacation rental homes in san felipe mexico	San Felipe	Mexico	HIGH	domain:sanfelipevacationrentalhomes.com
	A	91	Calliaqua	VC	Rosewood Apartment Hotel		hotel	Saint George, Rose Cottage Road	+17844575051								overture:e3b7194a-a11b-4f4d-ab07-4ab84896a60c	2026-08-15T14:58:08.629204Z		Canonical queue drain | fit A | GitHub MASTER dedupe passed	http://www.rosewoodsvg.com/		https://www.rosewoodsvg.com/about-us	https://www.instagram.com/rosewood_apartment_hotel/	https://www.facebook.com/Rosewoodsvg/		https://www.rosewoodsvg.com/rooms				High	Verified	https://explore.overturemaps.org/#id=e3b7194a-a11b-4f4d-ab07-4ab84896a60c; https://www.rosewoodsvg.com/	Public Overture website; no usable Overture email. First-party public contact crawl required; no inference.				overture:e3b7194a-a11b-4f4d-ab07-4ab84896a60c	rosewoodsvg.com	17844575051	rosewood apartment hotel	Calliaqua	VC	HIGH	domain:rosewoodsvg.com
	A	91	San Miguel de Allende	Mexico	Krystal Grand Residences & Villas San Miguel de Allende		resort	Celaya-Dolores Hidalgo 41	8775978815								overture:1eb1ba6a-4b87-474a-9b94-2e0858ffdd33	2026-08-15T14:58:08.629204Z		Canonical queue drain | fit A | GitHub MASTER dedupe passed	https://www.krystalgrand-sanmiguel.com/?utm_source=bing&utm_medium=organic&utm_campaign=bing_places&utm_content=residences&partner=9604		https://www.krystalgrand-sanmiguel.com/ubicacion-contacto/	https://www.instagram.com/krystalgrandsanmiguel/	https://www.facebook.com/krystalgrandsanmiguel/		https://www.krystalgrand-sanmiguel.com/bookcore/static/css/v4/search-engine-styles-custom.min.css?v=94c45e96e2f694fb9f3b3a97f831b576				High	Verified	https://explore.overturemaps.org/#id=1eb1ba6a-4b87-474a-9b94-2e0858ffdd33; https://www.krystalgrand-sanmiguel.com/?utm_source=bing&utm_medium=organic&utm_campaign=bing_places&utm_content=residences&partner=9604	Public Overture website; no usable Overture email. First-party public contact crawl required; no inference.				overture:1eb1ba6a-4b87-474a-9b94-2e0858ffdd33	krystalgrand-sanmiguel.com	8775978815	krystal grand residences villas san miguel de allende	San Miguel de Allende	Mexico	HIGH	domain:krystalgrand-sanmiguel.com
	A	91	Hedwig Village	USA	KPM Property Management		property_management	8901 Gaylord Dr	+18329628845								overture:03afcf5e-c9a3-42eb-83a8-30fa6b9e6e66	2026-08-15T14:58:08.629204Z		Canonical queue drain | fit A | GitHub MASTER dedupe passed	http://www.karyamanagement.com/		https://karyamanagement.com/about-us/	https://www.instagram.com/kpm_property_management/	https://www.facebook.com/KPMpropertymanagement/		https://karyamanagement.com/acquisitions/2021/new-orlando-properties/				Permissive	Qualification	https://explore.overturemaps.org/#id=03afcf5e-c9a3-42eb-83a8-30fa6b9e6e66; https://karyamanagement.com/	Public Overture website; no usable Overture email. First-party public contact crawl required; no inference.				overture:03afcf5e-c9a3-42eb-83a8-30fa6b9e6e66	karyamanagement.com	18329628845	kpm property management	Hedwig Village	USA	PERMISSIVE	domain:karyamanagement.com
	A	91	Jaco	Costa Rica	HRG Vacation Rentals		holiday_rental_home	C. Los Sueños	+18884904581								overture:0cdde228-3dbb-4299-b860-33f3b739338c	2026-08-15T14:58:08.629204Z		Canonical queue drain | fit A | GitHub MASTER dedupe passed	http://www.hrgvacations.com/		https://www.hrgvacations.com/contact-us	https://www.instagram.com/hrgvacationscr/	https://www.facebook.com/hrgvactions/		https://www.hrgvacations.com/vacation-rentals/villa-lydia-los-suenos				Permissive	Qualification	https://explore.overturemaps.org/#id=0cdde228-3dbb-4299-b860-33f3b739338c; https://www.hrgvacations.com/	Public Overture website; no usable Overture email. First-party public contact crawl required; no inference.				overture:0cdde228-3dbb-4299-b860-33f3b739338c	hrgvacations.com	18884904581	hrg vacation rentals	Jaco	Costa Rica	PERMISSIVE	domain:hrgvacations.com
	A	91	Houston	USA	Denova Living - Property Management		property_management	13831 Northwest Fwy	+17132214226								overture:fa41582f-ecf9-4222-8053-66550baeab05	2026-08-15T14:58:08.629204Z		Canonical queue drain | fit A | GitHub MASTER dedupe passed	https://www.denovaliving.com/		https://www.denovaliving.com/about/	https://www.instagram.com/denovaliving/	https://www.facebook.com/DenovaLiving/		https://www.denovaliving.com/short-term-rentals/				Medium	Recall-first	https://explore.overturemaps.org/#id=fa41582f-ecf9-4222-8053-66550baeab05; https://www.denovaliving.com/	Public Overture website; no usable Overture email. First-party public contact crawl required; no inference.				overture:fa41582f-ecf9-4222-8053-66550baeab05	denovaliving.com	17132214226	denova living property management	Houston	USA	MEDIUM	domain:denovaliving.com
	A	91	Playa Herradura	Costa Rica	CR Luxury Los Sueños Vacation Rentals & Tours			Los Sueños Marina Village	2637 7105								overture:e71c5101-4bd6-4592-aabb-419e716d2401	2026-08-15T14:58:08.629204Z		Canonical queue drain | fit A | GitHub MASTER dedupe passed	http://www.crluxury.com		https://www.crluxury.com/contact-us/	https://www.instagram.com/cr_luxury/		https://api.whatsapp.com/send?phone=50683176703	https://www.crluxury.com/vacation-rentals/				High	Verified	https://explore.overturemaps.org/#id=e71c5101-4bd6-4592-aabb-419e716d2401; https://www.crluxury.com/	Public Overture website; no usable Overture email. First-party public contact crawl required; no inference.				overture:e71c5101-4bd6-4592-aabb-419e716d2401	crluxury.com	26377105	cr luxury los suenos vacation rentals tours	Playa Herradura	Costa Rica	HIGH	domain:crluxury.com
	A	91	Quepos	Costa Rica	Casa Sarita Vacation Home		holiday_rental_home	Pacific Canyon Dr	+17542230919								overture:950f241b-c841-4bb9-bb25-0338ad4af172	2026-08-15T14:58:08.629204Z		Canonical queue drain | fit A | GitHub MASTER dedupe passed	http://www.CasaSaritaCR.com/		https://www.casasaritacr.com/reservations	https://www.instagram.com/casa_sarita_bonita/	https://www.facebook.com/CasaSaritaCostaRica/		https://www.casasaritacr.com/book				High	Verified	https://explore.overturemaps.org/#id=950f241b-c841-4bb9-bb25-0338ad4af172; https://www.casasaritacr.com/	Public Overture website; no usable Overture email. First-party public contact crawl required; no inference.				overture:950f241b-c841-4bb9-bb25-0338ad4af172	casasaritacr.com	17542230919	casa sarita vacation home	Quepos	Costa Rica	HIGH	domain:casasaritacr.com
	A	91	Ponte Vedra Beach	USA	Watson Realty Property Management Ponte Vedra Vacation & Resort Office		property_management	615 A1a N #105	9042855409								overture:6a8722f3-06d8-40cc-b3c1-42dff0314ada	2026-08-15T14:45:08.836038Z		Canonical queue drain | fit A | GitHub MASTER dedupe passed	https://www.watsonresortrentals.com/		https://www.watsonresortrentals.com/about-us	https://www.instagram.com/watsonresorts/	https://www.facebook.com/watsonresortrentals/		https://watsonresortrentals.com/resort/jacksonville-beach-vacation-rentals				High	Verified	https://explore.overturemaps.org/#id=6a8722f3-06d8-40cc-b3c1-42dff0314ada; https://www.watsonresortrentals.com/	Public Overture website; no usable Overture email. First-party public contact crawl required; no inference.				overture:6a8722f3-06d8-40cc-b3c1-42dff0314ada	watsonresortrentals.com	9042855409	watson realty property management ponte vedra vacation resort office	Ponte Vedra Beach	USA	HIGH	domain:watsonresortrentals.com
	A	91	McCurtain County	USA	The Grey Escape Cabin		cabin	37 Nitro Ln	+12142066625								overture:c5a83498-e1fc-4897-b26e-4ef30ff5e163	2026-08-15T14:45:08.836038Z		Canonical queue drain | fit A | GitHub MASTER dedupe passed	https://www.vacana.com/vacation-rentals/The-Grey-Escape/		https://www.vacana.com/contact-us/	https://www.instagram.com/vacana_com/	https://www.facebook.com/vacanaproperties1/		https://www.vacana.com/vacation-rentals/The-Grey-Escape/				High	Verified	https://explore.overturemaps.org/#id=c5a83498-e1fc-4897-b26e-4ef30ff5e163; https://www.vacana.com/vacation-rentals/The-Grey-Escape/	Public Overture website; no usable Overture email. First-party public contact crawl required; no inference.				overture:c5a83498-e1fc-4897-b26e-4ef30ff5e163	vacana.com	12142066625	the grey escape cabin	McCurtain County	USA	HIGH	domain:vacana.com
	A	91	Providenciales and West Caicos	Turks and Caicos Islands	Tranquility Property Management		holiday_rental_home	65 Beechwood Road	+16492324109								overture:94176076-555f-41b5-a706-acdd3155c704	2026-08-15T14:45:08.836038Z		Canonical queue drain | fit A | GitHub MASTER dedupe passed	http://www.tranquilityvillarentals.com/		https://www.tranquilityvillarentals.com/about-us/	https://www.instagram.com/tranquility_pm_tci/	https://www.facebook.com/profile.php/		https://www.tranquilityvillarentals.com/vacation/vacation-rentals-rentals-d0/				High	Verified	https://explore.overturemaps.org/#id=94176076-555f-41b5-a706-acdd3155c704; https://www.tranquilityvillarentals.com/	Public Overture website; no usable Overture email. First-party public contact crawl required; no inference.				overture:94176076-555f-41b5-a706-acdd3155c704	tranquilityvillarentals.com	16492324109	tranquility property management	Providenciales and West Caicos	Turks and Caicos Islands	HIGH	domain:tranquilityvillarentals.com
	A	91	Columbus	USA	Sheffield Property Management		property_management	2920 Edgewood Rd	+17069406940								overture:f07f4fb9-2825-46cb-9a42-fe3b362c5841	2026-08-15T14:45:08.836038Z		Canonical queue drain | fit A | GitHub MASTER dedupe passed	https://sheffieldpropertymanagement.org/		https://sheffieldpropertymanagement.org/about-us	https://www.instagram.com/sheffieldpropertymanagement/	https://www.facebook.com/100628838609047/		https://sheffieldpropertymanagement.org/m/bookings				Medium	Recall-first	https://explore.overturemaps.org/#id=f07f4fb9-2825-46cb-9a42-fe3b362c5841; https://sheffieldpropertymanagement.org/	Public Overture website; no usable Overture email. First-party public contact crawl required; no inference.				overture:f07f4fb9-2825-46cb-9a42-fe3b362c5841	sheffieldpropertymanagement.org	17069406940	sheffield property management	Columbus	USA	MEDIUM	domain:sheffieldpropertymanagement.org
	A	91	Coppell	USA	Real Property Management Engage		property_management	8951 Cypress Waters Blvd Ste 160	2142570101								overture:23a88c77-812b-4f80-be52-d273a713f51a	2026-08-15T14:45:08.836038Z		Canonical queue drain | fit A | GitHub MASTER dedupe passed	https://www.rpmengage.com/?cid=LSTL_RPM000223		https://www.rpmengage.com/about-us	https://www.instagram.com/renteasedfw/	https://www.facebook.com/RPMengage/		https://www.rpmengage.com/houses-rent/vacation-rentals				High	Verified	https://explore.overturemaps.org/#id=23a88c77-812b-4f80-be52-d273a713f51a; https://www.rpmengage.com/?cid=LSTL_RPM000223	Public Overture website; no usable Overture email. First-party public contact crawl required; no inference.				overture:23a88c77-812b-4f80-be52-d273a713f51a	rpmengage.com	2142570101	real property management engage	Coppell	USA	HIGH	domain:rpmengage.com
	A	91	Temple	USA	ODP Property Management		property_management	7363 W Adams Ave	+12542390090								overture:b4e4ea0a-1305-4826-97e9-60a4b995643f	2026-08-15T14:45:08.836038Z		Canonical queue drain | fit A | GitHub MASTER dedupe passed	http://www.RentODP.com/		https://www.rentodp.com/contactus	https://www.instagram.com/odpmanagement/	https://www.facebook.com/ODPmanagement/		https://www.rentodp.com/search-rentals?hsLang=en				Permissive	Qualification	https://explore.overturemaps.org/#id=b4e4ea0a-1305-4826-97e9-60a4b995643f; https://www.rentodp.com/	Public Overture website; no usable Overture email. First-party public contact crawl required; no inference.				overture:b4e4ea0a-1305-4826-97e9-60a4b995643f	rentodp.com	12542390090	odp property management	Temple	USA	PERMISSIVE	domain:rentodp.com
	A	91	Columbus	USA	Prosperkey Property Management		property_management	5820 Veterans Pkwy	+17066706500								overture:8ea1f41b-f8f4-473d-94eb-a0f9cab32661	2026-08-15T14:45:08.836038Z		Canonical queue drain | fit A | GitHub MASTER dedupe passed	http://www.prosperkeymanagement.com/	support@prosperkeymanagement.com	https://www.prosperkeymanagement.com/about		https://www.facebook.com/LettsPropertyManagement/		https://www.prosperkeymanagement.com/columbus-homes-for-rent				Permissive	Qualification	https://explore.overturemaps.org/#id=8ea1f41b-f8f4-473d-94eb-a0f9cab32661; https://www.prosperkeymanagement.com/	Public Overture website; no usable Overture email. First-party public contact crawl required; no inference. Public business email recovered from first-party website; no inference.				overture:8ea1f41b-f8f4-473d-94eb-a0f9cab32661	prosperkeymanagement.com	17066706500	prosperkey property management	Columbus	USA	PERMISSIVE	domain:prosperkeymanagement.com
	A	91	St Johns	USA	Round Table Property Management		property_management	1637 Race Track Rd	+19044697272								overture:85e3004f-e495-4cf3-a1c6-8ec2cb8aedb8	2026-08-15T14:45:08.836038Z		Canonical queue drain | fit A | GitHub MASTER dedupe passed	https://www.propertymanagementjacksonville.com/		https://www.propertymanagementjacksonville.com/about	https://www.instagram.com/roundtablerealtypm/	https://www.facebook.com/RTRPM/		https://www.propertymanagementjacksonville.com/jacksonville-homes-for-rent				Medium	Recall-first	https://explore.overturemaps.org/#id=85e3004f-e495-4cf3-a1c6-8ec2cb8aedb8; https://www.propertymanagementjacksonville.com/	Public Overture website; no usable Overture email. First-party public contact crawl required; no inference.				overture:85e3004f-e495-4cf3-a1c6-8ec2cb8aedb8	propertymanagementjacksonville.com	19044697272	round table property management	St Johns	USA	MEDIUM	domain:propertymanagementjacksonville.com
	A	91	Columbus	USA	Premier Realtors of Columbus Property Management		property_management	7830 Veterans Pkwy Ste C	7065650741								overture:3b8a38fe-ff8f-4429-b853-a16827c044eb	2026-08-15T14:45:08.836038Z		Canonical queue drain | fit A | GitHub MASTER dedupe passed	https://www.premiercolumbusrentals.com/?tcid=GMB		https://www.premiercolumbusrentals.com/about	https://www.instagram.com/premierrealtorsofcolumbus/	https://www.facebook.com/premierc21realtors/		https://www.premiercolumbusrentals.com/columbus-homes-for-rent				Permissive	Qualification	https://explore.overturemaps.org/#id=3b8a38fe-ff8f-4429-b853-a16827c044eb; https://www.premiercolumbusrentals.com/?tcid=GMB	Public Overture website; no usable Overture email. First-party public contact crawl required; no inference.				overture:3b8a38fe-ff8f-4429-b853-a16827c044eb	premiercolumbusrentals.com	7065650741	premier realtors of columbus property management	Columbus	USA	PERMISSIVE	domain:premiercolumbusrentals.com
	A	91	Fernandina Beach	USA	NestTenders Property Management		property_management	910 S 8th St Ste 122	9042364800								overture:0ab8b982-186a-42ae-adc1-3bba2a5a2fda	2026-08-15T14:45:08.836038Z		Canonical queue drain | fit A | GitHub MASTER dedupe passed	https://nesttenders.com/		https://www.nesttenders.com/contact/	https://www.instagram.com/nesttenders/	https://www.facebook.com/nesttenders/		https://www.nesttenders.com/form/reasonable-accommodation-request/				Medium	Recall-first	https://explore.overturemaps.org/#id=0ab8b982-186a-42ae-adc1-3bba2a5a2fda; https://www.nesttenders.com/	Public Overture website; no usable Overture email. First-party public contact crawl required; no inference.				overture:0ab8b982-186a-42ae-adc1-3bba2a5a2fda	nesttenders.com	9042364800	nesttenders property management	Fernandina Beach	USA	MEDIUM	domain:nesttenders.com
	A	91	Jacksonville	USA	Nest Finders Property Management		property_management	9889 Gate Pkwy N #402	9045659040								overture:75063583-a9f5-4945-9138-0b855538f507	2026-08-15T14:45:08.836038Z		Canonical queue drain | fit A | GitHub MASTER dedupe passed	https://www.nestfinders.com/	kim@nestfinders.com	https://www.nestfinders.com/about		https://www.facebook.com/MyNestFinders/		https://www.nestfinders.com/jacksonville-homes-for-rent				Permissive	Qualification	https://explore.overturemaps.org/#id=75063583-a9f5-4945-9138-0b855538f507; https://www.nestfinders.com/; https://www.nestfinders.com/about	Public Overture website; no usable Overture email. First-party public contact crawl required; no inference. Public business email recovered from first-party website; no inference.				overture:75063583-a9f5-4945-9138-0b855538f507	nestfinders.com	9045659040	nest finders property management	Jacksonville	USA	PERMISSIVE	domain:nestfinders.com
	A	91	Richmond Hill	USA	Miller's Property Management		property_management	10385 Ford Ave	+19125726606								overture:7da00bd4-90e1-40ce-91b8-a5beb202acf1	2026-08-15T14:45:08.836038Z		Canonical queue drain | fit A | GitHub MASTER dedupe passed	http://millerspropertymanagement.com/	info@millerspropertymanagement.com	https://millerspropertymanagement.com/about-us/		https://www.facebook.com/millerspropertymanagement/		https://millerspropertymanagement.com/properties/				Permissive	Qualification	https://explore.overturemaps.org/#id=7da00bd4-90e1-40ce-91b8-a5beb202acf1; https://millerspropertymanagement.com/	Public Overture website; no usable Overture email. First-party public contact crawl required; no inference. Public business email recovered from first-party website; no inference.				overture:7da00bd4-90e1-40ce-91b8-a5beb202acf1	millerspropertymanagement.com	19125726606	miller s property management	Richmond Hill	USA	PERMISSIVE	domain:millerspropertymanagement.com
	A	91	Fleming Island	USA	Green River Property Management		property_management	1851 Golden Eagle Way	+19048078331								overture:c3f5c7d6-43bd-4124-8587-4f3df606cc48	2026-08-15T14:45:08.836038Z		Canonical queue drain | fit A | GitHub MASTER dedupe passed	https://www.jacksonvillespropertymanagement.com/		https://www.jacksonvillespropertymanagement.com/about	https://www.instagram.com/greenriverpmjax/	https://www.facebook.com/GreenRiverPM/		https://www.jacksonvillespropertymanagement.com/jacksonville-homes-for-rent				Permissive	Qualification	https://explore.overturemaps.org/#id=c3f5c7d6-43bd-4124-8587-4f3df606cc48; https://www.jacksonvillespropertymanagement.com/	Public Overture website; no usable Overture email. First-party public contact crawl required; no inference.				overture:c3f5c7d6-43bd-4124-8587-4f3df606cc48	jacksonvillespropertymanagement.com	19048078331	green river property management	Fleming Island	USA	PERMISSIVE	domain:jacksonvillespropertymanagement.com
	A	91	Jacksonville	USA	North Pointe Residences		resort	11764 Roberts Masters Blvd.	9045942055								overture:f2c642cf-95ff-41ef-9960-47e64a617fea	2026-08-15T14:45:08.836038Z		Canonical queue drain | fit A | GitHub MASTER dedupe passed	https://homesatnorthpointe.com/		https://homesatnorthpointe.com/contact/	https://www.instagram.com/NorthPointeResidences/	https://www.facebook.com/NorthPointeResidences/		https://homesatnorthpointe.com/views/site/css/theme-7.css?v=1784033157				High	Verified	https://explore.overturemaps.org/#id=f2c642cf-95ff-41ef-9960-47e64a617fea; https://homesatnorthpointe.com/	Public Overture website; no usable Overture email. First-party public contact crawl required; no inference.				overture:f2c642cf-95ff-41ef-9960-47e64a617fea	homesatnorthpointe.com	9045942055	north pointe residences	Jacksonville	USA	HIGH	domain:homesatnorthpointe.com
	A	91	Hinesville	USA	Holtzman Real Estate and Elite Property Management		property_management	1146 Elma G Miles Pkwy	+19128768886								overture:cd2924c8-66e7-43b0-a574-c40d876d92fc	2026-08-15T14:45:08.836038Z		Canonical queue drain | fit A | GitHub MASTER dedupe passed	https://www.holtzmanrealestate.com/		https://www.holtzmanrealestate.com/about	https://www.instagram.com/holtzmanrealestateservices/	https://www.facebook.com/holtzmanrealestate/		https://www.holtzmanrealestate.com/hinesville-homes-for-rent				Permissive	Qualification	https://explore.overturemaps.org/#id=cd2924c8-66e7-43b0-a574-c40d876d92fc; https://www.holtzmanrealestate.com/	Public Overture website; no usable Overture email. First-party public contact crawl required; no inference.				overture:cd2924c8-66e7-43b0-a574-c40d876d92fc	holtzmanrealestate.com	19128768886	holtzman real estate and elite property management	Hinesville	USA	PERMISSIVE	domain:holtzmanrealestate.com
	A	91	Providenciales and West Caicos	Turks and Caicos Islands	Turks and Caicos Vacation Rental		real_estate_service	11 Crescent Road "French Riviera"	+14019658433								overture:a2b81243-8c19-4f6c-9f7c-c72aa33e0678	2026-08-15T14:45:08.836038Z		Canonical queue drain | fit A | GitHub MASTER dedupe passed	http://WWW.GraceBayCondoTCI.com/		https://www.gracebaycondotci.com/amenities	https://www.instagram.com/Grace_Bay_Condo_Provo/	https://www.facebook.com/Stephanie.Grace.Bay.Condo.TCI/		https://www.gracebaycondotci.com/rooms				Medium	Recall-first	https://explore.overturemaps.org/#id=a2b81243-8c19-4f6c-9f7c-c72aa33e0678; https://www.gracebaycondotci.com/	Public Overture website; no usable Overture email. First-party public contact crawl required; no inference.				overture:a2b81243-8c19-4f6c-9f7c-c72aa33e0678	gracebaycondotci.com	14019658433	turks and caicos vacation rental	Providenciales and West Caicos	Turks and Caicos Islands	MEDIUM	domain:gracebaycondotci.com
	A	91	Jacksonville	USA	CrossView Property Management			9393 Mill Springs Dr Ste 220	9048557933								overture:b447180a-e8bb-499e-a8d5-af65497317d0	2026-08-15T14:45:08.836038Z		Canonical queue drain | fit A | GitHub MASTER dedupe passed	https://www.crossviewpropertymanagement.com/		https://www.crossviewpropertymanagement.com/contact	https://www.instagram.com/crossviewpropertymanagement/	https://www.facebook.com/crossviewpm/		https://www.crossviewpropertymanagement.com/available-homes				Permissive	Qualification	https://explore.overturemaps.org/#id=b447180a-e8bb-499e-a8d5-af65497317d0; https://www.crossviewpropertymanagement.com/	Public Overture website; no usable Overture email. First-party public contact crawl required; no inference.				overture:b447180a-e8bb-499e-a8d5-af65497317d0	crossviewpropertymanagement.com	9048557933	crossview property management	Jacksonville	USA	PERMISSIVE	domain:crossviewpropertymanagement.com
	A	91	Murfreesboro	USA	Creekside Vacation Rentals, LLC.		vacation_rental_agent	409 E 13th St	8709251965								overture:903fbc36-ffb4-4cab-9174-26d0963a2515	2026-08-15T14:45:08.836038Z		Canonical queue drain | fit A | GitHub MASTER dedupe passed	http://creeksidevacation.com/	creeksidevacation@yahoo.com	https://creeksidevacation.com/contact/		https://www.facebook.com/creeksidevacation.branch.5/		https://creeksidevacation.com/book-a-stay/				High	Verified	https://explore.overturemaps.org/#id=903fbc36-ffb4-4cab-9174-26d0963a2515; https://creeksidevacation.com/	Public Overture website; no usable Overture email. First-party public contact crawl required; no inference. Public business email recovered from first-party website; no inference.				overture:903fbc36-ffb4-4cab-9174-26d0963a2515	creeksidevacation.com	8709251965	creekside vacation rentals llc	Murfreesboro	USA	HIGH	domain:creeksidevacation.com
	A	91	Richmond Hill	USA	Collaborative Property Management		real_estate_agent	3448 US Highway 17 Ste D	(912) 525-0405								overture:6741b713-ca49-401a-ba5e-499a90eec578	2026-08-15T14:45:08.836038Z		Canonical queue drain | fit A | GitHub MASTER dedupe passed	https://www.cpm.properties	admin@cpm.properties	https://www.cpm.properties/about		https://www.facebook.com/collaborativePM/		https://www.cpm.properties/richmond-hill-homes-for-rent				Medium	Recall-first	https://explore.overturemaps.org/#id=6741b713-ca49-401a-ba5e-499a90eec578; https://www.cpm.properties	Public Overture website; no usable Overture email. First-party public contact crawl required; no inference. Public business email recovered from first-party website; no inference.				overture:6741b713-ca49-401a-ba5e-499a90eec578	cpm.properties	9125250405	collaborative property management	Richmond Hill	USA	MEDIUM	domain:cpm.properties
	A	91	Metairie	USA	Certain Property Management		property_management	3421 N Causeway Blvd	5043422554								overture:7f2f7efa-286f-414a-8ce9-956ba85912eb	2026-08-15T14:45:08.836038Z		Canonical queue drain | fit A | GitHub MASTER dedupe passed	https://certainmanagement.com/	bcouture@certainmanagement.com	https://certainmanagement.com/about-us-property-management-company/		https://www.facebook.com/CertainPropertyManagement/		https://certainmanagement.com/wp-content/uploads/2024/08/Bayou-Villas-III-NEW-PROPERTY.png				Medium	Recall-first	https://explore.overturemaps.org/#id=7f2f7efa-286f-414a-8ce9-956ba85912eb; https://certainmanagement.com/	Public Overture website; no usable Overture email. First-party public contact crawl required; no inference. Public business email recovered from first-party website; no inference.				overture:7f2f7efa-286f-414a-8ce9-956ba85912eb	certainmanagement.com	5043422554	certain property management	Metairie	USA	MEDIUM	domain:certainmanagement.com
	A	91	Cedar Park	USA	CASA Property Management		property_management	1615 Scottsdale Dr Ste 200A	5123354554								overture:8acdf47d-d47e-44b7-ba6c-81001f910336	2026-08-15T14:45:08.836038Z		Canonical queue drain | fit A | GitHub MASTER dedupe passed	https://www.casapropertymanagement.com/		https://casapropertymanagement.com/about/	https://www.instagram.com/casa_property_management/	https://www.facebook.com/CasaPropertyManage/		https://casapropertymanagement.com/portfolio/				Medium	Recall-first	https://explore.overturemaps.org/#id=8acdf47d-d47e-44b7-ba6c-81001f910336; https://casapropertymanagement.com/	Public Overture website; no usable Overture email. First-party public contact crawl required; no inference.				overture:8acdf47d-d47e-44b7-ba6c-81001f910336	casapropertymanagement.com	5123354554	casa property management	Cedar Park	USA	MEDIUM	domain:casapropertymanagement.com
	A	91	Midlothian	USA	BTRG Property Management		property_management	641 Highlander Ave	+19722468375								overture:c6c531cc-de50-4f1d-90f7-cecd1ac3fb0f	2026-08-15T14:45:08.836038Z		Canonical queue drain | fit A | GitHub MASTER dedupe passed	http://www.btrgpm.com/		https://www.btrgpm.com/about	https://www.instagram.com/btrgpropertymanagement/	https://www.facebook.com/btrgpropmanagement/		https://www.btrgpm.com/properties				Medium	Recall-first	https://explore.overturemaps.org/#id=c6c531cc-de50-4f1d-90f7-cecd1ac3fb0f; https://www.btrgpm.com/	Public Overture website; no usable Overture email. First-party public contact crawl required; no inference.				overture:c6c531cc-de50-4f1d-90f7-cecd1ac3fb0f	btrgpm.com	19722468375	btrg property management	Midlothian	USA	MEDIUM	domain:btrgpm.com
	A	91	Broken Bow	USA	Grand Welcome Broken Bow & SE Oklahoma Vacation Rental Management			2177 N US Hwy 259 Unit 1	5804074340								overture:8227b289-6363-4511-9eb3-781c29fc8b5a	2026-08-15T14:45:08.836038Z		Canonical queue drain | fit A | GitHub MASTER dedupe passed	https://www.brokenbowhost.com/		https://www.brokenbowhost.com/about	https://www.instagram.com/grandwelcomebrokenbow/	https://www.facebook.com/grandwelcomebrokenbow/		https://www.brokenbowhost.com/vacation-rentals				High	Verified	https://explore.overturemaps.org/#id=8227b289-6363-4511-9eb3-781c29fc8b5a; https://www.brokenbowhost.com/	Public Overture website; no usable Overture email. First-party public contact crawl required; no inference.				overture:8227b289-6363-4511-9eb3-781c29fc8b5a	brokenbowhost.com	5804074340	grand welcome broken bow se oklahoma vacation rental management	Broken Bow	USA	HIGH	domain:brokenbowhost.com
	A	91	St Marys	USA	Breakwater Property Management		property_management	100 Martha Dr	+19122052630								overture:e12867e2-6fb5-40f5-b458-f319f14363e2	2026-08-15T14:45:08.836038Z		Canonical queue drain | fit A | GitHub MASTER dedupe passed	http://breakwaterpropertymanagement.com/		https://breakwaterpropertymanagement.com/contact	https://www.instagram.com/breakwaterpropertymanagement/	https://www.facebook.com/655006177692116/		https://breakwaterpropertymanagement.com/available-rentals				Permissive	Qualification	https://explore.overturemaps.org/#id=e12867e2-6fb5-40f5-b458-f319f14363e2; https://breakwaterpropertymanagement.com/	Public Overture website; no usable Overture email. First-party public contact crawl required; no inference.				overture:e12867e2-6fb5-40f5-b458-f319f14363e2	breakwaterpropertymanagement.com	19122052630	breakwater property management	St Marys	USA	PERMISSIVE	domain:breakwaterpropertymanagement.com
	A	91	Broken Bow	USA	Travel To Hochatown		hotel	9301 N US Highway 259	+15802120910								overture:aab39b33-bb98-481b-a670-997181ec7220	2026-08-15T14:45:08.836038Z		Canonical queue drain | fit A | GitHub MASTER dedupe passed	https://beaversbendcabins4rent.com/		https://www.beaversbendcabins4rent.com/about-us	https://www.instagram.com/beaversbendluxurycabinrentals/	https://www.facebook.com/beaversbendluxurycabinrentals/		https://www.beaversbendcabins4rent.com/vacational-rental-cabins/economy				High	Verified	https://explore.overturemaps.org/#id=aab39b33-bb98-481b-a670-997181ec7220; https://www.beaversbendcabins4rent.com/	Public Overture website; no usable Overture email. First-party public contact crawl required; no inference.				overture:aab39b33-bb98-481b-a670-997181ec7220	beaversbendcabins4rent.com	15802120910	travel to hochatown	Broken Bow	USA	HIGH	domain:beaversbendcabins4rent.com
	A	91	Broken Bow	USA	Beavers Bend Adventures - Property Management and Cabin Rentals		cabin	175 Post Oak Rd	2147895322								overture:a9b8e01b-547f-49c5-8c95-b2cbcd6372c5	2026-08-15T14:45:08.836038Z		Canonical queue drain | fit A | GitHub MASTER dedupe passed	https://beaversbendadventures.com/	info@beaversbendadventures.com	https://beaversbendadventures.com/about-us		https://www.facebook.com/BeaversBendAdventures/		https://beaversbendadventures.com/cabins				High	Verified	https://explore.overturemaps.org/#id=a9b8e01b-547f-49c5-8c95-b2cbcd6372c5; https://beaversbendadventures.com/	Public Overture website; no usable Overture email. First-party public contact crawl required; no inference. Public business email recovered from first-party website; no inference.				overture:a9b8e01b-547f-49c5-8c95-b2cbcd6372c5	beaversbendadventures.com	2147895322	beavers bend adventures property management and cabin rentals	Broken Bow	USA	HIGH	domain:beaversbendadventures.com
	A	91	Bryan	USA	Elevated Haven Vacation Rentals		holiday_rental_home	3091 University Dr E	+13464134404								overture:61257c57-db57-4158-8fa0-4eac29318cb7	2026-08-15T14:45:08.836038Z		Canonical queue drain | fit A | GitHub MASTER dedupe passed	https://www.aretecompaniesusa.com/		https://www.aretecompaniesusa.com/contact	https://www.instagram.com/elevatedhaven.vacationrentals/	https://www.facebook.com/profile.php/		https://www.aretecompaniesusa.com/vacation-rentals				Medium	Recall-first	https://explore.overturemaps.org/#id=61257c57-db57-4158-8fa0-4eac29318cb7	Public Overture website; no usable Overture email. First-party public contact crawl required; no inference.				overture:61257c57-db57-4158-8fa0-4eac29318cb7	aretecompaniesusa.com	13464134404	elevated haven vacation rentals	Bryan	USA	MEDIUM	domain:aretecompaniesusa.com
	A	91	Waco	USA	Alliance Property Management		property_management	3701 W Waco Dr	+12548700101								overture:06a0fef7-31bb-4fd5-abe1-abfb94a9d04f	2026-08-15T14:45:08.836038Z		Canonical queue drain | fit A | GitHub MASTER dedupe passed	https://alliancepropertyteam.com/		https://alliancepropertyteam.com/about-us/	https://www.instagram.com/alliance.property.management/	https://www.facebook.com/AlliancePropertyManagementOfTexas/		https://alliancepropertyteam.com/wp-content/plugins/bookly-responsive-appointment-booking-tool/frontend/resources/css/ladda.min.css?ver=28.0				Permissive	Qualification	https://explore.overturemaps.org/#id=06a0fef7-31bb-4fd5-abe1-abfb94a9d04f; https://alliancepropertyteam.com/	Public Overture website; no usable Overture email. First-party public contact crawl required; no inference.				overture:06a0fef7-31bb-4fd5-abe1-abfb94a9d04f	alliancepropertyteam.com	12548700101	alliance property management	Waco	USA	PERMISSIVE	domain:alliancepropertyteam.com
	A	91	Austin	USA	1836 Realty & Property Management		property_management	1704 1/2 South Congress Ave Ste E	5129944323								overture:91a6994b-ae34-4c55-aeee-991fa6328d97	2026-08-15T14:45:08.836038Z		Canonical queue drain | fit A | GitHub MASTER dedupe passed	http://www.1836propertymanagement.com/		https://1836propertymanagement.com/about/	https://www.instagram.com/1836propertymanagement/	https://www.facebook.com/1836PropertyManagement/		https://1836propertymanagement.com/homes-for-rent/				Permissive	Qualification	https://explore.overturemaps.org/#id=91a6994b-ae34-4c55-aeee-991fa6328d97; https://1836propertymanagement.com/	Public Overture website; no usable Overture email. First-party public contact crawl required; no inference.				overture:91a6994b-ae34-4c55-aeee-991fa6328d97	1836propertymanagement.com	5129944323	1836 realty property management	Austin	USA	PERMISSIVE	domain:1836propertymanagement.com
	A	91	Jacksonville	USA	KESHMAN PROPERTY MANAGEMENT		property_management	12574 Flagler Center Blvd Ste 101	(904) 990-5606								overture:7d2f5f76-e8f5-49f0-bc53-c1c517485438	2026-08-15T14:45:08.836038Z		Canonical queue drain | fit A | GitHub MASTER dedupe passed	http://www.mypropertymanaged.com	info@mypropertymanaged.com	https://www.mypropertymanaged.com/about	https://www.instagram.com/mypropertymanaged/	https://www.facebook.com/KeshmanPropertyManagement/						Medium	Recall-first	https://explore.overturemaps.org/#id=7d2f5f76-e8f5-49f0-bc53-c1c517485438; https://www.mypropertymanaged.com/	Public Overture website; no usable Overture email. First-party public contact crawl required; no inference. Public business email recovered from first-party website; no inference.				overture:7d2f5f76-e8f5-49f0-bc53-c1c517485438	mypropertymanaged.com	9049905606	keshman property management	Jacksonville	USA	MEDIUM	domain:mypropertymanaged.com
	A	91	Rockwall	USA	APEX Property Management		real_estate_service	2555 Ridge Rd	+19727558901								overture:98dcfab2-d315-4ea1-a7c6-a984faf70fcd	2026-08-15T14:45:08.836038Z		Canonical queue drain | fit A | GitHub MASTER dedupe passed	https://www.cbapex.com/office/cbapr03/2555-ridge-road,-suite-150-rockwall-tx-75087	keith.apexrealty@gmail.com	https://www.cbapex.com/contact	https://www.instagram.com/coldwellbankerapex/	https://www.facebook.com/coldwellbankerapex/						High	Verified	https://explore.overturemaps.org/#id=98dcfab2-d315-4ea1-a7c6-a984faf70fcd; https://www.cbapex.com/office/cbapr03/2555-ridge-road-suite-150-rockwall-tx-75087	Public Overture website; no usable Overture email. First-party public contact crawl required; no inference. Public business email recovered from first-party website; no inference.				overture:98dcfab2-d315-4ea1-a7c6-a984faf70fcd	cbapex.com	19727558901	apex property management	Rockwall	USA	HIGH	domain:cbapex.com
	A	91	Confluence	USA	Yough Vacation Rentals		holiday_rental_home	River Road	+13046859142								overture:fe752b8e-015f-4096-9292-10a1e1230f2b	2026-08-15T14:42:57.441270Z		Canonical queue drain | fit A | GitHub MASTER dedupe passed	http://www.youghvacationrentals.com/	kara@youghvacationrentals.com		https://www.instagram.com/youghvacation/	https://www.facebook.com/youghvacation/		https://www.youghvacationrentals.com:443/book				High	Verified	https://explore.overturemaps.org/#id=fe752b8e-015f-4096-9292-10a1e1230f2b; https://www.youghvacationrentals.com:443/	Public Overture website; no usable Overture email. First-party public contact crawl required; no inference. Public business email recovered from first-party website; no inference.				overture:fe752b8e-015f-4096-9292-10a1e1230f2b	youghvacationrentals.com	13046859142	yough vacation rentals	Confluence	USA	HIGH	domain:youghvacationrentals.com
	A	91	Philadelphia	USA	TierView Property Management		property_management	1357 Ridge Ave	+12675511215								overture:e7c8ddf3-688e-4936-b7fa-98fb10807c4b	2026-08-15T14:42:57.441270Z		Canonical queue drain | fit A | GitHub MASTER dedupe passed	https://www.tierviewdevelopment.com/	info@tierviewdevelopment.com	https://www.tierviewdevelopment.com/contact	https://www.instagram.com/tierviewpm/			https://www.tierviewdevelopment.com/portfolio				Permissive	Qualification	https://explore.overturemaps.org/#id=e7c8ddf3-688e-4936-b7fa-98fb10807c4b; https://www.tierviewdevelopment.com/; https://www.tierviewdevelopment.com/contact	Public Overture website; no usable Overture email. First-party public contact crawl required; no inference. Public business email recovered from first-party website; no inference.				overture:e7c8ddf3-688e-4936-b7fa-98fb10807c4b	tierviewdevelopment.com	12675511215	tierview property management	Philadelphia	USA	PERMISSIVE	domain:tierviewdevelopment.com
	A	91	Cambridge	USA	Yior Property Management		property_management	541 Poplar St	+14432259975								overture:247ea12d-edb6-49e8-b77f-4d5549f3d9eb	2026-08-15T14:42:57.441270Z		Canonical queue drain | fit A | GitHub MASTER dedupe passed	http://www.thepropertyshoppe.net/	greenrealtor@gmail.com	https://www.thepropertyshoppe.net/about-me		https://www.facebook.com/thepropertyshoppellc/		https://www.thepropertyshoppe.net/homes-for-sale-in-easton-md				Permissive	Qualification	https://explore.overturemaps.org/#id=247ea12d-edb6-49e8-b77f-4d5549f3d9eb; https://www.thepropertyshoppe.net/; https://www.thepropertyshoppe.net/about-me	Public Overture website; no usable Overture email. First-party public contact crawl required; no inference. Public business email recovered from first-party website; no inference.				overture:247ea12d-edb6-49e8-b77f-4d5549f3d9eb	thepropertyshoppe.net	14432259975	yior property management	Cambridge	USA	PERMISSIVE	domain:thepropertyshoppe.net
	A	91	Cherry Hill	USA	TerraVestra Property Management		property_management	1305 Kings Highway N Unit 7	8568881696								overture:36642aab-a36a-4b45-bfd3-c5906c9caab9	2026-08-15T14:42:57.441270Z		Canonical queue drain | fit A | GitHub MASTER dedupe passed	https://www.terravestrapropertymanagement.com/		https://www.terravestrapropertymanagement.com/contact	https://www.instagram.com/terravestrarentals/	https://www.facebook.com/terravestrarentals/		https://www.terravestrapropertymanagement.com/available-rentals				Permissive	Qualification	https://explore.overturemaps.org/#id=36642aab-a36a-4b45-bfd3-c5906c9caab9; https://www.terravestrapropertymanagement.com/	Public Overture website; no usable Overture email. First-party public contact crawl required; no inference.				overture:36642aab-a36a-4b45-bfd3-c5906c9caab9	terravestrapropertymanagement.com	8568881696	terravestra property management	Cherry Hill	USA	PERMISSIVE	domain:terravestrapropertymanagement.com
	A	91	Salisbury	USA	Svetlana Leahy Real Estate and Vacation Rental Photography			4001 Doe Run Dr	4436145957								overture:6c69131c-bd6b-445f-8e2c-ebe63698f963	2026-08-15T14:42:57.441270Z		Canonical queue drain | fit A | GitHub MASTER dedupe passed	https://svetlanaleahy.com/		https://svetlanaleahy.com/about/	https://www.instagram.com/svetlanaleahyphotography/	https://www.facebook.com/Svetlana.LeahyPhotography/		https://svetlanaleahy.com/vacations-rentals/				High	Verified	https://explore.overturemaps.org/#id=6c69131c-bd6b-445f-8e2c-ebe63698f963; https://svetlanaleahy.com/	Public Overture website; no usable Overture email. First-party public contact crawl required; no inference.				overture:6c69131c-bd6b-445f-8e2c-ebe63698f963	svetlanaleahy.com	4436145957	svetlana leahy real estate and vacation rental photography	Salisbury	USA	HIGH	domain:svetlanaleahy.com
	A	91	World-Atlas::usa-mexico-caribbean-premium::15-23::lane=site-recovery	Antigua and Barbuda	St. James's Club & Villas		resort	Mamora Bay	(866) 237-2071								overture:6e5f8332-8834-4284-9377-a0b5a082bba3	2026-08-15T14:42:57.441270Z		Canonical queue drain | fit A | GitHub MASTER dedupe passed	http://www.stjamesclubantigua.com/index.html		https://stjamesclubantigua.com/about/	https://www.instagram.com/stjamesantigua/	https://www.facebook.com/stjamesantigua/		https://stjamesclubantigua.com/accommodations/villas/				High	Verified	https://explore.overturemaps.org/#id=6e5f8332-8834-4284-9377-a0b5a082bba3; https://stjamesclubantigua.com/	Public Overture website; no usable Overture email. First-party public contact crawl required; no inference.				overture:6e5f8332-8834-4284-9377-a0b5a082bba3	stjamesclubantigua.com	8662372071	st james s club villas	World-Atlas::usa-mexico-caribbean-premium::15-23::lane=site-recovery	Antigua and Barbuda	HIGH	domain:stjamesclubantigua.com
	A	91	Henderson	USA	Shelter Realty Property Management			2850 W Horizon Ridge Pkwy Ste 210	7023767379								overture:de8aacb3-de90-4a16-9f60-dcb898c16c99	2026-08-15T14:42:57.441270Z		Canonical queue drain | fit A | GitHub MASTER dedupe passed	https://www.shelterrealty.com/las-vegas-property-management/		https://www.shelterrealty.com/contact-us/	https://www.instagram.com/shelterrealty/	https://www.facebook.com/ShelterRealty/		https://www.shelterrealty.com/las-vegas-property-management/short-term-rentals/				High	Verified	https://explore.overturemaps.org/#id=de8aacb3-de90-4a16-9f60-dcb898c16c99; https://www.shelterrealty.com/las-vegas-property-management/	Public Overture website; no usable Overture email. First-party public contact crawl required; no inference.				overture:de8aacb3-de90-4a16-9f60-dcb898c16c99	shelterrealty.com	7023767379	shelter realty property management	Henderson	USA	HIGH	domain:shelterrealty.com
	A	91	Virginia Beach	USA	Sandbridge Blue		holiday_rental_home	2005 Sandbridge Rd	+17574261993								overture:5b00941b-bff2-496e-abc2-4cee0979cd42	2026-08-15T14:42:57.441270Z		Canonical queue drain | fit A | GitHub MASTER dedupe passed	http://www.sandbridgevacationrentals.com/		https://www.sandbridgevacationrentals.com/contact-us	https://www.instagram.com/sandbridgeblue/	https://www.facebook.com/SandbridgeBlue/		https://www.sandbridgevacationrentals.com/sandbridge-vacation-rentals				High	Verified	https://explore.overturemaps.org/#id=5b00941b-bff2-496e-abc2-4cee0979cd42; https://www.sandbridgevacationrentals.com/	Public Overture website; no usable Overture email. First-party public contact crawl required; no inference.				overture:5b00941b-bff2-496e-abc2-4cee0979cd42	sandbridgevacationrentals.com	17574261993	sandbridge blue	Virginia Beach	USA	HIGH	domain:sandbridgevacationrentals.com
	A	91	Richmond	USA	Peak Property Management		property_management	4900 Augusta Ave	+18043723272								overture:e177210a-f690-453d-aa59-2b86177f5636	2026-08-15T14:42:57.441270Z		Canonical queue drain | fit A | GitHub MASTER dedupe passed	http://www.richmondpropertymanagement.net/		http://www.richmondpropertymanagement.net/about	https://www.instagram.com/joinpeakpm/	https://www.facebook.com/joinpeakpm/		http://www.richmondpropertymanagement.net/richmond-homes-for-rent				Permissive	Qualification	https://explore.overturemaps.org/#id=e177210a-f690-453d-aa59-2b86177f5636; http://www.richmondpropertymanagement.net/	Public Overture website; no usable Overture email. First-party public contact crawl required; no inference.				overture:e177210a-f690-453d-aa59-2b86177f5636	richmondpropertymanagement.net	18043723272	peak property management	Richmond	USA	PERMISSIVE	domain:richmondpropertymanagement.net
	A	91	Clifton Heights	USA	Rentwell Property Management		property_management	301 E Baltimore Ave	4842225292								overture:24d3421f-5ed9-4ce6-8841-fdf2ac1ee5a9	2026-08-15T14:42:57.441270Z		Canonical queue drain | fit A | GitHub MASTER dedupe passed	https://www.rentwell.com/		https://rentwell.com/about/	https://www.instagram.com/rentwell_property_management/	https://www.facebook.com/Rentwell-120937848564/		https://rentwell.com/homes-for-rent/				Permissive	Qualification	https://explore.overturemaps.org/#id=24d3421f-5ed9-4ce6-8841-fdf2ac1ee5a9; https://rentwell.com/	Public Overture website; no usable Overture email. First-party public contact crawl required; no inference.				overture:24d3421f-5ed9-4ce6-8841-fdf2ac1ee5a9	rentwell.com	4842225292	rentwell property management	Clifton Heights	USA	PERMISSIVE	domain:rentwell.com
	A	91	Morgantown	USA	Red Brick Property Management		property_management	58 High St	+13044054628								overture:fee1f0b8-6707-43a1-b2e1-ef0ec0b0f67c	2026-08-15T14:42:57.441270Z		Canonical queue drain | fit A | GitHub MASTER dedupe passed	http://www.redbrick-properties.com/	management@redbrick-properties.com	https://www.redbrick-properties.com/contact-us-morgantown-wv-26505		https://www.facebook.com/redbrickprops/		https://www.redbrick-properties.com/hoamanagement				Medium	Recall-first	https://explore.overturemaps.org/#id=fee1f0b8-6707-43a1-b2e1-ef0ec0b0f67c; https://www.redbrick-properties.com/	Public Overture website; no usable Overture email. First-party public contact crawl required; no inference. Public business email recovered from first-party website; no inference.				overture:fee1f0b8-6707-43a1-b2e1-ef0ec0b0f67c	redbrick-properties.com	13044054628	red brick property management	Morgantown	USA	MEDIUM	domain:redbrick-properties.com
	A	91	Virginia Beach	USA	Property Management Solutions		property_management	1100 Eaglewood Dr	+17574256060								overture:ceb6491f-2d4f-4de7-b91d-91adb5f694d9	2026-08-15T14:42:57.441270Z		Canonical queue drain | fit A | GitHub MASTER dedupe passed	http://pmsolutionsva.com		https://www.pmsolutionsva.com/about-us	https://www.instagram.com/pmsolutionsva/	https://www.facebook.com/PMSolutionsVA/		https://www.pmsolutionsva.com/featured-properties				Permissive	Qualification	https://explore.overturemaps.org/#id=ceb6491f-2d4f-4de7-b91d-91adb5f694d9; https://www.pmsolutionsva.com	Public Overture website; no usable Overture email. First-party public contact crawl required; no inference.				overture:ceb6491f-2d4f-4de7-b91d-91adb5f694d9	pmsolutionsva.com	17574256060	property management solutions	Virginia Beach	USA	PERMISSIVE	domain:pmsolutionsva.com
	A	91	Media	USA	Philip Green and Son		property_management	1 Veterans Sq	+16105662100								overture:32c880bc-a014-4678-a729-6d3c433fbbca	2026-08-15T14:42:57.441270Z		Canonical queue drain | fit A | GitHub MASTER dedupe passed	http://pgsrentals.com/	info@pgsrentals.com	https://pgsrentals.com/contact/		https://www.facebook.com/PhilipGreenAndSonPropertyManagement/		https://pgsrentals.com/feed/				Permissive	Qualification	https://explore.overturemaps.org/#id=32c880bc-a014-4678-a729-6d3c433fbbca; https://pgsrentals.com/	Public Overture website; no usable Overture email. First-party public contact crawl required; no inference. Public business email recovered from first-party website; no inference.				overture:32c880bc-a014-4678-a729-6d3c433fbbca	pgsrentals.com	16105662100	philip green and son	Media	USA	PERMISSIVE	domain:pgsrentals.com
	A	91	New Providence	USA	Mussers' Historic Country Suites Vacation Rentals in Lancaster PA		holiday_rental_home	56 Main St	+17177868974								overture:24675c61-896c-4106-8c6c-e0b93fb88139	2026-08-15T14:42:57.441270Z		Canonical queue drain | fit A | GitHub MASTER dedupe passed	http://mussershistoriccountrysuites.com/	barbdeen@gmail.com	https://mussershistoriccountrysuites.com/booking/		https://www.facebook.com/pages/Mussers-Historic-Country-Suites-Vacation-Rentals-in-Lancaster-PA/332132424356/		https://mussershistoriccountrysuites.com/vacation-rentals-lancaster-pa/				High	Verified	https://explore.overturemaps.org/#id=24675c61-896c-4106-8c6c-e0b93fb88139; https://mussershistoriccountrysuites.com/; https://mussershistoriccountrysuites.com/booking/	Public Overture website; no usable Overture email. First-party public contact crawl required; no inference. Public business email recovered from first-party website; no inference.				overture:24675c61-896c-4106-8c6c-e0b93fb88139	mussershistoriccountrysuites.com	17177868974	mussers historic country suites vacation rentals in lancaster pa	New Providence	USA	HIGH	domain:mussershistoriccountrysuites.com
	A	91	Frederick	USA	Matan Property Management		property_management	8560 Progress Dr	(301) 624-2112								overture:d25a302e-cf97-4906-9317-9b9ab2a44856	2026-08-15T14:42:57.441270Z		Canonical queue drain | fit A | GitHub MASTER dedupe passed	http://www.mataninc.com	zjung@mataninc.com	https://mataninc.com/about-us		https://www.facebook.com/MatanCompanies/		https://mataninc.com/properties				Permissive	Qualification	https://explore.overturemaps.org/#id=d25a302e-cf97-4906-9317-9b9ab2a44856; https://mataninc.com/; https://mataninc.com/about-us	Public Overture website; no usable Overture email. First-party public contact crawl required; no inference. Public business email recovered from first-party website; no inference.				overture:d25a302e-cf97-4906-9317-9b9ab2a44856	mataninc.com	3016242112	matan property management	Frederick	USA	PERMISSIVE	domain:mataninc.com
	A	91	Woodbridge	USA	Real Property Management Pros		property_management	2700 Neabsco Common Pl Ste 101	7039971097								overture:8fc8f927-bffb-49f3-853c-06ae58c5857d	2026-08-15T14:42:57.441270Z		Canonical queue drain | fit A | GitHub MASTER dedupe passed	https://www.managementpros.com/		https://www.managementpros.com/about-us/	https://www.instagram.com/realpropertymanagement_pros/	https://www.facebook.com/RealPropertyManagementPROS/		https://www.managementpros.com/rental-properties-virginia/				Permissive	Qualification	https://explore.overturemaps.org/#id=8fc8f927-bffb-49f3-853c-06ae58c5857d; https://www.managementpros.com/	Public Overture website; no usable Overture email. First-party public contact crawl required; no inference.				overture:8fc8f927-bffb-49f3-853c-06ae58c5857d	managementpros.com	7039971097	real property management pros	Woodbridge	USA	PERMISSIVE	domain:managementpros.com
	A	91	Fredericksburg	USA	Lorac Realty & Property Management		property_management	904 Princess Anne St	+15408986988								overture:80781ca2-2c9b-4bfe-9b7d-5f7034068e5e	2026-08-15T14:42:57.441270Z		Canonical queue drain | fit A | GitHub MASTER dedupe passed	http://Loracrealtyandpropertymanagement.com/		https://www.loracrealtyandpropertymanagement.com/about	https://www.instagram.com/loracproperty/	https://www.facebook.com/pages/Lorac-Realty-and-Management/727491493947638/		https://www.loracrealtyandpropertymanagement.com/stafford-homes-for-rent				Permissive	Qualification	https://explore.overturemaps.org/#id=80781ca2-2c9b-4bfe-9b7d-5f7034068e5e; https://www.loracrealtyandpropertymanagement.com/	Public Overture website; no usable Overture email. First-party public contact crawl required; no inference.				overture:80781ca2-2c9b-4bfe-9b7d-5f7034068e5e	loracrealtyandpropertymanagement.com	15408986988	lorac realty property management	Fredericksburg	USA	PERMISSIVE	domain:loracrealtyandpropertymanagement.com
	A	91	Las Vegas	USA	Isidro Ruiz - REALTOR | Property Manager		property_management	1627 East Windmill Lane, Suite 400	7022753658								overture:12e82842-2414-418a-b390-edc81a87385b	2026-08-15T14:42:57.441270Z		Canonical queue drain | fit A | GitHub MASTER dedupe passed	http://www.lasvegashomeseekers.com/	isidrorealtor@gmail.com	https://www.lasvegashomeseekers.com/about/	https://www.instagram.com/sidruiz702/	https://www.facebook.com/sidruizrealtor/						Permissive	Qualification	https://explore.overturemaps.org/#id=12e82842-2414-418a-b390-edc81a87385b; https://www.lasvegashomeseekers.com/about/; https://www.lasvegashomeseekers.com/	Public Overture website; no usable Overture email. First-party public contact crawl required; no inference. Public business email recovered from first-party website; no inference.				overture:12e82842-2414-418a-b390-edc81a87385b	lasvegashomeseekers.com	7022753658	isidro ruiz realtor property manager	Las Vegas	USA	PERMISSIVE	domain:lasvegashomeseekers.com
	A	91	Las Vegas	USA	Innovative Property Management		property_management	2975 S Rainbow Blvd	(702) 478-2236								overture:0523ab8b-24c0-4581-b16e-d671984a12ff	2026-08-15T14:42:57.441270Z		Canonical queue drain | fit A | GitHub MASTER dedupe passed	http://iresvegas.com/property-management	brandy@iresvegas.com	https://www.iresvegas.com/contact-us/		https://www.facebook.com/IRESLasVegas/		https://www.iresvegas.com/featured-properties/				Permissive	Qualification	https://explore.overturemaps.org/#id=0523ab8b-24c0-4581-b16e-d671984a12ff; https://www.iresvegas.com/property-management-las-vegas/	Public Overture website; no usable Overture email. First-party public contact crawl required; no inference. Public business email recovered from first-party website; no inference.				overture:0523ab8b-24c0-4581-b16e-d671984a12ff	iresvegas.com	7024782236	innovative property management	Las Vegas	USA	PERMISSIVE	domain:iresvegas.com
	A	91	Columbia	USA	Harmony Property Management		property_management	5457 Twin Knolls Rd	+14433106687								overture:f9e5519e-6988-4573-aea5-f06d7e9248f6	2026-08-15T14:42:57.441270Z		Canonical queue drain | fit A | GitHub MASTER dedupe passed	http://hpmus.com/	info@hpmus.com	https://hpmus.com/about-us/		https://www.facebook.com/Harmony-Property-Management-107300251862513/		https://hpmus.com/properties/				Medium	Recall-first	https://explore.overturemaps.org/#id=f9e5519e-6988-4573-aea5-f06d7e9248f6; https://hpmus.com/	Public Overture website; no usable Overture email. First-party public contact crawl required; no inference. Public business email recovered from first-party website; no inference.				overture:f9e5519e-6988-4573-aea5-f06d7e9248f6	hpmus.com	14433106687	harmony property management	Columbia	USA	MEDIUM	domain:hpmus.com
	A	91	Media	USA	Homestead Property Management		property_management	1020 E Baltimore Pike	6105650550								overture:929ca0ea-d294-48d5-8516-b48dcaaa195d	2026-08-15T14:42:57.441270Z		Canonical queue drain | fit A | GitHub MASTER dedupe passed	https://www.homesteadrents.com/	admin@homesteadrents.com	https://www.homesteadrents.com/about-us		https://www.facebook.com/Homesteadpropmgmt/		https://www.homesteadrents.com/feed/atom				Medium	Recall-first	https://explore.overturemaps.org/#id=929ca0ea-d294-48d5-8516-b48dcaaa195d; https://www.homesteadrents.com/	Public Overture website; no usable Overture email. First-party public contact crawl required; no inference. Public business email recovered from first-party website; no inference.				overture:929ca0ea-d294-48d5-8516-b48dcaaa195d	homesteadrents.com	6105650550	homestead property management	Media	USA	MEDIUM	domain:homesteadrents.com
	A	91	Las Vegas	USA	HomeLab Realty And Property Management		property_management	8330 W Sahara Ave	+17029134663								overture:98df3381-9cbe-441d-bda7-c8c39f62a51f	2026-08-15T14:42:57.441270Z		Canonical queue drain | fit A | GitHub MASTER dedupe passed	http://HomeLabRealty.com/	sos@homelabrealty.com	https://www.homelabrealty.com/about/	https://www.instagram.com/sosvegasrealtor/			https://www.homelabrealty.com/our-properties/				High	Verified	https://explore.overturemaps.org/#id=98df3381-9cbe-441d-bda7-c8c39f62a51f; https://www.homelabrealty.com/	Public Overture website; no usable Overture email. First-party public contact crawl required; no inference. Public business email recovered from first-party website; no inference.				overture:98df3381-9cbe-441d-bda7-c8c39f62a51f	homelabrealty.com	17029134663	homelab realty and property management	Las Vegas	USA	HIGH	domain:homelabrealty.com
	A	91	Pahrump	USA	Freedom House Property Management		property_management	401 S Frontage Rd, Ste 1	7757274444								overture:3baa0d90-a297-4590-9420-97765f41d092	2026-08-15T14:42:57.441270Z		Canonical queue drain | fit A | GitHub MASTER dedupe passed	https://www.freedomhousepropertymanagement.com/		https://www.freedomhousepropertymanagement.com/about	https://www.instagram.com/freedomhousepropertymanagement/	https://www.facebook.com/freedomhousepropertymanagement/		https://www.freedomhousepropertymanagement.com/pahrump-homes-for-rent				Permissive	Qualification	https://explore.overturemaps.org/#id=3baa0d90-a297-4590-9420-97765f41d092; https://www.freedomhousepropertymanagement.com/	Public Overture website; no usable Overture email. First-party public contact crawl required; no inference.				overture:3baa0d90-a297-4590-9420-97765f41d092	freedomhousepropertymanagement.com	7757274444	freedom house property management	Pahrump	USA	PERMISSIVE	domain:freedomhousepropertymanagement.com
	A	91	Fredericksburg	USA	Fredericksburg Area Rentals & Property Management		property_management	10601 Courthouse Rd	+15408983316								overture:e1af5464-3022-45e9-b16f-6ad07652bb95	2026-08-15T14:42:57.441270Z		Canonical queue drain | fit A | GitHub MASTER dedupe passed	http://fredericksburgarearentals.com/		https://www.fredericksburgarearentals.com/contact-us	https://www.instagram.com/fredarearentals/	https://www.facebook.com/fredericksburgarearentals/		https://www.fredericksburgarearentals.com/property-listings				Medium	Recall-first	https://explore.overturemaps.org/#id=e1af5464-3022-45e9-b16f-6ad07652bb95; https://www.fredericksburgarearentals.com/	Public Overture website; no usable Overture email. First-party public contact crawl required; no inference.				overture:e1af5464-3022-45e9-b16f-6ad07652bb95	fredericksburgarearentals.com	15408983316	fredericksburg area rentals property management	Fredericksburg	USA	MEDIUM	domain:fredericksburgarearentals.com
	A	91	Easton	USA	Eastern Shore Vacation Rentals		vacation_rental_agent	719 Goldsborough St	4107709093								overture:87fbd7c8-6d8a-4ffe-8a73-058257929d3f	2026-08-15T14:42:57.441270Z		Canonical queue drain | fit A | GitHub MASTER dedupe passed	https://easternshorevacations.com/		https://easternshorevacations.com/about-us/	https://www.instagram.com/easternshorevacations/	https://www.facebook.com/EasternShoreVacationRentals/		https://easternshorevacations.com/vacation-rentals/m/properties/blue-herons-villa				High	Verified	https://explore.overturemaps.org/#id=87fbd7c8-6d8a-4ffe-8a73-058257929d3f; https://easternshorevacations.com/	Public Overture website; no usable Overture email. First-party public contact crawl required; no inference.				overture:87fbd7c8-6d8a-4ffe-8a73-058257929d3f	easternshorevacations.com	4107709093	eastern shore vacation rentals	Easton	USA	HIGH	domain:easternshorevacations.com
	A	91	Cape Charles	USA	Day Dream Believer Vacation Rental		holiday_rental_home	110 Sunset Blvd									overture:a8db5393-186d-446c-ad31-2db5f22c31d3	2026-08-15T14:42:57.441270Z		Canonical queue drain | fit A | GitHub MASTER dedupe passed	https://www.coastalshore.com/coastal-shore-vacation-rentals/day-dream-believer	stay@coastalshore.com	https://www.coastalshore.com/contact-us	https://www.instagram.com/coastal_shore_vacations/	https://www.facebook.com/@coastalshorevacations/		https://www.coastalshore.com/coastal-shore-vacation-rentals				High	Verified	https://explore.overturemaps.org/#id=a8db5393-186d-446c-ad31-2db5f22c31d3; https://www.coastalshore.com/coastal-shore-vacation-rentals/day-dream-believer	Public Overture website; no usable Overture email. First-party public contact crawl required; no inference. Public business email recovered from first-party website; no inference.				overture:a8db5393-186d-446c-ad31-2db5f22c31d3	coastalshore.com		day dream believer vacation rental	Cape Charles	USA	HIGH	domain:coastalshore.com
	A	91	Philadelphia	USA	2000 Spruce St Aparthotel		service_apartment	2000 Spruce St	+12159854604								overture:1240e852-9be0-467f-b197-a0a6617959df	2026-08-15T14:42:57.441270Z		Canonical queue drain | fit A | GitHub MASTER dedupe passed	https://www.citylivingphilly.com/2000Spruce	leasing@citylivingphilly.com	https://www.citylivingphilly.com/contact-us	https://www.instagram.com/2000spruce/			https://www.citylivingphilly.com/2000SpruceSuites				High	Verified	https://explore.overturemaps.org/#id=1240e852-9be0-467f-b197-a0a6617959df; https://www.citylivingphilly.com/2000Spruce	Public Overture website; no usable Overture email. First-party public contact crawl required; no inference. Public business email recovered from first-party website; no inference.				overture:1240e852-9be0-467f-b197-a0a6617959df	citylivingphilly.com	12159854604	2000 spruce st aparthotel	Philadelphia	USA	HIGH	domain:citylivingphilly.com
	A	91	Charlottesville	USA	KRS Property Management Charlottesville		property_management	230 Court Sq	+14346029633								overture:1b93c0f4-22f6-4adc-b8ee-1f146a0a38f3	2026-08-15T14:42:57.441270Z		Canonical queue drain | fit A | GitHub MASTER dedupe passed	https://www.charlottesvilleproperty.management/	greatrichmondrentals@gmail.com	https://www.charlottesvilleproperty.management/about-us/careers		https://www.facebook.com/krsholdings.property/		https://www.charlottesvilleproperty.management/featured-properties				Permissive	Qualification	https://explore.overturemaps.org/#id=1b93c0f4-22f6-4adc-b8ee-1f146a0a38f3; https://www.charlottesvilleproperty.management/; https://www.charlottesvilleproperty.management/about	Public Overture website; no usable Overture email. First-party public contact crawl required; no inference. Public business email recovered from first-party website; no inference.				overture:1b93c0f4-22f6-4adc-b8ee-1f146a0a38f3	charlottesvilleproperty.management	14346029633	krs property management charlottesville	Charlottesville	USA	PERMISSIVE	domain:charlottesvilleproperty.management
	A	91	Baltimore	USA	C. Brown Property Management		property_management	114 W Read St	+14105217050								overture:bf4e98b1-111a-4133-a178-8cb9feb1e586	2026-08-15T14:42:57.441270Z		Canonical queue drain | fit A | GitHub MASTER dedupe passed	http://www.cbrownproperties.com/home.html		http://www.cbrownproperties.com/about/	https://www.instagram.com/cbrownproperties/	https://www.facebook.com/pages/C-Brown-Properties/177205192155/		http://www.cbrownproperties.com/property-listings/				Permissive	Qualification	https://explore.overturemaps.org/#id=bf4e98b1-111a-4133-a178-8cb9feb1e586; http://www.cbrownproperties.com/	Public Overture website; no usable Overture email. First-party public contact crawl required; no inference.				overture:bf4e98b1-111a-4133-a178-8cb9feb1e586	cbrownproperties.com	14105217050	c brown property management	Baltimore	USA	PERMISSIVE	domain:cbrownproperties.com
	A	91	Caño Negro	Costa Rica	Casa Mairena Vacation Rental in Costa Rica		cabin	Caño Negro, 50 mas north from the main across	24711012								overture:862d7c6e-3fc4-4aaa-ab69-05b20dd2b2d5	2026-08-15T14:42:57.441270Z		Canonical queue drain | fit A | GitHub MASTER dedupe passed	https://costaricavacationrentals.canonegro.com/	hdc506@gmail.com	https://costaricavacationrentals.canonegro.com/contact/			https://wa.me/+50688771212?text=I+like+to+rent+Casa+Mairena%2C+please+contact+me	https://costaricavacationrentals.canonegro.com/feed/				High	Verified	https://explore.overturemaps.org/#id=862d7c6e-3fc4-4aaa-ab69-05b20dd2b2d5; https://costaricavacationrentals.canonegro.com/contact/	Public Overture website; no usable Overture email. First-party public contact crawl required; no inference. Public business email recovered from first-party website; no inference.				overture:862d7c6e-3fc4-4aaa-ab69-05b20dd2b2d5	canonegro.com	24711012	casa mairena vacation rental in costa rica	Caño Negro	Costa Rica	HIGH	domain:canonegro.com
	A	91	Las Vegas	USA	Dana Realty Group and Property Management		property_management	8565 S Eastern Ave	+17024874695								overture:8adf3a19-f576-4196-9d5d-21768671717e	2026-08-15T14:42:57.441270Z		Canonical queue drain | fit A | GitHub MASTER dedupe passed	http://www.buysellrent702.com/	wendidana1@gmail.com	https://www.buysellrent702.com/contact-us		https://www.facebook.com/pages/Dana-Realty-Group/406745152771693/		https://www.buysellrent702.com/henderson-homes-for-rent				Permissive	Qualification	https://explore.overturemaps.org/#id=8adf3a19-f576-4196-9d5d-21768671717e; https://www.buysellrent702.com/; https://www.buysellrent702.com/contact-us	Public Overture website; no usable Overture email. First-party public contact crawl required; no inference. Public business email recovered from first-party website; no inference.				overture:8adf3a19-f576-4196-9d5d-21768671717e	buysellrent702.com	17024874695	dana realty group and property management	Las Vegas	USA	PERMISSIVE	domain:buysellrent702.com
	A	91	Severna Park	USA	Associated Property Management		property_management	844 Ritchie Hwy	+14104215010								overture:e127a6ae-84e3-40cf-9bd9-1405b31cd81d	2026-08-15T14:42:57.441270Z		Canonical queue drain | fit A | GitHub MASTER dedupe passed	http://associated-property.com/		https://associated-property.com/about-us/	https://www.instagram.com/associatedpropertymngmt/	https://www.facebook.com/associatedpropertymgmt/		https://associated-property.com/our-properties/				Permissive	Qualification	https://explore.overturemaps.org/#id=e127a6ae-84e3-40cf-9bd9-1405b31cd81d; https://associated-property.com/	Public Overture website; no usable Overture email. First-party public contact crawl required; no inference.				overture:e127a6ae-84e3-40cf-9bd9-1405b31cd81d	associated-property.com	14104215010	associated property management	Severna Park	USA	PERMISSIVE	domain:associated-property.com
	A	91	Warrenton	USA	VHS Property Management		property_management	32 Waterloo St Ste 210	5408258100								overture:859cf34f-7c53-4c66-97b4-21169ab31654	2026-08-15T14:42:57.441270Z		Canonical queue drain | fit A | GitHub MASTER dedupe passed	https://www.vhsmanagement.com/	info@vhsmanagement.com	https://www.vhsmanagement.com/about/	https://www.instagram.com/vhsmanagement/	https://www.facebook.com/therealestatestoreva/						Permissive	Qualification	https://explore.overturemaps.org/#id=859cf34f-7c53-4c66-97b4-21169ab31654; https://www.vhsmanagement.com/	Public Overture website; no usable Overture email. First-party public contact crawl required; no inference. Public business email recovered from first-party website; no inference.				overture:859cf34f-7c53-4c66-97b4-21169ab31654	vhsmanagement.com	5408258100	vhs property management	Warrenton	USA	PERMISSIVE	domain:vhsmanagement.com
	A	91	St John	US Virgin Islands	St. John Condo & Villa Rentals | U.S. Virgin Island Vacation		holiday_rental_home	17 Rock Ridge Road	+17133194686								overture:d6cefbb7-fb7f-4f6c-a59a-50130d3bc01b	2026-08-15T14:42:57.441270Z		Canonical queue drain | fit A | GitHub MASTER dedupe passed	http://stjohncondos.com/	info@stjohncondos.com	https://stjohncondos.com/about-us	https://www.instagram.com/stjohncondos/	https://www.facebook.com/stjohncondos/						High	Verified	https://explore.overturemaps.org/#id=d6cefbb7-fb7f-4f6c-a59a-50130d3bc01b; https://stjohncondos.com/	Public Overture website; no usable Overture email. First-party public contact crawl required; no inference. Public business email recovered from first-party website; no inference.				overture:d6cefbb7-fb7f-4f6c-a59a-50130d3bc01b	stjohncondos.com	17133194686	st john condo villa rentals u s virgin island vacation	St John	US Virgin Islands	HIGH	domain:stjohncondos.com
	A	91	Herndon	USA	Open Window Property Management		property_management	13880 Dulles Corner Ln Ste 300E	4077481326								overture:0b822824-40ba-4f87-966f-e0cbe917ae77	2026-08-15T14:42:57.441270Z		Canonical queue drain | fit A | GitHub MASTER dedupe passed	http://openwindowpm.com/	president@openwindowpm.com	https://openwindowpm.com/about-us/	https://www.instagram.com/openwindowpmllc/	https://www.facebook.com/OpenWindowPropertyManagement/						Permissive	Qualification	https://explore.overturemaps.org/#id=0b822824-40ba-4f87-966f-e0cbe917ae77; https://openwindowpm.com/	Public Overture website; no usable Overture email. First-party public contact crawl required; no inference. Public business email recovered from first-party website; no inference.				overture:0b822824-40ba-4f87-966f-e0cbe917ae77	openwindowpm.com	4077481326	open window property management	Herndon	USA	PERMISSIVE	domain:openwindowpm.com
	A	91	Baltimore	USA	One Eyed Jack Property Management		property_management	2920 Odonnell St	+14435744089								overture:322a1c03-5bcc-4f35-9ab6-59a39d6ebda2	2026-08-15T14:42:57.441270Z		Canonical queue drain | fit A | GitHub MASTER dedupe passed	http://www.oneeyedjackpm.com/	angela@oneeyedjackpm.com	https://oneeyedjackpm.com/about-us/	https://www.instagram.com/oneeyedjackpm/	https://www.facebook.com/oneeyedjackpm/						Medium	Recall-first	https://explore.overturemaps.org/#id=322a1c03-5bcc-4f35-9ab6-59a39d6ebda2; https://oneeyedjackpm.com/; https://oneeyedjackpm.com/contact/	Public Overture website; no usable Overture email. First-party public contact crawl required; no inference. Public business email recovered from first-party website; no inference.				overture:322a1c03-5bcc-4f35-9ab6-59a39d6ebda2	oneeyedjackpm.com	14435744089	one eyed jack property management	Baltimore	USA	MEDIUM	domain:oneeyedjackpm.com
	A	91	Ocean City	USA	Ocean City Maryland Beach Rentals contact Debbie Lizardi		holiday_rental_home	9500 Coastal Hwy	+15703871201								overture:651d3f84-3692-42d1-be5f-ff192ff02a13	2026-08-15T14:42:57.441270Z		Canonical queue drain | fit A | GitHub MASTER dedupe passed	http://ocmdvacationrentals.com/	oceancitydebbie@gmail.com	https://www.ocmdvacationrentals.com/about	https://www.instagram.com/ocmdvacationrentals/	https://www.facebook.com/oceancityvactionrentals/						High	Verified	https://explore.overturemaps.org/#id=651d3f84-3692-42d1-be5f-ff192ff02a13; https://www.ocmdvacationrentals.com/; https://www.ocmdvacationrentals.com/contact	Public Overture website; no usable Overture email. First-party public contact crawl required; no inference. Public business email recovered from first-party website; no inference.				overture:651d3f84-3692-42d1-be5f-ff192ff02a13	ocmdvacationrentals.com	15703871201	ocean city maryland beach rentals contact debbie lizardi	Ocean City	USA	HIGH	domain:ocmdvacationrentals.com
	A	91	Monroe	USA	Morris Orchard Vacation Rentals		holiday_rental_home	162 Tobacco Row Ln	(434) 929-2401								overture:9dd0c4cd-af81-4c7e-b386-83b6906de012	2026-08-15T14:42:57.441270Z		Canonical queue drain | fit A | GitHub MASTER dedupe passed	http://www.morrisorchard.com/stay	info@morrisorchard.com	https://morrisorchard.com/contact/	https://www.instagram.com/morrisorchard/	https://www.facebook.com/morrisorchardva/						High	Verified	https://explore.overturemaps.org/#id=9dd0c4cd-af81-4c7e-b386-83b6906de012; https://morrisorchard.com/stay/	Public Overture website; no usable Overture email. First-party public contact crawl required; no inference. Public business email recovered from first-party website; no inference.				overture:9dd0c4cd-af81-4c7e-b386-83b6906de012	morrisorchard.com	4349292401	morris orchard vacation rentals	Monroe	USA	HIGH	domain:morrisorchard.com
	A	91	Mammoth Lakes	USA	Mammoth Lakes Vacation Rental Management by Grand Welcome			587 Old Mammoth Rd Ste B	7609249784								overture:b8692178-f2e3-4041-b42b-47c4764769cb	2026-08-15T14:42:57.441270Z		Canonical queue drain | fit A | GitHub MASTER dedupe passed	https://www.mammothlakesmanagement.com/	hello@mammothlakesmanagement.com	https://www.mammothlakesmanagement.com/about	https://www.instagram.com/grandwelcome/	https://www.facebook.com/grandwelcome/						High	Verified	https://explore.overturemaps.org/#id=b8692178-f2e3-4041-b42b-47c4764769cb; https://www.mammothlakesmanagement.com/	Public Overture website; no usable Overture email. First-party public contact crawl required; no inference. Public business email recovered from first-party website; no inference.				overture:b8692178-f2e3-4041-b42b-47c4764769cb	mammothlakesmanagement.com	7609249784	mammoth lakes vacation rental management by grand welcome	Mammoth Lakes	USA	HIGH	domain:mammothlakesmanagement.com
	A	91	California	USA	COPT Property Management Services		real_estate_service	44425 Pecan Ct	+12408950142								overture:4df0148f-3449-456c-ab36-9bb3cf11cd3c	2026-08-15T14:42:57.441270Z		Canonical queue drain | fit A | GitHub MASTER dedupe passed	http://www.copt.com/	ir@copt.com	https://www.copt.com/contact/	https://www.instagram.com/coptdefenseproperties/	https://www.facebook.com/COPTDefense/						Permissive	Qualification	https://explore.overturemaps.org/#id=4df0148f-3449-456c-ab36-9bb3cf11cd3c; https://www.copt.com/; https://www.copt.com/contact/	Public Overture website; no usable Overture email. First-party public contact crawl required; no inference. Public business email recovered from first-party website; no inference.				overture:4df0148f-3449-456c-ab36-9bb3cf11cd3c	copt.com	12408950142	copt property management services	California	USA	PERMISSIVE	domain:copt.com
	A	91	Waldorf	USA	301 Property Management		property_management	11705 Berry Rd	+13013749930								overture:8cd5bb2b-6145-49fb-917f-69b464598c0f	2026-08-15T14:42:57.441270Z		Canonical queue drain | fit A | GitHub MASTER dedupe passed	http://www.compassrpm.com	karen@compassrpm.com	https://www.compassrpm.com/about-us	https://www.instagram.com/compassrpm/	https://www.facebook.com/Compass-Property-Management-219738921897717/						Permissive	Qualification	https://explore.overturemaps.org/#id=8cd5bb2b-6145-49fb-917f-69b464598c0f; https://www.compassrpm.com/	Public Overture website; no usable Overture email. First-party public contact crawl required; no inference. Public business email recovered from first-party website; no inference.				overture:8cd5bb2b-6145-49fb-917f-69b464598c0f	compassrpm.com	13013749930	301 property management	Waldorf	USA	PERMISSIVE	domain:compassrpm.com
	A	91	Edgewater	USA	AnchorPoint Property Management		property_management	163 Mitchells Chance Rd	+14105201744								overture:557c27b0-3947-406f-afa5-870d1423f89f	2026-08-15T14:42:57.441270Z		Canonical queue drain | fit A | GitHub MASTER dedupe passed	http://WWW.ANCHORPOINTRE.COM/	info@anchorpointre.com	https://anchorpointre.com/about/	https://www.instagram.com/anchorpointre/	https://www.facebook.com/people/AnchorPoint-Property-Management/61577433445912/						Permissive	Qualification	https://explore.overturemaps.org/#id=557c27b0-3947-406f-afa5-870d1423f89f; https://anchorpointre.com/	Public Overture website; no usable Overture email. First-party public contact crawl required; no inference. Public business email recovered from first-party website; no inference.				overture:557c27b0-3947-406f-afa5-870d1423f89f	anchorpointre.com	14105201744	anchorpoint property management	Edgewater	USA	PERMISSIVE	domain:anchorpointre.com
	A	91	Indianapolis	USA	WILMOTH Group - Indianapolis Property Management		property_management	9855 Crosspoint Blvd., Ste 148	3178423400								overture:94503fc4-8fab-4955-b7af-2f5f0c6a1bca	2026-08-15T14:40:50.096394Z		Canonical queue drain | fit A | GitHub MASTER dedupe passed	https://wilmothgroup.com/?utm_source=Google+Business&utm_medium=Referral	hello@wilmothgroup.com	https://www.wilmothgroup.com/about		https://www.facebook.com/WILMOTHGroup/		https://www.wilmothgroup.com/indianapolis-homes-for-rent				Medium	Recall-first	https://explore.overturemaps.org/#id=94503fc4-8fab-4955-b7af-2f5f0c6a1bca; https://www.wilmothgroup.com/?utm_source=Google Businessutm_medium=Referral	Public Overture website; no usable Overture email. First-party public contact crawl required; no inference. Public business email recovered from first-party website; no inference.				overture:94503fc4-8fab-4955-b7af-2f5f0c6a1bca	wilmothgroup.com	3178423400	wilmoth group indianapolis property management	Indianapolis	USA	MEDIUM	domain:wilmothgroup.com
	A	91	Nashville	USA	UrbanNashville Vacation Rentals		property_management	1906 Seminole Ave	(615) 669-1293								overture:512c6b51-0867-4164-b67d-ff584141a1fd	2026-08-15T14:40:50.096394Z		Canonical queue drain | fit A | GitHub MASTER dedupe passed	http://urbannashvillevacationrentals.com		https://urbannashvillevacationrentals.com/about/	https://www.instagram.com/urbannashvacations/	https://www.facebook.com/UrbanNashVacations/		https://urbannashvillevacationrentals.com/business-stays/				High	Verified	https://explore.overturemaps.org/#id=512c6b51-0867-4164-b67d-ff584141a1fd; https://urbannashvillevacationrentals.com/	Public Overture website; no usable Overture email. First-party public contact crawl required; no inference.				overture:512c6b51-0867-4164-b67d-ff584141a1fd	urbannashvillevacationrentals.com	6156691293	urbannashville vacation rentals	Nashville	USA	HIGH	domain:urbannashvillevacationrentals.com
	A	91	Clarksville	USA	TopFlight Realty & Property Management		property_management	2180 Peachers Mill Rd	+19315721570								overture:77b37cc3-561e-4331-9b67-5763c8e47b0e	2026-08-15T14:40:50.096394Z		Canonical queue drain | fit A | GitHub MASTER dedupe passed	http://www.topflightpropertymgmt.com/		https://www.topflightpropertymgmt.com/about	https://www.instagram.com/tfpmclarksville/	https://www.facebook.com/TopFlightRPM/		https://www.topflightpropertymgmt.com/rented-properties				Permissive	Qualification	https://explore.overturemaps.org/#id=77b37cc3-561e-4331-9b67-5763c8e47b0e; https://www.topflightpropertymgmt.com/	Public Overture website; no usable Overture email. First-party public contact crawl required; no inference.				overture:77b37cc3-561e-4331-9b67-5763c8e47b0e	topflightpropertymgmt.com	19315721570	topflight realty property management	Clarksville	USA	PERMISSIVE	domain:topflightpropertymgmt.com
	A	91	Murfreesboro	USA	Stones River Property Management		property_management	2122 N Thompson Ln	+16158499227								overture:3a4afc79-76cb-48fc-bc73-386689f872e9	2026-08-15T14:40:50.096394Z		Canonical queue drain | fit A | GitHub MASTER dedupe passed	http://www.stonesriverproperties.com/		https://www.stonesriverproperties.com/about	https://www.instagram.com/stonesriverpropertymanagement/	https://www.facebook.com/stonesriverproperties/		https://www.stonesriverproperties.com/tenant-portal				Permissive	Qualification	https://explore.overturemaps.org/#id=3a4afc79-76cb-48fc-bc73-386689f872e9; https://www.stonesriverproperties.com/	Public Overture website; no usable Overture email. First-party public contact crawl required; no inference.				overture:3a4afc79-76cb-48fc-bc73-386689f872e9	stonesriverproperties.com	16158499227	stones river property management	Murfreesboro	USA	PERMISSIVE	domain:stonesriverproperties.com
	A	91	Evansville	USA	Royal Inn		hotel	1901 N Fares Ave	+18124247501								overture:e5e87116-6955-4c42-b694-f310102303e9	2026-08-15T14:40:50.096394Z		Canonical queue drain | fit A | GitHub MASTER dedupe passed	https://www.royalhotelgroup.ca	info@royalhotelgroup.ca	https://www.royalhotelgroup.ca/about-us		https://www.facebook.com/royalhotelgroup/		https://www.royalhotelgroup.ca/ada-accessible-accommodations				High	Verified	https://explore.overturemaps.org/#id=e5e87116-6955-4c42-b694-f310102303e9; https://www.royalhotelgroup.ca	Public Overture website; no usable Overture email. First-party public contact crawl required; no inference. Public business email recovered from first-party website; no inference.				overture:e5e87116-6955-4c42-b694-f310102303e9	royalhotelgroup.ca	18124247501	royal inn	Evansville	USA	HIGH	domain:royalhotelgroup.ca
	A	91	Thompson's Station	USA	RAM Property Management		property_management	4690 Columbia Pike	+16156673062								overture:5ab47e32-dade-44e3-9ce5-45f764a1229d	2026-08-15T14:40:50.096394Z		Canonical queue drain | fit A | GitHub MASTER dedupe passed	http://www.rampropertiestn.com/		https://www.rampropertiestn.com/long-term-rental	https://www.instagram.com/rampmtn/	https://www.facebook.com/rampropertymanagementtn/		https://www.rampropertiestn.com/vacation-rentals				Permissive	Qualification	https://explore.overturemaps.org/#id=5ab47e32-dade-44e3-9ce5-45f764a1229d; https://www.rampropertiestn.com/	Public Overture website; no usable Overture email. First-party public contact crawl required; no inference.				overture:5ab47e32-dade-44e3-9ce5-45f764a1229d	rampropertiestn.com	16156673062	ram property management	Thompson's Station	USA	PERMISSIVE	domain:rampropertiestn.com
	A	91	Brentwood	USA	GreenTree Property Management		property_management	229 Ward Circle Ste C-23	6155884500								overture:3d66ee1e-bd29-4b2b-8c1f-16c4113edacd	2026-08-15T14:40:50.096394Z		Canonical queue drain | fit A | GitHub MASTER dedupe passed	https://www.nashvillepropertymanager.com/		https://www.nashvillepropertymanager.com/about	https://www.instagram.com/greentreepropertymanagement/	https://www.facebook.com/GreenTreePropertyManagers/		https://www.nashvillepropertymanager.com/nashville-homes-for-rent				Medium	Recall-first	https://explore.overturemaps.org/#id=3d66ee1e-bd29-4b2b-8c1f-16c4113edacd; https://www.nashvillepropertymanager.com/	Public Overture website; no usable Overture email. First-party public contact crawl required; no inference.				overture:3d66ee1e-bd29-4b2b-8c1f-16c4113edacd	nashvillepropertymanager.com	6155884500	greentree property management	Brentwood	USA	MEDIUM	domain:nashvillepropertymanager.com
	A	91	New Concord	USA	Kentucky Lake vacation rentals		vacation_rental_agent	786 Waterway Trl	2709788310								overture:cfeadec7-179e-4471-99b7-360112cfb622	2026-08-15T14:40:50.096394Z		Canonical queue drain | fit A | GitHub MASTER dedupe passed	https://www.kylakevacationrentals.com/	kylakelife@gmail.com	https://kylakevacationrentals.com/contact/		https://www.facebook.com/tracimarkum/		https://kylakevacationrentals.com/feed/				High	Verified	https://explore.overturemaps.org/#id=cfeadec7-179e-4471-99b7-360112cfb622; https://kylakevacationrentals.com/contact/; https://kylakevacationrentals.com/	Public Overture website; no usable Overture email. First-party public contact crawl required; no inference. Public business email recovered from first-party website; no inference.				overture:cfeadec7-179e-4471-99b7-360112cfb622	kylakevacationrentals.com	2709788310	kentucky lake vacation rentals	New Concord	USA	HIGH	domain:kylakevacationrentals.com
	A	91	Indianapolis	USA	ES Property Management LLC			3091 E 98th St Ste 280	3178839790								overture:334870a0-2bf8-4b8e-b5a3-9f9824fd9a29	2026-08-15T14:40:50.096394Z		Canonical queue drain | fit A | GitHub MASTER dedupe passed	https://www.indianapolispropertymanagement.com/		https://www.indianapolispropertymanagement.com/about	https://www.instagram.com/pmi.midwest/	https://www.facebook.com/propertymanagementmidwest/		https://www.indianapolispropertymanagement.com/indianapolis-vacation-rentals				Permissive	Qualification	https://explore.overturemaps.org/#id=334870a0-2bf8-4b8e-b5a3-9f9824fd9a29; https://www.indianapolispropertymanagement.com/	Public Overture website; no usable Overture email. First-party public contact crawl required; no inference.				overture:334870a0-2bf8-4b8e-b5a3-9f9824fd9a29	indianapolispropertymanagement.com	3178839790	es property management llc	Indianapolis	USA	PERMISSIVE	domain:indianapolispropertymanagement.com
	A	91	Indianapolis	USA	Herron Property Management		property_management	920 N Shadeland Ave	+13179278283								overture:e1c8cd85-a5f8-4c23-b4c6-c7b68d3662d1	2026-08-15T14:40:50.096394Z		Canonical queue drain | fit A | GitHub MASTER dedupe passed	http://herronpm.com/		https://herronpm.com/contact-us	https://www.instagram.com/herronpropertymanagement/	https://www.facebook.com/101801838352634/		https://herronpm.com/our-portfolio				Permissive	Qualification	https://explore.overturemaps.org/#id=e1c8cd85-a5f8-4c23-b4c6-c7b68d3662d1; https://herronpm.com/	Public Overture website; no usable Overture email. First-party public contact crawl required; no inference.				overture:e1c8cd85-a5f8-4c23-b4c6-c7b68d3662d1	herronpm.com	13179278283	herron property management	Indianapolis	USA	PERMISSIVE	domain:herronpm.com
	A	91	Brazil	USA	Emmert Property Management		real_estate_agent	925 W National Ave	(812) 446-4208								overture:94f1f7a4-3120-470a-bd91-27d674ab2e19	2026-08-15T14:40:50.096394Z		Canonical queue drain | fit A | GitHub MASTER dedupe passed	http://www.emmertproperty.com	cindy@emmertproperty.com	https://www.emmertproperty.com/contact		https://www.facebook.com/Emmert-Property-Management-1409684339274893/		https://www.emmertproperty.com/vanes-apartments				High	Verified	https://explore.overturemaps.org/#id=94f1f7a4-3120-470a-bd91-27d674ab2e19; https://www.emmertproperty.com/	Public Overture website; no usable Overture email. First-party public contact crawl required; no inference. Public business email recovered from first-party website; no inference.				overture:94f1f7a4-3120-470a-bd91-27d674ab2e19	emmertproperty.com	8124464208	emmert property management	Brazil	USA	HIGH	domain:emmertproperty.com
	A	91	Jonesboro	USA	Cabin Rentals in Southern Illinois		holiday_rental_home	750 Morgan School Rd	(618) 697-1019								overture:0256b905-98ce-450b-b9e5-e17c32485b5b	2026-08-15T14:40:50.096394Z		Canonical queue drain | fit A | GitHub MASTER dedupe passed	https://docslakesidecabin.com	info@docslakesidecabin.com	https://docslakesidecabin.com/about-us/		https://www.facebook.com/DocsLakesideCabin/		https://docslakesidecabin.com/accommodations/				High	Verified	https://explore.overturemaps.org/#id=0256b905-98ce-450b-b9e5-e17c32485b5b; https://docslakesidecabin.com	Public Overture website; no usable Overture email. First-party public contact crawl required; no inference. Public business email recovered from first-party website; no inference.				overture:0256b905-98ce-450b-b9e5-e17c32485b5b	docslakesidecabin.com	6186971019	cabin rentals in southern illinois	Jonesboro	USA	HIGH	domain:docslakesidecabin.com
	A	91	Evansville	USA	Carousel Property Management		rental_service	1309 Carousel Ct	8129623402								overture:ff78acc3-c4f8-4933-a096-d24c5df6f600	2026-08-15T14:40:50.096394Z		Canonical queue drain | fit A | GitHub MASTER dedupe passed	http://www.cpmevv.com/	leasing@cpmevv.com	https://cpmevv.com/contact/		https://www.facebook.com/carouselcourtapts/		https://cpmevv.com/apartments-and-rentals-in-evansville/				Permissive	Qualification	https://explore.overturemaps.org/#id=ff78acc3-c4f8-4933-a096-d24c5df6f600; https://cpmevv.com/	Public Overture website; no usable Overture email. First-party public contact crawl required; no inference. Public business email recovered from first-party website; no inference.				overture:ff78acc3-c4f8-4933-a096-d24c5df6f600	cpmevv.com	8129623402	carousel property management	Evansville	USA	PERMISSIVE	domain:cpmevv.com
	A	91	St Matthews	USA	Gambols Property Management | Property Management | Louisville KY		property_management	3921 Staebler Ave	+15024450179								overture:8c92922a-e53a-425d-a034-68dae4e1325c	2026-08-15T14:40:50.096394Z		Canonical queue drain | fit A | GitHub MASTER dedupe passed	http://Bluegrassmultifamily.com/		https://bluegrassmultifamily.com/contact-us		https://www.facebook.com/103458644767732/	https://wa.me/17864684951	https://bluegrassmultifamily.com/six-mile-apartments				Permissive	Qualification	https://explore.overturemaps.org/#id=8c92922a-e53a-425d-a034-68dae4e1325c; https://bluegrassmultifamily.com/	Public Overture website; no usable Overture email. First-party public contact crawl required; no inference.				overture:8c92922a-e53a-425d-a034-68dae4e1325c	bluegrassmultifamily.com	15024450179	gambols property management property management louisville ky	St Matthews	USA	PERMISSIVE	domain:bluegrassmultifamily.com
	A	91	Nashville	USA	Grand Welcome Nashville - Vacation Rentals & Property Management		property_management	938 W Eastland Ave Ste D	6159887360								overture:fdee6f49-7e96-4ca6-b11b-0cbd4b72022c	2026-08-15T14:40:50.096394Z		Canonical queue drain | fit A | GitHub MASTER dedupe passed	https://www.nashvillehost.com/	hello@nashvillehost.com	https://www.nashvillehost.com/about	https://www.instagram.com/grandwelcome/	https://www.facebook.com/grandwelcome/						High	Verified	https://explore.overturemaps.org/#id=fdee6f49-7e96-4ca6-b11b-0cbd4b72022c; https://www.nashvillehost.com/	Public Overture website; no usable Overture email. First-party public contact crawl required; no inference. Public business email recovered from first-party website; no inference.				overture:fdee6f49-7e96-4ca6-b11b-0cbd4b72022c	nashvillehost.com	6159887360	grand welcome nashville vacation rentals property management	Nashville	USA	HIGH	domain:nashvillehost.com
	A	91	Indianapolis	USA	Aspen Property Management		property_management	1319 E Stop 10 Rd	(317) 888-8501								overture:522a2742-a2e3-4c02-a4a6-966cc02b7b65	2026-08-15T14:40:50.096394Z		Canonical queue drain | fit A | GitHub MASTER dedupe passed	http://indental.org	contact@indental.org	https://indental.org/about/contact-us/	https://www.instagram.com/indental/	https://www.facebook.com/indental/						Permissive	Qualification	https://explore.overturemaps.org/#id=522a2742-a2e3-4c02-a4a6-966cc02b7b65; https://indental.org/	Public Overture website; no usable Overture email. First-party public contact crawl required; no inference. Public business email recovered from first-party website; no inference.				overture:522a2742-a2e3-4c02-a4a6-966cc02b7b65	indental.org	3178888501	aspen property management	Indianapolis	USA	PERMISSIVE	domain:indental.org
	A	91	Franklin	USA	Grand Welcome Franklin Vacation Rental Management		vacation_rental_agent	725 Cool Springs Blvd Ste 600 Unit G	6155701995								overture:7facff40-ea1f-4651-9948-8b181664a41d	2026-08-15T14:40:50.096394Z		Canonical queue drain | fit A | GitHub MASTER dedupe passed	https://www.franklinhost.com/	josh@franklinhost.com	https://www.franklinhost.com/about	https://www.instagram.com/grandwelcomefranklin/	https://www.facebook.com/profile.php/						High	Verified	https://explore.overturemaps.org/#id=7facff40-ea1f-4651-9948-8b181664a41d; https://www.franklinhost.com/	Public Overture website; no usable Overture email. First-party public contact crawl required; no inference. Public business email recovered from first-party website; no inference.				overture:7facff40-ea1f-4651-9948-8b181664a41d	franklinhost.com	6155701995	grand welcome franklin vacation rental management	Franklin	USA	HIGH	domain:franklinhost.com
	A	91	Christ Church	Barbados	Vacation Rentals		holiday_rental_home		+447921769656								overture:df2a8697-cb9a-4f17-aa37-3f845d561d1b	2026-08-15T14:37:02.161687Z		Canonical queue drain | fit A | GitHub MASTER dedupe passed	http://Www.vrib.bb/		https://vrib.bb/contact	https://www.instagram.com/beautifulbarbados/	https://www.facebook.com/@VacationRentalsInBarbados/		https://vrib.bb/properties/deja-blue				Permissive	Qualification	https://explore.overturemaps.org/#id=df2a8697-cb9a-4f17-aa37-3f845d561d1b; https://vrib.bb/; https://vrib.bb/contact	Public Overture website; no usable Overture email. First-party public contact crawl required; no inference.				overture:df2a8697-cb9a-4f17-aa37-3f845d561d1b	vrib.bb	447921769656	vacation rentals	Christ Church	Barbados	PERMISSIVE	domain:vrib.bb
	A	91	Mulshi	India	Riverstone Property Management		property_management	Life Republic by Kolte-Patil Secter No-R6, Flat No-A/208 SURVEY NO.74 Marunji, Marunji-Karsarsai, Road	+918855850894								overture:81ff12c8-4a22-4f0b-8cbe-0c71b5890043	2026-08-15T14:37:02.161687Z		Canonical queue drain | fit A | GitHub MASTER dedupe passed	http://www.riverstonehub.com/	riverstonefeedback@gmail.com	https://www.riverstonehub.com/about_us.php	https://www.instagram.com/riverstone_property_management/	https://www.facebook.com/Riverstone-Property-Management-Pvt-Ltd-107394881699007/						Permissive	Qualification	https://explore.overturemaps.org/#id=81ff12c8-4a22-4f0b-8cbe-0c71b5890043; https://www.riverstonehub.com/	Public Overture site+email; zero-HTTP V6 cheap-screen. Final MASTER dedupe/QA required.				overture:81ff12c8-4a22-4f0b-8cbe-0c71b5890043	riverstonehub.com	918855850894	riverstone property management	Mulshi	India	PERMISSIVE	domain:riverstonehub.com
	A	91	Bardez	India	Raman Resort		beach_resort	Khobrawaddo, behind Babreshwar Temple	+919822180133								overture:eac1280e-6478-4248-85d3-7309a5373adb	2026-08-15T14:37:02.161687Z		Canonical queue drain | fit A | GitHub MASTER dedupe passed	http://www.ramangoa.com/	manoj996@hotmail.com	https://www.ramangoa.com/contact-us		https://www.facebook.com/Raman-Resort-1636351383293871/		https://www.ramangoa.com/booking-policy				High	Verified	https://explore.overturemaps.org/#id=eac1280e-6478-4248-85d3-7309a5373adb	Public Overture site+email; zero-HTTP V6 cheap-screen. Final MASTER dedupe/QA required.				overture:eac1280e-6478-4248-85d3-7309a5373adb	ramangoa.com	919822180133	raman resort	Bardez	India	HIGH	domain:ramangoa.com
	A	91	Louisville	USA	Peak Property Management		property_management	724 Main St	+13039745477								overture:be10155b-8a94-4a25-8255-681059d4c17f	2026-08-15T14:37:02.161687Z		Canonical queue drain | fit A | GitHub MASTER dedupe passed	http://peakpmelevated.com/		https://www.peakpmelevated.com/contact-1	https://www.instagram.com/peakpmelevated/	https://www.facebook.com/peakpmelevated/		https://www.peakpmelevated.com/current-rentals-3				Permissive	Qualification	https://explore.overturemaps.org/#id=be10155b-8a94-4a25-8255-681059d4c17f; https://www.peakpmelevated.com/	Public Overture website; no usable Overture email. First-party public contact crawl required; no inference.				overture:be10155b-8a94-4a25-8255-681059d4c17f	peakpmelevated.com	13039745477	peak property management	Louisville	USA	PERMISSIVE	domain:peakpmelevated.com
	A	91	Mulshi	India	Nisarg Holiday Home		holiday_rental_home	Chameli path, Girivan	+919822314304								overture:43634af5-4ca8-41fd-8b48-637d58e21e59	2026-08-15T14:37:02.161687Z		Canonical queue drain | fit A | GitHub MASTER dedupe passed	http://www.nisargholidayhome.com/	nisargholidayhome@gmail.com		https://www.instagram.com/nisargholidayhome/	https://www.facebook.com/NisargHolidayHome/	https://api.whatsapp.com/send?phone=+919822314304&text=Hello%20I%20am%20interested%20in%20Nisarg%20Holiday%20Homes,%20Please%20Share%20Details.					High	Verified	https://explore.overturemaps.org/#id=43634af5-4ca8-41fd-8b48-637d58e21e59; https://www.nisargholidayhome.com/	Public Overture site+email; zero-HTTP V6 cheap-screen. Final MASTER dedupe/QA required.				overture:43634af5-4ca8-41fd-8b48-637d58e21e59	nisargholidayhome.com	919822314304	nisarg holiday home	Mulshi	India	HIGH	domain:nisargholidayhome.com
	A	91	Mawal	India	Mangovillas Holidays LLP		resort	Malavli Boraj Rd	+917559191500								overture:d5bffb19-daae-4c29-9e5c-9d7c30abee31	2026-08-15T14:37:02.161687Z		Canonical queue drain | fit A | GitHub MASTER dedupe passed	http://www.Mangovillas.in/	shan_9579@yahoo.com	https://www.mangovillas.in/contact	https://www.instagram.com/mangovillas_official/		https://wa.me/917058586778?text=Hi%2C%20I%20have%20checked%20your%20website%20and%20would%20like%20to%20know%20more%20about%20availability%20and%20booking					High	Verified	https://explore.overturemaps.org/#id=d5bffb19-daae-4c29-9e5c-9d7c30abee31; https://www.mangovillas.in/	Public Overture site+email; zero-HTTP V6 cheap-screen. Final MASTER dedupe/QA required.				overture:d5bffb19-daae-4c29-9e5c-9d7c30abee31	mangovillas.in	917559191500	mangovillas holidays llp	Mawal	India	HIGH	domain:mangovillas.in
	A	91	Ocho Rios	Jamaica	Lavender Moon Villas		resort	Breadnut hill, 9WR5+7G6	8765161421								overture:bec036b4-a2bd-49b3-a02b-44f73c7c55f8	2026-08-15T14:37:02.161687Z		Canonical queue drain | fit A | GitHub MASTER dedupe passed	https://lavendermoon.net/	reservations@lavendermoon.net	https://www.lavendermoon.net/my-reservation			https://wa.me/18765068440	https://www.lavendermoon.net/book				High	Verified	https://explore.overturemaps.org/#id=bec036b4-a2bd-49b3-a02b-44f73c7c55f8; https://www.lavendermoon.net/	Public Overture website; no usable Overture email. First-party public contact crawl required; no inference. Public business email recovered from first-party website; no inference.				overture:bec036b4-a2bd-49b3-a02b-44f73c7c55f8	lavendermoon.net	8765161421	lavender moon villas	Ocho Rios	Jamaica	HIGH	domain:lavendermoon.net
	A	91	Mumbai	India	Hari Holiday Home		travel_company	Thakur Village	+918975565876								overture:e572fc64-41dd-4f80-9a0c-e6e41f42e354	2026-08-15T14:37:02.161687Z		Canonical queue drain | fit A | GitHub MASTER dedupe passed	http://www.hariholidayhome.com/	raj@hariholidayhome.com	https://www.hariholidayhome.com/about-us		https://www.facebook.com/rajcoolsall/		https://www.hariholidayhome.com/book-online				High	Verified	https://explore.overturemaps.org/#id=e572fc64-41dd-4f80-9a0c-e6e41f42e354	Public Overture site+email; zero-HTTP V6 cheap-screen. Final MASTER dedupe/QA required.				overture:e572fc64-41dd-4f80-9a0c-e6e41f42e354	hariholidayhome.com	918975565876	hari holiday home	Mumbai	India	HIGH	domain:hariholidayhome.com
	A	91	Mumbai	India	Grand Residency Hotel and Serviced Apartments		service_apartment	21 29th Road	+912261425000								overture:f9f20c46-a25d-4cdb-8951-42140a87499e	2026-08-15T14:37:02.161687Z		Canonical queue drain | fit A | GitHub MASTER dedupe passed	http://www.grandresidency.com	gm@grandresidency.com	http://www.grandresidency.com/about-us.html	https://www.instagram.com/grand_residency_hotel/	https://www.facebook.com/grandresidency/						High	Verified	https://explore.overturemaps.org/#id=f9f20c46-a25d-4cdb-8951-42140a87499e	Public Overture site+email; zero-HTTP V6 cheap-screen. Final MASTER dedupe/QA required.				overture:f9f20c46-a25d-4cdb-8951-42140a87499e	grandresidency.com	912261425000	grand residency hotel and serviced apartments	Mumbai	India	HIGH	domain:grandresidency.com
	A	91	Westminster	USA	Copper Vine Property Management		property_management	11859 Pecos St	+13037507070								overture:e459ba29-5ebb-44b4-84d7-075e34e49746	2026-08-15T14:37:02.161687Z		Canonical queue drain | fit A | GitHub MASTER dedupe passed	https://www.coppervinepropertymanagement.com/		https://www.coppervinepropertymanagement.com/about	https://www.instagram.com/coppervinepm/	https://www.facebook.com/p/Copper-Vine-Property-Management-61579614155032/		https://www.coppervinepropertymanagement.com/westminster-homes-for-rent				Permissive	Qualification	https://explore.overturemaps.org/#id=e459ba29-5ebb-44b4-84d7-075e34e49746; https://www.coppervinepropertymanagement.com/	Public Overture website; no usable Overture email. First-party public contact crawl required; no inference.				overture:e459ba29-5ebb-44b4-84d7-075e34e49746	coppervinepropertymanagement.com	13037507070	copper vine property management	Westminster	USA	PERMISSIVE	domain:coppervinepropertymanagement.com
	A	91	Mumbai	India	Concorde Service Apartment		hotel		+19136897788								overture:e1dacebf-2266-4904-9df2-a7eed686e56c	2026-08-15T14:37:02.161687Z		Canonical queue drain | fit A | GitHub MASTER dedupe passed	http://www.concordeapt.com/	concordeoffice003@gmail.com	https://concordeapt.com/contactus/		https://www.facebook.com/concordeapartments/		https://concordeapt.com/short-term-rentals-in-mumbai/				High	Verified	https://explore.overturemaps.org/#id=e1dacebf-2266-4904-9df2-a7eed686e56c	Public Overture site+email; zero-HTTP V6 cheap-screen. Final MASTER dedupe/QA required.				overture:e1dacebf-2266-4904-9df2-a7eed686e56c	concordeapt.com	19136897788	concorde service apartment	Mumbai	India	HIGH	domain:concordeapt.com
	A	91	Alibag Sub-District	India	Casa Feliz, The Goan Pool Villa, A Boutique Resort In Alibag		resort	Alibaug Revas Road	+919833399916								overture:8de2ec2e-d46f-4075-962a-fa7ae3026bce	2026-08-15T14:37:02.161687Z		Canonical queue drain | fit A | GitHub MASTER dedupe passed	http://www.casafelizalibag.com/	info.casafeliz@gmail.com	http://www.casafelizalibag.com/about.php	https://www.instagram.com/casafeliz.alibaug/	https://www.facebook.com/casafeliz.alibag/						High	Verified	https://explore.overturemaps.org/#id=8de2ec2e-d46f-4075-962a-fa7ae3026bce; http://www.casafelizalibag.com/	Public Overture site+email; zero-HTTP V6 cheap-screen. Final MASTER dedupe/QA required.				overture:8de2ec2e-d46f-4075-962a-fa7ae3026bce	casafelizalibag.com	919833399916	casa feliz the goan pool villa a boutique resort in alibag	Alibag Sub-District	India	HIGH	domain:casafelizalibag.com
	A	91	Avon	USA	Westview Highlands Lodge Avon		ski_resort	15 Highlands Ln	(970) 949-5071								overture:444848d2-ebbb-4cda-94dd-e33add70fea4	2026-08-15T14:37:02.161687Z		Canonical queue drain | fit A | GitHub MASTER dedupe passed	https://www.beavercreekmountainlodging.com		https://beavercreekmountainlodging.com/about-us/	https://www.instagram.com/eastwesthospitalitybeavercreek/	https://www.facebook.com/EastWestHospitalityBeaverCreek/		https://beavercreekmountainlodging.com/property/meadows-townhomes/				High	Verified	https://explore.overturemaps.org/#id=444848d2-ebbb-4cda-94dd-e33add70fea4; https://beavercreekmountainlodging.com/	Public Overture website; no usable Overture email. First-party public contact crawl required; no inference.				overture:444848d2-ebbb-4cda-94dd-e33add70fea4	beavercreekmountainlodging.com	9709495071	westview highlands lodge avon	Avon	USA	HIGH	domain:beavercreekmountainlodging.com
	A	91	Panama City	USA	Young's Beach Vacation Rentals		vacation_rental_agent	17757 Front Beach Rd	6366983550								overture:b995d6f0-0906-4fea-b147-3ff43a7fe34c	2026-08-15T14:26:22.331630Z		Canonical queue drain | fit A | GitHub MASTER dedupe passed	http://www.westpcbcondos.com/	amber@westpcbcondos.com		https://www.instagram.com/youngsvacayrentals/	https://www.facebook.com/westpcbcondos/		https://www.westpcbcondos.com/book				High	Verified	https://explore.overturemaps.org/#id=b995d6f0-0906-4fea-b147-3ff43a7fe34c; https://www.westpcbcondos.com:443/	Public Overture website; no usable Overture email. First-party public contact crawl required; no inference. Public business email recovered from first-party website; no inference.				overture:b995d6f0-0906-4fea-b147-3ff43a7fe34c	westpcbcondos.com	6366983550	young s beach vacation rentals	Panama City	USA	HIGH	domain:westpcbcondos.com
	A	91	Las Terrenas	Dominican Republic	Vacation Rentals Las Terrenas		holiday_rental_home	Pedro Franscisco bono	+18295846821								overture:0b076ab0-44e4-44ed-929f-441405a8accd	2026-08-15T14:26:22.331630Z		Canonical queue drain | fit A | GitHub MASTER dedupe passed	http://www.travel-lasterrenas.com/		https://www.travel-lasterrenas.com/contact	https://www.instagram.com/Travel_lasterrenas/	https://www.facebook.com/villarentalslasterrenas/		https://www.travel-lasterrenas.com/vacation-rental-villa-beachfront				High	Verified	https://explore.overturemaps.org/#id=0b076ab0-44e4-44ed-929f-441405a8accd; https://www.travel-lasterrenas.com/	Public Overture website; no usable Overture email. First-party public contact crawl required; no inference.				overture:0b076ab0-44e4-44ed-929f-441405a8accd	travel-lasterrenas.com	18295846821	vacation rentals las terrenas	Las Terrenas	Dominican Republic	HIGH	domain:travel-lasterrenas.com
	A	91	Panama City Beach	USA	Southern Sunset Condo Rentals		vacation_rental_agent	17545 Front Beach Rd	8507641186								overture:e0b43ab0-45a1-4dc0-b87f-7fbe1b2334e8	2026-08-15T14:26:22.331630Z		Canonical queue drain | fit A | GitHub MASTER dedupe passed	https://www.southernsunsetcondos.com/		http://southernsunsetcondos.com/book-now/	https://www.instagram.com/southernsunsetcondos/	https://www.facebook.com/southernsunsetcondos/		http://southernsunsetcondos.com/book-now/				High	Verified	https://explore.overturemaps.org/#id=e0b43ab0-45a1-4dc0-b87f-7fbe1b2334e8; https://southernsunsetcondos.com/	Public Overture website; no usable Overture email. First-party public contact crawl required; no inference.				overture:e0b43ab0-45a1-4dc0-b87f-7fbe1b2334e8	southernsunsetcondos.com	8507641186	southern sunset condo rentals	Panama City Beach	USA	HIGH	domain:southernsunsetcondos.com
	A	91	Gulf Shores	USA	Sol Mates - Luxury Vacation Beach Home by Southern Vacation Rentals		lodging		+18004065714								overture:2e2b4cc5-545a-4f86-b5cb-c166b4900cfe	2026-08-15T14:26:22.331630Z		Canonical queue drain | fit A | GitHub MASTER dedupe passed	https://Southernresorts.com/vacation-rentals/gulf-shores-al/sol-mates		https://southernresorts.com/about-us	https://www.instagram.com/southern_vacationrentals/	https://www.facebook.com/SouthernVacationRentals/		https://southernresorts.com/rentals/alabama/gulf%20shores				High	Verified	https://explore.overturemaps.org/#id=2e2b4cc5-545a-4f86-b5cb-c166b4900cfe; https://southernresorts.com/rentals/alabama/gulf%20shores?unavailableProperty=Home	Public Overture website; no usable Overture email. First-party public contact crawl required; no inference.				overture:2e2b4cc5-545a-4f86-b5cb-c166b4900cfe	southernresorts.com	18004065714	sol mates luxury vacation beach home by southern vacation rentals	Gulf Shores	USA	HIGH	domain:southernresorts.com
	A	91	Panama City Beach	USA	Beach N Waves At Emerald Beach Resort		hotel	14701 Front Beach Rd	+18502351300								overture:7ec692b9-f64d-43d3-b5da-86e3ddca4da9	2026-08-15T14:26:22.331630Z		Canonical queue drain | fit A | GitHub MASTER dedupe passed	https://www.southerncoastflorida.com/rentals/emerald-beach-unit-1430/		https://www.southerncoastflorida.com/about-us	https://www.instagram.com/socopcb/	https://www.facebook.com/socopcb/		https://www.southerncoastflorida.com/bookingEngine/stylesheets/pdp/pdp.css?v=50				High	Verified	https://explore.overturemaps.org/#id=7ec692b9-f64d-43d3-b5da-86e3ddca4da9; https://www.southerncoastflorida.com/about-us	Public Overture website; no usable Overture email. First-party public contact crawl required; no inference.				overture:7ec692b9-f64d-43d3-b5da-86e3ddca4da9	southerncoastflorida.com	18502351300	beach n waves at emerald beach resort	Panama City Beach	USA	HIGH	domain:southerncoastflorida.com
	A	91	Orange Beach	USA	Vacation Rentals Orange Beach Alabama		real_estate_agent	25240 Perdido Beach Blvd	+18558586952								overture:3e1227bf-58b2-4efa-b035-cafa59b6c043	2026-08-15T14:26:22.331630Z		Canonical queue drain | fit A | GitHub MASTER dedupe passed	http://seachase.com/		https://www.seachase.com/about	https://www.instagram.com/seachaseresort/	https://www.facebook.com/seachaseresort/		https://www.seachase.com/rentals				High	Verified	https://explore.overturemaps.org/#id=3e1227bf-58b2-4efa-b035-cafa59b6c043; https://www.seachase.com	Public Overture website; no usable Overture email. First-party public contact crawl required; no inference.				overture:3e1227bf-58b2-4efa-b035-cafa59b6c043	seachase.com	18558586952	vacation rentals orange beach alabama	Orange Beach	USA	HIGH	domain:seachase.com
	A	91	Santa Rosa Beach	USA	Sanders Beach Rentals		vacation_rental_agent	2050 W County Highway 30A M1-121	8664603195								overture:342c01c8-5abe-4bad-b3ac-2d731475b4c1	2026-08-15T14:26:22.331630Z		Canonical queue drain | fit A | GitHub MASTER dedupe passed	https://www.sandersbeachrentals.com/		https://www.sandersbeachrentals.com/contact	https://www.instagram.com/sandersbeachrentals30a/	https://www.facebook.com/sandersbeachrentals30a/		https://www.sandersbeachrentals.com/30a-vacation-rentals				High	Verified	https://explore.overturemaps.org/#id=342c01c8-5abe-4bad-b3ac-2d731475b4c1; https://www.sandersbeachrentals.com/	Public Overture website; no usable Overture email. First-party public contact crawl required; no inference.				overture:342c01c8-5abe-4bad-b3ac-2d731475b4c1	sandersbeachrentals.com	8664603195	sanders beach rentals	Santa Rosa Beach	USA	HIGH	domain:sandersbeachrentals.com
	A	91	Orange Beach	USA	Orange Beach Vacation Rentals		holiday_rental_home	4098 Orange Beach Blvd	+18002107914								overture:6c3a9830-25d3-4a18-b233-38cbba26d460	2026-08-15T14:26:22.331630Z		Canonical queue drain | fit A | GitHub MASTER dedupe passed	http://www.prickettproperties.com/		https://www.prickettproperties.com/contact-us/	https://www.instagram.com/prickettproperties/	https://www.facebook.com/prickettproperties/		https://www.prickettproperties.com/rentals				High	Verified	https://explore.overturemaps.org/#id=6c3a9830-25d3-4a18-b233-38cbba26d460; https://www.prickettproperties.com/	Public Overture website; no usable Overture email. First-party public contact crawl required; no inference.				overture:6c3a9830-25d3-4a18-b233-38cbba26d460	prickettproperties.com	18002107914	orange beach vacation rentals	Orange Beach	USA	HIGH	domain:prickettproperties.com
	A	91	Panama City Beach	USA	Grand Welcome Panama City Beach Vacation Rental Management		vacation_rental_agent	7543 Holley Cir, Unit	8505884760								overture:80fedb64-dabc-4494-a651-d6dbeae556e3	2026-08-15T14:26:22.331630Z		Canonical queue drain | fit A | GitHub MASTER dedupe passed	https://www.pcbpropertymanagement.com/	hello@pcbpropertymanagement.com	https://www.pcbpropertymanagement.com/about	https://www.instagram.com/grandwelcomebnbs/	https://www.facebook.com/profile.php/						High	Verified	https://explore.overturemaps.org/#id=80fedb64-dabc-4494-a651-d6dbeae556e3; https://www.pcbpropertymanagement.com/	Public Overture website; no usable Overture email. First-party public contact crawl required; no inference. Public business email recovered from first-party website; no inference.				overture:80fedb64-dabc-4494-a651-d6dbeae556e3	pcbpropertymanagement.com	8505884760	grand welcome panama city beach vacation rental management	Panama City Beach	USA	HIGH	domain:pcbpropertymanagement.com
	A	91	Orange Beach	USA	Grand Welcome Orange Beach & Perdido Key Vacation Rental Management		vacation_rental_agent	27267 Perdido Beach Blvd Unit 208A	2512209225								overture:909cdfd9-12de-42f5-9dde-03597b232894	2026-08-15T14:26:22.331630Z		Canonical queue drain | fit A | GitHub MASTER dedupe passed	https://www.orangebeachhost.com/		https://www.orangebeachhost.com/about	https://www.instagram.com/grandwelcomeorangebeach/	https://www.facebook.com/grandwelcomeorangebeach/		https://www.orangebeachhost.com/vacation-rentals				High	Verified	https://explore.overturemaps.org/#id=909cdfd9-12de-42f5-9dde-03597b232894; https://www.orangebeachhost.com/	Public Overture website; no usable Overture email. First-party public contact crawl required; no inference.				overture:909cdfd9-12de-42f5-9dde-03597b232894	orangebeachhost.com	2512209225	grand welcome orange beach perdido key vacation rental management	Orange Beach	USA	HIGH	domain:orangebeachhost.com
	A	91	Montgomery	USA	Moore Property Management		property_management	312 Catoma St #200-1	3342621958								overture:ea761fc6-5cda-4dd2-8b25-50bb9e3a8bc9	2026-08-15T14:26:22.331630Z		Canonical queue drain | fit A | GitHub MASTER dedupe passed	https://moorecompanyrealty.com/	info@moorecompanyrealty.com	https://moorecompanyrealty.com/contact/	https://www.instagram.com/moore_company_realty/	https://www.facebook.com/mcrmpm/						Permissive	Qualification	https://explore.overturemaps.org/#id=ea761fc6-5cda-4dd2-8b25-50bb9e3a8bc9; https://moorecompanyrealty.com/	Public Overture website; no usable Overture email. First-party public contact crawl required; no inference. Public business email recovered from first-party website; no inference.				overture:ea761fc6-5cda-4dd2-8b25-50bb9e3a8bc9	moorecompanyrealty.com	3342621958	moore property management	Montgomery	USA	PERMISSIVE	domain:moorecompanyrealty.com
	A	91	Orange Beach	USA	Liquid Life Vacation Rentals		vacation_rental_agent	4700 Main St Ste N201	2514241118								overture:ad356d96-a7a0-4892-83f7-4692e61e4583	2026-08-15T14:26:22.331630Z		Canonical queue drain | fit A | GitHub MASTER dedupe passed	http://liquidlifevacationrentals.com/		https://www.liquidlifevacationrentals.com/contact	https://www.instagram.com/theliquidlife/	https://www.facebook.com/theliquidlife/		https://www.liquidlifevacationrentals.com/rentals/villas-belvedere-a				High	Verified	https://explore.overturemaps.org/#id=ad356d96-a7a0-4892-83f7-4692e61e4583; https://www.liquidlifevacationrentals.com	Public Overture website; no usable Overture email. First-party public contact crawl required; no inference.				overture:ad356d96-a7a0-4892-83f7-4692e61e4583	liquidlifevacationrentals.com	2514241118	liquid life vacation rentals	Orange Beach	USA	HIGH	domain:liquidlifevacationrentals.com
	A	91	Fairhope	USA	Level Property Management Group		b2b_business_management_service	7472 Parker Rd	2512101664								overture:6944bce2-cb6d-40bd-a728-9e0bef1f74dd	2026-08-15T14:26:22.331630Z		Canonical queue drain | fit A | GitHub MASTER dedupe passed	https://levelpmg.com/		https://levelpmg.com/connect/	https://www.instagram.com/levelpropertymanagementgroup/	https://www.facebook.com/LevelPropertyManagementGroup/		https://levelpmg.com/commercial/				Medium	Recall-first	https://explore.overturemaps.org/#id=6944bce2-cb6d-40bd-a728-9e0bef1f74dd; https://levelpmg.com/	Public Overture website; no usable Overture email. First-party public contact crawl required; no inference.				overture:6944bce2-cb6d-40bd-a728-9e0bef1f74dd	levelpmg.com	2512101664	level property management group	Fairhope	USA	MEDIUM	domain:levelpmg.com
	A	91	Muscle Shoals	USA	H&H Property Management		property_management	615 Geneva Ave	2567182000								overture:5aa1bf01-199d-4ef9-bf78-052429d9c2e7	2026-08-15T14:26:22.331630Z		Canonical queue drain | fit A | GitHub MASTER dedupe passed	https://hhpropmgt.com/		https://hhpropmgt.com/contact	https://www.instagram.com/hhpminc/	https://www.facebook.com/HandHPropertyManagement/		https://hhpropmgt.com/properties-for-lease/				Permissive	Qualification	https://explore.overturemaps.org/#id=5aa1bf01-199d-4ef9-bf78-052429d9c2e7	Public Overture website; no usable Overture email. First-party public contact crawl required; no inference.				overture:5aa1bf01-199d-4ef9-bf78-052429d9c2e7	hhpropmgt.com	2567182000	h h property management	Muscle Shoals	USA	PERMISSIVE	domain:hhpropmgt.com
	A	91	Gulf Shores	USA	Grand Welcome Gulf Shores Vacation Rental Management		property_management	309 E 21st Ave Ste 2	2512202232								overture:5252b9e5-1bb2-453e-9fed-de0c8685b05d	2026-08-15T14:26:22.331630Z		Canonical queue drain | fit A | GitHub MASTER dedupe passed	https://www.gulfshoresmanagement.com/		https://www.gulfshoresmanagement.com/about	https://www.instagram.com/grandwelcomegulfshores/	https://www.facebook.com/grandwelcomegulfshores/		https://www.gulfshoresmanagement.com/vacation-rentals				High	Verified	https://explore.overturemaps.org/#id=5252b9e5-1bb2-453e-9fed-de0c8685b05d; https://www.gulfshoresmanagement.com/	Public Overture website; no usable Overture email. First-party public contact crawl required; no inference.				overture:5252b9e5-1bb2-453e-9fed-de0c8685b05d	gulfshoresmanagement.com	2512202232	grand welcome gulf shores vacation rental management	Gulf Shores	USA	HIGH	domain:gulfshoresmanagement.com
	A	91	Gulf Shores	USA	Gulf Shores Vacation Rentals		vacation_rental_agent	1240 Commerce Dr Ste A	8777474787								overture:d6350f2f-5676-4134-b375-1adbdce31c52	2026-08-15T14:26:22.331630Z		Canonical queue drain | fit A | GitHub MASTER dedupe passed	https://www.gsvacationrentals.com/		https://www.gsvacationrentals.com/about-us	https://www.instagram.com/gulfshoresvacationrentals/	https://www.facebook.com/GSVacationRentals/		https://www.gsvacationrentals.com/vacation-rentals/glossary				High	Verified	https://explore.overturemaps.org/#id=d6350f2f-5676-4134-b375-1adbdce31c52; https://www.gsvacationrentals.com/	Public Overture website; no usable Overture email. First-party public contact crawl required; no inference.				overture:d6350f2f-5676-4134-b375-1adbdce31c52	gsvacationrentals.com	8777474787	gulf shores vacation rentals	Gulf Shores	USA	HIGH	domain:gsvacationrentals.com
	A	91	Miramar Beach	USA	Emerald Sol		holiday_rental_home	73 Alamo St	+18509641200								overture:c0eab6ef-ce9b-464f-9598-6148bdb1daaa	2026-08-15T14:26:22.331630Z		Canonical queue drain | fit A | GitHub MASTER dedupe passed	https://glasscasa.com/rentals/emerald-sol/		https://www.glasscasa.com/about-us	https://www.instagram.com/glasscasavacations/	https://www.facebook.com/GlassCasaVacations/		https://www.glasscasa.com/pet-friendly-vacation-rentals				High	Verified	https://explore.overturemaps.org/#id=c0eab6ef-ce9b-464f-9598-6148bdb1daaa; https://www.glasscasa.com/about-us	Public Overture website; no usable Overture email. First-party public contact crawl required; no inference.				overture:c0eab6ef-ce9b-464f-9598-6148bdb1daaa	glasscasa.com	18509641200	emerald sol	Miramar Beach	USA	HIGH	domain:glasscasa.com
	A	91	Santa Rosa Beach	USA	Dune Vacation Rentals		holiday_rental_home	1394 County Highway 283 S	+18558133783								overture:27cb7b17-647c-4fb1-aff7-bec3869dc373	2026-08-15T14:26:22.331630Z		Canonical queue drain | fit A | GitHub MASTER dedupe passed	http://www.dunevacationrentals.com/		https://dunevacationrentals.com/about-us/	https://www.instagram.com/dunevacationrentals/	https://www.facebook.com/dunevacationrentals/		https://dunevacationrentals.com/30a-holiday-rentals/				High	Verified	https://explore.overturemaps.org/#id=27cb7b17-647c-4fb1-aff7-bec3869dc373; https://dunevacationrentals.com/	Public Overture website; no usable Overture email. First-party public contact crawl required; no inference.				overture:27cb7b17-647c-4fb1-aff7-bec3869dc373	dunevacationrentals.com	18558133783	dune vacation rentals	Santa Rosa Beach	USA	HIGH	domain:dunevacationrentals.com
	A	91	Destin	USA	Destin Pointe Vacation Rentals		hotel	480 Gulf Shore Dr	8508422029								overture:b9ef1cc6-4aa2-4cf9-89b7-fd93b9f73df0	2026-08-15T14:26:22.331630Z		Canonical queue drain | fit A | GitHub MASTER dedupe passed	https://www.destinpointerealty.com/?y_source=1_MjAxNDUwMzE3NS00ODMtbG9jYXRpb24ud2Vic2l0ZQ%3D%3D		https://www.destinpointerealty.com/contact-us	https://www.instagram.com/destinpointevacationrentals/	https://www.facebook.com/profile.php/		https://www.destinpointerealty.com/holiday-isle-vacation-rentals				High	Verified	https://explore.overturemaps.org/#id=b9ef1cc6-4aa2-4cf9-89b7-fd93b9f73df0; https://www.destinpointerealty.com/?y_source=1_MjAxNDUwMzE3NS00ODMtbG9jYXRpb24ud2Vic2l0ZQ%3D%3D	Public Overture website; no usable Overture email. First-party public contact crawl required; no inference.				overture:b9ef1cc6-4aa2-4cf9-89b7-fd93b9f73df0	destinpointerealty.com	8508422029	destin pointe vacation rentals	Destin	USA	HIGH	domain:destinpointerealty.com
	A	91	Destin	USA	Grand Welcome Destin Vacation Rental Property Management		property_management	34990 Emerald Coast Pkwy Ste 327	8508425508								overture:c8224ad2-3be6-4497-bcf6-97ca2c78cf4b	2026-08-15T14:26:22.331630Z		Canonical queue drain | fit A | GitHub MASTER dedupe passed	https://www.destinhost.com/		https://www.destinhost.com/about	https://www.instagram.com/gw_destinmiramar/	https://www.facebook.com/GW.Destin/		https://www.destinhost.com/vacation-rentals				High	Verified	https://explore.overturemaps.org/#id=c8224ad2-3be6-4497-bcf6-97ca2c78cf4b; https://www.destinhost.com/	Public Overture website; no usable Overture email. First-party public contact crawl required; no inference.				overture:c8224ad2-3be6-4497-bcf6-97ca2c78cf4b	destinhost.com	8508425508	grand welcome destin vacation rental property management	Destin	USA	HIGH	domain:destinhost.com
	A	91	Gulfport	USA	Commercial Property Management - Coldwell Banker Alfonso Realty		real_estate_agent	9153 Lorraine Rd	+12282871200								overture:dae8477b-aa1b-4b8b-b891-eaa07d30906a	2026-08-15T14:26:22.331630Z		Canonical queue drain | fit A | GitHub MASTER dedupe passed	https://alfonsorealtyllc-gulfport-ms.cbcworldwide.com/		https://alfonsorealtyllc-gulfport-ms.cbcworldwide.com/about-us	https://www.instagram.com/cbcworldwide/	https://www.facebook.com/cbcworldwide/		https://alfonsorealtyllc-gulfport-ms.cbcworldwide.com/search/properties				High	Verified	https://explore.overturemaps.org/#id=dae8477b-aa1b-4b8b-b891-eaa07d30906a; https://alfonsorealtyllc-gulfport-ms.cbcworldwide.com/	Public Overture website; no usable Overture email. First-party public contact crawl required; no inference.				overture:dae8477b-aa1b-4b8b-b891-eaa07d30906a	cbcworldwide.com	12282871200	commercial property management coldwell banker alfonso realty	Gulfport	USA	HIGH	domain:cbcworldwide.com
	A	91	Destin	USA	BroHo Beach Rentals		hotel	10 Harbor Blvd									overture:5e8af654-51eb-44aa-bb1a-47bdd8126c92	2026-08-15T14:26:22.331630Z		Canonical queue drain | fit A | GitHub MASTER dedupe passed	https://www.bwrentalsdestin.com/rentals/emerald-grande-605-corner-unit	bwrentalsdestin@gmail.com	https://www.bwrentalsdestin.com/about	https://www.instagram.com/bluewaterrentals_destin_fl/	https://www.facebook.com/BluewaterRentalsDestin/		https://www.bwrentalsdestin.com/rentals				High	Verified	https://explore.overturemaps.org/#id=5e8af654-51eb-44aa-bb1a-47bdd8126c92; https://www.bwrentalsdestin.com/rentals/emerald-grande-605-corner-unit	Public Overture website; no usable Overture email. First-party public contact crawl required; no inference. Public business email recovered from first-party website; no inference.				overture:5e8af654-51eb-44aa-bb1a-47bdd8126c92	bwrentalsdestin.com		broho beach rentals	Destin	USA	HIGH	domain:bwrentalsdestin.com
	A	91	Panama City Beach	USA	Blue Swell Vacation Rentals		property_management	19806 Panama City Beach Pkwy #2	8505836644								overture:2d3b4e5e-9e64-439f-a91b-c85127a6791d	2026-08-15T14:26:22.331630Z		Canonical queue drain | fit A | GitHub MASTER dedupe passed	https://www.blueswell.com/		https://www.blueswell.com/about-us/	https://www.instagram.com/goblueswell/	https://www.facebook.com/goblueswell/		https://www.blueswell.com/vacation-rentals				High	Verified	https://explore.overturemaps.org/#id=2d3b4e5e-9e64-439f-a91b-c85127a6791d; https://www.blueswell.com/	Public Overture website; no usable Overture email. First-party public contact crawl required; no inference.				overture:2d3b4e5e-9e64-439f-a91b-c85127a6791d	blueswell.com	8505836644	blue swell vacation rentals	Panama City Beach	USA	HIGH	domain:blueswell.com
	A	91	Miramar Beach	USA	3D Beach Rentals		holiday_rental_home	11275 US Highway 98 W Ste 6	(251) 402-5884								overture:4e8c9e8d-ff5c-4691-8853-1d1080fef64f	2026-08-15T14:26:22.331630Z		Canonical queue drain | fit A | GitHub MASTER dedupe passed	https://www.3dbeachrentals.com		https://www.3dbeachrentals.com/about-us	https://www.instagram.com/3dbeachrentals/	https://www.facebook.com/3DBeachrentals/		https://www.3dbeachrentals.com/rentals/seascape-villa-2c				High	Verified	https://explore.overturemaps.org/#id=4e8c9e8d-ff5c-4691-8853-1d1080fef64f; https://www.3dbeachrentals.com/; https://www.3dbeachrentals.com	Public Overture website; no usable Overture email. First-party public contact crawl required; no inference.				overture:4e8c9e8d-ff5c-4691-8853-1d1080fef64f	3dbeachrentals.com	2514025884	3d beach rentals	Miramar Beach	USA	HIGH	domain:3dbeachrentals.com
	A	91	Santa Rosa Beach	USA	30A-Vacay Vacation Rentals		property_management	184 E Mitchell Ave	+18508558838								overture:7fe3a387-59d0-4b93-9ce9-bcb6e4e12409	2026-08-15T14:26:22.331630Z		Canonical queue drain | fit A | GitHub MASTER dedupe passed	http://www.30a-vacay.com/		https://www.30a-vacay.com/contact-us/	https://www.instagram.com/30avacay/	https://www.facebook.com/30avacay/		https://www.30a-vacay.com/vacation-rentals				High	Verified	https://explore.overturemaps.org/#id=7fe3a387-59d0-4b93-9ce9-bcb6e4e12409; https://www.30a-vacay.com/	Public Overture website; no usable Overture email. First-party public contact crawl required; no inference.				overture:7fe3a387-59d0-4b93-9ce9-bcb6e4e12409	30a-vacay.com	18508558838	30a vacay vacation rentals	Santa Rosa Beach	USA	HIGH	domain:30a-vacay.com
	A	91	Del Mar	USA	Vacation Rentals By Kimberly		holiday_rental_home	145 21st St	8588768914								overture:972ff0b9-e08b-4368-af5f-f372a6e04c3b	2026-08-15T14:21:59.696412Z		Canonical queue drain | fit A | GitHub MASTER dedupe passed	https://www.vacationrentalsbykimberly.com/		https://www.vacationrentalsbykimberly.com/contact-us/	https://www.instagram.com/vacationrentalsbykim/	https://www.facebook.com/vacationrentalsbykimberly/		https://www.vacationrentalsbykimberly.com/all-rentals/carlsbad-vacation-rentals/				High	Verified	https://explore.overturemaps.org/#id=972ff0b9-e08b-4368-af5f-f372a6e04c3b; https://www.vacationrentalsbykimberly.com/	Public Overture website; no usable Overture email. First-party public contact crawl required; no inference.				overture:972ff0b9-e08b-4368-af5f-f372a6e04c3b	vacationrentalsbykimberly.com	8588768914	vacation rentals by kimberly	Del Mar	USA	HIGH	domain:vacationrentalsbykimberly.com
	A	91	Solana Beach	USA	Stubbs Vacation Rentals		holiday_rental_home	614 S Sierra Ave	+18003788221								overture:50e96d81-20ee-4084-9382-1bb9bc8169b2	2026-08-15T14:21:59.696412Z		Canonical queue drain | fit A | GitHub MASTER dedupe passed	http://www.vacationbeachhomes.com/		https://www.vacationbeachhomes.com/about-us	https://www.instagram.com/gostubbs/	https://www.facebook.com/vacationbeachhomes/		https://www.vacationbeachhomes.com/del-mar-vacation-rentals				High	Verified	https://explore.overturemaps.org/#id=50e96d81-20ee-4084-9382-1bb9bc8169b2; https://www.vacationbeachhomes.com/	Public Overture website; no usable Overture email. First-party public contact crawl required; no inference.				overture:50e96d81-20ee-4084-9382-1bb9bc8169b2	vacationbeachhomes.com	18003788221	stubbs vacation rentals	Solana Beach	USA	HIGH	domain:vacationbeachhomes.com
	A	91	San Diego	USA	Titan Beach Rentals		holiday_rental_home	1847 Thomas Ave	(619) 800-1468								overture:f314214b-08df-45f2-8dac-3d0d33f1a6ae	2026-08-15T14:21:59.696412Z		Canonical queue drain | fit A | GitHub MASTER dedupe passed	http://www.titanbeachrentals.com		https://reservations.titanbeachrentals.com/en	https://www.instagram.com/titanbeachrentals/	https://www.facebook.com/TitanBeachRentals/		https://www.titanbeachrentals.com/la-jolla-vacation-rentals/				High	Verified	https://explore.overturemaps.org/#id=f314214b-08df-45f2-8dac-3d0d33f1a6ae; https://www.titanbeachrentals.com/	Public Overture website; no usable Overture email. First-party public contact crawl required; no inference.				overture:f314214b-08df-45f2-8dac-3d0d33f1a6ae	titanbeachrentals.com	6198001468	titan beach rentals	San Diego	USA	HIGH	domain:titanbeachrentals.com
	A	91	San Diego	USA	Surf Style Vacation Homes		holiday_rental_home	1010 Turquoise St	+16195356918								overture:21e4f6b6-586c-4c2c-8a30-15b20e859e33	2026-08-15T14:21:59.696412Z		Canonical queue drain | fit A | GitHub MASTER dedupe passed	http://www.surfstylevacationhomes.com/		https://surfstylevacationhomes.com/contact-us/	https://www.instagram.com/surfstylesd/	https://www.facebook.com/SurfStyleVacationHomes/		https://surfstylevacationhomes.com/san-diego-rentals-1/la-jolla-vacation-rentals/				High	Verified	https://explore.overturemaps.org/#id=21e4f6b6-586c-4c2c-8a30-15b20e859e33; https://surfstylevacationhomes.com/	Public Overture website; no usable Overture email. First-party public contact crawl required; no inference.				overture:21e4f6b6-586c-4c2c-8a30-15b20e859e33	surfstylevacationhomes.com	16195356918	surf style vacation homes	San Diego	USA	HIGH	domain:surfstylevacationhomes.com
	A	91	Galveston	USA	Porter Vacation Rental Management - Texas		holiday_rental_home	527 21st St Ste 83	4097703872								overture:239f7ca5-65af-435a-9654-bdc290ecd716	2026-08-15T14:21:59.696412Z		Canonical queue drain | fit A | GitHub MASTER dedupe passed	https://stayportertexas.com/		https://stayportertexas.com/contact-us/	https://www.instagram.com/stayporter/	https://www.facebook.com/P-O-R-T-E-R-G-R-O-U-P-100861455014367/		https://stayportertexas.com/all-texas-rentals/downtown-vacation-rentals/				High	Verified	https://explore.overturemaps.org/#id=239f7ca5-65af-435a-9654-bdc290ecd716; https://stayportertexas.com/	Public Overture website; no usable Overture email. First-party public contact crawl required; no inference.				overture:239f7ca5-65af-435a-9654-bdc290ecd716	stayportertexas.com	4097703872	porter vacation rental management texas	Galveston	USA	HIGH	domain:stayportertexas.com
	A	91	San Diego	USA	Harland Property Management		property_management	2365 Northside Dr #200	6192463469								overture:4442593a-4f4c-49ce-a2c0-1fec1524e177	2026-08-15T14:21:59.696412Z		Canonical queue drain | fit A | GitHub MASTER dedupe passed	http://www.sandiegopropertymanagement.com/		https://www.sandiegopropertymanagement.com/about	https://www.instagram.com/harlandpropertymanagement/	https://www.facebook.com/HarlandPropertyManagement/		https://www.sandiegopropertymanagement.com/san-diego-homes-for-rent				High	Verified	https://explore.overturemaps.org/#id=4442593a-4f4c-49ce-a2c0-1fec1524e177; https://www.sandiegopropertymanagement.com/	Public Overture website; no usable Overture email. First-party public contact crawl required; no inference.				overture:4442593a-4f4c-49ce-a2c0-1fec1524e177	sandiegopropertymanagement.com	6192463469	harland property management	San Diego	USA	HIGH	domain:sandiegopropertymanagement.com
	A	91	Joshua Tree	USA	Saddleback Oasis Vacation Rental		holiday_rental_home	7186 Saddleback Rd	+15623964244								overture:1039916a-6edd-4a21-bc7c-a221f08761f5	2026-08-15T14:21:59.696412Z		Canonical queue drain | fit A | GitHub MASTER dedupe passed	http://www.saddleback.com		https://saddleback.com/sections/more/contact-us/	https://www.instagram.com/saddlebackchurch/	https://www.facebook.com/saddlebackchurch/		https://saddleback.com/initiatives/stronger-homes/				Permissive	Qualification	https://explore.overturemaps.org/#id=1039916a-6edd-4a21-bc7c-a221f08761f5; https://saddleback.com/	Public Overture website; no usable Overture email. First-party public contact crawl required; no inference.				overture:1039916a-6edd-4a21-bc7c-a221f08761f5	saddleback.com	15623964244	saddleback oasis vacation rental	Joshua Tree	USA	PERMISSIVE	domain:saddleback.com
	A	91	Carlsbad	USA	Ryconn Property Management		property_management	3121 Tiger Run Ct., Ste 106	8669608797								overture:40d2f1a2-7f93-4c10-8068-a25989649355	2026-08-15T14:21:59.696412Z		Canonical queue drain | fit A | GitHub MASTER dedupe passed	https://www.ryconn.com/		https://www.ryconn.com/about-us/	https://www.instagram.com/ryconnpropertymanagement/	https://www.facebook.com/Ryconn-Property-Management-103637398817198/		https://www.ryconn.com/available-rentals/				Permissive	Qualification	https://explore.overturemaps.org/#id=40d2f1a2-7f93-4c10-8068-a25989649355; https://www.ryconn.com/	Public Overture website; no usable Overture email. First-party public contact crawl required; no inference.				overture:40d2f1a2-7f93-4c10-8068-a25989649355	ryconn.com	8669608797	ryconn property management	Carlsbad	USA	PERMISSIVE	domain:ryconn.com
	A	91	Henderson	USA	Reflections Real Estate Group and Property Management		property_management	155 S Water St	+17025646637								overture:5b446fe0-5291-44bc-a81e-1f2640988e11	2026-08-15T14:21:59.696412Z		Canonical queue drain | fit A | GitHub MASTER dedupe passed	http://www.reflectionsnv.com/		https://reflectionsnv.com/about-us/	https://www.instagram.com/reflectionsreg/	https://www.facebook.com/reflectionsreg/		https://reflectionsnv.com/rentals/				Permissive	Qualification	https://explore.overturemaps.org/#id=5b446fe0-5291-44bc-a81e-1f2640988e11; https://reflectionsnv.com/	Public Overture website; no usable Overture email. First-party public contact crawl required; no inference.				overture:5b446fe0-5291-44bc-a81e-1f2640988e11	reflectionsnv.com	17025646637	reflections real estate group and property management	Henderson	USA	PERMISSIVE	domain:reflectionsnv.com
	A	91	Bahía de Banderas	Mexico	Property Management for Homes and Villas		property_management	Avenida Las Redes 136	+523221887254								overture:ef13e889-6e1d-49bf-bdf8-16dac24343f0	2026-08-15T14:21:59.696412Z		Canonical queue drain | fit A | GitHub MASTER dedupe passed	https://puntademitapropertymanagement.com/		https://puntademitapropertymanagement.com/about/	https://www.instagram.com/puntademitapm/	https://www.facebook.com/puntademitapropertymanagement/		https://puntademitapropertymanagement.com/rentals				Permissive	Qualification	https://explore.overturemaps.org/#id=ef13e889-6e1d-49bf-bdf8-16dac24343f0; https://puntademitapropertymanagement.com/	Public Overture website; no usable Overture email. First-party public contact crawl required; no inference.				overture:ef13e889-6e1d-49bf-bdf8-16dac24343f0	puntademitapropertymanagement.com	523221887254	property management for homes and villas	Bahía de Banderas	Mexico	PERMISSIVE	domain:puntademitapropertymanagement.com
	A	91	La Quinta	USA	Residences At PGA West		resort	56150 Pga Blvd	(800) 742-9378								overture:0db2c31e-5a8a-4893-a8c8-f448a0652063	2026-08-15T14:21:59.696412Z		Canonical queue drain | fit A | GitHub MASTER dedupe passed	http://pgawest.com		https://www.pgawest.com/contact-us	https://www.instagram.com/pga_west/	https://www.facebook.com/GolfPGAWEST/		https://www.pgawest.com/golf/club-rentals				Medium	Recall-first	https://explore.overturemaps.org/#id=0db2c31e-5a8a-4893-a8c8-f448a0652063; https://www.pgawest.com/	Public Overture website; no usable Overture email. First-party public contact crawl required; no inference.				overture:0db2c31e-5a8a-4893-a8c8-f448a0652063	pgawest.com	8007429378	residences at pga west	La Quinta	USA	MEDIUM	domain:pgawest.com
	A	91	Palm Springs	USA	Palm Springs Rental Agency, Inc.		property_management	225 S Civic Dr Ste 7	7603207451								overture:5e9a9020-e930-49c9-9562-413675fdf37a	2026-08-15T14:21:59.696412Z		Canonical queue drain | fit A | GitHub MASTER dedupe passed	http://www.palmspringsrentals.com/		http://www.palmspringsrentals.com/about-us/	https://www.instagram.com/OranjPalm/	https://www.facebook.com/OranjPalm/		http://www.palmspringsrentals.com/vacation-rentals				High	Verified	https://explore.overturemaps.org/#id=5e9a9020-e930-49c9-9562-413675fdf37a; http://www.palmspringsrentals.com/	Public Overture website; no usable Overture email. First-party public contact crawl required; no inference.				overture:5e9a9020-e930-49c9-9562-413675fdf37a	palmspringsrentals.com	7603207451	palm springs rental agency inc	Palm Springs	USA	HIGH	domain:palmspringsrentals.com
	A	91	Palm Springs	USA	Xepco Property Management Palm Springs		property_management	3111 E Tahquitz Canyon Way, Ste 127	(760) 501-8700								overture:3eaec96f-6e46-4a89-a21f-4c20e54f0a58	2026-08-15T14:21:59.696412Z		Canonical queue drain | fit A | GitHub MASTER dedupe passed	https://palmspringspropertymanagement.com		https://www.palmspringspropertymanagement.com/about	https://www.instagram.com/coachella_valley_pm/	https://www.facebook.com/CoachellaValleyPropertyManagement/		https://www.palmspringspropertymanagement.com/palm-springs-homes-for-rent				High	Verified	https://explore.overturemaps.org/#id=3eaec96f-6e46-4a89-a21f-4c20e54f0a58; https://www.palmspringspropertymanagement.com/	Public Overture website; no usable Overture email. First-party public contact crawl required; no inference.				overture:3eaec96f-6e46-4a89-a21f-4c20e54f0a58	palmspringspropertymanagement.com	7605018700	xepco property management palm springs	Palm Springs	USA	HIGH	domain:palmspringspropertymanagement.com
	A	91	Nosara	Costa Rica	Nosara Verde Beach Rentals		holiday_rental_home	Calle los mangos									overture:fa574765-a0c1-41dc-88ce-c73c23e870b4	2026-08-15T14:21:59.696412Z		Canonical queue drain | fit A | GitHub MASTER dedupe passed	http://nosaraverde.com/	nosaraverdelove@gmail.com	https://www.nosaraverde.com/about-us	https://www.instagram.com/nosaraverde/	https://www.facebook.com/nosaraverde/		https://www.nosaraverde.com/rentals				High	Verified	https://explore.overturemaps.org/#id=fa574765-a0c1-41dc-88ce-c73c23e870b4; https://www.nosaraverde.com/	Public Overture website; no usable Overture email. First-party public contact crawl required; no inference. Public business email recovered from first-party website; no inference.				overture:fa574765-a0c1-41dc-88ce-c73c23e870b4	nosaraverde.com		nosara verde beach rentals	Nosara	Costa Rica	HIGH	domain:nosaraverde.com
	A	91	New Orleans	USA	French Quarter Property Management		lodging	918 Dauphine St	+15045231246								overture:d1e178fd-7a72-48d5-9445-6fcd78d4157f	2026-08-15T14:21:59.696412Z		Canonical queue drain | fit A | GitHub MASTER dedupe passed	http://hi-chateau.com		https://www.hi-chateau.com/about-us	https://www.instagram.com/chateaulemoyne/	https://www.facebook.com/ChateauLeMoyne/		https://www.hi-chateau.com/accommodations				High	Verified	https://explore.overturemaps.org/#id=d1e178fd-7a72-48d5-9445-6fcd78d4157f; https://www.hi-chateau.com/	Public Overture website; no usable Overture email. First-party public contact crawl required; no inference.				overture:d1e178fd-7a72-48d5-9445-6fcd78d4157f	hi-chateau.com	15045231246	french quarter property management	New Orleans	USA	HIGH	domain:hi-chateau.com
	A	91	Del Mar	USA	Haustay | Vacation Rental Property Management		property_management	12702 Via Cortina Ste 700	8585229127								overture:3824b0c1-bcc2-4216-b046-db60f97df0ae	2026-08-15T14:21:59.696412Z		Canonical queue drain | fit A | GitHub MASTER dedupe passed	https://www.haustay.com/		https://www.haustay.com/contact/	https://www.instagram.com/haustay/	https://www.facebook.com/haustayus/		https://www.haustay.com/carlsbad-vacation-rentals/				High	Verified	https://explore.overturemaps.org/#id=3824b0c1-bcc2-4216-b046-db60f97df0ae; https://www.haustay.com/	Public Overture website; no usable Overture email. First-party public contact crawl required; no inference.				overture:3824b0c1-bcc2-4216-b046-db60f97df0ae	haustay.com	8585229127	haustay vacation rental property management	Del Mar	USA	HIGH	domain:haustay.com
	A	91	Cabo San Lucas	Mexico	Hacienda Beach Club & Residences		resort	Gomez Farias S/N, Col. El Medano	6241633100								overture:ed3d354a-8c2b-4eb2-a11f-e49a2304d967	2026-08-15T14:21:59.696412Z		Canonical queue drain | fit A | GitHub MASTER dedupe passed	https://www.haciendacaboresort.com/?utm_source=bing%20places&utm_medium=listing&utm_campaign=visit%20website		https://www.haciendacaboresort.com/contact	https://www.instagram.com/haciendacabo/	https://www.facebook.com/haciendacabo/		https://www.haciendacaboresort.com/hotel-rooms				High	Verified	https://explore.overturemaps.org/#id=ed3d354a-8c2b-4eb2-a11f-e49a2304d967; https://www.haciendacaboresort.com/?utm_source=bing%20places&utm_medium=listing&utm_campaign=visit%20website	Public Overture website; no usable Overture email. First-party public contact crawl required; no inference.				overture:ed3d354a-8c2b-4eb2-a11f-e49a2304d967	haciendacaboresort.com	6241633100	hacienda beach club residences	Cabo San Lucas	Mexico	HIGH	domain:haciendacaboresort.com
	A	91	Puerto Vallarta	Mexico	Liva Aqua Private Residences Vallarta		resort	Avenida Paseo de la Marina 121	4433108137								overture:5a83ab4d-931d-42a5-affb-8910a19531f3	2026-08-15T14:21:59.696412Z		Canonical queue drain | fit A | GitHub MASTER dedupe passed	https://www.fiestamericanatravelty.com/live-aqua/hoteles/live-aqua-private-residences-marina-vallarta		https://www.fiestamericanatravelty.com/live-aqua/hoteles/live-aqua-private-residences-marina-vallarta/contacto	https://www.instagram.com/liveaquaoficial/	https://www.facebook.com/liveaqua/	https://api.whatsapp.com/send?phone=5214431378728&text=Hola,%C2%BFMe%20pueden%20ayudar?					High	Verified	https://explore.overturemaps.org/#id=5a83ab4d-931d-42a5-affb-8910a19531f3; https://www.fiestamericanatravelty.com/live-aqua/hoteles/live-aqua-private-residences-marina-vallarta	Public Overture website; no usable Overture email. First-party public contact crawl required; no inference.				overture:5a83ab4d-931d-42a5-affb-8910a19531f3	fiestamericanatravelty.com	4433108137	liva aqua private residences vallarta	Puerto Vallarta	Mexico	HIGH	domain:fiestamericanatravelty.com
	A	91	Ladera Ranch	USA	Elegant Mexico Luxury Vacation Rentals		vacation_rental_agent	2 Magnolia Dr	9493888590								overture:29a8ae46-99b2-4ec9-9276-c5ebb128d5e4	2026-08-15T14:21:59.696412Z		Canonical queue drain | fit A | GitHub MASTER dedupe passed	https://elegantmexico.com/		https://elegantmexico.com/about-us/	https://www.instagram.com/elegantmexico/	https://www.facebook.com/ElegantMexico/		https://elegantmexico.com/accommodation/villa-diamante/				High	Verified	https://explore.overturemaps.org/#id=29a8ae46-99b2-4ec9-9276-c5ebb128d5e4; https://elegantmexico.com/	Public Overture website; no usable Overture email. First-party public contact crawl required; no inference.				overture:29a8ae46-99b2-4ec9-9276-c5ebb128d5e4	elegantmexico.com	9493888590	elegant mexico luxury vacation rentals	Ladera Ranch	USA	HIGH	domain:elegantmexico.com
	A	91	Puerto Vallarta	Mexico	Pier 57 Vacation Rental		apartment	Francisca Rodríguez 174, Zona Romántica, Emiliano Zapata,									overture:082f84b6-5fcc-425e-b2ee-3016a95d1af6	2026-08-15T14:21:59.696412Z		Canonical queue drain | fit A | GitHub MASTER dedupe passed	http://www.casahill.com/	sales@casahill.com	https://casahill.com/about-us/	https://www.instagram.com/casahillproperties/	https://www.facebook.com/casahillproperties/		https://casahill.com/worry-free-booking/				High	Verified	https://explore.overturemaps.org/#id=082f84b6-5fcc-425e-b2ee-3016a95d1af6; https://casahill.com/	Public Overture website; no usable Overture email. First-party public contact crawl required; no inference. Public business email recovered from first-party website; no inference.				overture:082f84b6-5fcc-425e-b2ee-3016a95d1af6	casahill.com		pier 57 vacation rental	Puerto Vallarta	Mexico	HIGH	domain:casahill.com
	A	91	San Diego	USA	Surf and Sand - A San Diego Vacation Rental by Bluewater Vacation Homes		holiday_rental_home	711 San Gabriel Pl	+18002433588								overture:2d8565f4-98f0-45cc-b693-ad7eb72dbd31	2026-08-15T14:21:59.696412Z		Canonical queue drain | fit A | GitHub MASTER dedupe passed	https://www.bluewatervacationhomes.com/property/surf-and-sand-mission-beach?PageDataID=114898		https://www.bluewatervacationhomes.com/about/contact-bluewatervacationhomes/	https://www.instagram.com/bluewatervacationhomes/	https://www.facebook.com/BluewaterVacationHomes/		https://www.bluewatervacationhomes.com/luxury-vacation-rentals/				High	Verified	https://explore.overturemaps.org/#id=2d8565f4-98f0-45cc-b693-ad7eb72dbd31; https://www.bluewatervacationhomes.com/vrp/unit/B5237_Surf_and_Sand_Mission_Beach-32-15	Public Overture website; no usable Overture email. First-party public contact crawl required; no inference.				overture:2d8565f4-98f0-45cc-b693-ad7eb72dbd31	bluewatervacationhomes.com	18002433588	surf and sand a san diego vacation rental by bluewater vacation homes	San Diego	USA	HIGH	domain:bluewatervacationhomes.com
	A	91	San Diego	USA	Beyond Property Management		property_management	4455 Murphy Canyon Rd #100-72	8582224663								overture:a55aeae3-b949-4ea3-a1ae-02c06f01df49	2026-08-15T14:21:59.696412Z		Canonical queue drain | fit A | GitHub MASTER dedupe passed	http://www.beyondpropertymanagement.com/		https://www.beyondpropertymanagement.com/about	https://www.instagram.com/beyondpropertymanagement/	https://www.facebook.com/BeyondPropertyManagement.SanDiego/		https://www.beyondpropertymanagement.com/san-diego-homes-for-rent				High	Verified	https://explore.overturemaps.org/#id=a55aeae3-b949-4ea3-a1ae-02c06f01df49; https://www.beyondpropertymanagement.com/	Public Overture website; no usable Overture email. First-party public contact crawl required; no inference.				overture:a55aeae3-b949-4ea3-a1ae-02c06f01df49	beyondpropertymanagement.com	8582224663	beyond property management	San Diego	USA	HIGH	domain:beyondpropertymanagement.com
	A	91	San Diego	USA	Beachfront Only Vacation Rentals		vacation_rental_agent	4660 La Jolla Village Dr Fl 5	8883380061								overture:3852587e-a57b-4bea-8dc2-181a278cb03b	2026-08-15T14:21:59.696412Z		Canonical queue drain | fit A | GitHub MASTER dedupe passed	http://www.beachfrontonly.com/		https://www.beachfrontonly.com/about	https://www.instagram.com/beachfrontonly/	https://www.facebook.com/beachfrontonlyvr/		https://www.beachfrontonly.com/rentals/category/value-properties				High	Verified	https://explore.overturemaps.org/#id=3852587e-a57b-4bea-8dc2-181a278cb03b; https://www.beachfrontonly.com/	Public Overture website; no usable Overture email. First-party public contact crawl required; no inference.				overture:3852587e-a57b-4bea-8dc2-181a278cb03b	beachfrontonly.com	8883380061	beachfront only vacation rentals	San Diego	USA	HIGH	domain:beachfrontonly.com
	A	91	Marlton	USA	SureWay Property Management & Realty		property_management	750 Route 73 S	+18565520505								overture:a56845b9-0b92-428b-890a-ccec057cfd6d	2026-08-15T14:21:17.118446Z		Canonical queue drain | fit A | GitHub MASTER dedupe passed	http://www.surewaypropertymanagement.com/		http://www.surewaypropertymanagement.com/about	https://www.instagram.com/pmsureway/	https://www.facebook.com/surewaypropertymanagement/		http://www.surewaypropertymanagement.com/new-jersey-and-pennsylvania-homes-for-rent				Medium	Recall-first	https://explore.overturemaps.org/#id=a56845b9-0b92-428b-890a-ccec057cfd6d; http://www.surewaypropertymanagement.com/	Public Overture website; no usable Overture email. First-party public contact crawl required; no inference.				overture:a56845b9-0b92-428b-890a-ccec057cfd6d	surewaypropertymanagement.com	18565520505	sureway property management realty	Marlton	USA	MEDIUM	domain:surewaypropertymanagement.com
	A	91	San Pedro	Belize	Sunrise Property Management Vacation Rentals		holiday_rental_home	Fairdale Plaza, 3 Coconut Dr	+5012262727								overture:47c4d438-6267-4dc0-807b-7ac3796dd2ce	2026-08-15T14:21:17.118446Z		Canonical queue drain | fit A | GitHub MASTER dedupe passed	http://sunrisebelizevacationrentals.com/		https://www.sunrisebelizevacationrentals.com/about-us/	https://www.instagram.com/sunrisepropertymanagement/	https://www.facebook.com/SPMBelize/		https://www.sunrisebelizevacationrentals.com/solaria-villas/				High	Verified	https://explore.overturemaps.org/#id=47c4d438-6267-4dc0-807b-7ac3796dd2ce; https://www.sunrisebelizevacationrentals.com/	Public Overture website; no usable Overture email. First-party public contact crawl required; no inference.				overture:47c4d438-6267-4dc0-807b-7ac3796dd2ce	sunrisebelizevacationrentals.com	5012262727	sunrise property management vacation rentals	San Pedro	Belize	HIGH	domain:sunrisebelizevacationrentals.com
	A	91	Marlton	USA	Mem property management		property_management	10000 Lincoln Dr E	8563944085								overture:ca0585dc-98be-4272-80b7-88080bfead58	2026-08-15T14:21:17.118446Z		Canonical queue drain | fit A | GitHub MASTER dedupe passed	http://www.memproperty.com/		https://www.memproperty.com/about-us/	https://www.instagram.com/mempropertymanagement/	https://www.facebook.com/mempropertymanagement/		https://www.memproperty.com/properties				Permissive	Qualification	https://explore.overturemaps.org/#id=ca0585dc-98be-4272-80b7-88080bfead58; https://www.memproperty.com/	Public Overture website; no usable Overture email. First-party public contact crawl required; no inference.				overture:ca0585dc-98be-4272-80b7-88080bfead58	memproperty.com	8563944085	mem property management	Marlton	USA	PERMISSIVE	domain:memproperty.com
	A	91	Beach Haven	USA	LBI Luxury Rentals		holiday_rental_home	18 S Bay Ave	+16094921715								overture:0f26ce9c-0d70-45ec-870e-c68cab4459be	2026-08-15T14:21:17.118446Z		Canonical queue drain | fit A | GitHub MASTER dedupe passed	http://www.LBILuxuryRentals.com/		https://www.lbiluxuryrentals.com/about-us	https://www.instagram.com/lbiluxuryrentals/	https://www.facebook.com/profile.php/		https://www.lbiluxuryrentals.com/attractions				Permissive	Qualification	https://explore.overturemaps.org/#id=0f26ce9c-0d70-45ec-870e-c68cab4459be; https://www.lbiluxuryrentals.com/	Public Overture website; no usable Overture email. First-party public contact crawl required; no inference.				overture:0f26ce9c-0d70-45ec-870e-c68cab4459be	lbiluxuryrentals.com	16094921715	lbi luxury rentals	Beach Haven	USA	PERMISSIVE	domain:lbiluxuryrentals.com
	A	91	San Pedro Town	Belize	Las Terrazas Resort & Residences		resort	3.5 miles North of	+18004471553								overture:dc196eb4-915b-4ac9-bde9-07c21ca29b0d	2026-08-15T14:21:17.118446Z		Canonical queue drain | fit A | GitHub MASTER dedupe passed	https://www.lasterrazasresort.com/		https://www.lasterrazasresort.com/contact	https://www.instagram.com/lasterrazasbze/	https://www.facebook.com/lasterrazasbelize/		https://www.lasterrazasresort.com/rooms-rates				High	Verified	https://explore.overturemaps.org/#id=dc196eb4-915b-4ac9-bde9-07c21ca29b0d; https://www.lasterrazasresort.com/	Public Overture website; no usable Overture email. First-party public contact crawl required; no inference.				overture:dc196eb4-915b-4ac9-bde9-07c21ca29b0d	lasterrazasresort.com	18004471553	las terrazas resort residences	San Pedro Town	Belize	HIGH	domain:lasterrazasresort.com
	A	91	Wildwood Crest	USA	Casiello Construction and Property Management		property_management	6301 Pacific Ave	+16095222968								overture:3670492c-64ae-48da-8015-7235d46bec04	2026-08-15T14:21:17.118446Z		Canonical queue drain | fit A | GitHub MASTER dedupe passed	http://casielloproperty.com/		https://www.casielloproperty.com/about-us-1	https://www.instagram.com/casiello_construction/	https://www.facebook.com/CasielloConstruction/		https://www.casielloproperty.com/portfolio				Medium	Recall-first	https://explore.overturemaps.org/#id=3670492c-64ae-48da-8015-7235d46bec04; https://www.casielloproperty.com/	Public Overture website; no usable Overture email. First-party public contact crawl required; no inference.				overture:3670492c-64ae-48da-8015-7235d46bec04	casielloproperty.com	16095222968	casiello construction and property management	Wildwood Crest	USA	MEDIUM	domain:casielloproperty.com
	A	91	Avalon	USA	Blue Property Management		property_management	2123 Dune Dr	+16092815296								overture:ed32927d-54b9-40d3-92ed-dd0dae6a7233	2026-08-15T14:21:17.118446Z		Canonical queue drain | fit A | GitHub MASTER dedupe passed	https://www.bluehomesgroup.com/property-management.html	info@bluehomesgroup.com	https://www.bluehomesgroup.com/contact.html	https://www.instagram.com/bluehomesrealestate/	https://www.facebook.com/BLUEHOMESrealestate/						Permissive	Qualification	https://explore.overturemaps.org/#id=ed32927d-54b9-40d3-92ed-dd0dae6a7233; https://www.bluehomesgroup.com/property-management.html; https://www.bluehomesgroup.com/contact.html	Public Overture website; no usable Overture email. First-party public contact crawl required; no inference. Public business email recovered from first-party website; no inference.				overture:ed32927d-54b9-40d3-92ed-dd0dae6a7233	bluehomesgroup.com	16092815296	blue property management	Avalon	USA	PERMISSIVE	domain:bluehomesgroup.com
	A	91	Key West	USA	Island Brownstone		holiday_rental_home	101 Front St	+13025937830								overture:31957370-51e5-477c-90b8-c337e42f1a03	2026-08-15T14:19:54.498739Z		Canonical queue drain | fit A | GitHub MASTER dedupe passed	http://www.vacationhomesofkeywest.com/		https://vacationhomesofkeywest.com/contacts/	https://www.instagram.com/vacationhomesofkeywest/	https://www.facebook.com/VacationHomesOfKeyWest/		https://vacationhomesofkeywest.com/properties/villa-porta-del-sole-sunset-key/				High	Verified	https://explore.overturemaps.org/#id=31957370-51e5-477c-90b8-c337e42f1a03; https://vacationhomesofkeywest.com/	Public Overture website; no usable Overture email. First-party public contact crawl required; no inference.				overture:31957370-51e5-477c-90b8-c337e42f1a03	vacationhomesofkeywest.com	13025937830	island brownstone	Key West	USA	HIGH	domain:vacationhomesofkeywest.com
	A	91	Gravois Mills	USA	Station 46 Marina and Vacation Rentals		marina	1719 Cup Tree Rd	+15738956001								overture:c9124398-e4fd-423a-8a3a-225c9415bcb5	2026-08-15T14:19:54.498739Z		Canonical queue drain | fit A | GitHub MASTER dedupe passed	http://www.station46marina.com/	info@station46marina.com	https://www.station46marina.com/about-us	https://www.instagram.com/station46marina/	https://www.facebook.com/profile.php/						High	Verified	https://explore.overturemaps.org/#id=c9124398-e4fd-423a-8a3a-225c9415bcb5; https://www.station46marina.com/	Public Overture website; no usable Overture email. First-party public contact crawl required; no inference. Public business email recovered from first-party website; no inference.				overture:c9124398-e4fd-423a-8a3a-225c9415bcb5	station46marina.com	15738956001	station 46 marina and vacation rentals	Gravois Mills	USA	HIGH	domain:station46marina.com
	A	91	Key Colony Beach	USA	Key Colony Beach Vacation Rentals		holiday_rental_home	1101 W Ocean Dr	+17088788750								overture:5ff6cc2d-cdd6-43ad-b344-f5c4c7b3aef4	2026-08-15T14:19:54.498739Z		Canonical queue drain | fit A | GitHub MASTER dedupe passed	https://www.seaislecondo30.com/	amylongaberger@yahoo.com	https://www.seaislecondo30.com/contact-us/		https://www.facebook.com/profile.php/		https://www.seaislecondo30.com/book-here				Permissive	Qualification	https://explore.overturemaps.org/#id=5ff6cc2d-cdd6-43ad-b344-f5c4c7b3aef4; https://www.seaislecondo30.com/	Public Overture website; no usable Overture email. First-party public contact crawl required; no inference. Public business email recovered from first-party website; no inference.				overture:5ff6cc2d-cdd6-43ad-b344-f5c4c7b3aef4	seaislecondo30.com	17088788750	key colony beach vacation rentals	Key Colony Beach	USA	PERMISSIVE	domain:seaislecondo30.com
	A	91	Joplin	USA	Real Property Management Momentum		property_management	2902 Arizona Ave	4172204100								overture:140716b4-b35e-4986-bf0a-988b1d945c81	2026-08-15T14:19:54.498739Z		Canonical queue drain | fit A | GitHub MASTER dedupe passed	https://www.rpmmomentum.com/?cid=LSTL_RPM000223		https://www.rpmmomentum.com/about-us	https://www.instagram.com/rpmmomentum/	https://www.facebook.com/RealPropertyManagementMomentumMO/		https://www.rpmmomentum.com/search-rentals				Permissive	Qualification	https://explore.overturemaps.org/#id=140716b4-b35e-4986-bf0a-988b1d945c81; https://www.rpmmomentum.com/?cid=LSTL_RPM000223	Public Overture website; no usable Overture email. First-party public contact crawl required; no inference.				overture:140716b4-b35e-4986-bf0a-988b1d945c81	rpmmomentum.com	4172204100	real property management momentum	Joplin	USA	PERMISSIVE	domain:rpmmomentum.com
	A	91	Acapulco de Juárez	Mexico	Real Bananas Hotel and Villas		resort	Calle Monterrey 195	+525588738721								overture:ef060b2f-30bc-49ec-ae6c-290e72d29575	2026-08-15T14:19:54.498739Z		Canonical queue drain | fit A | GitHub MASTER dedupe passed	https://realbananasacapulco.com/		https://realbananasacapulco.com/Contacto.html	https://www.instagram.com/realbananasaca/	https://www.facebook.com/RealBananasAcapulco/	https://wa.me/5217441937424					High	Verified	https://explore.overturemaps.org/#id=ef060b2f-30bc-49ec-ae6c-290e72d29575; https://realbananasacapulco.com/; https://realbananasacapulco.com/Contacto.html	Public Overture website; no usable Overture email. First-party public contact crawl required; no inference.				overture:ef060b2f-30bc-49ec-ae6c-290e72d29575	realbananasacapulco.com	525588738721	real bananas hotel and villas	Acapulco de Juárez	Mexico	HIGH	domain:realbananasacapulco.com
	A	91	Osage Beach	USA	Property Management Professionals		property_management	5211 Osage Beach Pkwy	5733021300								overture:fd9d219f-8e5a-4a29-8a25-9ae3dc0c158c	2026-08-15T14:19:54.498739Z		Canonical queue drain | fit A | GitHub MASTER dedupe passed	https://pmplakeozarks.com/	info@pmplakeozarks.com	https://pmplakeozarks.com/about-us/	https://www.instagram.com/pmplakeozarks/	https://www.facebook.com/PMPLakeOzarks/						High	Verified	https://explore.overturemaps.org/#id=fd9d219f-8e5a-4a29-8a25-9ae3dc0c158c; https://pmplakeozarks.com/	Public Overture website; no usable Overture email. First-party public contact crawl required; no inference. Public business email recovered from first-party website; no inference.				overture:fd9d219f-8e5a-4a29-8a25-9ae3dc0c158c	pmplakeozarks.com	5733021300	property management professionals	Osage Beach	USA	HIGH	domain:pmplakeozarks.com
	A	91	Fayetteville	USA	NWA Elite Property Management		property_management	1200 E Joyce Blvd	4795278745								overture:23adcc99-2663-4d11-912f-7bdc7d079cb3	2026-08-15T14:19:54.498739Z		Canonical queue drain | fit A | GitHub MASTER dedupe passed	http://www.nwaelitepropertymanagement.com/	nwaelitepm@gmail.com	https://nwaelitepropertymanagement.com/about/		https://www.facebook.com/DaleKelseyPropertyManagement/		https://nwaelitepropertymanagement.com/properties/?property=rentals				Permissive	Qualification	https://explore.overturemaps.org/#id=23adcc99-2663-4d11-912f-7bdc7d079cb3; https://nwaelitepropertymanagement.com/	Public Overture website; no usable Overture email. First-party public contact crawl required; no inference. Public business email recovered from first-party website; no inference.				overture:23adcc99-2663-4d11-912f-7bdc7d079cb3	nwaelitepropertymanagement.com	4795278745	nwa elite property management	Fayetteville	USA	PERMISSIVE	domain:nwaelitepropertymanagement.com
	A	91	Cuauhtémoc	Mexico	Lucania Property Management		property_management	Querétaro 229	+525591556639								overture:1a00f4ca-f26b-4f0f-afe7-4e1e64b94530	2026-08-15T14:19:54.498739Z		Canonical queue drain | fit A | GitHub MASTER dedupe passed	http://www.lucania.com.mx/			https://www.instagram.com/lucania_property_management/	https://www.facebook.com/lucaniapropertymanagement/	https://api.whatsapp.com/message/QVXZD6CMQ4E6L1?autoload=1&app_absent=0	https://www.lucania.com.mx/your-properties				Permissive	Qualification	https://explore.overturemaps.org/#id=1a00f4ca-f26b-4f0f-afe7-4e1e64b94530; https://www.lucania.com.mx/	Public Overture website; no usable Overture email. First-party public contact crawl required; no inference.				overture:1a00f4ca-f26b-4f0f-afe7-4e1e64b94530	lucania.com.mx	525591556639	lucania property management	Cuauhtémoc	Mexico	PERMISSIVE	domain:lucania.com.mx
	A	91	Lake Ozark	USA	Four Seasons Property Management		property_management	3287 Bagnell Dam Rd	+15736931800								overture:4ffa6a96-4c6c-48be-9ee2-53fffeffedfd	2026-08-15T14:19:54.498739Z		Canonical queue drain | fit A | GitHub MASTER dedupe passed	https://lakeozarkvacation.com/		https://lakeozarkvacation.com/about-us/	https://www.instagram.com/fspmlake/	https://www.facebook.com/FSPMLAKE/		https://lakeozarkvacation.com/vacation-rentals				High	Verified	https://explore.overturemaps.org/#id=4ffa6a96-4c6c-48be-9ee2-53fffeffedfd; https://lakeozarkvacation.com/	Public Overture website; no usable Overture email. First-party public contact crawl required; no inference.				overture:4ffa6a96-4c6c-48be-9ee2-53fffeffedfd	lakeozarkvacation.com	15736931800	four seasons property management	Lake Ozark	USA	HIGH	domain:lakeozarkvacation.com
	A	91	Marathon	USA	Coral Lagoon Vacation Rentals		holiday_rental_home	10875 Overseas Hwy	+13052892212								overture:3577fd4b-c160-4307-adcb-ae36a33076dd	2026-08-15T14:19:54.498739Z		Canonical queue drain | fit A | GitHub MASTER dedupe passed	http://keysrentalsonline.com/		https://www.keysrentalsonline.com/about-us/	https://www.instagram.com/cocoplumvacationrentals/	https://www.facebook.com/CocoPlumVacations/		https://www.keysrentalsonline.com/vacation-rentals-homes-search				High	Verified	https://explore.overturemaps.org/#id=3577fd4b-c160-4307-adcb-ae36a33076dd; https://www.keysrentalsonline.com/	Public Overture website; no usable Overture email. First-party public contact crawl required; no inference.				overture:3577fd4b-c160-4307-adcb-ae36a33076dd	keysrentalsonline.com	13052892212	coral lagoon vacation rentals	Marathon	USA	HIGH	domain:keysrentalsonline.com
	A	91	Lenexa	USA	Key Partners Property Management Group Kansas City		property_management	8700 Monrovia St #310	9137662302								overture:608ff9fc-ddce-470b-a6cd-8812e30c4ae8	2026-08-15T14:19:54.498739Z		Canonical queue drain | fit A | GitHub MASTER dedupe passed	https://keypartnerspm.com/	info@keypartnerspm.com	https://keypartnerspm.com/about-us/		https://www.facebook.com/KeyPartnersPM/		https://keypartnerspm.com/available-kansas-city-properties/				High	Verified	https://explore.overturemaps.org/#id=608ff9fc-ddce-470b-a6cd-8812e30c4ae8; https://keypartnerspm.com/contact-us/; https://keypartnerspm.com/	Public Overture website; no usable Overture email. First-party public contact crawl required; no inference. Public business email recovered from first-party website; no inference.				overture:608ff9fc-ddce-470b-a6cd-8812e30c4ae8	keypartnerspm.com	9137662302	key partners property management group kansas city	Lenexa	USA	HIGH	domain:keypartnerspm.com
	A	91	Jonesboro	USA	Custom Rental Management		property_management	4119 Stadium Blvd	+18709196540								overture:aee883ec-8727-49da-ba5f-90b72f90b21a	2026-08-15T14:19:54.498739Z		Canonical queue drain | fit A | GitHub MASTER dedupe passed	http://Www.jonesboropropertymanagement.com/	margaretgreen418@gmail.com	https://www.jonesboropropertymanagement.com/about		https://www.facebook.com/customrentalmanagement/		https://www.jonesboropropertymanagement.com/jonesboro-homes-for-rent				Permissive	Qualification	https://explore.overturemaps.org/#id=aee883ec-8727-49da-ba5f-90b72f90b21a; https://www.jonesboropropertymanagement.com/; https://www.jonesboropropertymanagement.com/about	Public Overture website; no usable Overture email. First-party public contact crawl required; no inference. Public business email recovered from first-party website; no inference.				overture:aee883ec-8727-49da-ba5f-90b72f90b21a	jonesboropropertymanagement.com	18709196540	custom rental management	Jonesboro	USA	PERMISSIVE	domain:jonesboropropertymanagement.com
	A	91	Islamorada	USA	Bayside Villas by Islander Resort		resort	81450 Overseas Hwy	(305) 664-0082								overture:419e0772-e844-4ce5-b022-ba9153bc65bd	2026-08-15T14:19:54.498739Z		Canonical queue drain | fit A | GitHub MASTER dedupe passed	https://www.islanderbaysidevillas.com		https://www.islanderbaysidevillas.com/contact	https://www.instagram.com/islanderresort/	https://www.facebook.com/IslanderResort/		https://www.islanderbaysidevillas.com/villas				High	Verified	https://explore.overturemaps.org/#id=419e0772-e844-4ce5-b022-ba9153bc65bd; https://www.islanderbaysidevillas.com/; https://www.islanderbaysidevillas.com	Public Overture website; no usable Overture email. First-party public contact crawl required; no inference.				overture:419e0772-e844-4ce5-b022-ba9153bc65bd	islanderbaysidevillas.com	3056640082	bayside villas by islander resort	Islamorada	USA	HIGH	domain:islanderbaysidevillas.com
	A	91	Marathon	USA	Indigo Reef Rentals By Coco Plum Vacation Rentals		vacation_rental_agent	11600 1st Ave Gulf Coco Plum Vacation Rentals	3053902315								overture:5544e87e-1dde-43ce-826c-e937a2d78090	2026-08-15T14:19:54.498739Z		Canonical queue drain | fit A | GitHub MASTER dedupe passed	http://www.indigo-reef.com/?utm_source=bing&utm_medium=organic&utm_campaign=bing_places		https://indigo-reef.com/contact-information/	https://www.instagram.com/cocoplumvacationrentals/	https://www.facebook.com/CocoPlumVacations/		https://indigo-reef.com/vacation-rentals-homes-search/				High	Verified	https://explore.overturemaps.org/#id=5544e87e-1dde-43ce-826c-e937a2d78090; https://indigo-reef.com/	Public Overture website; no usable Overture email. First-party public contact crawl required; no inference.				overture:5544e87e-1dde-43ce-826c-e937a2d78090	indigo-reef.com	3053902315	indigo reef rentals by coco plum vacation rentals	Marathon	USA	HIGH	domain:indigo-reef.com
	A	91	St. Peters	USA	Homestretch Property Management		property_management	5988 Mid Rivers Mall Dr Ste 232	3143335555								overture:c1c63cfd-d925-4270-a979-46597cd8b89d	2026-08-15T14:19:54.498739Z		Canonical queue drain | fit A | GitHub MASTER dedupe passed	http://homestretchpropertymanagement.com/		https://homestretchpropertymanagement.com/about/	https://www.instagram.com/rags.to.realestate/	https://www.facebook.com/Homestretchpm/		https://homestretchpropertymanagement.com/search-rentals/				Permissive	Qualification	https://explore.overturemaps.org/#id=c1c63cfd-d925-4270-a979-46597cd8b89d; https://homestretchpropertymanagement.com/	Public Overture website; no usable Overture email. First-party public contact crawl required; no inference.				overture:c1c63cfd-d925-4270-a979-46597cd8b89d	homestretchpropertymanagement.com	3143335555	homestretch property management	St. Peters	USA	PERMISSIVE	domain:homestretchpropertymanagement.com
	A	91	Branson	USA	Cottonwood Cottage by the Landing		cottage	216 Skaggs Rd	+14173374422								overture:4212ecd5-c8bb-42d6-8afc-a2b03e6e7fdb	2026-08-15T14:19:54.498739Z		Canonical queue drain | fit A | GitHub MASTER dedupe passed	https://www.dreams2realityvacations.com/vacation-rentals/rental/972777/		https://www.dreams2realityvacations.com/contact-us/	https://www.instagram.com/d2rvacations/	https://www.facebook.com/D2RVacationRentals/		https://www.dreams2realityvacations.com/vacation-rentals				High	Verified	https://explore.overturemaps.org/#id=4212ecd5-c8bb-42d6-8afc-a2b03e6e7fdb; https://www.dreams2realityvacations.com/vacation-rentals/rental/972777/	Public Overture website; no usable Overture email. First-party public contact crawl required; no inference.				overture:4212ecd5-c8bb-42d6-8afc-a2b03e6e7fdb	dreams2realityvacations.com	14173374422	cottonwood cottage by the landing	Branson	USA	HIGH	domain:dreams2realityvacations.com
	A	91	Springdale	USA	Crye-Leike Property Management		property_management	1112 S 48th St	+14797562131								overture:41234942-3225-4510-a4f9-0a2264fd261c	2026-08-15T14:19:54.498739Z		Canonical queue drain | fit A | GitHub MASTER dedupe passed	http://crye-leike.com		https://www.crye-leike.com/reo/contact-us/	https://www.instagram.com/cryeleike/	https://www.facebook.com/cryeleike/		https://www.crye-leike.com/homeservices				Medium	Recall-first	https://explore.overturemaps.org/#id=41234942-3225-4510-a4f9-0a2264fd261c; https://www.crye-leike.com/	Public Overture website; no usable Overture email. First-party public contact crawl required; no inference.				overture:41234942-3225-4510-a4f9-0a2264fd261c	crye-leike.com	14797562131	crye leike property management	Springdale	USA	MEDIUM	domain:crye-leike.com
	A	91	Islamorada	USA	Coastal Vacation Rentals of the Florida Keys		holiday_rental_home	82889 Overseas Hwy	+13056640077								overture:5d9d9947-0455-44d0-87f2-949b1bff8353	2026-08-15T14:19:54.498739Z		Canonical queue drain | fit A | GitHub MASTER dedupe passed	http://coastalrealtyofthefloridakeys.com/		https://coastalrealtyofthefloridakeys.com/about	https://www.instagram.com/coastalrealty/	https://www.facebook.com/CoastalFloridaKeys/		https://coastalrealtyofthefloridakeys.com/coastal-vacation-rentals				High	Verified	https://explore.overturemaps.org/#id=5d9d9947-0455-44d0-87f2-949b1bff8353; https://coastalrealtyofthefloridakeys.com/	Public Overture website; no usable Overture email. First-party public contact crawl required; no inference.				overture:5d9d9947-0455-44d0-87f2-949b1bff8353	coastalrealtyofthefloridakeys.com	13056640077	coastal vacation rentals of the florida keys	Islamorada	USA	HIGH	domain:coastalrealtyofthefloridakeys.com
	A	91	Branson	USA	Clear Lake Condo Rentals		holiday_rental_home	39 Songbird Cir	+18668118241								overture:611bfb29-38e5-4c16-bb56-c5fc0c504fcb	2026-08-15T14:19:54.498739Z		Canonical queue drain | fit A | GitHub MASTER dedupe passed	https://clearlakecondorentals.com/		https://www.clearlakecondorentals.com/amenities/	https://www.instagram.com/bransonclearlakecondos/	https://www.facebook.com/clearlakecondorentals/		https://www.clearlakecondorentals.com/vacation-rentals				High	Verified	https://explore.overturemaps.org/#id=611bfb29-38e5-4c16-bb56-c5fc0c504fcb; https://www.clearlakecondorentals.com/	Public Overture website; no usable Overture email. First-party public contact crawl required; no inference.				overture:611bfb29-38e5-4c16-bb56-c5fc0c504fcb	clearlakecondorentals.com	18668118241	clear lake condo rentals	Branson	USA	HIGH	domain:clearlakecondorentals.com
	A	91	Huatulco	Mexico	Celeste Beach Residences Huatulco Curamoria Collection		resort	Calle Club del Mar Mz 12 Lt 1 Residencial Conejos	9585832500								overture:7d0782cf-4c57-4462-908a-6dd706516cd5	2026-08-15T14:19:54.498739Z		Canonical queue drain | fit A | GitHub MASTER dedupe passed	https://celesteresidences.com/	reservations@celesteresidences.com	https://celesteresidences.com/contacto/	https://www.instagram.com/celesteresidences/	https://www.facebook.com/CelesteBeachResidencesandSpa/						High	Verified	https://explore.overturemaps.org/#id=7d0782cf-4c57-4462-908a-6dd706516cd5; https://celesteresidences.com/	Public Overture website; no usable Overture email. First-party public contact crawl required; no inference. Public business email recovered from first-party website; no inference.				overture:7d0782cf-4c57-4462-908a-6dd706516cd5	celesteresidences.com	9585832500	celeste beach residences huatulco curamoria collection	Huatulco	Mexico	HIGH	domain:celesteresidences.com
	A	91	Leavenworth	USA	Carriage Work Property Management		property_management	710 Shawnee St	+19133512812								overture:adf72c65-07d2-40f2-9bb4-1736551152d1	2026-08-15T14:19:54.498739Z		Canonical queue drain | fit A | GitHub MASTER dedupe passed	https://carriageworklofts.com/	dsalon101@gmail.com	https://carriageworklofts.com/contact-us		https://www.facebook.com/squarespace/		https://carriageworklofts.com/universal/svg/social-accounts.svg				Permissive	Qualification	https://explore.overturemaps.org/#id=adf72c65-07d2-40f2-9bb4-1736551152d1; https://carriageworklofts.com/contact-us	Public Overture website; no usable Overture email. First-party public contact crawl required; no inference. Public business email recovered from first-party website; no inference.				overture:adf72c65-07d2-40f2-9bb4-1736551152d1	carriageworklofts.com	19133512812	carriage work property management	Leavenworth	USA	PERMISSIVE	domain:carriageworklofts.com
	A	91	Zell am Ziller	Austria	ZillerSeasons Luxury Hotel Collection		resort	Rohrerstraße 4	052822236								overture:345aabde-119f-479b-bc37-0f48ac3702aa	2026-08-15T14:16:16.296920Z		Canonical queue drain | fit A | GitHub MASTER dedupe passed	https://www.zillerseasons.at/	info@zillerseasons.at		https://www.instagram.com/zillerseasons/	https://www.facebook.com/zillerseasons/	https://api.whatsapp.com/send?phone=436642236000					High	Verified	https://explore.overturemaps.org/#id=345aabde-119f-479b-bc37-0f48ac3702aa; https://www.zillerseasons.at/	Public Overture website; no usable Overture email. First-party public contact crawl required; no inference. Public business email recovered from first-party website; no inference.				overture:345aabde-119f-479b-bc37-0f48ac3702aa	zillerseasons.at	052822236	zillerseasons luxury hotel collection	Zell am Ziller	Austria	HIGH	domain:zillerseasons.at
	A	91	Kissimmee	USA	Wonder Vacation Homes LLC		resort	1101 Miranda Ln #125	4075525083								overture:4664adb7-c0de-4d35-ae14-dc3628902d43	2026-08-15T14:16:16.296920Z		Canonical queue drain | fit A | GitHub MASTER dedupe passed	http://www.wondervacationhomes.com/		https://www.wondervacationhomes.com/contact-us	https://www.instagram.com/wondervacationhomes/	https://www.facebook.com/wondervacationhomes/		https://www.wondervacationhomes.com/vacation-rentals/m				High	Verified	https://explore.overturemaps.org/#id=4664adb7-c0de-4d35-ae14-dc3628902d43; https://www.wondervacationhomes.com/	Public Overture website; no usable Overture email. First-party public contact crawl required; no inference.				overture:4664adb7-c0de-4d35-ae14-dc3628902d43	wondervacationhomes.com	4075525083	wonder vacation homes llc	Kissimmee	USA	HIGH	domain:wondervacationhomes.com
	A	91	Sarasota	USA	Vacation Rental Pros of Siesta Key		holiday_rental_home	1610 Stickney Point Rd Apt 201	(888) 947-4659								overture:af9d461c-49d4-4d5d-808e-e1d890652597	2026-08-15T14:16:16.296920Z		Canonical queue drain | fit A | GitHub MASTER dedupe passed	http://vtrips.com	reservations@vtrips.com	https://vtrips.com/about-us	https://www.instagram.com/vtripsrentals/	https://www.facebook.com/vtripsrentals/						High	Verified	https://explore.overturemaps.org/#id=af9d461c-49d4-4d5d-808e-e1d890652597; https://vtrips.com/	Public Overture website; no usable Overture email. First-party public contact crawl required; no inference. Public business email recovered from first-party website; no inference.				overture:af9d461c-49d4-4d5d-808e-e1d890652597	vtrips.com	8889474659	vacation rental pros of siesta key	Sarasota	USA	HIGH	domain:vtrips.com
	A	91	Estramiac	France	VMF Gers Property Management		property_management	1711 Route de la Vallée	+33787801466								overture:f39c6caf-ca65-4518-99dd-bd5cc7c46b9b	2026-08-15T14:16:16.296920Z		Canonical queue drain | fit A | GitHub MASTER dedupe passed	https://www.vmfpropertymanagement.com/		https://www.vmfpropertymanagement.com/contact	https://www.instagram.com/vmfgerspm/	https://www.facebook.com/vmfgerspm/		https://www.vmfpropertymanagement.com/book-online				High	Verified	https://explore.overturemaps.org/#id=f39c6caf-ca65-4518-99dd-bd5cc7c46b9b; https://www.vmfpropertymanagement.com/; https://www.vmfpropertymanagement.com/about	Public Overture website; no usable Overture email. First-party public contact crawl required; no inference.				overture:f39c6caf-ca65-4518-99dd-bd5cc7c46b9b	vmfpropertymanagement.com	33787801466	vmf gers property management	Estramiac	France	HIGH	domain:vmfpropertymanagement.com
	A	91	Miami	USA	Vivo Hospitality and Property Management		holiday_rental_home	2520 Coral Way	+15613211370								overture:32e2b51a-2326-46ee-85d3-12340077e5d3	2026-08-15T14:16:16.296920Z		Canonical queue drain | fit A | GitHub MASTER dedupe passed	http://www.vivo-hospitality.com/	host@vivo-hospitality.com	https://vivo-hospitality.com/about/	https://www.instagram.com/vivohospitality/			https://vivo-hospitality.com/properties/villa-oasis/				High	Verified	https://explore.overturemaps.org/#id=32e2b51a-2326-46ee-85d3-12340077e5d3; https://vivo-hospitality.com/	Public Overture website; no usable Overture email. First-party public contact crawl required; no inference. Public business email recovered from first-party website; no inference.				overture:32e2b51a-2326-46ee-85d3-12340077e5d3	vivo-hospitality.com	15613211370	vivo hospitality and property management	Miami	USA	HIGH	domain:vivo-hospitality.com
	A	91	Orlando	USA	Vista Cay Dream Vacation Rentals		vacation_rental_agent	5012 Shoreway Loop, Unit 201	8559567526								overture:dd42a4fc-8031-4b1f-a693-1b9c1ba97776	2026-08-15T14:16:16.296920Z		Canonical queue drain | fit A | GitHub MASTER dedupe passed	http://www.vistacaydreamvacationrentals.com/	info@vistacaydreamvacationrentals.com	https://www.vistacaydreamvacationrentals.com/contact		https://www.facebook.com/vistacaydreamvacationrentals/		https://www.vistacaydreamvacationrentals.com/activities				High	Verified	https://explore.overturemaps.org/#id=dd42a4fc-8031-4b1f-a693-1b9c1ba97776; https://www.vistacaydreamvacationrentals.com/	Public Overture website; no usable Overture email. First-party public contact crawl required; no inference. Public business email recovered from first-party website; no inference.				overture:dd42a4fc-8031-4b1f-a693-1b9c1ba97776	vistacaydreamvacationrentals.com	8559567526	vista cay dream vacation rentals	Orlando	USA	HIGH	domain:vistacaydreamvacationrentals.com
	A	91	Saint-Chaffrey	France	Chalet des Abeilles		ski_resort	Hôtel de Ville									overture:9d20365e-6227-4834-968b-1476f17c2d44	2026-08-15T14:16:16.296920Z		Canonical queue drain | fit A | GitHub MASTER dedupe passed	http://www.ville-levallois.fr/sports-loisirs/chalet-les-abeilles	votre.maire@ville-levallois.fr	https://www.ville-levallois.fr/contact/	https://www.instagram.com/villelevallois/	https://www.facebook.com/villedelevallois/		https://www.ville-levallois.fr/wp-content/plugins/3d-flipbook-dflip-lite/assets/css/dflip.min.css?ver=2.4.30				Medium	Recall-first	https://explore.overturemaps.org/#id=9d20365e-6227-4834-968b-1476f17c2d44; https://www.ville-levallois.fr/sports-loisirs/escapades-voyages/chalet-les-abeilles/; https://www.ville-levallois.fr/contact/	Public Overture website; no usable Overture email. First-party public contact crawl required; no inference. Public business email recovered from first-party website; no inference.				overture:9d20365e-6227-4834-968b-1476f17c2d44	ville-levallois.fr		chalet des abeilles	Saint-Chaffrey	France	MEDIUM	domain:ville-levallois.fr
	A	91	West Palm Beach	USA	VILLAVANA Vacation Rental Management			700 S Rosemary Ave Ste 204 Ste 2016	5613160475								overture:3b70722a-919b-4e7f-96ac-aed95c1b8f86	2026-08-15T14:16:16.296920Z		Canonical queue drain | fit A | GitHub MASTER dedupe passed	https://www.villavanamanagement.com/		https://www.villavanamanagement.com/about	https://www.instagram.com/gw_destinmiramar/	https://www.facebook.com/GW.Destin/		https://www.villavanamanagement.com/the-villavana-difference				High	Verified	https://explore.overturemaps.org/#id=3b70722a-919b-4e7f-96ac-aed95c1b8f86; https://www.villavanamanagement.com/	Public Overture website; no usable Overture email. First-party public contact crawl required; no inference.				overture:3b70722a-919b-4e7f-96ac-aed95c1b8f86	villavanamanagement.com	5613160475	villavana vacation rental management	West Palm Beach	USA	HIGH	domain:villavanamanagement.com
	A	91	Mogliano Veneto	Italy	Venice Holiday Home		holiday_rental_home	Via 28 Aprile, 83	+393407870933								overture:e79eb4df-dd69-4a32-a691-c25d495ce1f8	2026-08-15T14:16:16.296920Z		Canonical queue drain | fit A | GitHub MASTER dedupe passed	http://veniceholidayapartment.com/	venice.holiday.home@gmail.com	http://veniceholidayapartment.com/availability-and-bookings/		https://www.facebook.com/veniceholidayhomes/		http://veniceholidayapartment.com/availability-and-bookings/				High	Verified	https://explore.overturemaps.org/#id=e79eb4df-dd69-4a32-a691-c25d495ce1f8; http://veniceholidayapartment.com/	Public Overture website; no usable Overture email. First-party public contact crawl required; no inference. Public business email recovered from first-party website; no inference.				overture:e79eb4df-dd69-4a32-a691-c25d495ce1f8	veniceholidayapartment.com	393407870933	venice holiday home	Mogliano Veneto	Italy	HIGH	domain:veniceholidayapartment.com
	A	91	Dania Beach	USA	ValGal Vacation Rentals		holiday_rental_home	66 N Federal Hwy	+19547444210								overture:d96520a4-86f7-481e-94c1-11cb22ebfa60	2026-08-15T14:16:16.296920Z		Canonical queue drain | fit A | GitHub MASTER dedupe passed	http://www.valgal.net		https://www.valgal.net/about-us/	https://www.instagram.com/valgal_vacation_rentals/	https://www.facebook.com/valgalvacationrentals/		https://www.valgal.net/vacation-rentals				High	Verified	https://explore.overturemaps.org/#id=d96520a4-86f7-481e-94c1-11cb22ebfa60; https://www.valgal.net/	Public Overture website; no usable Overture email. First-party public contact crawl required; no inference.				overture:d96520a4-86f7-481e-94c1-11cb22ebfa60	valgal.net	19547444210	valgal vacation rentals	Dania Beach	USA	HIGH	domain:valgal.net
	A	91	Sarasota	USA	Siesta Key Vacation Rentals		holiday_rental_home	202 Island Cir	+19413631216								overture:9e39f6d2-a894-4ade-bac9-317f124ca89f	2026-08-15T14:16:16.296920Z		Canonical queue drain | fit A | GitHub MASTER dedupe passed	https://vacationrentalssiestakey.org/		https://vacationrentalssiestakey.org/contact	https://www.instagram.com/siestakeyvacationrentals/	https://www.facebook.com/SiestaKeyVacationRentals.info/		https://vacationrentalssiestakey.org/siesta-key-rentals				High	Verified	https://explore.overturemaps.org/#id=9e39f6d2-a894-4ade-bac9-317f124ca89f; https://vacationrentalssiestakey.org/	Public Overture website; no usable Overture email. First-party public contact crawl required; no inference.				overture:9e39f6d2-a894-4ade-bac9-317f124ca89f	vacationrentalssiestakey.org	19413631216	siesta key vacation rentals	Sarasota	USA	HIGH	domain:vacationrentalssiestakey.org
	A	91	Puerto Aventuras	Mexico	UNO Retreats | Luxury Villas in Tulum & Riviera Maya		holiday_rental_home	Bahia Soliman 5-8	9848078195								overture:d409decd-5ac6-498f-89fa-257c3d0f53f4	2026-08-15T14:16:16.296920Z		Canonical queue drain | fit A | GitHub MASTER dedupe passed	http://www.unoretreats.com/		http://www.unoretreats.com/contact	https://www.instagram.com/unoretreats/	https://www.facebook.com/unoretreats/		https://unoretreats.com/luxurious-villas-tulum-vacation-rentals/				Permissive	Qualification	https://explore.overturemaps.org/#id=d409decd-5ac6-498f-89fa-257c3d0f53f4	Public Overture website; no usable Overture email. First-party public contact crawl required; no inference.				overture:d409decd-5ac6-498f-89fa-257c3d0f53f4	unoretreats.com	9848078195	uno retreats luxury villas in tulum riviera maya	Puerto Aventuras	Mexico	PERMISSIVE	domain:unoretreats.com
	A	91	Orlando	USA	Tropical Villas Orlando Vacation Rentals & Property Management		property_management	15553 S Apopka Vineland Rd	8886768209								overture:f26b65dc-6b85-4665-8ef9-c1fe3436a621	2026-08-15T14:16:16.296920Z		Canonical queue drain | fit A | GitHub MASTER dedupe passed	https://tropicalvillasorlando.com/		https://tropicalvillasorlando.com/about/	https://www.instagram.com/magnoliavillas/	https://www.facebook.com/magnoliavillasproperties/		https://tropicalvillasorlando.com/rentals-in-orlando/vacation-rentals-near-universal-studios-orlando/				High	Verified	https://explore.overturemaps.org/#id=f26b65dc-6b85-4665-8ef9-c1fe3436a621; https://tropicalvillasorlando.com/	Public Overture website; no usable Overture email. First-party public contact crawl required; no inference.				overture:f26b65dc-6b85-4665-8ef9-c1fe3436a621	tropicalvillasorlando.com	8886768209	tropical villas orlando vacation rentals property management	Orlando	USA	HIGH	domain:tropicalvillasorlando.com
	A	91	Davenport	USA	Tropical Escape Vacation Homes		vacation_rental_agent	8320 Champions Gate Blvd	8664098598								overture:fd9cfb31-e342-4fbb-a4aa-e0d106c04ba2	2026-08-15T14:16:16.296920Z		Canonical queue drain | fit A | GitHub MASTER dedupe passed	https://tropicalescapevacationhomes.com/		https://tropicalescapevacationhomes.com/property-management/contact-us/	https://www.instagram.com/tropicalescapevacationhomes/	https://www.facebook.com/tropicalescapevacationhomes/		https://tropicalescapevacationhomes.com/vacation-rentals/champions-gate-holiday-rentals/				High	Verified	https://explore.overturemaps.org/#id=fd9cfb31-e342-4fbb-a4aa-e0d106c04ba2; https://tropicalescapevacationhomes.com/	Public Overture website; no usable Overture email. First-party public contact crawl required; no inference.				overture:fd9cfb31-e342-4fbb-a4aa-e0d106c04ba2	tropicalescapevacationhomes.com	8664098598	tropical escape vacation homes	Davenport	USA	HIGH	domain:tropicalescapevacationhomes.com
	A	91	Fort Myers Beach	USA	TriPower Vacation Rentals		holiday_rental_home	2001 Estero Blvd	+12394635887								overture:7a40758e-18e6-4299-9749-77db5de358b0	2026-08-15T14:16:16.296920Z		Canonical queue drain | fit A | GitHub MASTER dedupe passed	http://www.tripowervacationrentals.com/		https://www.tripowervacationrentals.com/property-management/about-us/	https://www.instagram.com/tripowervacationrentals/	https://www.facebook.com/TriPowerVacationRentalsFMB/		https://www.tripowervacationrentals.com/vacation-rentals				High	Verified	https://explore.overturemaps.org/#id=7a40758e-18e6-4299-9749-77db5de358b0; https://www.tripowervacationrentals.com/	Public Overture website; no usable Overture email. First-party public contact crawl required; no inference.				overture:7a40758e-18e6-4299-9749-77db5de358b0	tripowervacationrentals.com	12394635887	tripower vacation rentals	Fort Myers Beach	USA	HIGH	domain:tripowervacationrentals.com
	A	91	Miami Shores	USA	The Maruca Group Luxury Vacation Rentals		holiday_rental_home	9999 NE 2nd Ave Ste 314	7868082670								overture:62876e75-50dc-4954-b080-4146432ccb46	2026-08-15T14:16:16.296920Z		Canonical queue drain | fit A | GitHub MASTER dedupe passed	https://themarucagroup.com/	reservations@themarucagroup.com	https://themarucagroup.com/contact	https://www.instagram.com/themarucagroup/		https://wa.me/19518788210					High	Verified	https://explore.overturemaps.org/#id=62876e75-50dc-4954-b080-4146432ccb46; https://themarucagroup.com/; https://themarucagroup.com/contact	Public Overture website; no usable Overture email. First-party public contact crawl required; no inference. Public business email recovered from first-party website; no inference.				overture:62876e75-50dc-4954-b080-4146432ccb46	themarucagroup.com	7868082670	the maruca group luxury vacation rentals	Miami Shores	USA	HIGH	domain:themarucagroup.com
	A	91	Drossiá	Greece	The Marble Resort - Luxury Villas Evia		hotel	Beachside Road Drosia-Mourikiou 3km	+306979444352								overture:ed43d84f-4f1e-4594-b5d0-ef3d74d86f00	2026-08-15T14:16:16.296920Z		Canonical queue drain | fit A | GitHub MASTER dedupe passed	http://www.themarbleresort.com/		https://themarbleresort.com/contact/		https://www.facebook.com/TheMarbleResort/	https://wa.me/+306979444352	https://themarbleresort.com/villa/coral				High	Verified	https://explore.overturemaps.org/#id=ed43d84f-4f1e-4594-b5d0-ef3d74d86f00; https://themarbleresort.com/	Public Overture website; no usable Overture email. First-party public contact crawl required; no inference.				overture:ed43d84f-4f1e-4594-b5d0-ef3d74d86f00	themarbleresort.com	306979444352	the marble resort luxury villas evia	Drossiá	Greece	HIGH	domain:themarbleresort.com
	A	91	Fort Lauderdale	USA	Crexent Commercial Property Management		property_management	2881 E Oakland Park Blvd	+18778861400								overture:91a060b4-f257-4696-a8f9-0ee4484b3e6d	2026-08-15T14:16:16.296920Z		Canonical queue drain | fit A | GitHub MASTER dedupe passed	http://www.thecrexent.com/		https://www.thecrexent.com/contact-us	https://www.instagram.com/thecrexent_cpm/	https://www.facebook.com/crexentpropertymanagement/		https://www.thecrexent.com/meeting-rooms				Medium	Recall-first	https://explore.overturemaps.org/#id=91a060b4-f257-4696-a8f9-0ee4484b3e6d; https://www.thecrexent.com/	Public Overture website; no usable Overture email. First-party public contact crawl required; no inference.				overture:91a060b4-f257-4696-a8f9-0ee4484b3e6d	thecrexent.com	18778861400	crexent commercial property management	Fort Lauderdale	USA	MEDIUM	domain:thecrexent.com
	A	91	Fort Lauderdale	USA	Tarpon Harbor Vacation Rentals		holiday_rental_home	427 SW 12th St	+17549006940								overture:33ff5716-852a-4e7f-8d50-5b0f7a7f4434	2026-08-15T14:16:16.296920Z		Canonical queue drain | fit A | GitHub MASTER dedupe passed	https://TarponHarborFL.com/		https://www.tarponharborfl.com/contact/	https://www.instagram.com/tarponharbor/	https://www.facebook.com/TarponHarbor/		https://book.tarponharborfl.com/listing/115113				High	Verified	https://explore.overturemaps.org/#id=33ff5716-852a-4e7f-8d50-5b0f7a7f4434; https://www.tarponharborfl.com/	Public Overture website; no usable Overture email. First-party public contact crawl required; no inference.				overture:33ff5716-852a-4e7f-8d50-5b0f7a7f4434	tarponharborfl.com	17549006940	tarpon harbor vacation rentals	Fort Lauderdale	USA	HIGH	domain:tarponharborfl.com
	A	91	Brixen - Bressanone	Italy	Aparthotel Summerer - Living Nature - with private SPA		bed_and_breakfast	Mellauner Straße 48	3403320647								overture:9b3aac4f-3180-47e4-aca9-e73d8125ded8	2026-08-15T14:16:16.296920Z		Canonical queue drain | fit A | GitHub MASTER dedupe passed	http://www.summererliving.com/			https://www.instagram.com/summererliving/	https://www.facebook.com/summererhof.mellaun/	https://wa.me/390472852033	https://www.summererliving.com/apartments-brixen				High	Verified	https://explore.overturemaps.org/#id=9b3aac4f-3180-47e4-aca9-e73d8125ded8; https://www.summererliving.com/	Public Overture website; no usable Overture email. First-party public contact crawl required; no inference.				overture:9b3aac4f-3180-47e4-aca9-e73d8125ded8	summererliving.com	3403320647	aparthotel summerer living nature with private spa	Brixen - Bressanone	Italy	HIGH	domain:summererliving.com
	A	91	Kissimmee	USA	Stars Vacation Homes		property_management	3000 Loopdale Lane	4075742735								overture:c0edb909-7cec-4d45-82b6-94c91d749757	2026-08-15T14:16:16.296920Z		Canonical queue drain | fit A | GitHub MASTER dedupe passed	https://www.starsvacationhomes.com/	info@starsvacationhomes.com	https://www.starsvacationhomes.com/about	https://www.instagram.com/starsvacationhomes/	https://www.facebook.com/starsvacationhomes/						High	Verified	https://explore.overturemaps.org/#id=c0edb909-7cec-4d45-82b6-94c91d749757; https://www.starsvacationhomes.com/	Public Overture website; no usable Overture email. First-party public contact crawl required; no inference. Public business email recovered from first-party website; no inference.				overture:c0edb909-7cec-4d45-82b6-94c91d749757	starsvacationhomes.com	4075742735	stars vacation homes	Kissimmee	USA	HIGH	domain:starsvacationhomes.com
	A	91	Aso de Sobremonte	Spain	Casa Mya. Holiday Home In the Pyrenees		holiday_rental_home	Calle Unica 1(A) Bl:C'' Es:1 Pl:01 Pt:DR BLOQUE 4	676899548								overture:ce472918-00dd-444f-b264-a860b09e4a62	2026-08-15T14:16:16.296920Z		Canonical queue drain | fit A | GitHub MASTER dedupe passed	https://www.spanishholidayrentals.co.uk/		https://spanishholidayrentals.co.uk/wp-content/themes/booklium/css/hotel-booking.css?ver=1.5.0	https://www.instagram.com/spanishhols/	https://www.facebook.com/livelikelocals/		https://spanishholidayrentals.co.uk/wp-content/themes/booklium/css/hotel-booking.css?ver=1.5.0				High	Verified	https://explore.overturemaps.org/#id=ce472918-00dd-444f-b264-a860b09e4a62; https://spanishholidayrentals.co.uk/	Public Overture website; no usable Overture email. First-party public contact crawl required; no inference.				overture:ce472918-00dd-444f-b264-a860b09e4a62	spanishholidayrentals.co.uk	676899548	casa mya holiday home in the pyrenees	Aso de Sobremonte	Spain	HIGH	domain:spanishholidayrentals.co.uk
	A	91	Limone Piemonte	Italy	Ski Chalets Limone		ski_resort	Via Almellina, 2	+33640628972								overture:3dbbf37c-4079-4a42-903d-702d3b7b5bce	2026-08-15T14:16:16.296920Z		Canonical queue drain | fit A | GitHub MASTER dedupe passed	http://www.skichaletslimone.com/		https://skichaletslimone.com/contact/	https://www.instagram.com/skichaletslimone/	https://www.facebook.com/skichaletslimone/		https://skichaletslimone.com/new-apartments/				High	Verified	https://explore.overturemaps.org/#id=3dbbf37c-4079-4a42-903d-702d3b7b5bce; https://skichaletslimone.com/	Public Overture website; no usable Overture email. First-party public contact crawl required; no inference.				overture:3dbbf37c-4079-4a42-903d-702d3b7b5bce	skichaletslimone.com	33640628972	ski chalets limone	Limone Piemonte	Italy	HIGH	domain:skichaletslimone.com
	A	91	GAINESVILLE	USA	Secure Investments Realty & Property Management		property_management	3520 NW 43RD St	3524788029								overture:eec562b3-5db1-4d74-bd99-197170450bbf	2026-08-15T14:16:16.296920Z		Canonical queue drain | fit A | GitHub MASTER dedupe passed	https://secureinvestmentsrealty.com/	info@secureinvestmentsrealty.com	https://secureinvestmentsrealty.com/contact-us/		https://www.facebook.com/secureinvestments/		https://secureinvestmentsrealty.com/search-properties-for-sale/				Permissive	Qualification	https://explore.overturemaps.org/#id=eec562b3-5db1-4d74-bd99-197170450bbf; https://secureinvestmentsrealty.com/contact-us/; https://secureinvestmentsrealty.com/	Public Overture website; no usable Overture email. First-party public contact crawl required; no inference. Public business email recovered from first-party website; no inference.				overture:eec562b3-5db1-4d74-bd99-197170450bbf	secureinvestmentsrealty.com	3524788029	secure investments realty property management	GAINESVILLE	USA	PERMISSIVE	domain:secureinvestmentsrealty.com
	A	91	Fort Myers Beach	USA	The Turtle Nest FMB		beach_resort	228 Fairweather Ln	+12394630078								overture:e41d0524-cfe0-4e77-ac2e-fbb9ab689afb	2026-08-15T14:16:16.296920Z		Canonical queue drain | fit A | GitHub MASTER dedupe passed	http://seagypsyvacationrentals.com/		https://www.seagypsyvacationrentals.com/contact-us/	https://www.instagram.com/seagypsyvacationrentals/	https://www.facebook.com/SeaGypsyVacationRentals/		https://www.seagypsyvacationrentals.com/vacation-rentals/homes-w-docks/				High	Verified	https://explore.overturemaps.org/#id=e41d0524-cfe0-4e77-ac2e-fbb9ab689afb; https://www.seagypsyvacationrentals.com/	Public Overture website; no usable Overture email. First-party public contact crawl required; no inference.				overture:e41d0524-cfe0-4e77-ac2e-fbb9ab689afb	seagypsyvacationrentals.com	12394630078	the turtle nest fmb	Fort Myers Beach	USA	HIGH	domain:seagypsyvacationrentals.com
	A	91	Boca Raton	USA	Real Property Management Sunstate - Boca Raton		property_management	2255 Glades Rd Ste 324A	5612527363								overture:c4d03630-8fbf-47e7-bd08-ef54689034e9	2026-08-15T14:16:16.296920Z		Canonical queue drain | fit A | GitHub MASTER dedupe passed	https://www.rpmsunstate.com/?cid=LSTL_RPM000223		https://www.rpmsunstate.com/about-us	https://www.instagram.com/realpropertymgmtsunstate/	https://www.facebook.com/RealPropertyManagementPBC/		https://www.rpmsunstate.com/pbc-rentals				Permissive	Qualification	https://explore.overturemaps.org/#id=c4d03630-8fbf-47e7-bd08-ef54689034e9; https://www.rpmsunstate.com/?cid=LSTL_RPM000223	Public Overture website; no usable Overture email. First-party public contact crawl required; no inference.				overture:c4d03630-8fbf-47e7-bd08-ef54689034e9	rpmsunstate.com	5612527363	real property management sunstate boca raton	Boca Raton	USA	PERMISSIVE	domain:rpmsunstate.com
	A	91	Miami	USA	Real Property Management Dade		property_management	12985 SW 130th Ct, Ste 102-1	3055014576								overture:3de3cec8-2482-49ab-bace-dbff1be81d85	2026-08-15T14:16:16.296920Z		Canonical queue drain | fit A | GitHub MASTER dedupe passed	https://www.rpmdade.com/?cid=LSTL_RPM000223		https://www.rpmdade.com/about-us	https://www.instagram.com/rpmdade/	https://www.facebook.com/RPMDade/		https://www.rpmdade.com/areas-we-serve/homestead				Permissive	Qualification	https://explore.overturemaps.org/#id=3de3cec8-2482-49ab-bace-dbff1be81d85; https://www.rpmdade.com/?cid=LSTL_RPM000223	Public Overture website; no usable Overture email. First-party public contact crawl required; no inference.				overture:3de3cec8-2482-49ab-bace-dbff1be81d85	rpmdade.com	3055014576	real property management dade	Miami	USA	PERMISSIVE	domain:rpmdade.com
	A	91	Puerto Morelos	Mexico	Grand Residences by Royal Resorts		beach_resort	AVENIDA CALLE EL CID 0 DOMICILIO	+529988728148								overture:6d3ba8e4-0b98-4cc7-9da8-91d4c4ada25c	2026-08-15T14:16:16.296920Z		Canonical queue drain | fit A | GitHub MASTER dedupe passed	https://www.royalresorts.com/discover-royal-resorts/grand-residences		https://www.royalresorts.com/about-royal-resorts	https://www.instagram.com/royalresorts/	https://www.facebook.com/royalresort/		https://www.royalresorts.com/beach-destinations				High	Verified	https://explore.overturemaps.org/#id=6d3ba8e4-0b98-4cc7-9da8-91d4c4ada25c; https://www.royalresorts.com/beachfront-resorts/grand-residences-riviera-cancun	Public Overture website; no usable Overture email. First-party public contact crawl required; no inference.				overture:6d3ba8e4-0b98-4cc7-9da8-91d4c4ada25c	royalresorts.com	529988728148	grand residences by royal resorts	Puerto Morelos	Mexico	HIGH	domain:royalresorts.com
	A	91	Pinecrest	USA	Rovira Property Management		property_management	12394 SW 82 Ave	8886690096								overture:34f32d3a-ec81-4521-a4a2-b6913929f8b8	2026-08-15T14:16:16.296920Z		Canonical queue drain | fit A | GitHub MASTER dedupe passed	https://rovirapropertymanagement.com/		https://www.rovirapropertymanagement.com/about	https://www.instagram.com/rovirapm/	https://www.facebook.com/rovirapm/		https://www.rovirapropertymanagement.com/miami-homes-for-rent				Medium	Recall-first	https://explore.overturemaps.org/#id=34f32d3a-ec81-4521-a4a2-b6913929f8b8; https://www.rovirapropertymanagement.com	Public Overture website; no usable Overture email. First-party public contact crawl required; no inference.				overture:34f32d3a-ec81-4521-a4a2-b6913929f8b8	rovirapropertymanagement.com	8886690096	rovira property management	Pinecrest	USA	MEDIUM	domain:rovirapropertymanagement.com
	A	91	Ellwangen (Jagst)	Germany	ApartHotel Rose		hotel	Jagststraße 4	+4979612148								overture:e5c43c15-2a78-4ec9-8591-9653426ecf50	2026-08-15T14:16:16.296920Z		Canonical queue drain | fit A | GitHub MASTER dedupe passed	https://www.rose-ellwangen.de/	reservierung@rose-ellwangen.de		https://www.instagram.com/hotel_ellwangen/	https://www.facebook.com/rose.ellwangen/		https://www.rose-ellwangen.de/de/zimmer-apartments/				High	Verified	https://explore.overturemaps.org/#id=e5c43c15-2a78-4ec9-8591-9653426ecf50; https://www.rose-ellwangen.de/	Public Overture website; no usable Overture email. First-party public contact crawl required; no inference. Public business email recovered from first-party website; no inference.				overture:e5c43c15-2a78-4ec9-8591-9653426ecf50	rose-ellwangen.de	4979612148	aparthotel rose	Ellwangen (Jagst)	Germany	HIGH	domain:rose-ellwangen.de
	A	91	Davenport	USA	Reunion Vacation Homes		vacation_rental_agent	7531 Osceola Polk Line Rd	4073260358								overture:bbc02d7a-184b-4c8e-9d54-5be338b3cbd8	2026-08-15T14:16:16.296920Z		Canonical queue drain | fit A | GitHub MASTER dedupe passed	https://www.reunionvacationhomes.com/		https://www.reunionvacationhomes.com/aboutus/	https://www.instagram.com/reunionvacationhomes/	https://www.facebook.com/reunion.vacationhomes/		https://rentals.reunionvacationhomes.com/testimonials/				High	Verified	https://explore.overturemaps.org/#id=bbc02d7a-184b-4c8e-9d54-5be338b3cbd8; https://www.reunionvacationhomes.com/	Public Overture website; no usable Overture email. First-party public contact crawl required; no inference.				overture:bbc02d7a-184b-4c8e-9d54-5be338b3cbd8	reunionvacationhomes.com	4073260358	reunion vacation homes	Davenport	USA	HIGH	domain:reunionvacationhomes.com
	A	91	Reunion	USA	Spectrum Resort Villas Orlando, Ascend Hotel Collection		resort	7750 Sandy Ridge Dr	3218883875								overture:648e36d7-d6bc-4de2-bcd7-f9bf3f8d13af	2026-08-15T14:16:16.296920Z		Canonical queue drain | fit A | GitHub MASTER dedupe passed	https://resortsbyspectrum.com/		https://resortsbyspectrum.com/direct-booking-benefits/	https://www.instagram.com/spectrum_resort_orlando/	https://www.facebook.com/SpectrumResortOrlando/		https://resortsbyspectrum.com/direct-booking-benefits/				High	Verified	https://explore.overturemaps.org/#id=648e36d7-d6bc-4de2-bcd7-f9bf3f8d13af; https://resortsbyspectrum.com/; https://resortsbyspectrum.com/direct-booking-benefits/	Public Overture website; no usable Overture email. First-party public contact crawl required; no inference.				overture:648e36d7-d6bc-4de2-bcd7-f9bf3f8d13af	resortsbyspectrum.com	3218883875	spectrum resort villas orlando ascend hotel collection	Reunion	USA	HIGH	domain:resortsbyspectrum.com
	A	91	Saint Petersburg	USA	Property Management Professionals of Fl, LLC		property_management	3637 4th St N Ste 230	7278519511								overture:43b0eefd-b1c8-4547-aea2-1c38789bf960	2026-08-15T14:16:16.296920Z		Canonical queue drain | fit A | GitHub MASTER dedupe passed	http://www.residentialrentalsfl.com/	mknevans2@gmail.com	https://www.residentialrentalsfl.com/about-us	https://www.instagram.com/residentialrentalsfl/	https://www.facebook.com/residentialrentalsfl/						Medium	Recall-first	https://explore.overturemaps.org/#id=43b0eefd-b1c8-4547-aea2-1c38789bf960; https://www.residentialrentalsfl.com/; https://www.residentialrentalsfl.com/about-us	Public Overture website; no usable Overture email. First-party public contact crawl required; no inference. Public business email recovered from first-party website; no inference.				overture:43b0eefd-b1c8-4547-aea2-1c38789bf960	residentialrentalsfl.com	7278519511	property management professionals of fl llc	Saint Petersburg	USA	MEDIUM	domain:residentialrentalsfl.com
	A	91	Tampa	USA	R B Property Management		property_management	2508 Westhigh Ave	(813) 784-5325								overture:9317e0fa-3064-4c85-8b86-5545071d44f4	2026-08-15T14:16:16.296920Z		Canonical queue drain | fit A | GitHub MASTER dedupe passed	http://www.rbpropertiesinc.com	info@rbpropertiesinc.com	https://www.rbpropertiesinc.com/about-us		https://www.facebook.com/RB-Properties-ltd-288822567878853/		https://www.rbpropertiesinc.com/hotels				Permissive	Qualification	https://explore.overturemaps.org/#id=9317e0fa-3064-4c85-8b86-5545071d44f4; https://www.rbpropertiesinc.com/	Public Overture website; no usable Overture email. First-party public contact crawl required; no inference. Public business email recovered from first-party website; no inference.				overture:9317e0fa-3064-4c85-8b86-5545071d44f4	rbpropertiesinc.com	8137845325	r b property management	Tampa	USA	PERMISSIVE	domain:rbpropertiesinc.com
	A	91	Puerto Morelos	Mexico	PUERTO MORELOS Vacation Rentals Sales and Management		rental_service	av rojo gomez y plutarco elias	9985772714								overture:41ae2c90-f096-4b67-ada1-c142ef0c6556	2026-08-15T14:16:16.296920Z		Canonical queue drain | fit A | GitHub MASTER dedupe passed	http://www.puertomorelosmexico.com/		https://www.puertomorelosmexico.com/about-us	https://www.instagram.com/realestatepuertomorelos/	https://www.facebook.com/Real.Estate.Solutions.Puerto.Morelos/		https://www.puertomorelosmexico.com/ls/all-properties				High	Verified	https://explore.overturemaps.org/#id=41ae2c90-f096-4b67-ada1-c142ef0c6556; https://www.puertomorelosmexico.com/	Public Overture website; no usable Overture email. First-party public contact crawl required; no inference.				overture:41ae2c90-f096-4b67-ada1-c142ef0c6556	puertomorelosmexico.com	9985772714	puerto morelos vacation rentals sales and management	Puerto Morelos	Mexico	HIGH	domain:puertomorelosmexico.com
	A	91	Naples	USA	Premier Property Management		property_management	700 11th St S	+12393216650								overture:cd64cf24-8e65-4ff4-91a3-7d9a381ac726	2026-08-15T14:16:16.296920Z		Canonical queue drain | fit A | GitHub MASTER dedupe passed	https://www.propertymanagementnaples.com/		https://propertymanagementnaples.com/contact-us/	https://www.instagram.com/premierpropertynaples/	https://www.facebook.com/propertymanagementnaples/		https://propertymanagementnaples.com/homes/				Permissive	Qualification	https://explore.overturemaps.org/#id=cd64cf24-8e65-4ff4-91a3-7d9a381ac726; https://propertymanagementnaples.com/	Public Overture website; no usable Overture email. First-party public contact crawl required; no inference.				overture:cd64cf24-8e65-4ff4-91a3-7d9a381ac726	propertymanagementnaples.com	12393216650	premier property management	Naples	USA	PERMISSIVE	domain:propertymanagementnaples.com
	A	91	Bradenton	USA	Paradise Palms Property Management		property_management	8130 Lakewood Main St Ste 103	9412031637								overture:ade3abd0-4686-41a3-969b-816b8f6ba7a0	2026-08-15T14:16:16.296920Z		Canonical queue drain | fit A | GitHub MASTER dedupe passed	https://www.pm941.com/	hello@pm941.com	https://www.pm941.com/about		https://www.facebook.com/paradisepalmspm/		https://www.pm941.com/homes-for-rent				Permissive	Qualification	https://explore.overturemaps.org/#id=ade3abd0-4686-41a3-969b-816b8f6ba7a0; https://www.pm941.com/	Public Overture website; no usable Overture email. First-party public contact crawl required; no inference. Public business email recovered from first-party website; no inference.				overture:ade3abd0-4686-41a3-969b-816b8f6ba7a0	pm941.com	9412031637	paradise palms property management	Bradenton	USA	PERMISSIVE	domain:pm941.com
	A	91	Davenport	USA	Grand Welcome of Greater Orlando Vacation Rental Management		property_management	194 Laurel Ridge Pass	4076985870								overture:2beec95b-bc57-4610-9cc2-13bbd3d291f8	2026-08-15T14:16:16.296920Z		Canonical queue drain | fit A | GitHub MASTER dedupe passed	https://www.orlandohost.com/	hello@orlandohost.com	https://www.orlandohost.com/about	https://www.instagram.com/grandwelcomeorangebeach/	https://www.facebook.com/GrandWelcomeOrlando/						High	Verified	https://explore.overturemaps.org/#id=2beec95b-bc57-4610-9cc2-13bbd3d291f8; https://www.orlandohost.com/	Public Overture website; no usable Overture email. First-party public contact crawl required; no inference. Public business email recovered from first-party website; no inference.				overture:2beec95b-bc57-4610-9cc2-13bbd3d291f8	orlandohost.com	4076985870	grand welcome of greater orlando vacation rental management	Davenport	USA	HIGH	domain:orlandohost.com
	A	91	Key Largo	USA	Playa Largo Ocean Residences Vacation Rentals		holiday_rental_home	97801 Overseas Hwy	(888) 425-0535								overture:6eaa1cb2-f7cc-4e21-9a37-f97883c26832	2026-08-15T14:16:16.296920Z		Canonical queue drain | fit A | GitHub MASTER dedupe passed	https://www.oceanresidencesvacations.com		https://www.oceanresidencesvacations.com/contact-information/	https://www.instagram.com/playalargooceanresidences/	https://www.facebook.com/PlayaLargoOceanResidences/		https://www.oceanresidencesvacations.com/vacation-rentals				High	Verified	https://explore.overturemaps.org/#id=6eaa1cb2-f7cc-4e21-9a37-f97883c26832; https://www.oceanresidencesvacations.com/; https://www.oceanresidencesvacations.com	Public Overture website; no usable Overture email. First-party public contact crawl required; no inference.				overture:6eaa1cb2-f7cc-4e21-9a37-f97883c26832	oceanresidencesvacations.com	8884250535	playa largo ocean residences vacation rentals	Key Largo	USA	HIGH	domain:oceanresidencesvacations.com
	A	91	St Pete Beach	USA	Sun Harbor Vacation Rentals and Sales		holiday_rental_home	4103 Gulf Blvd	+17273633300								overture:4f74631e-2ea8-4aad-b534-1053223bcf70	2026-08-15T14:16:16.296920Z		Canonical queue drain | fit A | GitHub MASTER dedupe passed	http://www.nhbeachtimevacationrentals.com/		https://www.nhbeachtimevacationrentals.com/about-us	https://www.instagram.com/nexthomebeachtimerealty/	https://www.facebook.com/yourbeachpropertyexperts/		https://www.nhbeachtimevacationrentals.com/vacation-rentals				High	Verified	https://explore.overturemaps.org/#id=4f74631e-2ea8-4aad-b534-1053223bcf70; https://www.nhbeachtimevacationrentals.com/	Public Overture website; no usable Overture email. First-party public contact crawl required; no inference.				overture:4f74631e-2ea8-4aad-b534-1053223bcf70	nhbeachtimevacationrentals.com	17273633300	sun harbor vacation rentals and sales	St Pete Beach	USA	HIGH	domain:nhbeachtimevacationrentals.com
	A	91	New Smyrna Beach	USA	New Smyrna Stays Vacation Rentals		travel_agent	2709 S Atlantic Ave	3862871746								overture:25498d63-7405-47bb-a809-512446b1e523	2026-08-15T14:16:16.296920Z		Canonical queue drain | fit A | GitHub MASTER dedupe passed	https://newsmyrnastays.com/		https://www.newsmyrnastays.com/about-us/	https://www.instagram.com/newsmyrnastays/	https://www.facebook.com/NewSmyrnaStays/		https://www.newsmyrnastays.com/vacation-rentals/results/				High	Verified	https://explore.overturemaps.org/#id=25498d63-7405-47bb-a809-512446b1e523; https://www.newsmyrnastays.com/	Public Overture website; no usable Overture email. First-party public contact crawl required; no inference.				overture:25498d63-7405-47bb-a809-512446b1e523	newsmyrnastays.com	3862871746	new smyrna stays vacation rentals	New Smyrna Beach	USA	HIGH	domain:newsmyrnastays.com
	A	91	Sarasota	USA	Magnolia House Sarasota, FL-Luxury Vacation Rental		holiday_rental_home	1954 Magnolia St	+17733497268								overture:a873ea2a-c4bd-4de9-b2a9-9fad05df3df3	2026-08-15T14:16:16.296920Z		Canonical queue drain | fit A | GitHub MASTER dedupe passed	http://www.nd.edu/		https://www.nd.edu:443/about/contact/	https://www.instagram.com/notredame/	https://www.facebook.com/notredame/		https://www.nd.edu:443/assets/fonts/gp/gp-book.woff2				Permissive	Qualification	https://explore.overturemaps.org/#id=a873ea2a-c4bd-4de9-b2a9-9fad05df3df3; https://www.nd.edu:443/	Public Overture website; no usable Overture email. First-party public contact crawl required; no inference.				overture:a873ea2a-c4bd-4de9-b2a9-9fad05df3df3	nd.edu	17733497268	magnolia house sarasota fl luxury vacation rental	Sarasota	USA	PERMISSIVE	domain:nd.edu
	A	91	Naples	USA	Reed Property Management		property_management	1016 Collier Center Way	+12393512880								overture:efd08e05-aa61-4eca-bccb-fd6faed7076b	2026-08-15T14:16:16.296920Z		Canonical queue drain | fit A | GitHub MASTER dedupe passed	https://naplesrentals.net/		https://www.naplesrentals.net/about	https://www.instagram.com/reedpropertymanagement/	https://www.facebook.com/ReedPropertyMgmt/		https://www.naplesrentals.net/naples-homes-for-rent				Permissive	Qualification	https://explore.overturemaps.org/#id=efd08e05-aa61-4eca-bccb-fd6faed7076b; https://www.naplesrentals.net/	Public Overture website; no usable Overture email. First-party public contact crawl required; no inference.				overture:efd08e05-aa61-4eca-bccb-fd6faed7076b	naplesrentals.net	12393512880	reed property management	Naples	USA	PERMISSIVE	domain:naplesrentals.net
	A	91	Loiching	Germany	Aparthotel Nah Dran		hotel	Gewerbering 43B	+4987313253111								overture:559e38cb-7be6-4b2c-9d2a-071196ea34df	2026-08-15T14:16:16.296920Z		Canonical queue drain | fit A | GitHub MASTER dedupe passed	http://www.nahdran.bayern/	anfrage@nahdran.bayern	https://nahdran.bayern/wp/wp-content/plugins/contact-form-7/includes/css/styles.css?ver=5.3.2		https://www.facebook.com/hotelnahdran/		https://nahdran.bayern/wp/wp-content/themes/pearl18/css/cubeportfolio.css?ver=1.8				High	Verified	https://explore.overturemaps.org/#id=559e38cb-7be6-4b2c-9d2a-071196ea34df; https://nahdran.bayern/	Public Overture website; no usable Overture email. First-party public contact crawl required; no inference. Public business email recovered from first-party website; no inference.				overture:559e38cb-7be6-4b2c-9d2a-071196ea34df	nahdran.bayern	4987313253111	aparthotel nah dran	Loiching	Germany	HIGH	domain:nahdran.bayern
	A	91	Pottenstein	Germany	Aparthotel Minderlein		resort	Franz-Wittmann-Gasse 30	09243343								overture:052b5f17-cf3b-4b2d-ab2c-6e0cb8263f07	2026-08-15T14:16:16.296920Z		Canonical queue drain | fit A | GitHub MASTER dedupe passed	https://www.minderleins-apart.de/	info@minderleins-apart.de	https://www.minderleins-apart.de/wp-content/plugins/contact-form-7/includes/css/styles.css?ver=6.1.1	https://www.instagram.com/hotel_minderleins_apart/			https://www.minderleins-apart.de/apartments/				High	Verified	https://explore.overturemaps.org/#id=052b5f17-cf3b-4b2d-ab2c-6e0cb8263f07; https://www.minderleins-apart.de/	Public Overture website; no usable Overture email. First-party public contact crawl required; no inference. Public business email recovered from first-party website; no inference.				overture:052b5f17-cf3b-4b2d-ab2c-6e0cb8263f07	minderleins-apart.de	09243343	aparthotel minderlein	Pottenstein	Germany	HIGH	domain:minderleins-apart.de
	A	91	Clermont	USA	Mickey's Homes Property Management		property_management	4904 Cape Hatteras Dr	+13523488033								overture:535d7b2f-5254-4250-835f-c97fc5e3cfea	2026-08-15T14:16:16.296920Z		Canonical queue drain | fit A | GitHub MASTER dedupe passed	https://mickeyshomes.com	info@mickeyshomes.com	https://mickeyshomes.com/	https://www.instagram.com/mickeyshomes/			https://mickeyshomes.com/es/				High	Verified	https://explore.overturemaps.org/#id=535d7b2f-5254-4250-835f-c97fc5e3cfea; https://mickeyshomes.com/; https://mickeyshomes.com	Public Overture website; no usable Overture email. First-party public contact crawl required; no inference. Public business email recovered from first-party website; no inference.				overture:535d7b2f-5254-4250-835f-c97fc5e3cfea	mickeyshomes.com	13523488033	mickey s homes property management	Clermont	USA	HIGH	domain:mickeyshomes.com
	A	91	Miami	USA	Miami Vacation Rentals - Brickell		holiday_rental_home	485 Brickell Ave	+13057475242								overture:c6fbe7ca-3075-472e-b617-6e9c42ee6502	2026-08-15T14:16:16.296920Z		Canonical queue drain | fit A | GitHub MASTER dedupe passed	https://www.miamivacationrentals.com/	sales@miamivacationrentals.com	https://miamivacationrentals.com/contact/	https://www.instagram.com/staymvr/			https://miamivacationrentals.com/vacation-rentals/				High	Verified	https://explore.overturemaps.org/#id=c6fbe7ca-3075-472e-b617-6e9c42ee6502; https://miamivacationrentals.com/	Public Overture website; no usable Overture email. First-party public contact crawl required; no inference. Public business email recovered from first-party website; no inference.				overture:c6fbe7ca-3075-472e-b617-6e9c42ee6502	miamivacationrentals.com	13057475242	miami vacation rentals brickell	Miami	USA	HIGH	domain:miamivacationrentals.com
	A	91	Miami	USA	Miami Property Management LLC		property_management	13876 SW 56th St Ste 319	3054283904								overture:b0cf6da4-4b48-473b-84e7-9cf74674c7fb	2026-08-15T14:16:16.296920Z		Canonical queue drain | fit A | GitHub MASTER dedupe passed	http://www.miamipropertymanagementllc.com/	teammpmllc@gmail.com	https://miamipropertymanagementllc.com/contact-us/		https://www.facebook.com/MiamiPropertyManagement/		https://miamipropertymanagementllc.com/wp-content/themes/enfold/config-templatebuilder/avia-shortcodes/portfolio/portfolio.css?ver=6.0.2				Permissive	Qualification	https://explore.overturemaps.org/#id=b0cf6da4-4b48-473b-84e7-9cf74674c7fb; https://miamipropertymanagementllc.com/; https://miamipropertymanagementllc.com/contact-us/	Public Overture website; no usable Overture email. First-party public contact crawl required; no inference. Public business email recovered from first-party website; no inference.				overture:b0cf6da4-4b48-473b-84e7-9cf74674c7fb	miamipropertymanagementllc.com	3054283904	miami property management llc	Miami	USA	PERMISSIVE	domain:miamipropertymanagementllc.com
	A	91	Rocchetta Palafea	Italy	Villa Menaluna - Holiday Home Rental		holiday_rental_home	Regione Traversa 2	3341924539								overture:ed19f6f6-e178-49d7-9b98-7a6e6ebe0cb1	2026-08-15T14:16:16.296920Z		Canonical queue drain | fit A | GitHub MASTER dedupe passed	https://www.menaluna.com/	steve@menaluna.com	https://www.menaluna.com/about	https://www.instagram.com/villamenaluna/			https://www.menaluna.com/guidebook				High	Verified	https://explore.overturemaps.org/#id=ed19f6f6-e178-49d7-9b98-7a6e6ebe0cb1; https://www.menaluna.com/; https://www.menaluna.com/contact	Public Overture website; no usable Overture email. First-party public contact crawl required; no inference. Public business email recovered from first-party website; no inference.				overture:ed19f6f6-e178-49d7-9b98-7a6e6ebe0cb1	menaluna.com	3341924539	villa menaluna holiday home rental	Rocchetta Palafea	Italy	HIGH	domain:menaluna.com
	A	91	Fort Lauderdale	USA	Mayfair Property Management		property_management	500 NE 13th St	+19547796053								overture:839d6891-ce8a-4e37-876e-8d3a30e3208a	2026-08-15T14:16:16.296920Z		Canonical queue drain | fit A | GitHub MASTER dedupe passed	https://mayfairpropertymanagement.com/		https://www.mayfairpropertymanagement.com/about	https://www.instagram.com/mayfair.pm/	https://www.facebook.com/mayfair.pm/		https://www.mayfairpropertymanagement.com/fort-lauderdale-homes-for-rent				Permissive	Qualification	https://explore.overturemaps.org/#id=839d6891-ce8a-4e37-876e-8d3a30e3208a; https://www.mayfairpropertymanagement.com/	Public Overture website; no usable Overture email. First-party public contact crawl required; no inference.				overture:839d6891-ce8a-4e37-876e-8d3a30e3208a	mayfairpropertymanagement.com	19547796053	mayfair property management	Fort Lauderdale	USA	PERMISSIVE	domain:mayfairpropertymanagement.com
	A	91	Cape Coral	USA	Property Management Miloff Aubuchon Realty Group		property_management	4707 SE 9th Pl Ste #105	2395421075								overture:52f86c99-f318-4e4c-8ddb-f83cda0e3fad	2026-08-15T14:16:16.296920Z		Canonical queue drain | fit A | GitHub MASTER dedupe passed	https://www.margpm.com/	service@margpm.com	https://www.margpm.com/about-us	https://www.instagram.com/margpmswflorida/	https://www.facebook.com/margpmswfl/						High	Verified	https://explore.overturemaps.org/#id=52f86c99-f318-4e4c-8ddb-f83cda0e3fad; https://www.margpm.com/	Public Overture website; no usable Overture email. First-party public contact crawl required; no inference. Public business email recovered from first-party website; no inference.				overture:52f86c99-f318-4e4c-8ddb-f83cda0e3fad	margpm.com	2395421075	property management miloff aubuchon realty group	Cape Coral	USA	HIGH	domain:margpm.com
	A	91	Orlando	USA	Margarita Vacation Homes		holiday_rental_home	704 E Colonial Dr	+14074598338								overture:fac17404-0816-4bed-a61c-dd5fca9440c0	2026-08-15T14:16:16.296920Z		Canonical queue drain | fit A | GitHub MASTER dedupe passed	https://www.margaritavacationhomes.com/		https://www.margaritavacationhomes.com/contact-us	https://www.instagram.com/margaritavacationhomes/	https://www.facebook.com/MargaritaVacationHomes/		https://www.margaritavacationhomes.com/es				High	Verified	https://explore.overturemaps.org/#id=fac17404-0816-4bed-a61c-dd5fca9440c0; https://www.margaritavacationhomes.com/	Public Overture website; no usable Overture email. First-party public contact crawl required; no inference.				overture:fac17404-0816-4bed-a61c-dd5fca9440c0	margaritavacationhomes.com	14074598338	margarita vacation homes	Orlando	USA	HIGH	domain:margaritavacationhomes.com
	A	91	North Palm Beach	USA	Mangrove Property Management		property_management	11231 US Highway 1 #360	5615108666								overture:74e65f80-ca62-46dd-8b20-8dbd1b64ab04	2026-08-15T14:16:16.296920Z		Canonical queue drain | fit A | GitHub MASTER dedupe passed	http://www.mangrovepm.com/	office@mangrovepm.com	https://www.mangrovepm.com/about		https://www.facebook.com/Mangrove-Property-Management-1108241429193806/		https://www.mangrovepm.com/our-portfolio				Permissive	Qualification	https://explore.overturemaps.org/#id=74e65f80-ca62-46dd-8b20-8dbd1b64ab04; https://www.mangrovepm.com/; https://www.mangrovepm.com/contact	Public Overture website; no usable Overture email. First-party public contact crawl required; no inference. Public business email recovered from first-party website; no inference.				overture:74e65f80-ca62-46dd-8b20-8dbd1b64ab04	mangrovepm.com	5615108666	mangrove property management	North Palm Beach	USA	PERMISSIVE	domain:mangrovepm.com
	A	91	Orlando	USA	State Property Management		property_management	7802 Kingspointe Pkwy	+14076342800								overture:16b1103b-8bfa-446e-8d21-7ddcabbb4d4c	2026-08-15T14:16:16.296920Z		Canonical queue drain | fit A | GitHub MASTER dedupe passed	https://www.managecentralfloridaproperty.com/?utm_source=facebook&utm_medium=social&utm_campaign=property_owner_consult		https://www.managecentralfloridaproperty.com/contactus	https://www.instagram.com/managecentralfloridaproperty/	https://www.facebook.com/ManageCentralFloridaProperty/		https://www.managecentralfloridaproperty.com/search-rentals				Permissive	Qualification	https://explore.overturemaps.org/#id=16b1103b-8bfa-446e-8d21-7ddcabbb4d4c; https://www.managecentralfloridaproperty.com/?utm_source=facebook&utm_medium=social&utm_campaign=property_owner_consult	Public Overture website; no usable Overture email. First-party public contact crawl required; no inference.				overture:16b1103b-8bfa-446e-8d21-7ddcabbb4d4c	managecentralfloridaproperty.com	14076342800	state property management	Orlando	USA	PERMISSIVE	domain:managecentralfloridaproperty.com
	A	91	Miami Beach	USA	Luxury Rentals Miami Beach		vacation_rental_agent	301 W 41st St Ste 402	7863585580								overture:58ba5a58-701f-42f9-b819-d9b50ccc0d13	2026-08-15T14:16:16.296920Z		Canonical queue drain | fit A | GitHub MASTER dedupe passed	http://www.luxuryrentalsmiamibeach.com/		https://www.luxuryrentalsmiamibeach.com/about/	https://www.instagram.com/luxuryrentalsmiamibeach/	https://www.facebook.com/luxuryrentalsmiamibeach/		https://www.luxuryrentalsmiamibeach.com/home-type/villas/				High	Verified	https://explore.overturemaps.org/#id=58ba5a58-701f-42f9-b819-d9b50ccc0d13; https://www.luxuryrentalsmiamibeach.com/	Public Overture website; no usable Overture email. First-party public contact crawl required; no inference.				overture:58ba5a58-701f-42f9-b819-d9b50ccc0d13	luxuryrentalsmiamibeach.com	7863585580	luxury rentals miami beach	Miami Beach	USA	HIGH	domain:luxuryrentalsmiamibeach.com
	A	91	Lakeland	USA	PMI Arrico Realty and Property Management		property_management	2225 E Edgewood Dr	+18636061094								overture:c9f72d22-8b93-42e3-a55b-9f72e5ea46b2	2026-08-15T14:16:16.296920Z		Canonical queue drain | fit A | GitHub MASTER dedupe passed	https://www.lakelandpropertymanagementinc.com/		https://www.lakelandpropertymanagementinc.com/about	https://www.instagram.com/pmi_arrico_realty_lakeland/	https://www.facebook.com/PMIArricoRealtyLakeland/		https://www.lakelandpropertymanagementinc.com/lakeland-homes-for-rent				Permissive	Qualification	https://explore.overturemaps.org/#id=c9f72d22-8b93-42e3-a55b-9f72e5ea46b2; https://www.lakelandpropertymanagementinc.com/	Public Overture website; no usable Overture email. First-party public contact crawl required; no inference.				overture:c9f72d22-8b93-42e3-a55b-9f72e5ea46b2	lakelandpropertymanagementinc.com	18636061094	pmi arrico realty and property management	Lakeland	USA	PERMISSIVE	domain:lakelandpropertymanagementinc.com
	A	91	La Paz	Mexico	La Paz Holiday Rentals		holiday_rental_home	Calle Aquiles Serdán 813	+526122019073								overture:847fbc65-4208-481e-a0f8-cd7d234a04f7	2026-08-15T14:16:16.296920Z		Canonical queue drain | fit A | GitHub MASTER dedupe passed	https://www.la-paz-realestate.com/	sales@la-paz-realestate.com	https://la-paz-realestate.com/contact-us/	https://www.instagram.com/lapazholidayrentals/	https://www.facebook.com/lapazholidayrentals/						High	Verified	https://explore.overturemaps.org/#id=847fbc65-4208-481e-a0f8-cd7d234a04f7; https://la-paz-realestate.com/	Public Overture website; no usable Overture email. First-party public contact crawl required; no inference. Public business email recovered from first-party website; no inference.				overture:847fbc65-4208-481e-a0f8-cd7d234a04f7	la-paz-realestate.com	526122019073	la paz holiday rentals	La Paz	Mexico	HIGH	domain:la-paz-realestate.com
	A	91	Sanibel	USA	Kingfisher Vacation Rentals		holiday_rental_home	2402 Palm Ridge Rd	+12394722100								overture:3e51e3c1-192d-4371-ae38-569d7d3ccb0b	2026-08-15T14:16:16.296920Z		Canonical queue drain | fit A | GitHub MASTER dedupe passed	http://KingfisherVacations.net/		https://www.kingfishervacations.net/aboutus/	https://www.instagram.com/kingfisher_vacations/	https://www.facebook.com/KingfisherVacations/		https://www.kingfishervacations.net/vacation-rentals				High	Verified	https://explore.overturemaps.org/#id=3e51e3c1-192d-4371-ae38-569d7d3ccb0b; https://www.kingfishervacations.net/	Public Overture website; no usable Overture email. First-party public contact crawl required; no inference.				overture:3e51e3c1-192d-4371-ae38-569d7d3ccb0b	kingfishervacations.net	12394722100	kingfisher vacation rentals	Sanibel	USA	HIGH	domain:kingfishervacations.net
	A	91	Kissimmee	USA	Key Vacation Homes		holiday_rental_home	2601 Royal Fern Pl	(407) 873-1200								overture:204e402f-728a-4359-a9c1-2dc3a7668de2	2026-08-15T14:16:16.296920Z		Canonical queue drain | fit A | GitHub MASTER dedupe passed	http://www.keyvacationhomes.com		https://keyvacationhomes.com/contactus.aspx	https://www.instagram.com/keyvacationhomes/	https://www.facebook.com/keyvacationhomes/	https://wa.me/14078731200					Permissive	Qualification	https://explore.overturemaps.org/#id=204e402f-728a-4359-a9c1-2dc3a7668de2; https://keyvacationhomes.com/	Public Overture website; no usable Overture email. First-party public contact crawl required; no inference.				overture:204e402f-728a-4359-a9c1-2dc3a7668de2	keyvacationhomes.com	4078731200	key vacation homes	Kissimmee	USA	PERMISSIVE	domain:keyvacationhomes.com
	A	91	Schladming	Austria	Aparthotel Ferienalm		hotel	Sonnenhangstraße 163	+4336876161020								overture:c22b622c-23ce-4a64-a7f7-b6305f23363d	2026-08-15T14:16:16.296920Z		Canonical queue drain | fit A | GitHub MASTER dedupe passed	https://www.keinprecht.com/ferienalm		https://booking.keinprecht.com/keinprecht-ferienalmat	https://www.instagram.com/ferienalm_schladming/	https://www.facebook.com/ferienalmschladming/		https://www.keinprecht.com/stadtvillaschladming/				High	Verified	https://explore.overturemaps.org/#id=c22b622c-23ce-4a64-a7f7-b6305f23363d; https://www.keinprecht.com/ferienalm/de/aparthotel.html	Public Overture website; no usable Overture email. First-party public contact crawl required; no inference.				overture:c22b622c-23ce-4a64-a7f7-b6305f23363d	keinprecht.com	4336876161020	aparthotel ferienalm	Schladming	Austria	HIGH	domain:keinprecht.com
	A	91	Cutler bay	USA	Innovative Property Management Services -IPMS-		homeowner_association	18901 SW 106th Ave Ste 210	3052427174								overture:bc1481ec-25ed-4be4-a087-eb1c726e6c2a	2026-08-15T14:16:16.296920Z		Canonical queue drain | fit A | GitHub MASTER dedupe passed	https://www.ipmsmiami.com/	info@ipmsmiami.com	https://ipmsmiami.com/about-us	https://www.instagram.com/ipmsmiami/	https://www.facebook.com/ipmsmiami/						Permissive	Qualification	https://explore.overturemaps.org/#id=bc1481ec-25ed-4be4-a087-eb1c726e6c2a; https://ipmsmiami.com/	Public Overture website; no usable Overture email. First-party public contact crawl required; no inference. Public business email recovered from first-party website; no inference.				overture:bc1481ec-25ed-4be4-a087-eb1c726e6c2a	ipmsmiami.com	3052427174	innovative property management services ipms	Cutler bay	USA	PERMISSIVE	domain:ipmsmiami.com
	A	91	North Miami	USA	International Property Management		property_management	12550 Biscayne Blvd	+13056005768								overture:4a010b2e-95e9-4eeb-a882-0712d08b3168	2026-08-15T14:16:16.296920Z		Canonical queue drain | fit A | GitHub MASTER dedupe passed	http://www.international-property-management.com/		https://international-property-management.com/contact/	https://www.instagram.com/intpropertymanagement/	https://www.facebook.com/int.pm/		https://international-property-management.com/rentals/				High	Verified	https://explore.overturemaps.org/#id=4a010b2e-95e9-4eeb-a882-0712d08b3168; https://international-property-management.com/	Public Overture website; no usable Overture email. First-party public contact crawl required; no inference.				overture:4a010b2e-95e9-4eeb-a882-0712d08b3168	international-property-management.com	13056005768	international property management	North Miami	USA	HIGH	domain:international-property-management.com
	A	91	Varignano	Italy	Aparthotel Al Frantoio		bed_and_breakfast	Via delle Grazie, 22	0464518317								overture:3281de99-6ffe-49b3-b86b-286d28f580af	2026-08-15T14:16:16.296920Z		Canonical queue drain | fit A | GitHub MASTER dedupe passed	https://hotelalfrantoio.it/		https://hotelalfrantoio.it/wp-content/plugins/contact-form-7/includes/css/styles.css?ver=6.1.6	https://www.instagram.com/hotelalfrantoio/	https://www.facebook.com/hotelalfrantoio/	https://wa.me/393511164240					High	Verified	https://explore.overturemaps.org/#id=3281de99-6ffe-49b3-b86b-286d28f580af; https://hotelalfrantoio.it/	Public Overture website; no usable Overture email. First-party public contact crawl required; no inference.				overture:3281de99-6ffe-49b3-b86b-286d28f580af	hotelalfrantoio.it	0464518317	aparthotel al frantoio	Varignano	Italy	HIGH	domain:hotelalfrantoio.it
	A	91	Greenacres	USA	Honest Property Management			5971 La Pinata Blvd	3057076658								overture:8ce12324-ca31-452e-9aa9-028df3e84575	2026-08-15T14:16:16.296920Z		Canonical queue drain | fit A | GitHub MASTER dedupe passed	https://www.honestpropertymgmt.com/	info@honestpropertymgmt.com	https://www.honestpropertymgmt.com/contact-us/	https://www.instagram.com/honestpropertymgmt/	https://www.facebook.com/honestpropertymgmt/						Permissive	Qualification	https://explore.overturemaps.org/#id=8ce12324-ca31-452e-9aa9-028df3e84575; https://www.honestpropertymgmt.com/	Public Overture website; no usable Overture email. First-party public contact crawl required; no inference. Public business email recovered from first-party website; no inference.				overture:8ce12324-ca31-452e-9aa9-028df3e84575	honestpropertymgmt.com	3057076658	honest property management	Greenacres	USA	PERMISSIVE	domain:honestpropertymgmt.com
	A	91	Hollywood	USA	Grand Welcome Hollywood Beach Vacation Rental Management		property_management	Presidential Circle 4000 Hollywood Boulevard Hills	9548839504								overture:e63bea23-5c97-45cb-b2ae-1c70d6a31bf3	2026-08-15T14:16:16.296920Z		Canonical queue drain | fit A | GitHub MASTER dedupe passed	https://www.hollywoodbeachhost.com/	hello@hollywoodbeachhost.com	https://www.hollywoodbeachhost.com/about	https://www.instagram.com/grandwelcomehollywood/	https://www.facebook.com/profile.php/						High	Verified	https://explore.overturemaps.org/#id=e63bea23-5c97-45cb-b2ae-1c70d6a31bf3; https://www.hollywoodbeachhost.com/	Public Overture website; no usable Overture email. First-party public contact crawl required; no inference. Public business email recovered from first-party website; no inference.				overture:e63bea23-5c97-45cb-b2ae-1c70d6a31bf3	hollywoodbeachhost.com	9548839504	grand welcome hollywood beach vacation rental management	Hollywood	USA	HIGH	domain:hollywoodbeachhost.com
	A	91	Luzern	Switzerland	HITrental Allmend Apartments		hotel	Zihlmattweg 44	+41413112929								overture:16533ff5-88e2-44ad-91d4-7fb2526d4c7c	2026-08-15T14:16:16.296920Z		Canonical queue drain | fit A | GitHub MASTER dedupe passed	http://hitrental.ch/		https://www.hitrental.ch/contact-us/	https://www.instagram.com/hitrentalapartments/	https://www.facebook.com/hitrental/		https://www.hitrental.ch/rentals/favourites/				High	Verified	https://explore.overturemaps.org/#id=16533ff5-88e2-44ad-91d4-7fb2526d4c7c; https://www.hitrental.ch/	Public Overture website; no usable Overture email. First-party public contact crawl required; no inference.				overture:16533ff5-88e2-44ad-91d4-7fb2526d4c7c	hitrental.ch	41413112929	hitrental allmend apartments	Luzern	Switzerland	HIGH	domain:hitrental.ch
	A	91	Key Largo	USA	Historic Shadow Point Vacation Rental in Florida Keys		professional_service	598 Bonito Ave # 601	(772) 708-9599								overture:ecaa80ee-602c-49df-a872-3a79480f66bc	2026-08-15T14:16:16.296920Z		Canonical queue drain | fit A | GitHub MASTER dedupe passed	http://www.historicshadowpoint.com	info@historicshadowpoint.com	https://www.historicshadowpoint.com/reservations-for-historic-shadow-point		https://www.facebook.com/historicshadowpoint/		https://www.historicshadowpoint.com/historic-shadow-point-vacation-rooms				High	Verified	https://explore.overturemaps.org/#id=ecaa80ee-602c-49df-a872-3a79480f66bc; https://www.historicshadowpoint.com/	Public Overture website; no usable Overture email. First-party public contact crawl required; no inference. Public business email recovered from first-party website; no inference.				overture:ecaa80ee-602c-49df-a872-3a79480f66bc	historicshadowpoint.com	7727089599	historic shadow point vacation rental in florida keys	Key Largo	USA	HIGH	domain:historicshadowpoint.com
	A	91	Celebration	USA	Heron Holiday Homes		vacation_rental_agent	1420 Celebration Blvd Ste 200	4075076100								overture:2a903325-3c9a-4b40-a337-a77bcc664b85	2026-08-15T14:16:16.296920Z		Canonical queue drain | fit A | GitHub MASTER dedupe passed	http://www.heronholidayhomes.com/	bookings@heronholidayhomes.com	https://heronholidayhomes.com/contact-us/	https://www.instagram.com/heron_holiday_homes/	https://www.facebook.com/hhhmanagement/						High	Verified	https://explore.overturemaps.org/#id=2a903325-3c9a-4b40-a337-a77bcc664b85; https://heronholidayhomes.com/	Public Overture website; no usable Overture email. First-party public contact crawl required; no inference. Public business email recovered from first-party website; no inference.				overture:2a903325-3c9a-4b40-a337-a77bcc664b85	heronholidayhomes.com	4075076100	heron holiday homes	Celebration	USA	HIGH	domain:heronholidayhomes.com
	A	91	Venezia	Italy	Appartamenti a venezia , Venice Apartments , Appartements à Venise		hotel	Calle Coni Zugna, Sestiere Castello, 6	+393478595967								overture:e9f4f2d1-b779-4ef1-bf5c-260e0727ec31	2026-08-15T14:16:16.296920Z		Canonical queue drain | fit A | GitHub MASTER dedupe passed	http://www.helpvenice.org/	info@helpvenice.org	http://www.helpvenice.org/index.php/it/contact-us		https://www.facebook.com/Appartamenti-a-venezia-Venice-Apartments-Appartements-%C3%A0-Venise-188253751219258/		http://www.helpvenice.org/index.php/it/facebook-venice-s-apartments				High	Verified	https://explore.overturemaps.org/#id=e9f4f2d1-b779-4ef1-bf5c-260e0727ec31; http://www.helpvenice.org/index.php/it/	Public Overture website; no usable Overture email. First-party public contact crawl required; no inference. Public business email recovered from first-party website; no inference.				overture:e9f4f2d1-b779-4ef1-bf5c-260e0727ec31	helpvenice.org	393478595967	appartamenti a venezia venice apartments appartements a venise	Venezia	Italy	HIGH	domain:helpvenice.org
	A	91	Panacea	USA	Harbor Point Vacation Rentals		vacation_rental_agent	127 Harbor Cir	8503492696								overture:ea040a99-2208-46c5-8c23-0c008e8bd80e	2026-08-15T14:16:16.296920Z		Canonical queue drain | fit A | GitHub MASTER dedupe passed	http://www.harborpointrentals.com/	info@harborpointrentals.com	https://www.harborpointrentals.com/contact/		https://www.facebook.com/harborpointrentals/		https://www.harborpointrentals.com/vacation-rentals/search/				High	Verified	https://explore.overturemaps.org/#id=ea040a99-2208-46c5-8c23-0c008e8bd80e; https://www.harborpointrentals.com/	Public Overture website; no usable Overture email. First-party public contact crawl required; no inference. Public business email recovered from first-party website; no inference.				overture:ea040a99-2208-46c5-8c23-0c008e8bd80e	harborpointrentals.com	8503492696	harbor point vacation rentals	Panacea	USA	HIGH	domain:harborpointrentals.com
	A	91	Sarasota	USA	Gumbo Limbo Vacation Rentals		holiday_rental_home	664 Calle del Otono	+19412661858								overture:08a41542-608b-4a5b-9887-89cb9c8c3770	2026-08-15T14:16:16.296920Z		Canonical queue drain | fit A | GitHub MASTER dedupe passed	https://www.gumbo-limbo.com/contact-us	gumbolimborentals@gmail.com	https://www.gumbo-limbo.com/contact-us		https://www.facebook.com/Gumbo-Limbo-Vacation-Rentals-397182853684877/		https://www.gumbo-limbo.com/gumbo-limbo-rentals				High	Verified	https://explore.overturemaps.org/#id=08a41542-608b-4a5b-9887-89cb9c8c3770; https://www.gumbo-limbo.com/contact-us	Public Overture website; no usable Overture email. First-party public contact crawl required; no inference. Public business email recovered from first-party website; no inference.				overture:08a41542-608b-4a5b-9887-89cb9c8c3770	gumbo-limbo.com	19412661858	gumbo limbo vacation rentals	Sarasota	USA	HIGH	domain:gumbo-limbo.com
	A	91	Lugano	Switzerland	GPM Global Property Management		appraisal_service	Via Maggio 1	+41919731731								overture:9e2cacd8-5c4e-4019-89d0-56bc0e1c539a	2026-08-15T14:16:16.296920Z		Canonical queue drain | fit A | GitHub MASTER dedupe passed	http://www.gpm.ch		https://gpm.ch/contatti/	https://www.instagram.com/gpmimmobiliare/	https://www.facebook.com/gpmimmobiliare/		https://gpm.ch/immobilien/1782918it-villa-unifamiliare-con-vista-lago/				Medium	Recall-first	https://explore.overturemaps.org/#id=9e2cacd8-5c4e-4019-89d0-56bc0e1c539a; https://gpm.ch/	Public Overture website; no usable Overture email. First-party public contact crawl required; no inference.				overture:9e2cacd8-5c4e-4019-89d0-56bc0e1c539a	gpm.ch	41919731731	gpm global property management	Lugano	Switzerland	MEDIUM	domain:gpm.ch
	A	91	Kissimmee	USA	Global Real-Estate Services		holiday_rental_home	8555 W Irlo Bronson Memorial Hwy	+14073964533								overture:51969604-8015-41c6-b8d6-bceed0b6eda1	2026-08-15T14:16:16.296920Z		Canonical queue drain | fit A | GitHub MASTER dedupe passed	http://www.globalresorthomes.com		https://www.globalresorthomes.com/about/	https://www.instagram.com/StayGVR/	https://www.facebook.com/StayGVR/		https://www.globalresorthomes.com/vacation-rentals/orlando/				High	Verified	https://explore.overturemaps.org/#id=51969604-8015-41c6-b8d6-bceed0b6eda1; https://www.globalresorthomes.com/	Public Overture website; no usable Overture email. First-party public contact crawl required; no inference.				overture:51969604-8015-41c6-b8d6-bceed0b6eda1	globalresorthomes.com	14073964533	global real estate services	Kissimmee	USA	HIGH	domain:globalresorthomes.com
	A	91	Davenport	USA	Freedom Florida Vacation Rentals		holiday_rental_home	409 Quimby Dr	8633537116								overture:7dc6b9ea-575a-4f26-a991-b9ca624539b4	2026-08-15T14:16:16.296920Z		Canonical queue drain | fit A | GitHub MASTER dedupe passed	http://freedomfloridavacationrentals.com/		https://www.freedomfloridavacationrentals.com/contact-information.asp	https://www.instagram.com/freedomflorida1/	https://www.facebook.com/FreedomFloridaVacationRentals/videos/1318044044949163/		https://www.freedomfloridavacationrentals.com/vacation-rentals-homes.asp				High	Verified	https://explore.overturemaps.org/#id=7dc6b9ea-575a-4f26-a991-b9ca624539b4; https://www.freedomfloridavacationrentals.com/	Public Overture website; no usable Overture email. First-party public contact crawl required; no inference.				overture:7dc6b9ea-575a-4f26-a991-b9ca624539b4	freedomfloridavacationrentals.com	8633537116	freedom florida vacation rentals	Davenport	USA	HIGH	domain:freedomfloridavacationrentals.com
	A	91	Orlando	USA	Orlando Property Management		property_management	2151 Consulate Dr	+14075134722								overture:eae5ceb5-f99f-4795-95c1-4e9eeda703b5	2026-08-15T14:16:16.296920Z		Canonical queue drain | fit A | GitHub MASTER dedupe passed	https://floridavspropertymanagement.com/		https://floridavspropertymanagement.com/about-us/	https://www.instagram.com/vsinternationalproperties/	https://www.facebook.com/VSInternationalPropertiesLLC/	https://wa.me/13059887723?text=Hola%2C%20me%20gustar%C3%ADa%20conocer%20m%C3%A1s%20informaci%C3%B3n%20acerca%20de%20propiedades%20en%20Florida--%5B%20VS%20International%20Properties%20%5D					Permissive	Qualification	https://explore.overturemaps.org/#id=eae5ceb5-f99f-4795-95c1-4e9eeda703b5; https://floridavspropertymanagement.com/	Public Overture website; no usable Overture email. First-party public contact crawl required; no inference.				overture:eae5ceb5-f99f-4795-95c1-4e9eeda703b5	floridavspropertymanagement.com	14075134722	orlando property management	Orlando	USA	PERMISSIVE	domain:floridavspropertymanagement.com
	A	91	Indian Shores	USA	Beachy Nook Cottage Number 2 Vacation Rental		holiday_rental_home	19718 Gulf Blvd	+18139200312								overture:f739c9b6-f99d-42a3-ba8c-0d4c2e284376	2026-08-15T14:16:16.296920Z		Canonical queue drain | fit A | GitHub MASTER dedupe passed	http://www.FloridaShoresRentals.com/	rentals@floridashoresrentals.com	https://floridashoresrentals.com/contact-us/		https://www.facebook.com/FloridaShoresRentals/		https://floridashoresrentals.com/accommodations/				High	Verified	https://explore.overturemaps.org/#id=f739c9b6-f99d-42a3-ba8c-0d4c2e284376; https://floridashoresrentals.com/	Public Overture website; no usable Overture email. First-party public contact crawl required; no inference. Public business email recovered from first-party website; no inference.				overture:f739c9b6-f99d-42a3-ba8c-0d4c2e284376	floridashoresrentals.com	18139200312	beachy nook cottage number 2 vacation rental	Indian Shores	USA	HIGH	domain:floridashoresrentals.com
	A	91	Davenport	USA	Fairways Florida Villas		vacation_rental_agent	203 Ambersweet Way	8634203535								overture:c1edf746-0566-4645-b2b0-6342d69029a3	2026-08-15T14:16:16.296920Z		Canonical queue drain | fit A | GitHub MASTER dedupe passed	http://www.fairwaysflorida.com/	reservations@fairwaysflorida.com	https://fairwaysflorida.com/aboutus.aspx	https://www.instagram.com/fairwaysflorida/	https://www.facebook.com/FairwaysFloridaVillas/						High	Verified	https://explore.overturemaps.org/#id=c1edf746-0566-4645-b2b0-6342d69029a3; https://fairwaysflorida.com/	Public Overture website; no usable Overture email. First-party public contact crawl required; no inference. Public business email recovered from first-party website; no inference.				overture:c1edf746-0566-4645-b2b0-6342d69029a3	fairwaysflorida.com	8634203535	fairways florida villas	Davenport	USA	HIGH	domain:fairwaysflorida.com
	A	91	Caorle	Italy	Villaggio Residence Duna Rossa		resort	Piazzetta Rialto 1	0421 299103								overture:99ec90d5-0e4e-4b02-ba90-cf365eda9afc	2026-08-15T14:16:16.296920Z		Canonical queue drain | fit A | GitHub MASTER dedupe passed	http://www.dunarossa.com	dunarossa@dunarossa.com	http://www.dunarossa.com/apps/contact-form-7/includes/css/styles.css?ver=5.5.6		https://www.facebook.com/dunarossa/		http://www.dunarossa.com/apps/iw_booking/assets/css/booking_style.css?ver=5.9.16				Medium	Recall-first	https://explore.overturemaps.org/#id=99ec90d5-0e4e-4b02-ba90-cf365eda9afc; http://www.dunarossa.com	Public Overture website; no usable Overture email. First-party public contact crawl required; no inference. Public business email recovered from first-party website; no inference.				overture:99ec90d5-0e4e-4b02-ba90-cf365eda9afc	dunarossa.com	0421299103	villaggio residence duna rossa	Caorle	Italy	MEDIUM	domain:dunarossa.com
	A	91	Cedar Key	USA	Dolphin Watch Vacation Rental		holiday_rental_home	52 2nd St	+19042106696								overture:97bc9a56-9d25-444c-a969-e361123dad29	2026-08-15T14:16:16.296920Z		Canonical queue drain | fit A | GitHub MASTER dedupe passed	https://www.dolphinwatchcedarkey.com/	dolphinwatchcedarkey@gmail.com	https://www.dolphinwatchcedarkey.com/about	https://www.instagram.com/dolphinwatchckey/	https://www.facebook.com/DolphinWatchCKey/						Medium	Recall-first	https://explore.overturemaps.org/#id=97bc9a56-9d25-444c-a969-e361123dad29; https://www.dolphinwatchcedarkey.com/; https://www.dolphinwatchcedarkey.com/about	Public Overture website; no usable Overture email. First-party public contact crawl required; no inference. Public business email recovered from first-party website; no inference.				overture:97bc9a56-9d25-444c-a969-e361123dad29	dolphinwatchcedarkey.com	19042106696	dolphin watch vacation rental	Cedar Key	USA	MEDIUM	domain:dolphinwatchcedarkey.com
	A	91	Weston	USA	Deyfra Property Management		property_management	2645 Executive Park Dr Ste 406	9542889546								overture:06ebc648-2d5f-4f22-a985-e9fa8f23fb5e	2026-08-15T14:16:16.296920Z		Canonical queue drain | fit A | GitHub MASTER dedupe passed	http://www.deyfra.com/		http://deyfra.com/manage/about-me/	https://www.instagram.com/deyfrapm/	https://www.facebook.com/DeyfraPM/		http://deyfra.com/manage/services/financial-services/bookkeeping/				Medium	Recall-first	https://explore.overturemaps.org/#id=06ebc648-2d5f-4f22-a985-e9fa8f23fb5e; http://deyfra.com/manage/	Public Overture website; no usable Overture email. First-party public contact crawl required; no inference.				overture:06ebc648-2d5f-4f22-a985-e9fa8f23fb5e	deyfra.com	9542889546	deyfra property management	Weston	USA	MEDIUM	domain:deyfra.com
	A	91	Daytona Beach	USA	Daytona Property Management		property_management	434 N Halifax Ave Ste 2	(386) 248-3915								overture:aeecc51d-9e37-4541-ad2b-be22b0e0bb7d	2026-08-15T14:16:16.296920Z		Canonical queue drain | fit A | GitHub MASTER dedupe passed	http://www.daytonaflpropertymanagement.com/houses_for_rent		http://daytonaflpropertymanagement.com/about-us/	https://www.instagram.com/LUNABET78/	https://www.facebook.com/LUNABET78/		http://daytonaflpropertymanagement.com/wp-content/plugins/bookly-responsive-appointment-booking-tool/frontend/resources/css/tailwind.css?ver=24.7				Permissive	Qualification	https://explore.overturemaps.org/#id=aeecc51d-9e37-4541-ad2b-be22b0e0bb7d; http://daytonaflpropertymanagement.com/about-us/	Public Overture website; no usable Overture email. First-party public contact crawl required; no inference.				overture:aeecc51d-9e37-4541-ad2b-be22b0e0bb7d	daytonaflpropertymanagement.com	3862483915	daytona property management	Daytona Beach	USA	PERMISSIVE	domain:daytonaflpropertymanagement.com
	A	91	Hopfgarten im Brixental	Austria	Das Hopfgarten Aparthotel		service_apartment	Brixentaler Straße 39	+4353353920								overture:1d636a1e-1eb2-468d-9971-d331c5af5729	2026-08-15T14:16:16.296920Z		Canonical queue drain | fit A | GitHub MASTER dedupe passed	https://www.dashopfgarten.at/		https://booking.dashopfgarten.at/signin?chain=31626&hotel=44197&level=hotel&locale=de-DE&rooms=1	https://www.instagram.com/dashopfgarten/	https://www.facebook.com/dashopfgarten/		https://booking.dashopfgarten.at/signin?chain=31626&hotel=44197&level=hotel&locale=de-DE&rooms=1				High	Verified	https://explore.overturemaps.org/#id=1d636a1e-1eb2-468d-9971-d331c5af5729; https://www.dashopfgarten.at/de/	Public Overture website; no usable Overture email. First-party public contact crawl required; no inference.				overture:1d636a1e-1eb2-468d-9971-d331c5af5729	dashopfgarten.at	4353353920	das hopfgarten aparthotel	Hopfgarten im Brixental	Austria	HIGH	domain:dashopfgarten.at
	A	91	New Smyrna Beach	USA	Colony Beach Club Vacation Rentals		holiday_rental_home	4225 S Atlantic Ave	+13864787863								overture:3e510294-812f-4f2c-a506-050d6a8b3ded	2026-08-15T14:16:16.296920Z		Canonical queue drain | fit A | GitHub MASTER dedupe passed	https://www.colonybeachclubvacationrentals.com/		https://www.colonybeachclubvacationrentals.com/contact	https://www.instagram.com/greatoceancondos/	https://www.facebook.com/greatoceancondosandhomes/		https://www.colonybeachclubvacationrentals.com/view-vacation-rentals				Permissive	Qualification	https://explore.overturemaps.org/#id=3e510294-812f-4f2c-a506-050d6a8b3ded	Public Overture website; no usable Overture email. First-party public contact crawl required; no inference.				overture:3e510294-812f-4f2c-a506-050d6a8b3ded	colonybeachclubvacationrentals.com	13864787863	colony beach club vacation rentals	New Smyrna Beach	USA	PERMISSIVE	domain:colonybeachclubvacationrentals.com
	A	91	Windermere	USA	Kissimmee Vacation Home Rentals - Champion Villas		vacation_rental_agent	13506 Summerport Village Pkwy Ste 322	8002573916								overture:69789ba3-28d5-4c3f-9f0d-3fb034d5060d	2026-08-15T14:16:16.296920Z		Canonical queue drain | fit A | GitHub MASTER dedupe passed	http://www.championvillas.com/	info@championvillas.com	https://www.championvillas.com/contactus.aspx	https://www.instagram.com/championvillas/	https://www.facebook.com/Champion-Villas-332192553896167/						High	Verified	https://explore.overturemaps.org/#id=69789ba3-28d5-4c3f-9f0d-3fb034d5060d; https://www.championvillas.com/	Public Overture website; no usable Overture email. First-party public contact crawl required; no inference. Public business email recovered from first-party website; no inference.				overture:69789ba3-28d5-4c3f-9f0d-3fb034d5060d	championvillas.com	8002573916	kissimmee vacation home rentals champion villas	Windermere	USA	HIGH	domain:championvillas.com
	A	91	Davenport	USA	Champions Gate Vacation Homes		property_management	7531 Osceola Polk Line Rd	+14073260376								overture:bc7af4f1-5aed-479c-a893-aa09378d52e7	2026-08-15T14:16:16.296920Z		Canonical queue drain | fit A | GitHub MASTER dedupe passed	http://www.championsgaterentals.com/		https://www.championsgaterentals.com/about-us/	https://www.instagram.com/championsgaterentals/	https://www.facebook.com/ChampionsGateRentals1/		https://www.championsgaterentals.com/vacation-rentals/				High	Verified	https://explore.overturemaps.org/#id=bc7af4f1-5aed-479c-a893-aa09378d52e7; https://www.championsgaterentals.com/	Public Overture website; no usable Overture email. First-party public contact crawl required; no inference.				overture:bc7af4f1-5aed-479c-a893-aa09378d52e7	championsgaterentals.com	14073260376	champions gate vacation homes	Davenport	USA	HIGH	domain:championsgaterentals.com
	A	91	Villarodin-Bourget	France	La Norma Cosy		ski_resort	ROUTE DES TERRES	+33662842977								overture:fb0d6275-ad64-47a4-86f2-dda1735d4e11	2026-08-15T14:16:16.296920Z		Canonical queue drain | fit A | GitHub MASTER dedupe passed	https://www.chalet-montagne.com/locations-vacances-montagne/10440-location-appartement-en-residence-la-norma		https://www.chalet-montagne.com/contact	https://www.instagram.com/chalet_montagne_com/	https://www.facebook.com/Location.Montagne/		https://www.chalet-montagne.com/css/components/listing/listing-booking-card.css?v=1785433784				High	Verified	https://explore.overturemaps.org/#id=fb0d6275-ad64-47a4-86f2-dda1735d4e11; https://www.chalet-montagne.com/locations-vacances-montagne/10440-les-herminieres-b	Public Overture website; no usable Overture email. First-party public contact crawl required; no inference.				overture:fb0d6275-ad64-47a4-86f2-dda1735d4e11	chalet-montagne.com	33662842977	la norma cosy	Villarodin-Bourget	France	HIGH	domain:chalet-montagne.com
	A	91	Opatija	Croatia	Castello di Papa – Luxury Holiday Home Veprinac – Opatija		holiday_rental_home	Stari grad 10	+38598713807								overture:6413479c-887e-4d15-8f48-36a38f50ed17	2026-08-15T14:16:16.296920Z		Canonical queue drain | fit A | GitHub MASTER dedupe passed	http://www.castellodipapa.com/		https://castellodipapa.com/en/contact-3	https://www.instagram.com/castellodipapa/	https://www.facebook.com/profile.php/		https://castellodipapa.com/en/accommodation-2				High	Verified	https://explore.overturemaps.org/#id=6413479c-887e-4d15-8f48-36a38f50ed17; https://castellodipapa.com/en	Public Overture website; no usable Overture email. First-party public contact crawl required; no inference.				overture:6413479c-887e-4d15-8f48-36a38f50ed17	castellodipapa.com	38598713807	castello di papa luxury holiday home veprinac opatija	Opatija	Croatia	HIGH	domain:castellodipapa.com
	A	91	Kissimmee	USA	Casago Vacation Rentals - Orlando		holiday_rental_home	1420 Celebration Blvd	+14077772224								overture:d08fa3b3-94a2-48e9-bd68-223959f98bb6	2026-08-15T14:16:16.296920Z		Canonical queue drain | fit A | GitHub MASTER dedupe passed	http://www.casagoorlando.com/		https://casagoorlando.com/about-us/	https://www.instagram.com/casagoorlando/	https://www.facebook.com/Casagoorlando/		https://casagoorlando.com/vacation-rentals/m/properties/wi102-3705-5-p/				High	Verified	https://explore.overturemaps.org/#id=d08fa3b3-94a2-48e9-bd68-223959f98bb6; https://casagoorlando.com/	Public Overture website; no usable Overture email. First-party public contact crawl required; no inference.				overture:d08fa3b3-94a2-48e9-bd68-223959f98bb6	casagoorlando.com	14077772224	casago vacation rentals orlando	Kissimmee	USA	HIGH	domain:casagoorlando.com
	A	91	Fort Myers	USA	Rentifi Property Management		property_management	2830 Winkler Ave	+12395496611								overture:321f9bf6-f052-41d3-9d90-ad2e37aba0bf	2026-08-15T14:16:16.296920Z		Canonical queue drain | fit A | GitHub MASTER dedupe passed	https://www.capecoral-propertymanagement.com/		https://www.capecoral-propertymanagement.com/about	https://www.instagram.com/rentifipm/	https://www.facebook.com/rentifipm/		https://www.capecoral-propertymanagement.com/fort-myers-homes-for-rent				Permissive	Qualification	https://explore.overturemaps.org/#id=321f9bf6-f052-41d3-9d90-ad2e37aba0bf; https://www.capecoral-propertymanagement.com/	Public Overture website; no usable Overture email. First-party public contact crawl required; no inference.				overture:321f9bf6-f052-41d3-9d90-ad2e37aba0bf	capecoral-propertymanagement.com	12395496611	rentifi property management	Fort Myers	USA	PERMISSIVE	domain:capecoral-propertymanagement.com
	A	91	Budapest	Hungary	Budapest Central King Apartment		hotel	Király utca 92	+36305603476								overture:cc0edf44-3311-43b5-8ede-51f28b82ff66	2026-08-15T14:16:16.296920Z		Canonical queue drain | fit A | GitHub MASTER dedupe passed	http://budapest-central-apartments.com/	info@budapest-central-apartments.com	http://budapest-central-apartments.com/booking/		https://www.facebook.com/BudapestCentralKingApartment/		http://budapest-central-apartments.com/booking/				High	Verified	https://explore.overturemaps.org/#id=cc0edf44-3311-43b5-8ede-51f28b82ff66; http://budapest-central-apartments.com/booking/	Public Overture website; no usable Overture email. First-party public contact crawl required; no inference. Public business email recovered from first-party website; no inference.				overture:cc0edf44-3311-43b5-8ede-51f28b82ff66	budapest-central-apartments.com	36305603476	budapest central king apartment	Budapest	Hungary	HIGH	domain:budapest-central-apartments.com
	A	91	Miami Beach	USA	Blu Vacation Rentals		vacation_rental_agent	5445 Collins Ave	7866257603								overture:83a39e44-b8aa-4a97-9958-3b252371880d	2026-08-15T14:16:16.296920Z		Canonical queue drain | fit A | GitHub MASTER dedupe passed	https://blurentals.com/		https://blurentals.com/contact-us/	https://www.instagram.com/bluvacationrentals/	https://www.facebook.com/bluvacationrentals/		https://blurentals.com/all-rentals/search-by-amenity/luxury-vacation-rentals/?amenities_filter=749581				Permissive	Qualification	https://explore.overturemaps.org/#id=83a39e44-b8aa-4a97-9958-3b252371880d; https://blurentals.com/	Public Overture website; no usable Overture email. First-party public contact crawl required; no inference.				overture:83a39e44-b8aa-4a97-9958-3b252371880d	blurentals.com	7866257603	blu vacation rentals	Miami Beach	USA	PERMISSIVE	domain:blurentals.com
	A	91	Kissimmee	USA	Blue Sky Villas | Luxury Vacation Homes		property_management	7862 W Irlo Bronson Memorial Hwy # 306	4076055579								overture:9744596d-a4e3-4fb8-a2ba-da9262fcc4c7	2026-08-15T14:16:16.296920Z		Canonical queue drain | fit A | GitHub MASTER dedupe passed	http://blueskyvillas.com/		https://www.blueskyvillas.com/about-us	https://www.instagram.com/blueskyvillasvacations/	https://www.facebook.com/blueskyvillasvacations/		https://www.blueskyvillas.com/villas				High	Verified	https://explore.overturemaps.org/#id=9744596d-a4e3-4fb8-a2ba-da9262fcc4c7; https://www.blueskyvillas.com/contact	Public Overture website; no usable Overture email. First-party public contact crawl required; no inference.				overture:9744596d-a4e3-4fb8-a2ba-da9262fcc4c7	blueskyvillas.com	4076055579	blue sky villas luxury vacation homes	Kissimmee	USA	HIGH	domain:blueskyvillas.com
	A	91	Merritt Island	USA	Bluefin Property Management - Brevard County Property Management		property_management	1365 N Courtenay Pkwy	+13212848860								overture:3e783fb6-9214-4cae-8559-255928c9c0a8	2026-08-15T14:16:16.296920Z		Canonical queue drain | fit A | GitHub MASTER dedupe passed	http://Bluefinpropertymanagement.com/		https://www.bluefinpropertymanagement.com/about	https://www.instagram.com/bluefinpm/	https://www.facebook.com/bluefinpm/		https://www.bluefinpropertymanagement.com/merritt-island-homes-for-rent				Permissive	Qualification	https://explore.overturemaps.org/#id=3e783fb6-9214-4cae-8559-255928c9c0a8; https://www.bluefinpropertymanagement.com/	Public Overture website; no usable Overture email. First-party public contact crawl required; no inference.				overture:3e783fb6-9214-4cae-8559-255928c9c0a8	bluefinpropertymanagement.com	13212848860	bluefin property management brevard county property management	Merritt Island	USA	PERMISSIVE	domain:bluefinpropertymanagement.com
	A	91	Coral Gables	USA	Blue Bay Property Management		property_management	2550 Douglas Rd	+17868992435								overture:58840c95-cb4f-4ace-8632-be3441858c0c	2026-08-15T14:16:16.296920Z		Canonical queue drain | fit A | GitHub MASTER dedupe passed	http://www.bluebaypm.com/	info@bluebaypm.com	https://www.bluebaypm.com/about	https://www.instagram.com/bluebayrentals/	https://www.facebook.com/profile.php/						Medium	Recall-first	https://explore.overturemaps.org/#id=58840c95-cb4f-4ace-8632-be3441858c0c; https://www.bluebaypm.com/	Public Overture website; no usable Overture email. First-party public contact crawl required; no inference. Public business email recovered from first-party website; no inference.				overture:58840c95-cb4f-4ace-8632-be3441858c0c	bluebaypm.com	17868992435	blue bay property management	Coral Gables	USA	MEDIUM	domain:bluebaypm.com
	A	91	Freiburg im Breisgau	Germany	Black F - Serviced Apartments		hotel	Waldkircher Str. 30	076161167740								overture:c658abe9-1ec1-425a-8bc9-c0538840d5d6	2026-08-15T14:16:16.296920Z		Canonical queue drain | fit A | GitHub MASTER dedupe passed	http://blackf.house/	info@blackf.house		https://www.instagram.com/blackf_temporary_living/	https://www.facebook.com/BlackF.Freiburg/		https://www.blackf.house/de/apartments-house				High	Verified	https://explore.overturemaps.org/#id=c658abe9-1ec1-425a-8bc9-c0538840d5d6; https://www.blackf.house/de	Public Overture website; no usable Overture email. First-party public contact crawl required; no inference. Public business email recovered from first-party website; no inference.				overture:c658abe9-1ec1-425a-8bc9-c0538840d5d6	blackf.house	076161167740	black f serviced apartments	Freiburg im Breisgau	Germany	HIGH	domain:blackf.house
	A	91	Miami	USA	Biscayne Homes Property Management, LLC		property_management	12150 SW 128th Ct Ste 219	7866100704								overture:03402938-32a5-44d9-8221-2aba14067e32	2026-08-15T14:16:16.296920Z		Canonical queue drain | fit A | GitHub MASTER dedupe passed	http://biscaynehomespropertymanagement.com/		https://www.biscaynehomespropertymanagement.com/about-us-1	https://www.instagram.com/wix/	https://www.facebook.com/Biscayne-Homes-Property-Management-101773322323012/		https://www.biscaynehomespropertymanagement.com/services				Medium	Recall-first	https://explore.overturemaps.org/#id=03402938-32a5-44d9-8221-2aba14067e32; https://www.biscaynehomespropertymanagement.com/contact-7	Public Overture website; no usable Overture email. First-party public contact crawl required; no inference.				overture:03402938-32a5-44d9-8221-2aba14067e32	biscaynehomespropertymanagement.com	7866100704	biscayne homes property management llc	Miami	USA	MEDIUM	domain:biscaynehomespropertymanagement.com
	A	91	Zwischenwasser	Austria	Boutiquehotel Bergvilla		resort	Wanne 7, 6835 Zwischenwasser	06642627046								overture:88c630ef-60fe-4155-b52e-dd0a6468fe37	2026-08-15T14:16:16.296920Z		Canonical queue drain | fit A | GitHub MASTER dedupe passed	https://bergvilla.com/	hotel@bergvilla.com		https://www.instagram.com/boutiquehotel.bergvilla/	https://www.facebook.com/boutiquehotel.bergvilla/		https://www.bergvilla.com/en				High	Verified	https://explore.overturemaps.org/#id=88c630ef-60fe-4155-b52e-dd0a6468fe37; https://www.bergvilla.com/	Public Overture website; no usable Overture email. First-party public contact crawl required; no inference. Public business email recovered from first-party website; no inference.				overture:88c630ef-60fe-4155-b52e-dd0a6468fe37	bergvilla.com	06642627046	boutiquehotel bergvilla	Zwischenwasser	Austria	HIGH	domain:bergvilla.com
	A	91	Pembroke Pines	USA	Glades Asset & Property Management, Inc.		real_estate_service	19612 SW 69th Pl	+19546800223								overture:01a1e46c-5e5e-4ad1-8826-0bd695f82141	2026-08-15T14:16:16.296920Z		Canonical queue drain | fit A | GitHub MASTER dedupe passed	http://www.bergeronland.com/		https://bergeronland.com/contact/	https://www.instagram.com/gladesapm/	https://www.facebook.com/BergeronProperties/		https://bergeronland.com/properties/				Permissive	Qualification	https://explore.overturemaps.org/#id=01a1e46c-5e5e-4ad1-8826-0bd695f82141; https://bergeronland.com/	Public Overture website; no usable Overture email. First-party public contact crawl required; no inference.				overture:01a1e46c-5e5e-4ad1-8826-0bd695f82141	bergeronland.com	19546800223	glades asset property management inc	Pembroke Pines	USA	PERMISSIVE	domain:bergeronland.com
	A	91	Gedinne	Belgium	BELVILLA - (BE-0014-35) Heritage Holiday Home in Gedinne met sauna		holiday_rental_home	Rue du Petit Culot	080078790								overture:f8f17da6-0088-442b-8ae5-6bd5a42cd444	2026-08-15T14:16:16.296920Z		Canonical queue drain | fit A | GitHub MASTER dedupe passed	https://www.nl.belvilla.be/BE-0014-35?utm_source=bing_myplaces&utm_medium=organic&utm_campaign=BE-0014-35		https://nl.belvilla.be/contactus/	https://www.instagram.com/belvilla.vakantiehuizen/	https://www.facebook.com/belvilla.locations/		https://nl.belvilla.be/be/100021512/				High	Verified	https://explore.overturemaps.org/#id=f8f17da6-0088-442b-8ae5-6bd5a42cd444; https://nl.belvilla.be/be/100021512/?utm_source=bing_myplaces&utm_medium=organic&utm_campaign=BE-0014-35	Public Overture website; no usable Overture email. First-party public contact crawl required; no inference.				overture:f8f17da6-0088-442b-8ae5-6bd5a42cd444	belvilla.be	080078790	belvilla be 0014 35 heritage holiday home in gedinne met sauna	Gedinne	Belgium	HIGH	domain:belvilla.be
	A	91	Sarasota	USA	Campana Siesta Key Vacation Rentals		holiday_rental_home	73 Avenida Messina	+19412038058								overture:5ea4b824-7b26-4d4f-ab51-eaace58a4ce4	2026-08-15T14:16:16.296920Z		Canonical queue drain | fit A | GitHub MASTER dedupe passed	https://beachsidemanagement.com/		https://beachsidemanagement.com/contact-us	https://www.instagram.com/beachsidesiestakey/	https://www.facebook.com/beachsidemanagementsarasota/		https://beachsidemanagement.com/siesta-key-vacation-rentals-beach-views				High	Verified	https://explore.overturemaps.org/#id=5ea4b824-7b26-4d4f-ab51-eaace58a4ce4; https://beachsidemanagement.com/	Public Overture website; no usable Overture email. First-party public contact crawl required; no inference.				overture:5ea4b824-7b26-4d4f-ab51-eaace58a4ce4	beachsidemanagement.com	19412038058	campana siesta key vacation rentals	Sarasota	USA	HIGH	domain:beachsidemanagement.com
	A	91	Milano	Italy	BB Hotels Aparthotel Bocconi		hotel	Via Pietro Teulié, 7	+390258310882								overture:1c7d32e2-5c7c-4174-a082-3cda0c1fe156	2026-08-15T14:16:16.296920Z		Canonical queue drain | fit A | GitHub MASTER dedupe passed	http://www.bbmilanobocconi.it/	info@bbmilanobocconi.it	https://www.bbmilanobocconi.it/Contatti	https://www.instagram.com/bbapartmentsmilan/	https://www.facebook.com/pages/category/Hotel---Lodging/BB-Apartments-Milan-102752578167131/						High	Verified	https://explore.overturemaps.org/#id=1c7d32e2-5c7c-4174-a082-3cda0c1fe156; https://www.bbmilanobocconi.it/	Public Overture website; no usable Overture email. First-party public contact crawl required; no inference. Public business email recovered from first-party website; no inference.				overture:1c7d32e2-5c7c-4174-a082-3cda0c1fe156	bbmilanobocconi.it	390258310882	bb hotels aparthotel bocconi	Milano	Italy	HIGH	domain:bbmilanobocconi.it
	A	91	St Augustine	USA	Barefoot Trace Vacation Rentals		holiday_rental_home	6240 A1A Scenic and Historic Coastal Bywy	+19044713881								overture:f629bbb6-161e-488f-9bac-de1bb5d5fdd9	2026-08-15T14:16:16.296920Z		Canonical queue drain | fit A | GitHub MASTER dedupe passed	http://www.barefoottracefl.com/		https://www.barefoottracefl.com/contact-us	https://www.instagram.com/CoastalRealtyFL/	https://www.facebook.com/coastalrealtyandpropertymanagement/		https://www.barefoottracefl.com/vacation-rentals				High	Verified	https://explore.overturemaps.org/#id=f629bbb6-161e-488f-9bac-de1bb5d5fdd9; https://www.barefoottracefl.com/	Public Overture website; no usable Overture email. First-party public contact crawl required; no inference.				overture:f629bbb6-161e-488f-9bac-de1bb5d5fdd9	barefoottracefl.com	19044713881	barefoot trace vacation rentals	St Augustine	USA	HIGH	domain:barefoottracefl.com
	A	91	Pembroke Pines	USA	Barcelo Property Management		property_management	15800 Pines Blvd	+19542342502								overture:e02e1e2e-01a4-48b2-9233-3f971838000f	2026-08-15T14:16:16.296920Z		Canonical queue drain | fit A | GitHub MASTER dedupe passed	http://www.barcelopropertymanagement.com/	info@barcelopropertymanagement.com	https://barcelopropertymanagement.com/contact-us/	https://www.instagram.com/barcelopm/			https://barcelopropertymanagement.com/groves-villas-hoa-questionaire/				High	Verified	https://explore.overturemaps.org/#id=e02e1e2e-01a4-48b2-9233-3f971838000f; https://barcelopropertymanagement.com/	Public Overture website; no usable Overture email. First-party public contact crawl required; no inference. Public business email recovered from first-party website; no inference.				overture:e02e1e2e-01a4-48b2-9233-3f971838000f	barcelopropertymanagement.com	19542342502	barcelo property management	Pembroke Pines	USA	HIGH	domain:barcelopropertymanagement.com
	A	91	Terruggia	Italy	Ariotto Village, Residence Hotel e Ristorante in Monferrato		resort	Via Enrico Prato,39	0142402800								overture:97609e45-2e57-421a-bd30-65bbb49e50ef	2026-08-15T14:16:16.296920Z		Canonical queue drain | fit A | GitHub MASTER dedupe passed	http://www.ariotto.it/	info@ariotto.it		https://www.instagram.com/ariotto.village/	https://www.facebook.com/ariottovillage/		https://www.ariotto.it/facebookURL				High	Verified	https://explore.overturemaps.org/#id=97609e45-2e57-421a-bd30-65bbb49e50ef; https://www.ariotto.it/	Public Overture website; no usable Overture email. First-party public contact crawl required; no inference. Public business email recovered from first-party website; no inference.				overture:97609e45-2e57-421a-bd30-65bbb49e50ef	ariotto.it	0142402800	ariotto village residence hotel e ristorante in monferrato	Terruggia	Italy	HIGH	domain:ariotto.it
	A	91	Grindelwald	Switzerland	MOM - Alpine Boutique Apartments, Apartment Chalet Fagus		vacation_rental_agent	Nirggenstrasse 75	0795908392								overture:a7d9d94d-a722-40dc-9ec2-b50e38c569b1	2026-08-15T14:16:16.296920Z		Canonical queue drain | fit A | GitHub MASTER dedupe passed	http://www.apartments-grindelwald.ch/de/ferienwohnung-apartment-appartement-chalet-fagus/	info@apartments-grindelwald.ch	https://www.apartments-grindelwald.ch/de/error404/		https://www.facebook.com/apartments.grindelwald/		https://www.apartments-grindelwald.ch/de/booking-group/				High	Verified	https://explore.overturemaps.org/#id=a7d9d94d-a722-40dc-9ec2-b50e38c569b1; https://www.apartments-grindelwald.ch/de/error404/; https://www.apartments-grindelwald.ch/de/kontakt-contact/	Public Overture website; no usable Overture email. First-party public contact crawl required; no inference. Public business email recovered from first-party website; no inference.				overture:a7d9d94d-a722-40dc-9ec2-b50e38c569b1	apartments-grindelwald.ch	0795908392	mom alpine boutique apartments apartment chalet fagus	Grindelwald	Switzerland	HIGH	domain:apartments-grindelwald.ch
	A	91	Zator	Poland	Aparthotel ZATOR - luksusowe apartamenty z jacuzzi		vacation_rental_agent	Jana Pawła II 15/58	505605215								overture:aa2df00b-eded-4f69-b8dc-514721d2b8a9	2026-08-15T14:16:16.296920Z		Canonical queue drain | fit A | GitHub MASTER dedupe passed	https://aparthotel-zator.pl/	biuro@aparthotel-zator.pl	https://aparthotel-zator.pl/kontakt/	https://www.instagram.com/apartamenty_jacuzzi_zator/	https://www.facebook.com/ApartamentyJacuzzi/						High	Verified	https://explore.overturemaps.org/#id=aa2df00b-eded-4f69-b8dc-514721d2b8a9; https://aparthotel-zator.pl/; https://aparthotel-zator.pl/kontakt/	Public Overture website; no usable Overture email. First-party public contact crawl required; no inference. Public business email recovered from first-party website; no inference.				overture:aa2df00b-eded-4f69-b8dc-514721d2b8a9	aparthotel-zator.pl	505605215	aparthotel zator luksusowe apartamenty z jacuzzi	Zator	Poland	HIGH	domain:aparthotel-zator.pl
	A	91	Madrid	Spain	Aparthotel Serrano Recoletos		holiday_rental_home	C. de Villanueva, 2,	914 31 91 00								overture:1275beb4-8e4e-4040-8bfc-150204a18a26	2026-08-15T14:16:16.296920Z		Canonical queue drain | fit A | GitHub MASTER dedupe passed	https://www.apart-hotelserranorecoletos.com	info@apart-hotelserranorecoletos.com	https://www.apart-hotelserranorecoletos.com/contacto/		https://www.facebook.com/Aparthotelserranorecoletos/		https://www.apart-hotelserranorecoletos.com/bookcore/static/css/v4/search-engine-styles-custom.min.css?v=94c45e96e2f694fb9f3b3a97f831b576				High	Verified	https://explore.overturemaps.org/#id=1275beb4-8e4e-4040-8bfc-150204a18a26; https://www.apart-hotelserranorecoletos.com	Public Overture website; no usable Overture email. First-party public contact crawl required; no inference. Public business email recovered from first-party website; no inference.				overture:1275beb4-8e4e-4040-8bfc-150204a18a26	apart-hotelserranorecoletos.com	914319100	aparthotel serrano recoletos	Madrid	Spain	HIGH	domain:apart-hotelserranorecoletos.com
	A	91	Bradenton Beach	USA	Pelican Cove Resort by A Paradise Vacation Rentals		holiday_rental_home	901 Gulf Dr S	+19417784800								overture:c3f51b2f-5d5a-4757-80b5-52a81f1d4266	2026-08-15T14:16:16.296920Z		Canonical queue drain | fit A | GitHub MASTER dedupe passed	http://www.aparadiserentals.com		https://www.aparadiserentals.com/about-us/vacation-rentals/	https://www.instagram.com/aparadiseonami/	https://www.facebook.com/aparadisevacationrentals/		https://www.aparadiserentals.com/vacation-rentals				High	Verified	https://explore.overturemaps.org/#id=c3f51b2f-5d5a-4757-80b5-52a81f1d4266; https://www.aparadiserentals.com/	Public Overture website; no usable Overture email. First-party public contact crawl required; no inference.				overture:c3f51b2f-5d5a-4757-80b5-52a81f1d4266	aparadiserentals.com	19417784800	pelican cove resort by a paradise vacation rentals	Bradenton Beach	USA	HIGH	domain:aparadiserentals.com
	A	91	St. Petersburg	USA	All County Property Management Franchise Corporation		property_management	1700 66th St N Ste #402	8552457368								overture:4423d9de-472c-437d-9844-eadcfd8ee3f5	2026-08-15T14:16:16.296920Z		Canonical queue drain | fit A | GitHub MASTER dedupe passed	https://www.allcountyfranchise.com/	contact@allcountyfranchise.com	https://www.allcountyfranchise.com/contact		https://www.facebook.com/allcountypm/		https://www.allcountyfranchise.com/universal/svg/social-accounts.svg				Permissive	Qualification	https://explore.overturemaps.org/#id=4423d9de-472c-437d-9844-eadcfd8ee3f5; https://www.allcountyfranchise.com/	Public Overture website; no usable Overture email. First-party public contact crawl required; no inference. Public business email recovered from first-party website; no inference.				overture:4423d9de-472c-437d-9844-eadcfd8ee3f5	allcountyfranchise.com	8552457368	all county property management franchise corporation	St. Petersburg	USA	PERMISSIVE	domain:allcountyfranchise.com
	A	91	Marrakech	Morocco	Al Destino Luxury Villa Marrakech & Spa		resort	Douar Soukkan Fes Street	0663818327								overture:aec6b9fe-d1b4-4e14-8e7b-5c49acf0368f	2026-08-15T14:16:16.296920Z		Canonical queue drain | fit A | GitHub MASTER dedupe passed	https://aldestino-marrakech.com/	contact@aldestino-marrakech.com	https://aldestino-marrakech.com/about/			https://wa.me/212663818327	https://aldestino-marrakech.com/remember-this-10-things-before-booking-hotel/				High	Verified	https://explore.overturemaps.org/#id=aec6b9fe-d1b4-4e14-8e7b-5c49acf0368f; https://aldestino-marrakech.com/	Public Overture website; no usable Overture email. First-party public contact crawl required; no inference. Public business email recovered from first-party website; no inference.				overture:aec6b9fe-d1b4-4e14-8e7b-5c49acf0368f	aldestino-marrakech.com	0663818327	al destino luxury villa marrakech spa	Marrakech	Morocco	HIGH	domain:aldestino-marrakech.com
	A	91	West Palm Beach	USA	AJG Property Management		property_management	1408 N Killian Dr	+15619337186								overture:41bfdc71-3386-449a-ab03-681c32dfb09c	2026-08-15T14:16:16.296920Z		Canonical queue drain | fit A | GitHub MASTER dedupe passed	https://www.ajgpropertymgmt.com/	nadene@ajgpropertymgmt.com	https://www.ajgpropertymgmt.com/about-us	https://www.instagram.com/ajgpropertymanagement/	https://www.facebook.com/profile.php/						Permissive	Qualification	https://explore.overturemaps.org/#id=41bfdc71-3386-449a-ab03-681c32dfb09c; https://www.ajgpropertymgmt.com/	Public Overture website; no usable Overture email. First-party public contact crawl required; no inference. Public business email recovered from first-party website; no inference.				overture:41bfdc71-3386-449a-ab03-681c32dfb09c	ajgpropertymgmt.com	15619337186	ajg property management	West Palm Beach	USA	PERMISSIVE	domain:ajgpropertymgmt.com
	A	91	Venice	USA	342 Vacation Rentals		holiday_rental_home	1395 Jupiter Rd	+19414024601								overture:12c7e6c3-0ff4-486f-9edd-c4fa743d039f	2026-08-15T14:16:16.296920Z		Canonical queue drain | fit A | GitHub MASTER dedupe passed	https://342vacationrentals.com/		https://342vacationrentals.com/about-us/	https://www.instagram.com/342vacationrentals/	https://www.facebook.com/342vacationrentals/		https://342vacationrentals.com/properties/villa-flamingo/				Permissive	Qualification	https://explore.overturemaps.org/#id=12c7e6c3-0ff4-486f-9edd-c4fa743d039f; https://342vacationrentals.com/	Public Overture website; no usable Overture email. First-party public contact crawl required; no inference.				overture:12c7e6c3-0ff4-486f-9edd-c4fa743d039f	342vacationrentals.com	19414024601	342 vacation rentals	Venice	USA	PERMISSIVE	domain:342vacationrentals.com
	A	91	Capdepera	Spain	Aparthotel Canyamel Sun		hotel	Via de la Lira	971 84 10 11								overture:0c28412f-d557-487a-8fcc-331df3029729	2026-08-15T14:09:12.953897Z		Canonical queue drain | fit A | GitHub MASTER dedupe passed	http://vivehotels.com		https://vivehotels.com/en/about-us/	https://www.instagram.com/vivehotels/	https://www.facebook.com/vivehotels/		https://swinger-hotel-villa-darkum.vivehotels.com/en/booking/				High	Verified	https://explore.overturemaps.org/#id=0c28412f-d557-487a-8fcc-331df3029729; https://vivehotels.com/en/	Public Overture website; no usable Overture email. First-party public contact crawl required; no inference.				overture:0c28412f-d557-487a-8fcc-331df3029729	vivehotels.com	971841011	aparthotel canyamel sun	Capdepera	Spain	HIGH	domain:vivehotels.com
	A	91	Loulé	Portugal	Vale do Lobo Apartment		hotel	Rua Florida 970C	+351289353535								overture:e6db8732-ee95-44c5-bcae-9c69aad6b40a	2026-08-15T14:09:12.953897Z		Canonical queue drain | fit A | GitHub MASTER dedupe passed	http://www.valedolobo.com		https://www.valedolobo.com/en/contacts/	https://www.instagram.com/vale.do.lobo/	https://www.facebook.com/ValedoLoboAlgarve/		https://www.valedolobo.com/en/holidays/accommodation/				High	Verified	https://explore.overturemaps.org/#id=e6db8732-ee95-44c5-bcae-9c69aad6b40a; https://www.valedolobo.com/en/	Public Overture website; no usable Overture email. First-party public contact crawl required; no inference.				overture:e6db8732-ee95-44c5-bcae-9c69aad6b40a	valedolobo.com	351289353535	vale do lobo apartment	Loulé	Portugal	HIGH	domain:valedolobo.com
	A	91	Alcobaça	Portugal	Villa Vida Nova Vacation Rental Silver Coast Portugal		holiday_rental_home	Rua Bartolomeu Dias 30b									overture:754d0a1f-dbf9-49fa-ad57-94aa89bfa2ad	2026-08-15T14:09:12.953897Z		Canonical queue drain | fit A | GitHub MASTER dedupe passed	https://staysilvercoast.com/		https://www.staysilvercoast.com/enquiries	https://www.instagram.com/canbripor/	https://www.facebook.com/people/Villa-Vida-Nova-Algarve-Portugal-Villa-Rental/100066999824541/	https://wa.me/351912345678?text=Hi%20I%20would%20like%20more%20information.%20we%20are%20XXX Adults%20 XXX Children%20 Prefered Dates%20 XXXXX%20 to%20 XXXXX%20 We are from XXXXXXXXX	https://www.staysilvercoast.com/enquiries				High	Verified	https://explore.overturemaps.org/#id=754d0a1f-dbf9-49fa-ad57-94aa89bfa2ad; https://www.staysilvercoast.com/	Public Overture website; no usable Overture email. First-party public contact crawl required; no inference.				overture:754d0a1f-dbf9-49fa-ad57-94aa89bfa2ad	staysilvercoast.com		villa vida nova vacation rental silver coast portugal	Alcobaça	Portugal	HIGH	domain:staysilvercoast.com
	A	91	Marbella	Spain	Skol Marbella Holiday Rentals		holiday_rental_home	Calle Camilo José Cela, 1	+34649999867								overture:a144c2fd-c0cb-4083-afdf-b8572575e899	2026-08-15T14:09:12.953897Z		Canonical queue drain | fit A | GitHub MASTER dedupe passed	http://www.skolapartmentsmarbella.com/		https://skolapartmentsmarbella.com/en/about-us	https://www.instagram.com/skolmarbella/	https://www.facebook.com/skolapartmentmarbella/		https://www.skolapartmentsmarbella.com/en/1866566/golf				High	Verified	https://explore.overturemaps.org/#id=a144c2fd-c0cb-4083-afdf-b8572575e899; https://skolapartmentsmarbella.com/	Public Overture website; no usable Overture email. First-party public contact crawl required; no inference.				overture:a144c2fd-c0cb-4083-afdf-b8572575e899	skolapartmentsmarbella.com	34649999867	skol marbella holiday rentals	Marbella	Spain	HIGH	domain:skolapartmentsmarbella.com
	A	91	Brașov	Romania	Seek and Hide Holiday Homes		holiday_rental_home	Strada Nicolae Bălcescu 27	+40724940017								overture:eba83154-12ff-48fc-9a70-c4823290cefb	2026-08-15T14:09:12.953897Z		Canonical queue drain | fit A | GitHub MASTER dedupe passed	https://seekandhide.ro/		https://seekandhide.ro/about-us/	https://www.instagram.com/seekandhide.brasov/	https://www.facebook.com/seekandhide.ro/		https://seekandhide.ro/booking				High	Verified	https://explore.overturemaps.org/#id=eba83154-12ff-48fc-9a70-c4823290cefb; https://seekandhide.ro/	Public Overture website; no usable Overture email. First-party public contact crawl required; no inference.				overture:eba83154-12ff-48fc-9a70-c4823290cefb	seekandhide.ro	40724940017	seek and hide holiday homes	Brașov	Romania	HIGH	domain:seekandhide.ro
	A	91	Serik	Turkey	RED Holiday Rentals		hotel	Mevlana Caddesi 3	+905312326424								overture:abc85b7c-0d55-40b7-8a2f-b8f65f6ee227	2026-08-15T14:09:12.953897Z		Canonical queue drain | fit A | GitHub MASTER dedupe passed	http://www.redholidayrentals.com/		https://www.redholidayrentals.com/en/about-4	https://www.instagram.com/redholidayrentals/	https://www.facebook.com/redholidayrentals/		https://www.redholidayrentals.com/en/villalar				High	Verified	https://explore.overturemaps.org/#id=abc85b7c-0d55-40b7-8a2f-b8f65f6ee227; https://www.redholidayrentals.com/en	Public Overture website; no usable Overture email. First-party public contact crawl required; no inference.				overture:abc85b7c-0d55-40b7-8a2f-b8f65f6ee227	redholidayrentals.com	905312326424	red holiday rentals	Serik	Turkey	HIGH	domain:redholidayrentals.com
	A	91	Torrox	Spain	Olée Holiday Rentals by Fuerte Group		resort	Carretera Nacional 340A Km. 286,1	951562088								overture:265789b6-1704-4a7b-a4a9-364dad016e0d	2026-08-15T14:09:12.953897Z		Canonical queue drain | fit A | GitHub MASTER dedupe passed	https://www.oleeholidayrentals.com/?utm_source=Bing-local&utm_medium=organic&utm_campaign=bingplaces	booking@oleeholidayrentals.com	https://www.oleeholidayrentals.com/contact/			https://api.whatsapp.com/send?phone=34683303328	https://www.oleeholidayrentals.com/wp-content/uploads/2021/08/cropped-favicon-olee-holiday-rentals-32x32.png				High	Verified	https://explore.overturemaps.org/#id=265789b6-1704-4a7b-a4a9-364dad016e0d; https://www.oleeholidayrentals.com/?utm_source=Bing-local&utm_medium=organic&utm_campaign=bingplaces	Public Overture website; no usable Overture email. First-party public contact crawl required; no inference. Public business email recovered from first-party website; no inference.				overture:265789b6-1704-4a7b-a4a9-364dad016e0d	oleeholidayrentals.com	951562088	olee holiday rentals by fuerte group	Torrox	Spain	HIGH	domain:oleeholidayrentals.com
	A	91	Fuengirola	Spain	Aparthotel Myramar Fuengirola		hotel	Calle San Miguel, 1	+34952588768								overture:9cc3133c-6034-4611-b5ff-5dbda5ce7515	2026-08-15T14:09:12.953897Z		Canonical queue drain | fit A | GitHub MASTER dedupe passed	http://www.myramarhoteles.com/		https://www.myramarhoteles.com/contacto.html	https://www.instagram.com/hotelmyramarfuengirola/	https://www.facebook.com/HotelMyramarFuengirola/		https://www.myramarhoteles.com/web-seeker.appspot.com/libraries/5694907842822144_v-11_01_2024_13_11_50Booking Engine Controller.css				High	Verified	https://explore.overturemaps.org/#id=9cc3133c-6034-4611-b5ff-5dbda5ce7515; https://www.myramarhoteles.com/	Public Overture website; no usable Overture email. First-party public contact crawl required; no inference.				overture:9cc3133c-6034-4611-b5ff-5dbda5ce7515	myramarhoteles.com	34952588768	aparthotel myramar fuengirola	Fuengirola	Spain	HIGH	domain:myramarhoteles.com
	A	91	Банско	Bulgaria	Mountain View Aparthotel		hotel	Глазне, Улица Панайот Хитов 2	+359892219644								overture:91fe6e45-2cb0-4f34-883a-737044375cc6	2026-08-15T14:09:12.953897Z		Canonical queue drain | fit A | GitHub MASTER dedupe passed	http://www.mountainviewbansko.com/		https://mountainviewbansko.com/contact-us/	https://www.instagram.com/mountainview_bansko/	https://www.facebook.com/mountainviewaparthotel/		https://mountainviewbansko.com/our-rooms/				Medium	Recall-first	https://explore.overturemaps.org/#id=91fe6e45-2cb0-4f34-883a-737044375cc6; https://mountainviewbansko.com/	Public Overture website; no usable Overture email. First-party public contact crawl required; no inference.				overture:91fe6e45-2cb0-4f34-883a-737044375cc6	mountainviewbansko.com	359892219644	mountain view aparthotel	Банско	Bulgaria	MEDIUM	domain:mountainviewbansko.com
	A	91	San Jose	Spain	Mi Casa Tu Casa Ibiza Luxury Villa Rentals		apartment_agent	Carretera de San Jose km 11, 5, Edificio Sa Mattasa, Local 1, al lado del restaurante Es Pla	971801172								overture:3b1a535c-cf57-48d7-8a78-6f49face92c7	2026-08-15T14:09:12.953897Z		Canonical queue drain | fit A | GitHub MASTER dedupe passed	https://micasatucasaibiza.com/?utm_source=GMBlisting&utm_medium=organic		https://micasatucasaibiza.com/about-us/	https://www.instagram.com/micasatucasaibiza/	https://www.facebook.com/MiCasaTuCasaIbiza/		https://micasatucasaibiza.com/ibiza-luxury-rental-villas/4-bedrooms/				High	Verified	https://explore.overturemaps.org/#id=3b1a535c-cf57-48d7-8a78-6f49face92c7; https://micasatucasaibiza.com/?utm_source=GMBlisting&utm_medium=organic	Public Overture website; no usable Overture email. First-party public contact crawl required; no inference.				overture:3b1a535c-cf57-48d7-8a78-6f49face92c7	micasatucasaibiza.com	971801172	mi casa tu casa ibiza luxury villa rentals	San Jose	Spain	HIGH	domain:micasatucasaibiza.com
	A	91	Calvià	Spain	Inn Mallorca Aparthotels		hotel		971 13 19 96								overture:477c38d3-5fc9-4dd4-a77f-6b3bcf3c11f0	2026-08-15T14:09:12.953897Z		Canonical queue drain | fit A | GitHub MASTER dedupe passed	http://mallorcasuites.eu	booking@mallorcasuites.eu	https://www.mallorcasuites.eu/contacto/	https://www.instagram.com/innmallorca/			https://www.mallorcasuites.eu/de/				High	Verified	https://explore.overturemaps.org/#id=477c38d3-5fc9-4dd4-a77f-6b3bcf3c11f0; https://www.mallorcasuites.eu/	Public Overture website; no usable Overture email. First-party public contact crawl required; no inference. Public business email recovered from first-party website; no inference.				overture:477c38d3-5fc9-4dd4-a77f-6b3bcf3c11f0	mallorcasuites.eu	971131996	inn mallorca aparthotels	Calvià	Spain	HIGH	domain:mallorcasuites.eu
	A	91	Mijas	Spain	Malaga Holiday Homes Sales		real_estate_agent	Centro Nordico, Carr. de Mijas, KM 4.5, local 1	+34670328444								overture:6dc716af-bd39-46f4-a34f-3fb398d5f5d0	2026-08-15T14:09:12.953897Z		Canonical queue drain | fit A | GitHub MASTER dedupe passed	http://www.malagaholidayhomessales.com/		https://www.malagaholidayhomessales.com/contact/		https://www.facebook.com/Malagaholidayhomessales/	https://api.whatsapp.com/send?phone=923236709920	https://www.malagaholidayhomessales.com/favorite-properties/				High	Verified	https://explore.overturemaps.org/#id=6dc716af-bd39-46f4-a34f-3fb398d5f5d0; http://www.malagaholidayhomessales.com/	Public Overture website; no usable Overture email. First-party public contact crawl required; no inference.				overture:6dc716af-bd39-46f4-a34f-3fb398d5f5d0	malagaholidayhomessales.com	34670328444	malaga holiday homes sales	Mijas	Spain	HIGH	domain:malagaholidayhomessales.com
	A	91	Lagos	Portugal	Jinny Harman Villa Management		hotel	Rua 1º de Maio, Edificio Luztur Loja AAA	+351282789801								overture:fb23cc09-05f6-46b8-82e0-b416a8dff8a3	2026-08-15T14:09:12.953897Z		Canonical queue drain | fit A | GitHub MASTER dedupe passed	https://www.luzvillarentals.com/		https://www.luzvillarentals.com/about-us/	https://www.instagram.com/jinnyvillas/	https://www.facebook.com/JINNYHARMANVILLAS/		https://www.luzvillarentals.com/legal-notice/				High	Verified	https://explore.overturemaps.org/#id=fb23cc09-05f6-46b8-82e0-b416a8dff8a3; https://www.luzvillarentals.com/	Public Overture website; no usable Overture email. First-party public contact crawl required; no inference.				overture:fb23cc09-05f6-46b8-82e0-b416a8dff8a3	luzvillarentals.com	351282789801	jinny harman villa management	Lagos	Portugal	HIGH	domain:luzvillarentals.com
	A	91	Банско	Bulgaria	Aparthotel Lucky Bansko SPA & Relax		hotel	ул. Кир Благо Тодев 4-10	087 911 1222								overture:bc983d99-e191-4a4c-bb41-a80232f84efe	2026-08-15T14:09:12.953897Z		Canonical queue drain | fit A | GitHub MASTER dedupe passed	https://luckybansko.com		https://luckybansko.com/about-us-c35/	https://www.instagram.com/luckybansko/	https://www.facebook.com/luckybansko/		https://luckybansko.com/salt-rooms/				High	Verified	https://explore.overturemaps.org/#id=bc983d99-e191-4a4c-bb41-a80232f84efe; https://luckybansko.com/; https://luckybansko.com	Public Overture website; no usable Overture email. First-party public contact crawl required; no inference.				overture:bc983d99-e191-4a4c-bb41-a80232f84efe	luckybansko.com	0879111222	aparthotel lucky bansko spa relax	Банско	Bulgaria	HIGH	domain:luckybansko.com
	A	91	Brașov	Romania	KOA Aparthotel		hotel	Strada Traian 32	+40773944589								overture:3cfb819f-78f4-4a6c-ad2d-8b3add0dd36d	2026-08-15T14:09:12.953897Z		Canonical queue drain | fit A | GitHub MASTER dedupe passed	https://www.koa-aparthotels.com/		https://www.koa-aparthotels.com/ro/about-us	https://www.instagram.com/koaapartments/	https://www.facebook.com/koaapartments/		https://www.koa-aparthotels.com/ro/rooms				High	Verified	https://explore.overturemaps.org/#id=3cfb819f-78f4-4a6c-ad2d-8b3add0dd36d; https://www.koa-aparthotels.com/	Public Overture website; no usable Overture email. First-party public contact crawl required; no inference.				overture:3cfb819f-78f4-4a6c-ad2d-8b3add0dd36d	koa-aparthotels.com	40773944589	koa aparthotel	Brașov	Romania	HIGH	domain:koa-aparthotels.com
	A	91	Велинград	Bulgaria	Aparthotel Paradise		hotel	Улица Гоце Делчев 47	+359889209934								overture:7b74dea7-cf78-42f3-9e90-c78ad9649f3b	2026-08-15T14:09:12.953897Z		Canonical queue drain | fit A | GitHub MASTER dedupe passed	http://hotelinfinity.bg	reservation@hotelinfinity.bg	https://hotelinfinity.bg/wp-content/plugins/contact-form-7/includes/css/styles.css?ver=6.1.2	https://www.instagram.com/infinity.velingrad/	https://www.facebook.com/profile.php/						High	Verified	https://explore.overturemaps.org/#id=7b74dea7-cf78-42f3-9e90-c78ad9649f3b; https://hotelinfinity.bg/	Public Overture website; no usable Overture email. First-party public contact crawl required; no inference. Public business email recovered from first-party website; no inference.				overture:7b74dea7-cf78-42f3-9e90-c78ad9649f3b	hotelinfinity.bg	359889209934	aparthotel paradise	Велинград	Bulgaria	HIGH	domain:hotelinfinity.bg
	A	91	Sevilla	Spain	Hotel Boutique Elvira Plaza Sevilla		resort	Plaza de Doña Elvira, 5	954227388								overture:1fb875a9-2e1a-446c-8d43-67c64f47f9a9	2026-08-15T14:09:12.953897Z		Canonical queue drain | fit A | GitHub MASTER dedupe passed	http://www.hotelelviraplaza.com/	info@hotelelviraplaza.com	https://www.hotelelviraplaza.com/contacto.html	https://www.instagram.com/sevillahotelscollection/	https://www.facebook.com/sevillahotelscollection/						High	Verified	https://explore.overturemaps.org/#id=1fb875a9-2e1a-446c-8d43-67c64f47f9a9; https://www.hotelelviraplaza.com/	Public Overture website; no usable Overture email. First-party public contact crawl required; no inference. Public business email recovered from first-party website; no inference.				overture:1fb875a9-2e1a-446c-8d43-67c64f47f9a9	hotelelviraplaza.com	954227388	hotel boutique elvira plaza sevilla	Sevilla	Spain	HIGH	domain:hotelelviraplaza.com
	A	91	Poiana Brașov	Romania	Alpin Hotel & Aparthotel		hotel	Str. Poiana Doamnei	0268 262 343								overture:9facba9c-d2dd-4a82-b826-b35b9a36a824	2026-08-15T14:09:12.953897Z		Canonical queue drain | fit A | GitHub MASTER dedupe passed	http://www.hotelalpin.ro	reservation@hotelalpin.ro	https://hotelalpin.ro/contact/	https://www.instagram.com/alpinpoianabrasov/	https://www.facebook.com/hotelalpinpoianabrasov/						High	Verified	https://explore.overturemaps.org/#id=9facba9c-d2dd-4a82-b826-b35b9a36a824; https://hotelalpin.ro/	Public Overture website; no usable Overture email. First-party public contact crawl required; no inference. Public business email recovered from first-party website; no inference.				overture:9facba9c-d2dd-4a82-b826-b35b9a36a824	hotelalpin.ro	0268262343	alpin hotel aparthotel	Poiana Brașov	Romania	HIGH	domain:hotelalpin.ro
	A	91	Msida	Malta	Aparthotel Adagio Malta Central		hotel	Triq Tal- Hriereb L-Imsida	+35621222177								overture:fdcf74d5-20f1-4028-a9b4-8c9ef32e6704	2026-08-15T14:09:12.953897Z		Canonical queue drain | fit A | GitHub MASTER dedupe passed	https://www.greenkey.global/		https://www.greenkey.global/contact-us	https://www.instagram.com/greenkeyint/	https://www.facebook.com/Green-Key-130957623671591/		https://www.greenkey.global/universal/svg/social-accounts.svg				High	Verified	https://explore.overturemaps.org/#id=fdcf74d5-20f1-4028-a9b4-8c9ef32e6704; https://www.greenkey.global/	Public Overture website; no usable Overture email. First-party public contact crawl required; no inference.				overture:fdcf74d5-20f1-4028-a9b4-8c9ef32e6704	greenkey.global	35621222177	aparthotel adagio malta central	Msida	Malta	HIGH	domain:greenkey.global
	A	91	Loulé	Portugal	Formula Holiday Rentals		hotel	Avenida Francisco Sá Carneiro 3	+351961631424								overture:e65e2ea4-9420-4f33-9c57-615b63de20f8	2026-08-15T14:09:12.953897Z		Canonical queue drain | fit A | GitHub MASTER dedupe passed	https://www.fhralgarve.com/		https://www.fhralgarve.com/contactos/	https://www.instagram.com/formulaholidayrentals/	https://www.facebook.com/Formula.Holiday.Algarve/		https://www.fhralgarve.com/property/villa-colombia-by-fhr/				High	Verified	https://explore.overturemaps.org/#id=e65e2ea4-9420-4f33-9c57-615b63de20f8; https://www.fhralgarve.com/	Public Overture website; no usable Overture email. First-party public contact crawl required; no inference.				overture:e65e2ea4-9420-4f33-9c57-615b63de20f8	fhralgarve.com	351961631424	formula holiday rentals	Loulé	Portugal	HIGH	domain:fhralgarve.com
	A	91	St Martin	GG	Ellingham Self-Catering Cottages, Guernsey		cottage	Camps Du Moulin, St. Martin	+441481239360								overture:cdd178ad-918a-4b71-9fef-93b54e0a7598	2026-08-15T14:09:12.953897Z		Canonical queue drain | fit A | GitHub MASTER dedupe passed	http://www.ellinghamguernsey.co.uk/		https://www.ellinghamguernsey.co.uk/about-us	https://www.instagram.com/ellinghamguernsey/	https://www.facebook.com/ellinghamguernsey/		https://www.ellinghamguernsey.co.uk/short-term-rental-accommodation				High	Verified	https://explore.overturemaps.org/#id=cdd178ad-918a-4b71-9fef-93b54e0a7598; https://www.ellinghamguernsey.co.uk/	Public Overture website; no usable Overture email. First-party public contact crawl required; no inference.				overture:cdd178ad-918a-4b71-9fef-93b54e0a7598	ellinghamguernsey.co.uk	441481239360	ellingham self catering cottages guernsey	St Martin	GG	HIGH	domain:ellinghamguernsey.co.uk
	A	91	Καλλικράτεια	Greece	GeoMare Holiday Homes		holiday_rental_home		+306944127436								overture:e40ed545-aefb-4602-b12c-bd7cc888db30	2026-08-15T14:09:12.953897Z		Canonical queue drain | fit A | GitHub MASTER dedupe passed	http://www.dadageo.gr/		https://www.dadageo.gr/contact/	https://www.instagram.com/geomareholidayhomes/	https://www.facebook.com/geomareholidayhomes/		https://www.dadageo.gr/our-homes/				Permissive	Qualification	https://explore.overturemaps.org/#id=e40ed545-aefb-4602-b12c-bd7cc888db30; https://www.dadageo.gr/	Public Overture website; no usable Overture email. First-party public contact crawl required; no inference.				overture:e40ed545-aefb-4602-b12c-bd7cc888db30	dadageo.gr	306944127436	geomare holiday homes	Καλλικράτεια	Greece	PERMISSIVE	domain:dadageo.gr
	A	91	София	Bulgaria	Citybul Property Management		property_management	Улица Йоан Екзарх 1	+359899997726								overture:96a6bf9e-583b-4896-8506-97bd96927206	2026-08-15T14:09:12.953897Z		Canonical queue drain | fit A | GitHub MASTER dedupe passed	http://www.CitybulPropertyManagement.com/	partners@citybulpropertymanagement.com	https://citybulpropertymanagement.com/about-us/	https://www.instagram.com/citybul_property_management/	https://www.facebook.com/CitybulPropertyManagement/						Permissive	Qualification	https://explore.overturemaps.org/#id=96a6bf9e-583b-4896-8506-97bd96927206; https://citybulpropertymanagement.com/	Public Overture website; no usable Overture email. First-party public contact crawl required; no inference. Public business email recovered from first-party website; no inference.				overture:96a6bf9e-583b-4896-8506-97bd96927206	citybulpropertymanagement.com	359899997726	citybul property management	София	Bulgaria	PERMISSIVE	domain:citybulpropertymanagement.com
	A	91	Benitachell	Spain	Casa Windlenook - Luxury Holiday Villa Rental		holiday_rental_home	Calle Phoenix, Cumbre del Sol,	+447733228406								overture:545bef55-7c73-4f5b-90cf-36d4cd4b5094	2026-08-15T14:09:12.953897Z		Canonical queue drain | fit A | GitHub MASTER dedupe passed	https://www.casawindlenook.com/		https://www.casawindlenook.com/about-us	https://www.instagram.com/casawindlenook/	https://www.facebook.com/casawindlenook/		https://www.casawindlenook.com/book				High	Verified	https://explore.overturemaps.org/#id=545bef55-7c73-4f5b-90cf-36d4cd4b5094; https://www.casawindlenook.com/	Public Overture website; no usable Overture email. First-party public contact crawl required; no inference.				overture:545bef55-7c73-4f5b-90cf-36d4cd4b5094	casawindlenook.com	447733228406	casa windlenook luxury holiday villa rental	Benitachell	Spain	HIGH	domain:casawindlenook.com
	A	91	שוהם	IL	פטל - Petel		hotel	החושן 28	+972542152554								overture:72cca96d-4bca-4294-bdf6-7f555aa9475c	2026-08-15T14:09:12.953897Z		Canonical queue drain | fit A | GitHub MASTER dedupe passed	http://www.barfam.com/		https://www.barfam.com/about-us/	https://www.instagram.com/baronvacationresort/	https://www.facebook.com/smadaramit/		https://booking.barfam.com/be/rooms?lang=heb&chainid=226&hotel=442_&&wd_start=1&nights=4&rooms=1&ad1=2&ch1=2&inf1=0				Permissive	Qualification	https://explore.overturemaps.org/#id=72cca96d-4bca-4294-bdf6-7f555aa9475c; https://www.barfam.com/contact-us/	Public Overture website; no usable Overture email. First-party public contact crawl required; no inference.				overture:72cca96d-4bca-4294-bdf6-7f555aa9475c	barfam.com	972542152554	petel	שוהם	IL	PERMISSIVE	domain:barfam.com
