	A	91	Houston	USA	Rainey Property Management		property_management	1400 Broadfield Blvd	+17139991210								overture:780472b9-746f-4d1d-82f5-8887da61db50	2026-08-15T01:01:53.485175Z		Canonical queue drain | fit A | GitHub MASTER dedupe passed	http://www.raineypm.com/	info@raineypm.com	https://www.raineypm.com/about-us	https://www.instagram.com/raineypm/	https://www.facebook.com/raineypm/						High	Verified	https://explore.overturemaps.org/#id=780472b9-746f-4d1d-82f5-8887da61db50; https://www.raineypm.com/	Public Overture site+email; zero-HTTP V6 cheap-screen. Final MASTER dedupe/QA required.				overture:780472b9-746f-4d1d-82f5-8887da61db50	raineypm.com	17139991210	rainey property management	Houston	USA	HIGH	domain:raineypm.com
	A	91	Round Rock	USA	PS Property Management Company		property_management	1490 Rusk Rd	+15122516122								overture:466d7ccf-6ba2-4d4e-b7c9-a6eb3f86368a	2026-08-15T01:01:53.485175Z		Canonical queue drain | fit A | GitHub MASTER dedupe passed	http://www.psprop.net	help@psprop.net	https://psprop.net/contact-us-main/	https://www.instagram.com/psproperty/	https://www.facebook.com/austinhoamanagement/						High	Verified	https://explore.overturemaps.org/#id=466d7ccf-6ba2-4d4e-b7c9-a6eb3f86368a	Public Overture site+email; zero-HTTP V6 cheap-screen. Final MASTER dedupe/QA required.				overture:466d7ccf-6ba2-4d4e-b7c9-a6eb3f86368a	psprop.net	15122516122	ps property management company	Round Rock	USA	HIGH	domain:psprop.net
	A	91	Beaumont	USA	Parigi Property Management		property_management	445 N 14th St	+14098339555								overture:7b905118-efcb-4d1e-a283-060e54ed93de	2026-08-15T01:01:53.485175Z		Canonical queue drain | fit A | GitHub MASTER dedupe passed	http://www.parigiproperty.com	chris@parigiproperty.com	https://parigiproperty.com/information-and-contact/			https://api.whatsapp.com/send?text=855+Heather+Lane+https%3A%2F%2Fparigiproperty.com%2Fproperties%2F855-heather%2F	https://parigiproperty.com/townhomes-homes-apartments-for-rent-sale/				High	Verified	https://explore.overturemaps.org/#id=7b905118-efcb-4d1e-a283-060e54ed93de	Public Overture site+email; zero-HTTP V6 cheap-screen. Final MASTER dedupe/QA required.				overture:7b905118-efcb-4d1e-a283-060e54ed93de	parigiproperty.com	14098339555	parigi property management	Beaumont	USA	HIGH	domain:parigiproperty.com
	A	91	Waco	USA	Orange Pin Property Management		property_management	4700 Bosque Blvd	+12542185773								overture:1ab0fc7d-5963-4401-9359-0b716a9a56ef	2026-08-15T01:01:53.485175Z		Canonical queue drain | fit A | GitHub MASTER dedupe passed	https://www.orangepin.co/	waco4rent@gmail.com	https://www.orangepin.co/about	https://www.instagram.com/doorloopapp/	https://www.facebook.com/DoorLoopApp/						High	Verified	https://explore.overturemaps.org/#id=1ab0fc7d-5963-4401-9359-0b716a9a56ef; https://www.orangepin.co/	Public Overture site+email; zero-HTTP V6 cheap-screen. Final MASTER dedupe/QA required.				overture:1ab0fc7d-5963-4401-9359-0b716a9a56ef	orangepin.co	12542185773	orange pin property management	Waco	USA	HIGH	domain:orangepin.co
	A	91	Longview	USA	Open Door Property Management Group LLC		property_management	4308 Gilmer Rd	+19033090099								overture:802f92de-318a-4a73-b515-e6e5b2482d65	2026-08-15T01:01:53.485175Z		Canonical queue drain | fit A | GitHub MASTER dedupe passed	https://www.opendoorpmg.com/	info@opendoorpmg.com	https://www.opendoorpmg.com/contact_us.aspx	https://www.instagram.com/opendoorpmg/	https://www.facebook.com/opendoorpmg/						High	Verified	https://explore.overturemaps.org/#id=802f92de-318a-4a73-b515-e6e5b2482d65; https://www.opendoorpmg.com/	Public Overture site+email; zero-HTTP V6 cheap-screen. Final MASTER dedupe/QA required.				overture:802f92de-318a-4a73-b515-e6e5b2482d65	opendoorpmg.com	19033090099	open door property management group llc	Longview	USA	HIGH	domain:opendoorpmg.com
	A	91	Montgomery	USA	Lone Star Property Management		property_management	100 Waterstone Dr	+19365979202								overture:8ff5234f-6b5c-4557-82a2-8c355c187031	2026-08-15T01:01:53.485175Z		Canonical queue drain | fit A | GitHub MASTER dedupe passed	https://lonestarpropertymanagement.com/	lonestarpropertymgr@gmail.com	https://www.lonestarpropertymanagement.com/about		https://www.facebook.com/profile.php/		https://www.lonestarpropertymanagement.com/montgomery-county-homes-for-rent				High	Verified	https://explore.overturemaps.org/#id=8ff5234f-6b5c-4557-82a2-8c355c187031	Public Overture site+email; zero-HTTP V6 cheap-screen. Final MASTER dedupe/QA required.				overture:8ff5234f-6b5c-4557-82a2-8c355c187031	lonestarpropertymanagement.com	19365979202	lone star property management	Montgomery	USA	HIGH	domain:lonestarpropertymanagement.com
	A	91	Fort Worth	USA	Locke Property Management		property_management	1121 Burton Hill Rd	+18176313233								overture:ed54b2ab-ad93-4e90-9d3c-b120f897925b	2026-08-15T01:01:53.485175Z		Canonical queue drain | fit A | GitHub MASTER dedupe passed	http://www.lockepm.com/	hello@lockepm.com	https://www.lockepm.com/about-us	https://www.instagram.com/leaguepropertymanagement/	https://www.facebook.com/leaguepropertymanagement/						High	Verified	https://explore.overturemaps.org/#id=ed54b2ab-ad93-4e90-9d3c-b120f897925b; https://www.lockepm.com/	Public Overture site+email; zero-HTTP V6 cheap-screen. Final MASTER dedupe/QA required.				overture:ed54b2ab-ad93-4e90-9d3c-b120f897925b	lockepm.com	18176313233	locke property management	Fort Worth	USA	HIGH	domain:lockepm.com
	A	91	Mansfield	USA	Landmark Property Management		property_management	316 S Main St	+18173819394								overture:a2c5b06d-904d-42b4-b2e6-d0aba7cbdf2f	2026-08-15T01:01:53.485175Z		Canonical queue drain | fit A | GitHub MASTER dedupe passed	https://www.landmarkmgmt.co/	landmark.realestate.pm@gmail.com	https://www.landmarkmgmt.co/contact-us		https://www.facebook.com/100501699024861/		https://www.landmarkmgmt.co/available-properties				Medium	Recall-first	https://explore.overturemaps.org/#id=a2c5b06d-904d-42b4-b2e6-d0aba7cbdf2f	Public Overture site+email; zero-HTTP V6 cheap-screen. Final MASTER dedupe/QA required.				overture:a2c5b06d-904d-42b4-b2e6-d0aba7cbdf2f	landmarkmgmt.co	18173819394	landmark property management	Mansfield	USA	MEDIUM	domain:landmarkmgmt.co
	A	91	Richmond	USA	Lakefair Realty and Property Management		property_management	15018 Lakefair Dr	+18325413796								overture:1bd73c1c-e65e-4f32-a69b-d86456a65807	2026-08-15T01:01:53.485175Z		Canonical queue drain | fit A | GitHub MASTER dedupe passed	http://lakefair.net/	bowenje@yahoo.com	https://www.lakefair.net/about		https://www.facebook.com/LakefairRealtyandPM/		https://www.lakefair.net/short-term-rentals				High	Verified	https://explore.overturemaps.org/#id=1bd73c1c-e65e-4f32-a69b-d86456a65807	Public Overture site+email; zero-HTTP V6 cheap-screen. Final MASTER dedupe/QA required.				overture:1bd73c1c-e65e-4f32-a69b-d86456a65807	lakefair.net	18325413796	lakefair realty and property management	Richmond	USA	HIGH	domain:lakefair.net
	A	91	Kailua Kona	USA	Kona Vacation Home Rentals		holiday_rental_home	73-4863 Anini St	+18083256795								overture:2922216f-30b1-4ff6-9127-b0baf97b0463	2026-08-15T01:01:53.485175Z		Canonical queue drain | fit A | GitHub MASTER dedupe passed	http://konavacationhome.com/	konavacationhome@gmail.com	https://www.konavacationhome.com/contact	https://www.instagram.com/konavacationhome/			https://www.konavacationhome.com/kona-properties				High	Verified	https://explore.overturemaps.org/#id=2922216f-30b1-4ff6-9127-b0baf97b0463; https://www.konavacationhome.com/	Public Overture site+email; zero-HTTP V6 cheap-screen. Final MASTER dedupe/QA required.				overture:2922216f-30b1-4ff6-9127-b0baf97b0463	konavacationhome.com	18083256795	kona vacation home rentals	Kailua Kona	USA	HIGH	domain:konavacationhome.com
	A	91	Fort St John	Canada	KARE Property Management Group Ltd.		property_management	9319 100 Ave	+12507940510								overture:4157db29-4131-49f2-9aaa-7189ac1cbdb0	2026-08-15T01:01:53.485175Z		Canonical queue drain | fit A | GitHub MASTER dedupe passed	https://www.karepm.ca/tenants	reception@karepm.ca	https://www.karepm.ca/about		https://www.facebook.com/KARE-Property-Management-Group-Ltd-109500868305397/		https://www.karepm.ca/fort-st-john-homes-for-rent				High	Verified	https://explore.overturemaps.org/#id=4157db29-4131-49f2-9aaa-7189ac1cbdb0	Public Overture site+email; zero-HTTP V6 cheap-screen. Final MASTER dedupe/QA required.				overture:4157db29-4131-49f2-9aaa-7189ac1cbdb0	karepm.ca	12507940510	kare property management group ltd	Fort St John	Canada	HIGH	domain:karepm.ca
	A	91	Dallas	USA	Inalyze Property Management		property_management	7989 Belt Line Rd	+12148884183								overture:06132864-f71d-48c6-8516-128191a28643	2026-08-15T01:01:53.485175Z		Canonical queue drain | fit A | GitHub MASTER dedupe passed	https://inalyzeproperty.com/	info@inalyzeproperty.com	https://inalyzeproperty.com/property-preservation/	https://www.instagram.com/inalyzeproperty/	https://www.facebook.com/profile.php/						High	Verified	https://explore.overturemaps.org/#id=06132864-f71d-48c6-8516-128191a28643; https://inalyzeproperty.com/	Public Overture site+email; zero-HTTP V6 cheap-screen. Final MASTER dedupe/QA required.				overture:06132864-f71d-48c6-8516-128191a28643	inalyzeproperty.com	12148884183	inalyze property management	Dallas	USA	HIGH	domain:inalyzeproperty.com
	A	91	Houston	USA	Real Property Management Preferred		property_management	9234 FM-1960	+12818949111								overture:6a13f562-ed07-4ac2-9d9f-f7f69269aaa9	2026-08-15T01:01:53.485175Z		Canonical queue drain | fit A | GitHub MASTER dedupe passed	https://www.htownrpm.com/?cid=LSTL_RPM000183	info@htownrpm.com	https://www.htownrpm.com/about-us	https://www.instagram.com/rpmpreferred/	https://www.facebook.com/RealPropertyManagementPreferred/						High	Verified	https://explore.overturemaps.org/#id=6a13f562-ed07-4ac2-9d9f-f7f69269aaa9; https://www.htownrpm.com/?cid=LSTL_RPM000183	Public Overture site+email; zero-HTTP V6 cheap-screen. Final MASTER dedupe/QA required.				overture:6a13f562-ed07-4ac2-9d9f-f7f69269aaa9	htownrpm.com	12818949111	real property management preferred	Houston	USA	HIGH	domain:htownrpm.com
	A	91	Southlake	USA	Hollis Property Management, LLC		property_management	1560 E Southlake Blvd	+18178754985								overture:16a3c313-82e9-4c1d-8f58-5d34dfa89515	2026-08-15T01:01:53.485175Z		Canonical queue drain | fit A | GitHub MASTER dedupe passed	https://hollispropertymanagement.com/	hollisproperty@gmail.com	https://hollispropertymanagement.com/contact-us		https://www.facebook.com/people/Hollis-Property-Management/61577126020079/		https://hollispropertymanagement.com/leased-properties-1				High	Verified	https://explore.overturemaps.org/#id=16a3c313-82e9-4c1d-8f58-5d34dfa89515	Public Overture site+email; zero-HTTP V6 cheap-screen. Final MASTER dedupe/QA required.				overture:16a3c313-82e9-4c1d-8f58-5d34dfa89515	hollispropertymanagement.com	18178754985	hollis property management llc	Southlake	USA	HIGH	domain:hollispropertymanagement.com
	A	91	Austin	USA	Hill Country Property Management		property_management	4202 Spicewood Springs Rd	+15123463309								overture:c13b36f2-8394-4b87-b7be-4830603269bb	2026-08-15T01:01:53.485175Z		Canonical queue drain | fit A | GitHub MASTER dedupe passed	http://www.hillcountrypm.com/	lee@hillcountrypm.com	https://www.hillcountrypm.com/company/about		https://www.facebook.com/pages/Hill-Country-Property-Management/140121156091899/		https://www.hillcountrypm.com/home_rentals				High	Verified	https://explore.overturemaps.org/#id=c13b36f2-8394-4b87-b7be-4830603269bb	Public Overture site+email; zero-HTTP V6 cheap-screen. Final MASTER dedupe/QA required.				overture:c13b36f2-8394-4b87-b7be-4830603269bb	hillcountrypm.com	15123463309	hill country property management	Austin	USA	HIGH	domain:hillcountrypm.com
	A	91	Killeen	USA	Gold Medal Property Management		property_management	1002 E Elms Rd	+12542132131								overture:666df26a-7d53-4a87-bdbd-3523e275dc1a	2026-08-15T01:01:53.485175Z		Canonical queue drain | fit A | GitHub MASTER dedupe passed	https://www.goldmedalrentals.com/	info@goldmedalrentals.com	https://www.goldmedalrentals.com/about-us		https://www.facebook.com/GoldMedalProperties/		https://www.goldmedalrentals.com/feed/atom				High	Verified	https://explore.overturemaps.org/#id=666df26a-7d53-4a87-bdbd-3523e275dc1a	Public Overture site+email; zero-HTTP V6 cheap-screen. Final MASTER dedupe/QA required.				overture:666df26a-7d53-4a87-bdbd-3523e275dc1a	goldmedalrentals.com	12542132131	gold medal property management	Killeen	USA	HIGH	domain:goldmedalrentals.com
	A	91	Lumberton	USA	Double H Property Management		property_management	3397 Highway 69 S	+14098933233								overture:cf011600-2798-4cc7-ab49-6e6db7e2d628	2026-08-15T01:01:53.485175Z		Canonical queue drain | fit A | GitHub MASTER dedupe passed	https://doublehproperties.com/	debbie@doublehproperties.com	https://doublehproperties.com/about-us-2/		https://www.facebook.com/DoubleHProperties/		https://doublehproperties.com/wp-content/uploads/2024/02/62-Village-Hill-Ln-Conroe-TX-77304-USA-062-063-Twilight-MLS_Size.png				High	Verified	https://explore.overturemaps.org/#id=cf011600-2798-4cc7-ab49-6e6db7e2d628	Public Overture site+email; zero-HTTP V6 cheap-screen. Final MASTER dedupe/QA required.				overture:cf011600-2798-4cc7-ab49-6e6db7e2d628	doublehproperties.com	14098933233	double h property management	Lumberton	USA	HIGH	domain:doublehproperties.com
	A	91	Bossier City	USA	Diamond Property Management		property_management	315 E Texas St	+13182135299								overture:37f845b7-1875-4964-b784-449fd6c21f44	2026-08-15T01:01:53.485175Z		Canonical queue drain | fit A | GitHub MASTER dedupe passed	http://www.diamondrealtyrentals.com/	diamondpmrentals@gmail.com	https://www.diamondrealtyrentals.com/company/about		https://www.facebook.com/​https://www.facebook.com/DiamondRealtyRentals/		https://www.diamondrealtyrentals.com/home_rentals				High	Verified	https://explore.overturemaps.org/#id=37f845b7-1875-4964-b784-449fd6c21f44	Public Overture site+email; zero-HTTP V6 cheap-screen. Final MASTER dedupe/QA required.				overture:37f845b7-1875-4964-b784-449fd6c21f44	diamondrealtyrentals.com	13182135299	diamond property management	Bossier City	USA	HIGH	domain:diamondrealtyrentals.com
	A	91	Katy	USA	CSW Property Management		property_management	3319 Beachwater Dr	+12813058211								overture:3f84a0c4-a12c-463f-af4a-93c6f150a3a5	2026-08-15T01:01:53.485175Z		Canonical queue drain | fit A | GitHub MASTER dedupe passed	http://www.cswproperty.com/	info@cswproperty.com	https://www.cswproperty.com/about		https://www.facebook.com/profile.php/		https://www.cswproperty.com/greater-houston-homes-for-rent				High	Verified	https://explore.overturemaps.org/#id=3f84a0c4-a12c-463f-af4a-93c6f150a3a5	Public Overture site+email; zero-HTTP V6 cheap-screen. Final MASTER dedupe/QA required.				overture:3f84a0c4-a12c-463f-af4a-93c6f150a3a5	cswproperty.com	12813058211	csw property management	Katy	USA	HIGH	domain:cswproperty.com
	A	91	Harker Heights	USA	Colonial Property Management		property_management	661 W Central Texas Expy	+12546984113								overture:a345d999-a1f5-4c30-85c7-a62a7dc4e119	2026-08-15T01:01:53.485175Z		Canonical queue drain | fit A | GitHub MASTER dedupe passed	http://www.colonialrepm.com/	info@colonialrepm.com	https://www.colonialrepm.com/about		https://www.facebook.com/wix/		https://www.colonialrepm.com/rentals				High	Verified	https://explore.overturemaps.org/#id=a345d999-a1f5-4c30-85c7-a62a7dc4e119	Public Overture site+email; zero-HTTP V6 cheap-screen. Final MASTER dedupe/QA required.				overture:a345d999-a1f5-4c30-85c7-a62a7dc4e119	colonialrepm.com	12546984113	colonial property management	Harker Heights	USA	HIGH	domain:colonialrepm.com
	A	91	Austin	USA	CLEAR Property Management		property_management	9050 N Capital of Texas Hwy	+15125013635								overture:cf6718be-d0b7-41e0-934e-f763fefd327d	2026-08-15T01:01:53.485175Z		Canonical queue drain | fit A | GitHub MASTER dedupe passed	http://www.clearpm.com/	info@clearpm.com	https://www.clearpm.com/contact	https://www.instagram.com/clear_pm/	https://www.facebook.com/CLEARPropertyManagement/						High	Verified	https://explore.overturemaps.org/#id=cf6718be-d0b7-41e0-934e-f763fefd327d; https://www.clearpm.com/	Public Overture site+email; zero-HTTP V6 cheap-screen. Final MASTER dedupe/QA required.				overture:cf6718be-d0b7-41e0-934e-f763fefd327d	clearpm.com	15125013635	clear property management	Austin	USA	HIGH	domain:clearpm.com
	A	91	Fort St John	Canada	C21 Energy Realty - Fort St. John - Property Management		property_management	9120 100 Ave	+12507850021								overture:a31d1158-fa74-4304-8265-c92e9e03a1da	2026-08-15T01:01:53.485175Z		Canonical queue drain | fit A | GitHub MASTER dedupe passed	http://www.c21energymanagement.ca/	leasingfsj@c21energymanagement.ca	https://www.c21energymanagement.ca/about		https://www.facebook.com/c21energymanagement/		https://www.c21energymanagement.ca/homes-for-rent				High	Verified	https://explore.overturemaps.org/#id=a31d1158-fa74-4304-8265-c92e9e03a1da	Public Overture site+email; zero-HTTP V6 cheap-screen. Final MASTER dedupe/QA required.				overture:a31d1158-fa74-4304-8265-c92e9e03a1da	c21energymanagement.ca	12507850021	c21 energy realty fort st john property management	Fort St John	Canada	HIGH	domain:c21energymanagement.ca
	A	91	Frisco	USA	Brubaker Property Management		property_management	9801 Camfield Ave	+12147250702								overture:0f45f72d-8c9b-44f3-911f-5c7c9a579101	2026-08-15T01:01:53.485175Z		Canonical queue drain | fit A | GitHub MASTER dedupe passed	http://brubakerpm.com/	info@brubakerpm.com	https://brubakerpm.com/about	https://www.instagram.com/brubakerpm/	https://www.facebook.com/BrubakerPM/						High	Verified	https://explore.overturemaps.org/#id=0f45f72d-8c9b-44f3-911f-5c7c9a579101; https://brubakerpm.com/	Public Overture site+email; zero-HTTP V6 cheap-screen. Final MASTER dedupe/QA required.				overture:0f45f72d-8c9b-44f3-911f-5c7c9a579101	brubakerpm.com	12147250702	brubaker property management	Frisco	USA	HIGH	domain:brubakerpm.com
	A	91	Arlington	USA	Herman Boswell Property Management		property_management	1125 W Abram St	+18172741800								overture:50e67d89-56db-477c-bde7-f3f84048e5e6	2026-08-15T01:01:53.485175Z		Canonical queue drain | fit A | GitHub MASTER dedupe passed	https://property-management.boswellrentals.com/	info@boswellrentals.com	https://property-management.boswellrentals.com/about-us-total-property-management/		https://www.facebook.com/Herman-Boswell-Property-Management-184424008686039/		https://property-management.boswellrentals.com/tenants-homes-for-rent-near-me/				High	Verified	https://explore.overturemaps.org/#id=50e67d89-56db-477c-bde7-f3f84048e5e6	Public Overture site+email; zero-HTTP V6 cheap-screen. Final MASTER dedupe/QA required.				overture:50e67d89-56db-477c-bde7-f3f84048e5e6	boswellrentals.com	18172741800	herman boswell property management	Arlington	USA	HIGH	domain:boswellrentals.com
	A	91	Austin	USA	Bonner Carrington Property Management LLC		property_management	901 S Mopac Expy	+15122208000								overture:b24488a1-ae33-41ec-8a5e-a94d79adbc8b	2026-08-15T01:01:53.485175Z		Canonical queue drain | fit A | GitHub MASTER dedupe passed	https://www.bonnercarrington.com/	info@bonnercarrington.com	https://bonnercarrington.com/about/	https://www.instagram.com/bonnercarrington/	https://www.facebook.com/bonnercarringtonmgt/						Medium	Recall-first	https://explore.overturemaps.org/#id=b24488a1-ae33-41ec-8a5e-a94d79adbc8b; https://bonnercarrington.com/	Public Overture site+email; zero-HTTP V6 cheap-screen. Final MASTER dedupe/QA required.				overture:b24488a1-ae33-41ec-8a5e-a94d79adbc8b	bonnercarrington.com	15122208000	bonner carrington property management llc	Austin	USA	MEDIUM	domain:bonnercarrington.com
	A	91	Keller	USA	Bear Creek Property Management		property_management	520 E Vine St	+18172034645								overture:35c91ace-2ed0-42c8-ad24-ce993a35addf	2026-08-15T01:01:53.485175Z		Canonical queue drain | fit A | GitHub MASTER dedupe passed	http://www.bearcreekpm.com/	info@bearcreekpm.com	https://bearcreekpm.com/about-us		https://www.facebook.com/BearCreekPropertyManagement/		https://bearcreekpm.com/directory/rentals				High	Verified	https://explore.overturemaps.org/#id=35c91ace-2ed0-42c8-ad24-ce993a35addf	Public Overture site+email; zero-HTTP V6 cheap-screen. Final MASTER dedupe/QA required.				overture:35c91ace-2ed0-42c8-ad24-ce993a35addf	bearcreekpm.com	18172034645	bear creek property management	Keller	USA	HIGH	domain:bearcreekpm.com
	A	91	Nederland	USA	Athena Property Management		property_management	1413 S Highway 69	+14092208032								overture:66e44a40-d23d-49dc-b4cc-fa5e8e8c9531	2026-08-15T01:01:53.485175Z		Canonical queue drain | fit A | GitHub MASTER dedupe passed	http://athenapropertymgt.com/	maria@athenapropertymgt.com	https://www.athenapropertymgt.com/about		https://www.facebook.com/pages/category/Property-Management-Company/Athena-Property-Management-106452921285446/		https://www.athenapropertymgt.com/properties				High	Verified	https://explore.overturemaps.org/#id=66e44a40-d23d-49dc-b4cc-fa5e8e8c9531	Public Overture site+email; zero-HTTP V6 cheap-screen. Final MASTER dedupe/QA required.				overture:66e44a40-d23d-49dc-b4cc-fa5e8e8c9531	athenapropertymgt.com	14092208032	athena property management	Nederland	USA	HIGH	domain:athenapropertymgt.com
	A	91	Dallas	USA	Alpha Omega Property Management		property_management	12121 Audelia Rd	+19722395600								overture:3f1d4dc6-9e76-46fb-9f09-fbdc8ac104bb	2026-08-15T01:01:53.485175Z		Canonical queue drain | fit A | GitHub MASTER dedupe passed	https://www.aopm.us/#	info@aopm.us	https://aopm.us/contact-us		https://www.facebook.com/AlphaOmegaPM/		https://aopm.us/our-properties				High	Verified	https://explore.overturemaps.org/#id=3f1d4dc6-9e76-46fb-9f09-fbdc8ac104bb	Public Overture site+email; zero-HTTP V6 cheap-screen. Final MASTER dedupe/QA required.				overture:3f1d4dc6-9e76-46fb-9f09-fbdc8ac104bb	aopm.us	19722395600	alpha omega property management	Dallas	USA	HIGH	domain:aopm.us
	A	91	Arlington	USA	Allied Property Management		property_management	1703 N Peyco Dr	+18885570967								overture:9c184df4-0fcd-4a78-abbd-078b58bfb9c8	2026-08-15T01:01:53.485175Z		Canonical queue drain | fit A | GitHub MASTER dedupe passed	http://www.alliedmgmt.com/	info@alliedmgmt.com	https://alliedmgmt.com/about/		https://www.facebook.com/AlliedPropertyMgmt/		https://alliedmgmt.com/wp-content/uploads/the7-css/the7-elements-albums-portfolio.css?ver=5972845557e1				High	Verified	https://explore.overturemaps.org/#id=9c184df4-0fcd-4a78-abbd-078b58bfb9c8	Public Overture site+email; zero-HTTP V6 cheap-screen. Final MASTER dedupe/QA required.				overture:9c184df4-0fcd-4a78-abbd-078b58bfb9c8	alliedmgmt.com	18885570967	allied property management	Arlington	USA	HIGH	domain:alliedmgmt.com
	A	91	Garland	USA	Allegiance Property Management		property_management	2334 W Buckingham Rd	+14696301775								overture:03b1f7c6-2819-4c18-bee3-0fccbf2c2081	2026-08-15T01:01:53.485175Z		Canonical queue drain | fit A | GitHub MASTER dedupe passed	http://www.AllegiancePM.net/	alexandra@allegiancepm.net	https://allegiancepm.net/contact/		https://www.facebook.com/AllegiancePM/		https://allegiancepm.net/available_properties/				High	Verified	https://explore.overturemaps.org/#id=03b1f7c6-2819-4c18-bee3-0fccbf2c2081	Public Overture site+email; zero-HTTP V6 cheap-screen. Final MASTER dedupe/QA required.				overture:03b1f7c6-2819-4c18-bee3-0fccbf2c2081	allegiancepm.net	14696301775	allegiance property management	Garland	USA	HIGH	domain:allegiancepm.net
	A	91	Killeen	USA	1030 Property Management		property_management	5900 Aquarius Dr	+12546347698								overture:82cd3e65-564e-43e5-ac19-d3aaca79d946	2026-08-15T01:01:53.485175Z		Canonical queue drain | fit A | GitHub MASTER dedupe passed	http://www.1030-properties.com/	leasing@1030-properties.com	https://www.1030-properties.com/about-us		https://www.facebook.com/1030Properties/		https://www.1030-properties.com/feed/atom				High	Verified	https://explore.overturemaps.org/#id=82cd3e65-564e-43e5-ac19-d3aaca79d946	Public Overture site+email; zero-HTTP V6 cheap-screen. Final MASTER dedupe/QA required.				overture:82cd3e65-564e-43e5-ac19-d3aaca79d946	1030-properties.com	12546347698	1030 property management	Killeen	USA	HIGH	domain:1030-properties.com
	A	91	San Jose	USA	Veronika Sarossy - Realtor, Property Management & Mortgage Loans		real_estate_service	1342 Lincoln Ave	+14086237890								overture:15d949ff-7afc-491b-96b6-f7b01ecda0e2	2026-08-15T01:01:53.485175Z		Canonical queue drain | fit A | GitHub MASTER dedupe passed	http://thepropertynetwork.com/	ronnie@thepropertynetwork.com	https://www.thepropertynetwork.com/contact-us		https://www.facebook.com/WGPropertyNetwork/		https://www.thepropertynetwork.com/rentals				High	Verified	https://explore.overturemaps.org/#id=15d949ff-7afc-491b-96b6-f7b01ecda0e2	Public Overture site+email; zero-HTTP V6 cheap-screen. Final MASTER dedupe/QA required.				overture:15d949ff-7afc-491b-96b6-f7b01ecda0e2	thepropertynetwork.com	14086237890	veronika sarossy realtor property management mortgage loans	San Jose	USA	HIGH	domain:thepropertynetwork.com
	A	91	Salford	United Kingdom	Taylor Jackson Property Management		real_estate_agent	House, Leirum, Cobden St	+441617368585								overture:5dedd889-85a2-4fa1-9062-a6b77dbdbcbd	2026-08-15T01:01:53.485175Z		Canonical queue drain | fit A | GitHub MASTER dedupe passed	http://www.taylorjackson.co.uk/	sales@taylorjackson.co.uk	https://www.taylorjackson.co.uk/about	https://www.instagram.com/wix/	https://www.facebook.com/wix/						High	Verified	https://explore.overturemaps.org/#id=5dedd889-85a2-4fa1-9062-a6b77dbdbcbd	Public Overture site+email; zero-HTTP V6 cheap-screen. Final MASTER dedupe/QA required.				overture:5dedd889-85a2-4fa1-9062-a6b77dbdbcbd	taylorjackson.co.uk	441617368585	taylor jackson property management	Salford	United Kingdom	HIGH	domain:taylorjackson.co.uk
	A	91	Woodland	USA	Skylar Kershner Real Estate Home Sales and Property Management Company		property_management	1100 Main St	+15304057077								overture:c5ee395c-0787-4ec6-b8b5-171039d7a568	2026-08-15T01:01:53.485175Z		Canonical queue drain | fit A | GitHub MASTER dedupe passed	http://www.RealEstateHomesCalifornia.com/	skylarkershner@realestatehomescalifornia.com		https://www.instagram.com/skylar_kershner/	https://www.facebook.com/skylar.kershner/		https://realestatehomescalifornia.com/category/real-estate-companies-woodland-ca-available-rentals/				High	Verified	https://explore.overturemaps.org/#id=c5ee395c-0787-4ec6-b8b5-171039d7a568; https://realestatehomescalifornia.com/	Public Overture site+email; zero-HTTP V6 cheap-screen. Final MASTER dedupe/QA required.				overture:c5ee395c-0787-4ec6-b8b5-171039d7a568	realestatehomescalifornia.com	15304057077	skylar kershner real estate home sales and property management company	Woodland	USA	HIGH	domain:realestatehomescalifornia.com
	A	91	Perth	United Kingdom	Munro Holiday Lettings & Property Management		hotel	21 Vasart Court	+447766024999								overture:f01646f5-2e41-436b-b7b4-1a88ff0539b3	2026-08-15T01:01:53.485175Z		Canonical queue drain | fit A | GitHub MASTER dedupe passed	https://www.munroholidaylettings.com/	susanmunro@munroholidaylettings.com	https://www.munroholidaylettings.com/contact		https://www.facebook.com/pages/Munro-luxury-apartment/217161754988814/		https://www.munroholidaylettings.com/our-apartments				High	Verified	https://explore.overturemaps.org/#id=f01646f5-2e41-436b-b7b4-1a88ff0539b3	Public Overture site+email; zero-HTTP V6 cheap-screen. Final MASTER dedupe/QA required.				overture:f01646f5-2e41-436b-b7b4-1a88ff0539b3	munroholidaylettings.com	447766024999	munro holiday lettings property management	Perth	United Kingdom	HIGH	domain:munroholidaylettings.com
	A	91	San Rafael	USA	Morley Fredericks Property Management and Real Estate Services		real_estate_service	1414 4th St	+14158471224								overture:9dbcc375-bca3-49c2-9f8f-6690bf288dee	2026-08-15T01:01:53.485175Z		Canonical queue drain | fit A | GitHub MASTER dedupe passed	http://www.morleyfredericks.com/	frontdesk@morleyfredericks.com	https://www.morleyfredericks.com/about	https://www.instagram.com/morleyfredericks_realestate/	https://www.facebook.com/morleyfredericks/						High	Verified	https://explore.overturemaps.org/#id=9dbcc375-bca3-49c2-9f8f-6690bf288dee; https://www.morleyfredericks.com/	Public Overture site+email; zero-HTTP V6 cheap-screen. Final MASTER dedupe/QA required.				overture:9dbcc375-bca3-49c2-9f8f-6690bf288dee	morleyfredericks.com	14158471224	morley fredericks property management and real estate services	San Rafael	USA	HIGH	domain:morleyfredericks.com
	A	91	Portstewart	United Kingdom	LPG Property Management		real_estate_agent	39 Prospect Road	+442870833641								overture:1568ad95-a234-4c03-9c1c-d6ccd4937b70	2026-08-15T01:01:53.485175Z		Canonical queue drain | fit A | GitHub MASTER dedupe passed	http://WWW.LPGPROPERTY.COM/	paul@lpgproperty.com	https://www.lpgproperty.com/about-us-portstewart		https://www.facebook.com/lpgproperty/		https://www.lpgproperty.com/student-rentals				High	Verified	https://explore.overturemaps.org/#id=1568ad95-a234-4c03-9c1c-d6ccd4937b70	Public Overture site+email; zero-HTTP V6 cheap-screen. Final MASTER dedupe/QA required.				overture:1568ad95-a234-4c03-9c1c-d6ccd4937b70	lpgproperty.com	442870833641	lpg property management	Portstewart	United Kingdom	HIGH	domain:lpgproperty.com
	A	91	Blackpool	United Kingdom	Kenricks Property Management		real_estate_agent	235 Church Street	+441253420420								overture:0f9f276a-3573-428b-a3b8-f8900f805b66	2026-08-15T01:01:53.485175Z		Canonical queue drain | fit A | GitHub MASTER dedupe passed	http://www.kenricksestateagents.co.uk/	pm@kenricksestateagents.co.uk	https://www.kenricksestateagents.co.uk/contact.html		https://www.facebook.com/kenricks.property/		https://www.kenricksestateagents.co.uk/properties/search-results.html				High	Verified	https://explore.overturemaps.org/#id=0f9f276a-3573-428b-a3b8-f8900f805b66	Public Overture site+email; zero-HTTP V6 cheap-screen. Final MASTER dedupe/QA required.				overture:0f9f276a-3573-428b-a3b8-f8900f805b66	kenricksestateagents.co.uk	441253420420	kenricks property management	Blackpool	United Kingdom	HIGH	domain:kenricksestateagents.co.uk
	A	91	Wigan	United Kingdom	Kay Collins Sales Lettings & Property Management		real_estate_agent	33 Market Street	+441942524800								overture:6aa78d4a-9e8c-489b-b484-950fac887c6e	2026-08-15T01:01:53.485175Z		Canonical queue drain | fit A | GitHub MASTER dedupe passed	http://www.kaycollins.co.uk/	enquiries@kaycollins.co.uk	https://www.kaycollins.co.uk/about-us/		https://www.facebook.com/kaycollinssalesandlettings/	https://wa.me/441942524800?text=Hello!					Medium	Recall-first	https://explore.overturemaps.org/#id=6aa78d4a-9e8c-489b-b484-950fac887c6e	Public Overture site+email; zero-HTTP V6 cheap-screen. Final MASTER dedupe/QA required.				overture:6aa78d4a-9e8c-489b-b484-950fac887c6e	kaycollins.co.uk	441942524800	kay collins sales lettings property management	Wigan	United Kingdom	MEDIUM	domain:kaycollins.co.uk
	A	91	San Rafael	USA	HTL Hotel Brokers, Real Estate Loans & Property Management		real_estate_agent	1050 Northgate Dr Ste 440	(415) 925-8801								overture:65fd68a1-eb18-496e-8a0b-e7492982f51c	2026-08-15T01:01:53.485175Z		Canonical queue drain | fit A | GitHub MASTER dedupe passed	https://www.htlha.com	jhiser@htlha.com	https://www.htlha.com/about		https://www.facebook.com/hospitality.brokers/		https://www.htlha.com/property-management/previously-managed-properties				High	Verified	https://explore.overturemaps.org/#id=65fd68a1-eb18-496e-8a0b-e7492982f51c	Public Overture site+email; zero-HTTP V6 cheap-screen. Final MASTER dedupe/QA required.				overture:65fd68a1-eb18-496e-8a0b-e7492982f51c	htlha.com	4159258801	htl hotel brokers real estate loans property management	San Rafael	USA	HIGH	domain:htlha.com
	A	91	Manchester	United Kingdom	Granite Lettings & Property Management		real_estate_agent	52 Port Street	+441612366088								overture:27fdda73-7037-449e-8358-19609fccc476	2026-08-15T01:01:53.485175Z		Canonical queue drain | fit A | GitHub MASTER dedupe passed	http://www.granitelettings.com/	info@granitelettings.com	https://www.granitelettings.com/about-us.htm		https://www.facebook.com/granitelettings/		https://www.granitelettings.com/properties.aspx?mode=0&menuID=4				High	Verified	https://explore.overturemaps.org/#id=27fdda73-7037-449e-8358-19609fccc476	Public Overture site+email; zero-HTTP V6 cheap-screen. Final MASTER dedupe/QA required.				overture:27fdda73-7037-449e-8358-19609fccc476	granitelettings.com	441612366088	granite lettings property management	Manchester	United Kingdom	HIGH	domain:granitelettings.com
	A	91	Cavan	United Kingdom	Crotty Auctioneers & Property Management		real_estate_agent	The Eye Centre, 25 Bridge Street	+353494365020								overture:0df497cc-1b2f-4c78-8aac-74140e412969	2026-08-15T01:01:53.485175Z		Canonical queue drain | fit A | GitHub MASTER dedupe passed	http://www.crottyauctioneers.com/	info@crottyauctioneers.com	http://crottyauctioneers.com/contact/	https://www.instagram.com/crottyauctioneering/	https://www.facebook.com/Crotty-Auctioneers-Property-Management-1878504228945583/						High	Verified	https://explore.overturemaps.org/#id=0df497cc-1b2f-4c78-8aac-74140e412969; http://crottyauctioneers.com/	Public Overture site+email; zero-HTTP V6 cheap-screen. Final MASTER dedupe/QA required.				overture:0df497cc-1b2f-4c78-8aac-74140e412969	crottyauctioneers.com	353494365020	crotty auctioneers property management	Cavan	United Kingdom	HIGH	domain:crottyauctioneers.com
	A	91	Rugeley	United Kingdom	CPS Lettings & Property Management		real_estate_agent	Brook House, Brook Square	+441889576600								overture:3b56c11a-47e0-4faa-8a61-98b0ec2df2a8	2026-08-15T01:01:53.485175Z		Canonical queue drain | fit A | GitHub MASTER dedupe passed	http://www.cpslettings1.co.uk	cps.lettings1@gmail.com	https://www.cpslettings1.co.uk/contact		https://www.facebook.com/cpsprofile/		https://www.cpslettings1.co.uk/rooms				High	Verified	https://explore.overturemaps.org/#id=3b56c11a-47e0-4faa-8a61-98b0ec2df2a8	Public Overture site+email; zero-HTTP V6 cheap-screen. Final MASTER dedupe/QA required.				overture:3b56c11a-47e0-4faa-8a61-98b0ec2df2a8	cpslettings1.co.uk	441889576600	cps lettings property management	Rugeley	United Kingdom	HIGH	domain:cpslettings1.co.uk
	A	91	Allen	USA	Sunrise Realtors and Property Management		real_estate_agent	1710 Elm Spring Ct	+14697743667								overture:c73c5b75-38d0-4518-9df4-bbaf02024257	2026-08-15T01:01:53.485175Z		Canonical queue drain | fit A | GitHub MASTER dedupe passed	http://www.sunrise-realtors.com/	info@sunrise-realtors.com	https://www.sunrise-realtors.com/about	https://www.instagram.com/sunriserealtors.tx/			https://www.sunrise-realtors.com/properties				High	Verified	https://explore.overturemaps.org/#id=c73c5b75-38d0-4518-9df4-bbaf02024257; https://www.sunrise-realtors.com/	Public Overture site+email; zero-HTTP V6 cheap-screen. Final MASTER dedupe/QA required.				overture:c73c5b75-38d0-4518-9df4-bbaf02024257	sunrise-realtors.com	14697743667	sunrise realtors and property management	Allen	USA	HIGH	domain:sunrise-realtors.com
	A	91	Sugar Land	USA	Sugar Land Property Management		real_estate_agent	1650 Highway 6 Ste 350	(281) 302-5689								overture:eb920cf3-2744-4ff2-b999-fd3b64a6f2ca	2026-08-15T01:01:53.485175Z		Canonical queue drain | fit A | GitHub MASTER dedupe passed	http://www.sugarlandpm.com	valerie@sugarlandpm.com	https://www.sugarlandpm.com/contact-us	https://www.instagram.com/sugarlandpm/	https://www.facebook.com/SoldbyDiaz/						High	Verified	https://explore.overturemaps.org/#id=eb920cf3-2744-4ff2-b999-fd3b64a6f2ca; https://www.sugarlandpm.com/	Public Overture site+email; zero-HTTP V6 cheap-screen. Final MASTER dedupe/QA required.				overture:eb920cf3-2744-4ff2-b999-fd3b64a6f2ca	sugarlandpm.com	2813025689	sugar land property management	Sugar Land	USA	HIGH	domain:sugarlandpm.com
	A	91	Galveston	USA	Manage4us - Property Management Services		real_estate_agent	6025 Heards Ln	+14096821015								overture:81b43a11-06e7-4e61-97d8-9735154d8416	2026-08-15T01:01:53.485175Z		Canonical queue drain | fit A | GitHub MASTER dedupe passed	https://www.manage4us.com/	lynnsellstx@gmail.com	https://www.manage4us.com/about-us	https://www.instagram.com/manage.4.us/	https://www.facebook.com/mnge4us/						High	Verified	https://explore.overturemaps.org/#id=81b43a11-06e7-4e61-97d8-9735154d8416; https://www.manage4us.com/	Public Overture site+email; zero-HTTP V6 cheap-screen. Final MASTER dedupe/QA required.				overture:81b43a11-06e7-4e61-97d8-9735154d8416	manage4us.com	14096821015	manage4us property management services	Galveston	USA	HIGH	domain:manage4us.com
	A	91	Port Bolivar	USA	Lafitte's Retreat Crystal Beach Vacation Rental		hotel	3329 Prides Way	+12816356064								overture:5bdd9f40-4b3b-42f7-875d-bad5c63aabba	2026-08-15T01:01:53.485175Z		Canonical queue drain | fit A | GitHub MASTER dedupe passed	http://www.lafittesretreatcrystalbeach.com/	laurabolieu7899@gmail.com	https://www.lafittesretreatcrystalbeach.com/about	https://www.instagram.com/lafittesretreat/	https://www.facebook.com/lafittesretreat/						High	Verified	https://explore.overturemaps.org/#id=5bdd9f40-4b3b-42f7-875d-bad5c63aabba	Public Overture site+email; zero-HTTP V6 cheap-screen. Final MASTER dedupe/QA required.				overture:5bdd9f40-4b3b-42f7-875d-bad5c63aabba	lafittesretreatcrystalbeach.com	12816356064	lafitte s retreat crystal beach vacation rental	Port Bolivar	USA	HIGH	domain:lafittesretreatcrystalbeach.com
	A	91	Hewitt	USA	CIF Property Management Services, Inc		real_estate_service	416 Sapphire Blvd	+12547562957								overture:50c6dee0-e61b-4021-8419-004b7296744b	2026-08-15T01:01:53.485175Z		Canonical queue drain | fit A | GitHub MASTER dedupe passed	http://www.cifrealestate.com/	cifrentals@gmail.com	https://www.cifrealestate.com/about-us		https://www.facebook.com/cifrealestate/		https://www.cifrealestate.com/rental-properties				High	Verified	https://explore.overturemaps.org/#id=50c6dee0-e61b-4021-8419-004b7296744b	Public Overture site+email; zero-HTTP V6 cheap-screen. Final MASTER dedupe/QA required.				overture:50c6dee0-e61b-4021-8419-004b7296744b	cifrealestate.com	12547562957	cif property management services inc	Hewitt	USA	HIGH	domain:cifrealestate.com
	A	91	Hidden Valley Lake	USA	White Vacation Rentals		holiday_rental_home		+19164728050								overture:8303e7d1-b22e-46b6-8635-44375ecd7de0	2026-08-15T01:01:53.485175Z		Canonical queue drain | fit A | GitHub MASTER dedupe passed	http://whitevacationrentals.com/	sheriberirocks@hotmail.com		https://www.instagram.com/sheriberirocks/	https://www.facebook.com/profile.php/		https://www.whitevacationrentals.com:443/book				High	Verified	https://explore.overturemaps.org/#id=8303e7d1-b22e-46b6-8635-44375ecd7de0; https://www.whitevacationrentals.com:443/	Public Overture site+email; zero-HTTP V6 cheap-screen. Final MASTER dedupe/QA required.				overture:8303e7d1-b22e-46b6-8635-44375ecd7de0	whitevacationrentals.com	19164728050	white vacation rentals	Hidden Valley Lake	USA	HIGH	domain:whitevacationrentals.com
	A	91	Healdsburg	USA	Wine Country Life Vacation Homes		holiday_rental_home	347 Healdsburg Ave	+17074338899								overture:055fcedc-2fa4-44d9-9cb6-42185449e389	2026-08-15T01:01:53.485175Z		Canonical queue drain | fit A | GitHub MASTER dedupe passed	http://www.WineCountryLifeVacationHomes.com/	info@winecountrylifevacationhomes.com	https://www.winecountrylifevacationhomes.com/about-us/		https://www.facebook.com/winecountrylifevacationhomes/		https://www.winecountrylifevacationhomes.com/vacation-rentals				High	Verified	https://explore.overturemaps.org/#id=055fcedc-2fa4-44d9-9cb6-42185449e389	Public Overture site+email; zero-HTTP V6 cheap-screen. Final MASTER dedupe/QA required.				overture:055fcedc-2fa4-44d9-9cb6-42185449e389	winecountrylifevacationhomes.com	17074338899	wine country life vacation homes	Healdsburg	USA	HIGH	domain:winecountrylifevacationhomes.com
	A	91	Three Lakes	USA	Water's Edge Vacation Rentals		holiday_rental_home	6810 Winkler Rd	+17156172766								overture:45ea6075-1ede-4a27-aa11-fd007e7fcd1b	2026-08-15T01:01:53.485175Z		Canonical queue drain | fit A | GitHub MASTER dedupe passed	http://watersedgevacationwi.com/	watersedgevacationrental@gmail.com	https://watersedgevacationwi.com/about-us/		https://www.facebook.com/profile.php/		http://watersedgevacationwi.com/type-of-property/holiday-homes-and-cottages/				High	Verified	https://explore.overturemaps.org/#id=45ea6075-1ede-4a27-aa11-fd007e7fcd1b	Public Overture site+email; zero-HTTP V6 cheap-screen. Final MASTER dedupe/QA required.				overture:45ea6075-1ede-4a27-aa11-fd007e7fcd1b	watersedgevacationwi.com	17156172766	water s edge vacation rentals	Three Lakes	USA	HIGH	domain:watersedgevacationwi.com
	A	91	Portrush	United Kingdom	Strathroy Mews Holiday Homes		hotel	1 Ballywillin Road	+442825880408								overture:3413e2f3-86d9-4fd8-9985-7f73672aa357	2026-08-15T01:01:53.485175Z		Canonical queue drain | fit A | GitHub MASTER dedupe passed	http://www.strathroymews.co.uk/	info@strathroymews.co.uk	http://www.strathroymews.co.uk/contact/		https://www.facebook.com/strathroymews/		http://www.strathroymews.co.uk/booking-information/				High	Verified	https://explore.overturemaps.org/#id=3413e2f3-86d9-4fd8-9985-7f73672aa357	Public Overture site+email; zero-HTTP V6 cheap-screen. Final MASTER dedupe/QA required.				overture:3413e2f3-86d9-4fd8-9985-7f73672aa357	strathroymews.co.uk	442825880408	strathroy mews holiday homes	Portrush	United Kingdom	HIGH	domain:strathroymews.co.uk
	A	91	Praiano	Italy	Sosòre Holiday Homes - Amalfi Coast		holiday_rental_home	via Umberto I, 71	+393337040104								overture:58d7e3e2-2251-4524-8b70-14c73d86410a	2026-08-15T01:01:53.485175Z		Canonical queue drain | fit A | GitHub MASTER dedupe passed	http://www.sosore.it/	reception@sosore.it	https://www.sosore.it/wp-content/plugins/contact-form-7/includes/css/styles.css?ver=6.1.5	https://www.instagram.com/sosoreholidayhomes_amalficoast/	https://www.facebook.com/sosoreamalficoast/						Medium	Recall-first	https://explore.overturemaps.org/#id=58d7e3e2-2251-4524-8b70-14c73d86410a; https://www.sosore.it/	Public Overture site+email; zero-HTTP V6 cheap-screen. Final MASTER dedupe/QA required.				overture:58d7e3e2-2251-4524-8b70-14c73d86410a	sosore.it	393337040104	sosore holiday homes amalfi coast	Praiano	Italy	MEDIUM	domain:sosore.it
	A	91	Galway	Ireland	Kilronan Holiday Homes Aran Islands		hotel	St Ronans Road	+353851289035								overture:9c19e657-783d-47b4-b933-538ef6638645	2026-08-15T01:01:53.485175Z		Canonical queue drain | fit A | GitHub MASTER dedupe passed	http://www.selfcateringaranislands.com/	kilronanholidayhome@gmail.com	https://www.selfcateringaranislands.com/contact-us	https://www.instagram.com/kilronanholidayhomes/	https://www.facebook.com/kilronanholidayhomes/						High	Verified	https://explore.overturemaps.org/#id=9c19e657-783d-47b4-b933-538ef6638645; https://www.selfcateringaranislands.com/	Public Overture site+email; zero-HTTP V6 cheap-screen. Final MASTER dedupe/QA required.				overture:9c19e657-783d-47b4-b933-538ef6638645	selfcateringaranislands.com	353851289035	kilronan holiday homes aran islands	Galway	Ireland	HIGH	domain:selfcateringaranislands.com
	A	91	Saint Germain	USA	Northwoods Vacation Rentals		holiday_rental_home	1624 Shields Rd	(866) 740-4504								overture:4a60d230-0047-45b0-a92a-cc5bc5002a54	2026-08-15T01:01:53.485175Z		Canonical queue drain | fit A | GitHub MASTER dedupe passed	http://www.northwoodsvacationrentals.com	info@northwoodsvacationrentals.com	https://www.northwoodsvacationrentals.com/contact-us/		https://www.facebook.com/NorthwoodsVacationRentals/		https://www.northwoodsvacationrentals.com/accommodations/				High	Verified	https://explore.overturemaps.org/#id=4a60d230-0047-45b0-a92a-cc5bc5002a54	Public Overture site+email; zero-HTTP V6 cheap-screen. Final MASTER dedupe/QA required.				overture:4a60d230-0047-45b0-a92a-cc5bc5002a54	northwoodsvacationrentals.com	8667404504	northwoods vacation rentals	Saint Germain	USA	HIGH	domain:northwoodsvacationrentals.com
	A	91	Letterkenny	Ireland	Moores Holiday Homes Dunfanaghy		hotel	Moores Holiday Homes	+353866077034								overture:dbee4606-a53d-4dab-8984-917d868f271d	2026-08-15T01:01:53.485175Z		Canonical queue drain | fit A | GitHub MASTER dedupe passed	http://www.mooresholidayhomes.com/	mooresholidayhomes@hotmail.com	http://www.mooresholidayhomes.com/about-us.html		https://www.facebook.com/search/top/		http://www.mooresholidayhomes.com/accommodation.html				High	Verified	https://explore.overturemaps.org/#id=dbee4606-a53d-4dab-8984-917d868f271d	Public Overture site+email; zero-HTTP V6 cheap-screen. Final MASTER dedupe/QA required.				overture:dbee4606-a53d-4dab-8984-917d868f271d	mooresholidayhomes.com	353866077034	moores holiday homes dunfanaghy	Letterkenny	Ireland	HIGH	domain:mooresholidayhomes.com
	A	91	Portrush	United Kingdom	Luxury Portrush Holiday Homes The Grove, Grange, Green & Glynn 12-14 guests		hotel	Portrush	+447554886019								overture:8bff824d-c8b9-49c6-88cf-6a33d7328b2b	2026-08-15T01:01:53.485175Z		Canonical queue drain | fit A | GitHub MASTER dedupe passed	http://www.luxuryportrushholidayhomes.co.uk/	luxuryportrush.holidayhome@hotmail.com	https://www.luxuryportrushholidayhomes.co.uk/contact		https://www.facebook.com/luxury.portrush.holiday.home/		https://www.luxuryportrushholidayhomes.co.uk/booking-engine				High	Verified	https://explore.overturemaps.org/#id=8bff824d-c8b9-49c6-88cf-6a33d7328b2b	Public Overture site+email; zero-HTTP V6 cheap-screen. Final MASTER dedupe/QA required.				overture:8bff824d-c8b9-49c6-88cf-6a33d7328b2b	luxuryportrushholidayhomes.co.uk	447554886019	luxury portrush holiday homes the grove grange green glynn 12 14 guests	Portrush	United Kingdom	HIGH	domain:luxuryportrushholidayhomes.co.uk
	A	91	Inverness	United Kingdom	Ness Holiday Homes		property_management	1 Ardconnel Street	+447539052722								overture:445b0817-c07c-457f-bf88-88911c9d1aac	2026-08-15T01:01:53.485175Z		Canonical queue drain | fit A | GitHub MASTER dedupe passed	http://www.invernessholidayhomes.com/	bookings@invernessholidayhomes.com	https://www.invernessholidayhomes.com/about		https://www.facebook.com/invernessholidayhomes/		https://www.invernessholidayhomes.com/holiday-homes				High	Verified	https://explore.overturemaps.org/#id=445b0817-c07c-457f-bf88-88911c9d1aac	Public Overture site+email; zero-HTTP V6 cheap-screen. Final MASTER dedupe/QA required.				overture:445b0817-c07c-457f-bf88-88911c9d1aac	invernessholidayhomes.com	447539052722	ness holiday homes	Inverness	United Kingdom	HIGH	domain:invernessholidayhomes.com
	A	91	Dun Laoghaire	United Kingdom	Holiday Homes Direct		holiday_rental_home	Killiney Shopping Center, Rochestown Ave	+35314853643								overture:e111c868-fc6a-46f7-bd5b-a7cbb6a6f5e0	2026-08-15T01:01:53.485175Z		Canonical queue drain | fit A | GitHub MASTER dedupe passed	http://www.holidayhomesdirect.ie/	info@holidayhomesdirect.ie	https://www.holidayhomesdirect.ie/about-us/about-us.414.html		https://www.facebook.com/pages/Holiday-Homes-Direct/136710549687146/		https://www.holidayhomesdirect.ie/owners-advice/managing-your-holiday-rentals.527.html				High	Verified	https://explore.overturemaps.org/#id=e111c868-fc6a-46f7-bd5b-a7cbb6a6f5e0	Public Overture site+email; zero-HTTP V6 cheap-screen. Final MASTER dedupe/QA required.				overture:e111c868-fc6a-46f7-bd5b-a7cbb6a6f5e0	holidayhomesdirect.ie	35314853643	holiday homes direct	Dun Laoghaire	United Kingdom	HIGH	domain:holidayhomesdirect.ie
	A	91	Keighley	United Kingdom	Haworth Heights - Luxury holiday homes		hotel	53 Mill Hey									overture:e86143a1-ce48-41d1-8299-76d34c8add2c	2026-08-15T01:01:53.485175Z		Canonical queue drain | fit A | GitHub MASTER dedupe passed	http://www.haworthheights.co.uk/	bookings@haworthheights.co.uk	https://www.haworthheights.co.uk/make-a-booking	https://www.instagram.com/haworthheights/	https://www.facebook.com/HaworthHeights/		https://www.haworthheights.co.uk/make-a-booking				High	Verified	https://explore.overturemaps.org/#id=e86143a1-ce48-41d1-8299-76d34c8add2c; https://www.haworthheights.co.uk/	Public Overture site+email; zero-HTTP V6 cheap-screen. Final MASTER dedupe/QA required.				overture:e86143a1-ce48-41d1-8299-76d34c8add2c	haworthheights.co.uk		haworth heights luxury holiday homes	Keighley	United Kingdom	HIGH	domain:haworthheights.co.uk
	A	91	England-Wales-Scotland-Core::g31of3x2	United Kingdom	Gartclach Farm Luxury Holiday Homes		holiday_rental_home	Gartclach	+447775755286								overture:e03c195e-a3f8-47e8-a8a6-c6661bc72e7d	2026-08-15T01:01:53.485175Z		Canonical queue drain | fit A | GitHub MASTER dedupe passed	https://www.gartclachfarm.co.uk/	gartclachfarm@gmail.com	https://www.gartclachfarm.co.uk/about	https://www.instagram.com/gartclachfarmholidayhomes/	https://www.facebook.com/gartclachfarmholidayhomes/						High	Verified	https://explore.overturemaps.org/#id=e03c195e-a3f8-47e8-a8a6-c6661bc72e7d; https://www.gartclachfarm.co.uk/	Public Overture site+email; zero-HTTP V6 cheap-screen. Final MASTER dedupe/QA required.				overture:e03c195e-a3f8-47e8-a8a6-c6661bc72e7d	gartclachfarm.co.uk	447775755286	gartclach farm luxury holiday homes	England-Wales-Scotland-Core::g31of3x2	United Kingdom	HIGH	domain:gartclachfarm.co.uk
	A	91	Fortrose	United Kingdom	Flowerburn Holiday Homes		holiday_rental_home	Eathie Road	+441381621069								overture:d5004241-965e-4a77-bf6c-2cdad17234a5	2026-08-15T01:01:53.485175Z		Canonical queue drain | fit A | GitHub MASTER dedupe passed	http://www.flowerburn.com/	info@flowerburn.com	https://flowerburn.com/contact/		https://www.facebook.com/Callachy/		https://flowerburn.com/accommodations/				High	Verified	https://explore.overturemaps.org/#id=d5004241-965e-4a77-bf6c-2cdad17234a5	Public Overture site+email; zero-HTTP V6 cheap-screen. Final MASTER dedupe/QA required.				overture:d5004241-965e-4a77-bf6c-2cdad17234a5	flowerburn.com	441381621069	flowerburn holiday homes	Fortrose	United Kingdom	HIGH	domain:flowerburn.com
	A	91	Killarney	Ireland	Dream Ireland Holiday Homes		holiday_rental_home	Forelands Holiday Homes, Forelands	+353646641170								overture:0cdc7c01-6a01-4dde-b787-656724d6abec	2026-08-15T01:01:53.485175Z		Canonical queue drain | fit A | GitHub MASTER dedupe passed	http://www.dreamireland.com/	info@dreamireland.com	https://www.dreamireland.com/contact/index.php		https://www.facebook.com/dreamireland/		https://www.dreamireland.com/search/search.php?property_search=The+Woodland+Villas+at+Parknasilla+Resort+and+Spa&sec_drop%5B%5D=&tri_drop%5B%5D=&sp_dateFrom=&num_nights=0&occupants=&bedrooms=				High	Verified	https://explore.overturemaps.org/#id=0cdc7c01-6a01-4dde-b787-656724d6abec	Public Overture site+email; zero-HTTP V6 cheap-screen. Final MASTER dedupe/QA required.				overture:0cdc7c01-6a01-4dde-b787-656724d6abec	dreamireland.com	353646641170	dream ireland holiday homes	Killarney	Ireland	HIGH	domain:dreamireland.com
	A	91	Ennis	Ireland	Doolin Court Holiday Rentals		holiday_rental_home	6 Doolin Court Holiday Homes	+353872962384								overture:204534fe-b8a7-443c-a431-03f2bf878072	2026-08-15T01:01:53.485175Z		Canonical queue drain | fit A | GitHub MASTER dedupe passed	http://www.doolinholidayrentals.com/	doolincourtrentals@gmail.com	https://www.doolinholidayrentals.com/contact		https://www.facebook.com/wix/		https://www.doolinholidayrentals.com/holiday-homes				High	Verified	https://explore.overturemaps.org/#id=204534fe-b8a7-443c-a431-03f2bf878072	Public Overture site+email; zero-HTTP V6 cheap-screen. Final MASTER dedupe/QA required.				overture:204534fe-b8a7-443c-a431-03f2bf878072	doolinholidayrentals.com	353872962384	doolin court holiday rentals	Ennis	Ireland	HIGH	domain:doolinholidayrentals.com
	A	91	Union City	USA	San Francisco Bay Area Vacation Rentals		holiday_rental_home	32223 Allison Dr	+14087729410								overture:72e62915-2c31-442b-b7d7-ecf86d84a322	2026-08-15T01:01:53.485175Z		Canonical queue drain | fit A | GitHub MASTER dedupe passed	http://BayAreaVacationRentals.com/	info@bayareavacationrentals.com	https://bayareavacationrentals.com/contact-san-francisco-bay-area-vacation-rental/		https://www.facebook.com/Bay-Area-Vacation-Rentals-799062790230668/		https://bayareavacationrentals.com/bay-area-vacation-rentals/				High	Verified	https://explore.overturemaps.org/#id=72e62915-2c31-442b-b7d7-ecf86d84a322	Public Overture site+email; zero-HTTP V6 cheap-screen. Final MASTER dedupe/QA required.				overture:72e62915-2c31-442b-b7d7-ecf86d84a322	bayareavacationrentals.com	14087729410	san francisco bay area vacation rentals	Union City	USA	HIGH	domain:bayareavacationrentals.com
	A	91	Ambleside	United Kingdom	Ambleside Holiday Homes		hotel	Ellerigg Road Underfell	+441539432392								overture:49f871f7-580c-43be-a14f-bd12bc9de173	2026-08-15T01:01:53.485175Z		Canonical queue drain | fit A | GitHub MASTER dedupe passed	http://www.amblesideholidayhomes.co.uk/	amblesideholidayhomes@gmail.com	https://www.amblesideholidayhomes.co.uk/about-ambleside.htm		https://www.facebook.com/profile.php/		https://www.amblesideholidayhomes.co.uk/boden-howe.htm				High	Verified	https://explore.overturemaps.org/#id=49f871f7-580c-43be-a14f-bd12bc9de173	Public Overture site+email; zero-HTTP V6 cheap-screen. Final MASTER dedupe/QA required.				overture:49f871f7-580c-43be-a14f-bd12bc9de173	amblesideholidayhomes.co.uk	441539432392	ambleside holiday homes	Ambleside	United Kingdom	HIGH	domain:amblesideholidayhomes.co.uk
	A	91	Austin	USA	NEST Vacation Rentals		holiday_rental_home	1503 Spring Garden Rd	+15128878076								overture:d864d8c0-aa3b-41a1-97ac-d7b4142194f4	2026-08-15T01:01:53.485175Z		Canonical queue drain | fit A | GitHub MASTER dedupe passed	http://nestvr.com/	tracey@nestvr.com	https://www.nestvr.com/contact-us/		https://www.facebook.com/pages/Nest-Vacation-Rentals/825218760873305/		https://www.nestvr.com/vacation-rentals/all-properties/				High	Verified	https://explore.overturemaps.org/#id=d864d8c0-aa3b-41a1-97ac-d7b4142194f4	Public Overture site+email; zero-HTTP V6 cheap-screen. Final MASTER dedupe/QA required.				overture:d864d8c0-aa3b-41a1-97ac-d7b4142194f4	nestvr.com	15128878076	nest vacation rentals	Austin	USA	HIGH	domain:nestvr.com
	A	91	Leander	USA	Ramendu Property Management(RPM)		real_estate_service	1640 Highland Falls Dr	+15128654019								overture:34f2b318-3cbc-43e8-b1a9-5d7ed6f5159c	2026-08-15T00:58:54Z		Canonical queue drain | fit A | GitHub MASTER dedupe passed	http://www.ramendu.com/	amar@ramendu.com	https://www.ramendu.com/about-us/		https://www.facebook.com/Ramendu-Realty-112547570935547/		https://www.ramendu.com/wp-content/plugins/bookly-responsive-appointment-booking-tool/frontend/resources/css/ladda.min.css?ver=19.7				High	Verified	https://explore.overturemaps.org/#id=34f2b318-3cbc-43e8-b1a9-5d7ed6f5159c	Public Overture site+email; zero-HTTP V6 cheap-screen. Final MASTER dedupe/QA required.				overture:34f2b318-3cbc-43e8-b1a9-5d7ed6f5159c	ramendu.com	15128654019	ramendu property management rpm	Leander	USA	HIGH	domain:ramendu.com
	A	91	Taos Ski Valley	USA	Village of Taos Ski Valley		ski_resort	7 Firehouse Rd	+15757768220								overture:4f4d2d7e-b371-4fdf-92b4-4e3c7c05a07c	2026-08-15T00:58:09.532345Z		Canonical queue drain | fit A | GitHub MASTER dedupe passed	http://www.vtsv.org/	socialmedia@vtsv.org	https://www.vtsv.org/contact-us-2/		https://www.facebook.com/pages/Village-of-Taos-Ski-Valley/170986139682092/		https://www.vtsv.org/village-services/				High	Verified	https://explore.overturemaps.org/#id=4f4d2d7e-b371-4fdf-92b4-4e3c7c05a07c	Public Overture site+email; zero-HTTP V6 cheap-screen. Final MASTER dedupe/QA required.				overture:4f4d2d7e-b371-4fdf-92b4-4e3c7c05a07c	vtsv.org	15757768220	village of taos ski valley	Taos Ski Valley	USA	HIGH	domain:vtsv.org
	A	91	Tybee Island	USA	My Tybee Queen		holiday_rental_home	701 Jones Ave									overture:593a7951-291f-4e9e-afc8-dacc77648596	2026-08-15T00:58:09.532345Z		Canonical queue drain | fit A | GitHub MASTER dedupe passed	https://www.tybeejoyvacationrentals.com/rentals/my-tybee-queen	tybeequeen@gmail.com	https://www.tybeejoyvacationrentals.com/contact-us	https://www.instagram.com/tybeejoy/	https://www.facebook.com/TybeeJoyVacationRentals/		https://www.tybeejoyvacationrentals.com/bookingEngine/stylesheets/pdp/pdp.css?v=28				High	Verified	https://explore.overturemaps.org/#id=593a7951-291f-4e9e-afc8-dacc77648596; https://www.tybeejoyvacationrentals.com/rentals/my-tybee-queen	Public Overture site+email; zero-HTTP V6 cheap-screen. Final MASTER dedupe/QA required.				overture:593a7951-291f-4e9e-afc8-dacc77648596	tybeejoyvacationrentals.com		my tybee queen	Tybee Island	USA	HIGH	domain:tybeejoyvacationrentals.com
	A	91	Brampton	United Kingdom	Scotch Arms Mews		bed_and_breakfast	35 Main Street	+447786115621								overture:ac8317f7-3815-4481-be0f-1a1ab165583c	2026-08-15T00:58:09.532345Z		Canonical queue drain | fit A | GitHub MASTER dedupe passed	http://www.thescotcharmsmews.co.uk/	info@thescotcharmsmews.co.uk	https://www.thescotcharmsmews.co.uk/booking		https://www.facebook.com/scotcharmsmews/		https://www.thescotcharmsmews.co.uk/booking				High	Verified	https://explore.overturemaps.org/#id=ac8317f7-3815-4481-be0f-1a1ab165583c	Public Overture site+email; zero-HTTP V6 cheap-screen. Final MASTER dedupe/QA required.				overture:ac8317f7-3815-4481-be0f-1a1ab165583c	thescotcharmsmews.co.uk	447786115621	scotch arms mews	Brampton	United Kingdom	HIGH	domain:thescotcharmsmews.co.uk
	A	91	Kitty Hawk	USA	Sea Scape Beach & Golf Villas Kitty Hawk		resort	Route 158 Bypass Mile Post 2	(252) 261-3837								overture:bf7c7a04-34ea-449c-8664-94b5614df730	2026-08-15T00:58:09.532345Z		Canonical queue drain | fit A | GitHub MASTER dedupe passed	http://www.seascapevillas.com	info@seascapevillas.com	https://booking.seascapevillas.com/		https://www.facebook.com/SeaScapeBeachGolfVillas/		https://seascapevillas.com/feed/				High	Verified	https://explore.overturemaps.org/#id=bf7c7a04-34ea-449c-8664-94b5614df730	Public Overture site+email; zero-HTTP V6 cheap-screen. Final MASTER dedupe/QA required.				overture:bf7c7a04-34ea-449c-8664-94b5614df730	seascapevillas.com	2522613837	sea scape beach golf villas kitty hawk	Kitty Hawk	USA	HIGH	domain:seascapevillas.com
	A	91	Bluffton	USA	Realty Management Advisors		property_management	1008 Fording Island Rd	+18437062030								overture:56404259-59d0-4a5b-bb49-b5212d7ae9a1	2026-08-15T00:58:09.532345Z		Canonical queue drain | fit A | GitHub MASTER dedupe passed	https://www.rma-sc.com/	info@rma-sc.com	https://rma-sc.com/about-us/	https://www.instagram.com/realtymanagementadvisors/	https://www.facebook.com/profile.php/						High	Verified	https://explore.overturemaps.org/#id=56404259-59d0-4a5b-bb49-b5212d7ae9a1; https://rma-sc.com/	Public Overture site+email; zero-HTTP V6 cheap-screen. Final MASTER dedupe/QA required.				overture:56404259-59d0-4a5b-bb49-b5212d7ae9a1	rma-sc.com	18437062030	realty management advisors	Bluffton	USA	HIGH	domain:rma-sc.com
	A	91	Middlesbrough	United Kingdom	Simply Students Teesside		property_management	466 Linthorpe Road	+441642828969								overture:dc3c7be1-ee54-4e3f-b3b3-c62d29b9d55a	2026-08-15T00:58:09.532345Z		Canonical queue drain | fit A | GitHub MASTER dedupe passed	http://www.collierproperty.co.uk/	judith@collierproperty.co.uk	https://www.collierproperty.co.uk/contact/		https://www.facebook.com/Collier-Property-145832525434549/		https://www.collierproperty.co.uk/properties-to-let/				High	Verified	https://explore.overturemaps.org/#id=dc3c7be1-ee54-4e3f-b3b3-c62d29b9d55a	Public Overture site+email; zero-HTTP V6 cheap-screen. Final MASTER dedupe/QA required.				overture:dc3c7be1-ee54-4e3f-b3b3-c62d29b9d55a	collierproperty.co.uk	441642828969	simply students teesside	Middlesbrough	United Kingdom	HIGH	domain:collierproperty.co.uk
	A	91	Bishop Auckland	United Kingdom	Brotherlee Holiday Home Park		rv_park	"Dl13 1Sr, Gb"	+441388517276								overture:a7b35dfb-2913-45fe-ac22-e048c18364d6	2026-08-15T00:58:09.532345Z		Canonical queue drain | fit A | GitHub MASTER dedupe passed	http://www.brotherleeholidayhomepark.co.uk	info@brotherleeholidayhomepark.co.uk	https://www.brotherleeholidayhomepark.co.uk/contact-us		https://www.facebook.com/Greenfootholidayhomepark/		https://www.brotherleeholidayhomepark.co.uk/holiday-homes				High	Verified	https://explore.overturemaps.org/#id=a7b35dfb-2913-45fe-ac22-e048c18364d6	Public Overture site+email; zero-HTTP V6 cheap-screen. Final MASTER dedupe/QA required.				overture:a7b35dfb-2913-45fe-ac22-e048c18364d6	brotherleeholidayhomepark.co.uk	441388517276	brotherlee holiday home park	Bishop Auckland	United Kingdom	HIGH	domain:brotherleeholidayhomepark.co.uk
	A	91	Sedona	USA	Adobe Grand Villas		resort	35 Hozoni Dr	+18669007616								overture:b08a2ea8-133a-4b0a-b766-c4d35e0f8a5f	2026-08-15T00:58:09.532345Z		Canonical queue drain | fit A | GitHub MASTER dedupe passed	http://www.adobegrandvillas.com/	info@adobegrandvillas.com	https://www.adobegrandvillas.com/ContactUs.html	https://www.instagram.com/adobegrandvillassedona/			https://www.adobegrandvillas.com/villas/				High	Verified	https://explore.overturemaps.org/#id=b08a2ea8-133a-4b0a-b766-c4d35e0f8a5f; https://www.adobegrandvillas.com/	Public Overture site+email; zero-HTTP V6 cheap-screen. Final MASTER dedupe/QA required.				overture:b08a2ea8-133a-4b0a-b766-c4d35e0f8a5f	adobegrandvillas.com	18669007616	adobe grand villas	Sedona	USA	HIGH	domain:adobegrandvillas.com
	A	91	Corpus Christi	USA	Casa de Isla- Padre Island		hotel	15209 S Padre Island Dr									overture:e05f7153-4232-4c4b-9e19-77075f4c751d	2026-08-15T00:58:09.532345Z		Canonical queue drain | fit A | GitHub MASTER dedupe passed	https://www.padreescapes.com/rentals/casa-de-isla-cpb203k	info@padreescapes.com	https://www.padreescapes.com/aboutus	https://www.instagram.com/padreescapes/	https://www.facebook.com/Padre-Escapes-Vacation-Rentals-148994738606320/		https://www.padreescapes.com/bookingEngine/stylesheets/pdp/pdp.css?v=57				High	Verified	https://explore.overturemaps.org/#id=e05f7153-4232-4c4b-9e19-77075f4c751d; https://www.padreescapes.com/rentals/casa-de-isla-cpb203	Public Overture site+email; zero-HTTP V6 cheap-screen. Final MASTER dedupe/QA required.				overture:e05f7153-4232-4c4b-9e19-77075f4c751d	padreescapes.com		casa de isla padre island	Corpus Christi	USA	HIGH	domain:padreescapes.com
	A	91	Galveston	USA	Heaven on Bay		holiday_rental_home	26122 Bay Breeze Dr	+17139621672								overture:bcfe74be-bf30-4ba0-aca4-09007e59ffed	2026-08-15T00:58:09.532345Z		Canonical queue drain | fit A | GitHub MASTER dedupe passed	https://www.galvestonluxuryvacationrentals.com/our-properties/heaven-on-bay/	galvestonlvr@gmail.com	https://galvestonluxuryvacationrentals.com/contact-us/	https://www.instagram.com/galvestonlvr2018/			https://galvestonluxuryvacationrentals.com/our-properties/the-one/				High	Verified	https://explore.overturemaps.org/#id=bcfe74be-bf30-4ba0-aca4-09007e59ffed	Public Overture site+email; zero-HTTP V6 cheap-screen. Final MASTER dedupe/QA required.				overture:bcfe74be-bf30-4ba0-aca4-09007e59ffed	galvestonluxuryvacationrentals.com	17139621672	heaven on bay	Galveston	USA	HIGH	domain:galvestonluxuryvacationrentals.com
	A	91	Kapolei	USA	Beach Villas at Ko Olina		resort	92-106 Waialii Pl	+18084693575								overture:96caf3cf-f659-4e1f-96d1-e8cc66867110	2026-08-15T00:58:09.532345Z		Canonical queue drain | fit A | GitHub MASTER dedupe passed	http://www.beachvillaresort.com/	reservations@beachvillaresort.com	https://www.beachvillaresort.com/about		https://www.facebook.com/beachvillasresort/		https://www.beachvillaresort.com/villas-cg4t				High	Verified	https://explore.overturemaps.org/#id=96caf3cf-f659-4e1f-96d1-e8cc66867110	Public Overture site+email; zero-HTTP V6 cheap-screen. Final MASTER dedupe/QA required.				overture:96caf3cf-f659-4e1f-96d1-e8cc66867110	beachvillaresort.com	18084693575	beach villas at ko olina	Kapolei	USA	HIGH	domain:beachvillaresort.com
	A	91	Alvin	USA	Bureni Property Management		property_management	413 W Blum St	+13466795291								overture:e5a82220-9e9c-455e-b77e-d4aa539b3579	2026-08-15T00:58:09.532345Z		Canonical queue drain | fit A | GitHub MASTER dedupe passed	https://burenipropertymanagement.com/	burenipropertymanagment@gmail.com	https://burenipropertymanagement.com/about/	https://www.instagram.com/bureni.propertymanagement/	https://www.facebook.com/profile.php/						High	Verified	https://explore.overturemaps.org/#id=e5a82220-9e9c-455e-b77e-d4aa539b3579; https://burenipropertymanagement.com/	Public Overture site+email; zero-HTTP V6 cheap-screen. Final MASTER dedupe/QA required.				overture:e5a82220-9e9c-455e-b77e-d4aa539b3579	burenipropertymanagement.com	13466795291	bureni property management	Alvin	USA	HIGH	domain:burenipropertymanagement.com
	A	91	Mesa	USA	Zen Rent Property Management		property_management	1855 E Southern Ave	+18442047368								overture:75926fee-12e4-4d29-88f8-ca1abd1e9343	2026-08-15T00:58:09.532345Z		Canonical queue drain | fit A | GitHub MASTER dedupe passed	https://www.zenrentpm.com/mesa-property-management	rentals@zenrentpm.com	https://www.zenrentpm.com/about		https://www.facebook.com/ZenRentPM/		https://www.zenrentpm.com/mesa-homes-for-rent				High	Verified	https://explore.overturemaps.org/#id=75926fee-12e4-4d29-88f8-ca1abd1e9343	Public Overture site+email; zero-HTTP V6 cheap-screen. Final MASTER dedupe/QA required.				overture:75926fee-12e4-4d29-88f8-ca1abd1e9343	zenrentpm.com	18442047368	zen rent property management	Mesa	USA	HIGH	domain:zenrentpm.com
	A	91	Raleigh	USA	Wilson Property Management		property_management	5520 McNeely Dr	+19197821717								overture:5478d623-5895-44c0-a727-0a36114955f2	2026-08-15T00:58:09.532345Z		Canonical queue drain | fit A | GitHub MASTER dedupe passed	https://wpminc.net/	wpmleasing@wpminc.net	https://www.wpminc.net/about-us	https://www.instagram.com/wilsonpropertymanagementnc/	https://www.facebook.com/wpminc/						High	Verified	https://explore.overturemaps.org/#id=5478d623-5895-44c0-a727-0a36114955f2; https://www.wpminc.net/	Public Overture site+email; zero-HTTP V6 cheap-screen. Final MASTER dedupe/QA required.				overture:5478d623-5895-44c0-a727-0a36114955f2	wpminc.net	19197821717	wilson property management	Raleigh	USA	HIGH	domain:wpminc.net
	A	91	West Sacramento	USA	S & S Property Management		property_management	1112 Jefferson Blvd	+19163711870								overture:380c227c-e1fc-43cb-9d89-f3cd011bca84	2026-08-15T00:58:09.532345Z		Canonical queue drain | fit A | GitHub MASTER dedupe passed	http://westsacrentals.com/	westsacrentals@gmail.com	https://www.westsacrentals.com/about		https://www.facebook.com/sspropertymanagement/		https://www.westsacrentals.com/woodland-homes-for-rent				High	Verified	https://explore.overturemaps.org/#id=380c227c-e1fc-43cb-9d89-f3cd011bca84	Public Overture site+email; zero-HTTP V6 cheap-screen. Final MASTER dedupe/QA required.				overture:380c227c-e1fc-43cb-9d89-f3cd011bca84	westsacrentals.com	19163711870	s s property management	West Sacramento	USA	HIGH	domain:westsacrentals.com
	A	91	Modesto	USA	Real Property Management Central Valley		property_management	717 16th St	+12096724444								overture:c27e6172-0cb5-4b47-a7a9-9c259a42daf4	2026-08-15T00:58:09.532345Z		Canonical queue drain | fit A | GitHub MASTER dedupe passed	https://valleywidepm.com/	leasing@valleywidepm.com	https://valleywidepm.com/about/	https://www.instagram.com/valleywide_pm/	https://www.facebook.com/profile.php/						High	Verified	https://explore.overturemaps.org/#id=c27e6172-0cb5-4b47-a7a9-9c259a42daf4; https://valleywidepm.com/	Public Overture site+email; zero-HTTP V6 cheap-screen. Final MASTER dedupe/QA required.				overture:c27e6172-0cb5-4b47-a7a9-9c259a42daf4	valleywidepm.com	12096724444	real property management central valley	Modesto	USA	HIGH	domain:valleywidepm.com
	A	91	Tempe	USA	On Pointe Property Management		property_management	919 E Lemon St	+14809669000								overture:84acb694-b905-4b88-9765-e441d801e36a	2026-08-15T00:58:09.532345Z		Canonical queue drain | fit A | GitHub MASTER dedupe passed	http://www.universitypointe.com/	manager@universitypointe.com		https://www.instagram.com/universitypointe/	https://www.facebook.com/univpointe/		https://www.universitypointe.com/universal/svg/social-accounts.svg				Medium	Recall-first	https://explore.overturemaps.org/#id=84acb694-b905-4b88-9765-e441d801e36a; https://www.universitypointe.com/	Public Overture site+email; zero-HTTP V6 cheap-screen. Final MASTER dedupe/QA required.				overture:84acb694-b905-4b88-9765-e441d801e36a	universitypointe.com	14809669000	on pointe property management	Tempe	USA	MEDIUM	domain:universitypointe.com
	A	91	Provo	USA	Total Property Management		property_management	2230 N University Pkwy	+18013756719								overture:6aff533e-e064-4373-9771-ce8caf9f09b9	2026-08-15T00:58:09.532345Z		Canonical queue drain | fit A | GitHub MASTER dedupe passed	http://Www.tpmrents.com/	info@tpmrents.com	https://www.tpmrents.com/aboutus		https://www.facebook.com/tpmrents/		https://www.tpmrents.com/Rentals				High	Verified	https://explore.overturemaps.org/#id=6aff533e-e064-4373-9771-ce8caf9f09b9	Public Overture site+email; zero-HTTP V6 cheap-screen. Final MASTER dedupe/QA required.				overture:6aff533e-e064-4373-9771-ce8caf9f09b9	tpmrents.com	18013756719	total property management	Provo	USA	HIGH	domain:tpmrents.com
	A	91	Murray	USA	Time Property Management		property_management	512 E 4500 S	+18018387900								overture:f2b8c2da-2050-4920-9ecc-18eda190628a	2026-08-15T00:58:09.532345Z		Canonical queue drain | fit A | GitHub MASTER dedupe passed	http://timepropertymanagement.com/	timepropertymgt@gmail.com	https://timepropertymanagement.com/about-us/	https://www.instagram.com/timepropertymgt/	https://www.facebook.com/TIMEPropertyMangement/						High	Verified	https://explore.overturemaps.org/#id=f2b8c2da-2050-4920-9ecc-18eda190628a	Public Overture site+email; zero-HTTP V6 cheap-screen. Final MASTER dedupe/QA required.				overture:f2b8c2da-2050-4920-9ecc-18eda190628a	timepropertymanagement.com	18018387900	time property management	Murray	USA	HIGH	domain:timepropertymanagement.com
	A	91	Augusta	USA	Three16 Property Management		property_management	4270 Belair Frontage Rd	+17068638182								overture:518ad4fc-0cba-41cc-b795-9e4513243216	2026-08-15T00:58:09.532345Z		Canonical queue drain | fit A | GitHub MASTER dedupe passed	http://www.three16propertymanagement.com/	info@three16propertymanagement.com	https://www.three16propertymanagement.com/contact-us/		https://www.facebook.com/three16propertymanagement/		https://www.three16propertymanagement.com/category/properties/apartments/				High	Verified	https://explore.overturemaps.org/#id=518ad4fc-0cba-41cc-b795-9e4513243216	Public Overture site+email; zero-HTTP V6 cheap-screen. Final MASTER dedupe/QA required.				overture:518ad4fc-0cba-41cc-b795-9e4513243216	three16propertymanagement.com	17068638182	three16 property management	Augusta	USA	HIGH	domain:three16propertymanagement.com
	A	91	Woodland Park	USA	The Glen Vacation Property, Woodland Park, Colorado		holiday_rental_home	1460 Coyote Trl	+17198221000								overture:48d08bb9-f31d-475b-a848-56bd28857b3f	2026-08-15T00:58:09.532345Z		Canonical queue drain | fit A | GitHub MASTER dedupe passed	http://theglencolorado.com/	theglenwp@gmail.com	https://www.theglencolorado.com/contact-us		https://www.facebook.com/profile.php/		https://www.theglencolorado.com/cabins				High	Verified	https://explore.overturemaps.org/#id=48d08bb9-f31d-475b-a848-56bd28857b3f	Public Overture site+email; zero-HTTP V6 cheap-screen. Final MASTER dedupe/QA required.				overture:48d08bb9-f31d-475b-a848-56bd28857b3f	theglencolorado.com	17198221000	the glen vacation property woodland park colorado	Woodland Park	USA	HIGH	domain:theglencolorado.com
	A	91	North Charleston	USA	TGI Property Management and Consulting		property_management	6650 Rivers Ave	+18434109958								overture:d29d1566-20dd-4a3a-ad11-2083bf9121d1	2026-08-15T00:58:09.532345Z		Canonical queue drain | fit A | GitHub MASTER dedupe passed	https://tgimanagement.com/	socials@tgimanagement.com	https://tgimanagement.com/about-us/		https://www.facebook.com/tgipropertymgmt/		https://tgimanagement.com/short-term-vacation-property-management/				High	Verified	https://explore.overturemaps.org/#id=d29d1566-20dd-4a3a-ad11-2083bf9121d1	Public Overture site+email; zero-HTTP V6 cheap-screen. Final MASTER dedupe/QA required.				overture:d29d1566-20dd-4a3a-ad11-2083bf9121d1	tgimanagement.com	18434109958	tgi property management and consulting	North Charleston	USA	HIGH	domain:tgimanagement.com
	A	91	Rancho Cordova	USA	Stone Creek Property Management		property_management	11344 Coloma Rd	+19166387916								overture:aca38204-96a9-4baf-9017-c8505f5ecd02	2026-08-15T00:58:09.532345Z		Canonical queue drain | fit A | GitHub MASTER dedupe passed	http://www.stonecreekpm.com	stonecreekpm@gmail.com	https://www.stonecreekpm.com/about		https://www.facebook.com/stonecreekrealty/	https://wa.me/916-638-7916					High	Verified	https://explore.overturemaps.org/#id=aca38204-96a9-4baf-9017-c8505f5ecd02	Public Overture site+email; zero-HTTP V6 cheap-screen. Final MASTER dedupe/QA required.				overture:aca38204-96a9-4baf-9017-c8505f5ecd02	stonecreekpm.com	19166387916	stone creek property management	Rancho Cordova	USA	HIGH	domain:stonecreekpm.com
	A	91	North Charleston	USA	Stallion Property Management		property_management	1455 Remount Rd	+18433769444								overture:cf991a36-ae72-4b15-9794-9e168f4c028a	2026-08-15T00:58:09.532345Z		Canonical queue drain | fit A | GitHub MASTER dedupe passed	http://www.stallionpm.com/	rentals@stallionpm.com	https://stallionpm.com/contact-us/	https://www.instagram.com/stallionpm1/	https://www.facebook.com/Stallionpropertymngmt/						High	Verified	https://explore.overturemaps.org/#id=cf991a36-ae72-4b15-9794-9e168f4c028a; https://stallionpm.com/	Public Overture site+email; zero-HTTP V6 cheap-screen. Final MASTER dedupe/QA required.				overture:cf991a36-ae72-4b15-9794-9e168f4c028a	stallionpm.com	18433769444	stallion property management	North Charleston	USA	HIGH	domain:stallionpm.com
	A	91	Kill Devil Hills	USA	Signature Touch Property Management		property_management	2600 N Croatan Hwy	+12524418857								overture:52dbf547-1853-4392-876a-6547a6a9f100	2026-08-15T00:58:09.532345Z		Canonical queue drain | fit A | GitHub MASTER dedupe passed	http://www.signaturetouchobx.com/	admin@signaturetouchobx.com	https://signaturetouchobx.com/about/		https://www.facebook.com/signaturetouchobx/		https://signaturetouchobx.com/financial-accounting-and-bookkeeping-services/				Medium	Recall-first	https://explore.overturemaps.org/#id=52dbf547-1853-4392-876a-6547a6a9f100	Public Overture site+email; zero-HTTP V6 cheap-screen. Final MASTER dedupe/QA required.				overture:52dbf547-1853-4392-876a-6547a6a9f100	signaturetouchobx.com	12524418857	signature touch property management	Kill Devil Hills	USA	MEDIUM	domain:signaturetouchobx.com
	A	91	Warner Robins	USA	Sentinel Property Management		property_management	1114 GA Highway 96	+14785501595								overture:b7cbefcb-fda5-4214-af01-248a9d321d85	2026-08-15T00:58:09.532345Z		Canonical queue drain | fit A | GitHub MASTER dedupe passed	http://www.sentinelwr.com/	sentinelpmga@gmail.com	https://sentinelwr.com/contact-us-2/		https://www.facebook.com/sentinelpropertymanagement/		https://sentinelwr.com/rental-homes/				High	Verified	https://explore.overturemaps.org/#id=b7cbefcb-fda5-4214-af01-248a9d321d85	Public Overture site+email; zero-HTTP V6 cheap-screen. Final MASTER dedupe/QA required.				overture:b7cbefcb-fda5-4214-af01-248a9d321d85	sentinelwr.com	14785501595	sentinel property management	Warner Robins	USA	HIGH	domain:sentinelwr.com
	A	91	Scottsdale	USA	Scottsdale Property Management		property_management	9259 E Raintree Dr	+16029356539								overture:0e983e8d-274b-403b-8456-57bbeb4960d8	2026-08-15T00:58:09.532345Z		Canonical queue drain | fit A | GitHub MASTER dedupe passed	https://www.scottsdalepropmanagement.com/	scottsdalepropmgmt@gmail.com	https://www.scottsdalepropmanagement.com/about		https://www.facebook.com/scottsdalepropertymgmt/		https://www.scottsdalepropmanagement.com/spm-web-properties				High	Verified	https://explore.overturemaps.org/#id=0e983e8d-274b-403b-8456-57bbeb4960d8	Public Overture site+email; zero-HTTP V6 cheap-screen. Final MASTER dedupe/QA required.				overture:0e983e8d-274b-403b-8456-57bbeb4960d8	scottsdalepropmanagement.com	16029356539	scottsdale property management	Scottsdale	USA	HIGH	domain:scottsdalepropmanagement.com
	A	91	Savannah	USA	Premier Leasing & Property Management		property_management	352 Commercial Dr	+19128981682								overture:cee21823-3a35-43dc-9fd8-5575fce5d900	2026-08-15T00:58:09.532345Z		Canonical queue drain | fit A | GitHub MASTER dedupe passed	http://www.savannah.lease/	info@savannah.lease	https://www.savannah.lease/contact-us		https://www.facebook.com/Premierlease/		https://www.savannah.lease/long-term-rentals				High	Verified	https://explore.overturemaps.org/#id=cee21823-3a35-43dc-9fd8-5575fce5d900	Public Overture site+email; zero-HTTP V6 cheap-screen. Final MASTER dedupe/QA required.				overture:cee21823-3a35-43dc-9fd8-5575fce5d900	savannah.lease	19128981682	premier leasing property management	Savannah	USA	HIGH	domain:savannah.lease
	A	91	Santa Fe	USA	MAEZ Property Management		property_management	1817 Cerros Colorados	+15058190050								overture:39e36fb4-ce91-4383-9d2b-e4b7f0ba6e99	2026-08-15T00:58:09.532345Z		Canonical queue drain | fit A | GitHub MASTER dedupe passed	http://www.santaferentalhomes.com/	info@santaferentalhomes.com	https://www.santaferentalhomes.com/company/about		https://www.facebook.com/MaezandCompanyPropertyManagement/		https://www.santaferentalhomes.com/feed/atom				High	Verified	https://explore.overturemaps.org/#id=39e36fb4-ce91-4383-9d2b-e4b7f0ba6e99	Public Overture site+email; zero-HTTP V6 cheap-screen. Final MASTER dedupe/QA required.				overture:39e36fb4-ce91-4383-9d2b-e4b7f0ba6e99	santaferentalhomes.com	15058190050	maez property management	Santa Fe	USA	HIGH	domain:santaferentalhomes.com
	A	91	Atlanta	USA	Sabra Property Management		property_management	3300 Buckeye Rd	+17702169344								overture:10ef6dbb-7796-4c27-89ad-37765f199078	2026-08-15T00:58:09.532345Z		Canonical queue drain | fit A | GitHub MASTER dedupe passed	http://sabrapropertymgt.com/	spm@sabrapropertymgt.com	https://www.sabrapropertymgt.com/contactus/		https://www.facebook.com/sabrapropertymgt/		https://www.sabrapropertymgt.com/apartments/				Medium	Recall-first	https://explore.overturemaps.org/#id=10ef6dbb-7796-4c27-89ad-37765f199078	Public Overture site+email; zero-HTTP V6 cheap-screen. Final MASTER dedupe/QA required.				overture:10ef6dbb-7796-4c27-89ad-37765f199078	sabrapropertymgt.com	17702169344	sabra property management	Atlanta	USA	MEDIUM	domain:sabrapropertymgt.com
	A	91	Colorado Springs	USA	RS Property Management LLC		property_management	1755 Telstar Dr	+17196615593								overture:fbc937e9-d07d-43a7-a04f-409c194b9b6f	2026-08-15T00:58:09.532345Z		Canonical queue drain | fit A | GitHub MASTER dedupe passed	http://www.RSpropertymgmt.com/	rspropertymgmt@gmail.com	https://www.rspropertymgmt.com/about		https://www.facebook.com/RSPropertyMgmt/		https://www.rspropertymgmt.com/colorado-springs-homes-for-rent				High	Verified	https://explore.overturemaps.org/#id=fbc937e9-d07d-43a7-a04f-409c194b9b6f	Public Overture site+email; zero-HTTP V6 cheap-screen. Final MASTER dedupe/QA required.				overture:fbc937e9-d07d-43a7-a04f-409c194b9b6f	rspropertymgmt.com	17196615593	rs property management llc	Colorado Springs	USA	HIGH	domain:rspropertymgmt.com
	A	91	Savannah	USA	Rendezvous Property Management		property_management	2108 Drayton St	+19125251160								overture:adb15ec0-1e4b-4734-9e64-cc0d134a64d7	2026-08-15T00:58:09.532345Z		Canonical queue drain | fit A | GitHub MASTER dedupe passed	https://rpropmgt.com/	info@rpropmgt.com	https://rpropmgt.com/contact-us	https://www.instagram.com/rendezvouspropertymanagement/	https://www.facebook.com/rendezvouspropsavannah/						High	Verified	https://explore.overturemaps.org/#id=adb15ec0-1e4b-4734-9e64-cc0d134a64d7; https://rpropmgt.com/	Public Overture site+email; zero-HTTP V6 cheap-screen. Final MASTER dedupe/QA required.				overture:adb15ec0-1e4b-4734-9e64-cc0d134a64d7	rpropmgt.com	19125251160	rendezvous property management	Savannah	USA	HIGH	domain:rpropmgt.com
	A	91	Tucson	USA	Real Property Management Rincon		property_management	6380 E Tanque Verde Rd	+15208294500								overture:fc0c8cfb-6f74-48e1-916c-9e2594c56636	2026-08-15T00:58:09.532345Z		Canonical queue drain | fit A | GitHub MASTER dedupe passed	https://www.rpmrincon.com/?cid=LSTL_RPM000183	cjudd@rpmrincon.com	https://www.rpmrincon.com/about-us		https://www.facebook.com/499404473489247/		https://www.rpmrincon.com/search-rentals				High	Verified	https://explore.overturemaps.org/#id=fc0c8cfb-6f74-48e1-916c-9e2594c56636	Public Overture site+email; zero-HTTP V6 cheap-screen. Final MASTER dedupe/QA required.				overture:fc0c8cfb-6f74-48e1-916c-9e2594c56636	rpmrincon.com	15208294500	real property management rincon	Tucson	USA	HIGH	domain:rpmrincon.com
	A	91	Raleigh	USA	Real Property Management Raleigh		property_management	8480 Honeycutt Rd	+19194810008								overture:425b4ff8-7bdb-4ad4-b334-7e50866abdbe	2026-08-15T00:58:09.532345Z		Canonical queue drain | fit A | GitHub MASTER dedupe passed	https://www.rpmraleigh.com/?cid=LSTL_RPM000183	heather@rpmraleigh.com	https://www.rpmraleigh.com/about-us		https://www.facebook.com/pages/Real-Property-Management-Raleigh/382571048478233/		https://www.rpmraleigh.com/rentals				High	Verified	https://explore.overturemaps.org/#id=425b4ff8-7bdb-4ad4-b334-7e50866abdbe	Public Overture site+email; zero-HTTP V6 cheap-screen. Final MASTER dedupe/QA required.				overture:425b4ff8-7bdb-4ad4-b334-7e50866abdbe	rpmraleigh.com	19194810008	real property management raleigh	Raleigh	USA	HIGH	domain:rpmraleigh.com
	A	91	Lawrenceville	USA	Real Property Management of Greater Gwinnett		property_management	440 S Perry St	+16788357255								overture:2aa93d91-696b-4f1c-bd8b-1886f63f34ac	2026-08-15T00:58:09.532345Z		Canonical queue drain | fit A | GitHub MASTER dedupe passed	https://www.rpmgwinnett.com/?cid=LSTL_RPM000183	info@rpmgwinnett.com	https://www.rpmgwinnett.com/about-us	https://www.instagram.com/rpmgreatergwinnett/	https://www.facebook.com/rpmgg/						High	Verified	https://explore.overturemaps.org/#id=2aa93d91-696b-4f1c-bd8b-1886f63f34ac; https://www.rpmgwinnett.com/?cid=LSTL_RPM000183	Public Overture site+email; zero-HTTP V6 cheap-screen. Final MASTER dedupe/QA required.				overture:2aa93d91-696b-4f1c-bd8b-1886f63f34ac	rpmgwinnett.com	16788357255	real property management of greater gwinnett	Lawrenceville	USA	HIGH	domain:rpmgwinnett.com
	A	91	Sugar Hill	USA	Real Property Management Executives Greater Atlanta		property_management	1400 Buford Hwy	+16787658383								overture:5bad9860-9f25-4948-abed-b0278dea931b	2026-08-15T00:58:09.532345Z		Canonical queue drain | fit A | GitHub MASTER dedupe passed	https://www.rpmgreateratlanta.com/?cid=LSTL_RPM000183	bhunter@rpmgreateratlanta.com	https://www.rpmgreateratlanta.com/about-us	https://www.instagram.com/rpmgreateratlanta/	https://www.facebook.com/rpmgreateratlanta/						High	Verified	https://explore.overturemaps.org/#id=5bad9860-9f25-4948-abed-b0278dea931b; https://www.rpmgreateratlanta.com/?cid=LSTL_RPM000183	Public Overture site+email; zero-HTTP V6 cheap-screen. Final MASTER dedupe/QA required.				overture:5bad9860-9f25-4948-abed-b0278dea931b	rpmgreateratlanta.com	16787658383	real property management executives greater atlanta	Sugar Hill	USA	HIGH	domain:rpmgreateratlanta.com
	A	91	Albuquerque	USA	Real Property Management Albuquerque		property_management	306 Isleta Blvd SW	+15058318700								overture:0e8620b8-d271-4fe1-8e16-8df71ecbeb68	2026-08-15T00:58:09.532345Z		Canonical queue drain | fit A | GitHub MASTER dedupe passed	https://www.rpmabq.com/?cid=LSTL_RPM000183	support@rpmabq.com	https://www.rpmabq.com/about-us	https://www.instagram.com/rpm_abq/	https://www.facebook.com/RealPropertyManagementAlbuquerque/						High	Verified	https://explore.overturemaps.org/#id=0e8620b8-d271-4fe1-8e16-8df71ecbeb68; https://www.rpmabq.com/?cid=LSTL_RPM000183	Public Overture site+email; zero-HTTP V6 cheap-screen. Final MASTER dedupe/QA required.				overture:0e8620b8-d271-4fe1-8e16-8df71ecbeb68	rpmabq.com	15058318700	real property management albuquerque	Albuquerque	USA	HIGH	domain:rpmabq.com
	A	91	Millcreek	USA	Romsett Property Management, LLC		property_management	2120 E Greenbriar Way	+18012148488								overture:e018d3c9-2391-4091-b445-61b0e68bd7a9	2026-08-15T00:58:09.532345Z		Canonical queue drain | fit A | GitHub MASTER dedupe passed	http://www.romsett.com/	dustin@romsett.com	https://www.romsett.com/about		https://www.facebook.com/romsettpropertymanagement/		https://www.romsett.com/rentals				High	Verified	https://explore.overturemaps.org/#id=e018d3c9-2391-4091-b445-61b0e68bd7a9	Public Overture site+email; zero-HTTP V6 cheap-screen. Final MASTER dedupe/QA required.				overture:e018d3c9-2391-4091-b445-61b0e68bd7a9	romsett.com	18012148488	romsett property management llc	Millcreek	USA	HIGH	domain:romsett.com
	A	91	Albuquerque	USA	Rhino Realty Property Management		property_management	8429 Washington Pl NE	+15058560033								overture:086d01b7-5b37-4597-8945-17f579b25161	2026-08-15T00:58:09.532345Z		Canonical queue drain | fit A | GitHub MASTER dedupe passed	http://www.rhinorentalsnm.com/	alex@rhinorentalsnm.com	http://www.rhinorentalsnm.com/Contact-Us.html		https://www.facebook.com/RhinoRealtyNM/		http://www.rhinorentalsnm.com/Rentals.html				High	Verified	https://explore.overturemaps.org/#id=086d01b7-5b37-4597-8945-17f579b25161	Public Overture site+email; zero-HTTP V6 cheap-screen. Final MASTER dedupe/QA required.				overture:086d01b7-5b37-4597-8945-17f579b25161	rhinorentalsnm.com	15058560033	rhino realty property management	Albuquerque	USA	HIGH	domain:rhinorentalsnm.com
	A	91	Zebulon	USA	Rent Gents Property Management		property_management	8945 Highway 19 N	+16784082013								overture:23768ef7-9c0e-4158-ad5e-b832ffe6a6d7	2026-08-15T00:58:09.532345Z		Canonical queue drain | fit A | GitHub MASTER dedupe passed	http://Www.rentgents.com/	rentgents@gmail.com	https://www.rentgents.com/company/about		https://www.facebook.com/RentGents/		https://www.rentgents.com/home_rentals				High	Verified	https://explore.overturemaps.org/#id=23768ef7-9c0e-4158-ad5e-b832ffe6a6d7	Public Overture site+email; zero-HTTP V6 cheap-screen. Final MASTER dedupe/QA required.				overture:23768ef7-9c0e-4158-ad5e-b832ffe6a6d7	rentgents.com	16784082013	rent gents property management	Zebulon	USA	HIGH	domain:rentgents.com
	A	91	Johns Creek	USA	PowerHouse Property Management		property_management	9925 Haynes Bridge Rd	+16786369098								overture:0ba064e1-289d-4f18-9476-52c253f4ed06	2026-08-15T00:58:09.532345Z		Canonical queue drain | fit A | GitHub MASTER dedupe passed	http://www.renterspowerhouse.com/	richard@renterspowerhouse.com	https://www.renterspowerhouse.com/about		https://www.facebook.com/RentersPowerHouse/		https://www.renterspowerhouse.com/atlanta-homes-for-rent				High	Verified	https://explore.overturemaps.org/#id=0ba064e1-289d-4f18-9476-52c253f4ed06	Public Overture site+email; zero-HTTP V6 cheap-screen. Final MASTER dedupe/QA required.				overture:0ba064e1-289d-4f18-9476-52c253f4ed06	renterspowerhouse.com	16786369098	powerhouse property management	Johns Creek	USA	HIGH	domain:renterspowerhouse.com
	A	91	Galashiels	United Kingdom	Reiver Property Management		property_management	65 Bank Street	+441896759860								overture:ae17824f-a7c1-4473-be29-ab561f8ade0a	2026-08-15T00:58:09.532345Z		Canonical queue drain | fit A | GitHub MASTER dedupe passed	https://reiverproperty.co.uk/	info@reiverproperty.co.uk	https://reiverproperty.co.uk/contact-us/		https://www.facebook.com/reiverproperty/		https://reiverproperty.co.uk/rentals/				High	Verified	https://explore.overturemaps.org/#id=ae17824f-a7c1-4473-be29-ab561f8ade0a	Public Overture site+email; zero-HTTP V6 cheap-screen. Final MASTER dedupe/QA required.				overture:ae17824f-a7c1-4473-be29-ab561f8ade0a	reiverproperty.co.uk	441896759860	reiver property management	Galashiels	United Kingdom	HIGH	domain:reiverproperty.co.uk
	A	91	Watkinsville	USA	RealtyWerx Property Management		property_management	1751 Meriweather Dr	+17068170642								overture:2418fe07-e4db-466f-bff4-33272e9ee810	2026-08-15T00:58:09.532345Z		Canonical queue drain | fit A | GitHub MASTER dedupe passed	http://realtywerxpm.com/	info@realtywerxpm.com	https://www.realtywerxpm.com/about		https://www.facebook.com/RealtyWerx/		https://www.realtywerxpm.com/athens-homes-for-rent				High	Verified	https://explore.overturemaps.org/#id=2418fe07-e4db-466f-bff4-33272e9ee810	Public Overture site+email; zero-HTTP V6 cheap-screen. Final MASTER dedupe/QA required.				overture:2418fe07-e4db-466f-bff4-33272e9ee810	realtywerxpm.com	17068170642	realtywerx property management	Watkinsville	USA	HIGH	domain:realtywerxpm.com
	A	91	Summerville	USA	Yellow Door Property Management		property_management	700 Nexton Square Dr	+18542734544								overture:5f65946f-8e52-41bb-acad-d5d8bd6ba62e	2026-08-15T00:58:09.532345Z		Canonical queue drain | fit A | GitHub MASTER dedupe passed	http://propertymanagerssc.com/	propmgmt5266@gmail.com	https://propertymanagerssc.com/about	https://www.instagram.com/bluehaven.pmc_charleston/			https://propertymanagerssc.com/long-term-rentals				High	Verified	https://explore.overturemaps.org/#id=5f65946f-8e52-41bb-acad-d5d8bd6ba62e; https://propertymanagerssc.com/	Public Overture site+email; zero-HTTP V6 cheap-screen. Final MASTER dedupe/QA required.				overture:5f65946f-8e52-41bb-acad-d5d8bd6ba62e	propertymanagerssc.com	18542734544	yellow door property management	Summerville	USA	HIGH	domain:propertymanagerssc.com
	A	91	Forsyth	USA	Pounds Property Management		property_management	2506 Boxankle Rd	+16785882723								overture:03342beb-5477-4f1c-9113-99e6c1272ffd	2026-08-15T00:58:09.532345Z		Canonical queue drain | fit A | GitHub MASTER dedupe passed	http://www.poundspm.com/	poundspropertymanagement@gmail.com	https://poundspm.com/contact/	https://www.instagram.com/pounds_property_mgmt/	https://www.facebook.com/poundspropertymanagement/						Medium	Recall-first	https://explore.overturemaps.org/#id=03342beb-5477-4f1c-9113-99e6c1272ffd; https://poundspm.com/	Public Overture site+email; zero-HTTP V6 cheap-screen. Final MASTER dedupe/QA required.				overture:03342beb-5477-4f1c-9113-99e6c1272ffd	poundspm.com	16785882723	pounds property management	Forsyth	USA	MEDIUM	domain:poundspm.com
	A	91	Los Alamos	USA	Plateau Property Management		property_management	3000 Trinity Dr	+15056610211								overture:9fbe3960-9667-4aa8-b33a-9caee20e0caa	2026-08-15T00:58:09.532345Z		Canonical queue drain | fit A | GitHub MASTER dedupe passed	https://plateaupropertymgmt.net/	info@plateaupropertymgmt.net	https://plateaupropertymgmt.net/about/contact		https://www.facebook.com/plateaupropertymgmt/		https://plateaupropertymgmt.net/properties/chapel-apartments				Medium	Recall-first	https://explore.overturemaps.org/#id=9fbe3960-9667-4aa8-b33a-9caee20e0caa	Public Overture site+email; zero-HTTP V6 cheap-screen. Final MASTER dedupe/QA required.				overture:9fbe3960-9667-4aa8-b33a-9caee20e0caa	plateaupropertymgmt.net	15056610211	plateau property management	Los Alamos	USA	MEDIUM	domain:plateaupropertymgmt.net
	A	91	Atlanta	USA	Peach State Property Management Pros		property_management	800 Battery Ave SE	+14047930019								overture:c2cf0c56-458d-42ba-b124-ad37c9ec8052	2026-08-15T00:58:09.532345Z		Canonical queue drain | fit A | GitHub MASTER dedupe passed	http://peachstatepm.com	properties@peachstatepm.com	https://www.peachstatepm.com/contact-us		https://www.facebook.com/PeachStatePMP/		https://www.peachstatepm.com/rentals				High	Verified	https://explore.overturemaps.org/#id=c2cf0c56-458d-42ba-b124-ad37c9ec8052	Public Overture site+email; zero-HTTP V6 cheap-screen. Final MASTER dedupe/QA required.				overture:c2cf0c56-458d-42ba-b124-ad37c9ec8052	peachstatepm.com	14047930019	peach state property management pros	Atlanta	USA	HIGH	domain:peachstatepm.com
	A	91	Salt Lake City	USA	Peaceful Property Management		property_management	222 S Main St	+18017176430								overture:59ae7920-33da-408f-a157-4186eeea3787	2026-08-15T00:58:09.532345Z		Canonical queue drain | fit A | GitHub MASTER dedupe passed	http://peacefulpm.com/	info@peacefulpm.com	https://peacefulpm.com/about/	https://www.instagram.com/peaceful_pm/	https://www.facebook.com/leasewithpeace/						High	Verified	https://explore.overturemaps.org/#id=59ae7920-33da-408f-a157-4186eeea3787; https://peacefulpm.com/	Public Overture site+email; zero-HTTP V6 cheap-screen. Final MASTER dedupe/QA required.				overture:59ae7920-33da-408f-a157-4186eeea3787	peacefulpm.com	18017176430	peaceful property management	Salt Lake City	USA	HIGH	domain:peacefulpm.com
	A	91	Payson	USA	Payson Property Management		property_management	814 N Beeline Hwy	+19284745276								overture:8a363217-12aa-4410-9ec3-19c45c98075e	2026-08-15T00:58:09.532345Z		Canonical queue drain | fit A | GitHub MASTER dedupe passed	https://www.paysonrentals.com/	office@paysonrentals.com	https://www.paysonrentals.com/contact		https://www.facebook.com/paysonrentals/		https://www.paysonrentals.com/vacation-rentals				High	Verified	https://explore.overturemaps.org/#id=8a363217-12aa-4410-9ec3-19c45c98075e	Public Overture site+email; zero-HTTP V6 cheap-screen. Final MASTER dedupe/QA required.				overture:8a363217-12aa-4410-9ec3-19c45c98075e	paysonrentals.com	19284745276	payson property management	Payson	USA	HIGH	domain:paysonrentals.com
	A	91	Brentwood	USA	Parks Property Management		property_management	845 Vernazze Ct	+19255008030								overture:617d5bff-b704-49c3-8198-b91156473bc2	2026-08-15T00:58:09.532345Z		Canonical queue drain | fit A | GitHub MASTER dedupe passed	http://www.ParksPropertyManagement.com/	hello@parkspropertymanagement.com	https://parkspropertymanagement.com/about-us/		https://www.facebook.com/parkspropertymgmt/		https://parkspropertymanagement.com/author/parks-properties/				High	Verified	https://explore.overturemaps.org/#id=617d5bff-b704-49c3-8198-b91156473bc2	Public Overture site+email; zero-HTTP V6 cheap-screen. Final MASTER dedupe/QA required.				overture:617d5bff-b704-49c3-8198-b91156473bc2	parkspropertymanagement.com	19255008030	parks property management	Brentwood	USA	HIGH	domain:parkspropertymanagement.com
	A	91	Fairplay	USA	Park Property Management		property_management	295 5th St	+17198362305								overture:774c7a1f-1d2d-44bf-a535-97890179a4c6	2026-08-15T00:58:09.532345Z		Canonical queue drain | fit A | GitHub MASTER dedupe passed	http://www.parkcountyrentals.com	parkpmco@gmail.com	https://parkcountyrentals.com/real-estate-services/about-us/		https://www.facebook.com/Park-Property-Management-and-Sales-403363553621022/		https://parkcountyrentals.com/listings/vacation-rentals/				High	Verified	https://explore.overturemaps.org/#id=774c7a1f-1d2d-44bf-a535-97890179a4c6	Public Overture site+email; zero-HTTP V6 cheap-screen. Final MASTER dedupe/QA required.				overture:774c7a1f-1d2d-44bf-a535-97890179a4c6	parkcountyrentals.com	17198362305	park property management	Fairplay	USA	HIGH	domain:parkcountyrentals.com
	A	91	Tucson	USA	New Concept Property Management		property_management	7650 E Broadway Blvd	+15205517247								overture:60c1338c-d550-47cf-a571-ad455f5bde75	2026-08-15T00:58:09.532345Z		Canonical queue drain | fit A | GitHub MASTER dedupe passed	https://www.newconceptproperties.com/	dino@newconceptproperties.com	https://newconceptproperties.com/about/		https://www.facebook.com/Property.Koch/		https://newconceptproperties.com/tos/				High	Verified	https://explore.overturemaps.org/#id=60c1338c-d550-47cf-a571-ad455f5bde75	Public Overture site+email; zero-HTTP V6 cheap-screen. Final MASTER dedupe/QA required.				overture:60c1338c-d550-47cf-a571-ad455f5bde75	newconceptproperties.com	15205517247	new concept property management	Tucson	USA	HIGH	domain:newconceptproperties.com
	A	91	Columbia	USA	Success Realty and Property Management		property_management	Elm Abode Terrace	+18034003300								overture:e50f5fad-3f72-4627-86c2-3abdf9ca8dd6	2026-08-15T00:58:09.532345Z		Canonical queue drain | fit A | GitHub MASTER dedupe passed	http://www.mysuccessstartshere.com/	oursuccessstartshere@gmail.com	https://www.mysuccessstartshere.com/Contact-Us.html		https://www.facebook.com/yoursuccessisoursuccess/		https://www.mysuccessstartshere.com/The-Book-Store.html				High	Verified	https://explore.overturemaps.org/#id=e50f5fad-3f72-4627-86c2-3abdf9ca8dd6	Public Overture site+email; zero-HTTP V6 cheap-screen. Final MASTER dedupe/QA required.				overture:e50f5fad-3f72-4627-86c2-3abdf9ca8dd6	mysuccessstartshere.com	18034003300	success realty and property management	Columbia	USA	HIGH	domain:mysuccessstartshere.com
	A	91	Raleigh	USA	Metro Property Management		property_management	1100 Logger Ct	+19192313338								overture:1b9b8859-0603-4e8c-a407-3d55e084584c	2026-08-15T00:58:09.532345Z		Canonical queue drain | fit A | GitHub MASTER dedupe passed	https://www.metro-property.com/	info@metro-property.com	https://www.metro-property.com/about-us		https://www.facebook.com/MetroPropertyManagement/		https://www.metro-property.com/available-rentals				High	Verified	https://explore.overturemaps.org/#id=1b9b8859-0603-4e8c-a407-3d55e084584c	Public Overture site+email; zero-HTTP V6 cheap-screen. Final MASTER dedupe/QA required.				overture:1b9b8859-0603-4e8c-a407-3d55e084584c	metro-property.com	19192313338	metro property management	Raleigh	USA	HIGH	domain:metro-property.com
	A	91	Durham	USA	Weichert Realtors - Mark Thomas Properties Property Management		property_management	3901 University Dr	+19194035315								overture:0189a30d-ab2b-4548-87b7-1ab22079cac1	2026-08-15T00:58:09.532345Z		Canonical queue drain | fit A | GitHub MASTER dedupe passed	http://www.markthomasproperties.com	mthomas@markthomasproperties.com	https://www.markthomasproperties.com/contact.php		https://www.facebook.com/markthomasproperties/		https://www.markthomasproperties.com/index.php?showagency=1				High	Verified	https://explore.overturemaps.org/#id=0189a30d-ab2b-4548-87b7-1ab22079cac1	Public Overture site+email; zero-HTTP V6 cheap-screen. Final MASTER dedupe/QA required.				overture:0189a30d-ab2b-4548-87b7-1ab22079cac1	markthomasproperties.com	19194035315	weichert realtors mark thomas properties property management	Durham	USA	HIGH	domain:markthomasproperties.com
	A	91	North Ogden	USA	Besst Property Management		property_management	2120 Washington Blvd	+18017824111								overture:8a4f6229-672b-4658-af44-5e793af905b4	2026-08-15T00:58:09.532345Z		Canonical queue drain | fit A | GitHub MASTER dedupe passed	http://managewithbrg.com/	austin@managewithbrg.com	https://www.managewithbrg.com/contact/	https://www.instagram.com/besstrealtygroup/	https://www.facebook.com/BesstRealtyGroup/						High	Verified	https://explore.overturemaps.org/#id=8a4f6229-672b-4658-af44-5e793af905b4; https://www.managewithbrg.com/	Public Overture site+email; zero-HTTP V6 cheap-screen. Final MASTER dedupe/QA required.				overture:8a4f6229-672b-4658-af44-5e793af905b4	managewithbrg.com	18017824111	besst property management	North Ogden	USA	HIGH	domain:managewithbrg.com
	A	91	Atlanta	USA	Livingintown Property Management		property_management	1904 Monroe Dr NE	+14046077070								overture:ae081a80-d146-4bbd-b0a6-6619cc37aa29	2026-08-15T00:58:09.532345Z		Canonical queue drain | fit A | GitHub MASTER dedupe passed	https://www.livingintown.com	kdevlin@livingintown.com	https://www.livingintown.com/contact-us/		https://www.facebook.com/LITPropertyServices/		https://www.livingintown.com/atlanta-property-management-rentals/				High	Verified	https://explore.overturemaps.org/#id=ae081a80-d146-4bbd-b0a6-6619cc37aa29	Public Overture site+email; zero-HTTP V6 cheap-screen. Final MASTER dedupe/QA required.				overture:ae081a80-d146-4bbd-b0a6-6619cc37aa29	livingintown.com	14046077070	livingintown property management	Atlanta	USA	HIGH	domain:livingintown.com
	A	91	Modesto	USA	Liberty Property Management		property_management	1120 Scenic Dr	+12095760934								overture:7f1fa683-cf7d-4dce-bb9f-360f99c75607	2026-08-15T00:58:09.532345Z		Canonical queue drain | fit A | GitHub MASTER dedupe passed	http://www.libertypropertymanagement.com/	dwallace@libertypropertymanagement.com	https://www.libertypropertymanagement.com/contact-us/		https://www.facebook.com/LibertyPropertyManagement/		https://www.libertypropertymanagement.com/find-rentals/				High	Verified	https://explore.overturemaps.org/#id=7f1fa683-cf7d-4dce-bb9f-360f99c75607	Public Overture site+email; zero-HTTP V6 cheap-screen. Final MASTER dedupe/QA required.				overture:7f1fa683-cf7d-4dce-bb9f-360f99c75607	libertypropertymanagement.com	12095760934	liberty property management	Modesto	USA	HIGH	domain:libertypropertymanagement.com
	A	91	Phoenix	USA	La Privada Stay - Scottsdale Vacation Rental		holiday_rental_home	6922 E Kathleen Rd	+14805801649								overture:3e080f87-1968-4bfc-aff4-fa08072d3229	2026-08-15T00:58:09.532345Z		Canonical queue drain | fit A | GitHub MASTER dedupe passed	http://LaPrivadaStay.com/	vguerrerojr@gmail.com	https://laprivadastay.com/about-us/	https://www.instagram.com/laprivadastay/	https://www.facebook.com/LaPrivadaStay/						High	Verified	https://explore.overturemaps.org/#id=3e080f87-1968-4bfc-aff4-fa08072d3229; https://laprivadastay.com/	Public Overture site+email; zero-HTTP V6 cheap-screen. Final MASTER dedupe/QA required.				overture:3e080f87-1968-4bfc-aff4-fa08072d3229	laprivadastay.com	14805801649	la privada stay scottsdale vacation rental	Phoenix	USA	HIGH	domain:laprivadastay.com
	A	91	Tracy	USA	J. Johnson Property Management		property_management	70 W 10th St	+12098369620								overture:0014374c-02b4-4d8f-a010-e7f770f42df3	2026-08-15T00:58:09.532345Z		Canonical queue drain | fit A | GitHub MASTER dedupe passed	http://www.jjpm.net	info@jjpm.net	https://www.jjpm.net/about	https://www.instagram.com/jjohnsonpropertymanagement/			https://www.jjpm.net/tracy-homes-for-rent				High	Verified	https://explore.overturemaps.org/#id=0014374c-02b4-4d8f-a010-e7f770f42df3; https://www.jjpm.net/	Public Overture site+email; zero-HTTP V6 cheap-screen. Final MASTER dedupe/QA required.				overture:0014374c-02b4-4d8f-a010-e7f770f42df3	jjpm.net	12098369620	j johnson property management	Tracy	USA	HIGH	domain:jjpm.net
	A	91	Rocklin	USA	IRent Property Management		property_management	5800 Stanford Ranch Rd	+18884060915								overture:fdd12519-094c-493d-9b96-ad36d0437a93	2026-08-15T00:58:09.532345Z		Canonical queue drain | fit A | GitHub MASTER dedupe passed	http://www.irentnorcal.com/	chloe@irentnorcal.com	http://irentnorcal.com/about-us		https://www.facebook.com/pages/IRent-Property-Management/190591644319254/		http://irentnorcal.com/category/all-rentals				High	Verified	https://explore.overturemaps.org/#id=fdd12519-094c-493d-9b96-ad36d0437a93	Public Overture site+email; zero-HTTP V6 cheap-screen. Final MASTER dedupe/QA required.				overture:fdd12519-094c-493d-9b96-ad36d0437a93	irentnorcal.com	18884060915	irent property management	Rocklin	USA	HIGH	domain:irentnorcal.com
	A	91	Casa Grande	USA	Integrity Plus Property Management		property_management	2250 N Pinal Ave	+15204230722								overture:78f7da99-06ef-4b0a-9667-a2f4901529ad	2026-08-15T00:58:09.532345Z		Canonical queue drain | fit A | GitHub MASTER dedupe passed	http://integritypluspm.com/	michelle@integritypluspm.com	https://www.integritypluspm.com/about-us		https://www.facebook.com/integritypluspmaz/		https://www.integritypluspm.com/rentals				High	Verified	https://explore.overturemaps.org/#id=78f7da99-06ef-4b0a-9667-a2f4901529ad	Public Overture site+email; zero-HTTP V6 cheap-screen. Final MASTER dedupe/QA required.				overture:78f7da99-06ef-4b0a-9667-a2f4901529ad	integritypluspm.com	15204230722	integrity plus property management	Casa Grande	USA	HIGH	domain:integritypluspm.com
	A	91	Flowery Branch	USA	Host Property Management		property_management	7004 Lake Sterling Blvd	+18774054678								overture:b0333040-a132-4263-87dc-17997b3cab1f	2026-08-15T00:58:09.532345Z		Canonical queue drain | fit A | GitHub MASTER dedupe passed	http://www.HostPropertyManagement.com/	info@hostpropertymanagement.com	https://www.hostpropertymanagement.com/about	https://www.instagram.com/hosthomesatlanta/	https://www.facebook.com/hostpropertymanagement/						High	Verified	https://explore.overturemaps.org/#id=b0333040-a132-4263-87dc-17997b3cab1f; https://www.hostpropertymanagement.com/	Public Overture site+email; zero-HTTP V6 cheap-screen. Final MASTER dedupe/QA required.				overture:b0333040-a132-4263-87dc-17997b3cab1f	hostpropertymanagement.com	18774054678	host property management	Flowery Branch	USA	HIGH	domain:hostpropertymanagement.com
	A	91	Modesto	USA	Five Star Property Management		property_management	2132 Wylie Dr	+12095449000								overture:79b54e7b-56fd-404d-a7da-50d5576a5226	2026-08-15T00:58:09.532345Z		Canonical queue drain | fit A | GitHub MASTER dedupe passed	http://www.HomesbyFiveStar.com/	info@homesbyfivestar.com	https://www.homesbyfivestar.com/about-us	https://www.instagram.com/five_star_pm/	https://www.facebook.com/FiveStarPropertyMgmtModesto/						High	Verified	https://explore.overturemaps.org/#id=79b54e7b-56fd-404d-a7da-50d5576a5226; https://www.homesbyfivestar.com/	Public Overture site+email; zero-HTTP V6 cheap-screen. Final MASTER dedupe/QA required.				overture:79b54e7b-56fd-404d-a7da-50d5576a5226	homesbyfivestar.com	12095449000	five star property management	Modesto	USA	HIGH	domain:homesbyfivestar.com
	A	91	Atlanta	USA	Heritage Property Management Services		property_management	500 Sugar Mill Rd	+17704518171								overture:d1d08dcf-18fc-464d-879c-5dd4b3d17d74	2026-08-15T00:58:09.532345Z		Canonical queue drain | fit A | GitHub MASTER dedupe passed	https://www.heritageproperty.com/	contact@heritageproperty.com	https://www.heritageproperty.com/about		https://www.facebook.com/HeritagePropertyAtlanta/		https://www.heritageproperty.com/universal/svg/social-accounts.svg				Medium	Recall-first	https://explore.overturemaps.org/#id=d1d08dcf-18fc-464d-879c-5dd4b3d17d74	Public Overture site+email; zero-HTTP V6 cheap-screen. Final MASTER dedupe/QA required.				overture:d1d08dcf-18fc-464d-879c-5dd4b3d17d74	heritageproperty.com	17704518171	heritage property management services	Atlanta	USA	MEDIUM	domain:heritageproperty.com
	A	91	Tucson	USA	Grindstone Property Management		property_management	934 W Grant Rd	+15208380562								overture:91e0dda4-471a-499a-903a-a5b694e760b0	2026-08-15T00:58:09.532345Z		Canonical queue drain | fit A | GitHub MASTER dedupe passed	http://www.Grindstonemgmt.com/	admin@grindstonemgmt.com	https://www.grindstonemgmt.com/about-us		https://www.facebook.com/Grindstonemgmt/		https://www.grindstonemgmt.com/featured-properties				High	Verified	https://explore.overturemaps.org/#id=91e0dda4-471a-499a-903a-a5b694e760b0	Public Overture site+email; zero-HTTP V6 cheap-screen. Final MASTER dedupe/QA required.				overture:91e0dda4-471a-499a-903a-a5b694e760b0	grindstonemgmt.com	15208380562	grindstone property management	Tucson	USA	HIGH	domain:grindstonemgmt.com
	A	91	Albuquerque	USA	Green Light Property Management		property_management	6751 Academy Rd NE	+15059771977								overture:d44f9359-7ac3-4533-8375-b7d2203938b8	2026-08-15T00:58:09.532345Z		Canonical queue drain | fit A | GitHub MASTER dedupe passed	http://www.greenlightpropertymanagementnm.com/	greenlightpropertymanagementnm@gmail.com	https://greenlightpropertymanagementnm.com/about-us-1	https://www.instagram.com/greenlightpropertymanagementnm/	https://www.facebook.com/GLPMNM/						Medium	Recall-first	https://explore.overturemaps.org/#id=d44f9359-7ac3-4533-8375-b7d2203938b8; https://greenlightpropertymanagementnm.com/	Public Overture site+email; zero-HTTP V6 cheap-screen. Final MASTER dedupe/QA required.				overture:d44f9359-7ac3-4533-8375-b7d2203938b8	greenlightpropertymanagementnm.com	15059771977	green light property management	Albuquerque	USA	MEDIUM	domain:greenlightpropertymanagementnm.com
	A	91	Corolla	USA	Go Your Own Wave Vacation Home		holiday_rental_home	892 Corolla Dr	+12522269550								overture:d8f73001-d5e3-449d-b886-5a46be9c1b3a	2026-08-15T00:58:09.532345Z		Canonical queue drain | fit A | GitHub MASTER dedupe passed	https://www.goyourownwave.com/	info@goyourownwave.com		https://www.instagram.com/goyourownwavecorollaobx/	https://www.facebook.com/goyourownwavecorollaobx/		https://www.goyourownwave.com/booknow				High	Verified	https://explore.overturemaps.org/#id=d8f73001-d5e3-449d-b886-5a46be9c1b3a; https://www.goyourownwave.com/	Public Overture site+email; zero-HTTP V6 cheap-screen. Final MASTER dedupe/QA required.				overture:d8f73001-d5e3-449d-b886-5a46be9c1b3a	goyourownwave.com	12522269550	go your own wave vacation home	Corolla	USA	HIGH	domain:goyourownwave.com
	A	91	Goldsboro	USA	Executive Property Management		property_management	507 N Spence Ave	+19197787555								overture:a4614124-8423-499a-9d7d-11f82335fbfd	2026-08-15T00:58:09.532345Z		Canonical queue drain | fit A | GitHub MASTER dedupe passed	https://www.goldsbororentalhomes.com/	goldsbororentalhomes@gmail.com	https://www.goldsbororentalhomes.com/about-us		https://www.facebook.com/GoldsboroRentalHomes/		https://www.goldsbororentalhomes.com/feed/atom				High	Verified	https://explore.overturemaps.org/#id=a4614124-8423-499a-9d7d-11f82335fbfd	Public Overture site+email; zero-HTTP V6 cheap-screen. Final MASTER dedupe/QA required.				overture:a4614124-8423-499a-9d7d-11f82335fbfd	goldsbororentalhomes.com	19197787555	executive property management	Goldsboro	USA	HIGH	domain:goldsbororentalhomes.com
	A	91	Gilbert	USA	Get MULTIfamily Property Management		property_management	3317 S Higley Rd	+14807957938								overture:97b091b5-7543-42b1-a475-75ef94cb23eb	2026-08-15T00:58:09.532345Z		Canonical queue drain | fit A | GitHub MASTER dedupe passed	http://getMULTIfamilyPM.com/	rent@getmultifamilypm.com	https://getmultifamilypm.com/about-us	https://www.instagram.com/patrickosullivanccim/	https://www.facebook.com/getMULTIfamilyPM/						High	Verified	https://explore.overturemaps.org/#id=97b091b5-7543-42b1-a475-75ef94cb23eb; https://getmultifamilypm.com/	Public Overture site+email; zero-HTTP V6 cheap-screen. Final MASTER dedupe/QA required.				overture:97b091b5-7543-42b1-a475-75ef94cb23eb	getmultifamilypm.com	14807957938	get multifamily property management	Gilbert	USA	HIGH	domain:getmultifamilypm.com
	A	91	Warner Robins	USA	Fickling and Company Residential Property Management		property_management	151 S Houston Lake Rd	+14783336472								overture:4ad80b5c-fcac-4e40-9cdd-4fbc17fa8e57	2026-08-15T00:58:09.532345Z		Canonical queue drain | fit A | GitHub MASTER dedupe passed	https://www.fickling.com/rental/residential_property_management.html	rentals@fickling.com	https://www.fickling.com/about-us.html		https://www.facebook.com/ficklingandco/		https://www.fickling.com/just-listed-homes.html				High	Verified	https://explore.overturemaps.org/#id=4ad80b5c-fcac-4e40-9cdd-4fbc17fa8e57	Public Overture site+email; zero-HTTP V6 cheap-screen. Final MASTER dedupe/QA required.				overture:4ad80b5c-fcac-4e40-9cdd-4fbc17fa8e57	fickling.com	14783336472	fickling and company residential property management	Warner Robins	USA	HIGH	domain:fickling.com
	A	91	Atwater	USA	Executives Property Management		property_management	400 Bellevue Rd	+12093587000								overture:3dfd951a-bc40-4a0b-9aba-e33d7f038faa	2026-08-15T00:58:09.532345Z		Canonical queue drain | fit A | GitHub MASTER dedupe passed	http://executivepmrentals.com/	executivepmrentals@gmail.com	https://www.executivepmrentals.com/about-us		https://www.facebook.com/pages/Executives-Property-Management/799771603471541/		https://www.executivepmrentals.com/feed/atom				High	Verified	https://explore.overturemaps.org/#id=3dfd951a-bc40-4a0b-9aba-e33d7f038faa	Public Overture site+email; zero-HTTP V6 cheap-screen. Final MASTER dedupe/QA required.				overture:3dfd951a-bc40-4a0b-9aba-e33d7f038faa	executivepmrentals.com	12093587000	executives property management	Atwater	USA	HIGH	domain:executivepmrentals.com
	A	91	Elizabeth City	USA	Dogwood Property Management		property_management	207 N Poindexter St	+12523408392								overture:9bbaf20a-c9b2-4479-87fc-e7d91d877501	2026-08-15T00:58:09.532345Z		Canonical queue drain | fit A | GitHub MASTER dedupe passed	http://www.dogwoodpm.com/	info@dogwoodpm.com	https://www.dogwoodpm.com/contact_us	https://www.instagram.com/dogwoodpm/	https://www.facebook.com/dogwoodpm/						High	Verified	https://explore.overturemaps.org/#id=9bbaf20a-c9b2-4479-87fc-e7d91d877501; https://www.dogwoodpm.com/	Public Overture site+email; zero-HTTP V6 cheap-screen. Final MASTER dedupe/QA required.				overture:9bbaf20a-c9b2-4479-87fc-e7d91d877501	dogwoodpm.com	12523408392	dogwood property management	Elizabeth City	USA	HIGH	domain:dogwoodpm.com
	A	91	Mesa	USA	Denman Realty & Property Management		property_management	1555 E University Dr	+14808341525								overture:d15e8636-c16f-4e7b-8703-131874eadf39	2026-08-15T00:58:09.532345Z		Canonical queue drain | fit A | GitHub MASTER dedupe passed	http://www.denmanrealty.com	info@denmanrealty.com	https://www.denmanrealty.com/about		https://www.facebook.com/pages/Denman-Realty-Property-Management/1402620413313566/		https://www.denmanrealty.com/homes-for-sale				High	Verified	https://explore.overturemaps.org/#id=d15e8636-c16f-4e7b-8703-131874eadf39	Public Overture site+email; zero-HTTP V6 cheap-screen. Final MASTER dedupe/QA required.				overture:d15e8636-c16f-4e7b-8703-131874eadf39	denmanrealty.com	14808341525	denman realty property management	Mesa	USA	HIGH	domain:denmanrealty.com
	A	91	Turlock	USA	Central Valley Property Management		property_management	433 E Main St	+12096672800								overture:f7802477-27da-43c1-a68a-2d71da1d8cae	2026-08-15T00:58:09.532345Z		Canonical queue drain | fit A | GitHub MASTER dedupe passed	http://www.cvpm.com/	ryan@cvpm.com	https://www.cvpm.com/Home/AboutUs		https://www.facebook.com/Central-Valley-Property-Management-Inc-1475613316040327/		https://www.cvpm.com/Home/Properties				High	Verified	https://explore.overturemaps.org/#id=f7802477-27da-43c1-a68a-2d71da1d8cae	Public Overture site+email; zero-HTTP V6 cheap-screen. Final MASTER dedupe/QA required.				overture:f7802477-27da-43c1-a68a-2d71da1d8cae	cvpm.com	12096672800	central valley property management	Turlock	USA	HIGH	domain:cvpm.com
	A	91	La Veta	USA	Cuchara Cabin and Condo Rentals		holiday_rental_home	50 Cuchara Ave E	+17197423340								overture:1bd2abf7-ec6c-4856-b118-b02d6d7a472b	2026-08-15T00:58:09.532345Z		Canonical queue drain | fit A | GitHub MASTER dedupe passed	http://www.cucharacabinsandcondos.com/	emiracleworker@gmail.com	https://www.cucharacabinsandcondos.com/aboutus.html		https://www.facebook.com/Cuchara-Cabin-and-Condo-Rentals-189429400315/		https://www.cucharacabinsandcondos.com/cabins.html				High	Verified	https://explore.overturemaps.org/#id=1bd2abf7-ec6c-4856-b118-b02d6d7a472b	Public Overture site+email; zero-HTTP V6 cheap-screen. Final MASTER dedupe/QA required.				overture:1bd2abf7-ec6c-4856-b118-b02d6d7a472b	cucharacabinsandcondos.com	17197423340	cuchara cabin and condo rentals	La Veta	USA	HIGH	domain:cucharacabinsandcondos.com
	A	91	Aiken	USA	Concierge Property Management Group		property_management	120 Laurens St SW	+18037617788								overture:07ab7ec8-a789-4a5a-b38c-11be816affda	2026-08-15T00:58:09.532345Z		Canonical queue drain | fit A | GitHub MASTER dedupe passed	https://www.conciergepmgroup.com/	admin@conciergepmgroup.com		https://www.instagram.com/conciergepmg/	https://www.facebook.com/conciergepmgroup/		https://www.conciergepmgroup.com/available-properties				Medium	Recall-first	https://explore.overturemaps.org/#id=07ab7ec8-a789-4a5a-b38c-11be816affda; https://www.conciergepmgroup.com/	Public Overture site+email; zero-HTTP V6 cheap-screen. Final MASTER dedupe/QA required.				overture:07ab7ec8-a789-4a5a-b38c-11be816affda	conciergepmgroup.com	18037617788	concierge property management group	Aiken	USA	MEDIUM	domain:conciergepmgroup.com
	A	91	Stockton	USA	Community One Property Management		property_management	241 Frank West Cir	+18003418940								overture:b8e00ca4-1fcb-46d2-a42b-4c4b37f225e9	2026-08-15T00:58:09.532345Z		Canonical queue drain | fit A | GitHub MASTER dedupe passed	http://www.communityonepm.com/	info@communityonepm.com	https://communityonepm.com/contact-us	https://www.instagram.com/communityonepm/	https://www.facebook.com/communityonepm/						High	Verified	https://explore.overturemaps.org/#id=b8e00ca4-1fcb-46d2-a42b-4c4b37f225e9; https://communityonepm.com/	Public Overture site+email; zero-HTTP V6 cheap-screen. Final MASTER dedupe/QA required.				overture:b8e00ca4-1fcb-46d2-a42b-4c4b37f225e9	communityonepm.com	18003418940	community one property management	Stockton	USA	HIGH	domain:communityonepm.com
	A	91	Columbia	USA	Columbia Property Management		property_management	2712 Middleburg Dr	+18039310044								overture:34168683-d978-4716-a2f2-3709d6906353	2026-08-15T00:58:09.532345Z		Canonical queue drain | fit A | GitHub MASTER dedupe passed	https://www.colapro.com/	inquiries@colapro.com	https://colapro.com/about.php	https://www.instagram.com/colaprosc/	https://www.facebook.com/profile.php/						High	Verified	https://explore.overturemaps.org/#id=34168683-d978-4716-a2f2-3709d6906353; https://colapro.com/	Public Overture site+email; zero-HTTP V6 cheap-screen. Final MASTER dedupe/QA required.				overture:34168683-d978-4716-a2f2-3709d6906353	colapro.com	18039310044	columbia property management	Columbia	USA	HIGH	domain:colapro.com
	A	91	Mesa	USA	Clear Property Management		property_management	2812 N Norwalk	+16026221508								overture:7c2b1892-d88d-4111-bf6a-b83c8c72a472	2026-08-15T00:58:09.532345Z		Canonical queue drain | fit A | GitHub MASTER dedupe passed	http://clearpropm.com/	paul@clearpropm.com	https://www.clearpropm.com/about	https://www.instagram.com/pcjohnson32/	https://www.facebook.com/clearpropm/						High	Verified	https://explore.overturemaps.org/#id=7c2b1892-d88d-4111-bf6a-b83c8c72a472	Public Overture site+email; zero-HTTP V6 cheap-screen. Final MASTER dedupe/QA required.				overture:7c2b1892-d88d-4111-bf6a-b83c8c72a472	clearpropm.com	16026221508	clear property management	Mesa	USA	HIGH	domain:clearpropm.com
	A	91	Salinas	USA	Cal Property Management		property_management	11 Harvest St	+18317571208								overture:4d25e664-5dd4-4d6e-837a-9b776f83ad6f	2026-08-15T00:58:09.532345Z		Canonical queue drain | fit A | GitHub MASTER dedupe passed	http://calpropertymanagement.com/	carrie@calpropertymanagement.com	https://www.calpropertymanagement.com/about-us	https://www.instagram.com/calpropertymanagement/	https://www.facebook.com/calpropertymanagement/						High	Verified	https://explore.overturemaps.org/#id=4d25e664-5dd4-4d6e-837a-9b776f83ad6f; https://www.calpropertymanagement.com/	Public Overture site+email; zero-HTTP V6 cheap-screen. Final MASTER dedupe/QA required.				overture:4d25e664-5dd4-4d6e-837a-9b776f83ad6f	calpropertymanagement.com	18317571208	cal property management	Salinas	USA	HIGH	domain:calpropertymanagement.com
	A	91	Park City	USA	Blooming Property Management		property_management	1647 Short Line Rd	+14356496583								overture:fbcf6810-1eb2-4a0d-9b32-9412f3d0daba	2026-08-15T00:58:09.532345Z		Canonical queue drain | fit A | GitHub MASTER dedupe passed	http://www.bloomingpc.com	mike@bloomingpc.com		https://www.instagram.com/blooming_property_management/	https://www.facebook.com/bloomingpc/		https://www.bloomingpc.com/short-term-rentals				High	Verified	https://explore.overturemaps.org/#id=fbcf6810-1eb2-4a0d-9b32-9412f3d0daba; https://www.bloomingpc.com/	Public Overture site+email; zero-HTTP V6 cheap-screen. Final MASTER dedupe/QA required.				overture:fbcf6810-1eb2-4a0d-9b32-9412f3d0daba	bloomingpc.com	14356496583	blooming property management	Park City	USA	HIGH	domain:bloomingpc.com
	A	91	Brentwood	USA	Best Property Management		property_management	200 Sand Creek Rd	+19253922411								overture:cead95ec-1607-406c-8768-5df4148ea26b	2026-08-15T00:58:09.532345Z		Canonical queue drain | fit A | GitHub MASTER dedupe passed	http://www.BestProperty4u.com/	dustin@bestproperty4u.com	https://www.bestproperty4u.com/about-us/	https://www.instagram.com/bestpropertymanagement/	https://www.facebook.com/bestpropertymgmt/						High	Verified	https://explore.overturemaps.org/#id=cead95ec-1607-406c-8768-5df4148ea26b; https://www.bestproperty4u.com/	Public Overture site+email; zero-HTTP V6 cheap-screen. Final MASTER dedupe/QA required.				overture:cead95ec-1607-406c-8768-5df4148ea26b	bestproperty4u.com	19253922411	best property management	Brentwood	USA	HIGH	domain:bestproperty4u.com
	A	91	Hilton Head Island	USA	Claudia Peragine Vacation Rental		holiday_rental_home	113 Shipyard Dr	+12012141582								overture:4616da56-a753-49f8-9d06-6207c48f833d	2026-08-15T00:58:09.532345Z		Canonical queue drain | fit A | GitHub MASTER dedupe passed	https://www.BeachToLinks.com/	cp9293@aol.com	https://www.BeachToLinks.com/contact-573927755		https://www.facebook.com/HiltonHeadIslandVilla/		https://www.BeachToLinks.com/book				High	Verified	https://explore.overturemaps.org/#id=4616da56-a753-49f8-9d06-6207c48f833d	Public Overture site+email; zero-HTTP V6 cheap-screen. Final MASTER dedupe/QA required.				overture:4616da56-a753-49f8-9d06-6207c48f833d	beachtolinks.com	12012141582	claudia peragine vacation rental	Hilton Head Island	USA	HIGH	domain:beachtolinks.com
	A	91	Southern Shores	USA	King BEEch, OBX Vacation Rental Home		holiday_rental_home	175 Duck Rd									overture:b73e7813-e34c-49cd-8181-3b3547f021ae	2026-08-15T00:58:09.532345Z		Canonical queue drain | fit A | GitHub MASTER dedupe passed	https://www.beachrealtync.com/outer-banks-rentals/king-beech	kingbeech@gmail.com	https://www.beachrealtync.com/about-us	https://www.instagram.com/beachrealtync/	https://www.facebook.com/beachrealtync/		https://www.beachrealtync.com/vacation-rentals/glossary				High	Verified	https://explore.overturemaps.org/#id=b73e7813-e34c-49cd-8181-3b3547f021ae; https://www.beachrealtync.com/outer-banks-rentals/king-beech	Public Overture site+email; zero-HTTP V6 cheap-screen. Final MASTER dedupe/QA required.				overture:b73e7813-e34c-49cd-8181-3b3547f021ae	beachrealtync.com		king beech obx vacation rental home	Southern Shores	USA	HIGH	domain:beachrealtync.com
	A	91	Hilton Head Island	USA	BeachBum Property Management		property_management	4 Roma Ct	+18432474814								overture:98611ce8-ac7c-400e-b0cd-dcb3eff60938	2026-08-15T00:58:09.532345Z		Canonical queue drain | fit A | GitHub MASTER dedupe passed	http://www.beachbum-rentals.com	jb@beachbum-rentals.com	https://www.beachbum-rentals.com/about		https://www.facebook.com/beachbumrentals/		https://www.beachbum-rentals.com/vacation-rentals				High	Verified	https://explore.overturemaps.org/#id=98611ce8-ac7c-400e-b0cd-dcb3eff60938	Public Overture site+email; zero-HTTP V6 cheap-screen. Final MASTER dedupe/QA required.				overture:98611ce8-ac7c-400e-b0cd-dcb3eff60938	beachbum-rentals.com	18432474814	beachbum property management	Hilton Head Island	USA	HIGH	domain:beachbum-rentals.com
	A	91	Lehi	USA	Banner Property Management		property_management	3300 N Triumph Blvd	+18019801429								overture:cf08027a-318a-4dbb-9f1c-03c35dd0605d	2026-08-15T00:58:09.532345Z		Canonical queue drain | fit A | GitHub MASTER dedupe passed	https://bannerpropertymgmt.com/	info@bannerpropertymgmt.com	https://bannerpropertymgmt.com/contact		https://www.facebook.com/Bannerpropertymgmt/		https://bannerpropertymgmt.com/available-properties				High	Verified	https://explore.overturemaps.org/#id=cf08027a-318a-4dbb-9f1c-03c35dd0605d	Public Overture site+email; zero-HTTP V6 cheap-screen. Final MASTER dedupe/QA required.				overture:cf08027a-318a-4dbb-9f1c-03c35dd0605d	bannerpropertymgmt.com	18019801429	banner property management	Lehi	USA	HIGH	domain:bannerpropertymgmt.com
	A	91	Oakley	USA	A. Meadows Property Management		property_management	3373 Main St	+19256257975								overture:26c788b5-5afe-4806-863f-7cd4f2e19ecb	2026-08-15T00:58:09.532345Z		Canonical queue drain | fit A | GitHub MASTER dedupe passed	http://www.ameadowspm.com/	info@ameadowspm.com	https://www.ameadowspm.com/About.aspx		https://www.facebook.com/ameadowspropertymanagement/		https://www.ameadowspm.com/Properties.aspx				Medium	Recall-first	https://explore.overturemaps.org/#id=26c788b5-5afe-4806-863f-7cd4f2e19ecb	Public Overture site+email; zero-HTTP V6 cheap-screen. Final MASTER dedupe/QA required.				overture:26c788b5-5afe-4806-863f-7cd4f2e19ecb	ameadowspm.com	19256257975	a meadows property management	Oakley	USA	MEDIUM	domain:ameadowspm.com
	A	91	McDonough	USA	Advantage Property Management		property_management	4295 Jodeco Rd	+16786048500								overture:4c3ce42c-0939-47fa-831c-932191c204b3	2026-08-15T00:58:09.532345Z		Canonical queue drain | fit A | GitHub MASTER dedupe passed	http://www.advantage4rent.com/	jon@advantage4rent.com	https://www.advantage4rent.com/about		https://www.facebook.com/Advantage4rent/		https://www.advantage4rent.com/mcdonough-homes-for-rent				High	Verified	https://explore.overturemaps.org/#id=4c3ce42c-0939-47fa-831c-932191c204b3	Public Overture site+email; zero-HTTP V6 cheap-screen. Final MASTER dedupe/QA required.				overture:4c3ce42c-0939-47fa-831c-932191c204b3	advantage4rent.com	16786048500	advantage property management	McDonough	USA	HIGH	domain:advantage4rent.com
	A	91	Modesto	USA	Access Property Management		property_management	1165 Scenic Dr	+12095792373								overture:555b7e60-b4b6-4206-9189-8786c47ac7dd	2026-08-15T00:58:09.532345Z		Canonical queue drain | fit A | GitHub MASTER dedupe passed	http://www.accesspmca.com/	rent@accesspmca.com	https://www.accesspmca.com/about-us		https://www.facebook.com/AccessPropertyManagementModesto/		https://www.accesspmca.com/properties				High	Verified	https://explore.overturemaps.org/#id=555b7e60-b4b6-4206-9189-8786c47ac7dd	Public Overture site+email; zero-HTTP V6 cheap-screen. Final MASTER dedupe/QA required.				overture:555b7e60-b4b6-4206-9189-8786c47ac7dd	accesspmca.com	12095792373	access property management	Modesto	USA	HIGH	domain:accesspmca.com
	A	91	Wood Buffalo	Canada	Jessie Wyatt- Coldwell Banker Property Management		property_management	9905 Sutherland St	+15872760444								overture:8fdb23a5-60e8-42e1-8224-16a23a557704	2026-08-15T00:58:09.532345Z		Canonical queue drain | fit A | GitHub MASTER dedupe passed	http://www.ymmpropertyrentals.ca/	admin@ymmpropertyrentals.ca	https://www.ymmpropertyrentals.ca/about		https://www.facebook.com/profile.php/		https://www.ymmpropertyrentals.ca/fort-mcmurray-homes-for-rent				High	Verified	https://explore.overturemaps.org/#id=8fdb23a5-60e8-42e1-8224-16a23a557704	Public Overture site+email; zero-HTTP V6 cheap-screen. Final MASTER dedupe/QA required.				overture:8fdb23a5-60e8-42e1-8224-16a23a557704	ymmpropertyrentals.ca	15872760444	jessie wyatt coldwell banker property management	Wood Buffalo	Canada	HIGH	domain:ymmpropertyrentals.ca
	A	91	Victoria	USA	Tucker Property Management		property_management	125 Sherwood Dr	+13615503937								overture:a3a2c816-b923-4c0a-a3ce-a55434dcbfc2	2026-08-15T00:58:09.532345Z		Canonical queue drain | fit A | GitHub MASTER dedupe passed	http://www.tuckerpm.com/	tom@tuckerpm.com	https://tuckerpm.com/about-us/		https://www.facebook.com/tuckerpropertymanagement/		https://tuckerpm.com/our-townhomes/				High	Verified	https://explore.overturemaps.org/#id=a3a2c816-b923-4c0a-a3ce-a55434dcbfc2	Public Overture site+email; zero-HTTP V6 cheap-screen. Final MASTER dedupe/QA required.				overture:a3a2c816-b923-4c0a-a3ce-a55434dcbfc2	tuckerpm.com	13615503937	tucker property management	Victoria	USA	HIGH	domain:tuckerpm.com
	A	91	Surfside Beach	USA	Heavenly Views Beach Rentals		holiday_rental_home	123 Carlton Rd	+12817328800								overture:91dcea97-242a-4ace-aee0-ef5a172fbb42	2026-08-15T00:58:09.532345Z		Canonical queue drain | fit A | GitHub MASTER dedupe passed	https://theheavenlyviews.com/	masterzuhair@yahoo.com	https://www.theheavenlyviews.com/about	https://www.instagram.com/heavenlyviewstx/	https://www.facebook.com/heavenlyviews1/						High	Verified	https://explore.overturemaps.org/#id=91dcea97-242a-4ace-aee0-ef5a172fbb42; https://www.theheavenlyviews.com/	Public Overture site+email; zero-HTTP V6 cheap-screen. Final MASTER dedupe/QA required.				overture:91dcea97-242a-4ace-aee0-ef5a172fbb42	theheavenlyviews.com	12817328800	heavenly views beach rentals	Surfside Beach	USA	HIGH	domain:theheavenlyviews.com
	A	91	Grande Prairie	Canada	Real Canadian Property Management Solutions		property_management	11731 105 St	+17805324900								overture:f0c02dff-0fe9-48ff-afd5-178240f7ee32	2026-08-15T00:58:09.532345Z		Canonical queue drain | fit A | GitHub MASTER dedupe passed	http://www.suttonpm.com/	solutions@suttonpm.com	https://www.suttonpm.com/about-us		https://www.facebook.com/rcpmsolutions/		https://www.suttonpm.com/rentals				High	Verified	https://explore.overturemaps.org/#id=f0c02dff-0fe9-48ff-afd5-178240f7ee32	Public Overture site+email; zero-HTTP V6 cheap-screen. Final MASTER dedupe/QA required.				overture:f0c02dff-0fe9-48ff-afd5-178240f7ee32	suttonpm.com	17805324900	real canadian property management solutions	Grande Prairie	Canada	HIGH	domain:suttonpm.com
	A	91	Columbia Falls	Canada	Reclusive Moose Cabin Rentals		cabin	4850 Blankenship Rd	+14062501576								overture:02cae280-3cb6-490a-8632-d4a4f75211eb	2026-08-15T00:58:09.532345Z		Canonical queue drain | fit A | GitHub MASTER dedupe passed	http://www.reclusivemoosecabins.com/	info@reclusivemoosecabins.com	https://reclusivemoosecabins.com/gnp-vehicle-reservations/		https://www.facebook.com/ReclusiveMooseCabins/		https://reclusivemoosecabins.com/wp-content/plugins/wp-hotel-booking/assets/css/libraries.css?ver=6.5.5				High	Verified	https://explore.overturemaps.org/#id=02cae280-3cb6-490a-8632-d4a4f75211eb	Public Overture site+email; zero-HTTP V6 cheap-screen. Final MASTER dedupe/QA required.				overture:02cae280-3cb6-490a-8632-d4a4f75211eb	reclusivemoosecabins.com	14062501576	reclusive moose cabin rentals	Columbia Falls	Canada	HIGH	domain:reclusivemoosecabins.com
	A	91	Kailua	USA	Pono Property Management		property_management	419 Kuulei Rd	+18082758018								overture:72e4fefb-23f5-46ce-b83b-17a39809c440	2026-08-15T00:58:09.532345Z		Canonical queue drain | fit A | GitHub MASTER dedupe passed	http://www.ponopm.com/	info@ponopm.com	https://www.ponopm.com/about-us	https://www.instagram.com/pono.pm/	https://www.facebook.com/Pono-Property-Management/61556880122153/						High	Verified	https://explore.overturemaps.org/#id=72e4fefb-23f5-46ce-b83b-17a39809c440; https://www.ponopm.com/	Public Overture site+email; zero-HTTP V6 cheap-screen. Final MASTER dedupe/QA required.				overture:72e4fefb-23f5-46ce-b83b-17a39809c440	ponopm.com	18082758018	pono property management	Kailua	USA	HIGH	domain:ponopm.com
	A	91	Honolulu	USA	Neal Fineman Property Management		property_management	949 McCully St	+18083534732								overture:808c2ad0-849b-4b1c-a78d-81cccb7d2785	2026-08-15T00:58:09.532345Z		Canonical queue drain | fit A | GitHub MASTER dedupe passed	http://www.nfpmteam.com/	info@nfpmteam.com	https://www.nfpmteam.com/about-us/		https://www.facebook.com/nfpmteam/		https://www.nfpmteam.com/available-rentals/				High	Verified	https://explore.overturemaps.org/#id=808c2ad0-849b-4b1c-a78d-81cccb7d2785	Public Overture site+email; zero-HTTP V6 cheap-screen. Final MASTER dedupe/QA required.				overture:808c2ad0-849b-4b1c-a78d-81cccb7d2785	nfpmteam.com	18083534732	neal fineman property management	Honolulu	USA	HIGH	domain:nfpmteam.com
	A	91	Kalispell	Canada	Next Level Property Management		property_management	43 Woodland Park Dr	+14063930565								overture:d4756555-18d8-4ee0-9c47-fe831edbc31e	2026-08-15T00:58:09.532345Z		Canonical queue drain | fit A | GitHub MASTER dedupe passed	http://nextlevel.properties/	info@nextlevel.properties		https://www.instagram.com/nextlevelpm406/	https://www.facebook.com/profile.php/		https://nextlevel.properties/feed/				High	Verified	https://explore.overturemaps.org/#id=d4756555-18d8-4ee0-9c47-fe831edbc31e; https://nextlevel.properties/	Public Overture site+email; zero-HTTP V6 cheap-screen. Final MASTER dedupe/QA required.				overture:d4756555-18d8-4ee0-9c47-fe831edbc31e	nextlevel.properties	14063930565	next level property management	Kalispell	Canada	HIGH	domain:nextlevel.properties
	A	91	Columbia Falls	Canada	Natures Calling Cabin Rentals		cabin	125 Firehall Ln	+14064070662								overture:2c9513e4-0dc6-4117-a4c1-8470c8cc30b8	2026-08-15T00:58:09.532345Z		Canonical queue drain | fit A | GitHub MASTER dedupe passed	http://naturescallingllc.com/	naturescallingmt@yahoo.com		https://www.instagram.com/naturescallingmt/	https://www.facebook.com/Natures-Calling-1444923375624046/		https://www.naturescallingllc.com/cabins				High	Verified	https://explore.overturemaps.org/#id=2c9513e4-0dc6-4117-a4c1-8470c8cc30b8; https://www.naturescallingllc.com/	Public Overture site+email; zero-HTTP V6 cheap-screen. Final MASTER dedupe/QA required.				overture:2c9513e4-0dc6-4117-a4c1-8470c8cc30b8	naturescallingllc.com	14064070662	natures calling cabin rentals	Columbia Falls	Canada	HIGH	domain:naturescallingllc.com
	A	91	Edmonton	Canada	MyVic Property Management		property_management	11150 Jasper Ave NW	+15879897368								overture:6abb29a5-2c29-4dc6-91f3-53fc6628e854	2026-08-15T00:58:09.532345Z		Canonical queue drain | fit A | GitHub MASTER dedupe passed	http://www.myvicpropertymanagement.com/	info@myvicpropertymanagement.com	https://www.myvicpropertymanagement.com/about		https://www.facebook.com/MyVicPropertyManagement/		https://www.myvicpropertymanagement.com/properties				High	Verified	https://explore.overturemaps.org/#id=6abb29a5-2c29-4dc6-91f3-53fc6628e854	Public Overture site+email; zero-HTTP V6 cheap-screen. Final MASTER dedupe/QA required.				overture:6abb29a5-2c29-4dc6-91f3-53fc6628e854	myvicpropertymanagement.com	15879897368	myvic property management	Edmonton	Canada	HIGH	domain:myvicpropertymanagement.com
	A	91	Koloa	USA	Kauai Vacation Rental at GMD Vacations		bed_and_breakfast	2387 Hoohu Rd	+16055219057								overture:1603775c-c2dd-43c2-acec-6522ed95ebe6	2026-08-15T00:58:09.532345Z		Canonical queue drain | fit A | GitHub MASTER dedupe passed	http://www.gmdvacations.com/	dewitte@gmdvacations.com	https://www.gmdvacations.com/contact-us-and-information	https://www.instagram.com/gmdvacations/	https://www.facebook.com/GMDVacations/						High	Verified	https://explore.overturemaps.org/#id=1603775c-c2dd-43c2-acec-6522ed95ebe6; https://www.gmdvacations.com/	Public Overture site+email; zero-HTTP V6 cheap-screen. Final MASTER dedupe/QA required.				overture:1603775c-c2dd-43c2-acec-6522ed95ebe6	gmdvacations.com	16055219057	kauai vacation rental at gmd vacations	Koloa	USA	HIGH	domain:gmdvacations.com
	A	91	Calgary	Canada	GIL Property Management and Sales		property_management	12 Royal Vista Way NW	+14032663550								overture:7016e839-b055-4462-91b4-943dcb54071e	2026-08-15T00:58:09.532345Z		Canonical queue drain | fit A | GitHub MASTER dedupe passed	http://www.gilprop.com/	info@gilprop.com	https://gilprop.com/about-us/		https://www.facebook.com/GilProps/		https://gilprop.com/rentals/				High	Verified	https://explore.overturemaps.org/#id=7016e839-b055-4462-91b4-943dcb54071e	Public Overture site+email; zero-HTTP V6 cheap-screen. Final MASTER dedupe/QA required.				overture:7016e839-b055-4462-91b4-943dcb54071e	gilprop.com	14032663550	gil property management and sales	Calgary	Canada	HIGH	domain:gilprop.com
	A	91	Calgary	Canada	Drummer Realty & Property Management		property_management	343 Forge Rd SE	+14032582424								overture:e81f0efd-0b92-43f1-b65d-1138ed639144	2026-08-15T00:58:09.532345Z		Canonical queue drain | fit A | GitHub MASTER dedupe passed	https://www.drummerrealty.com/	info@drummerrealty.com	https://www.drummerrealty.com/about-us	https://www.instagram.com/drummerrealty_yyc/	https://www.facebook.com/drummerinvestments/						High	Verified	https://explore.overturemaps.org/#id=e81f0efd-0b92-43f1-b65d-1138ed639144; https://www.drummerrealty.com/	Public Overture site+email; zero-HTTP V6 cheap-screen. Final MASTER dedupe/QA required.				overture:e81f0efd-0b92-43f1-b65d-1138ed639144	drummerrealty.com	14032582424	drummer realty property management	Calgary	Canada	HIGH	domain:drummerrealty.com
	A	91	Cochrane	Canada	Rent My Home Property Management		property_management	110 2nd Ave W	+14038076124								overture:ff37ce88-9ba2-409d-a40e-3651db93e29f	2026-08-15T00:58:09.532345Z		Canonical queue drain | fit A | GitHub MASTER dedupe passed	http://cochranerentals.com/	rentmyhomepm@gmail.com	https://cochranerentals.com/contact-us/		https://www.facebook.com/profile.php/		https://cochranerentals.com/feed/				High	Verified	https://explore.overturemaps.org/#id=ff37ce88-9ba2-409d-a40e-3651db93e29f	Public Overture site+email; zero-HTTP V6 cheap-screen. Final MASTER dedupe/QA required.				overture:ff37ce88-9ba2-409d-a40e-3651db93e29f	cochranerentals.com	14038076124	rent my home property management	Cochrane	Canada	HIGH	domain:cochranerentals.com
	A	91	Port Aransas	USA	Casa Bendita Port Aransas Vacation Rental		holiday_rental_home	503 Sand Burr Ln	+12108313213								overture:98406fa6-bcfd-43f8-a84b-47a5445ad2b6	2026-08-15T00:58:09.532345Z		Canonical queue drain | fit A | GitHub MASTER dedupe passed	https://www.casabenditainporta.com/	casabenditaporta@yahoo.com	https://casabenditainporta.com/en/contact	https://www.instagram.com/casabenditaporta/	https://www.facebook.com/casabenditaporta/						High	Verified	https://explore.overturemaps.org/#id=98406fa6-bcfd-43f8-a84b-47a5445ad2b6; https://casabenditainporta.com/	Public Overture site+email; zero-HTTP V6 cheap-screen. Final MASTER dedupe/QA required.				overture:98406fa6-bcfd-43f8-a84b-47a5445ad2b6	casabenditainporta.com	12108313213	casa bendita port aransas vacation rental	Port Aransas	USA	HIGH	domain:casabenditainporta.com
	A	91	Calgary	Canada	Mastre Property Management Ltd		property_management	8989 MacLeod Trail SW # 404	(403) 258-3944								overture:f1a62f50-f037-40be-bd9f-06bf8d2601d8	2026-08-15T00:58:09.532345Z		Canonical queue drain | fit A | GitHub MASTER dedupe passed	http://www.calgaryhomerentals.com	info@calgaryhomerentals.com	https://calgaryhomerentals.com/about-us/			https://wa.me/?text=Two%20storey%20walkout%20https://calgaryhomerentals.com/properties/two-storey-walkout/	https://calgaryhomerentals.com/properties/two-storey-walkout/				High	Verified	https://explore.overturemaps.org/#id=f1a62f50-f037-40be-bd9f-06bf8d2601d8	Public Overture site+email; zero-HTTP V6 cheap-screen. Final MASTER dedupe/QA required.				overture:f1a62f50-f037-40be-bd9f-06bf8d2601d8	calgaryhomerentals.com	4032583944	mastre property management ltd	Calgary	Canada	HIGH	domain:calgaryhomerentals.com
	A	91	Calgary	Canada	Calgary Short Term Rentals		lodging		+14162784488								overture:04a2fe41-8054-4bcb-a9e0-273bed77b096	2026-08-15T00:58:09.532345Z		Canonical queue drain | fit A | GitHub MASTER dedupe passed	https://www.calgary-shorttermrentals.com/	shorttermrentals.ca@gmail.com	https://calgary-shorttermrentals.com/en/contact-us		https://www.facebook.com/profile.php/		https://calgary-shorttermrentals.com/en/all-properties				High	Verified	https://explore.overturemaps.org/#id=04a2fe41-8054-4bcb-a9e0-273bed77b096	Public Overture site+email; zero-HTTP V6 cheap-screen. Final MASTER dedupe/QA required.				overture:04a2fe41-8054-4bcb-a9e0-273bed77b096	calgary-shorttermrentals.com	14162784488	calgary short term rentals	Calgary	Canada	HIGH	domain:calgary-shorttermrentals.com
	A	91	Calgary	Canada	Modern Property Management		property_management	4550 112 Ave SE	+14034650404								overture:f52e7239-88fe-4a97-b1cd-8803f4a18cf4	2026-08-15T00:58:09.532345Z		Canonical queue drain | fit A | GitHub MASTER dedupe passed	http://brierepm.com/	david@brierepm.com	https://brierepm.com/about/	https://www.instagram.com/brierepm/	https://www.facebook.com/propertymanagerDB/						High	Verified	https://explore.overturemaps.org/#id=f52e7239-88fe-4a97-b1cd-8803f4a18cf4; https://brierepm.com/	Public Overture site+email; zero-HTTP V6 cheap-screen. Final MASTER dedupe/QA required.				overture:f52e7239-88fe-4a97-b1cd-8803f4a18cf4	brierepm.com	14034650404	modern property management	Calgary	Canada	HIGH	domain:brierepm.com
	A	91	Whitefish	Canada	Beargrass Property Management		property_management	326 Blanchard Hollow Rd	+14063510746								overture:2259c0dc-4df3-4451-8852-bb8dd45ac098	2026-08-15T00:58:09.532345Z		Canonical queue drain | fit A | GitHub MASTER dedupe passed	http://www.beargrasspm.com/	info@beargrasspm.com	https://www.beargrasspm.com/about	https://www.instagram.com/wix/	https://www.facebook.com/beargrasspm/						High	Verified	https://explore.overturemaps.org/#id=2259c0dc-4df3-4451-8852-bb8dd45ac098; https://www.beargrasspm.com/	Public Overture site+email; zero-HTTP V6 cheap-screen. Final MASTER dedupe/QA required.				overture:2259c0dc-4df3-4451-8852-bb8dd45ac098	beargrasspm.com	14063510746	beargrass property management	Whitefish	Canada	HIGH	domain:beargrasspm.com
	A	91	Whitefish	Canada	At Your Services Property Management		property_management	331 Karrow Ave	+14068625566								overture:eb7e0006-8e5d-43f8-ad6b-47f8bb359554	2026-08-15T00:58:09.532345Z		Canonical queue drain | fit A | GitHub MASTER dedupe passed	http://www.aysmontana.com/	info@aysmontana.com	https://aysmontana.com/about/		https://www.facebook.com/ayspropmgmt/		https://aysmontana.com/available-properties/				High	Verified	https://explore.overturemaps.org/#id=eb7e0006-8e5d-43f8-ad6b-47f8bb359554	Public Overture site+email; zero-HTTP V6 cheap-screen. Final MASTER dedupe/QA required.				overture:eb7e0006-8e5d-43f8-ad6b-47f8bb359554	aysmontana.com	14068625566	at your services property management	Whitefish	Canada	HIGH	domain:aysmontana.com
	A	91	Mesa	USA	Valley Executives Real Estate and Property Management		property_management	1255 W Baseline Rd	+14807564281								overture:4122a2fe-fdab-4677-80b1-84f33cfec0a6	2026-08-15T00:58:09.532345Z		Canonical queue drain | fit A | GitHub MASTER dedupe passed	http://www.vepmaz.com	maggie@vepmaz.com	http://vepmaz.com/about-us/		https://www.facebook.com/pages/Valley-Executives-Real-Estate-Property-Management/163917147002365/		http://vepmaz.com/homes-for-sale/				High	Verified	https://explore.overturemaps.org/#id=4122a2fe-fdab-4677-80b1-84f33cfec0a6	Public Overture site+email; zero-HTTP V6 cheap-screen. Final MASTER dedupe/QA required.				overture:4122a2fe-fdab-4677-80b1-84f33cfec0a6	vepmaz.com	14807564281	valley executives real estate and property management	Mesa	USA	HIGH	domain:vepmaz.com
	A	91	Augusta	USA	Thornton Real Estate Sales and Property Management-RE/MAX True Advantage		real_estate_agent	1105 Furys Ln	+17069229292								overture:47bd40b3-de49-4377-ada8-aff1e9d2cf26	2026-08-15T00:58:09.532345Z		Canonical queue drain | fit A | GitHub MASTER dedupe passed	https://townsendteam.net	remaxtrueadvantage@gmail.com	https://townsendteam.net/about-us	https://www.instagram.com/townsendteamrealtors/	https://www.facebook.com/157203970961599/						Medium	Recall-first	https://explore.overturemaps.org/#id=47bd40b3-de49-4377-ada8-aff1e9d2cf26; https://townsendteam.net/	Public Overture site+email; zero-HTTP V6 cheap-screen. Final MASTER dedupe/QA required.				overture:47bd40b3-de49-4377-ada8-aff1e9d2cf26	townsendteam.net	17069229292	thornton real estate sales and property management re max true advantage	Augusta	USA	MEDIUM	domain:townsendteam.net
	A	91	Taos	USA	Taos Love Local Boutique Property Management		property_management	613 Paseo del Pueblo Norte	+15757415455								overture:264d62f5-d454-4271-9828-e75bf977ee92	2026-08-15T00:58:09.532345Z		Canonical queue drain | fit A | GitHub MASTER dedupe passed	http://www.taoslove575.com/	taoslove575@gmail.com	https://taoslove575.com/contact-us	https://www.instagram.com/taoslove575/	https://www.facebook.com/taoslove575/						High	Verified	https://explore.overturemaps.org/#id=264d62f5-d454-4271-9828-e75bf977ee92; https://taoslove575.com/	Public Overture site+email; zero-HTTP V6 cheap-screen. Final MASTER dedupe/QA required.				overture:264d62f5-d454-4271-9828-e75bf977ee92	taoslove575.com	15757415455	taos love local boutique property management	Taos	USA	HIGH	domain:taoslove575.com
	A	91	Park City	USA	Sea to Ski Property Management		property_management	4376 N Forestdale Dr	+14359401020								overture:18e187b9-c10e-4016-84d6-2a2103cac403	2026-08-15T00:58:09.532345Z		Canonical queue drain | fit A | GitHub MASTER dedupe passed	http://www.seatoski.com/	info@seatoski.com	https://www.seatoski.com/about-us	https://www.instagram.com/seatoskiparkcity/	https://www.facebook.com/SeaToSkiParkCity/						High	Verified	https://explore.overturemaps.org/#id=18e187b9-c10e-4016-84d6-2a2103cac403; https://www.seatoski.com/	Public Overture site+email; zero-HTTP V6 cheap-screen. Final MASTER dedupe/QA required.				overture:18e187b9-c10e-4016-84d6-2a2103cac403	seatoski.com	14359401020	sea to ski property management	Park City	USA	HIGH	domain:seatoski.com
	A	91	Alamosa	USA	Eclipse Property Management and Real Estate		property_management	609 Main St	+17195817368								overture:732c35f7-9067-4e95-a844-c3ef44ba9f6f	2026-08-15T00:58:09.532345Z		Canonical queue drain | fit A | GitHub MASTER dedupe passed	http://www.RentEclipse.com/	info@renteclipse.com	https://renteclipse.com/about/		https://www.facebook.com/pg/RENTeclipse/		https://renteclipse.com/alamosa-commercial-rentals/				High	Verified	https://explore.overturemaps.org/#id=732c35f7-9067-4e95-a844-c3ef44ba9f6f	Public Overture site+email; zero-HTTP V6 cheap-screen. Final MASTER dedupe/QA required.				overture:732c35f7-9067-4e95-a844-c3ef44ba9f6f	renteclipse.com	17195817368	eclipse property management and real estate	Alamosa	USA	HIGH	domain:renteclipse.com
	A	91	Clearfield	USA	ProRenter Property Management		real_estate_agent	397 State St Suite 100	(801) 779-1198								overture:08d7b3ce-2ff0-4c3c-aca0-eb76c707bde5	2026-08-15T00:58:09.532345Z		Canonical queue drain | fit A | GitHub MASTER dedupe passed	https://prorenterut.com	info@prorenterut.com	https://www.prorenterut.com/about		https://www.facebook.com/prorenter/		https://www.prorenterut.com/layton-homes-for-rent				High	Verified	https://explore.overturemaps.org/#id=08d7b3ce-2ff0-4c3c-aca0-eb76c707bde5	Public Overture site+email; zero-HTTP V6 cheap-screen. Final MASTER dedupe/QA required.				overture:08d7b3ce-2ff0-4c3c-aca0-eb76c707bde5	prorenterut.com	8017791198	prorenter property management	Clearfield	USA	HIGH	domain:prorenterut.com
	A	91	Fayetteville	USA	Mission Rentals Property Management		real_estate_service	201 N Reilly Rd	+19108494589								overture:8721544b-9e1b-47ac-a3e5-75e77c24251b	2026-08-15T00:58:09.532345Z		Canonical queue drain | fit A | GitHub MASTER dedupe passed	http://MissionRentalsNC.com/	faircloth769@gmail.com	https://www.missionrentalsnc.com/about		https://www.facebook.com/doorloopapp/		https://www.missionrentalsnc.com/feed/atom				High	Verified	https://explore.overturemaps.org/#id=8721544b-9e1b-47ac-a3e5-75e77c24251b	Public Overture site+email; zero-HTTP V6 cheap-screen. Final MASTER dedupe/QA required.				overture:8721544b-9e1b-47ac-a3e5-75e77c24251b	missionrentalsnc.com	19108494589	mission rentals property management	Fayetteville	USA	HIGH	domain:missionrentalsnc.com
	A	91	Evans	USA	Lucky Star Property Management		real_estate_agent	601 N Belair Sq Ste 5	(706) 496-8062								overture:6b4e0de8-9ec4-4de2-acf1-264ee84808ee	2026-08-15T00:58:09.532345Z		Canonical queue drain | fit A | GitHub MASTER dedupe passed	http://www.luckystarproperties.com	luckystarpropertymanagement@gmail.com	https://luckystarproperties.com/about/		https://www.facebook.com/LuckyStarProperties/		https://luckystarproperties.com/feed/				High	Verified	https://explore.overturemaps.org/#id=6b4e0de8-9ec4-4de2-acf1-264ee84808ee	Public Overture site+email; zero-HTTP V6 cheap-screen. Final MASTER dedupe/QA required.				overture:6b4e0de8-9ec4-4de2-acf1-264ee84808ee	luckystarproperties.com	7064968062	lucky star property management	Evans	USA	HIGH	domain:luckystarproperties.com
	A	91	El Dorado Hills	USA	Leu Real Estate & Property Management		real_estate_service	2201 Francisco Dr	+19169334995								overture:c35d1bdf-4d4c-4559-b9f7-ae6e6448e44a	2026-08-15T00:58:09.532345Z		Canonical queue drain | fit A | GitHub MASTER dedupe passed	http://leurealestate.com/	leu@leurealestate.com	https://www.leurealestate.com/about-us	https://www.instagram.com/leurealestate/	https://www.facebook.com/leurealestate/						High	Verified	https://explore.overturemaps.org/#id=c35d1bdf-4d4c-4559-b9f7-ae6e6448e44a; https://www.leurealestate.com/	Public Overture site+email; zero-HTTP V6 cheap-screen. Final MASTER dedupe/QA required.				overture:c35d1bdf-4d4c-4559-b9f7-ae6e6448e44a	leurealestate.com	19169334995	leu real estate property management	El Dorado Hills	USA	HIGH	domain:leurealestate.com
	A	91	Ogden	USA	KR Elite Real Estate & Property Management		real_estate_service	690 Washington Blvd	+18013992800								overture:9a91ab96-cc58-4304-9afa-6d83cfa36165	2026-08-15T00:58:09.532345Z		Canonical queue drain | fit A | GitHub MASTER dedupe passed	http://krelite.com/	kathryn@krelite.com	https://krelite.com/about/		https://www.facebook.com/pages/KR-Elite-Realty-and-Property-Management/170823826456593/		https://krelite.com/construction-service/home-building/tiny-homes/				High	Verified	https://explore.overturemaps.org/#id=9a91ab96-cc58-4304-9afa-6d83cfa36165	Public Overture site+email; zero-HTTP V6 cheap-screen. Final MASTER dedupe/QA required.				overture:9a91ab96-cc58-4304-9afa-6d83cfa36165	krelite.com	18013992800	kr elite real estate property management	Ogden	USA	HIGH	domain:krelite.com
	A	91	Colorado Springs	USA	Highest Point Real Estate and Property Management		real_estate_service	1426 N Hancock Ave	+17194664377								overture:71bf3dda-d263-4638-8c7d-01b8fb6631b1	2026-08-15T00:58:09.532345Z		Canonical queue drain | fit A | GitHub MASTER dedupe passed	http://www.highestpointrealestate.com/	info@highestpointrealestate.com	https://www.highestpointrealestate.com/Contact	https://www.instagram.com/highestpointrealestate/			https://www.highestpointrealestate.com/properties				High	Verified	https://explore.overturemaps.org/#id=71bf3dda-d263-4638-8c7d-01b8fb6631b1; https://www.highestpointrealestate.com/	Public Overture site+email; zero-HTTP V6 cheap-screen. Final MASTER dedupe/QA required.				overture:71bf3dda-d263-4638-8c7d-01b8fb6631b1	highestpointrealestate.com	17194664377	highest point real estate and property management	Colorado Springs	USA	HIGH	domain:highestpointrealestate.com
	A	91	Aiken	USA	Gold Ivy Realty & Property Management		real_estate_service	21 Furman Dr	+18036490100								overture:0b9721d4-cf37-4537-b824-6fc364d1e7eb	2026-08-15T00:58:09.532345Z		Canonical queue drain | fit A | GitHub MASTER dedupe passed	http://www.goldivyrealty.com/	karenclayton@goldivyrealty.com	https://goldivyrealty.com/about-us		https://www.facebook.com/goldivyrealty/		https://goldivyrealty.com/rentals				High	Verified	https://explore.overturemaps.org/#id=0b9721d4-cf37-4537-b824-6fc364d1e7eb	Public Overture site+email; zero-HTTP V6 cheap-screen. Final MASTER dedupe/QA required.				overture:0b9721d4-cf37-4537-b824-6fc364d1e7eb	goldivyrealty.com	18036490100	gold ivy realty property management	Aiken	USA	HIGH	domain:goldivyrealty.com
	A	91	Goldsboro	USA	Full Circle Property Management		real_estate_service	674 N Spence Ave	+19843702733								overture:88509f8b-46d3-4424-82f6-d96d9fc6837c	2026-08-15T00:58:09.532345Z		Canonical queue drain | fit A | GitHub MASTER dedupe passed	http://www.full-circle-properties.com/	fullcirclepm24@gmail.com	https://www.full-circle-properties.com/about		https://www.facebook.com/profile.php/		https://www.full-circle-properties.com/goldsboro-homes-for-rent				High	Verified	https://explore.overturemaps.org/#id=88509f8b-46d3-4424-82f6-d96d9fc6837c	Public Overture site+email; zero-HTTP V6 cheap-screen. Final MASTER dedupe/QA required.				overture:88509f8b-46d3-4424-82f6-d96d9fc6837c	full-circle-properties.com	19843702733	full circle property management	Goldsboro	USA	HIGH	domain:full-circle-properties.com
	A	91	Southern Pines	USA	Exclusive Realty & Property Management		real_estate_agent	750 NW Broad St	+19102157615								overture:b326c790-e07c-4382-8dc4-2c777d5a25e2	2026-08-15T00:58:09.532345Z		Canonical queue drain | fit A | GitHub MASTER dedupe passed	http://www.exclusiverealtync.com/	exclusiverentnc@gmail.com	https://www.exclusiverealtync.com/about		https://www.facebook.com/megantrapphomes/		https://www.exclusiverealtync.com/properties				High	Verified	https://explore.overturemaps.org/#id=b326c790-e07c-4382-8dc4-2c777d5a25e2	Public Overture site+email; zero-HTTP V6 cheap-screen. Final MASTER dedupe/QA required.				overture:b326c790-e07c-4382-8dc4-2c777d5a25e2	exclusiverealtync.com	19102157615	exclusive realty property management	Southern Pines	USA	HIGH	domain:exclusiverealtync.com
	A	91	Colorado Springs	USA	Byrne Real Estate & Property Management		property_management	4740 Flintridge Dr	+17192609970								overture:550fc452-14db-4338-85f3-252dafda6f61	2026-08-15T00:58:09.532345Z		Canonical queue drain | fit A | GitHub MASTER dedupe passed	http://www.byrnemanagement.com/	morgan@byrnemanagement.com	https://byrnemanagement.com/contact-us/		https://www.facebook.com/byrnerealestate/		https://byrnemanagement.com/featured-rentals/				High	Verified	https://explore.overturemaps.org/#id=550fc452-14db-4338-85f3-252dafda6f61	Public Overture site+email; zero-HTTP V6 cheap-screen. Final MASTER dedupe/QA required.				overture:550fc452-14db-4338-85f3-252dafda6f61	byrnemanagement.com	17192609970	byrne real estate property management	Colorado Springs	USA	HIGH	domain:byrnemanagement.com
	A	91	Shiner	USA	Texas Land & Property Management		real_estate_service	916 N Avenue E	+15129650879								overture:ebcf29a5-512a-4edf-b352-89dbeb9e4701	2026-08-15T00:58:09.532345Z		Canonical queue drain | fit A | GitHub MASTER dedupe passed	http://www.texaslandandproperty.com/	lisamariebroker@texaslandandproperty.com	https://www.texaslandandproperty.com/contact	https://www.instagram.com/lisamarietexasrealestatebroker/	https://www.facebook.com/lisamarietexasrealestatebroker/						High	Verified	https://explore.overturemaps.org/#id=ebcf29a5-512a-4edf-b352-89dbeb9e4701; https://www.texaslandandproperty.com/	Public Overture site+email; zero-HTTP V6 cheap-screen. Final MASTER dedupe/QA required.				overture:ebcf29a5-512a-4edf-b352-89dbeb9e4701	texaslandandproperty.com	15129650879	texas land property management	Shiner	USA	HIGH	domain:texaslandandproperty.com
	A	91	Prince George	Canada	Nest Property Management and Real Estate Services		real_estate_service	1543 9th Ave	+12505967368								overture:11fb72ae-3dc5-487f-8fbb-306750e7890d	2026-08-15T00:58:09.532345Z		Canonical queue drain | fit A | GitHub MASTER dedupe passed	http://www.nestrealtyltd.com/	rent@nestrealtyltd.com	https://nestrealtyltd.com/about/		https://www.facebook.com/1900064080106007/posts/5960864164025958/		https://nestrealtyltd.com/rentals/				High	Verified	https://explore.overturemaps.org/#id=11fb72ae-3dc5-487f-8fbb-306750e7890d	Public Overture site+email; zero-HTTP V6 cheap-screen. Final MASTER dedupe/QA required.				overture:11fb72ae-3dc5-487f-8fbb-306750e7890d	nestrealtyltd.com	12505967368	nest property management and real estate services	Prince George	Canada	HIGH	domain:nestrealtyltd.com
	A	91	Grande Prairie	Canada	Key Investment Property Management Inc.		property_management	9856 97 Ave	+17808335555								overture:d1a23da9-d193-48a8-b6fc-804279cb958b	2026-08-15T00:58:09.532345Z		Canonical queue drain | fit A | GitHub MASTER dedupe passed	http://keyproperty.ca	admin@keyproperty.ca	https://keyproperty.ca/about-us/		https://www.facebook.com/keypropertymanagementinc/		https://keyproperty.ca/leasing-rentals/				High	Verified	https://explore.overturemaps.org/#id=d1a23da9-d193-48a8-b6fc-804279cb958b	Public Overture site+email; zero-HTTP V6 cheap-screen. Final MASTER dedupe/QA required.				overture:d1a23da9-d193-48a8-b6fc-804279cb958b	keyproperty.ca	17808335555	key investment property management inc	Grande Prairie	Canada	HIGH	domain:keyproperty.ca
	A	91	Jackson	USA	Treehouse South Vacation Rentals		holiday_rental_home	237 Peoples Rd	+17707696741								overture:c5c6d671-c691-4d7d-9936-295a5827b785	2026-08-15T00:58:09.532345Z		Canonical queue drain | fit A | GitHub MASTER dedupe passed	http://www.treehousesouth.com/	southernthicketvenues@gmail.com	https://treehousesouth.com/en/contact-us		https://www.facebook.com/thetreecabin/		https://treehousesouth.com/en/all-properties/?adults=1&children=0&infants=0&pets=0				High	Verified	https://explore.overturemaps.org/#id=c5c6d671-c691-4d7d-9936-295a5827b785	Public Overture site+email; zero-HTTP V6 cheap-screen. Final MASTER dedupe/QA required.				overture:c5c6d671-c691-4d7d-9936-295a5827b785	treehousesouth.com	17707696741	treehouse south vacation rentals	Jackson	USA	HIGH	domain:treehousesouth.com
	A	91	Corolla	USA	OBX Luxury Vacation Rentals by Owner		holiday_rental_home		+13033256694								overture:d0f2742d-fcd8-4367-bbbd-017f786f8f9f	2026-08-15T00:58:09.532345Z		Canonical queue drain | fit A | GitHub MASTER dedupe passed	https://thesaltaire.com/	outerbanksrentals@yahoo.com	https://thesaltaire.com/contact-us/		https://www.facebook.com/outerbanksrentalsNC/		https://thesaltaire.com/wp-content/plugins/booking/css/client.css?ver=11.4.3				High	Verified	https://explore.overturemaps.org/#id=d0f2742d-fcd8-4367-bbbd-017f786f8f9f	Public Overture site+email; zero-HTTP V6 cheap-screen. Final MASTER dedupe/QA required.				overture:d0f2742d-fcd8-4367-bbbd-017f786f8f9f	thesaltaire.com	13033256694	obx luxury vacation rentals by owner	Corolla	USA	HIGH	domain:thesaltaire.com
	A	91	Windermere	United Kingdom	The Lake District Holiday Homes		hotel	The Boat House	+447950580215								overture:9bd3f8bd-7cd6-49fd-9c56-643dee8f4854	2026-08-15T00:58:09.532345Z		Canonical queue drain | fit A | GitHub MASTER dedupe passed	https://thelakesholidayhomes.co.uk/	info@thelakesholidayhomes.co.uk	https://thelakesholidayhomes.co.uk/about/		https://www.facebook.com/Thelakesholidayhomes/		https://thelakesholidayhomes.co.uk/feed/				High	Verified	https://explore.overturemaps.org/#id=9bd3f8bd-7cd6-49fd-9c56-643dee8f4854	Public Overture site+email; zero-HTTP V6 cheap-screen. Final MASTER dedupe/QA required.				overture:9bd3f8bd-7cd6-49fd-9c56-643dee8f4854	thelakesholidayhomes.co.uk	447950580215	the lake district holiday homes	Windermere	United Kingdom	HIGH	domain:thelakesholidayhomes.co.uk
	A	91	Arnold	USA	Sierra Vacation Rentals		rv_park	3365 Highway 4	+12097954712								overture:436125b2-ec61-4c8a-92e1-30a15add4454	2026-08-15T00:58:09.532345Z		Canonical queue drain | fit A | GitHub MASTER dedupe passed	http://www.sierravacationrentals.com/	sierravacationrentals@gmail.com	https://www.sierravacationrentals.com/content/contact-us		https://www.facebook.com/Sierra-Vacation-Rentals-148401491994795/		https://www.sierravacationrentals.com/vacation-rentals				High	Verified	https://explore.overturemaps.org/#id=436125b2-ec61-4c8a-92e1-30a15add4454	Public Overture site+email; zero-HTTP V6 cheap-screen. Final MASTER dedupe/QA required.				overture:436125b2-ec61-4c8a-92e1-30a15add4454	sierravacationrentals.com	12097954712	sierra vacation rentals	Arnold	USA	HIGH	domain:sierravacationrentals.com
	A	91	Seahouses	United Kingdom	Seahouses Holiday Homes		hotel	28 King Street	+447400248456								overture:4703823c-b2b9-4dc4-b8b3-b86207bd14ba	2026-08-15T00:58:09.532345Z		Canonical queue drain | fit A | GitHub MASTER dedupe passed	https://www.seahouses.net/	info@seahouses.net	https://www.seahouses.net/contact-us	https://www.instagram.com/seahousesholidayhomes/	https://www.facebook.com/seahousesholidayhomes/						High	Verified	https://explore.overturemaps.org/#id=4703823c-b2b9-4dc4-b8b3-b86207bd14ba; https://www.seahouses.net/	Public Overture site+email; zero-HTTP V6 cheap-screen. Final MASTER dedupe/QA required.				overture:4703823c-b2b9-4dc4-b8b3-b86207bd14ba	seahouses.net	447400248456	seahouses holiday homes	Seahouses	United Kingdom	HIGH	domain:seahouses.net
	A	91	Seabrook Island	USA	Sandpiper Management & Vacation Rentals		property_management	2890 Seabrook Island Rd	+18437333009								overture:a38eebbf-355c-4a36-9ceb-e32468d2c928	2026-08-15T00:58:09.532345Z		Canonical queue drain | fit A | GitHub MASTER dedupe passed	http://www.sandpipervaca.com/	office@sandpipervaca.com	https://www.sandpipervaca.com/about/	https://www.instagram.com/sandpipervaca/	https://www.facebook.com/Sandpipervaca/						High	Verified	https://explore.overturemaps.org/#id=a38eebbf-355c-4a36-9ceb-e32468d2c928; https://www.sandpipervaca.com/	Public Overture site+email; zero-HTTP V6 cheap-screen. Final MASTER dedupe/QA required.				overture:a38eebbf-355c-4a36-9ceb-e32468d2c928	sandpipervaca.com	18437333009	sandpiper management vacation rentals	Seabrook Island	USA	HIGH	domain:sandpipervaca.com
	A	91	Littleton	USA	Lake Gaston Vacation Homes		holiday_rental_home	322 Drumgold Rd	+12525885944								overture:a8207164-a10a-462e-937f-18e5c2a7301a	2026-08-15T00:58:09.532345Z		Canonical queue drain | fit A | GitHub MASTER dedupe passed	https://www.lakegastonvacationhomes.com/	info@lakegastonvacationhomes.com	https://www.lakegastonvacationhomes.com/contact_us		https://www.facebook.com/Lake-Gaston-Rentals-715586995546623/		https://www.lakegastonvacationhomes.com/properties				High	Verified	https://explore.overturemaps.org/#id=a8207164-a10a-462e-937f-18e5c2a7301a	Public Overture site+email; zero-HTTP V6 cheap-screen. Final MASTER dedupe/QA required.				overture:a8207164-a10a-462e-937f-18e5c2a7301a	lakegastonvacationhomes.com	12525885944	lake gaston vacation homes	Littleton	USA	HIGH	domain:lakegastonvacationhomes.com
	A	91	Millcreek	USA	Hidden Gem Vacation Rentals		holiday_rental_home	2239 E Atkin Ave	+19092308923								overture:77720582-018f-4e5e-a259-10cc5e333945	2026-08-15T00:58:09.532345Z		Canonical queue drain | fit A | GitHub MASTER dedupe passed	https://www.hgvacationrentals.com/	hgvacationrentals@gmail.com		https://www.instagram.com/Hgvacationrentals/	https://www.facebook.com/Hgvacationrentals/		https://www.hgvacationrentals.com/book				High	Verified	https://explore.overturemaps.org/#id=77720582-018f-4e5e-a259-10cc5e333945; https://www.hgvacationrentals.com/	Public Overture site+email; zero-HTTP V6 cheap-screen. Final MASTER dedupe/QA required.				overture:77720582-018f-4e5e-a259-10cc5e333945	hgvacationrentals.com	19092308923	hidden gem vacation rentals	Millcreek	USA	HIGH	domain:hgvacationrentals.com
	A	91	Berwick-upon-Tweed	United Kingdom	Haggerston Holiday Homes Ltd		lodge	Haggerston Lakeside East	+447712430649								overture:fe981daf-439f-457d-bf36-544fa06b3eca	2026-08-15T00:58:09.532345Z		Canonical queue drain | fit A | GitHub MASTER dedupe passed	http://www.haggerstonholidayhomes.co.uk/	nathalie@haggerstonholidayhomes.co.uk	https://www.haggerstonholidayhomes.co.uk/contact/		https://www.facebook.com/haggerstonholidayhomesltd/		https://www.haggerstonholidayhomes.co.uk/wp-admin/admin-ajax.php?action=easy-facebook-likebox-customizer-style&ver=6.7.2				High	Verified	https://explore.overturemaps.org/#id=fe981daf-439f-457d-bf36-544fa06b3eca	Public Overture site+email; zero-HTTP V6 cheap-screen. Final MASTER dedupe/QA required.				overture:fe981daf-439f-457d-bf36-544fa06b3eca	haggerstonholidayhomes.co.uk	447712430649	haggerston holiday homes ltd	Berwick-upon-Tweed	United Kingdom	HIGH	domain:haggerstonholidayhomes.co.uk
	A	91	Alta	USA	Canyon Services - Alta and Snowbird Vacation Rentals		holiday_rental_home	9020 S Blackjack Rd	+18885465707								overture:f6167d21-13da-4a96-95c2-ddececd9b787	2026-08-15T00:58:09.532345Z		Canonical queue drain | fit A | GitHub MASTER dedupe passed	http://www.canyonservices.com	reservations@canyonservices.com	https://canyonservices.com/about-us/contact-us/		https://www.facebook.com/Canyonservices/		https://canyonservices.com/vacation-rentals/				High	Verified	https://explore.overturemaps.org/#id=f6167d21-13da-4a96-95c2-ddececd9b787	Public Overture site+email; zero-HTTP V6 cheap-screen. Final MASTER dedupe/QA required.				overture:f6167d21-13da-4a96-95c2-ddececd9b787	canyonservices.com	18885465707	canyon services alta and snowbird vacation rentals	Alta	USA	HIGH	domain:canyonservices.com
	A	91	Scottsdale	USA	Nadia Milchew, PLLC - Real Estate Professional - Metro Phoenix, Arizona * Papago Rim, LLC - Short Term & Vacation Rentals *		real_estate_agent	8360 E Raintree Dr	+16026952111								overture:fe572058-ba31-4304-90d5-c95095583f73	2026-08-15T00:58:09.532345Z		Canonical queue drain | fit A | GitHub MASTER dedupe passed	http://602Nadia.Realtor/	602home@gmail.com	https://www.602nadia.realtor/home	https://www.instagram.com/nadiamilchew/	https://www.facebook.com/nadia.milchew/						Medium	Recall-first	https://explore.overturemaps.org/#id=fe572058-ba31-4304-90d5-c95095583f73; https://www.602nadia.realtor/	Public Overture site+email; zero-HTTP V6 cheap-screen. Final MASTER dedupe/QA required.				overture:fe572058-ba31-4304-90d5-c95095583f73	602nadia.realtor	16026952111	nadia milchew pllc real estate professional metro phoenix arizona papago rim llc short term vacation rentals	Scottsdale	USA	MEDIUM	domain:602nadia.realtor
	A	91	Whitefish	Canada	Stumptown Vacation Rentals		holiday_rental_home	127 Lupfer Ave	+14069625181								overture:01fbce78-2e88-4f56-94b6-8a55fc72edc2	2026-08-15T00:58:09.532345Z		Canonical queue drain | fit A | GitHub MASTER dedupe passed	http://www.stumptownrental.com/	info@stumptownrental.com	https://stumptownrental.com/about-us/		https://www.facebook.com/stumptownvacationrentals/		https://stumptownrental.com/2-bedrooms/				High	Verified	https://explore.overturemaps.org/#id=01fbce78-2e88-4f56-94b6-8a55fc72edc2	Public Overture site+email; zero-HTTP V6 cheap-screen. Final MASTER dedupe/QA required.				overture:01fbce78-2e88-4f56-94b6-8a55fc72edc2	stumptownrental.com	14069625181	stumptown vacation rentals	Whitefish	Canada	HIGH	domain:stumptownrental.com
	A	91	South Padre Island	USA	Saida South Padre Island Vacation Rentals		holiday_rental_home	400 Padre Blvd	+19564108862								overture:8b594b9c-7aa4-4b9b-b603-3801a8a62661	2026-08-15T00:58:09.532345Z		Canonical queue drain | fit A | GitHub MASTER dedupe passed	http://BOVR-SPI.com/	info@bovr-spi.com	https://www.bovr-spi.com/about-us-blue-ocean-vacation-rentals-spi/		https://www.facebook.com/spiblueocean/		https://www.bovr-spi.com/vacation-rentals				High	Verified	https://explore.overturemaps.org/#id=8b594b9c-7aa4-4b9b-b603-3801a8a62661	Public Overture site+email; zero-HTTP V6 cheap-screen. Final MASTER dedupe/QA required.				overture:8b594b9c-7aa4-4b9b-b603-3801a8a62661	bovr-spi.com	19564108862	saida south padre island vacation rentals	South Padre Island	USA	HIGH	domain:bovr-spi.com
	A	91	Rockport	USA	Blue Zoo Bay Vacation Rentals		lodging	1401 Water St	+15127960648								overture:495e5761-725b-4a12-9842-5c77f67e7eb0	2026-08-15T00:58:09.532345Z		Canonical queue drain | fit A | GitHub MASTER dedupe passed	http://www.bluezoobay.com/	tdiaz@bluezoobay.com	https://bluezoobay.com/book-now		https://www.facebook.com/pages/category/Hotel---Lodging/Blue-Zoo-Bay-Vacation-Rentals-107492914329477/		https://bluezoobay.com/book-now				High	Verified	https://explore.overturemaps.org/#id=495e5761-725b-4a12-9842-5c77f67e7eb0	Public Overture site+email; zero-HTTP V6 cheap-screen. Final MASTER dedupe/QA required.				overture:495e5761-725b-4a12-9842-5c77f67e7eb0	bluezoobay.com	15127960648	blue zoo bay vacation rentals	Rockport	USA	HIGH	domain:bluezoobay.com
	A	91	Corpus Christi	USA	North Padre Vacation Rental Homes		hotel	14810 Windward Dr	+12103921151								overture:504ca3a4-25c0-4f59-94d4-4bbc0598172b	2026-08-15T00:56:13Z		Canonical queue drain | fit A | GitHub MASTER dedupe passed	http://northpadrecondos.com/	info@northpadrecondos.com	https://northpadrecondos.com/About-us/	https://www.instagram.com/northpadrecondos.com8/			https://northpadrecondos.com/vacation-rentals				High	Verified	https://explore.overturemaps.org/#id=504ca3a4-25c0-4f59-94d4-4bbc0598172b; https://northpadrecondos.com/	Public Overture site+email; zero-HTTP V6 cheap-screen. Final MASTER dedupe/QA required.				overture:504ca3a4-25c0-4f59-94d4-4bbc0598172b	northpadrecondos.com	12103921151	north padre vacation rental homes	Corpus Christi	USA	HIGH	domain:northpadrecondos.com
	A	91	Llanfynydd	United Kingdom	Sunnybank Lodge, Scandinavian style log Cabin Holiday Home		hotel	Sunnybank Lodge	+447973640281								overture:e9391767-544f-4b07-929a-30118e6c1795	2026-08-15T00:53:59.669877Z		Canonical queue drain | fit A | GitHub MASTER dedupe passed	https://www.independentcottages.co.uk/carmarthenshire/sunnybank-lodge-ref4645	peter.stojanovic1@gmail.com	https://www.independentcottages.co.uk/aboutUs.php		https://www.facebook.com/independentcottages/		https://www.independentcottages.co.uk/holiday-ideas/unusual-accommodation/				High	Verified	https://explore.overturemaps.org/#id=e9391767-544f-4b07-929a-30118e6c1795	Public Overture site+email; zero-HTTP V6 cheap-screen. Final MASTER dedupe/QA required.				overture:e9391767-544f-4b07-929a-30118e6c1795	independentcottages.co.uk	447973640281	sunnybank lodge scandinavian style log cabin holiday home	Llanfynydd	United Kingdom	HIGH	domain:independentcottages.co.uk
	A	91	Manistee	USA	West Shore Rental Management		property_management	227 W Parkdale Ave	+12317236599								overture:90a47ea8-0283-4f18-aca0-5b1edc35b17b	2026-08-15T00:53:59.669877Z		Canonical queue drain | fit A | GitHub MASTER dedupe passed	http://www.wsrminc.com/	westshore4rent@gmail.com	https://www.wsrminc.com/about-us/		https://www.facebook.com/West-Shore-Rental-Management-Inc-113827407742/		https://www.wsrminc.com/rentals/				High	Verified	https://explore.overturemaps.org/#id=90a47ea8-0283-4f18-aca0-5b1edc35b17b	Public Overture site+email; zero-HTTP V6 cheap-screen. Final MASTER dedupe/QA required.				overture:90a47ea8-0283-4f18-aca0-5b1edc35b17b	wsrminc.com	12317236599	west shore rental management	Manistee	USA	HIGH	domain:wsrminc.com
	A	91	Surprise	USA	West Valley Management		property_management	14239 W Bell Rd	+16239103048								overture:bea1dc5b-038e-45ff-b362-82e71467afcf	2026-08-15T00:53:59.669877Z		Canonical queue drain | fit A | GitHub MASTER dedupe passed	http://www.westvalleymanagement.com/	westvalleymanagement@gmail.com	https://www.westvalleymanagement.com/about-us/		https://www.facebook.com/West-Valley-Management-Team-189904054417185/		https://www.westvalleymanagement.com/rentals/				High	Verified	https://explore.overturemaps.org/#id=bea1dc5b-038e-45ff-b362-82e71467afcf	Public Overture site+email; zero-HTTP V6 cheap-screen. Final MASTER dedupe/QA required.				overture:bea1dc5b-038e-45ff-b362-82e71467afcf	westvalleymanagement.com	16239103048	west valley management	Surprise	USA	HIGH	domain:westvalleymanagement.com
	A	91	Pembroke	United Kingdom	The Golden Plover Holiday Home & Art Gallery		holiday_rental_home	The Golden Plover	+447873110556								overture:a72cf560-0a8b-4ed7-9a20-c69f48c69e93	2026-08-15T00:53:59.669877Z		Canonical queue drain | fit A | GitHub MASTER dedupe passed	http://www.thegoldenploverartgallery.com/	thegoldenploverpembs@gmail.com	https://www.thegoldenploverartgallery.com/contact		https://www.facebook.com/TheGoldenPloverArtGallery/		https://www.thegoldenploverartgallery.com/accommodation				High	Verified	https://explore.overturemaps.org/#id=a72cf560-0a8b-4ed7-9a20-c69f48c69e93	Public Overture site+email; zero-HTTP V6 cheap-screen. Final MASTER dedupe/QA required.				overture:a72cf560-0a8b-4ed7-9a20-c69f48c69e93	thegoldenploverartgallery.com	447873110556	the golden plover holiday home art gallery	Pembroke	United Kingdom	HIGH	domain:thegoldenploverartgallery.com
	A	91	Carnelian Bay	USA	Tahoe Rental Management		property_management	490 Nightingale Rd	+15305808565								overture:4e3e8157-fd77-443c-a19c-765879b7d8d0	2026-08-15T00:53:59.669877Z		Canonical queue drain | fit A | GitHub MASTER dedupe passed	http://tahoerentalmanagement.com/	info@tahoerentalmanagement.com	https://tahoerentalmanagement.com/about-us/	https://www.instagram.com/tahoerentalmanagement/	https://www.facebook.com/Tahoe-Rental-Management-568246670197179/						High	Verified	https://explore.overturemaps.org/#id=4e3e8157-fd77-443c-a19c-765879b7d8d0; https://tahoerentalmanagement.com/	Public Overture site+email; zero-HTTP V6 cheap-screen. Final MASTER dedupe/QA required.				overture:4e3e8157-fd77-443c-a19c-765879b7d8d0	tahoerentalmanagement.com	15305808565	tahoe rental management	Carnelian Bay	USA	HIGH	domain:tahoerentalmanagement.com
	A	91	Padstow	United Kingdom	Seven Bays Holidays		holiday_rental_home	St Merryn									overture:3cb7bbc0-ab18-49cb-99be-2dc6dcb5b6c5	2026-08-15T00:53:59.669877Z		Canonical queue drain | fit A | GitHub MASTER dedupe passed	http://www.sevenbaysholidays.co.uk/	contact@sevenbaysholidays.co.uk	https://www.sevenbaysholidays.co.uk/contact-us/	https://www.instagram.com/sevenbaysholidays/	https://www.facebook.com/Seven-Bays-Holidays-100882079579440/		https://www.sevenbaysholidays.co.uk/holiday-rentals-for-sale-cornwall-seven-bays-holidays/				High	Verified	https://explore.overturemaps.org/#id=3cb7bbc0-ab18-49cb-99be-2dc6dcb5b6c5; https://www.sevenbaysholidays.co.uk/	Public Overture site+email; zero-HTTP V6 cheap-screen. Final MASTER dedupe/QA required.				overture:3cb7bbc0-ab18-49cb-99be-2dc6dcb5b6c5	sevenbaysholidays.co.uk		seven bays holidays	Padstow	United Kingdom	HIGH	domain:sevenbaysholidays.co.uk
	A	91	Teignmouth	United Kingdom	Polly Cottage Teignmouth Holiday Rental		hotel	9 Ivy Lane	+447811341034								overture:52ed719a-66b6-4b98-8bd4-905bf67df36a	2026-08-15T00:53:59.669877Z		Canonical queue drain | fit A | GitHub MASTER dedupe passed	http://www.pollycottage.co.uk/	pollycottage@outlook.com	https://www.pollycottage.co.uk/contactus		https://www.facebook.com/pollycottageteignmouth/		https://www.pollycottage.co.uk/bookonline				High	Verified	https://explore.overturemaps.org/#id=52ed719a-66b6-4b98-8bd4-905bf67df36a	Public Overture site+email; zero-HTTP V6 cheap-screen. Final MASTER dedupe/QA required.				overture:52ed719a-66b6-4b98-8bd4-905bf67df36a	pollycottage.co.uk	447811341034	polly cottage teignmouth holiday rental	Teignmouth	United Kingdom	HIGH	domain:pollycottage.co.uk
	A	91	Olympic Valley	USA	Olympic Village Squaw Valley		ski_resort	1960 Squaw Valley Rd									overture:5f10b672-edce-4399-9867-63fe447ae656	2026-08-15T00:53:59.669877Z		Canonical queue drain | fit A | GitHub MASTER dedupe passed	http://www.olympicvillageinn.com/	reservations@olympicvillageinn.com	https://www.olympicvillageinn.com/contact/	https://www.instagram.com/olympicvillageinn/	https://www.facebook.com/OlympicVillageInn/		https://www.olympicvillageinn.com/rooms/				High	Verified	https://explore.overturemaps.org/#id=5f10b672-edce-4399-9867-63fe447ae656; https://www.olympicvillageinn.com/	Public Overture site+email; zero-HTTP V6 cheap-screen. Final MASTER dedupe/QA required.				overture:5f10b672-edce-4399-9867-63fe447ae656	olympicvillageinn.com		olympic village squaw valley	Olympic Valley	USA	HIGH	domain:olympicvillageinn.com
	A	91	Jackson	USA	Nc Development Group		property_management	159 W Pearl St	+15177966148								overture:2a0894b5-bbe6-4fed-bd32-6467576bd96e	2026-08-15T00:53:59.669877Z		Canonical queue drain | fit A | GitHub MASTER dedupe passed	http://www.ncdevgroup.com	info@ncdevgroup.com	https://www.ncdevgroup.com/about-us.cfm	https://www.instagram.com/ncdg.realestate/	https://www.facebook.com/ncdevgroup/						High	Verified	https://explore.overturemaps.org/#id=2a0894b5-bbe6-4fed-bd32-6467576bd96e; https://www.ncdevgroup.com/index.cfm	Public Overture site+email; zero-HTTP V6 cheap-screen. Final MASTER dedupe/QA required.				overture:2a0894b5-bbe6-4fed-bd32-6467576bd96e	ncdevgroup.com	15177966148	nc development group	Jackson	USA	HIGH	domain:ncdevgroup.com
	A	91	Wadebridge	United Kingdom	Waterside Riverside Holiday Home on Camel Trail		holiday_rental_home		+441726844928								overture:4ce5e0ad-a11b-43b0-8e64-594fdb548432	2026-08-15T00:53:59.669877Z		Canonical queue drain | fit A | GitHub MASTER dedupe passed	http://www.holidaycottagewadebridge.co.uk/	stay@holidaycottagewadebridge.co.uk	https://www.holidaycottagewadebridge.co.uk/contact/		https://www.facebook.com/waterside.wadebridge/		https://www.holidaycottagewadebridge.co.uk/wp-content/plugins/wp-simple-booking-calendar-premium/css/wpsbc-calendar.css?ver=8a70ac49d05fa84ef06952e1e27bd37f				High	Verified	https://explore.overturemaps.org/#id=4ce5e0ad-a11b-43b0-8e64-594fdb548432	Public Overture site+email; zero-HTTP V6 cheap-screen. Final MASTER dedupe/QA required.				overture:4ce5e0ad-a11b-43b0-8e64-594fdb548432	holidaycottagewadebridge.co.uk	441726844928	waterside riverside holiday home on camel trail	Wadebridge	United Kingdom	HIGH	domain:holidaycottagewadebridge.co.uk
	A	91	Exeter	United Kingdom	Cherry Tree Cottage, Holiday Rental Property, Devon		holiday_rental_home	Exeter Road, Kennford	+447790893325								overture:4ace79f5-cedf-41ca-a5bd-05f132ee3c8f	2026-08-15T00:53:59.669877Z		Canonical queue drain | fit A | GitHub MASTER dedupe passed	http://www.cherrytreecottagekennford.co.uk/	cherrytreecottagekennford@gmail.com	https://www.cherrytreecottagekennford.co.uk/enquiries/new		https://www.facebook.com/Cherrytreecottagekennford/		https://www.cherrytreecottagekennford.co.uk/properties/cherry-tree-cottage				High	Verified	https://explore.overturemaps.org/#id=4ace79f5-cedf-41ca-a5bd-05f132ee3c8f	Public Overture site+email; zero-HTTP V6 cheap-screen. Final MASTER dedupe/QA required.				overture:4ace79f5-cedf-41ca-a5bd-05f132ee3c8f	cherrytreecottagekennford.co.uk	447790893325	cherry tree cottage holiday rental property devon	Exeter	United Kingdom	HIGH	domain:cherrytreecottagekennford.co.uk
	A	91	Beulah	USA	Lil's on the Lake		holiday_rental_home	108 S Center St	+12313831180								overture:dd160e3c-2cc4-4e86-b9cc-d679255a7b9c	2026-08-15T00:53:59.669877Z		Canonical queue drain | fit A | GitHub MASTER dedupe passed	http://www.agapevacationrentals.com/	eric@agapevacationrentals.com	https://agapevacationrentals.com/about/		https://www.facebook.com/AgapeVacationRentals/		https://agapevacationrentals.com/properties/log-cabins/				High	Verified	https://explore.overturemaps.org/#id=dd160e3c-2cc4-4e86-b9cc-d679255a7b9c	Public Overture site+email; zero-HTTP V6 cheap-screen. Final MASTER dedupe/QA required.				overture:dd160e3c-2cc4-4e86-b9cc-d679255a7b9c	agapevacationrentals.com	12313831180	lil s on the lake	Beulah	USA	HIGH	domain:agapevacationrentals.com
	A	91	Fraser Valley	Canada	Snowflake Resort Chalets		ski_resort	20940 Snowflake Cres	+16047970055								overture:26b5bd8e-62f3-43e1-8251-fd6a53c1d83e	2026-08-15T00:53:59.669877Z		Canonical queue drain | fit A | GitHub MASTER dedupe passed	http://www.snowflakeresort.com	info@snowflakeresort.com	https://www.snowflakeresort.com/about		https://www.facebook.com/wix/		https://www.snowflakeresort.com/booking				High	Verified	https://explore.overturemaps.org/#id=26b5bd8e-62f3-43e1-8251-fd6a53c1d83e	Public Overture site+email; zero-HTTP V6 cheap-screen. Final MASTER dedupe/QA required.				overture:26b5bd8e-62f3-43e1-8251-fd6a53c1d83e	snowflakeresort.com	16047970055	snowflake resort chalets	Fraser Valley	Canada	HIGH	domain:snowflakeresort.com
	A	91	Anaheim	USA	Progressive Association Management		property_management	1290 N Hancock St	+17145283100								overture:67e66508-7257-4a8d-ac1f-d741debc71ef	2026-08-15T00:53:59.669877Z		Canonical queue drain | fit A | GitHub MASTER dedupe passed	https://progressive-am.com/	info@progressive-am.com	https://progressive-am.com/contact-us/	https://www.instagram.com/progressive_associationmgmt/	https://www.facebook.com/profile.php/						High	Verified	https://explore.overturemaps.org/#id=67e66508-7257-4a8d-ac1f-d741debc71ef; https://progressive-am.com/	Public Overture site+email; zero-HTTP V6 cheap-screen. Final MASTER dedupe/QA required.				overture:67e66508-7257-4a8d-ac1f-d741debc71ef	progressive-am.com	17145283100	progressive association management	Anaheim	USA	HIGH	domain:progressive-am.com
	A	91	San Antonio	USA	Spearhead Property Management		property_management	7550 W I-10	+12107735708								overture:a10b9250-f457-4fdf-9add-e13fdf2e076a	2026-08-15T00:53:59.669877Z		Canonical queue drain | fit A | GitHub MASTER dedupe passed	https://spearheadpm.com/	justin@spearheadpm.com	https://spearheadpm.com/about/		https://www.facebook.com/spearheadpm/		https://spearheadpm.com/book/				High	Verified	https://explore.overturemaps.org/#id=a10b9250-f457-4fdf-9add-e13fdf2e076a	Public Overture site+email; zero-HTTP V6 cheap-screen. Final MASTER dedupe/QA required.				overture:a10b9250-f457-4fdf-9add-e13fdf2e076a	spearheadpm.com	12107735708	spearhead property management	San Antonio	USA	HIGH	domain:spearheadpm.com
	A	91	New Braunfels	USA	Edwards Property Management		property_management	1111 N Walnut Ave	+18305155101								overture:0bf66464-9cb9-49ce-9155-5981079df5d4	2026-08-15T00:53:59.669877Z		Canonical queue drain | fit A | GitHub MASTER dedupe passed	http://www.edwardspropertymgmt.com/	leads@edwardspropertymgmt.com	https://edwardspropertymgmt.com/about-us	https://www.instagram.com/epmmkt1111/	https://www.facebook.com/EdwardsPropertyManagementNB/						High	Verified	https://explore.overturemaps.org/#id=0bf66464-9cb9-49ce-9155-5981079df5d4; https://edwardspropertymgmt.com/	Public Overture site+email; zero-HTTP V6 cheap-screen. Final MASTER dedupe/QA required.				overture:0bf66464-9cb9-49ce-9155-5981079df5d4	edwardspropertymgmt.com	18305155101	edwards property management	New Braunfels	USA	HIGH	domain:edwardspropertymgmt.com
	A	91	Exeter	United Kingdom	Crown Property Management		property_management	1 Barnfield Cres	+441392348170								overture:aabf73d1-9d05-41fc-986e-e061f1140f77	2026-08-15T00:53:59.669877Z		Canonical queue drain | fit A | GitHub MASTER dedupe passed	http://www.crownpropertymanagement.co.uk/	info@crownpropertymanagement.co.uk	https://www.crownpropertymanagement.co.uk/about.php	https://www.instagram.com/crownpropertymanagementltd/	https://www.facebook.com/Crownprop/						Medium	Recall-first	https://explore.overturemaps.org/#id=aabf73d1-9d05-41fc-986e-e061f1140f77; https://www.crownpropertymanagement.co.uk/	Public Overture site+email; zero-HTTP V6 cheap-screen. Final MASTER dedupe/QA required.				overture:aabf73d1-9d05-41fc-986e-e061f1140f77	crownpropertymanagement.co.uk	441392348170	crown property management	Exeter	United Kingdom	MEDIUM	domain:crownpropertymanagement.co.uk
	A	91	Elk Rapids	USA	Winterwood Property Management		property_management	710 US-31	+12313424686								overture:183d24f5-c1d6-4cb0-b3bd-92e3e05943be	2026-08-15T00:53:59.669877Z		Canonical queue drain | fit A | GitHub MASTER dedupe passed	http://wwpmtc.com/	vjsmith914@gmail.com	https://www.wwpmtc.com/contact		https://www.facebook.com/Winterwood Property Management/		https://www.wwpmtc.com/kewadin-vacation-rentals/				High	Verified	https://explore.overturemaps.org/#id=183d24f5-c1d6-4cb0-b3bd-92e3e05943be	Public Overture site+email; zero-HTTP V6 cheap-screen. Final MASTER dedupe/QA required.				overture:183d24f5-c1d6-4cb0-b3bd-92e3e05943be	wwpmtc.com	12313424686	winterwood property management	Elk Rapids	USA	HIGH	domain:wwpmtc.com
	A	91	Warren	USA	Without Worry Property Management		property_management	8559 South St SE	+13309890296								overture:2cba2f24-0198-409f-903a-ded956402ca2	2026-08-15T00:53:59.669877Z		Canonical queue drain | fit A | GitHub MASTER dedupe passed	http://Www.withoutworrypropertymanagement.com/	withoutworrypm@gmail.com	https://www.withoutworrypropertymanagement.com/contact		https://www.facebook.com/WOWPMOHIO/		https://www.withoutworrypropertymanagement.com/short-term-rentals-airbnb/welcome-books				High	Verified	https://explore.overturemaps.org/#id=2cba2f24-0198-409f-903a-ded956402ca2	Public Overture site+email; zero-HTTP V6 cheap-screen. Final MASTER dedupe/QA required.				overture:2cba2f24-0198-409f-903a-ded956402ca2	withoutworrypropertymanagement.com	13309890296	without worry property management	Warren	USA	HIGH	domain:withoutworrypropertymanagement.com
	A	91	Sheboygan	USA	3M Property Management LLC		property_management	929 N 8th St	+19202548920								overture:cc0365af-441e-415a-84e6-a9d4f029d3f6	2026-08-15T00:53:59.669877Z		Canonical queue drain | fit A | GitHub MASTER dedupe passed	https://www.victorianinnelkhartlake.com/	3mpropertymanagementllc@gmail.com	https://victorianinnelkhartlake.com/en/contact-us		https://www.facebook.com/3mpmllc/		https://victorianinnelkhartlake.com/en/booking-policies				High	Verified	https://explore.overturemaps.org/#id=cc0365af-441e-415a-84e6-a9d4f029d3f6	Public Overture site+email; zero-HTTP V6 cheap-screen. Final MASTER dedupe/QA required.				overture:cc0365af-441e-415a-84e6-a9d4f029d3f6	victorianinnelkhartlake.com	19202548920	3m property management llc	Sheboygan	USA	HIGH	domain:victorianinnelkhartlake.com
	A	91	Peoria	USA	Valentine Property Management		property_management	8631 W Union Hills Dr	+16028660150								overture:6d8d30b4-e173-4385-8536-7155e22ed1f8	2026-08-15T00:53:59.669877Z		Canonical queue drain | fit A | GitHub MASTER dedupe passed	https://valentineteam.com	debbiekayvalentine@valentineteam.com	https://www.valentineteam.com/about		https://www.facebook.com/ValentineSalesAndManagement/timeline/		https://www.valentineteam.com/phoenix-homes-for-rent				High	Verified	https://explore.overturemaps.org/#id=6d8d30b4-e173-4385-8536-7155e22ed1f8	Public Overture site+email; zero-HTTP V6 cheap-screen. Final MASTER dedupe/QA required.				overture:6d8d30b4-e173-4385-8536-7155e22ed1f8	valentineteam.com	16028660150	valentine property management	Peoria	USA	HIGH	domain:valentineteam.com
	A	91	St George	USA	Utah First Property Management		property_management	1240 E 100 S	+14356195336								overture:e7b22b46-8cc5-4743-bae1-f12952e35eb9	2026-08-15T00:53:59.669877Z		Canonical queue drain | fit A | GitHub MASTER dedupe passed	http://www.utah1st.com/	info@utah1st.com	https://www.utah1st.com/about-us		https://www.facebook.com/utahfirstpropertymanagement/	https://wa.me/14356195336					High	Verified	https://explore.overturemaps.org/#id=e7b22b46-8cc5-4743-bae1-f12952e35eb9	Public Overture site+email; zero-HTTP V6 cheap-screen. Final MASTER dedupe/QA required.				overture:e7b22b46-8cc5-4743-bae1-f12952e35eb9	utah1st.com	14356195336	utah first property management	St George	USA	HIGH	domain:utah1st.com
	A	91	Cardiff	United Kingdom	The Gray House Lettings and Property Management		property_management	104 Caerphilly Road	+442920692222								overture:2613ac7c-e436-4bb2-885c-5f47b2fb7fb8	2026-08-15T00:53:59.669877Z		Canonical queue drain | fit A | GitHub MASTER dedupe passed	http://www.thegrayhouse.co.uk/	info@thegrayhouse.co.uk	https://thegrayhouse.co.uk/about-us/	https://www.instagram.com/thegrayhouseltd/	https://www.facebook.com/thegrayhouseltd/						High	Verified	https://explore.overturemaps.org/#id=2613ac7c-e436-4bb2-885c-5f47b2fb7fb8; https://thegrayhouse.co.uk/	Public Overture site+email; zero-HTTP V6 cheap-screen. Final MASTER dedupe/QA required.				overture:2613ac7c-e436-4bb2-885c-5f47b2fb7fb8	thegrayhouse.co.uk	442920692222	the gray house lettings and property management	Cardiff	United Kingdom	HIGH	domain:thegrayhouse.co.uk
	A	91	London	USA	TA Property Management		property_management	289 Dufferin Ave	+15194324325								overture:a88335d0-c54f-4045-919b-42ac232dbdbb	2026-08-15T00:53:59.669877Z		Canonical queue drain | fit A | GitHub MASTER dedupe passed	http://www.tapropertymanagement.com/	info@tapropertymanagement.com	https://tapropertymanagement.com/about/		https://www.facebook.com/rentfromtom/		https://tapropertymanagement.com/properties/				High	Verified	https://explore.overturemaps.org/#id=a88335d0-c54f-4045-919b-42ac232dbdbb	Public Overture site+email; zero-HTTP V6 cheap-screen. Final MASTER dedupe/QA required.				overture:a88335d0-c54f-4045-919b-42ac232dbdbb	tapropertymanagement.com	15194324325	ta property management	London	USA	HIGH	domain:tapropertymanagement.com
	A	91	Cedar City	USA	Stratum Property Management		property_management	365 S Main St	+14352630677								overture:b14ddb8c-7176-4a94-810d-ed3e8296523b	2026-08-15T00:53:59.669877Z		Canonical queue drain | fit A | GitHub MASTER dedupe passed	https://stratumrealestate.com/rental-properties/	pm@stratumrealestate.com	https://stratumrealestate.com/wp-content/plugins/contact-form-7/includes/css/styles.css?ver=6.1.6		https://www.facebook.com/pages/Stratum-Real-Estate-Group/261088750570732/		https://stratumrealestate.com/rental-properties/				High	Verified	https://explore.overturemaps.org/#id=b14ddb8c-7176-4a94-810d-ed3e8296523b	Public Overture site+email; zero-HTTP V6 cheap-screen. Final MASTER dedupe/QA required.				overture:b14ddb8c-7176-4a94-810d-ed3e8296523b	stratumrealestate.com	14352630677	stratum property management	Cedar City	USA	HIGH	domain:stratumrealestate.com
	A	91	Cottrellville Twp	USA	St. Clair River House Vacation Rental		holiday_rental_home	8105 River Rd	+18106431175								overture:7d8483bd-ec0f-4f76-b4ba-c3c2d4c85348	2026-08-15T00:53:59.669877Z		Canonical queue drain | fit A | GitHub MASTER dedupe passed	http://www.StClairRiverHouse.com/	info@stclairriverhouse.com		https://www.instagram.com/StClairRiverHouse/	https://www.facebook.com/StClairRiverHouse/		http://www.StClairRiverHouse.com/BookNow.html				High	Verified	https://explore.overturemaps.org/#id=7d8483bd-ec0f-4f76-b4ba-c3c2d4c85348; http://www.stclairriverhouse.com/	Public Overture site+email; zero-HTTP V6 cheap-screen. Final MASTER dedupe/QA required.				overture:7d8483bd-ec0f-4f76-b4ba-c3c2d4c85348	stclairriverhouse.com	18106431175	st clair river house vacation rental	Cottrellville Twp	USA	HIGH	domain:stclairriverhouse.com
	A	91	Centennial	USA	Saint Property Management Team		property_management	12600 E Arapahoe Rd	+17203081037								overture:d82b0035-4b2c-4366-a591-6e3ad667b15f	2026-08-15T00:53:59.669877Z		Canonical queue drain | fit A | GitHub MASTER dedupe passed	http://www.saintpropertymanagement.com/	saintpropertymanagement@gmail.com	https://saintpropertymanagement.com/contact		https://www.facebook.com/ReMaxLeaders/		https://saintpropertymanagement.com/properties				High	Verified	https://explore.overturemaps.org/#id=d82b0035-4b2c-4366-a591-6e3ad667b15f	Public Overture site+email; zero-HTTP V6 cheap-screen. Final MASTER dedupe/QA required.				overture:d82b0035-4b2c-4366-a591-6e3ad667b15f	saintpropertymanagement.com	17203081037	saint property management team	Centennial	USA	HIGH	domain:saintpropertymanagement.com
	A	91	St George	USA	Real Property Management Southern Utah		property_management	295 N Bluff St	+14356734242								overture:79aadeb7-95cc-4434-adde-50c1ca9102e7	2026-08-15T00:53:59.669877Z		Canonical queue drain | fit A | GitHub MASTER dedupe passed	https://www.rpmsouthernutah.com/?cid=LSTL_RPM000183	info@rpmsouthernutah.com	https://www.rpmsouthernutah.com/about-us		https://www.facebook.com/RPMSouthernUtah/		https://www.rpmsouthernutah.com/st-george-rental-homes				High	Verified	https://explore.overturemaps.org/#id=79aadeb7-95cc-4434-adde-50c1ca9102e7	Public Overture site+email; zero-HTTP V6 cheap-screen. Final MASTER dedupe/QA required.				overture:79aadeb7-95cc-4434-adde-50c1ca9102e7	rpmsouthernutah.com	14356734242	real property management southern utah	St George	USA	HIGH	domain:rpmsouthernutah.com
	A	91	Rochester	USA	Rochester Property Management Group		property_management	411 Woodward Ave	+12486508983								overture:92c0e52c-757c-473d-af16-c538a24f5f03	2026-08-15T00:53:59.669877Z		Canonical queue drain | fit A | GitHub MASTER dedupe passed	https://RochesterPMG.com/	support@rochesterpmg.com	https://rochesterpmg.com/about-us/		https://www.facebook.com/RochesterPropertyManagementGroup/		http://rochesterpmg.com/wp-content/uploads/Condo-Buyers-Handbook.pdf				High	Verified	https://explore.overturemaps.org/#id=92c0e52c-757c-473d-af16-c538a24f5f03	Public Overture site+email; zero-HTTP V6 cheap-screen. Final MASTER dedupe/QA required.				overture:92c0e52c-757c-473d-af16-c538a24f5f03	rochesterpmg.com	12486508983	rochester property management group	Rochester	USA	HIGH	domain:rochesterpmg.com
	A	91	Windsor	USA	Richmond Property Management		property_management	1214 Ottawa St	+15199812015								overture:07d81373-d36b-414e-af87-8bafb792bf0b	2026-08-15T00:53:59.669877Z		Canonical queue drain | fit A | GitHub MASTER dedupe passed	https://richmondpm.ca/	info@richmondpm.ca	https://richmondpm.ca/about-us/	https://www.instagram.com/richmond_pm/	https://www.facebook.com/people/Richmond-PM/pfbid0wxWWXzfDhz3Kekpm6975GH1MihotjfYC5dBtVVN92sWmawhyVnxY5DwpbfFaS8Wwl/						High	Verified	https://explore.overturemaps.org/#id=07d81373-d36b-414e-af87-8bafb792bf0b; https://richmondpm.ca/	Public Overture site+email; zero-HTTP V6 cheap-screen. Final MASTER dedupe/QA required.				overture:07d81373-d36b-414e-af87-8bafb792bf0b	richmondpm.ca	15199812015	richmond property management	Windsor	USA	HIGH	domain:richmondpm.ca
	A	91	Menasha	USA	920 Property Management		property_management	634 W Airport Rd	+19203503053								overture:580cdb51-58df-42cd-a153-333a478f78e8	2026-08-15T00:53:59.669877Z		Canonical queue drain | fit A | GitHub MASTER dedupe passed	http://RentWith920.com/	hannah@rentwith920.com	https://www.rentwith920.com/about		https://www.facebook.com/920propertymanagement/		https://www.rentwith920.com/available-rentals				High	Verified	https://explore.overturemaps.org/#id=580cdb51-58df-42cd-a153-333a478f78e8	Public Overture site+email; zero-HTTP V6 cheap-screen. Final MASTER dedupe/QA required.				overture:580cdb51-58df-42cd-a153-333a478f78e8	rentwith920.com	19203503053	920 property management	Menasha	USA	HIGH	domain:rentwith920.com
	A	91	Fort Collins	USA	Armadillo Property Management		property_management	521 N Taft Hill Rd	+19704167368								overture:f871a3a2-1661-46fb-9306-c25ab3ab056e	2026-08-15T00:53:59.669877Z		Canonical queue drain | fit A | GitHub MASTER dedupe passed	http://www.rentfortcollins.com	leasing@rentfortcollins.com	https://www.rentfortcollins.com/about		https://www.facebook.com/armadilloproperty/		https://www.rentfortcollins.com/loveland-homes-for-rent				High	Verified	https://explore.overturemaps.org/#id=f871a3a2-1661-46fb-9306-c25ab3ab056e	Public Overture site+email; zero-HTTP V6 cheap-screen. Final MASTER dedupe/QA required.				overture:f871a3a2-1661-46fb-9306-c25ab3ab056e	rentfortcollins.com	19704167368	armadillo property management	Fort Collins	USA	HIGH	domain:rentfortcollins.com
	A	91	Brantford	USA	Ready 4 Rent Property Management		property_management	131 Gillin Rd	+18884691389								overture:13195bfa-3d70-4f12-9e9b-1e83d58c233a	2026-08-15T00:53:59.669877Z		Canonical queue drain | fit A | GitHub MASTER dedupe passed	http://www.ready4rent.com/	rent@ready4rent.com	https://ready4rent.com/contact/		https://www.facebook.com/149865625078479/		https://ready4rent.com/available-rentals/apartments-for-rent-in-hamilton/				High	Verified	https://explore.overturemaps.org/#id=13195bfa-3d70-4f12-9e9b-1e83d58c233a	Public Overture site+email; zero-HTTP V6 cheap-screen. Final MASTER dedupe/QA required.				overture:13195bfa-3d70-4f12-9e9b-1e83d58c233a	ready4rent.com	18884691389	ready 4 rent property management	Brantford	USA	HIGH	domain:ready4rent.com
	A	91	Grand Rapids	USA	Qwest Property Management		property_management	2844 Thornapple River Dr SE	+16169545900								overture:1e0f8a88-fc6b-435b-94f8-1aaee985d241	2026-08-15T00:53:59.669877Z		Canonical queue drain | fit A | GitHub MASTER dedupe passed	http://www.QwestPM.com/	info@qwestpm.com	https://www.qwestpm.com/about		https://www.facebook.com/Qwest-Property-Management-129499657091791/		https://www.qwestpm.com/grand-rapids-homes-for-rent				High	Verified	https://explore.overturemaps.org/#id=1e0f8a88-fc6b-435b-94f8-1aaee985d241	Public Overture site+email; zero-HTTP V6 cheap-screen. Final MASTER dedupe/QA required.				overture:1e0f8a88-fc6b-435b-94f8-1aaee985d241	qwestpm.com	16169545900	qwest property management	Grand Rapids	USA	HIGH	domain:qwestpm.com
	A	91	Prescott	USA	Prescott Cabin Rentals		cabin	5555 E Onyx Dr	+19287105029								overture:e66d27b6-6877-4526-84fa-57eb4c6b4f16	2026-08-15T00:53:59.669877Z		Canonical queue drain | fit A | GitHub MASTER dedupe passed	http://www.prescottcabinrentals.com	info@prescottcabinrentals.com	https://www.prescottcabinrentals.com/about-us/		https://www.facebook.com/prescottcabinrentals/		https://www.prescottcabinrentals.com/vacation/vacation-rentals-rentals-d0/				High	Verified	https://explore.overturemaps.org/#id=e66d27b6-6877-4526-84fa-57eb4c6b4f16	Public Overture site+email; zero-HTTP V6 cheap-screen. Final MASTER dedupe/QA required.				overture:e66d27b6-6877-4526-84fa-57eb4c6b4f16	prescottcabinrentals.com	19287105029	prescott cabin rentals	Prescott	USA	HIGH	domain:prescottcabinrentals.com
	A	91	Elmhurst	USA	Post Oak Property Management Inc		property_management	340 W Butterfield Rd	+16305180806								overture:dbf0127d-ac9c-4850-b33e-93000c8ede90	2026-08-15T00:53:59.669877Z		Canonical queue drain | fit A | GitHub MASTER dedupe passed	https://www.postoakrental.com/	info@postoakrental.com	https://www.postoakrental.com/about-us	https://www.instagram.com/postoakpropertymanagement/	https://www.facebook.com/profile.php/						High	Verified	https://explore.overturemaps.org/#id=dbf0127d-ac9c-4850-b33e-93000c8ede90; https://www.postoakrental.com/	Public Overture site+email; zero-HTTP V6 cheap-screen. Final MASTER dedupe/QA required.				overture:dbf0127d-ac9c-4850-b33e-93000c8ede90	postoakrental.com	16305180806	post oak property management inc	Elmhurst	USA	HIGH	domain:postoakrental.com
	A	91	Wyoming	USA	Property Management of West Michigan		property_management	1760 44th St SW	+16165315243								overture:ce14e5bc-a0ec-404f-abcb-9e9cdbc63e84	2026-08-15T00:53:59.669877Z		Canonical queue drain | fit A | GitHub MASTER dedupe passed	http://www.pmawm.com/	info@pmawm.com	https://www.pmawm.com/contact-us	https://www.instagram.com/pmawm/	https://www.facebook.com/PMAWM/						High	Verified	https://explore.overturemaps.org/#id=ce14e5bc-a0ec-404f-abcb-9e9cdbc63e84; https://www.pmawm.com/	Public Overture site+email; zero-HTTP V6 cheap-screen. Final MASTER dedupe/QA required.				overture:ce14e5bc-a0ec-404f-abcb-9e9cdbc63e84	pmawm.com	16165315243	property management of west michigan	Wyoming	USA	HIGH	domain:pmawm.com
	A	91	Grand Rapids	USA	Place Property Management		property_management	1940 Turner Ave NW	+16162299877								overture:a9e0d13c-a0bd-4261-bbae-1e3b77329f30	2026-08-15T00:53:59.669877Z		Canonical queue drain | fit A | GitHub MASTER dedupe passed	http://www.placegr.com/	welcome@placegr.com	https://www.placegr.com/about/		https://www.facebook.com/placepm/		https://www.placegr.com/properties/				Medium	Recall-first	https://explore.overturemaps.org/#id=a9e0d13c-a0bd-4261-bbae-1e3b77329f30	Public Overture site+email; zero-HTTP V6 cheap-screen. Final MASTER dedupe/QA required.				overture:a9e0d13c-a0bd-4261-bbae-1e3b77329f30	placegr.com	16162299877	place property management	Grand Rapids	USA	MEDIUM	domain:placegr.com
	A	91	Ferndale	USA	Palladium Property Management		property_management	1701 E 9 Mile Rd	+15865312729								overture:921721eb-973c-44a4-b50c-c857997272cd	2026-08-15T00:53:59.669877Z		Canonical queue drain | fit A | GitHub MASTER dedupe passed	http://www.palladiumpropertymgt.com/	palladiumcustomerservice@gmail.com	https://www.palladiumpropertymgt.com/about-us	https://www.instagram.com/palladiumpropertymgt/	https://www.facebook.com/palladiumpropertymgt/						High	Verified	https://explore.overturemaps.org/#id=921721eb-973c-44a4-b50c-c857997272cd; https://www.palladiumpropertymgt.com/	Public Overture site+email; zero-HTTP V6 cheap-screen. Final MASTER dedupe/QA required.				overture:921721eb-973c-44a4-b50c-c857997272cd	palladiumpropertymgt.com	15865312729	palladium property management	Ferndale	USA	HIGH	domain:palladiumpropertymgt.com
	A	91	Windsor	USA	OLH Property Management & Eviction Help		property_management	1201 Ottawa St	+15192583966								overture:e7798c81-73f9-4428-9838-a06eecd4f3ac	2026-08-15T00:53:59.669877Z		Canonical queue drain | fit A | GitHub MASTER dedupe passed	http://olhgroup.ca/	paul@olhgroup.ca	https://olhgroup.ca/contact	https://www.instagram.com/pauljrouillard/	https://www.facebook.com/groups/InvestorLandlord/						High	Verified	https://explore.overturemaps.org/#id=e7798c81-73f9-4428-9838-a06eecd4f3ac; https://olhgroup.ca/	Public Overture site+email; zero-HTTP V6 cheap-screen. Final MASTER dedupe/QA required.				overture:e7798c81-73f9-4428-9838-a06eecd4f3ac	olhgroup.ca	15192583966	olh property management eviction help	Windsor	USA	HIGH	domain:olhgroup.ca
	A	91	Newport	United Kingdom	Number One Property Management		property_management	Newport Market, M1.06 Mezzanine Level	+441633493070								overture:773234c1-044d-4932-a7e7-95c4831fd299	2026-08-15T00:53:59.669877Z		Canonical queue drain | fit A | GitHub MASTER dedupe passed	http://www.nopm.co.uk/	property.management@nopm.co.uk	https://nopm.co.uk/contact-us/	https://www.instagram.com/numberonerealestate/	https://www.facebook.com/Number-One-Lettings-100657138792515/						Medium	Recall-first	https://explore.overturemaps.org/#id=773234c1-044d-4932-a7e7-95c4831fd299; https://nopm.co.uk/	Public Overture site+email; zero-HTTP V6 cheap-screen. Final MASTER dedupe/QA required.				overture:773234c1-044d-4932-a7e7-95c4831fd299	nopm.co.uk	441633493070	number one property management	Newport	United Kingdom	MEDIUM	domain:nopm.co.uk
	A	91	Mequon	USA	Niets Property Management		property_management	11520 N Port Washington Rd Ste 103	(262) 241-5544								overture:a0090016-252c-4bff-93ab-f3971ff0fbdb	2026-08-15T00:53:59.669877Z		Canonical queue drain | fit A | GitHub MASTER dedupe passed	http://www.nietspm.com	bstein@nietspm.com	https://www.nietspm.com/contact/		https://www.facebook.com/pages/Niets-PM/445252462186856/		https://www.nietspm.com/apartments/				Medium	Recall-first	https://explore.overturemaps.org/#id=a0090016-252c-4bff-93ab-f3971ff0fbdb	Public Overture site+email; zero-HTTP V6 cheap-screen. Final MASTER dedupe/QA required.				overture:a0090016-252c-4bff-93ab-f3971ff0fbdb	nietspm.com	2622415544	niets property management	Mequon	USA	MEDIUM	domain:nietspm.com
	A	91	Marshall	USA	New Horizon Property Management		property_management	13947 W Michigan Ave	+12695588122								overture:17377b24-c7fa-4c17-b877-fe8f4abd3112	2026-08-15T00:53:59.669877Z		Canonical queue drain | fit A | GitHub MASTER dedupe passed	https://newhorizonmi.com/	info@newhorizonmi.com	https://www.newhorizonmi.com/about-us/		https://www.facebook.com/pages/New-Horizon-Property-Management/150421558483809/		https://www.newhorizonmi.com/wp-content/uploads/2019/05/portfolio-meijer.jpg				Medium	Recall-first	https://explore.overturemaps.org/#id=17377b24-c7fa-4c17-b877-fe8f4abd3112	Public Overture site+email; zero-HTTP V6 cheap-screen. Final MASTER dedupe/QA required.				overture:17377b24-c7fa-4c17-b877-fe8f4abd3112	newhorizonmi.com	12695588122	new horizon property management	Marshall	USA	MEDIUM	domain:newhorizonmi.com
	A	91	Grass Valley	USA	Mountain Valley Property Management		property_management	404 S Auburn St	+15302721631								overture:3b2aa147-1895-46b9-8692-e0b94202e320	2026-08-15T00:53:59.669877Z		Canonical queue drain | fit A | GitHub MASTER dedupe passed	http://mvalleypm.com/	info@mvalleypm.com	https://www.mvalleypm.com/about		https://www.facebook.com/Mountain-Valley-Property-Management-114031183657414/		https://www.mvalleypm.com/grass-valley-homes-for-rent				High	Verified	https://explore.overturemaps.org/#id=3b2aa147-1895-46b9-8692-e0b94202e320	Public Overture site+email; zero-HTTP V6 cheap-screen. Final MASTER dedupe/QA required.				overture:3b2aa147-1895-46b9-8692-e0b94202e320	mvalleypm.com	15302721631	mountain valley property management	Grass Valley	USA	HIGH	domain:mvalleypm.com
	A	91	Buckeye	USA	Main Street Property Management		property_management	21069 W Main St	+16239804200								overture:7ef3e1fd-6f6c-476a-99b2-a99e76beff88	2026-08-15T00:53:59.669877Z		Canonical queue drain | fit A | GitHub MASTER dedupe passed	https://mspmllc.com/	devpel@mspmllc.com	https://mspmllc.com/contact-us/		https://www.facebook.com/mspmllc/		https://mspmllc.com/featured-homes/				High	Verified	https://explore.overturemaps.org/#id=7ef3e1fd-6f6c-476a-99b2-a99e76beff88	Public Overture site+email; zero-HTTP V6 cheap-screen. Final MASTER dedupe/QA required.				overture:7ef3e1fd-6f6c-476a-99b2-a99e76beff88	mspmllc.com	16239804200	main street property management	Buckeye	USA	HIGH	domain:mspmllc.com
	A	91	Burlington	USA	MPC Property Management		property_management	120 E Chestnut St	+12626614284								overture:3e749ad4-07c8-4f4a-9c7e-f068cf049e6c	2026-08-15T00:53:59.669877Z		Canonical queue drain | fit A | GitHub MASTER dedupe passed	http://www.mpcpm.com	michellepete@mpcpm.com	https://mpcpm.com/about/		https://www.facebook.com/pages/Burlington/MPC-Property-Management-LLC/119151000614/		https://mpcpm.com/available-rentals/				High	Verified	https://explore.overturemaps.org/#id=3e749ad4-07c8-4f4a-9c7e-f068cf049e6c	Public Overture site+email; zero-HTTP V6 cheap-screen. Final MASTER dedupe/QA required.				overture:3e749ad4-07c8-4f4a-9c7e-f068cf049e6c	mpcpm.com	12626614284	mpc property management	Burlington	USA	HIGH	domain:mpcpm.com
	A	91	Grand Rapids	USA	Moayyer Property Management		property_management	611 71st St SE	+16162870901								overture:44a2894b-d013-43b2-bf31-670c5f4c48b8	2026-08-15T00:53:59.669877Z		Canonical queue drain | fit A | GitHub MASTER dedupe passed	https://www.moayyerrealestate.com/pages/property-management	april@moayyerrealestate.com	https://www.moayyerrealestate.com/contact	https://www.instagram.com/moayyerrealestate/	https://www.facebook.com/MoayyerRealEstateGroup/						High	Verified	https://explore.overturemaps.org/#id=44a2894b-d013-43b2-bf31-670c5f4c48b8; https://www.moayyerrealestate.com/pages/property-management	Public Overture site+email; zero-HTTP V6 cheap-screen. Final MASTER dedupe/QA required.				overture:44a2894b-d013-43b2-bf31-670c5f4c48b8	moayyerrealestate.com	16162870901	moayyer property management	Grand Rapids	USA	HIGH	domain:moayyerrealestate.com
	A	91	Merrillville	USA	MGM Property Management		property_management	295 E 61st Ave	+12193815312								overture:b652e2c7-21c0-478c-a57a-1f48f68b2fb4	2026-08-15T00:53:59.669877Z		Canonical queue drain | fit A | GitHub MASTER dedupe passed	http://www.mgmpmi.com/	info@mgmpmi.com	https://mgmpmi.com/wp-content/plugins/booking/css/client.css?ver=8.7.10		https://www.facebook.com/mgmpropertymanagementllc/		https://mgmpmi.com/wp-content/plugins/booking/css/client.css?ver=8.7.10				High	Verified	https://explore.overturemaps.org/#id=b652e2c7-21c0-478c-a57a-1f48f68b2fb4	Public Overture site+email; zero-HTTP V6 cheap-screen. Final MASTER dedupe/QA required.				overture:b652e2c7-21c0-478c-a57a-1f48f68b2fb4	mgmpmi.com	12193815312	mgm property management	Merrillville	USA	HIGH	domain:mgmpmi.com
	A	91	Manitowoc	USA	Manitowoc Property Management LLC		property_management	1034 S 18th St	+19207850910								overture:51d2230c-7b89-4f81-9885-bcbb4e7b69aa	2026-08-15T00:53:59.669877Z		Canonical queue drain | fit A | GitHub MASTER dedupe passed	https://www.manitowocpm.com/	info@manitowocpm.com	https://www.manitowocpm.com/about	https://www.instagram.com/mpm_llc/	https://www.facebook.com/ManitowocPropertyManagement/						High	Verified	https://explore.overturemaps.org/#id=51d2230c-7b89-4f81-9885-bcbb4e7b69aa; https://www.manitowocpm.com/	Public Overture site+email; zero-HTTP V6 cheap-screen. Final MASTER dedupe/QA required.				overture:51d2230c-7b89-4f81-9885-bcbb4e7b69aa	manitowocpm.com	19207850910	manitowoc property management llc	Manitowoc	USA	HIGH	domain:manitowocpm.com
	A	91	Saugatuck	USA	Hartman Property Management		property_management	6414 Palmelto Ct	+12694555449								overture:56d4f334-ad1c-45f1-befc-19446ad81129	2026-08-15T00:53:59.669877Z		Canonical queue drain | fit A | GitHub MASTER dedupe passed	http://Www.managedbyhartman.com/	info@managedbyhartman.com	https://www.managedbyhartman.com/about-us		https://www.facebook.com/managedbyhartman/		https://www.managedbyhartman.com/rentalproperties				High	Verified	https://explore.overturemaps.org/#id=56d4f334-ad1c-45f1-befc-19446ad81129	Public Overture site+email; zero-HTTP V6 cheap-screen. Final MASTER dedupe/QA required.				overture:56d4f334-ad1c-45f1-befc-19446ad81129	managedbyhartman.com	12694555449	hartman property management	Saugatuck	USA	HIGH	domain:managedbyhartman.com
	A	91	Taylor	USA	GPM Property Management		property_management	23944 Eureka Rd	+17342876619								overture:86159cff-e492-4f3a-9a25-7dd8b7323e85	2026-08-15T00:53:59.669877Z		Canonical queue drain | fit A | GitHub MASTER dedupe passed	http://livegpm.com/	info@livegpm.com	https://www.livegpm.com/about		https://www.facebook.com/DetroitPropertyManagement/		https://www.livegpm.com/rentals				High	Verified	https://explore.overturemaps.org/#id=86159cff-e492-4f3a-9a25-7dd8b7323e85	Public Overture site+email; zero-HTTP V6 cheap-screen. Final MASTER dedupe/QA required.				overture:86159cff-e492-4f3a-9a25-7dd8b7323e85	livegpm.com	17342876619	gpm property management	Taylor	USA	HIGH	domain:livegpm.com
	A	91	Port Clinton	USA	Ley Property Management		property_management	3890 E Harbor Light Landing Dr	+14197320140								overture:b2bbb8c8-edd4-42f5-a4a4-745d560828eb	2026-08-15T00:53:59.669877Z		Canonical queue drain | fit A | GitHub MASTER dedupe passed	https://www.leypropertymanagement.com/	customerservice@leypropertymanagement.com	https://www.leypropertymanagement.com/about-us	https://www.instagram.com/leyprop/	https://www.facebook.com/Ley-Property-Management-499253657261917/						High	Verified	https://explore.overturemaps.org/#id=b2bbb8c8-edd4-42f5-a4a4-745d560828eb; https://www.leypropertymanagement.com/	Public Overture site+email; zero-HTTP V6 cheap-screen. Final MASTER dedupe/QA required.				overture:b2bbb8c8-edd4-42f5-a4a4-745d560828eb	leypropertymanagement.com	14197320140	ley property management	Port Clinton	USA	HIGH	domain:leypropertymanagement.com
	A	91	Lake Geneva	USA	Lakes Property Management		property_management	700 Veterans Pkwy Unit 204	(262) 249-1922								overture:670e7a44-f88b-466d-ae71-65830969e55b	2026-08-15T00:53:59.669877Z		Canonical queue drain | fit A | GitHub MASTER dedupe passed	http://www.lakespropertymgt.com	southwick@lakespropertymgt.com	https://www.lakespropertymgt.com/contact/		https://www.facebook.com/LakesPropertyManagement/		https://www.lakespropertymgt.com/available-rentals				High	Verified	https://explore.overturemaps.org/#id=670e7a44-f88b-466d-ae71-65830969e55b	Public Overture site+email; zero-HTTP V6 cheap-screen. Final MASTER dedupe/QA required.				overture:670e7a44-f88b-466d-ae71-65830969e55b	lakespropertymgt.com	2622491922	lakes property management	Lake Geneva	USA	HIGH	domain:lakespropertymgt.com
	A	91	Holland	USA	Lakeshore Property Management		property_management	419 E 8th St	+16163928883								overture:bbca1db2-6771-41c2-9cdf-26329a7aecee	2026-08-15T00:53:59.669877Z		Canonical queue drain | fit A | GitHub MASTER dedupe passed	http://lakeshorepropertymanagement.com/	leasing@lakeshorepropertymanagement.com	https://lakeshorepropertymanagement.com/Home/AboutUs		https://www.facebook.com/LPMWestMichigan/		https://lakeshorepropertymanagement.com/Home/Properties				High	Verified	https://explore.overturemaps.org/#id=bbca1db2-6771-41c2-9cdf-26329a7aecee	Public Overture site+email; zero-HTTP V6 cheap-screen. Final MASTER dedupe/QA required.				overture:bbca1db2-6771-41c2-9cdf-26329a7aecee	lakeshorepropertymanagement.com	16163928883	lakeshore property management	Holland	USA	HIGH	domain:lakeshorepropertymanagement.com
	A	91	Nappanee	USA	Justus Property Management		property_management	104 S Main St	(574) 773-2910								overture:c1849ecb-bf91-4c98-a628-423730620398	2026-08-15T00:53:59.669877Z		Canonical queue drain | fit A | GitHub MASTER dedupe passed	https://www.justuspropertymanagement.com	swalters@justuspropertymanagement.com	https://www.justuspropertymanagement.com/contact		https://www.facebook.com/profile.php/		https://justuspropertymanagement.com/property/169901/Russell-House-Apartments				Medium	Recall-first	https://explore.overturemaps.org/#id=c1849ecb-bf91-4c98-a628-423730620398	Public Overture site+email; zero-HTTP V6 cheap-screen. Final MASTER dedupe/QA required.				overture:c1849ecb-bf91-4c98-a628-423730620398	justuspropertymanagement.com	5747732910	justus property management	Nappanee	USA	MEDIUM	domain:justuspropertymanagement.com
	A	91	Parker	USA	JTS Realty & Property Management		property_management	19751 E Mainstreet Ste R16	(303) 993-6436								overture:d92ec237-6180-43e8-b964-d19b273942c4	2026-08-15T00:53:59.669877Z		Canonical queue drain | fit A | GitHub MASTER dedupe passed	http://www.jtsrealty.com	info@jtsrealty.com		https://www.instagram.com/jtsrealtycolorado/	https://www.facebook.com/JTSRealEstate/		https://www.jtsrealty.com/featured-properties				Medium	Recall-first	https://explore.overturemaps.org/#id=d92ec237-6180-43e8-b964-d19b273942c4; https://www.jtsrealty.com/	Public Overture site+email; zero-HTTP V6 cheap-screen. Final MASTER dedupe/QA required.				overture:d92ec237-6180-43e8-b964-d19b273942c4	jtsrealty.com	3039936436	jts realty property management	Parker	USA	MEDIUM	domain:jtsrealty.com
	A	91	Novi	USA	JMZ Property Management		property_management	40020 W 12 Mile Rd	+12482846990								overture:f97c1a07-464f-4a56-b800-c09b01d4c90d	2026-08-15T00:53:59.669877Z		Canonical queue drain | fit A | GitHub MASTER dedupe passed	https://www.jmzmanagement.com/	info@jmzmanagement.com	https://www.jmzmanagement.com/about-page		https://www.facebook.com/people/JMZ-Management/61583225726428/		https://www.jmzmanagement.com/lathrup-village				High	Verified	https://explore.overturemaps.org/#id=f97c1a07-464f-4a56-b800-c09b01d4c90d	Public Overture site+email; zero-HTTP V6 cheap-screen. Final MASTER dedupe/QA required.				overture:f97c1a07-464f-4a56-b800-c09b01d4c90d	jmzmanagement.com	12482846990	jmz property management	Novi	USA	HIGH	domain:jmzmanagement.com
	A	91	Chatham-Kent	USA	Janssen Property Management		property_management	744 Grand Ave E	+15193517526								overture:627152f1-e7f6-4aae-a4f7-ea80a0e79e40	2026-08-15T00:53:59.669877Z		Canonical queue drain | fit A | GitHub MASTER dedupe passed	https://www.janssenpropertymanagement.ca/	janssenpropertymanagement@gmail.com	https://janssenpropertymanagement.ca/about-us	https://www.instagram.com/janssenpropertymanagement/	https://www.facebook.com/103074025433846/						High	Verified	https://explore.overturemaps.org/#id=627152f1-e7f6-4aae-a4f7-ea80a0e79e40; https://janssenpropertymanagement.ca/	Public Overture site+email; zero-HTTP V6 cheap-screen. Final MASTER dedupe/QA required.				overture:627152f1-e7f6-4aae-a4f7-ea80a0e79e40	janssenpropertymanagement.ca	15193517526	janssen property management	Chatham-Kent	USA	HIGH	domain:janssenpropertymanagement.ca
	A	91	Sturtevant	USA	Hyperion Property Management		property_management	2849 Wisconsin St	+14144364198								overture:67a48fc4-7983-4dea-a37b-5489efd3f131	2026-08-15T00:53:59.669877Z		Canonical queue drain | fit A | GitHub MASTER dedupe passed	https://www.hyperion-re.com/	hello@hyperion-re.com	https://www.hyperion-re.com/contact	https://www.instagram.com/hyperion_companies/	https://www.facebook.com/hyperionllc/						High	Verified	https://explore.overturemaps.org/#id=67a48fc4-7983-4dea-a37b-5489efd3f131; https://www.hyperion-re.com/	Public Overture site+email; zero-HTTP V6 cheap-screen. Final MASTER dedupe/QA required.				overture:67a48fc4-7983-4dea-a37b-5489efd3f131	hyperion-re.com	14144364198	hyperion property management	Sturtevant	USA	HIGH	domain:hyperion-re.com
	A	91	Waterloo	USA	HRS Property Management		property_management	188 King St N	+12269780101								overture:a477073b-f48f-42c6-8b51-6c7e66971faa	2026-08-15T00:53:59.669877Z		Canonical queue drain | fit A | GitHub MASTER dedupe passed	https://www.hrsproperty.com/	info@hrsproperty.com	https://www.hrsproperty.com/contact		https://www.facebook.com/pages/category/Property-Management-Company/HRS-Property-Management-2185419548351563/		https://www.hrsproperty.com/book-online				High	Verified	https://explore.overturemaps.org/#id=a477073b-f48f-42c6-8b51-6c7e66971faa	Public Overture site+email; zero-HTTP V6 cheap-screen. Final MASTER dedupe/QA required.				overture:a477073b-f48f-42c6-8b51-6c7e66971faa	hrsproperty.com	12269780101	hrs property management	Waterloo	USA	HIGH	domain:hrsproperty.com
	A	91	Lakewood	USA	Lori Peterson Home Suite Home Property Management		property_management	14837 Detroit Ave	+12166886182								overture:16e286ff-a738-413d-aa32-0ffcc8a94f14	2026-08-15T00:53:59.669877Z		Canonical queue drain | fit A | GitHub MASTER dedupe passed	http://www.homesuitehomepm.com/	lori@homesuitehomepm.com		https://www.instagram.com/homesuitehomepm/	https://www.facebook.com/homesuitehomepm/		https://www.homesuitehomepm.com/feed/atom				High	Verified	https://explore.overturemaps.org/#id=16e286ff-a738-413d-aa32-0ffcc8a94f14; https://www.homesuitehomepm.com/	Public Overture site+email; zero-HTTP V6 cheap-screen. Final MASTER dedupe/QA required.				overture:16e286ff-a738-413d-aa32-0ffcc8a94f14	homesuitehomepm.com	12166886182	lori peterson home suite home property management	Lakewood	USA	HIGH	domain:homesuitehomepm.com
	A	91	Orwell	USA	HLM Property Management		property_management	610 E Main St	+14409909532								overture:0424dab6-0e93-499c-99d4-b0616f901df9	2026-08-15T00:53:59.669877Z		Canonical queue drain | fit A | GitHub MASTER dedupe passed	http://hlmpropertymanagement.com/	hlmadmin@hlmpropertymanagement.com	https://hlmpropertymanagement.com/contact-us	https://www.instagram.com/hlmpropertymanagement_/	https://www.facebook.com/1119105921478998/						Medium	Recall-first	https://explore.overturemaps.org/#id=0424dab6-0e93-499c-99d4-b0616f901df9; https://hlmpropertymanagement.com/	Public Overture site+email; zero-HTTP V6 cheap-screen. Final MASTER dedupe/QA required.				overture:0424dab6-0e93-499c-99d4-b0616f901df9	hlmpropertymanagement.com	14409909532	hlm property management	Orwell	USA	MEDIUM	domain:hlmpropertymanagement.com
	A	91	Brook Park	USA	High Tech Property Management		property_management	6498 Emory Dr	+12165120422								overture:e9ee9721-9c74-4cb1-ad60-678f23b6f70f	2026-08-15T00:53:59.669877Z		Canonical queue drain | fit A | GitHub MASTER dedupe passed	https://www.hightechpropertymanagement.com/	shonda_holcomb@yahoo.com	https://hightechpropertymanagement.com/about/	https://www.instagram.com/hightechpropertymanagement/	https://www.facebook.com/hightechpropertymanagement/						High	Verified	https://explore.overturemaps.org/#id=e9ee9721-9c74-4cb1-ad60-678f23b6f70f; https://hightechpropertymanagement.com/	Public Overture site+email; zero-HTTP V6 cheap-screen. Final MASTER dedupe/QA required.				overture:e9ee9721-9c74-4cb1-ad60-678f23b6f70f	hightechpropertymanagement.com	12165120422	high tech property management	Brook Park	USA	HIGH	domain:hightechpropertymanagement.com
	A	91	South Haven	USA	Siesta Haven Vacation Home, South Haven		holiday_rental_home	South Haven St, South Haven, MI 49090, United States	+16162870196								overture:974d1ef0-5799-4354-8c29-da33c7efde6c	2026-08-15T00:53:59.669877Z		Canonical queue drain | fit A | GitHub MASTER dedupe passed	https://www.havenvacationhomes.com/	siestafiestarentals@gmail.com		https://www.instagram.com/siestahaven/	https://www.facebook.com/SiestaHaven/		https://www.havenvacationhomes.com/book				High	Verified	https://explore.overturemaps.org/#id=974d1ef0-5799-4354-8c29-da33c7efde6c; https://www.havenvacationhomes.com/	Public Overture site+email; zero-HTTP V6 cheap-screen. Final MASTER dedupe/QA required.				overture:974d1ef0-5799-4354-8c29-da33c7efde6c	havenvacationhomes.com	16162870196	siesta haven vacation home south haven	South Haven	USA	HIGH	domain:havenvacationhomes.com
	A	91	Grosse Pointe	USA	Grosse Pointe Apartments and Property Management		property_management	17728 Mack Ave	(313) 505-0456								overture:1b89f525-3835-4207-bc11-1ed924f196e5	2026-08-15T00:53:59.669877Z		Canonical queue drain | fit A | GitHub MASTER dedupe passed	https://www.grossepointeapartments.com	gpapartments@gmail.com	https://www.grossepointeapartments.com/contact-us		https://www.facebook.com/https://www.facebook.com/GrossePointeApartments/		https://www.grossepointeapartments.com/q-and-as				High	Verified	https://explore.overturemaps.org/#id=1b89f525-3835-4207-bc11-1ed924f196e5	Public Overture site+email; zero-HTTP V6 cheap-screen. Final MASTER dedupe/QA required.				overture:1b89f525-3835-4207-bc11-1ed924f196e5	grossepointeapartments.com	3135050456	grosse pointe apartments and property management	Grosse Pointe	USA	HIGH	domain:grossepointeapartments.com
	A	91	Clinton Township	USA	Great Lakes Property Management Co.		property_management	15501 Metropolitan Pkwy Ste 105	(586) 557-3977								overture:7e8e8f66-7772-4456-b46d-34b5b9455c9e	2026-08-15T00:53:59.669877Z		Canonical queue drain | fit A | GitHub MASTER dedupe passed	http://www.greatlakespropertymanagement.com	tonyglpm@yahoo.com	https://www.greatlakespropertymanagement.com/about		https://www.facebook.com/greatlakespropertymgmt/		https://www.greatlakespropertymanagement.com/clinton-township-homes-for-rent				High	Verified	https://explore.overturemaps.org/#id=7e8e8f66-7772-4456-b46d-34b5b9455c9e	Public Overture site+email; zero-HTTP V6 cheap-screen. Final MASTER dedupe/QA required.				overture:7e8e8f66-7772-4456-b46d-34b5b9455c9e	greatlakespropertymanagement.com	5865573977	great lakes property management co	Clinton Township	USA	HIGH	domain:greatlakespropertymanagement.com
	A	91	Grand Junction	USA	Freedom Property Management		property_management	529 25 1/2 Rd	+19702456411								overture:94e5907e-ec24-4b14-afc3-342488c9e781	2026-08-15T00:53:59.669877Z		Canonical queue drain | fit A | GitHub MASTER dedupe passed	http://www.freedomprop.com/	info@freedomprop.com	http://www.freedomprop.com/about		https://www.facebook.com/grandjctrentals/		http://www.freedomprop.com/market-2-homes-for-rent				High	Verified	https://explore.overturemaps.org/#id=94e5907e-ec24-4b14-afc3-342488c9e781	Public Overture site+email; zero-HTTP V6 cheap-screen. Final MASTER dedupe/QA required.				overture:94e5907e-ec24-4b14-afc3-342488c9e781	freedomprop.com	19702456411	freedom property management	Grand Junction	USA	HIGH	domain:freedomprop.com
	A	91	Penryn	United Kingdom	Falmouth Cleaning and Property Management		property_management	Unit 1A, Kernick Industrial Estate	+441326531711								overture:e47bcdb8-d9cd-4269-9917-70070b82989c	2026-08-15T00:53:59.669877Z		Canonical queue drain | fit A | GitHub MASTER dedupe passed	http://www.falmouthcleaningmanagement.co.uk/	info@falmouthcleaningmanagement.co.uk	https://www.falmouthcleaningmanagement.co.uk/about-us	https://www.instagram.com/falmouthcleaning/	https://www.facebook.com/FalmouthCleaningManagement/						High	Verified	https://explore.overturemaps.org/#id=e47bcdb8-d9cd-4269-9917-70070b82989c; https://www.falmouthcleaningmanagement.co.uk/	Public Overture site+email; zero-HTTP V6 cheap-screen. Final MASTER dedupe/QA required.				overture:e47bcdb8-d9cd-4269-9917-70070b82989c	falmouthcleaningmanagement.co.uk	441326531711	falmouth cleaning and property management	Penryn	United Kingdom	HIGH	domain:falmouthcleaningmanagement.co.uk
	A	91	Chicago	USA	Fairmont Property Management		property_management	2927 N Lincoln Ave	+17732705489								overture:8aa5e3c3-4aad-4a65-8e6a-42220e0994e8	2026-08-15T00:53:59.669877Z		Canonical queue drain | fit A | GitHub MASTER dedupe passed	http://www.fairmontpm.com/	info@fairmontpm.com	https://www.fairmontpm.com/about		https://www.facebook.com/FairmontPM/		https://www.fairmontpm.com/roscoe-village-north-center				High	Verified	https://explore.overturemaps.org/#id=8aa5e3c3-4aad-4a65-8e6a-42220e0994e8	Public Overture site+email; zero-HTTP V6 cheap-screen. Final MASTER dedupe/QA required.				overture:8aa5e3c3-4aad-4a65-8e6a-42220e0994e8	fairmontpm.com	17732705489	fairmont property management	Chicago	USA	HIGH	domain:fairmontpm.com
	A	91	Oak Park	USA	European Touch Property Management		property_management	710 Washington Blvd	+17085249531								overture:b9808d23-04a4-49aa-92cb-b07ed74c6737	2026-08-15T00:53:59.669877Z		Canonical queue drain | fit A | GitHub MASTER dedupe passed	http://www.europeantouchproperties.net/	europeantouchproperty@gmail.com	https://www.europeantouchproperties.net/about		https://www.facebook.com/europeantouchproperties/		https://www.europeantouchproperties.net/properties				Medium	Recall-first	https://explore.overturemaps.org/#id=b9808d23-04a4-49aa-92cb-b07ed74c6737	Public Overture site+email; zero-HTTP V6 cheap-screen. Final MASTER dedupe/QA required.				overture:b9808d23-04a4-49aa-92cb-b07ed74c6737	europeantouchproperties.net	17085249531	european touch property management	Oak Park	USA	MEDIUM	domain:europeantouchproperties.net
	A	91	Southfield	USA	Elite Property Management		property_management	16250 Northland Dr Ste 301	(248) 228-1340								overture:bcde2f45-af05-4226-857f-d94987c7eb1c	2026-08-15T00:53:59.669877Z		Canonical queue drain | fit A | GitHub MASTER dedupe passed	http://www.elitep-m.com	esimanagement@hotmail.com	https://www.elitep-m.com/about		https://www.facebook.com/elitepropertiemangementllc/		https://www.elitep-m.com/northwest-unity-homes				Medium	Recall-first	https://explore.overturemaps.org/#id=bcde2f45-af05-4226-857f-d94987c7eb1c	Public Overture site+email; zero-HTTP V6 cheap-screen. Final MASTER dedupe/QA required.				overture:bcde2f45-af05-4226-857f-d94987c7eb1c	elitep-m.com	2482281340	elite property management	Southfield	USA	MEDIUM	domain:elitep-m.com
	A	91	Cambridge	USA	Elite Property Management Inc.		property_management	73 Pollock Ave	+12262206806								overture:f5bb1706-be84-4047-aa77-162f0b75589d	2026-08-15T00:53:59.669877Z		Canonical queue drain | fit A | GitHub MASTER dedupe passed	https://www.elitemgt.ca/	info@elitemgt.ca	https://www.elitemgt.ca/about	https://www.instagram.com/elitepm.ca/	https://www.facebook.com/elitepm.ca/						High	Verified	https://explore.overturemaps.org/#id=f5bb1706-be84-4047-aa77-162f0b75589d; https://www.elitemgt.ca/	Public Overture site+email; zero-HTTP V6 cheap-screen. Final MASTER dedupe/QA required.				overture:f5bb1706-be84-4047-aa77-162f0b75589d	elitemgt.ca	12262206806	elite property management inc	Cambridge	USA	HIGH	domain:elitemgt.ca
	A	91	Blue Mountains	USA	E & H Property Management		property_management	200 Bruce St S	+15195993585								overture:76e926b6-c6d0-4c4e-b856-b238a8811509	2026-08-15T00:53:59.669877Z		Canonical queue drain | fit A | GitHub MASTER dedupe passed	http://www.ehpm.ca/	info@ehpm.ca	https://www.ehpm.ca/about	https://www.instagram.com/wix/	https://www.facebook.com/wix/						High	Verified	https://explore.overturemaps.org/#id=76e926b6-c6d0-4c4e-b856-b238a8811509	Public Overture site+email; zero-HTTP V6 cheap-screen. Final MASTER dedupe/QA required.				overture:76e926b6-c6d0-4c4e-b856-b238a8811509	ehpm.ca	15195993585	e h property management	Blue Mountains	USA	HIGH	domain:ehpm.ca
	A	91	Durango	USA	Durango Property Management		property_management	450 S Camino del Rio	+19702595612								overture:6435c35d-48ff-4487-9a5f-0fb97450ff8a	2026-08-15T00:53:59.669877Z		Canonical queue drain | fit A | GitHub MASTER dedupe passed	http://www.durangorentals.com/	info@durangorentals.com	https://durangorentals.com/contact		https://www.facebook.com/Durango-Property-Management-Inc-166213333396881/		https://durangorentals.com/feed/				High	Verified	https://explore.overturemaps.org/#id=6435c35d-48ff-4487-9a5f-0fb97450ff8a	Public Overture site+email; zero-HTTP V6 cheap-screen. Final MASTER dedupe/QA required.				overture:6435c35d-48ff-4487-9a5f-0fb97450ff8a	durangorentals.com	19702595612	durango property management	Durango	USA	HIGH	domain:durangorentals.com
	A	91	Windsor	USA	Dream Team Property Management & Renovations Corporation		property_management	1705 Wyandotte St W	+12265067736								overture:d85e00b1-6f4c-4c4a-98a3-f49dd12486a7	2026-08-15T00:53:59.669877Z		Canonical queue drain | fit A | GitHub MASTER dedupe passed	http://www.dreamteamproperty.ca/	info@dreamteamproperty.ca	https://dreamteamproperty.ca/about-us/	https://www.instagram.com/dtproperty.ca/	https://www.facebook.com/p/Dream-Team-Property-Management-Renovations-100089257453361/						High	Verified	https://explore.overturemaps.org/#id=d85e00b1-6f4c-4c4a-98a3-f49dd12486a7; https://dreamteamproperty.ca/	Public Overture site+email; zero-HTTP V6 cheap-screen. Final MASTER dedupe/QA required.				overture:d85e00b1-6f4c-4c4a-98a3-f49dd12486a7	dreamteamproperty.ca	12265067736	dream team property management renovations corporation	Windsor	USA	HIGH	domain:dreamteamproperty.ca
	A	91	Glendale	USA	COR Property Management		property_management	20280 N 59th Ave	+16026268045								overture:f3bc4915-b207-45b9-b239-7d12fd493053	2026-08-15T00:53:59.669877Z		Canonical queue drain | fit A | GitHub MASTER dedupe passed	http://www.corpropertymanagement.com/	info@corpropertymanagement.com	https://www.corpropertymanagement.com/about-us/		https://www.facebook.com/CORpropertymanagementaz/		https://www.corpropertymanagement.com/rentals/				High	Verified	https://explore.overturemaps.org/#id=f3bc4915-b207-45b9-b239-7d12fd493053	Public Overture site+email; zero-HTTP V6 cheap-screen. Final MASTER dedupe/QA required.				overture:f3bc4915-b207-45b9-b239-7d12fd493053	corpropertymanagement.com	16026268045	cor property management	Glendale	USA	HIGH	domain:corpropertymanagement.com
	A	91	Grass Valley	USA	Collins Property Management, #01273680		property_management	116 W Main St	+15304601127								overture:a81ce299-221e-4338-8459-bd8d5b5b3659	2026-08-15T00:53:59.669877Z		Canonical queue drain | fit A | GitHub MASTER dedupe passed	http://CollinsPropertyManagement.net/	info@collinspropertymanagement.net	https://www.collinspropertymanagement.net/about		https://www.facebook.com/CPM.NevadaCounty/		https://www.collinspropertymanagement.net/grass-valley-homes-for-rent				High	Verified	https://explore.overturemaps.org/#id=a81ce299-221e-4338-8459-bd8d5b5b3659	Public Overture site+email; zero-HTTP V6 cheap-screen. Final MASTER dedupe/QA required.				overture:a81ce299-221e-4338-8459-bd8d5b5b3659	collinspropertymanagement.net	15304601127	collins property management 01273680	Grass Valley	USA	HIGH	domain:collinspropertymanagement.net
	A	91	Blue Mountains	USA	CKG Property Management		social_or_community_service	207484 HWY-26	+15195995037								overture:9dd5f0e2-0eba-4186-8b57-6d03802f7446	2026-08-15T00:53:59.669877Z		Canonical queue drain | fit A | GitHub MASTER dedupe passed	http://www.ckgpropertymanagement.com/	info@ckgpropertymanagement.com	https://ckgpropertymanagement.com/contact-us	https://www.instagram.com/ckgpropertymanagement/	https://www.facebook.com/100703249596353/						High	Verified	https://explore.overturemaps.org/#id=9dd5f0e2-0eba-4186-8b57-6d03802f7446	Public Overture site+email; zero-HTTP V6 cheap-screen. Final MASTER dedupe/QA required.				overture:9dd5f0e2-0eba-4186-8b57-6d03802f7446	ckgpropertymanagement.com	15195995037	ckg property management	Blue Mountains	USA	HIGH	domain:ckgpropertymanagement.com
	A	91	Troy	USA	Choam Property Management		property_management	1236 Rankin Dr	+12487948751								overture:2f693d4d-cf79-4108-9b50-ccceef56054b	2026-08-15T00:53:59.669877Z		Canonical queue drain | fit A | GitHub MASTER dedupe passed	https://www.choampmgmt.com/	tmbcincinstagram@gmail.com	https://www.choampmgmt.com/booking-calendar/solutions-for-owners-and-investors		https://www.facebook.com/wix/		https://www.choampmgmt.com/booking-calendar/solutions-for-owners-and-investors				High	Verified	https://explore.overturemaps.org/#id=2f693d4d-cf79-4108-9b50-ccceef56054b	Public Overture site+email; zero-HTTP V6 cheap-screen. Final MASTER dedupe/QA required.				overture:2f693d4d-cf79-4108-9b50-ccceef56054b	choampmgmt.com	12487948751	choam property management	Troy	USA	HIGH	domain:choampmgmt.com
	A	91	South Haven	USA	Chillin Away Vacation Rental at South Haven, MI		holiday_rental_home										overture:f48acbd7-011a-4892-823f-8c43d8593b9b	2026-08-15T00:53:59.669877Z		Canonical queue drain | fit A | GitHub MASTER dedupe passed	http://www.chillinaway.com/	hello@chillinaway.com	https://chillinaway.com/contact-us/	https://www.instagram.com/basslakechillinaway/	https://www.facebook.com/chillinawaybasslake/		https://chillinaway.com/book/				High	Verified	https://explore.overturemaps.org/#id=f48acbd7-011a-4892-823f-8c43d8593b9b; https://chillinaway.com/	Public Overture site+email; zero-HTTP V6 cheap-screen. Final MASTER dedupe/QA required.				overture:f48acbd7-011a-4892-823f-8c43d8593b9b	chillinaway.com		chillin away vacation rental at south haven mi	South Haven	USA	HIGH	domain:chillinaway.com
	A	91	South Bend	USA	HomeWorks Property Management		property_management	1920 Ridgedale Rd	+15742333302								overture:c3858661-78e6-4474-b14c-70688e63e7aa	2026-08-15T00:53:59.669877Z		Canonical queue drain | fit A | GitHub MASTER dedupe passed	http://www.checkhw.com/	office@checkhw.com	https://www.checkhw.com/contact/		https://www.facebook.com/HomeWorksPropertyManagement/		https://www.checkhw.com/homes/				High	Verified	https://explore.overturemaps.org/#id=c3858661-78e6-4474-b14c-70688e63e7aa	Public Overture site+email; zero-HTTP V6 cheap-screen. Final MASTER dedupe/QA required.				overture:c3858661-78e6-4474-b14c-70688e63e7aa	checkhw.com	15742333302	homeworks property management	South Bend	USA	HIGH	domain:checkhw.com
	A	91	Parma	USA	Capstone 72 US Property Management		home_developer	1440 Rockside Rd	+18586726306								overture:9ade19c9-1e5c-4e3a-b344-12ef96c0acf6	2026-08-15T00:53:59.669877Z		Canonical queue drain | fit A | GitHub MASTER dedupe passed	https://www.capstone72.com/	info@capstone72.com	https://capstone72.com/about/	https://www.instagram.com/capstone72properties_us/	https://www.facebook.com/Capstone72/						High	Verified	https://explore.overturemaps.org/#id=9ade19c9-1e5c-4e3a-b344-12ef96c0acf6; https://capstone72.com/	Public Overture site+email; zero-HTTP V6 cheap-screen. Final MASTER dedupe/QA required.				overture:9ade19c9-1e5c-4e3a-b344-12ef96c0acf6	capstone72.com	18586726306	capstone 72 us property management	Parma	USA	HIGH	domain:capstone72.com
	A	91	Fort Wayne	USA	Capital Property Management		property_management	116 E Berry St	+12604221455								overture:c2957509-a3df-43d1-b47f-173e55a0a2b5	2026-08-15T00:53:59.669877Z		Canonical queue drain | fit A | GitHub MASTER dedupe passed	http://www.capitalpm.biz/	fredorr@capitalpm.biz	https://www.capitalpm.biz/about-us/		https://www.facebook.com/rentfortwayne/		https://www.capitalpm.biz/{facebook-social-link}				High	Verified	https://explore.overturemaps.org/#id=c2957509-a3df-43d1-b47f-173e55a0a2b5	Public Overture site+email; zero-HTTP V6 cheap-screen. Final MASTER dedupe/QA required.				overture:c2957509-a3df-43d1-b47f-173e55a0a2b5	capitalpm.biz	12604221455	capital property management	Fort Wayne	USA	HIGH	domain:capitalpm.biz
	A	91	Brookfield	USA	Cap Property Management		property_management	3190 Gateway Rd	+12623641753								overture:b408053b-efda-48a1-9080-0cba225ecc13	2026-08-15T00:53:59.669877Z		Canonical queue drain | fit A | GitHub MASTER dedupe passed	http://www.capapartments.com/	bryan@capapartments.com	https://capapartments.com/about-us/		https://www.facebook.com/capmanage/		https://capapartments.com/feed/				High	Verified	https://explore.overturemaps.org/#id=b408053b-efda-48a1-9080-0cba225ecc13	Public Overture site+email; zero-HTTP V6 cheap-screen. Final MASTER dedupe/QA required.				overture:b408053b-efda-48a1-9080-0cba225ecc13	capapartments.com	12623641753	cap property management	Brookfield	USA	HIGH	domain:capapartments.com
	A	91	St George	USA	BrookStone Property Management		property_management	965 E 700 S	+14354144500								overture:3097e6f9-4aee-4386-a216-e20a70b55644	2026-08-15T00:53:59.669877Z		Canonical queue drain | fit A | GitHub MASTER dedupe passed	http://www.brookstonepm.com/	ray@brookstonepm.com	https://brookstonepm.com/contact/		https://www.facebook.com/brookstonepm/		https://brookstonepm.com/rentals/				High	Verified	https://explore.overturemaps.org/#id=3097e6f9-4aee-4386-a216-e20a70b55644	Public Overture site+email; zero-HTTP V6 cheap-screen. Final MASTER dedupe/QA required.				overture:3097e6f9-4aee-4386-a216-e20a70b55644	brookstonepm.com	14354144500	brookstone property management	St George	USA	HIGH	domain:brookstonepm.com
	A	91	Littleton	USA	Beacon Property Management		property_management	8307 Shaffer Pkwy	+13033470975								overture:e6b68ad9-6936-41bc-9df8-d4feb6bc2724	2026-08-15T00:53:59.669877Z		Canonical queue drain | fit A | GitHub MASTER dedupe passed	http://www.beaconpropertymanagement.com/	kziegler@beaconpropertymanagement.com	https://beaconpropertymanagement.com/contact/	https://www.instagram.com/investorsusebeacon/	https://www.facebook.com/profile.php/						High	Verified	https://explore.overturemaps.org/#id=e6b68ad9-6936-41bc-9df8-d4feb6bc2724; https://beaconpropertymanagement.com/	Public Overture site+email; zero-HTTP V6 cheap-screen. Final MASTER dedupe/QA required.				overture:e6b68ad9-6936-41bc-9df8-d4feb6bc2724	beaconpropertymanagement.com	13033470975	beacon property management	Littleton	USA	HIGH	domain:beaconpropertymanagement.com
	A	91	New Paris	USA	Assurance Property Management		property_management	19097 County Road 46	+15748316170								overture:af99cb37-129a-41ac-b0f9-6a686064c3ec	2026-08-15T00:53:59.669877Z		Canonical queue drain | fit A | GitHub MASTER dedupe passed	http://apmrinc.com/	mtuckersd@aol.com	https://www.apmrinc.com/about-4	https://www.instagram.com/wix/	https://www.facebook.com/search/top/						High	Verified	https://explore.overturemaps.org/#id=af99cb37-129a-41ac-b0f9-6a686064c3ec; https://www.apmrinc.com/	Public Overture site+email; zero-HTTP V6 cheap-screen. Final MASTER dedupe/QA required.				overture:af99cb37-129a-41ac-b0f9-6a686064c3ec	apmrinc.com	15748316170	assurance property management	New Paris	USA	HIGH	domain:apmrinc.com
	A	91	Holland	USA	AMK Rentals and Property Management		property_management	4704 60th St	+16165664350								overture:18c2f145-e279-4f06-adda-f22185efef9e	2026-08-15T00:53:59.669877Z		Canonical queue drain | fit A | GitHub MASTER dedupe passed	http://www.amkpm.net/	info@amkpm.net	https://www.amkpm.net/about-us		https://www.facebook.com/amkrentals/		https://www.amkpm.net/universal/svg/social-accounts.svg				High	Verified	https://explore.overturemaps.org/#id=18c2f145-e279-4f06-adda-f22185efef9e	Public Overture site+email; zero-HTTP V6 cheap-screen. Final MASTER dedupe/QA required.				overture:18c2f145-e279-4f06-adda-f22185efef9e	amkpm.net	16165664350	amk rentals and property management	Holland	USA	HIGH	domain:amkpm.net
	A	91	Grand Rapids	USA	American Realty Property Management		property_management	838 Cherry St SE	+16169139004								overture:936ef250-c28a-4488-b470-48e8b89dcb8a	2026-08-15T00:53:59.669877Z		Canonical queue drain | fit A | GitHub MASTER dedupe passed	http://www.american-realty.com/	info@american-realty.com	https://american-realty.com/contact/	https://www.instagram.com/americanrealtypm/	https://www.facebook.com/AmericanRealtyPM/						High	Verified	https://explore.overturemaps.org/#id=936ef250-c28a-4488-b470-48e8b89dcb8a; https://american-realty.com/	Public Overture site+email; zero-HTTP V6 cheap-screen. Final MASTER dedupe/QA required.				overture:936ef250-c28a-4488-b470-48e8b89dcb8a	american-realty.com	16169139004	american realty property management	Grand Rapids	USA	HIGH	domain:american-realty.com
	A	91	Tempe	USA	Alter Property Management		property_management	1200 W University Dr	+14806137600								overture:d8f3d56a-9a8d-43ad-86df-0cb774c17d74	2026-08-15T00:53:59.669877Z		Canonical queue drain | fit A | GitHub MASTER dedupe passed	http://www.alterpm.com/	tiffany@alterpm.com	https://alterpm.com/about/	https://www.instagram.com/alterpm_/	https://www.facebook.com/AlterPropertyManagement/						High	Verified	https://explore.overturemaps.org/#id=d8f3d56a-9a8d-43ad-86df-0cb774c17d74; https://alterpm.com/	Public Overture site+email; zero-HTTP V6 cheap-screen. Final MASTER dedupe/QA required.				overture:d8f3d56a-9a8d-43ad-86df-0cb774c17d74	alterpm.com	14806137600	alter property management	Tempe	USA	HIGH	domain:alterpm.com
	A	91	Breckenridge	USA	Alpine Meadows Property Management		holiday_rental_home	416 S Ridge St	+19704531226								overture:17396f79-b73f-4948-8966-dab5d7a31c05	2026-08-15T00:53:59.669877Z		Canonical queue drain | fit A | GitHub MASTER dedupe passed	http://www.alpine-meadows.com/	info@alpine-meadows.com	https://www.alpine-meadows.com/about-us	https://www.instagram.com/alpinemeadowsmanagement/	https://www.facebook.com/Alpine-Meadows-Management-322208767850537/						High	Verified	https://explore.overturemaps.org/#id=17396f79-b73f-4948-8966-dab5d7a31c05; https://www.alpine-meadows.com/	Public Overture site+email; zero-HTTP V6 cheap-screen. Final MASTER dedupe/QA required.				overture:17396f79-b73f-4948-8966-dab5d7a31c05	alpine-meadows.com	19704531226	alpine meadows property management	Breckenridge	USA	HIGH	domain:alpine-meadows.com
	A	91	Saugatuck	USA	Allegan Gardens Vacation Rental		holiday_rental_home	6540 Old Allegan Rd	+13124981355								overture:19008fbb-705e-4a4a-8b2f-288979e0889e	2026-08-15T00:53:59.669877Z		Canonical queue drain | fit A | GitHub MASTER dedupe passed	http://www.allegangardens.com	allegangardens@gmail.com	https://www.allegangardens.com/contact-us	https://www.instagram.com/allegangardens/	https://www.facebook.com/allegangardens/						High	Verified	https://explore.overturemaps.org/#id=19008fbb-705e-4a4a-8b2f-288979e0889e; https://www.allegangardens.com/	Public Overture site+email; zero-HTTP V6 cheap-screen. Final MASTER dedupe/QA required.				overture:19008fbb-705e-4a4a-8b2f-288979e0889e	allegangardens.com	13124981355	allegan gardens vacation rental	Saugatuck	USA	HIGH	domain:allegangardens.com
	A	91	Farmington Hills	USA	AIJ Property Management		property_management	27600 Farmington Rd	+12488011031								overture:3642bdba-51c3-4fef-9345-6936a889ee2d	2026-08-15T00:53:59.669877Z		Canonical queue drain | fit A | GitHub MASTER dedupe passed	https://www.aijpropertymanagement.com/	info@aijpropertymanagement.com	https://www.aijpropertymanagement.com/about	https://www.instagram.com/aijpropertymanagement/	https://www.facebook.com/profile.php/						High	Verified	https://explore.overturemaps.org/#id=3642bdba-51c3-4fef-9345-6936a889ee2d; https://www.aijpropertymanagement.com/	Public Overture site+email; zero-HTTP V6 cheap-screen. Final MASTER dedupe/QA required.				overture:3642bdba-51c3-4fef-9345-6936a889ee2d	aijpropertymanagement.com	12488011031	aij property management	Farmington Hills	USA	HIGH	domain:aijpropertymanagement.com
	A	91	Detroit	USA	Property Management LLC		property_management	12400 E 7 Mile Rd	+13137720458								overture:c27c4098-9396-4113-abb7-01c29332663b	2026-08-15T00:53:59.669877Z		Canonical queue drain | fit A | GitHub MASTER dedupe passed	http://1stmgtllc.com/	property1st.manager@gmail.com	https://www.1stmgtllc.com/contact	https://www.instagram.com/ebs_property/			https://www.1stmgtllc.com/book-online				High	Verified	https://explore.overturemaps.org/#id=c27c4098-9396-4113-abb7-01c29332663b; https://www.1stmgtllc.com/	Public Overture site+email; zero-HTTP V6 cheap-screen. Final MASTER dedupe/QA required.				overture:c27c4098-9396-4113-abb7-01c29332663b	1stmgtllc.com	13137720458	property management llc	Detroit	USA	HIGH	domain:1stmgtllc.com
	A	91	Covina	USA	Wright Property Management		property_management	227 E Badillo St	+16269671837								overture:1ae1e468-b954-42bb-8e8a-845c43366e7a	2026-08-15T00:53:59.669877Z		Canonical queue drain | fit A | GitHub MASTER dedupe passed	http://www.wrightprop.com/	advisor@wrightprop.com	https://www.wrightprop.com/contact-us/	https://www.instagram.com/wright_properties/	https://www.facebook.com/wrightprop/						High	Verified	https://explore.overturemaps.org/#id=1ae1e468-b954-42bb-8e8a-845c43366e7a; https://www.wrightprop.com/	Public Overture site+email; zero-HTTP V6 cheap-screen. Final MASTER dedupe/QA required.				overture:1ae1e468-b954-42bb-8e8a-845c43366e7a	wrightprop.com	16269671837	wright property management	Covina	USA	HIGH	domain:wrightprop.com
	A	91	Whittier	USA	WiseDoor Property Management		property_management	13225 Philadelphia St	+15623754101								overture:74c82e8a-dd5e-48a5-81eb-0a167e913fa1	2026-08-15T00:53:59.669877Z		Canonical queue drain | fit A | GitHub MASTER dedupe passed	http://www.WiseDoorPM.com/	team@wisedoorpm.com	https://wisedoorpm.com/about/	https://www.instagram.com/wisedoor_pm/	https://www.facebook.com/WMgmt1/						High	Verified	https://explore.overturemaps.org/#id=74c82e8a-dd5e-48a5-81eb-0a167e913fa1; https://wisedoorpm.com/	Public Overture site+email; zero-HTTP V6 cheap-screen. Final MASTER dedupe/QA required.				overture:74c82e8a-dd5e-48a5-81eb-0a167e913fa1	wisedoorpm.com	15623754101	wisedoor property management	Whittier	USA	HIGH	domain:wisedoorpm.com
	A	91	Huntington Beach	USA	West Point Property Management		property_management	16872 Bolsa Chica St	+17145013783								overture:4466f96f-387e-48bd-8417-4dae9bd3534f	2026-08-15T00:53:59.669877Z		Canonical queue drain | fit A | GitHub MASTER dedupe passed	http://www.WestPointProperty.com/	info@westpointproperty.com	https://westpointproperty.com/about-us/		https://www.facebook.com/West-Point-Property-Management-Inc-227743900650634/		https://westpointproperty.com/rentals/				High	Verified	https://explore.overturemaps.org/#id=4466f96f-387e-48bd-8417-4dae9bd3534f	Public Overture site+email; zero-HTTP V6 cheap-screen. Final MASTER dedupe/QA required.				overture:4466f96f-387e-48bd-8417-4dae9bd3534f	westpointproperty.com	17145013783	west point property management	Huntington Beach	USA	HIGH	domain:westpointproperty.com
	A	91	Culver City	USA	Property Management Associates		property_management	6011 Bristol Pkwy	+13232952000								overture:c6f7076f-c1e6-40f8-a4fc-01a1af031819	2026-08-15T00:53:59.669877Z		Canonical queue drain | fit A | GitHub MASTER dedupe passed	http://www.wemanageproperties.com/	pma@wemanageproperties.com	https://wemanageproperties.com/about-us	https://www.instagram.com/property.management.associates/	https://www.facebook.com/profile.php/						Medium	Recall-first	https://explore.overturemaps.org/#id=c6f7076f-c1e6-40f8-a4fc-01a1af031819; https://wemanageproperties.com/	Public Overture site+email; zero-HTTP V6 cheap-screen. Final MASTER dedupe/QA required.				overture:c6f7076f-c1e6-40f8-a4fc-01a1af031819	wemanageproperties.com	13232952000	property management associates	Culver City	USA	MEDIUM	domain:wemanageproperties.com
	A	91	Rancho Cucamonga	USA	Venture Property Management		property_management	9220 Haven Ave	+19093081177								overture:6380fcb9-28c0-4a93-9ef2-e39bf2257bb1	2026-08-15T00:53:59.669877Z		Canonical queue drain | fit A | GitHub MASTER dedupe passed	http://venturepropertyinc.com/	info@venturepropertyinc.com	https://www.venturepropertyinc.com/about		https://www.facebook.com/venturepropertyinc/		https://www.venturepropertyinc.com/short-term-rentals				High	Verified	https://explore.overturemaps.org/#id=6380fcb9-28c0-4a93-9ef2-e39bf2257bb1	Public Overture site+email; zero-HTTP V6 cheap-screen. Final MASTER dedupe/QA required.				overture:6380fcb9-28c0-4a93-9ef2-e39bf2257bb1	venturepropertyinc.com	19093081177	venture property management	Rancho Cucamonga	USA	HIGH	domain:venturepropertyinc.com
	A	91	Irvine	USA	Up Property Management		property_management	4000 Barranca Pkwy	+19492292292								overture:6f4b3117-1b29-48e1-8ab2-8b4069a63ff8	2026-08-15T00:53:59.669877Z		Canonical queue drain | fit A | GitHub MASTER dedupe passed	http://www.uprealtyca.com	leonard@uprealtyca.com	https://uprealtyca.com/about-us/	https://www.instagram.com/up.property.mgmt/	https://www.facebook.com/uprealtypm/						High	Verified	https://explore.overturemaps.org/#id=6f4b3117-1b29-48e1-8ab2-8b4069a63ff8; https://uprealtyca.com/	Public Overture site+email; zero-HTTP V6 cheap-screen. Final MASTER dedupe/QA required.				overture:6f4b3117-1b29-48e1-8ab2-8b4069a63ff8	uprealtyca.com	19492292292	up property management	Irvine	USA	HIGH	domain:uprealtyca.com
	A	91	Burnaby	Canada	Sutton Max Realty and Property Management		property_management	4300 North Fraser Way	+16042273399								overture:733a64d9-ffcb-469d-9265-fdabdf7994ef	2026-08-15T00:53:59.669877Z		Canonical queue drain | fit A | GitHub MASTER dedupe passed	https://www.themaxrealty.com/	info@themaxrealty.com	https://themaxrealty.com/contact/		https://www.facebook.com/themaxrealty/		https://themaxrealty.com/rentalservices/				High	Verified	https://explore.overturemaps.org/#id=733a64d9-ffcb-469d-9265-fdabdf7994ef	Public Overture site+email; zero-HTTP V6 cheap-screen. Final MASTER dedupe/QA required.				overture:733a64d9-ffcb-469d-9265-fdabdf7994ef	themaxrealty.com	16042273399	sutton max realty and property management	Burnaby	Canada	HIGH	domain:themaxrealty.com
	A	91	Los Angeles	USA	TGN Property Management		property_management	208 N Coronado St	+13106232704								overture:a070ab7d-5046-4408-beaf-cd19f2bcd315	2026-08-15T00:53:59.669877Z		Canonical queue drain | fit A | GitHub MASTER dedupe passed	http://www.tgnpropertymanagement.com	tgnpropertymanagement@outlook.com	https://www.tgnpropertymanagement.com/contact-us	https://www.instagram.com/tgn_property_management/	https://www.facebook.com/tgnmanagement/						High	Verified	https://explore.overturemaps.org/#id=a070ab7d-5046-4408-beaf-cd19f2bcd315; https://www.tgnpropertymanagement.com/	Public Overture site+email; zero-HTTP V6 cheap-screen. Final MASTER dedupe/QA required.				overture:a070ab7d-5046-4408-beaf-cd19f2bcd315	tgnpropertymanagement.com	13106232704	tgn property management	Los Angeles	USA	HIGH	domain:tgnpropertymanagement.com
	A	91	Los Angeles	USA	TDI Properties Inc - Property Management Company		property_management	3325 Wilshire Blvd	+12133899277								overture:884eb6f3-2a62-4600-b4ee-982a28d41768	2026-08-15T00:53:59.669877Z		Canonical queue drain | fit A | GitHub MASTER dedupe passed	http://www.tdipropertiesinc.com	info@tdipropertiesinc.com		https://www.instagram.com/tdiproperties/	https://www.facebook.com/tdipropertiesinc/		https://www.tdipropertiesinc.com/feed/atom				High	Verified	https://explore.overturemaps.org/#id=884eb6f3-2a62-4600-b4ee-982a28d41768; https://www.tdipropertiesinc.com/	Public Overture site+email; zero-HTTP V6 cheap-screen. Final MASTER dedupe/QA required.				overture:884eb6f3-2a62-4600-b4ee-982a28d41768	tdipropertiesinc.com	12133899277	tdi properties inc property management company	Los Angeles	USA	HIGH	domain:tdipropertiesinc.com
	A	91	Vista	USA	Solomon Property Management & Sales		property_management	973 Vale Terrace Dr	+17605426655								overture:94138c00-f0fd-4476-ba30-8c6c60b4ada6	2026-08-15T00:53:59.669877Z		Canonical queue drain | fit A | GitHub MASTER dedupe passed	http://www.solomonpm.com/	info@solomonpm.com	https://www.solomonpm.com/about-us	https://www.instagram.com/solomon.pm/	https://www.facebook.com/profile.php/						High	Verified	https://explore.overturemaps.org/#id=94138c00-f0fd-4476-ba30-8c6c60b4ada6; https://www.solomonpm.com/	Public Overture site+email; zero-HTTP V6 cheap-screen. Final MASTER dedupe/QA required.				overture:94138c00-f0fd-4476-ba30-8c6c60b4ada6	solomonpm.com	17605426655	solomon property management sales	Vista	USA	HIGH	domain:solomonpm.com
	A	91	Hermosa Beach	USA	SoCal BNB Property Management		property_management	2147 Hermosa Ave	+12138055587								overture:b6f7700b-f3d0-4174-a862-4083b4f01805	2026-08-15T00:53:59.669877Z		Canonical queue drain | fit A | GitHub MASTER dedupe passed	https://socalbnb.net/	info@socalbnb.net	https://socalbnb.net/about-us/	https://www.instagram.com/socal_bnb/			https://socalbnb.net/airbnb-booking-management-los-angeles/				High	Verified	https://explore.overturemaps.org/#id=b6f7700b-f3d0-4174-a862-4083b4f01805; https://socalbnb.net/	Public Overture site+email; zero-HTTP V6 cheap-screen. Final MASTER dedupe/QA required.				overture:b6f7700b-f3d0-4174-a862-4083b4f01805	socalbnb.net	12138055587	socal bnb property management	Hermosa Beach	USA	HIGH	domain:socalbnb.net
	A	91	North Vancouver	Canada	Sea to Sky Vacation Rental		holiday_rental_home	1641 Lonsdale Ave	+16043282048								overture:5341f964-21e6-457d-ab6b-878631e6ef5e	2026-08-15T00:53:59.669877Z		Canonical queue drain | fit A | GitHub MASTER dedupe passed	http://www.seatoskyvacationrental.com/	christa@seatoskyvacationrental.com	https://www.seatoskyvacationrental.com/about	https://www.instagram.com/seatoskyvacationrental/	https://www.facebook.com/seatoskyvacationrental/						High	Verified	https://explore.overturemaps.org/#id=5341f964-21e6-457d-ab6b-878631e6ef5e; https://www.seatoskyvacationrental.com/	Public Overture site+email; zero-HTTP V6 cheap-screen. Final MASTER dedupe/QA required.				overture:5341f964-21e6-457d-ab6b-878631e6ef5e	seatoskyvacationrental.com	16043282048	sea to sky vacation rental	North Vancouver	Canada	HIGH	domain:seatoskyvacationrental.com
	A	91	Bellingham	Canada	Real Property Management Teyata		property_management	119 N Commercial St	+13608561010								overture:56462fe3-fe7a-4574-84b5-416cb6abc92c	2026-08-15T00:53:59.669877Z		Canonical queue drain | fit A | GitHub MASTER dedupe passed	https://www.rpmteyata.com/?cid=LSTL_RPM000183	info@rpmteyata.com	https://www.rpmteyata.com/about-us		https://www.facebook.com/RealPropertyManagementTeyata/		https://www.rpmteyata.com/search-rentals				High	Verified	https://explore.overturemaps.org/#id=56462fe3-fe7a-4574-84b5-416cb6abc92c	Public Overture site+email; zero-HTTP V6 cheap-screen. Final MASTER dedupe/QA required.				overture:56462fe3-fe7a-4574-84b5-416cb6abc92c	rpmteyata.com	13608561010	real property management teyata	Bellingham	Canada	HIGH	domain:rpmteyata.com
	A	91	Boerne	USA	Real Property Management Hill Country		property_management	116 N Plant Ave	+12105711780								overture:1dacc49e-a7c3-4e98-aacb-e25724245e69	2026-08-15T00:53:59.669877Z		Canonical queue drain | fit A | GitHub MASTER dedupe passed	https://www.rpmhillcountry.com/?cid=LSTL_RPM000183	brett@rpmhillcountry.com	https://www.rpmhillcountry.com/about-us	https://www.instagram.com/rpmhillcountry/	https://www.facebook.com/RealPropertyManagementHillCountry/						High	Verified	https://explore.overturemaps.org/#id=1dacc49e-a7c3-4e98-aacb-e25724245e69; https://www.rpmhillcountry.com/?cid=LSTL_RPM000183	Public Overture site+email; zero-HTTP V6 cheap-screen. Final MASTER dedupe/QA required.				overture:1dacc49e-a7c3-4e98-aacb-e25724245e69	rpmhillcountry.com	12105711780	real property management hill country	Boerne	USA	HIGH	domain:rpmhillcountry.com
	A	91	Los Angeles	USA	Real Property Management Choice		property_management	879 W 190th St	+13109849518								overture:f5e60138-2819-40c7-9da6-4f61aeace1ba	2026-08-15T00:53:59.669877Z		Canonical queue drain | fit A | GitHub MASTER dedupe passed	https://www.rpmchoice.com/?cid=LSTL_RPM000183	info@rpmchoice.com	https://www.rpmchoice.com/about-us		https://www.facebook.com/RPMChoice/		https://www.rpmchoice.com/search-investment-properties				High	Verified	https://explore.overturemaps.org/#id=f5e60138-2819-40c7-9da6-4f61aeace1ba	Public Overture site+email; zero-HTTP V6 cheap-screen. Final MASTER dedupe/QA required.				overture:f5e60138-2819-40c7-9da6-4f61aeace1ba	rpmchoice.com	13109849518	real property management choice	Los Angeles	USA	HIGH	domain:rpmchoice.com
	A	91	San Antonio	USA	Real Property Management Alamo		property_management	7272 Wurzbach Rd	+12107873876								overture:0d95e664-be6d-4c03-9bd7-f07877dd834b	2026-08-15T00:53:59.669877Z		Canonical queue drain | fit A | GitHub MASTER dedupe passed	https://www.rpmalamo.com/?cid=LSTL_RPM000183	info@rpmalamo.com	https://www.rpmalamo.com/about-us		https://www.facebook.com/RealPropertyManagementAlamo/		https://www.rpmalamo.com/search-rentals				High	Verified	https://explore.overturemaps.org/#id=0d95e664-be6d-4c03-9bd7-f07877dd834b	Public Overture site+email; zero-HTTP V6 cheap-screen. Final MASTER dedupe/QA required.				overture:0d95e664-be6d-4c03-9bd7-f07877dd834b	rpmalamo.com	12107873876	real property management alamo	San Antonio	USA	HIGH	domain:rpmalamo.com
	A	91	Lomita	USA	Robles Property Management		property_management	1749 258th Pl	+13102212188								overture:87bfc139-3ecb-482a-9c49-1271a1ffa6a3	2026-08-15T00:53:59.669877Z		Canonical queue drain | fit A | GitHub MASTER dedupe passed	https://roblespropertymanagement.com	stevencrobles@yahoo.com	https://roblespropertymanagement.com/contact-us/		https://www.facebook.com/boldthemes/		https://roblespropertymanagement.com/our-properties/				High	Verified	https://explore.overturemaps.org/#id=87bfc139-3ecb-482a-9c49-1271a1ffa6a3	Public Overture site+email; zero-HTTP V6 cheap-screen. Final MASTER dedupe/QA required.				overture:87bfc139-3ecb-482a-9c49-1271a1ffa6a3	roblespropertymanagement.com	13102212188	robles property management	Lomita	USA	HIGH	domain:roblespropertymanagement.com
	A	91	Placentia	USA	Revolve Property Management		property_management	2013 E Orangethorpe Ave	+17148457959								overture:2efff1b8-7cdf-4b3c-bed0-6de8c0454592	2026-08-15T00:53:59.669877Z		Canonical queue drain | fit A | GitHub MASTER dedupe passed	http://www.revolvepm.com/	info@revolvepm.com	https://www.revolvepm.com/contact	https://www.instagram.com/revolvepropertymgmt/	https://www.facebook.com/revolvepm/						High	Verified	https://explore.overturemaps.org/#id=2efff1b8-7cdf-4b3c-bed0-6de8c0454592; https://www.revolvepm.com/	Public Overture site+email; zero-HTTP V6 cheap-screen. Final MASTER dedupe/QA required.				overture:2efff1b8-7cdf-4b3c-bed0-6de8c0454592	revolvepm.com	17148457959	revolve property management	Placentia	USA	HIGH	domain:revolvepm.com
	A	91	Riverside	USA	America's Best Property Management		property_management	6700 Indiana Ave	+19512481875								overture:f901082b-a925-4511-b1ef-f2c023261e73	2026-08-15T00:53:59.669877Z		Canonical queue drain | fit A | GitHub MASTER dedupe passed	https://www.rentspree.com/profile/americasbest-reneeshell	americasbestprop@hotmail.com	https://www.rentspree.com/contact-us	https://www.instagram.com/americasbestprop/	https://www.facebook.com/americasbestpropertymanagement/						High	Verified	https://explore.overturemaps.org/#id=f901082b-a925-4511-b1ef-f2c023261e73; https://www.rentspree.com/profile/americasbest-reneeshell	Public Overture site+email; zero-HTTP V6 cheap-screen. Final MASTER dedupe/QA required.				overture:f901082b-a925-4511-b1ef-f2c023261e73	rentspree.com	19512481875	america s best property management	Riverside	USA	HIGH	domain:rentspree.com
	A	91	West Vancouver	Canada	Rain City Property Management		property_management	2397 Marine Dr	+17788924462								overture:fb388a20-b4b4-486e-9ec6-ff98d33c4734	2026-08-15T00:53:59.669877Z		Canonical queue drain | fit A | GitHub MASTER dedupe passed	http://www.rc-pm.ca/	info@rc-pm.ca	https://rc-pm.ca/about	https://www.instagram.com/raincitypropertymanagement/			https://rc-pm.ca/portfolio				High	Verified	https://explore.overturemaps.org/#id=fb388a20-b4b4-486e-9ec6-ff98d33c4734; https://rc-pm.ca/	Public Overture site+email; zero-HTTP V6 cheap-screen. Final MASTER dedupe/QA required.				overture:fb388a20-b4b4-486e-9ec6-ff98d33c4734	rc-pm.ca	17788924462	rain city property management	West Vancouver	Canada	HIGH	domain:rc-pm.ca
	A	91	Rancho Cucamonga	USA	Jackson Property Management Inland Empire		property_management	10722 Arrow Rte	+19094832020								overture:0bd0fcf3-ab68-43cf-8b0c-c6b694c1164e	2026-08-15T00:53:59.669877Z		Canonical queue drain | fit A | GitHub MASTER dedupe passed	http://www.propertymanagementie.com/	service@propertymanagementie.com	https://www.propertymanagementie.com/about/		https://www.facebook.com/JacksonPropertyManagementInlandEmpire/		https://www.propertymanagementie.com/rentals/				High	Verified	https://explore.overturemaps.org/#id=0bd0fcf3-ab68-43cf-8b0c-c6b694c1164e	Public Overture site+email; zero-HTTP V6 cheap-screen. Final MASTER dedupe/QA required.				overture:0bd0fcf3-ab68-43cf-8b0c-c6b694c1164e	propertymanagementie.com	19094832020	jackson property management inland empire	Rancho Cucamonga	USA	HIGH	domain:propertymanagementie.com
	A	91	North Cowichan	Canada	Preferred Property Management		property_management	2700 Beverly St	+17784554663								overture:5a76580d-ce06-48b0-b11f-595826cfcd99	2026-08-15T00:53:59.669877Z		Canonical queue drain | fit A | GitHub MASTER dedupe passed	http://www.preferredpropertymanagement.ca/	rental@preferredpropertymanagement.ca	https://preferredpropertymanagement.ca/about-us/		https://www.facebook.com/duncanpropertymanagement/		https://preferredpropertymanagement.ca/rentals				High	Verified	https://explore.overturemaps.org/#id=5a76580d-ce06-48b0-b11f-595826cfcd99	Public Overture site+email; zero-HTTP V6 cheap-screen. Final MASTER dedupe/QA required.				overture:5a76580d-ce06-48b0-b11f-595826cfcd99	preferredpropertymanagement.ca	17784554663	preferred property management	North Cowichan	Canada	HIGH	domain:preferredpropertymanagement.ca
	A	91	Chula Vista	USA	Praecelsus Property Management, Inc. DRE 01889835		property_management	884 Eastlake Pkwy	+16199349684								overture:6db41657-ab9b-48b9-bc26-ebcc887b0fa1	2026-08-15T00:53:59.669877Z		Canonical queue drain | fit A | GitHub MASTER dedupe passed	http://www.praehomes.com/	info@praehomes.com	https://www.praehomes.com/contact-us		https://www.facebook.com/PraeHomes/		https://www.praehomes.com/feed/atom				High	Verified	https://explore.overturemaps.org/#id=6db41657-ab9b-48b9-bc26-ebcc887b0fa1	Public Overture site+email; zero-HTTP V6 cheap-screen. Final MASTER dedupe/QA required.				overture:6db41657-ab9b-48b9-bc26-ebcc887b0fa1	praehomes.com	16199349684	praecelsus property management inc dre 01889835	Chula Vista	USA	HIGH	domain:praehomes.com
	A	91	Torrance	USA	Professional Calm Property Management		property_management	3525 Lomita Blvd	+18557762256								overture:885bf721-cfd8-4dc6-9a22-fed24ca10e7d	2026-08-15T00:53:59.669877Z		Canonical queue drain | fit A | GitHub MASTER dedupe passed	http://www.porterheritage.com/	info@porterheritage.com	https://www.porterheritage.com/about-us		https://www.facebook.com/wix/		https://www.porterheritage.com/all-properties				Medium	Recall-first	https://explore.overturemaps.org/#id=885bf721-cfd8-4dc6-9a22-fed24ca10e7d	Public Overture site+email; zero-HTTP V6 cheap-screen. Final MASTER dedupe/QA required.				overture:885bf721-cfd8-4dc6-9a22-fed24ca10e7d	porterheritage.com	18557762256	professional calm property management	Torrance	USA	MEDIUM	domain:porterheritage.com
	A	91	Lynden	Canada	Porchlight Property Management		property_management	9550 Hammer Rd	+13603068177								overture:8e69193c-a4f5-4509-8c29-9d390a307d8c	2026-08-15T00:53:59.669877Z		Canonical queue drain | fit A | GitHub MASTER dedupe passed	http://porchlightpropertymanagement.com	mitzi@porchlightpropertymanagement.com	https://www.porchlightpropertymanagement.com/about		https://www.facebook.com/porchlightpropertymanagement/		https://www.porchlightpropertymanagement.com/whatcom-county-homes-for-rent				High	Verified	https://explore.overturemaps.org/#id=8e69193c-a4f5-4509-8c29-9d390a307d8c	Public Overture site+email; zero-HTTP V6 cheap-screen. Final MASTER dedupe/QA required.				overture:8e69193c-a4f5-4509-8c29-9d390a307d8c	porchlightpropertymanagement.com	13603068177	porchlight property management	Lynden	Canada	HIGH	domain:porchlightpropertymanagement.com
	A	91	Carlsbad	USA	Pacific Property Management & Sales		property_management	2659 State St	+17604205706								overture:a59b6b12-4cee-4fd7-942b-a1711a1978f3	2026-08-15T00:53:59.669877Z		Canonical queue drain | fit A | GitHub MASTER dedupe passed	http://www.pacificpmteam.com/	info@pacificpmteam.com	https://www.pacificpmteam.com/about-us/	https://www.instagram.com/pacificpropertymanagement/	https://www.facebook.com/Pacificpropertymanagementcarlsbad/						High	Verified	https://explore.overturemaps.org/#id=a59b6b12-4cee-4fd7-942b-a1711a1978f3; https://www.pacificpmteam.com/	Public Overture site+email; zero-HTTP V6 cheap-screen. Final MASTER dedupe/QA required.				overture:a59b6b12-4cee-4fd7-942b-a1711a1978f3	pacificpmteam.com	17604205706	pacific property management sales	Carlsbad	USA	HIGH	domain:pacificpmteam.com
	A	91	Irvine	USA	Optimum Professional Property Management		property_management	230 Commerce	+17145089070								overture:90e5299a-e9cf-438c-811b-d4aa734eaf25	2026-08-15T00:53:59.669877Z		Canonical queue drain | fit A | GitHub MASTER dedupe passed	http://www.optimumpm.com	partnerwithus@optimumpm.com	https://www.optimumpm.com/about/	https://www.instagram.com/optimumpmirvine/	https://www.facebook.com/optimumpm/						Medium	Recall-first	https://explore.overturemaps.org/#id=90e5299a-e9cf-438c-811b-d4aa734eaf25; https://www.optimumpm.com/	Public Overture site+email; zero-HTTP V6 cheap-screen. Final MASTER dedupe/QA required.				overture:90e5299a-e9cf-438c-811b-d4aa734eaf25	optimumpm.com	17145089070	optimum professional property management	Irvine	USA	MEDIUM	domain:optimumpm.com
	A	91	Alpine	USA	Oneloop Property Management		property_management	2538 Alpine Blvd	+16198810143								overture:1f33140b-3a3d-4dc1-b849-ea5a206ebe7f	2026-08-15T00:53:59.669877Z		Canonical queue drain | fit A | GitHub MASTER dedupe passed	http://oneloopmanagement.com/	info@oneloopmanagement.com	https://www.oneloopmanagement.com/about	https://www.instagram.com/oneloopmanagement/			https://www.oneloopmanagement.com/east-county-san-diego-homes-for-rent				High	Verified	https://explore.overturemaps.org/#id=1f33140b-3a3d-4dc1-b849-ea5a206ebe7f; https://www.oneloopmanagement.com/	Public Overture site+email; zero-HTTP V6 cheap-screen. Final MASTER dedupe/QA required.				overture:1f33140b-3a3d-4dc1-b849-ea5a206ebe7f	oneloopmanagement.com	16198810143	oneloop property management	Alpine	USA	HIGH	domain:oneloopmanagement.com
	A	91	Bellingham	Canada	OMNI Property Management		property_management	909 Squalicum Way	+13607469613								overture:6e01124b-5e22-4679-ade9-c9b362bb3c3c	2026-08-15T00:53:59.669877Z		Canonical queue drain | fit A | GitHub MASTER dedupe passed	https://omnileases.com/	omnileases@gmail.com	https://omnileases.com/about	https://www.instagram.com/omnileases/	https://www.facebook.com/2021313234772279/						High	Verified	https://explore.overturemaps.org/#id=6e01124b-5e22-4679-ade9-c9b362bb3c3c; https://omnileases.com/	Public Overture site+email; zero-HTTP V6 cheap-screen. Final MASTER dedupe/QA required.				overture:6e01124b-5e22-4679-ade9-c9b362bb3c3c	omnileases.com	13607469613	omni property management	Bellingham	Canada	HIGH	domain:omnileases.com
	A	91	Ladera Ranch	USA	OC Residential Property Management		property_management	1 Lewiston Ct	+19494647653								overture:cd609cdd-726b-4905-a041-37c4d99399d6	2026-08-15T00:53:59.669877Z		Canonical queue drain | fit A | GitHub MASTER dedupe passed	http://www.ocrpm.com/	info@ocrpm.com	https://www.ocrpm.com/contact	https://www.instagram.com/ocrpm/	https://www.facebook.com/ocrpm/						High	Verified	https://explore.overturemaps.org/#id=cd609cdd-726b-4905-a041-37c4d99399d6; https://www.ocrpm.com/	Public Overture site+email; zero-HTTP V6 cheap-screen. Final MASTER dedupe/QA required.				overture:cd609cdd-726b-4905-a041-37c4d99399d6	ocrpm.com	19494647653	oc residential property management	Ladera Ranch	USA	HIGH	domain:ocrpm.com
	A	91	Fullerton	USA	OC Only Property Management LLC		property_management	318 N Hale Ave	+17142617871								overture:c986f5a3-a848-4991-971b-89b40637df04	2026-08-15T00:53:59.669877Z		Canonical queue drain | fit A | GitHub MASTER dedupe passed	http://www.oconly.com/	service@oconly.com	http://www.oconly.com/AboutUs-OcPropertyManagement.aspx		https://www.facebook.com/pages/OcOnly-Group-Of-Companies/168667759854465/		http://www.oconly.com/Properties-OcPropertyManagement.aspx				High	Verified	https://explore.overturemaps.org/#id=c986f5a3-a848-4991-971b-89b40637df04	Public Overture site+email; zero-HTTP V6 cheap-screen. Final MASTER dedupe/QA required.				overture:c986f5a3-a848-4991-971b-89b40637df04	oconly.com	17142617871	oc only property management llc	Fullerton	USA	HIGH	domain:oconly.com
	A	91	San Diego	USA	NewWest Property Management		property_management	516 5th Ave	+16194871674								overture:b08398eb-99a9-40ea-b5c5-8128c36e78bf	2026-08-15T00:53:59.669877Z		Canonical queue drain | fit A | GitHub MASTER dedupe passed	http://www.newwestpropertymanagement.com/	april@newwestpropertymanagement.com	https://www.newwestpropertymanagement.com/contact-us	https://www.instagram.com/newwestproperty/	https://www.facebook.com/newwestpropertymanagement/						High	Verified	https://explore.overturemaps.org/#id=b08398eb-99a9-40ea-b5c5-8128c36e78bf; https://www.newwestpropertymanagement.com/	Public Overture site+email; zero-HTTP V6 cheap-screen. Final MASTER dedupe/QA required.				overture:b08398eb-99a9-40ea-b5c5-8128c36e78bf	newwestpropertymanagement.com	16194871674	newwest property management	San Diego	USA	HIGH	domain:newwestpropertymanagement.com
	A	91	Bullhead City	USA	Near Me Property Management		property_management	2580 Highway 95	+19285422495								overture:b31449ef-5a9b-4150-a3bf-e0407543c66e	2026-08-15T00:53:59.669877Z		Canonical queue drain | fit A | GitHub MASTER dedupe passed	https://www.nearmepm.com/	shan@nearmepm.com	https://www.nearmepm.com/Home/AboutUs		https://www.facebook.com/NearMePropertyManagement/		https://www.nearmepm.com/Home/Properties				High	Verified	https://explore.overturemaps.org/#id=b31449ef-5a9b-4150-a3bf-e0407543c66e	Public Overture site+email; zero-HTTP V6 cheap-screen. Final MASTER dedupe/QA required.				overture:b31449ef-5a9b-4150-a3bf-e0407543c66e	nearmepm.com	19285422495	near me property management	Bullhead City	USA	HIGH	domain:nearmepm.com
	A	91	San Diego	USA	The Nathan Group - Ascent Property Management		property_management	1944 Commercial St	+16197294301								overture:e1686f22-8ed0-496d-a020-d23678d7a747	2026-08-15T00:53:59.669877Z		Canonical queue drain | fit A | GitHub MASTER dedupe passed	http://www.nathangroupre.com/	info@nathangroupre.com		https://www.instagram.com/nathan_group/	https://www.facebook.com/nathangroupre/		https://nathangroupre.com/properties				Medium	Recall-first	https://explore.overturemaps.org/#id=e1686f22-8ed0-496d-a020-d23678d7a747; https://nathangroupre.com/	Public Overture site+email; zero-HTTP V6 cheap-screen. Final MASTER dedupe/QA required.				overture:e1686f22-8ed0-496d-a020-d23678d7a747	nathangroupre.com	16197294301	the nathan group ascent property management	San Diego	USA	MEDIUM	domain:nathangroupre.com
	A	91	Juan de Fuca Electoral Area	Canada	Mystic Beach Vacation Home		holiday_rental_home		+12503618579								overture:3241146e-4e2b-49a4-9a0a-a37878ab3afa	2026-08-15T00:53:59.669877Z		Canonical queue drain | fit A | GitHub MASTER dedupe passed	http://www.mysticbeachvacation.com/	stay@mysticbeachvacation.com	https://www.mysticbeachvacation.com/contact/	https://www.instagram.com/mysticbeachvacationhome/	https://www.facebook.com/MysticBeachVacationHome/						High	Verified	https://explore.overturemaps.org/#id=3241146e-4e2b-49a4-9a0a-a37878ab3afa; https://www.mysticbeachvacation.com/	Public Overture site+email; zero-HTTP V6 cheap-screen. Final MASTER dedupe/QA required.				overture:3241146e-4e2b-49a4-9a0a-a37878ab3afa	mysticbeachvacation.com	12503618579	mystic beach vacation home	Juan de Fuca Electoral Area	Canada	HIGH	domain:mysticbeachvacation.com
	A	91	San Antonio	USA	Five Street Property Management		property_management	1102 E Sonterra Blvd	+12104535850								overture:14aa09d9-398a-47dd-9f75-77bafdee9a7e	2026-08-15T00:53:59.669877Z		Canonical queue drain | fit A | GitHub MASTER dedupe passed	http://www.myfivestreet.com/	fivestreetproperties@gmail.com	https://www.myfivestreet.com/contact		https://www.facebook.com/FiveStreetPropertyManagement/		https://www.myfivestreet.com/investing_in_real_estate_and_rental_homes_in_san_antonio_tx				High	Verified	https://explore.overturemaps.org/#id=14aa09d9-398a-47dd-9f75-77bafdee9a7e	Public Overture site+email; zero-HTTP V6 cheap-screen. Final MASTER dedupe/QA required.				overture:14aa09d9-398a-47dd-9f75-77bafdee9a7e	myfivestreet.com	12104535850	five street property management	San Antonio	USA	HIGH	domain:myfivestreet.com
	A	91	El Paso	USA	Mountain Property Management, LLC		property_management	8626 Dyer St	+19157574313								overture:7da349b9-af63-46e4-8056-bd6daa343902	2026-08-15T00:53:59.669877Z		Canonical queue drain | fit A | GitHub MASTER dedupe passed	https://mtnpropmgmt.com/	thea@mtnpropmgmt.com		https://www.instagram.com/mtnpropmgmt/	https://www.facebook.com/mtnpropmgmt/		https://mtnpropmgmt.com/vacation-rental				High	Verified	https://explore.overturemaps.org/#id=7da349b9-af63-46e4-8056-bd6daa343902; https://mtnpropmgmt.com/	Public Overture site+email; zero-HTTP V6 cheap-screen. Final MASTER dedupe/QA required.				overture:7da349b9-af63-46e4-8056-bd6daa343902	mtnpropmgmt.com	19157574313	mountain property management llc	El Paso	USA	HIGH	domain:mtnpropmgmt.com
	A	91	Midland	USA	McCourt Property Management		property_management	4706 N Midkiff Rd	+14325208334								overture:f93fa494-de32-4b5f-beb7-b7cc48d14be5	2026-08-15T00:53:59.669877Z		Canonical queue drain | fit A | GitHub MASTER dedupe passed	http://www.mccourtrealestate.com	caren@mccourtrealestate.com	https://www.mccourtrealestate.com/contact-us		https://www.facebook.com/McCourt-Property-Management-LLC-1395460467362066/		https://www.mccourtrealestate.com/homes-for-rent				High	Verified	https://explore.overturemaps.org/#id=f93fa494-de32-4b5f-beb7-b7cc48d14be5	Public Overture site+email; zero-HTTP V6 cheap-screen. Final MASTER dedupe/QA required.				overture:f93fa494-de32-4b5f-beb7-b7cc48d14be5	mccourtrealestate.com	14325208334	mccourt property management	Midland	USA	HIGH	domain:mccourtrealestate.com
	A	91	Whittier	USA	MAP Property Management		property_management	7036 Bright Ave	+15629453404								overture:5e937dc2-c64c-4699-bfe8-bbd07bc4e0ac	2026-08-15T00:53:59.669877Z		Canonical queue drain | fit A | GitHub MASTER dedupe passed	http://mapmanagement.com/contact.html	info@mapmanagement.com	https://www.mapmanagement.com/contact	https://www.instagram.com/mapmgmt/	https://www.facebook.com/mapmanagement/						High	Verified	https://explore.overturemaps.org/#id=5e937dc2-c64c-4699-bfe8-bbd07bc4e0ac; https://www.mapmanagement.com/contact	Public Overture site+email; zero-HTTP V6 cheap-screen. Final MASTER dedupe/QA required.				overture:5e937dc2-c64c-4699-bfe8-bbd07bc4e0ac	mapmanagement.com	15629453404	map property management	Whittier	USA	HIGH	domain:mapmanagement.com
	A	91	Costa Mesa	USA	L&M Coastal Property Management		property_management	1810 Newport Blvd	+19496463679								overture:8375370d-dce9-470a-9cac-e9dfde2995ad	2026-08-15T00:53:59.669877Z		Canonical queue drain | fit A | GitHub MASTER dedupe passed	http://lmcoastal.com/	office@lmcoastal.com	https://www.lmcoastal.com/about	https://www.instagram.com/lmcoastalpm/	https://www.facebook.com/LMCoastalPM/						High	Verified	https://explore.overturemaps.org/#id=8375370d-dce9-470a-9cac-e9dfde2995ad; https://www.lmcoastal.com/	Public Overture site+email; zero-HTTP V6 cheap-screen. Final MASTER dedupe/QA required.				overture:8375370d-dce9-470a-9cac-e9dfde2995ad	lmcoastal.com	19496463679	l m coastal property management	Costa Mesa	USA	HIGH	domain:lmcoastal.com
	A	91	Long Beach	USA	K. Jeremiah Property Management		property_management	145 E Broadway	+15622288501								overture:62fb297e-173d-42f6-a529-79e003cfbdb8	2026-08-15T00:53:59.669877Z		Canonical queue drain | fit A | GitHub MASTER dedupe passed	http://www.kjpmi.com/	managementpros@kjpmi.com	https://www.kjpmi.com/about	https://www.instagram.com/kjeremiahproperty/	https://www.facebook.com/KJeremiahpropertyManagement/						High	Verified	https://explore.overturemaps.org/#id=62fb297e-173d-42f6-a529-79e003cfbdb8; https://www.kjpmi.com/	Public Overture site+email; zero-HTTP V6 cheap-screen. Final MASTER dedupe/QA required.				overture:62fb297e-173d-42f6-a529-79e003cfbdb8	kjpmi.com	15622288501	k jeremiah property management	Long Beach	USA	HIGH	domain:kjpmi.com
	A	91	Kamloops	Canada	Kinetic Realty and Property Management		property_management	1121 12th St	+12504341375								overture:ebe1cc7e-f649-4ba4-b903-45fe0a089d9b	2026-08-15T00:53:59.669877Z		Canonical queue drain | fit A | GitHub MASTER dedupe passed	http://www.kineticproperties.ca/	ericy@kineticproperties.ca	https://kineticproperties.ca/about		https://www.facebook.com/kineticrealestate/		https://kineticproperties.ca/css/fonts.css				Medium	Recall-first	https://explore.overturemaps.org/#id=ebe1cc7e-f649-4ba4-b903-45fe0a089d9b	Public Overture site+email; zero-HTTP V6 cheap-screen. Final MASTER dedupe/QA required.				overture:ebe1cc7e-f649-4ba4-b903-45fe0a089d9b	kineticproperties.ca	12504341375	kinetic realty and property management	Kamloops	Canada	MEDIUM	domain:kineticproperties.ca
	A	91	Tustin	USA	JLE Property Management		property_management	700 W 1st St	+17147780480								overture:d28b6be4-b04c-41b8-a901-61451f4b3d15	2026-08-15T00:53:59.669877Z		Canonical queue drain | fit A | GitHub MASTER dedupe passed	https://jle1.com/	frontdesk@jle1.com	https://jle1.com/contact_us/		https://www.facebook.com/JLEPROPERTYMGMT/		https://jle1.com/available_rentals				High	Verified	https://explore.overturemaps.org/#id=d28b6be4-b04c-41b8-a901-61451f4b3d15	Public Overture site+email; zero-HTTP V6 cheap-screen. Final MASTER dedupe/QA required.				overture:d28b6be4-b04c-41b8-a901-61451f4b3d15	jle1.com	17147780480	jle property management	Tustin	USA	HIGH	domain:jle1.com
	A	91	Chula Vista	USA	HomeTeam Property Management		property_management	821 Bowsprit Rd	+16198727368								overture:9882e334-1401-4249-98d7-ad0093d8098f	2026-08-15T00:53:59.669877Z		Canonical queue drain | fit A | GitHub MASTER dedupe passed	https://www.hometeampm.com/	info@hometeampm.com	https://www.hometeampm.com/contact-us		https://www.facebook.com/HomeTeamPropertyManagement/		https://www.hometeampm.com/properties				High	Verified	https://explore.overturemaps.org/#id=9882e334-1401-4249-98d7-ad0093d8098f	Public Overture site+email; zero-HTTP V6 cheap-screen. Final MASTER dedupe/QA required.				overture:9882e334-1401-4249-98d7-ad0093d8098f	hometeampm.com	16198727368	hometeam property management	Chula Vista	USA	HIGH	domain:hometeampm.com
	A	91	Irvine	USA	Hermitage Property Management		property_management	2102 Business Center Dr	+19493002634								overture:cebcbac4-58f9-4296-b946-4c519adb1d47	2026-08-15T00:53:59.669877Z		Canonical queue drain | fit A | GitHub MASTER dedupe passed	http://www.HermitagePM.com/	mike@hermitagepm.com	https://www.hermitagepm.com/contact-us	https://www.instagram.com/hermitagepropertymanagement/	https://www.facebook.com/HermitagePM/						High	Verified	https://explore.overturemaps.org/#id=cebcbac4-58f9-4296-b946-4c519adb1d47; https://www.hermitagepm.com/	Public Overture site+email; zero-HTTP V6 cheap-screen. Final MASTER dedupe/QA required.				overture:cebcbac4-58f9-4296-b946-4c519adb1d47	hermitagepm.com	19493002634	hermitage property management	Irvine	USA	HIGH	domain:hermitagepm.com
	A	91	Rancho Palos Verdes	USA	Harbor Property Management		property_management	29623 S Western Ave	+14242874969								overture:7a720198-a498-458d-bd27-31ed01653036	2026-08-15T00:53:59.669877Z		Canonical queue drain | fit A | GitHub MASTER dedupe passed	http://www.harborpm.com/	info@harborpm.com	https://www.harborpm.com/about-us/		https://www.facebook.com/HarborPropertyManagement/		https://www.harborpm.com/properties-for-rent/				High	Verified	https://explore.overturemaps.org/#id=7a720198-a498-458d-bd27-31ed01653036	Public Overture site+email; zero-HTTP V6 cheap-screen. Final MASTER dedupe/QA required.				overture:7a720198-a498-458d-bd27-31ed01653036	harborpm.com	14242874969	harbor property management	Rancho Palos Verdes	USA	HIGH	domain:harborpm.com
	A	91	San Diego	USA	Green Street Property Management		property_management	1228 University Ave	+18587751684								overture:ea6e90ed-5952-4e0f-93c4-09883f485357	2026-08-15T00:53:59.669877Z		Canonical queue drain | fit A | GitHub MASTER dedupe passed	http://www.greenstreetpropertymanagement.com/	info@greenstreetpropertymanagement.com	https://www.greenstreetpropertymanagement.com/about/		https://www.facebook.com/greenstreetpm/		https://www.greenstreetpropertymanagement.com/vacation-rentals/				High	Verified	https://explore.overturemaps.org/#id=ea6e90ed-5952-4e0f-93c4-09883f485357	Public Overture site+email; zero-HTTP V6 cheap-screen. Final MASTER dedupe/QA required.				overture:ea6e90ed-5952-4e0f-93c4-09883f485357	greenstreetpropertymanagement.com	18587751684	green street property management	San Diego	USA	HIGH	domain:greenstreetpropertymanagement.com
	A	91	San Diego	USA	Gold Key Property Management - San Diego Property Management		property_management	3011 Grape St	+16198949153								overture:a04528c8-37b4-4160-864f-a45e3e925bc8	2026-08-15T00:53:59.669877Z		Canonical queue drain | fit A | GitHub MASTER dedupe passed	https://www.goldkeysandiego.com/	info@goldkeysandiego.com	https://www.goldkeysandiego.com/about-us	https://www.instagram.com/goldkeypropertymanagement/	https://www.facebook.com/GoldKeyPropertyManagement/						High	Verified	https://explore.overturemaps.org/#id=a04528c8-37b4-4160-864f-a45e3e925bc8; https://www.goldkeysandiego.com/	Public Overture site+email; zero-HTTP V6 cheap-screen. Final MASTER dedupe/QA required.				overture:a04528c8-37b4-4160-864f-a45e3e925bc8	goldkeysandiego.com	16198949153	gold key property management san diego property management	San Diego	USA	HIGH	domain:goldkeysandiego.com
	A	91	Copperas Cove	USA	Executive Property Management		property_management	401 S Main St	+12545183590								overture:c287f7ef-a018-4d5d-966e-1ae30cb2018b	2026-08-15T00:53:59.669877Z		Canonical queue drain | fit A | GitHub MASTER dedupe passed	http://executivepropmgmt.biz/	homes@executivepropmgmt.biz	https://www.executivepropmgmt.biz/about-us	https://www.instagram.com/executivepropmgmt/	https://www.facebook.com/executivepropmgmt/						High	Verified	https://explore.overturemaps.org/#id=c287f7ef-a018-4d5d-966e-1ae30cb2018b; https://www.executivepropmgmt.biz/	Public Overture site+email; zero-HTTP V6 cheap-screen. Final MASTER dedupe/QA required.				overture:c287f7ef-a018-4d5d-966e-1ae30cb2018b	executivepropmgmt.biz	12545183590	executive property management	Copperas Cove	USA	HIGH	domain:executivepropmgmt.biz
	A	91	Concan	USA	Dos Oakes Premier Vacation Rental Home		holiday_rental_home	326 Lantana	+18302325903								overture:4c6949b1-680d-4c47-9dc5-069560cc486f	2026-08-15T00:53:59.669877Z		Canonical queue drain | fit A | GitHub MASTER dedupe passed	https://bookings-friofamilygetaway.escapia.com/Unit/Details/271862	friofamilygetaway@gmail.com	http://portal.escapia.com/site/default.aspx?pageid=42294&alias=bookings-friofamilygetaway.escapia		https://www.facebook.com/friofamilygetaway/		http://portal.escapia.com/site/default.aspx?pageid=42294&alias=bookings-friofamilygetaway.escapia				High	Verified	https://explore.overturemaps.org/#id=4c6949b1-680d-4c47-9dc5-069560cc486f	Public Overture site+email; zero-HTTP V6 cheap-screen. Final MASTER dedupe/QA required.				overture:4c6949b1-680d-4c47-9dc5-069560cc486f	escapia.com	18302325903	dos oakes premier vacation rental home	Concan	USA	HIGH	domain:escapia.com
	A	91	Burnaby	Canada	Eco-World Property Management		property_management	4211 Kingsway	+16044380020								overture:75c0c1d3-d054-4fba-946c-6023079aff46	2026-08-15T00:53:59.669877Z		Canonical queue drain | fit A | GitHub MASTER dedupe passed	http://www.eco-world.com/	service@eco-world.com	https://www.eco-world.com/pages/about-us		https://www.facebook.com/Eco-World-Property-Management-103992484698432/		https://www.eco-world.com/pages/property-for-rent/rented-properties				High	Verified	https://explore.overturemaps.org/#id=75c0c1d3-d054-4fba-946c-6023079aff46	Public Overture site+email; zero-HTTP V6 cheap-screen. Final MASTER dedupe/QA required.				overture:75c0c1d3-d054-4fba-946c-6023079aff46	eco-world.com	16044380020	eco world property management	Burnaby	Canada	HIGH	domain:eco-world.com
	A	91	Riverside	USA	Dream Big Property Management		property_management	6820 Indiana Ave	+19517789700								overture:f60921f9-d1e2-4cba-adca-5aebfe085e28	2026-08-15T00:53:59.669877Z		Canonical queue drain | fit A | GitHub MASTER dedupe passed	https://www.DreamBigPM.com/	info@dreambigpm.com	https://dreambigpm.com/about/		https://www.facebook.com/dreambigpropmgt/		https://dreambigpm.com/properties-for-sale/				High	Verified	https://explore.overturemaps.org/#id=f60921f9-d1e2-4cba-adca-5aebfe085e28	Public Overture site+email; zero-HTTP V6 cheap-screen. Final MASTER dedupe/QA required.				overture:f60921f9-d1e2-4cba-adca-5aebfe085e28	dreambigpm.com	19517789700	dream big property management	Riverside	USA	HIGH	domain:dreambigpm.com
	A	91	Upland	USA	Doorbell Property Management		property_management	818 N Mountain Ave	+13232855557								overture:e3a8343c-b4a4-4d3d-a136-2defeaf70acb	2026-08-15T00:53:59.669877Z		Canonical queue drain | fit A | GitHub MASTER dedupe passed	http://www.doorbellmanagement.com/	doorbellpm@gmail.com	http://www.doorbellmanagement.com/about	https://www.instagram.com/doorbellpropertymanagement/	https://www.facebook.com/profile.php/						High	Verified	https://explore.overturemaps.org/#id=e3a8343c-b4a4-4d3d-a136-2defeaf70acb; http://www.doorbellmanagement.com/	Public Overture site+email; zero-HTTP V6 cheap-screen. Final MASTER dedupe/QA required.				overture:e3a8343c-b4a4-4d3d-a136-2defeaf70acb	doorbellmanagement.com	13232855557	doorbell property management	Upland	USA	HIGH	domain:doorbellmanagement.com
	A	91	Newport Beach	USA	Compass Property Management		property_management	861 Production Pl	+19492293071								overture:c778f072-6654-4a3c-9fab-3de0d9d8cd0e	2026-08-15T00:53:59.669877Z		Canonical queue drain | fit A | GitHub MASTER dedupe passed	https://compasspropertymgnt.com/	marketing@compasspropertymgnt.com	https://compasspropertymgnt.com/contact-us/	https://www.instagram.com/compasspropertymgnt/			https://compasspropertymgnt.com/available-properties/				High	Verified	https://explore.overturemaps.org/#id=c778f072-6654-4a3c-9fab-3de0d9d8cd0e; https://compasspropertymgnt.com/	Public Overture site+email; zero-HTTP V6 cheap-screen. Final MASTER dedupe/QA required.				overture:c778f072-6654-4a3c-9fab-3de0d9d8cd0e	compasspropertymgnt.com	19492293071	compass property management	Newport Beach	USA	HIGH	domain:compasspropertymgnt.com
	A	91	San Clemente	USA	Coast Property Management		property_management	111 Avenida del Mar	+19494929552								overture:3a3544f2-71bf-4d18-b2bb-5e384ae01e2c	2026-08-15T00:53:59.669877Z		Canonical queue drain | fit A | GitHub MASTER dedupe passed	http://coastpropmgmt.com/	inquirycpm@gmail.com	https://www.coastpropmgmt.com/about-us	https://www.instagram.com/coastpropertymanagement_sc/	https://www.facebook.com/CoastPropMgmt/						High	Verified	https://explore.overturemaps.org/#id=3a3544f2-71bf-4d18-b2bb-5e384ae01e2c; https://www.coastpropmgmt.com/	Public Overture site+email; zero-HTTP V6 cheap-screen. Final MASTER dedupe/QA required.				overture:3a3544f2-71bf-4d18-b2bb-5e384ae01e2c	coastpropmgmt.com	19494929552	coast property management	San Clemente	USA	HIGH	domain:coastpropmgmt.com
	A	91	Los Angeles	USA	Coastline Equity Property Management		property_management	1411 W 190th St	+13103730602								overture:33c5185a-4836-401e-937b-be5422d7d19b	2026-08-15T00:53:59.669877Z		Canonical queue drain | fit A | GitHub MASTER dedupe passed	https://www.coastlineequity.net/	info@coastlineequity.net	https://coastlineequity.net/about-us	https://www.instagram.com/coastlineequity/	https://www.facebook.com/CoastlineEquity/						High	Verified	https://explore.overturemaps.org/#id=33c5185a-4836-401e-937b-be5422d7d19b; https://coastlineequity.net/home	Public Overture site+email; zero-HTTP V6 cheap-screen. Final MASTER dedupe/QA required.				overture:33c5185a-4836-401e-937b-be5422d7d19b	coastlineequity.net	13103730602	coastline equity property management	Los Angeles	USA	HIGH	domain:coastlineequity.net
	A	91	Palm Desert	USA	Coachella Valley Property Management		travel_company	77824 Wildcat Dr	+17602812391								overture:a10bba45-3859-4ee0-8086-8926cf6a3a01	2026-08-15T00:53:59.669877Z		Canonical queue drain | fit A | GitHub MASTER dedupe passed	http://www.Coachellavalleypropertymanagement.site/	cvpmvacationrental@gmail.com	https://coachellavalleypropertymanagement.site/about-us-2/			https://wa.me/3214569874	https://coachellavalleypropertymanagement.site/wp-content/plugins/wp-booking-system-premium/assets/css/style-front-end.min.css				High	Verified	https://explore.overturemaps.org/#id=a10bba45-3859-4ee0-8086-8926cf6a3a01	Public Overture site+email; zero-HTTP V6 cheap-screen. Final MASTER dedupe/QA required.				overture:a10bba45-3859-4ee0-8086-8926cf6a3a01	coachellavalleypropertymanagement.site	17602812391	coachella valley property management	Palm Desert	USA	HIGH	domain:coachellavalleypropertymanagement.site
	A	91	Lake Forest	USA	Crummack Huseby Property Management		property_management	25531 Commercentre Dr	+19493679430								overture:6c3b9ad2-c4a1-4251-84e7-38e63e48630b	2026-08-15T00:53:59.669877Z		Canonical queue drain | fit A | GitHub MASTER dedupe passed	https://www.ch-pm.com/	info@ch-pm.com	https://www.ch-pm.com/about/careers	https://www.instagram.com/crummackhuseby/	https://www.facebook.com/crummackhuseby/						Medium	Recall-first	https://explore.overturemaps.org/#id=6c3b9ad2-c4a1-4251-84e7-38e63e48630b; https://www.ch-pm.com/	Public Overture site+email; zero-HTTP V6 cheap-screen. Final MASTER dedupe/QA required.				overture:6c3b9ad2-c4a1-4251-84e7-38e63e48630b	ch-pm.com	19493679430	crummack huseby property management	Lake Forest	USA	MEDIUM	domain:ch-pm.com
	A	91	Orange	USA	CC&Rs Property Management		property_management	500 N State College Blvd	+17147164789								overture:28734aa7-4c4a-46cd-955b-c926fcafc896	2026-08-15T00:53:59.669877Z		Canonical queue drain | fit A | GitHub MASTER dedupe passed	http://ccandrs.com/	info@ccandrs.com	https://ccandrs.com/about-us	https://www.instagram.com/ccandrs_propertymanagement/	https://www.facebook.com/profile.php/						Medium	Recall-first	https://explore.overturemaps.org/#id=28734aa7-4c4a-46cd-955b-c926fcafc896; https://ccandrs.com/	Public Overture site+email; zero-HTTP V6 cheap-screen. Final MASTER dedupe/QA required.				overture:28734aa7-4c4a-46cd-955b-c926fcafc896	ccandrs.com	17147164789	cc rs property management	Orange	USA	MEDIUM	domain:ccandrs.com
	A	91	Los Angeles	USA	Blue Horizon Property Management		property_management	461 W 6th St	+14242032500								overture:7a3a3fdd-f188-4772-810b-a1cae94bb108	2026-08-15T00:53:59.669877Z		Canonical queue drain | fit A | GitHub MASTER dedupe passed	http://www.bluehorizonrentals.com	info@bluehorizonrentals.com	https://www.bluehorizonrentals.com/about-us		https://www.facebook.com/wix/		https://www.bluehorizonrentals.com/owners				High	Verified	https://explore.overturemaps.org/#id=7a3a3fdd-f188-4772-810b-a1cae94bb108	Public Overture site+email; zero-HTTP V6 cheap-screen. Final MASTER dedupe/QA required.				overture:7a3a3fdd-f188-4772-810b-a1cae94bb108	bluehorizonrentals.com	14242032500	blue horizon property management	Los Angeles	USA	HIGH	domain:bluehorizonrentals.com
	A	91	Surrey	Canada	Barbican Property Management		historic_site	13450 102 Ave	+16044248276								overture:1b3b10d4-7f87-41a1-815a-7c50209f384e	2026-08-15T00:53:59.669877Z		Canonical queue drain | fit A | GitHub MASTER dedupe passed	http://www.barbicanpm.ca/	office@barbicanpm.ca	https://www.barbicanpm.ca/about/	https://www.instagram.com/centurygroupdev/	https://www.facebook.com/CenturyGroupDev/						High	Verified	https://explore.overturemaps.org/#id=1b3b10d4-7f87-41a1-815a-7c50209f384e; https://www.barbicanpm.ca/	Public Overture site+email; zero-HTTP V6 cheap-screen. Final MASTER dedupe/QA required.				overture:1b3b10d4-7f87-41a1-815a-7c50209f384e	barbicanpm.ca	16044248276	barbican property management	Surrey	Canada	HIGH	domain:barbicanpm.ca
	A	91	Lake Havasu City	USA	Arizona Living Rentals & Property Management		property_management	86 Smoketree Ave S	+19284533500								overture:d5248ed6-15c8-4c96-b6bd-cd74049a25c0	2026-08-15T00:53:59.669877Z		Canonical queue drain | fit A | GitHub MASTER dedupe passed	http://www.azlivingrentals.com/	azlivingteam@gmail.com	https://www.azlivingrentals.com/about		https://www.facebook.com/214015041791515/		https://www.azlivingrentals.com/search-properties				High	Verified	https://explore.overturemaps.org/#id=d5248ed6-15c8-4c96-b6bd-cd74049a25c0	Public Overture site+email; zero-HTTP V6 cheap-screen. Final MASTER dedupe/QA required.				overture:d5248ed6-15c8-4c96-b6bd-cd74049a25c0	azlivingrentals.com	19284533500	arizona living rentals property management	Lake Havasu City	USA	HIGH	domain:azlivingrentals.com
	A	91	Costa Mesa	USA	Au Terre Property Management		property_management	2973 Harbor Blvd	+18004004855								overture:e8788dfa-e07d-4e96-8013-e0bf8eeeafe8	2026-08-15T00:53:59.669877Z		Canonical queue drain | fit A | GitHub MASTER dedupe passed	http://www.auterreproperties.com/	info@auterreproperties.com	https://www.auterreproperties.com/contact		https://www.facebook.com/100081014077273/timeline/		https://www.auterreproperties.com/beachrentals				High	Verified	https://explore.overturemaps.org/#id=e8788dfa-e07d-4e96-8013-e0bf8eeeafe8	Public Overture site+email; zero-HTTP V6 cheap-screen. Final MASTER dedupe/QA required.				overture:e8788dfa-e07d-4e96-8013-e0bf8eeeafe8	auterreproperties.com	18004004855	au terre property management	Costa Mesa	USA	HIGH	domain:auterreproperties.com
	A	91	Tustin	USA	Athena Property Management		property_management	730 El Camino Way	+19493988750								overture:c7cc1985-a9bb-432d-81dc-cb2be09f2819	2026-08-15T00:53:59.669877Z		Canonical queue drain | fit A | GitHub MASTER dedupe passed	http://athena-pm.com/	info@athena-pm.com	https://athena-pm.com/about-us/		https://www.facebook.com/AthenaPropManagement/		https://athena-pm.com/properties/				Medium	Recall-first	https://explore.overturemaps.org/#id=c7cc1985-a9bb-432d-81dc-cb2be09f2819	Public Overture site+email; zero-HTTP V6 cheap-screen. Final MASTER dedupe/QA required.				overture:c7cc1985-a9bb-432d-81dc-cb2be09f2819	athena-pm.com	19493988750	athena property management	Tustin	USA	MEDIUM	domain:athena-pm.com
	A	91	Yucaipa	USA	Allied Pacific Property Management		property_management	31989 Yucaipa Blvd	+19097948248								overture:9d0cf142-8a37-4d0a-98ab-03d3540fed77	2026-08-15T00:53:59.669877Z		Canonical queue drain | fit A | GitHub MASTER dedupe passed	http://www.alliedrentshomes.com	jasons@alliedrentshomes.com	https://www.alliedrentshomes.com/contact		https://www.facebook.com/pages/Allied-Pacific-Property-Management/979451052094765/		https://www.alliedrentshomes.com/owners				High	Verified	https://explore.overturemaps.org/#id=9d0cf142-8a37-4d0a-98ab-03d3540fed77	Public Overture site+email; zero-HTTP V6 cheap-screen. Final MASTER dedupe/QA required.				overture:9d0cf142-8a37-4d0a-98ab-03d3540fed77	alliedrentshomes.com	19097948248	allied pacific property management	Yucaipa	USA	HIGH	domain:alliedrentshomes.com
	A	91	Orange	USA	ACE Professional Property Management		property_management	1107 E Lincoln Ave	+17144978583								overture:3a43bd16-4b36-42fa-8ffd-1bed1707623f	2026-08-15T00:53:59.669877Z		Canonical queue drain | fit A | GitHub MASTER dedupe passed	http://www.aceppm.com/	steve@aceppm.com	https://www.aceppm.com/about-us	https://www.instagram.com/ace_ppm/	https://www.facebook.com/APPMINC/						High	Verified	https://explore.overturemaps.org/#id=3a43bd16-4b36-42fa-8ffd-1bed1707623f; https://www.aceppm.com/	Public Overture site+email; zero-HTTP V6 cheap-screen. Final MASTER dedupe/QA required.				overture:3a43bd16-4b36-42fa-8ffd-1bed1707623f	aceppm.com	17144978583	ace professional property management	Orange	USA	HIGH	domain:aceppm.com
	A	91	Abilene	USA	9 West Property Management		property_management	244 Pine St	+13257215817								overture:b0f831f3-937a-4270-ab35-f9be31862ae6	2026-08-15T00:53:59.669877Z		Canonical queue drain | fit A | GitHub MASTER dedupe passed	https://9westpropertymanagement.com/	paul@9westpropertymanagement.com	https://9westpropertymanagement.com/about		https://www.facebook.com/9westpropertymanagement/		https://9westpropertymanagement.com/rental-properties				High	Verified	https://explore.overturemaps.org/#id=b0f831f3-937a-4270-ab35-f9be31862ae6	Public Overture site+email; zero-HTTP V6 cheap-screen. Final MASTER dedupe/QA required.				overture:b0f831f3-937a-4270-ab35-f9be31862ae6	9westpropertymanagement.com	13257215817	9 west property management	Abilene	USA	HIGH	domain:9westpropertymanagement.com
	A	91	San Diego	USA	8 West Property Management		property_management	306 Upas St	+16195003374								overture:dbe4d2e0-7572-4c3b-82d7-db3a158fb097	2026-08-15T00:53:59.669877Z		Canonical queue drain | fit A | GitHub MASTER dedupe passed	https://8WestPM.com/	admin@8westpm.com	https://www.8westpm.com/about-us/	https://www.instagram.com/8westpm/	https://www.facebook.com/Golden-State-Property-Management-384517631671680/						High	Verified	https://explore.overturemaps.org/#id=dbe4d2e0-7572-4c3b-82d7-db3a158fb097; https://www.8westpm.com/	Public Overture site+email; zero-HTTP V6 cheap-screen. Final MASTER dedupe/QA required.				overture:dbe4d2e0-7572-4c3b-82d7-db3a158fb097	8westpm.com	16195003374	8 west property management	San Diego	USA	HIGH	domain:8westpm.com
	A	91	Encinitas	USA	33 Property Management		property_management	1084 N El Camino Real	+18588594157								overture:d67f994c-4777-4ce1-842e-d1f851d9bcb9	2026-08-15T00:53:59.669877Z		Canonical queue drain | fit A | GitHub MASTER dedupe passed	http://33PMG.com/	info@33pmg.com	https://www.33pmg.com/about	https://www.instagram.com/33_propertymanagement/			https://www.33pmg.com/san-diego-homes-for-rent				High	Verified	https://explore.overturemaps.org/#id=d67f994c-4777-4ce1-842e-d1f851d9bcb9; https://www.33pmg.com/	Public Overture site+email; zero-HTTP V6 cheap-screen. Final MASTER dedupe/QA required.				overture:d67f994c-4777-4ce1-842e-d1f851d9bcb9	33pmg.com	18588594157	33 property management	Encinitas	USA	HIGH	domain:33pmg.com
	A	91	Kanab	USA	Timber and Tin Vacation Rental Resort		holiday_rental_home	320 S Main St	+14352546615								overture:dfa5ad51-ae18-483a-8564-d2848d6e4a9b	2026-08-15T00:53:59.669877Z		Canonical queue drain | fit A | GitHub MASTER dedupe passed	http://Www.timberandtinkanab.com/	info@timberandtinkanab.com	https://www.timberandtinkanab.com/about-us	https://www.instagram.com/timberandtin.kanab/	https://www.facebook.com/Timberandtinkanab/						High	Verified	https://explore.overturemaps.org/#id=dfa5ad51-ae18-483a-8564-d2848d6e4a9b; https://www.timberandtinkanab.com/	Public Overture site+email; zero-HTTP V6 cheap-screen. Final MASTER dedupe/QA required.				overture:dfa5ad51-ae18-483a-8564-d2848d6e4a9b	timberandtinkanab.com	14352546615	timber and tin vacation rental resort	Kanab	USA	HIGH	domain:timberandtinkanab.com
	A	91	Phoenix	USA	Stephanie Williams AZ Real Estate & Property Management		real_estate_agent	1500 E Thomas Rd	+16234140187								overture:3202afa1-c5c0-4206-8dd6-ba163853f090	2026-08-15T00:53:59.669877Z		Canonical queue drain | fit A | GitHub MASTER dedupe passed	http://prostarrealty.com/?agent_id=131466	stephaniephxrealtor@gmail.com	https://www.prostarrealty.com/about/	https://www.instagram.com/prostarrealty/	https://www.facebook.com/prostarrealty/						High	Verified	https://explore.overturemaps.org/#id=3202afa1-c5c0-4206-8dd6-ba163853f090; https://www.prostarrealty.com/?agent_id=131466	Public Overture site+email; zero-HTTP V6 cheap-screen. Final MASTER dedupe/QA required.				overture:3202afa1-c5c0-4206-8dd6-ba163853f090	prostarrealty.com	16234140187	stephanie williams az real estate property management	Phoenix	USA	HIGH	domain:prostarrealty.com
	A	91	Leadville	USA	Independence Realty & Property Management		real_estate_service	1017 Poplar St	+17206757033								overture:84e91fdb-562f-4678-b4a0-27963a38a8e9	2026-08-15T00:53:59.669877Z		Canonical queue drain | fit A | GitHub MASTER dedupe passed	http://www.buyleadville.com/	andrew@buyleadville.com	https://www.buyleadville.com/about-us/		https://www.facebook.com/AndrewPurdyRealtor/		https://www.buyleadville.com/vacation-rentals-2/				High	Verified	https://explore.overturemaps.org/#id=84e91fdb-562f-4678-b4a0-27963a38a8e9	Public Overture site+email; zero-HTTP V6 cheap-screen. Final MASTER dedupe/QA required.				overture:84e91fdb-562f-4678-b4a0-27963a38a8e9	buyleadville.com	17206757033	independence realty property management	Leadville	USA	HIGH	domain:buyleadville.com
	A	91	Prescott	USA	Bear Creek Real Estate and Property Management		property_management	1555 W Iron Springs Rd	+19282270501								overture:d09e0a71-dd1e-4665-8d00-1dabbe829111	2026-08-15T00:53:59.669877Z		Canonical queue drain | fit A | GitHub MASTER dedupe passed	http://www.bearcreekpmg.com/	brendaheath@bearcreekpmg.com	https://bearcreekpmg.com/contact-us		https://www.facebook.com/brendaandclaytonheath/		https://bearcreekpmg.com/property-management/short-term-vacation-rentals				High	Verified	https://explore.overturemaps.org/#id=d09e0a71-dd1e-4665-8d00-1dabbe829111	Public Overture site+email; zero-HTTP V6 cheap-screen. Final MASTER dedupe/QA required.				overture:d09e0a71-dd1e-4665-8d00-1dabbe829111	bearcreekpmg.com	19282270501	bear creek real estate and property management	Prescott	USA	HIGH	domain:bearcreekpmg.com
	A	91	Gering	USA	Ally Property Management and Real Estate		property_management	1447 10th St	+13086336440								overture:38c4f68f-ffe7-4932-9fcc-e1999624ec4a	2026-08-15T00:53:59.669877Z		Canonical queue drain | fit A | GitHub MASTER dedupe passed	http://www.Ally-property.com/	office@ally-property.com	https://www.ally-property.com/about		https://www.facebook.com/AllyPropertyManagement/		https://www.ally-property.com/properties-for-rent				High	Verified	https://explore.overturemaps.org/#id=38c4f68f-ffe7-4932-9fcc-e1999624ec4a	Public Overture site+email; zero-HTTP V6 cheap-screen. Final MASTER dedupe/QA required.				overture:38c4f68f-ffe7-4932-9fcc-e1999624ec4a	ally-property.com	13086336440	ally property management and real estate	Gering	USA	HIGH	domain:ally-property.com
	A	91	Palm Springs	USA	Village Property Management		property_management	333 N Palm Canyon Dr	+17603254477								overture:c0eeea38-df2d-4b45-905b-917d66067016	2026-08-15T00:53:59.669877Z		Canonical queue drain | fit A | GitHub MASTER dedupe passed	https://www.vpmrents.com/	frontoffice@vpmrents.com	https://www.vpmrents.com/about	https://www.instagram.com/vpmrents/	https://www.facebook.com/villagepropertymanagement/						High	Verified	https://explore.overturemaps.org/#id=c0eeea38-df2d-4b45-905b-917d66067016; https://www.vpmrents.com/	Public Overture site+email; zero-HTTP V6 cheap-screen. Final MASTER dedupe/QA required.				overture:c0eeea38-df2d-4b45-905b-917d66067016	vpmrents.com	17603254477	village property management	Palm Springs	USA	HIGH	domain:vpmrents.com
	A	91	Oceanside	USA	Tremont Villa Vacation Home		holiday_rental_home	653 N Tremont St	+19495335990								overture:4ed9054c-e029-4f88-9455-e99131814f09	2026-08-15T00:53:59.669877Z		Canonical queue drain | fit A | GitHub MASTER dedupe passed	http://www.tremontvilla.com/	jody@tremontvilla.com	https://www.tremontvilla.com/contact		https://www.facebook.com/tremontvilla.vacationrental/		https://www.tremontvilla.com/book				High	Verified	https://explore.overturemaps.org/#id=4ed9054c-e029-4f88-9455-e99131814f09	Public Overture site+email; zero-HTTP V6 cheap-screen. Final MASTER dedupe/QA required.				overture:4ed9054c-e029-4f88-9455-e99131814f09	tremontvilla.com	19495335990	tremont villa vacation home	Oceanside	USA	HIGH	domain:tremontvilla.com
	A	91	San Diego	USA	Royce Realty & Property Management		real_estate_agent	7770 Regents Rd	+18584805570								overture:765d4c07-31d1-420d-9dfb-16760ea7e335	2026-08-15T00:53:59.669877Z		Canonical queue drain | fit A | GitHub MASTER dedupe passed	http://www.roycekemp.com/	royce@roycekemp.com	https://www.roycekemp.com/utc-community-hoa-contact-information/		https://www.facebook.com/RoyceKempRealtor/		https://www.roycekemp.com/regency-villas				High	Verified	https://explore.overturemaps.org/#id=765d4c07-31d1-420d-9dfb-16760ea7e335	Public Overture site+email; zero-HTTP V6 cheap-screen. Final MASTER dedupe/QA required.				overture:765d4c07-31d1-420d-9dfb-16760ea7e335	roycekemp.com	18584805570	royce realty property management	San Diego	USA	HIGH	domain:roycekemp.com
	A	91	Solana Beach	USA	Robinson Realty Inc - Property Management & Real Estate		real_estate_agent	990 Highland Dr	+18587044777								overture:ca7664c0-09f1-4390-a17f-14af69629edd	2026-08-15T00:53:59.669877Z		Canonical queue drain | fit A | GitHub MASTER dedupe passed	http://www.Robinson-Realty.com/	contactus@robinson-realty.com	https://www.robinson-realty.com/about/contact-us/		https://www.facebook.com/RobinsonRealtySD/		https://www.robinson-realty.com/property_type/furnished-vacation-rentals/				High	Verified	https://explore.overturemaps.org/#id=ca7664c0-09f1-4390-a17f-14af69629edd	Public Overture site+email; zero-HTTP V6 cheap-screen. Final MASTER dedupe/QA required.				overture:ca7664c0-09f1-4390-a17f-14af69629edd	robinson-realty.com	18587044777	robinson realty inc property management real estate	Solana Beach	USA	HIGH	domain:robinson-realty.com
	A	91	Oak Harbor	Canada	Oak Harbor Real Estate & Property Management		property_management	890 SE Pioneer Way	+13606728800								overture:7c6cf7fb-32a4-4045-a9cb-be1efc6b72c5	2026-08-15T00:53:59.669877Z		Canonical queue drain | fit A | GitHub MASTER dedupe passed	https://rentoakharbor.com/	rentoakharbor@hotmail.com	https://www.rentoakharbor.com/about		https://www.facebook.com/oakharborrealestateandpropertymanagement/		https://www.rentoakharbor.com/idylewood-apartments				High	Verified	https://explore.overturemaps.org/#id=7c6cf7fb-32a4-4045-a9cb-be1efc6b72c5	Public Overture site+email; zero-HTTP V6 cheap-screen. Final MASTER dedupe/QA required.				overture:7c6cf7fb-32a4-4045-a9cb-be1efc6b72c5	rentoakharbor.com	13606728800	oak harbor real estate property management	Oak Harbor	Canada	HIGH	domain:rentoakharbor.com
	A	91	Huntington Beach	USA	Real Property Management Coast		real_estate_agent	15234 Transistor Ln	(714) 899-2200								overture:139f94ce-ae7f-489e-86fe-f015558009f0	2026-08-15T00:53:59.669877Z		Canonical queue drain | fit A | GitHub MASTER dedupe passed	https://www.realpropertymgt.com	truedoorproperty@protonmail.com	https://www.realpropertymgt.com/contact-us		https://www.facebook.com/RealPropertyManagementUSA/		https://www.realpropertymgt.com/services/properties-we-manage				High	Verified	https://explore.overturemaps.org/#id=139f94ce-ae7f-489e-86fe-f015558009f0	Public Overture site+email; zero-HTTP V6 cheap-screen. Final MASTER dedupe/QA required.				overture:139f94ce-ae7f-489e-86fe-f015558009f0	realpropertymgt.com	7148992200	real property management coast	Huntington Beach	USA	HIGH	domain:realpropertymgt.com
	A	91	San Antonio	USA	iHeart Realty and Property Management		real_estate_service	14350 Northbrook Dr	+12103658024								overture:6bedced7-9742-4839-8573-6e0a7fd08f57	2026-08-15T00:53:59.669877Z		Canonical queue drain | fit A | GitHub MASTER dedupe passed	http://www.iheartrealty.com/	contact@iheartrealty.com	https://iheartrealty.com/m/bookings		https://www.facebook.com/199811246753189/		https://iheartrealty.com/m/bookings				High	Verified	https://explore.overturemaps.org/#id=6bedced7-9742-4839-8573-6e0a7fd08f57	Public Overture site+email; zero-HTTP V6 cheap-screen. Final MASTER dedupe/QA required.				overture:6bedced7-9742-4839-8573-6e0a7fd08f57	iheartrealty.com	12103658024	iheart realty and property management	San Antonio	USA	HIGH	domain:iheartrealty.com
	A	91	San Diego	USA	Herridge Real Estate and Property Management		property_management	1621 Grand Ave	+19513644799								overture:983800ab-c82a-498a-92bd-5235a08b0b90	2026-08-15T00:53:59.669877Z		Canonical queue drain | fit A | GitHub MASTER dedupe passed	http://HerridgeRealty.com/	herridge.mgmt@gmail.com	https://herridgerealty.com/about/	https://www.instagram.com/herridge_prop_sd/	https://www.facebook.com/herridgerealestate/						Medium	Recall-first	https://explore.overturemaps.org/#id=983800ab-c82a-498a-92bd-5235a08b0b90; https://herridgerealty.com/	Public Overture site+email; zero-HTTP V6 cheap-screen. Final MASTER dedupe/QA required.				overture:983800ab-c82a-498a-92bd-5235a08b0b90	herridgerealty.com	19513644799	herridge real estate and property management	San Diego	USA	MEDIUM	domain:herridgerealty.com
	A	91	Anaheim	USA	Boydstun Realty & Property Management		real_estate_agent	703 N Anaheim Blvd	+17147784261								overture:00f74dfb-b7ef-46f2-924f-b76272a3c2ed	2026-08-15T00:53:59.669877Z		Canonical queue drain | fit A | GitHub MASTER dedupe passed	http://www.boydstunrealty.net/	reonhoward@aol.com	https://www.boydstunrealty.net/contact		https://www.facebook.com/wix/		https://www.boydstunrealty.net/properties/5573-e.-vista-del-rio				High	Verified	https://explore.overturemaps.org/#id=00f74dfb-b7ef-46f2-924f-b76272a3c2ed	Public Overture site+email; zero-HTTP V6 cheap-screen. Final MASTER dedupe/QA required.				overture:00f74dfb-b7ef-46f2-924f-b76272a3c2ed	boydstunrealty.net	17147784261	boydstun realty property management	Anaheim	USA	HIGH	domain:boydstunrealty.net
	A	91	Redlands	USA	AIM Property Management Company		real_estate_agent	1255 W. Colton Ave Suite 8	(909) 375-8113								overture:6a4addbb-4c65-427c-bc70-cd22f02704fd	2026-08-15T00:53:59.669877Z		Canonical queue drain | fit A | GitHub MASTER dedupe passed	https://www.aim-properties.com	info@aim-properties.com	https://aim-properties.com/about-us/		https://www.facebook.com/profile.php/		https://aim-properties.com/feed/				High	Verified	https://explore.overturemaps.org/#id=6a4addbb-4c65-427c-bc70-cd22f02704fd	Public Overture site+email; zero-HTTP V6 cheap-screen. Final MASTER dedupe/QA required.				overture:6a4addbb-4c65-427c-bc70-cd22f02704fd	aim-properties.com	9093758113	aim property management company	Redlands	USA	HIGH	domain:aim-properties.com
	A	91	Estes Park	USA	Windcliff Vacation Homes		holiday_rental_home	2220 Windcliff Dr	+19705862181								overture:3a705adf-9f63-4562-9bf5-12787ceb4c9d	2026-08-15T00:53:59.669877Z		Canonical queue drain | fit A | GitHub MASTER dedupe passed	http://www.windcliff.com/	staff@windcliff.com	https://windcliff.com/about/contact/		https://www.facebook.com/Windcliff/		https://windcliff.com/vacation-rentals/search-by-feature/estes-park-monthly-vacation-rental-homes/				High	Verified	https://explore.overturemaps.org/#id=3a705adf-9f63-4562-9bf5-12787ceb4c9d	Public Overture site+email; zero-HTTP V6 cheap-screen. Final MASTER dedupe/QA required.				overture:3a705adf-9f63-4562-9bf5-12787ceb4c9d	windcliff.com	19705862181	windcliff vacation homes	Estes Park	USA	HIGH	domain:windcliff.com
	A	91	Collingwood	USA	Stay Four Peaks Vacation rentals		holiday_rental_home	40 Trafalgar Rd	+15198701611								overture:005b4bee-9f12-4e92-b426-58235e6bceae	2026-08-15T00:53:59.669877Z		Canonical queue drain | fit A | GitHub MASTER dedupe passed	http://www.stayfourpeaks.com/	dean@stayfourpeaks.com	https://www.stayfourpeaks.com/about-us			https://wa.me/525530826590	https://www.stayfourpeaks.com/properties				High	Verified	https://explore.overturemaps.org/#id=005b4bee-9f12-4e92-b426-58235e6bceae	Public Overture site+email; zero-HTTP V6 cheap-screen. Final MASTER dedupe/QA required.				overture:005b4bee-9f12-4e92-b426-58235e6bceae	stayfourpeaks.com	15198701611	stay four peaks vacation rentals	Collingwood	USA	HIGH	domain:stayfourpeaks.com
	A	91	Michigan City	USA	South Shore Vacation Homes		holiday_rental_home	100 Anchor Rd	+12192000176								overture:b9fcd530-c5d2-4f9a-be4d-cff0f3f252c6	2026-08-15T00:53:59.669877Z		Canonical queue drain | fit A | GitHub MASTER dedupe passed	http://SouthShoreVH.com/	info@southshorevh.com	https://southshorevh.com/about-us/	https://www.instagram.com/southshorevacationhomes/			https://southshorevh.com/vacation-rentals/m/properties/blue-dune-stays				High	Verified	https://explore.overturemaps.org/#id=b9fcd530-c5d2-4f9a-be4d-cff0f3f252c6; https://southshorevh.com/	Public Overture site+email; zero-HTTP V6 cheap-screen. Final MASTER dedupe/QA required.				overture:b9fcd530-c5d2-4f9a-be4d-cff0f3f252c6	southshorevh.com	12192000176	south shore vacation homes	Michigan City	USA	HIGH	domain:southshorevh.com
	A	91	Mountain Village	USA	SilverStar Telluride Vacation Rentals		property_management	624 Mountain Village Blvd	+19707283001								overture:9604412b-7fbd-4c88-89ba-1d1f0cca6405	2026-08-15T00:53:59.669877Z		Canonical queue drain | fit A | GitHub MASTER dedupe passed	http://www.silverstartelluride.com/	silverstarluxuryproperties@yahoo.com	https://booking.silverstartelluride.com		https://www.facebook.com/SilverStarTellurideRentalsAndPropertyManagement/		https://booking.silverstartelluride.com/details.aspx?PropertyID=232285				High	Verified	https://explore.overturemaps.org/#id=9604412b-7fbd-4c88-89ba-1d1f0cca6405	Public Overture site+email; zero-HTTP V6 cheap-screen. Final MASTER dedupe/QA required.				overture:9604412b-7fbd-4c88-89ba-1d1f0cca6405	silverstartelluride.com	19707283001	silverstar telluride vacation rentals	Mountain Village	USA	HIGH	domain:silverstartelluride.com
	A	91	Phoenix	USA	Roosevelt Row Vacation Rentals		holiday_rental_home	712 E Pierce St	+16028550828								overture:e5071019-45bf-4f0c-8f0a-af07d46ceebc	2026-08-15T00:53:59.669877Z		Canonical queue drain | fit A | GitHub MASTER dedupe passed	https://rooseveltrowvacationrentals.com/	tericlsfitness@gmail.com		https://www.instagram.com/rooseveltrowvacationrentals/	https://www.facebook.com/rooseveltrowvacationrentals/		https://rooseveltrowvacationrentals.com/styles.css?v=1754390382				High	Verified	https://explore.overturemaps.org/#id=e5071019-45bf-4f0c-8f0a-af07d46ceebc; https://rooseveltrowvacationrentals.com/	Public Overture site+email; zero-HTTP V6 cheap-screen. Final MASTER dedupe/QA required.				overture:e5071019-45bf-4f0c-8f0a-af07d46ceebc	rooseveltrowvacationrentals.com	16028550828	roosevelt row vacation rentals	Phoenix	USA	HIGH	domain:rooseveltrowvacationrentals.com
	A	91	Puerto Peñasco	USA	Stay Rocky Point • Vacation Rentals		holiday_rental_home	Puerto Peñasco	+14803298035								overture:f5da7804-494b-4b31-a173-ece6f3c2b6aa	2026-08-15T00:53:59.669877Z		Canonical queue drain | fit A | GitHub MASTER dedupe passed	http://www.rentarockypoint.com/	rentarockypoint@gmail.com	https://www.rentarockypoint.com/contact/	https://www.instagram.com/rentarockypoint/			https://www.rentarockypoint.com/accommodations/				High	Verified	https://explore.overturemaps.org/#id=f5da7804-494b-4b31-a173-ece6f3c2b6aa; https://www.rentarockypoint.com/	Public Overture site+email; zero-HTTP V6 cheap-screen. Final MASTER dedupe/QA required.				overture:f5da7804-494b-4b31-a173-ece6f3c2b6aa	rentarockypoint.com	14803298035	stay rocky point vacation rentals	Puerto Peñasco	USA	HIGH	domain:rentarockypoint.com
	A	91	Manistee	USA	Boardwalk Vacation Rentals		holiday_rental_home	50 Greenbush St	+12316457368								overture:8ab42280-347f-4bd2-8777-f596811ecce7	2026-08-15T00:53:59.669877Z		Canonical queue drain | fit A | GitHub MASTER dedupe passed	https://manisteevacations.com/	info@manisteevacations.com	https://manisteevacations.com/about-us/		https://www.facebook.com/boardwalkvacationrentals/		https://manisteevacations.com/harbor-village-condo-rentals/				High	Verified	https://explore.overturemaps.org/#id=8ab42280-347f-4bd2-8777-f596811ecce7	Public Overture site+email; zero-HTTP V6 cheap-screen. Final MASTER dedupe/QA required.				overture:8ab42280-347f-4bd2-8777-f596811ecce7	manisteevacations.com	12316457368	boardwalk vacation rentals	Manistee	USA	HIGH	domain:manisteevacations.com
	A	91	Breckenridge	USA	Luxe Living Vacation Rentals		holiday_rental_home	100 S Ridge St	+19706707769								overture:a37f2eb4-c943-49b7-8c10-087291d8a920	2026-08-15T00:53:59.669877Z		Canonical queue drain | fit A | GitHub MASTER dedupe passed	https://luxelivingrentals.com/	hello@luxelivingrentals.com	https://luxelivingrentals.com/contact-page/		https://www.facebook.com/luxelivingrentals/		https://luxelivingrentals.com/properties/ursa-haus/				High	Verified	https://explore.overturemaps.org/#id=a37f2eb4-c943-49b7-8c10-087291d8a920	Public Overture site+email; zero-HTTP V6 cheap-screen. Final MASTER dedupe/QA required.				overture:a37f2eb4-c943-49b7-8c10-087291d8a920	luxelivingrentals.com	19706707769	luxe living vacation rentals	Breckenridge	USA	HIGH	domain:luxelivingrentals.com
	A	91	Hubbard Lake	USA	The Sands - Vacation Rentals on Hubbard Lake, MI.		holiday_rental_home	1961 Lakeview Dr	+19894644778								overture:23b31747-c4dc-4abe-9a1c-f0099c8eaeef	2026-08-15T00:53:59.669877Z		Canonical queue drain | fit A | GitHub MASTER dedupe passed	http://hubbardlakevacationrentals.com/	hlsandsresort@gmail.com	https://hubbardlakevacationrentals.com/about		https://www.facebook.com/The-Sands-Vacation-Rentals-on-Hubbard-Lake-MI-138620606205681/		https://hubbardlakevacationrentals.com/feed/				High	Verified	https://explore.overturemaps.org/#id=23b31747-c4dc-4abe-9a1c-f0099c8eaeef	Public Overture site+email; zero-HTTP V6 cheap-screen. Final MASTER dedupe/QA required.				overture:23b31747-c4dc-4abe-9a1c-f0099c8eaeef	hubbardlakevacationrentals.com	19894644778	the sands vacation rentals on hubbard lake mi	Hubbard Lake	USA	HIGH	domain:hubbardlakevacationrentals.com
	A	91	Hayle	United Kingdom	Holiday Homes Cornwall		holiday_rental_home	Trevithick Court	+447770624277								overture:d3bf1042-d8d8-463f-b307-4e5a583566e0	2026-08-15T00:53:59.669877Z		Canonical queue drain | fit A | GitHub MASTER dedupe passed	http://Www.holidayhomescornwall.co.uk/	info@holidayhomescornwall.co.uk	https://holidayhomescornwall.co.uk/contact/		https://www.facebook.com/holidayhomescornwall1/		https://holidayhomescornwall.co.uk/cottages/				High	Verified	https://explore.overturemaps.org/#id=d3bf1042-d8d8-463f-b307-4e5a583566e0	Public Overture site+email; zero-HTTP V6 cheap-screen. Final MASTER dedupe/QA required.				overture:d3bf1042-d8d8-463f-b307-4e5a583566e0	holidayhomescornwall.co.uk	447770624277	holiday homes cornwall	Hayle	United Kingdom	HIGH	domain:holidayhomescornwall.co.uk
	A	91	St Charles	USA	DI4Y Vacation Rentals		holiday_rental_home	43W212 Ferson Ct	+16302208923								overture:8e766673-db3f-41e2-9866-3a02a761d367	2026-08-15T00:53:59.669877Z		Canonical queue drain | fit A | GitHub MASTER dedupe passed	http://www.DI4YVacationRentals.com/	di4yvacationrentals@gmail.com		https://www.instagram.com/di4yvacationrentals/	https://www.facebook.com/DI4YVacationRentals/		https://di4yvacationrentals.com/en/vacation-rentals				High	Verified	https://explore.overturemaps.org/#id=8e766673-db3f-41e2-9866-3a02a761d367; https://di4yvacationrentals.com/	Public Overture site+email; zero-HTTP V6 cheap-screen. Final MASTER dedupe/QA required.				overture:8e766673-db3f-41e2-9866-3a02a761d367	di4yvacationrentals.com	16302208923	di4y vacation rentals	St Charles	USA	HIGH	domain:di4yvacationrentals.com
	A	91	Estes Park	USA	The Courtyard Shops and Flats Vacation Rentals		holiday_rental_home	Vows, Estes Park, 165 Virginia Dr	+19705861679								overture:caf4dbf5-5022-45b7-852d-cc695cf7c362	2026-08-15T00:53:59.669877Z		Canonical queue drain | fit A | GitHub MASTER dedupe passed	http://www.courtyardshopsandflats.com/	courtyard.estes.park@gmail.com	https://www.courtyardshopsandflats.com/about-us	https://www.instagram.com/thecourtyardshops.estespark/	https://www.facebook.com/people/The-Courtyard-Shops-and-Flats-Vacation-Rentals/100078036301164/						High	Verified	https://explore.overturemaps.org/#id=caf4dbf5-5022-45b7-852d-cc695cf7c362; https://www.courtyardshopsandflats.com/	Public Overture site+email; zero-HTTP V6 cheap-screen. Final MASTER dedupe/QA required.				overture:caf4dbf5-5022-45b7-852d-cc695cf7c362	courtyardshopsandflats.com	19705861679	the courtyard shops and flats vacation rentals	Estes Park	USA	HIGH	domain:courtyardshopsandflats.com
	A	91	Traverse City	USA	Adventure North Vacation Rentals		holiday_rental_home	2025 E Long Lake Rd	+12317092783								overture:04fa03e6-5ed3-4bb7-922a-d170d29411e0	2026-08-15T00:53:59.669877Z		Canonical queue drain | fit A | GitHub MASTER dedupe passed	https://www.adventurenorthvacationrentals.com/	office@adventurenorthvacationrentals.com	https://adventurenorthvacationrentals.com/about	https://www.instagram.com/adventurenorthvacationrentals/	https://www.facebook.com/adventurenorthvacationrentals/						High	Verified	https://explore.overturemaps.org/#id=04fa03e6-5ed3-4bb7-922a-d170d29411e0; https://adventurenorthvacationrentals.com/	Public Overture site+email; zero-HTTP V6 cheap-screen. Final MASTER dedupe/QA required.				overture:04fa03e6-5ed3-4bb7-922a-d170d29411e0	adventurenorthvacationrentals.com	12317092783	adventure north vacation rentals	Traverse City	USA	HIGH	domain:adventurenorthvacationrentals.com
	A	91	Whistler	Canada	Holiday Whistler Best Vacation Homes		hotel	4309 Skiers Plz	+16045450488								overture:923d344d-f5c8-41aa-913c-2558e251cd44	2026-08-15T00:53:59.669877Z		Canonical queue drain | fit A | GitHub MASTER dedupe passed	https://www.wvhmanagement.com/	info@wvhmanagement.com	https://www.wvhmanagement.com/contact/	https://www.instagram.com/wvhmanagement/	https://www.facebook.com/WVHManagement/						High	Verified	https://explore.overturemaps.org/#id=923d344d-f5c8-41aa-913c-2558e251cd44; https://www.wvhmanagement.com/	Public Overture site+email; zero-HTTP V6 cheap-screen. Final MASTER dedupe/QA required.				overture:923d344d-f5c8-41aa-913c-2558e251cd44	wvhmanagement.com	16045450488	holiday whistler best vacation homes	Whistler	Canada	HIGH	domain:wvhmanagement.com
	A	91	Manhattan Beach	USA	Vacation Rent Seekers		property_management	1334 Park View Ave	+13106583112								overture:b918f234-250c-40ac-859c-c3edad53fed1	2026-08-15T00:53:59.669877Z		Canonical queue drain | fit A | GitHub MASTER dedupe passed	http://www.vacationrentseekers.com/	inquiry@vacationrentseekers.com	https://www.vacationrentseekers.com/contact-us/		https://www.facebook.com/vacationrentseekers/		https://www.vacationrentseekers.com/search-rentals/beach-rentals/malibu-vacation-rentals/				High	Verified	https://explore.overturemaps.org/#id=b918f234-250c-40ac-859c-c3edad53fed1	Public Overture site+email; zero-HTTP V6 cheap-screen. Final MASTER dedupe/QA required.				overture:b918f234-250c-40ac-859c-c3edad53fed1	vacationrentseekers.com	13106583112	vacation rent seekers	Manhattan Beach	USA	HIGH	domain:vacationrentseekers.com
	A	91	Courtenay	Canada	Trip Vacation Rentals		holiday_rental_home	172 Archery Cres	+12506507453								overture:966f4f62-0a45-434e-8af7-7afb30f83aeb	2026-08-15T00:53:59.669877Z		Canonical queue drain | fit A | GitHub MASTER dedupe passed	http://www.tripvacationrentals.com/	matt@tripvacationrentals.com		https://www.instagram.com/tripvacationrentals/	https://www.facebook.com/tripvacationrentals/		https://tripvacationrentals.com/styles.css?v=1754390382				High	Verified	https://explore.overturemaps.org/#id=966f4f62-0a45-434e-8af7-7afb30f83aeb; https://www.tripvacationrentals.com/	Public Overture site+email; zero-HTTP V6 cheap-screen. Final MASTER dedupe/QA required.				overture:966f4f62-0a45-434e-8af7-7afb30f83aeb	tripvacationrentals.com	12506507453	trip vacation rentals	Courtenay	Canada	HIGH	domain:tripvacationrentals.com
	A	91	Lago Vista	USA	North Shore Vacation Rentals		real_estate_service	3404 American Dr	+15122674887								overture:7d57bd48-426d-4405-a306-321e149ef2d1	2026-08-15T00:53:59.669877Z		Canonical queue drain | fit A | GitHub MASTER dedupe passed	http://theislandonlaketravis.com/	contact@theislandonlaketravis.com	https://www.theislandonlaketravis.com/contact-us/		https://www.facebook.com/NSVRentals/		https://www.theislandonlaketravis.com/book-unit-now/				High	Verified	https://explore.overturemaps.org/#id=7d57bd48-426d-4405-a306-321e149ef2d1	Public Overture site+email; zero-HTTP V6 cheap-screen. Final MASTER dedupe/QA required.				overture:7d57bd48-426d-4405-a306-321e149ef2d1	theislandonlaketravis.com	15122674887	north shore vacation rentals	Lago Vista	USA	HIGH	domain:theislandonlaketravis.com
	A	91	San Diego	USA	San Diego Vacation Rentals		holiday_rental_home	4150 Mission Blvd	+16192961000								overture:3b6e6e9b-1289-47bc-b601-d7bbe237e995	2026-08-15T00:53:59.669877Z		Canonical queue drain | fit A | GitHub MASTER dedupe passed	http://www.sdvr.com/	info@sdvr.com	https://www.sdvr.com/contact-us		https://www.facebook.com/sdvrcom/		https://www.sdvr.com/rentals/oceanfront-villa-compound				High	Verified	https://explore.overturemaps.org/#id=3b6e6e9b-1289-47bc-b601-d7bbe237e995	Public Overture site+email; zero-HTTP V6 cheap-screen. Final MASTER dedupe/QA required.				overture:3b6e6e9b-1289-47bc-b601-d7bbe237e995	sdvr.com	16192961000	san diego vacation rentals	San Diego	USA	HIGH	domain:sdvr.com
	A	91	Indio	USA	Gariki Mot Vacation Rentals		holiday_rental_home		+17077777711								overture:979391da-c555-4a1c-bbf6-c457b8df6619	2026-08-15T00:53:59.669877Z		Canonical queue drain | fit A | GitHub MASTER dedupe passed	http://www.palmspringsvacationhouserentals.com/	teralagoestates@gmail.com		https://www.instagram.com/gariki_mot/	https://www.facebook.com/profile.php/		https://palmspringsvacationhouserentals.com/xmlrpc.php?rsd				High	Verified	https://explore.overturemaps.org/#id=979391da-c555-4a1c-bbf6-c457b8df6619; http://palmspringsvacationhouserentals.com/	Public Overture site+email; zero-HTTP V6 cheap-screen. Final MASTER dedupe/QA required.				overture:979391da-c555-4a1c-bbf6-c457b8df6619	palmspringsvacationhouserentals.com	17077777711	gariki mot vacation rentals	Indio	USA	HIGH	domain:palmspringsvacationhouserentals.com
	A	91	Marina del Rey	USA	Mexico Villa Rentals		holiday_rental_home	13199 Mindanao Way	+13108232367								overture:47538c52-0a92-426e-ad76-8d1efe1b4af2	2026-08-15T00:53:59.669877Z		Canonical queue drain | fit A | GitHub MASTER dedupe passed	http://www.mexicovillarentals.com/	info@mexicovillarentals.com	https://mexicovillarentals.com/contact.html		https://www.facebook.com/mexicovillarentals/		https://www.mexicovillarentals.com/manzanillo.html				High	Verified	https://explore.overturemaps.org/#id=47538c52-0a92-426e-ad76-8d1efe1b4af2	Public Overture site+email; zero-HTTP V6 cheap-screen. Final MASTER dedupe/QA required.				overture:47538c52-0a92-426e-ad76-8d1efe1b4af2	mexicovillarentals.com	13108232367	mexico villa rentals	Marina del Rey	USA	HIGH	domain:mexicovillarentals.com
	A	91	Los Angeles	USA	Living The Dream - Luxury Private Villa Rentals in Beverly Hills, Los Angeles & Malibu		holiday_rental_home	8201 Beverly Blvd	+13235532828								overture:43b2e269-da92-4e57-8fde-6b6af0d94f50	2026-08-15T00:53:59.669877Z		Canonical queue drain | fit A | GitHub MASTER dedupe passed	http://www.livingthedream.com/	info@livingthedream.com		https://www.instagram.com/livingthedream/	https://www.facebook.com/Living-The-Dream-1987406964720357/		https://livingthedream.com/properties/rentals				High	Verified	https://explore.overturemaps.org/#id=43b2e269-da92-4e57-8fde-6b6af0d94f50; https://livingthedream.com/	Public Overture site+email; zero-HTTP V6 cheap-screen. Final MASTER dedupe/QA required.				overture:43b2e269-da92-4e57-8fde-6b6af0d94f50	livingthedream.com	13235532828	living the dream luxury private villa rentals in beverly hills los angeles malibu	Los Angeles	USA	HIGH	domain:livingthedream.com
	A	91	Borrego Springs	USA	Borrego Holiday Homes		rv_park	351 Palm Canyon Dr	+17607673285								overture:f40da28a-e319-44a0-b5a3-3e326980b55d	2026-08-15T00:53:59.669877Z		Canonical queue drain | fit A | GitHub MASTER dedupe passed	https://borregoholidayhome.com/	borregoholidayhome@gmail.com	https://borregoholidayhome.com/contact-2/		https://www.facebook.com/Borrego-Holiday-Homes-118548208525672/		https://borregoholidayhome.com/2024/12/18/why-arizona-rv-owners-love-borrego-springs-borrego-holiday-homes/				High	Verified	https://explore.overturemaps.org/#id=f40da28a-e319-44a0-b5a3-3e326980b55d	Public Overture site+email; zero-HTTP V6 cheap-screen. Final MASTER dedupe/QA required.				overture:f40da28a-e319-44a0-b5a3-3e326980b55d	borregoholidayhome.com	17607673285	borrego holiday homes	Borrego Springs	USA	HIGH	domain:borregoholidayhome.com
	A	91	Metchosin	Canada	Metchosin House by BC Island Vacation Homes		hotel	5097 William Head Rd	+12506425566								overture:8800b71c-c112-4b57-b1fb-1c3d13ed31f3	2026-08-15T00:53:59.669877Z		Canonical queue drain | fit A | GitHub MASTER dedupe passed	http://bcislandvacationhomes.com	mail@bcislandvacationhomes.com	https://bcislandvacationhomes.com/about/		https://www.facebook.com/pages/Island-Vacation-Homes-Ltd/287581688406/		https://bcislandvacationhomes.com/all-properties/				High	Verified	https://explore.overturemaps.org/#id=8800b71c-c112-4b57-b1fb-1c3d13ed31f3	Public Overture site+email; zero-HTTP V6 cheap-screen. Final MASTER dedupe/QA required.				overture:8800b71c-c112-4b57-b1fb-1c3d13ed31f3	bcislandvacationhomes.com	12506425566	metchosin house by bc island vacation homes	Metchosin	Canada	HIGH	domain:bcislandvacationhomes.com
	A	91	Whistler	Canada	Acer Vacation Rentals Ltd.		holiday_rental_home	4905 Spearhead Pl	+18774897669								overture:93a086bb-c2e2-43dd-9dcf-980b6c7474a8	2026-08-15T00:53:59.669877Z		Canonical queue drain | fit A | GitHub MASTER dedupe passed	https://WWW.ACERVACATIONS.COM/	info@acervacations.com	https://WWW.ACERVACATIONS.COM/contact		https://www.facebook.com/acervacations/		https://WWW.ACERVACATIONS.COM/accommodations				High	Verified	https://explore.overturemaps.org/#id=93a086bb-c2e2-43dd-9dcf-980b6c7474a8	Public Overture site+email; zero-HTTP V6 cheap-screen. Final MASTER dedupe/QA required.				overture:93a086bb-c2e2-43dd-9dcf-980b6c7474a8	acervacations.com	18774897669	acer vacation rentals ltd	Whistler	Canada	HIGH	domain:acervacations.com
	A	91	Southampton	United Kingdom	Southampton Serviced Apartments		service_apartment	136 Bassett Avenue	+447796147369								overture:aec947ef-8aa8-4909-a645-2cf02a0a0409	2026-08-15T00:45:42.545149Z		Canonical queue drain | fit A | GitHub MASTER dedupe passed	http://www.southamptonservicedapartments.co.uk/	heywoodhomesltd@gmail.com	https://www.southamptonservicedapartments.co.uk/contact/		https://www.facebook.com/pages/Heywood-Homes-UK-Ltd-Luxury-Serviced-Apartments/125561270890319/		https://www.southamptonservicedapartments.co.uk/feed/				Medium	Recall-first	https://explore.overturemaps.org/#id=aec947ef-8aa8-4909-a645-2cf02a0a0409	Public Overture site+email; zero-HTTP V6 cheap-screen. Final MASTER dedupe/QA required.				overture:aec947ef-8aa8-4909-a645-2cf02a0a0409	southamptonservicedapartments.co.uk	447796147369	southampton serviced apartments	Southampton	United Kingdom	MEDIUM	domain:southamptonservicedapartments.co.uk
	A	91	Welch	USA	Welch Village Ski and Snowboard Area		ski_resort	26685 County 7 Blvd	+16512584567								overture:3aa39da1-a6b1-454d-a059-facbba3695d0	2026-08-15T00:45:42.545149Z		Canonical queue drain | fit A | GitHub MASTER dedupe passed	http://www.welchvillage.com/	info@welchvillage.com		https://www.instagram.com/welchvillage/	https://www.facebook.com/welchvillage/		https://www.welchvillage.com/rentals.cfm				High	Verified	https://explore.overturemaps.org/#id=3aa39da1-a6b1-454d-a059-facbba3695d0; https://www.welchvillage.com/index.cfm	Public Overture site+email; zero-HTTP V6 cheap-screen. Final MASTER dedupe/QA required.				overture:3aa39da1-a6b1-454d-a059-facbba3695d0	welchvillage.com	16512584567	welch village ski and snowboard area	Welch	USA	HIGH	domain:welchvillage.com
	A	91	Tellico Plains	USA	Tellico Log Cabins		cabin	170 Rafter Rd	+14232536218								overture:b6272b81-5ffb-49b2-b20b-518f88ac6ee7	2026-08-15T00:45:42.545149Z		Canonical queue drain | fit A | GitHub MASTER dedupe passed	http://tellicologcabins.com/	reservations@tellicologcabins.com	https://www.tellicologcabins.com/home/about-us/		https://www.facebook.com/profile.php/		https://www.tellicologcabins.com/rental/group-vacation-rentals/				High	Verified	https://explore.overturemaps.org/#id=b6272b81-5ffb-49b2-b20b-518f88ac6ee7	Public Overture site+email; zero-HTTP V6 cheap-screen. Final MASTER dedupe/QA required.				overture:b6272b81-5ffb-49b2-b20b-518f88ac6ee7	tellicologcabins.com	14232536218	tellico log cabins	Tellico Plains	USA	HIGH	domain:tellicologcabins.com
	A	91	Stoke Sub Hamdon	United Kingdom	Spaniel Cottage holiday home		hotel	27 Castle Street	+447384467567								overture:8bde518f-5021-46e8-8e3c-27fbf153fc4a	2026-08-15T00:45:42.545149Z		Canonical queue drain | fit A | GitHub MASTER dedupe passed	https://www.spanielcottage.com/	spanielcottage@gmail.com	https://www.spanielcottage.com/contact		https://www.facebook.com/Spanielcottageholidaycottage/		https://www.spanielcottage.com/bookings-and-availability				High	Verified	https://explore.overturemaps.org/#id=8bde518f-5021-46e8-8e3c-27fbf153fc4a	Public Overture site+email; zero-HTTP V6 cheap-screen. Final MASTER dedupe/QA required.				overture:8bde518f-5021-46e8-8e3c-27fbf153fc4a	spanielcottage.com	447384467567	spaniel cottage holiday home	Stoke Sub Hamdon	United Kingdom	HIGH	domain:spanielcottage.com
	A	91	Frinton-on-Sea	United Kingdom	Sea View Cottage - Holiday Home		hotel	119 Hadleigh Road	+447958464048								overture:fcc314b9-0371-4b57-ba6f-6bc297ddd77b	2026-08-15T00:45:42.545149Z		Canonical queue drain | fit A | GitHub MASTER dedupe passed	http://www.seaviewcottagefrinton.co.uk/blog	hello@seaviewcottagefrinton.co.uk	https://www.seaviewcottagefrinton.co.uk/post/10-things-guests-love-about-sea-view-cottage-frinton-on-sea	https://www.instagram.com/sea_view_cottage/	https://www.facebook.com/seaviewcottagefrinton/						High	Verified	https://explore.overturemaps.org/#id=fcc314b9-0371-4b57-ba6f-6bc297ddd77b; https://www.seaviewcottagefrinton.co.uk/blog	Public Overture site+email; zero-HTTP V6 cheap-screen. Final MASTER dedupe/QA required.				overture:fcc314b9-0371-4b57-ba6f-6bc297ddd77b	seaviewcottagefrinton.co.uk	447958464048	sea view cottage holiday home	Frinton-on-Sea	United Kingdom	HIGH	domain:seaviewcottagefrinton.co.uk
	A	91	Weybridge	United Kingdom	Principal		property_management	314, 15 Church St	+447814704161								overture:3ef61246-a17d-44c4-8b1e-9c5bd63b6552	2026-08-15T00:45:42.545149Z		Canonical queue drain | fit A | GitHub MASTER dedupe passed	http://www.principalpropertymanagement.co.uk/	enquiries@principalpropertymanagement.co.uk	https://principalpropertymanagement.co.uk/aboutus	https://www.instagram.com/principalpropertymanagement/	https://www.facebook.com/Principal-Property-Management-116070656928037/						Medium	Recall-first	https://explore.overturemaps.org/#id=3ef61246-a17d-44c4-8b1e-9c5bd63b6552; https://principalpropertymanagement.co.uk/	Public Overture site+email; zero-HTTP V6 cheap-screen. Final MASTER dedupe/QA required.				overture:3ef61246-a17d-44c4-8b1e-9c5bd63b6552	principalpropertymanagement.co.uk	447814704161	principal	Weybridge	United Kingdom	MEDIUM	domain:principalpropertymanagement.co.uk
	A	91	Rimswell	United Kingdom	JW Holiday Home Services		property_management	Unit 20, Waxholme Trading Park	+441482488651								overture:02024a51-52b5-43bc-8c7f-ea6648b66c7a	2026-08-15T00:45:42.545149Z		Canonical queue drain | fit A | GitHub MASTER dedupe passed	http://www.jwholidayhomeservices.co.uk/	jwholidayhomeservices@outlook.com			https://www.facebook.com/jwholidayhomeservices/	https://wa.me/01482705358	https://www.jwholidayhomeservices.co.uk/feed/atom				High	Verified	https://explore.overturemaps.org/#id=02024a51-52b5-43bc-8c7f-ea6648b66c7a	Public Overture site+email; zero-HTTP V6 cheap-screen. Final MASTER dedupe/QA required.				overture:02024a51-52b5-43bc-8c7f-ea6648b66c7a	jwholidayhomeservices.co.uk	441482488651	jw holiday home services	Rimswell	United Kingdom	HIGH	domain:jwholidayhomeservices.co.uk
	A	91	Cedar Rapids	USA	Heritage Associates		property_management	313 3rd Ave SE	+13193653610								overture:7e4dad62-938e-4e45-be5e-ff91c832ce1d	2026-08-15T00:45:42.545149Z		Canonical queue drain | fit A | GitHub MASTER dedupe passed	http://www.heritage-associates.com/	hpm@heritage-associates.com	https://www.heritage-associates.com/about-us-contact-info.html		https://www.facebook.com/pages/Heritage-Property-Management/158897444191803/		https://www.heritage-associates.com/apartments-home-rentals-sales_section.html				High	Verified	https://explore.overturemaps.org/#id=7e4dad62-938e-4e45-be5e-ff91c832ce1d	Public Overture site+email; zero-HTTP V6 cheap-screen. Final MASTER dedupe/QA required.				overture:7e4dad62-938e-4e45-be5e-ff91c832ce1d	heritage-associates.com	13193653610	heritage associates	Cedar Rapids	USA	HIGH	domain:heritage-associates.com
	A	91	Eastbourne	United Kingdom	Lock and Quay		holiday_rental_home	Sovereign Harbour	+441323406090								overture:95bca644-d7f8-47cf-9724-70f8f8455835	2026-08-15T00:45:42.545149Z		Canonical queue drain | fit A | GitHub MASTER dedupe passed	https://www.exclusivelyeastbourne.co.uk/holiday-homes/lock-and-quay-sovereign-harbour-lets/	info@exclusivelyeastbourne.co.uk	https://www.exclusivelyeastbourne.co.uk/about-us/		https://www.facebook.com/ExclusivelyEastbourne/		https://www.exclusivelyeastbourne.co.uk/short-term-accommodation-eastbourne/				High	Verified	https://explore.overturemaps.org/#id=95bca644-d7f8-47cf-9724-70f8f8455835	Public Overture site+email; zero-HTTP V6 cheap-screen. Final MASTER dedupe/QA required.				overture:95bca644-d7f8-47cf-9724-70f8f8455835	exclusivelyeastbourne.co.uk	441323406090	lock and quay	Eastbourne	United Kingdom	HIGH	domain:exclusivelyeastbourne.co.uk
	A	91	Christchurch	United Kingdom	Orchid 9 - holiday home available to rent		holiday_rental_home	Hoburne Ln	+447399477425								overture:aad70ead-9d7b-4feb-9351-8376332dbabb	2026-08-15T00:45:42.545149Z		Canonical queue drain | fit A | GitHub MASTER dedupe passed	https://www.directholidayhomes.co.uk/dorset/hoburne_park/8715	stevebratt68@gmail.com	https://www.directholidayhomes.co.uk/about		https://www.facebook.com/directholidayhomes.co.uk/		https://www.directholidayhomes.co.uk/uk				High	Verified	https://explore.overturemaps.org/#id=aad70ead-9d7b-4feb-9351-8376332dbabb	Public Overture site+email; zero-HTTP V6 cheap-screen. Final MASTER dedupe/QA required.				overture:aad70ead-9d7b-4feb-9351-8376332dbabb	directholidayhomes.co.uk	447399477425	orchid 9 holiday home available to rent	Christchurch	United Kingdom	HIGH	domain:directholidayhomes.co.uk
	A	91	Cambridge	United Kingdom	Camstay Serviced Apartments		hotel	31 Longworth Avenue	+441223269200								overture:433ae40f-bd60-456c-a9c2-f821d38088f9	2026-08-15T00:45:42.545149Z		Canonical queue drain | fit A | GitHub MASTER dedupe passed	https://www.camstay.com/	info@camstay.com	https://camstay.com/en/1809269/contact-us		https://www.facebook.com/camstay/		https://camstay.com/en/1296592/properties/?adults=1&children=0&infants=0&pets=0				High	Verified	https://explore.overturemaps.org/#id=433ae40f-bd60-456c-a9c2-f821d38088f9	Public Overture site+email; zero-HTTP V6 cheap-screen. Final MASTER dedupe/QA required.				overture:433ae40f-bd60-456c-a9c2-f821d38088f9	camstay.com	441223269200	camstay serviced apartments	Cambridge	United Kingdom	HIGH	domain:camstay.com
	A	91	Gloucester	United Kingdom	Pro Services Property Management		property_management	53 Dunster Close	+441452417500								overture:655268e3-82cd-44bb-a6d6-57216e797448	2026-08-15T00:45:42.545149Z		Canonical queue drain | fit A | GitHub MASTER dedupe passed	http://www.pro-services.co.uk/	lettings@pro-services.co.uk	https://pro-services.co.uk/about/		https://www.facebook.com/pages/Pro-Services-Lettings-Maintenance/819893241379934/		https://pro-services.co.uk/wp-content/plugins/custom-facebook-feed/assets/css/cff-style.min.css?ver=4.10.0				Medium	Recall-first	https://explore.overturemaps.org/#id=655268e3-82cd-44bb-a6d6-57216e797448	Public Overture site+email; zero-HTTP V6 cheap-screen. Final MASTER dedupe/QA required.				overture:655268e3-82cd-44bb-a6d6-57216e797448	pro-services.co.uk	441452417500	pro services property management	Gloucester	United Kingdom	MEDIUM	domain:pro-services.co.uk
	A	91	Tunbridge Wells	United Kingdom	Pembroke Property Management		property_management	Foundation House Coach & Horses Passage	+443333442100								overture:9c9c3a99-146c-4fbc-a22d-90cc3b9fc3eb	2026-08-15T00:45:42.545149Z		Canonical queue drain | fit A | GitHub MASTER dedupe passed	http://www.pembrokepm.co.uk/	info@pembrokepm.co.uk	https://www.pembrokepm.co.uk/contact-us/solicitor-enquiry/		https://www.facebook.com/PembrokePM/		https://www.pembrokepm.co.uk/case-studies/bolnore-village/				High	Verified	https://explore.overturemaps.org/#id=9c9c3a99-146c-4fbc-a22d-90cc3b9fc3eb	Public Overture site+email; zero-HTTP V6 cheap-screen. Final MASTER dedupe/QA required.				overture:9c9c3a99-146c-4fbc-a22d-90cc3b9fc3eb	pembrokepm.co.uk	443333442100	pembroke property management	Tunbridge Wells	United Kingdom	HIGH	domain:pembrokepm.co.uk
	A	91	Bristol	United Kingdom	Miller Independent Property Management Ltd		property_management	43 Belluton Road	+447503580864								overture:93dfc123-e840-428e-b841-5035c7a8bc2c	2026-08-15T00:45:42.545149Z		Canonical queue drain | fit A | GitHub MASTER dedupe passed	http://www.milleripm.co.uk/	georgie@milleripm.co.uk	https://milleripm.co.uk/general-enquiries-contact-form/	https://www.instagram.com/miller_lettings/	https://www.facebook.com/profile.php/						High	Verified	https://explore.overturemaps.org/#id=93dfc123-e840-428e-b841-5035c7a8bc2c; https://milleripm.co.uk/	Public Overture site+email; zero-HTTP V6 cheap-screen. Final MASTER dedupe/QA required.				overture:93dfc123-e840-428e-b841-5035c7a8bc2c	milleripm.co.uk	447503580864	miller independent property management ltd	Bristol	United Kingdom	HIGH	domain:milleripm.co.uk
	A	91	Hitchin	United Kingdom	Green Door Property Management Services		property_management	3 Maiden Street	+441462510765								overture:fe045c96-ad74-4be3-86f9-aaf357965a30	2026-08-15T00:45:42.545149Z		Canonical queue drain | fit A | GitHub MASTER dedupe passed	https://www.greendoorpm.co.uk	info@greendoorpm.co.uk	http://www.greendoorpm.co.uk/about-us/	https://www.instagram.com/greendoor18/	https://www.facebook.com/greendoorproperty/						High	Verified	https://explore.overturemaps.org/#id=fe045c96-ad74-4be3-86f9-aaf357965a30; https://www.greendoorpm.co.uk/	Public Overture site+email; zero-HTTP V6 cheap-screen. Final MASTER dedupe/QA required.				overture:fe045c96-ad74-4be3-86f9-aaf357965a30	greendoorpm.co.uk	441462510765	green door property management services	Hitchin	United Kingdom	HIGH	domain:greendoorpm.co.uk
	A	91	Wisconsin Rapids	USA	Zurfluh Property Management, Inc.		property_management	711 Dale St	+17154241500								overture:953f8283-0d08-4180-bfc4-8719cee73319	2026-08-15T00:45:42.545149Z		Canonical queue drain | fit A | GitHub MASTER dedupe passed	http://www.zurfluhrealty.com/rent.php	propertymanager@zurfluhrealty.com	http://www.zurfluhrealty.com/contact.php		https://www.facebook.com/marketplace/108341582521365/propertyrentals/		http://www.zurfluhrealty.com/manufacturedhomes.php				High	Verified	https://explore.overturemaps.org/#id=953f8283-0d08-4180-bfc4-8719cee73319	Public Overture site+email; zero-HTTP V6 cheap-screen. Final MASTER dedupe/QA required.				overture:953f8283-0d08-4180-bfc4-8719cee73319	zurfluhrealty.com	17154241500	zurfluh property management inc	Wisconsin Rapids	USA	HIGH	domain:zurfluhrealty.com
	A	91	Janesville	USA	Walker Property Management		property_management	315 N Parker Dr	(608) 563-0013								overture:7ac260d6-ccad-4cf5-a4d8-b9b8850d1230	2026-08-15T00:45:42.545149Z		Canonical queue drain | fit A | GitHub MASTER dedupe passed	http://www.wpmrents.com	marianne@wpmrents.com	https://wpmrents.com/contact-us/		https://www.facebook.com/wpmrents/		https://wpmrents.com/featured-properties-vacation/				High	Verified	https://explore.overturemaps.org/#id=7ac260d6-ccad-4cf5-a4d8-b9b8850d1230	Public Overture site+email; zero-HTTP V6 cheap-screen. Final MASTER dedupe/QA required.				overture:7ac260d6-ccad-4cf5-a4d8-b9b8850d1230	wpmrents.com	6085630013	walker property management	Janesville	USA	HIGH	domain:wpmrents.com
	A	91	Mooresville	USA	Wishlist Property Management		property_management	131 Crosslake Park Dr	+17044489440								overture:e3e39937-dcf1-4cba-9086-25d5855de049	2026-08-15T00:45:42.545149Z		Canonical queue drain | fit A | GitHub MASTER dedupe passed	http://www.wishlistnc.com/	support@wishlistnc.com		https://www.instagram.com/wishlistvacationslkn/	https://www.facebook.com/wishlistnc/		https://www.wishlistnc.com/vacation-rentals/denver-nc				High	Verified	https://explore.overturemaps.org/#id=e3e39937-dcf1-4cba-9086-25d5855de049; https://www.wishlistnc.com/	Public Overture site+email; zero-HTTP V6 cheap-screen. Final MASTER dedupe/QA required.				overture:e3e39937-dcf1-4cba-9086-25d5855de049	wishlistnc.com	17044489440	wishlist property management	Mooresville	USA	HIGH	domain:wishlistnc.com
	A	91	Sevierville	USA	Volunteer Cabin Rentals		cabin	3781 Wears Valley Rd	+18654286450								overture:8f255109-97a4-4a81-9ee7-2f9a13eab5f7	2026-08-15T00:45:42.545149Z		Canonical queue drain | fit A | GitHub MASTER dedupe passed	http://www.volunteercabinrentals.com/	guestservices@volunteercabinrentals.com	https://volunteercabinrentals.com/contact-us.php		https://www.facebook.com/VolunteerCabinRentals/		https://volunteercabinrentals.com/wifi-cabins.php				High	Verified	https://explore.overturemaps.org/#id=8f255109-97a4-4a81-9ee7-2f9a13eab5f7	Public Overture site+email; zero-HTTP V6 cheap-screen. Final MASTER dedupe/QA required.				overture:8f255109-97a4-4a81-9ee7-2f9a13eab5f7	volunteercabinrentals.com	18654286450	volunteer cabin rentals	Sevierville	USA	HIGH	domain:volunteercabinrentals.com
	A	91	London	United Kingdom	Urang Property Management		property_management	196 New Kings Road	+442077518355								overture:cbd00287-c118-479e-9b51-844ab317a4ce	2026-08-15T00:45:42.545149Z		Canonical queue drain | fit A | GitHub MASTER dedupe passed	http://www.urang.co.uk/	reception@urang.co.uk	https://www.urang.co.uk/about	https://www.instagram.com/urangpropertymanagement/	https://www.facebook.com/UrangPMLtd/						High	Verified	https://explore.overturemaps.org/#id=cbd00287-c118-479e-9b51-844ab317a4ce; https://www.urang.co.uk/	Public Overture site+email; zero-HTTP V6 cheap-screen. Final MASTER dedupe/QA required.				overture:cbd00287-c118-479e-9b51-844ab317a4ce	urang.co.uk	442077518355	urang property management	London	United Kingdom	HIGH	domain:urang.co.uk
	A	91	Redding	USA	Tuscan Sun Property Management		property_management	1310 Continental St	+15306054110								overture:2bdabd70-a333-499f-8ff0-b782ec12d1d9	2026-08-15T00:45:42.545149Z		Canonical queue drain | fit A | GitHub MASTER dedupe passed	http://www.tuscansunredding.com/	tuscansunproperties@gmail.com	https://www.tuscansunredding.com/contact-us	https://www.instagram.com/tuscansunredding/	https://www.facebook.com/TuscanSunProperty/						High	Verified	https://explore.overturemaps.org/#id=2bdabd70-a333-499f-8ff0-b782ec12d1d9; https://www.tuscansunredding.com/	Public Overture site+email; zero-HTTP V6 cheap-screen. Final MASTER dedupe/QA required.				overture:2bdabd70-a333-499f-8ff0-b782ec12d1d9	tuscansunredding.com	15306054110	tuscan sun property management	Redding	USA	HIGH	domain:tuscansunredding.com
	A	91	Greenville	USA	Trinity Property Management LLC		property_management	44 Pine Knoll Dr	+18645343479								overture:c339e7e2-86e1-43e1-ab98-1b3d577eae63	2026-08-15T00:45:42.545149Z		Canonical queue drain | fit A | GitHub MASTER dedupe passed	https://trinitypmsc.com/	trinitypmllc@gmail.com	https://trinitypmsc.com/trinitypm-about-us.html		https://www.facebook.com/trinitypropertymgmt/		https://trinitypmsc.com/multi-family-apartment-rentals.html				High	Verified	https://explore.overturemaps.org/#id=c339e7e2-86e1-43e1-ab98-1b3d577eae63	Public Overture site+email; zero-HTTP V6 cheap-screen. Final MASTER dedupe/QA required.				overture:c339e7e2-86e1-43e1-ab98-1b3d577eae63	trinitypmsc.com	18645343479	trinity property management llc	Greenville	USA	HIGH	domain:trinitypmsc.com
	A	91	Vernal	USA	Tru Property Management		property_management	617 N Vernal Ave	+14352551134								overture:cd20c59f-5f42-43bb-b2dc-0f7d555daa9d	2026-08-15T00:45:42.545149Z		Canonical queue drain | fit A | GitHub MASTER dedupe passed	http://tpmuintah.com/	office@tpmuintah.com	https://www.tpmuintah.com/aboutus		https://www.facebook.com/trupropertymanagementuintah/		https://www.tpmuintah.com/rentals				High	Verified	https://explore.overturemaps.org/#id=cd20c59f-5f42-43bb-b2dc-0f7d555daa9d	Public Overture site+email; zero-HTTP V6 cheap-screen. Final MASTER dedupe/QA required.				overture:cd20c59f-5f42-43bb-b2dc-0f7d555daa9d	tpmuintah.com	14352551134	tru property management	Vernal	USA	HIGH	domain:tpmuintah.com
	A	91	Townsend	USA	Tipton's Cabin Rentals		cabin	528 Lawson Rd	+18654480935								overture:00649a29-9e6b-4d6e-8108-95b5a22f5e5a	2026-08-15T00:45:42.545149Z		Canonical queue drain | fit A | GitHub MASTER dedupe passed	http://www.tiptoncabins.com/	tipcabins@aol.com	https://www.tiptoncabins.com/about/		https://www.facebook.com/tiptoncabinrentals/		https://www.tiptoncabins.com/wp-content/themes/bookmarkit/style.css				High	Verified	https://explore.overturemaps.org/#id=00649a29-9e6b-4d6e-8108-95b5a22f5e5a	Public Overture site+email; zero-HTTP V6 cheap-screen. Final MASTER dedupe/QA required.				overture:00649a29-9e6b-4d6e-8108-95b5a22f5e5a	tiptoncabins.com	18654480935	tipton s cabin rentals	Townsend	USA	HIGH	domain:tiptoncabins.com
	A	91	Fortuna	USA	Six Rivers Property Management		property_management	755 12th St	+17077251094								overture:f0d3f778-a377-44ce-b3b8-59874724d7c0	2026-08-15T00:45:42.545149Z		Canonical queue drain | fit A | GitHub MASTER dedupe passed	http://www.six-rivers.com/	rentals@six-rivers.com		https://www.instagram.com/sixriverspropertymanagement/	https://www.facebook.com/sixriversprop/		https://www.six-rivers.com/or_srpm/parallax-template/rentals.php				High	Verified	https://explore.overturemaps.org/#id=f0d3f778-a377-44ce-b3b8-59874724d7c0; https://www.six-rivers.com/	Public Overture site+email; zero-HTTP V6 cheap-screen. Final MASTER dedupe/QA required.				overture:f0d3f778-a377-44ce-b3b8-59874724d7c0	six-rivers.com	17077251094	six rivers property management	Fortuna	USA	HIGH	domain:six-rivers.com
	A	91	Colchester	United Kingdom	Sapphire Property Management		property_management	Sapphire House, Whitehall Rd	+441206593130								overture:846e65ba-aef6-4c06-a271-89d6b8c99e64	2026-08-15T00:45:42.545149Z		Canonical queue drain | fit A | GitHub MASTER dedupe passed	https://sapphirepm.co.uk/	info@sapphirepm.co.uk	https://sapphirepm.co.uk/about/		https://www.facebook.com/SapphirePropertyManagement/		https://sapphirepm.co.uk/portfolio/				High	Verified	https://explore.overturemaps.org/#id=846e65ba-aef6-4c06-a271-89d6b8c99e64	Public Overture site+email; zero-HTTP V6 cheap-screen. Final MASTER dedupe/QA required.				overture:846e65ba-aef6-4c06-a271-89d6b8c99e64	sapphirepm.co.uk	441206593130	sapphire property management	Colchester	United Kingdom	HIGH	domain:sapphirepm.co.uk
	A	91	Altoona	USA	Riverbend Rentals & Property Management		property_management	2620 Fairway Dr	+17152254200								overture:3c9900fb-cca7-41d5-90a4-659e0aac807a	2026-08-15T00:45:42.545149Z		Canonical queue drain | fit A | GitHub MASTER dedupe passed	http://www.riverbendpm.com/	admin@riverbendpm.com	https://www.riverbendpm.com/contact-us		https://www.facebook.com/riverbendpm/		https://www.riverbendpm.com/furnished-suites				High	Verified	https://explore.overturemaps.org/#id=3c9900fb-cca7-41d5-90a4-659e0aac807a	Public Overture site+email; zero-HTTP V6 cheap-screen. Final MASTER dedupe/QA required.				overture:3c9900fb-cca7-41d5-90a4-659e0aac807a	riverbendpm.com	17152254200	riverbend rentals property management	Altoona	USA	HIGH	domain:riverbendpm.com
	A	91	Winona	USA	Winona Property Management		property_management	63 W 3rd St	+15074539275								overture:4f3a5bb2-16a8-4ef8-89b2-0c4ea3c96aab	2026-08-15T00:45:42.545149Z		Canonical queue drain | fit A | GitHub MASTER dedupe passed	http://www.rentwinonapm.com/	michellearealtor@gmail.com	https://www.rentwinonapm.com/contact-us		https://www.facebook.com/wix/		https://www.rentwinonapm.com/one-bedrooms				Medium	Recall-first	https://explore.overturemaps.org/#id=4f3a5bb2-16a8-4ef8-89b2-0c4ea3c96aab	Public Overture site+email; zero-HTTP V6 cheap-screen. Final MASTER dedupe/QA required.				overture:4f3a5bb2-16a8-4ef8-89b2-0c4ea3c96aab	rentwinonapm.com	15074539275	winona property management	Winona	USA	MEDIUM	domain:rentwinonapm.com
	A	91	Fort Mill	USA	Tailored Homes Property Management		property_management	885 Gold Hill Rd	+18036190080								overture:d0c2a9fb-fadd-4dfd-9f09-96738a4b50e1	2026-08-15T00:45:42.545149Z		Canonical queue drain | fit A | GitHub MASTER dedupe passed	http://www.RentTailored.com/	info@renttailored.com	http://www.RentTailored.com/about	https://www.instagram.com/renttailored/			http://www.RentTailored.com/york-homes-for-rent				High	Verified	https://explore.overturemaps.org/#id=d0c2a9fb-fadd-4dfd-9f09-96738a4b50e1; http://www.renttailored.com/	Public Overture site+email; zero-HTTP V6 cheap-screen. Final MASTER dedupe/QA required.				overture:d0c2a9fb-fadd-4dfd-9f09-96738a4b50e1	renttailored.com	18036190080	tailored homes property management	Fort Mill	USA	HIGH	domain:renttailored.com
	A	91	London	United Kingdom	Reka Property Management		property_management	5 Clerkenwell Road	+442036339356								overture:07143eed-2fff-495b-8843-4fb71644d1b0	2026-08-15T00:45:42.545149Z		Canonical queue drain | fit A | GitHub MASTER dedupe passed	http://rekaproperty.co.uk/	lettings@rekaproperty.co.uk	https://rekaproperty.co.uk/contact-us/		https://www.facebook.com/rekapropertyltd/		https://rekaproperty.co.uk/properties/rooms-to-rent-in-highbury/				High	Verified	https://explore.overturemaps.org/#id=07143eed-2fff-495b-8843-4fb71644d1b0	Public Overture site+email; zero-HTTP V6 cheap-screen. Final MASTER dedupe/QA required.				overture:07143eed-2fff-495b-8843-4fb71644d1b0	rekaproperty.co.uk	442036339356	reka property management	London	United Kingdom	HIGH	domain:rekaproperty.co.uk
	A	91	Bristol	United Kingdom	React Property Management and Lettings		property_management	124f Bromley Heath Road	+441179568551								overture:f7601b66-0772-45ef-ad3e-2eee76be7303	2026-08-15T00:45:42.545149Z		Canonical queue drain | fit A | GitHub MASTER dedupe passed	https://reactproperty.co.uk/	info@reactproperty.co.uk	https://reactproperty.co.uk/about-us/			https://wa.me/447493342410	https://reactproperty.co.uk/properties				High	Verified	https://explore.overturemaps.org/#id=f7601b66-0772-45ef-ad3e-2eee76be7303	Public Overture site+email; zero-HTTP V6 cheap-screen. Final MASTER dedupe/QA required.				overture:f7601b66-0772-45ef-ad3e-2eee76be7303	reactproperty.co.uk	441179568551	react property management and lettings	Bristol	United Kingdom	HIGH	domain:reactproperty.co.uk
	A	91	London	United Kingdom	Prudential Property Management		property_management	124 City Road	+442039293459								overture:00aca634-d13f-4ba8-b095-eef53b98f492	2026-08-15T00:45:42.545149Z		Canonical queue drain | fit A | GitHub MASTER dedupe passed	http://www.prudentialpromanagement.co.uk/	info@prudentialpromanagement.co.uk	https://prudentialpromanagement.co.uk/get-in-touch	https://www.instagram.com/prudentialpromanagement/	https://www.facebook.com/prudentialpromanagment/						Medium	Recall-first	https://explore.overturemaps.org/#id=00aca634-d13f-4ba8-b095-eef53b98f492; https://prudentialpromanagement.co.uk/	Public Overture site+email; zero-HTTP V6 cheap-screen. Final MASTER dedupe/QA required.				overture:00aca634-d13f-4ba8-b095-eef53b98f492	prudentialpromanagement.co.uk	442039293459	prudential property management	London	United Kingdom	MEDIUM	domain:prudentialpromanagement.co.uk
	A	91	Inverurie	United Kingdom	PMC Property Management and Lettings		property_management	PMC House, Little Square	+441651873838								overture:dfc5888f-d4f5-4e2e-af3d-368c9a2cb432	2026-08-15T00:45:42.545149Z		Canonical queue drain | fit A | GitHub MASTER dedupe passed	https://www.pmcproperty.com/	customerservices@pmcproperty.com	https://www.pmcproperty.com/contact-us	https://www.instagram.com/pmcpropertyco/	https://www.facebook.com/pmcpropertyco/						Medium	Recall-first	https://explore.overturemaps.org/#id=dfc5888f-d4f5-4e2e-af3d-368c9a2cb432; https://www.pmcproperty.com/	Public Overture site+email; zero-HTTP V6 cheap-screen. Final MASTER dedupe/QA required.				overture:dfc5888f-d4f5-4e2e-af3d-368c9a2cb432	pmcproperty.com	441651873838	pmc property management and lettings	Inverurie	United Kingdom	MEDIUM	domain:pmcproperty.com
	A	91	Anderson	USA	Places & Spaces Property Management		property_management	2326 Balls Ferry Rd	+15302265300								overture:cb683ace-8acb-460d-a344-2b0c8fb82282	2026-08-15T00:45:42.545149Z		Canonical queue drain | fit A | GitHub MASTER dedupe passed	http://www.placesandspaces.net/	hello@placesandspaces.net	https://www.placesandspaces.net/about-us	https://www.instagram.com/places_and_spaces_pm/	https://www.facebook.com/placesandspacespropertymanagement/						High	Verified	https://explore.overturemaps.org/#id=cb683ace-8acb-460d-a344-2b0c8fb82282; https://www.placesandspaces.net/	Public Overture site+email; zero-HTTP V6 cheap-screen. Final MASTER dedupe/QA required.				overture:cb683ace-8acb-460d-a344-2b0c8fb82282	placesandspaces.net	15302265300	places spaces property management	Anderson	USA	HIGH	domain:placesandspaces.net
	A	91	Gatlinburg	USA	Parkside Cabin Rentals		cabin	122 Parkway	+18654365053								overture:becf2a84-6acd-44fc-8de6-34f5ab69196a	2026-08-15T00:45:42.545149Z		Canonical queue drain | fit A | GitHub MASTER dedupe passed	https://www.parksidecabinrentals.com/	reservations@parksidecabinrentals.com	https://www.parksidecabinrentals.com/contact-us/		https://www.facebook.com/ParksideCabinRentals/		https://www.parksidecabinrentals.com/cabin-rentals/2-bedroom-cabins/				High	Verified	https://explore.overturemaps.org/#id=becf2a84-6acd-44fc-8de6-34f5ab69196a	Public Overture site+email; zero-HTTP V6 cheap-screen. Final MASTER dedupe/QA required.				overture:becf2a84-6acd-44fc-8de6-34f5ab69196a	parksidecabinrentals.com	18654365053	parkside cabin rentals	Gatlinburg	USA	HIGH	domain:parksidecabinrentals.com
	A	91	Birmingham	United Kingdom	NMZ Property Management & Investments Ltd		property_management	Suite 4, Aston Cross Business Park, Rocky Ln	+441216380386								overture:65432a2b-7138-4cdc-b1b4-613ddc037509	2026-08-15T00:45:42.545149Z		Canonical queue drain | fit A | GitHub MASTER dedupe passed	http://www.nmzproperty.com/	nav@nmzproperty.com	http://www.nmzproperty.com/	https://www.instagram.com/nmzproperty/			http://www.nmzproperty.com/shared-accommodation.html				High	Verified	https://explore.overturemaps.org/#id=65432a2b-7138-4cdc-b1b4-613ddc037509; http://www.nmzproperty.com/	Public Overture site+email; zero-HTTP V6 cheap-screen. Final MASTER dedupe/QA required.				overture:65432a2b-7138-4cdc-b1b4-613ddc037509	nmzproperty.com	441216380386	nmz property management investments ltd	Birmingham	United Kingdom	HIGH	domain:nmzproperty.com
	A	91	Knoxville	USA	NBS Property Management		property_management	6408 Clinton Hwy	+18653472729								overture:c4d77bc6-636f-47ee-ab28-34b96d4bd167	2026-08-15T00:45:42.545149Z		Canonical queue drain | fit A | GitHub MASTER dedupe passed	https://nbspropertymanagement.com/	nbs@nbspropertymanagement.com	https://www.nbspropertymanagement.com/about-us		https://www.facebook.com/profile.php/		https://www.nbspropertymanagement.com/our-properties				High	Verified	https://explore.overturemaps.org/#id=c4d77bc6-636f-47ee-ab28-34b96d4bd167	Public Overture site+email; zero-HTTP V6 cheap-screen. Final MASTER dedupe/QA required.				overture:c4d77bc6-636f-47ee-ab28-34b96d4bd167	nbspropertymanagement.com	18653472729	nbs property management	Knoxville	USA	HIGH	domain:nbspropertymanagement.com
	A	91	Pigeon Forge	USA	Heritage Cabin Rentals		cabin	2740 Florence Dr	+18779783410								overture:c32947a7-39fc-473e-9cca-e8282c12047d	2026-08-15T00:45:42.545149Z		Canonical queue drain | fit A | GitHub MASTER dedupe passed	https://myheritagecabin.com/	info@myheritagecabin.com	https://myheritagecabin.com/contact-us/		https://www.facebook.com/myheritagecabin/		https://myheritagecabin.com/properties/1-bedroom-cabins/				High	Verified	https://explore.overturemaps.org/#id=c32947a7-39fc-473e-9cca-e8282c12047d	Public Overture site+email; zero-HTTP V6 cheap-screen. Final MASTER dedupe/QA required.				overture:c32947a7-39fc-473e-9cca-e8282c12047d	myheritagecabin.com	18779783410	heritage cabin rentals	Pigeon Forge	USA	HIGH	domain:myheritagecabin.com
	A	91	Blue Ridge	USA	My Cabin Rentals		cabin	649 E Main St	+17062588006								overture:89589f69-be56-4517-97bb-fcf1a2e39694	2026-08-15T00:45:42.545149Z		Canonical queue drain | fit A | GitHub MASTER dedupe passed	https://www.mycabinrentals.net/	reservations@mycabinrentals.net	https://www.mycabinrentals.net/about-us		https://www.facebook.com/profile.php/		https://www.mycabinrentals.net/cabin-rentals				High	Verified	https://explore.overturemaps.org/#id=89589f69-be56-4517-97bb-fcf1a2e39694	Public Overture site+email; zero-HTTP V6 cheap-screen. Final MASTER dedupe/QA required.				overture:89589f69-be56-4517-97bb-fcf1a2e39694	mycabinrentals.net	17062588006	my cabin rentals	Blue Ridge	USA	HIGH	domain:mycabinrentals.net
	A	91	Maggie Valley	USA	Maggie Valley Cabin Rentals		cabin	5 Tobacco Barn Rd	+18289440610								overture:c652e087-df83-426d-b07e-3294989015d0	2026-08-15T00:45:42.545149Z		Canonical queue drain | fit A | GitHub MASTER dedupe passed	https://www.mvyurtsandtinylogcabins.com/	maggievalleyyurtsandcabins@gmail.com		https://www.instagram.com/mvyurtsandcabins/	https://www.facebook.com/MVCabins/		https://mvyurtsandtinylogcabins.com/feed/				High	Verified	https://explore.overturemaps.org/#id=c652e087-df83-426d-b07e-3294989015d0; https://mvyurtsandtinylogcabins.com/	Public Overture site+email; zero-HTTP V6 cheap-screen. Final MASTER dedupe/QA required.				overture:c652e087-df83-426d-b07e-3294989015d0	mvyurtsandtinylogcabins.com	18289440610	maggie valley cabin rentals	Maggie Valley	USA	HIGH	domain:mvyurtsandtinylogcabins.com
	A	91	Sevierville	USA	Moving Mountains Property Management & Design		property_management	1713 Pittman Center Rd	+18652918477								overture:e2823e44-2b6f-40f1-a68d-42fdc893b251	2026-08-15T00:45:42.545149Z		Canonical queue drain | fit A | GitHub MASTER dedupe passed	http://movingmountains.vacations/	movingmountains920@gmail.com	https://movingmountains.vacations/about/		https://www.facebook.com/profile.php/		https://movingmountains.vacations/luxurious-cabins-and-condos-in-gatlinburg-tn/				High	Verified	https://explore.overturemaps.org/#id=e2823e44-2b6f-40f1-a68d-42fdc893b251	Public Overture site+email; zero-HTTP V6 cheap-screen. Final MASTER dedupe/QA required.				overture:e2823e44-2b6f-40f1-a68d-42fdc893b251	movingmountains.vacations	18652918477	moving mountains property management design	Sevierville	USA	HIGH	domain:movingmountains.vacations
	A	91	London	United Kingdom	MIH Property Management		property_management	9 St Thomas Street	+442036377968								overture:94da38b4-1aa0-49bc-b04d-8bb0d0b4d730	2026-08-15T00:45:42.545149Z		Canonical queue drain | fit A | GitHub MASTER dedupe passed	https://mihproperty.co.uk/	info@mihproperty.co.uk	https://mihproperty.co.uk/about-us	https://www.instagram.com/mihpropertymanagement/	https://www.facebook.com/MIHProperty/						Medium	Recall-first	https://explore.overturemaps.org/#id=94da38b4-1aa0-49bc-b04d-8bb0d0b4d730; https://mihproperty.co.uk/	Public Overture site+email; zero-HTTP V6 cheap-screen. Final MASTER dedupe/QA required.				overture:94da38b4-1aa0-49bc-b04d-8bb0d0b4d730	mihproperty.co.uk	442036377968	mih property management	London	United Kingdom	MEDIUM	domain:mihproperty.co.uk
	A	91	Fort Bragg	USA	Mendocino Coast Property Management		property_management	809 N Main St	+17079647777								overture:3b1bd709-d8b2-4820-b847-ac91c54fa4f5	2026-08-15T00:45:42.545149Z		Canonical queue drain | fit A | GitHub MASTER dedupe passed	http://www.mendocoastpm.com/	rentals@mendocoastpm.com	https://mendocoastpm.com/about-us/		https://www.facebook.com/PropertyManagementFortBraggCA/		https://mendocoastpm.com/rentals/				High	Verified	https://explore.overturemaps.org/#id=3b1bd709-d8b2-4820-b847-ac91c54fa4f5	Public Overture site+email; zero-HTTP V6 cheap-screen. Final MASTER dedupe/QA required.				overture:3b1bd709-d8b2-4820-b847-ac91c54fa4f5	mendocoastpm.com	17079647777	mendocino coast property management	Fort Bragg	USA	HIGH	domain:mendocoastpm.com
	A	91	McCloud	USA	McCloud Vacation Home		holiday_rental_home	424 Shasta Ave	+14155775198								overture:ba92fe43-02d1-4cde-b2d8-99658f008ffa	2026-08-15T00:45:42.545149Z		Canonical queue drain | fit A | GitHub MASTER dedupe passed	http://www.McCloudVacationHome.com/	reservations@mccloudvacationhome.com	https://mccloudvacationhome.com/wp-content/themes/resort-hotel-booking-pro/style.css?ver=7.0.4		https://www.facebook.com/McCloudVacation/		https://mccloudvacationhome.com/wp-content/themes/resort-hotel-booking-pro/style.css?ver=7.0.4				High	Verified	https://explore.overturemaps.org/#id=ba92fe43-02d1-4cde-b2d8-99658f008ffa	Public Overture site+email; zero-HTTP V6 cheap-screen. Final MASTER dedupe/QA required.				overture:ba92fe43-02d1-4cde-b2d8-99658f008ffa	mccloudvacationhome.com	14155775198	mccloud vacation home	McCloud	USA	HIGH	domain:mccloudvacationhome.com
	A	91	Mackinaw City	USA	Mackinac Lakefront Cabin Rentals		cabin	10346 W US-23	+12314365741								overture:6712e47f-6dca-49d0-94ff-5feb883b1c47	2026-08-15T00:45:42.545149Z		Canonical queue drain | fit A | GitHub MASTER dedupe passed	http://mackinaclakefrontcabinrentals.com/	office@mackinaclakefrontcabinrentals.com	https://mackinaclakefrontcabinrentals.com/contact.htm		https://www.facebook.com/mackinaclakefrontcabinrentals/		https://mackinaclakefrontcabinrentals.com/mackinac-cabins-photo-tour.htm				High	Verified	https://explore.overturemaps.org/#id=6712e47f-6dca-49d0-94ff-5feb883b1c47	Public Overture site+email; zero-HTTP V6 cheap-screen. Final MASTER dedupe/QA required.				overture:6712e47f-6dca-49d0-94ff-5feb883b1c47	mackinaclakefrontcabinrentals.com	12314365741	mackinac lakefront cabin rentals	Mackinaw City	USA	HIGH	domain:mackinaclakefrontcabinrentals.com
	A	91	Menomonie	USA	LSI Property Management		property_management	300 Wilson Ave W	+17152332081								overture:7565c076-0a43-4e15-a652-d55837ee3a37	2026-08-15T00:45:42.545149Z		Canonical queue drain | fit A | GitHub MASTER dedupe passed	http://www.LSImanagement.com/	liz@lsimanagement.com	https://lsimanagement.com/about-us/		https://www.facebook.com/LsiPropertyManagement/		https://lsimanagement.com/properties/				High	Verified	https://explore.overturemaps.org/#id=7565c076-0a43-4e15-a652-d55837ee3a37	Public Overture site+email; zero-HTTP V6 cheap-screen. Final MASTER dedupe/QA required.				overture:7565c076-0a43-4e15-a652-d55837ee3a37	lsimanagement.com	17152332081	lsi property management	Menomonie	USA	HIGH	domain:lsimanagement.com
	A	91	London	United Kingdom	Living London Property Management		property_management	Living London Property Management, 131 Putney Bridge Road	+442071014422								overture:e6600617-a85b-4c99-87eb-868064c36c3a	2026-08-15T00:45:42.545149Z		Canonical queue drain | fit A | GitHub MASTER dedupe passed	http://www.livinglondon.com/	hello@livinglondon.com	https://livinglondon.com/contact/	https://www.instagram.com/livinglondonproperty/	https://www.facebook.com/Living-London-1500430096872492/						Medium	Recall-first	https://explore.overturemaps.org/#id=e6600617-a85b-4c99-87eb-868064c36c3a; https://livinglondon.com/	Public Overture site+email; zero-HTTP V6 cheap-screen. Final MASTER dedupe/QA required.				overture:e6600617-a85b-4c99-87eb-868064c36c3a	livinglondon.com	442071014422	living london property management	London	United Kingdom	MEDIUM	domain:livinglondon.com
	A	91	Hot Springs	USA	Little Bird Cabin Rentals		cabin	49 S Serpentine Ave	+18282061487								overture:a7bd3db2-1c99-48e0-96a4-2370634fa43b	2026-08-15T00:45:42.545149Z		Canonical queue drain | fit A | GitHub MASTER dedupe passed	http://www.littlebirdcabinrentals.com/	natalie@littlebirdcabinrentals.com	https://www.littlebirdcabinrentals.com/contact-us		https://www.facebook.com/hotspringscabins/		https://www.littlebirdcabinrentals.com/pet-friendly-hot-springs-cabins				High	Verified	https://explore.overturemaps.org/#id=a7bd3db2-1c99-48e0-96a4-2370634fa43b	Public Overture site+email; zero-HTTP V6 cheap-screen. Final MASTER dedupe/QA required.				overture:a7bd3db2-1c99-48e0-96a4-2370634fa43b	littlebirdcabinrentals.com	18282061487	little bird cabin rentals	Hot Springs	USA	HIGH	domain:littlebirdcabinrentals.com
	A	91	Trowbridge	United Kingdom	Lexingtons Property Management		property_management	35 Ryeland Way	+448004480203								overture:4fdb6674-f70c-419e-ae5a-994c64cd71a2	2026-08-15T00:45:42.545149Z		Canonical queue drain | fit A | GitHub MASTER dedupe passed	http://www.lexingtonsproperty.com/	info@lexingtonsproperty.com	https://www.lexingtonsproperty.com/about-us	https://www.instagram.com/lexingtonsproperty/	https://www.facebook.com/lexingtonsproperty/						Medium	Recall-first	https://explore.overturemaps.org/#id=4fdb6674-f70c-419e-ae5a-994c64cd71a2; https://www.lexingtonsproperty.com/	Public Overture site+email; zero-HTTP V6 cheap-screen. Final MASTER dedupe/QA required.				overture:4fdb6674-f70c-419e-ae5a-994c64cd71a2	lexingtonsproperty.com	448004480203	lexingtons property management	Trowbridge	United Kingdom	MEDIUM	domain:lexingtonsproperty.com
	A	91	Winston-Salem	USA	Lee Property Management		property_management		+18449996584								overture:c2238afa-9d6e-48a7-9d88-92fa6132db57	2026-08-15T00:45:42.545149Z		Canonical queue drain | fit A | GitHub MASTER dedupe passed	https://www.leepropertymgmt.com/	manager@leepropertymgmt.com	https://www.leepropertymgmt.com/contactus		https://www.facebook.com/wix/		https://www.leepropertymgmt.com/properties/kirkman				High	Verified	https://explore.overturemaps.org/#id=c2238afa-9d6e-48a7-9d88-92fa6132db57	Public Overture site+email; zero-HTTP V6 cheap-screen. Final MASTER dedupe/QA required.				overture:c2238afa-9d6e-48a7-9d88-92fa6132db57	leepropertymgmt.com	18449996584	lee property management	Winston-Salem	USA	HIGH	domain:leepropertymgmt.com
	A	91	Sittingbourne	United Kingdom	Jh Property Management Limited		property_management	The Oast Osteopathy, 62 Bell Road	+441795476249								overture:84dc84f1-5903-4aa6-b5cf-c921c4558850	2026-08-15T00:45:42.545149Z		Canonical queue drain | fit A | GitHub MASTER dedupe passed	http://www.jh-pm.co.uk/home/3610519	admin@jh-pm.co.uk	https://www.jh-pm.co.uk/contact		https://www.facebook.com/jhpropertymanagement1/	https://api.whatsapp.com/send?text=I wanted to share this great website with you https%3A%2F%2Fwww.jh-pm.co.uk					High	Verified	https://explore.overturemaps.org/#id=84dc84f1-5903-4aa6-b5cf-c921c4558850	Public Overture site+email; zero-HTTP V6 cheap-screen. Final MASTER dedupe/QA required.				overture:84dc84f1-5903-4aa6-b5cf-c921c4558850	jh-pm.co.uk	441795476249	jh property management limited	Sittingbourne	United Kingdom	HIGH	domain:jh-pm.co.uk
	A	91	Lansing	USA	Iowa Cabin Rentals		cabin	1756 Great River Rd	+13059783715								overture:09852929-a117-4126-ac26-4ed1608d0bb0	2026-08-15T00:45:42.545149Z		Canonical queue drain | fit A | GitHub MASTER dedupe passed	http://www.iowacabinrentals.com	info@iowacabinrentals.com	https://www.iowacabinrentals.com/booking-a-cabin/		https://www.facebook.com/IowaCabinRentals/		https://www.iowacabinrentals.com/booking-a-cabin/				High	Verified	https://explore.overturemaps.org/#id=09852929-a117-4126-ac26-4ed1608d0bb0	Public Overture site+email; zero-HTTP V6 cheap-screen. Final MASTER dedupe/QA required.				overture:09852929-a117-4126-ac26-4ed1608d0bb0	iowacabinrentals.com	13059783715	iowa cabin rentals	Lansing	USA	HIGH	domain:iowacabinrentals.com
	A	91	Gatlinburg	USA	Gatlinburg Cabin Rentals at Honeymoon Hills		cabin	750 Honeymoon Hill Rd	+18654363901								overture:e440c647-ba1e-47cc-b71d-066297221743	2026-08-15T00:45:42.545149Z		Canonical queue drain | fit A | GitHub MASTER dedupe passed	http://www.honeymoonhills.com/	info@honeymoonhills.com	https://www.honeymoonhills.com/contact-us		https://www.facebook.com/pages/Honeymoon-Hills-Cabin-Rentals-Resort-Gatlinburg-TN/120125724699036/		https://www.honeymoonhills.com/cabins				High	Verified	https://explore.overturemaps.org/#id=e440c647-ba1e-47cc-b71d-066297221743	Public Overture site+email; zero-HTTP V6 cheap-screen. Final MASTER dedupe/QA required.				overture:e440c647-ba1e-47cc-b71d-066297221743	honeymoonhills.com	18654363901	gatlinburg cabin rentals at honeymoon hills	Gatlinburg	USA	HIGH	domain:honeymoonhills.com
	A	91	Johnson City	USA	HLC Property Management LLC		property_management	3107 W Market St	+14238337693								overture:be680d4c-84c7-490d-8134-31d7f3438a6a	2026-08-15T00:45:42.545149Z		Canonical queue drain | fit A | GitHub MASTER dedupe passed	http://Hlcpropertymanagement.com/	admin@hlcpropertymanagement.com	https://hlcpropertymanagement.com/about-us	https://www.instagram.com/hlcpropertymanagement/	https://www.facebook.com/hlcpropertymanagement/						Medium	Recall-first	https://explore.overturemaps.org/#id=be680d4c-84c7-490d-8134-31d7f3438a6a; https://hlcpropertymanagement.com/	Public Overture site+email; zero-HTTP V6 cheap-screen. Final MASTER dedupe/QA required.				overture:be680d4c-84c7-490d-8134-31d7f3438a6a	hlcpropertymanagement.com	14238337693	hlc property management llc	Johnson City	USA	MEDIUM	domain:hlcpropertymanagement.com
	A	91	Amersham	United Kingdom	Hinch Property Management		property_management	East House, Chiltern Ave	+442079899128								overture:6dae86bb-b854-4447-a0a3-e4583bcc39f7	2026-08-15T00:45:42.545149Z		Canonical queue drain | fit A | GitHub MASTER dedupe passed	https://hinchpm.com/	bookings@hinchpm.com	https://www.hinchpm.com/about-us/	https://www.instagram.com/hinchpm_official/	https://www.facebook.com/HinchPM/						High	Verified	https://explore.overturemaps.org/#id=6dae86bb-b854-4447-a0a3-e4583bcc39f7; https://www.hinchpm.com/	Public Overture site+email; zero-HTTP V6 cheap-screen. Final MASTER dedupe/QA required.				overture:6dae86bb-b854-4447-a0a3-e4583bcc39f7	hinchpm.com	442079899128	hinch property management	Amersham	United Kingdom	HIGH	domain:hinchpm.com
	A	91	Sevierville	USA	Hidden Gem Vacation Rental		holiday_rental_home	2044 New Era Rd	+18654541559								overture:0b35bd5f-a8db-4782-aa07-e372a9cfa8c0	2026-08-15T00:45:42.545149Z		Canonical queue drain | fit A | GitHub MASTER dedupe passed	http://hiddengemrental.com/	lisa@hiddengemrental.com	https://www.hiddengemrental.com/about-us	https://www.instagram.com/hidden_gem_rental/	https://www.facebook.com/hiddengemvacationrental/						High	Verified	https://explore.overturemaps.org/#id=0b35bd5f-a8db-4782-aa07-e372a9cfa8c0; https://www.hiddengemrental.com/	Public Overture site+email; zero-HTTP V6 cheap-screen. Final MASTER dedupe/QA required.				overture:0b35bd5f-a8db-4782-aa07-e372a9cfa8c0	hiddengemrental.com	18654541559	hidden gem vacation rental	Sevierville	USA	HIGH	domain:hiddengemrental.com
	A	91	Cranleigh	United Kingdom	Hestia Lettings and Property Management		property_management	39 High Street	+441483276565								overture:66831c2c-ada0-4339-9923-19fe23f9701a	2026-08-15T00:45:42.545149Z		Canonical queue drain | fit A | GitHub MASTER dedupe passed	http://www.hestiapropertylettings.co.uk/	michelle@hestiapropertylettings.co.uk	https://www.hestiapropertylettings.co.uk/about/		https://www.facebook.com/cranleighpropertylettings/		https://www.hestiapropertylettings.co.uk/properties/				High	Verified	https://explore.overturemaps.org/#id=66831c2c-ada0-4339-9923-19fe23f9701a	Public Overture site+email; zero-HTTP V6 cheap-screen. Final MASTER dedupe/QA required.				overture:66831c2c-ada0-4339-9923-19fe23f9701a	hestiapropertylettings.co.uk	441483276565	hestia lettings and property management	Cranleigh	United Kingdom	HIGH	domain:hestiapropertylettings.co.uk
	A	91	Hastings	United Kingdom	HAS Property Management		property_management	27 Robertson Street	+441424436779								overture:3225113c-ae7e-4e43-80bc-364e067516e8	2026-08-15T00:45:42.545149Z		Canonical queue drain | fit A | GitHub MASTER dedupe passed	http://www.haspropertymanagement.co.uk/	enquiries@haspropertymanagement.co.uk	https://www.haspropertymanagement.co.uk/about-us/	https://www.instagram.com/haspropertymanagement/	https://www.facebook.com/haspropertymanagement/						Medium	Recall-first	https://explore.overturemaps.org/#id=3225113c-ae7e-4e43-80bc-364e067516e8; https://www.haspropertymanagement.co.uk/	Public Overture site+email; zero-HTTP V6 cheap-screen. Final MASTER dedupe/QA required.				overture:3225113c-ae7e-4e43-80bc-364e067516e8	haspropertymanagement.co.uk	441424436779	has property management	Hastings	United Kingdom	MEDIUM	domain:haspropertymanagement.co.uk
	A	91	Cornelia	USA	Handyman Elite/Property Management		plumbing	134 Harold Ansley Rd	+16783430130								overture:e4008fe2-e2b3-4988-acd5-35c115c9ed3e	2026-08-15T00:45:42.545149Z		Canonical queue drain | fit A | GitHub MASTER dedupe passed	http://Www.handymaneliteusa.com/	rusty@handymaneliteusa.com	https://handymaneliteusa.com/about	https://www.instagram.com/handymanelite_propertymangmt/	https://www.facebook.com/profile.php/						Medium	Recall-first	https://explore.overturemaps.org/#id=e4008fe2-e2b3-4988-acd5-35c115c9ed3e; https://handymaneliteusa.com/	Public Overture site+email; zero-HTTP V6 cheap-screen. Final MASTER dedupe/QA required.				overture:e4008fe2-e2b3-4988-acd5-35c115c9ed3e	handymaneliteusa.com	16783430130	handyman elite property management	Cornelia	USA	MEDIUM	domain:handymaneliteusa.com
	A	91	Lake Junaluska	USA	Gold Standard Vacation Rental		holiday_rental_home	410 Tillman Rd	+18285504401								overture:854b12fb-f725-4c91-a8ff-e29c588e74fe	2026-08-15T00:45:42.545149Z		Canonical queue drain | fit A | GitHub MASTER dedupe passed	http://www.goldstandardrental.com/	goldstandardvacationrental@gmail.com		https://www.instagram.com/goldstandardvacationrental/	https://www.facebook.com/310080079931726/		https://goldstandardrental.com/see-our-properties				High	Verified	https://explore.overturemaps.org/#id=854b12fb-f725-4c91-a8ff-e29c588e74fe; https://goldstandardrental.com/	Public Overture site+email; zero-HTTP V6 cheap-screen. Final MASTER dedupe/QA required.				overture:854b12fb-f725-4c91-a8ff-e29c588e74fe	goldstandardrental.com	18285504401	gold standard vacation rental	Lake Junaluska	USA	HIGH	domain:goldstandardrental.com
	A	91	London	United Kingdom	Go2 Property Management Services		property_management	39 Ludgate Hill	+442039835660								overture:a5a912ed-511f-45cf-9d2c-7d99d0f86c7b	2026-08-15T00:45:42.545149Z		Canonical queue drain | fit A | GitHub MASTER dedupe passed	http://www.go2propertymanagement.co.uk/	adminservices@go2propertymanagement.co.uk	https://www.go2propertymanagement.co.uk/contact.html	https://www.instagram.com/yellowhouseproperty/	https://www.facebook.com/yellowhouseproperty/						Medium	Recall-first	https://explore.overturemaps.org/#id=a5a912ed-511f-45cf-9d2c-7d99d0f86c7b; https://www.go2propertymanagement.co.uk/	Public Overture site+email; zero-HTTP V6 cheap-screen. Final MASTER dedupe/QA required.				overture:a5a912ed-511f-45cf-9d2c-7d99d0f86c7b	go2propertymanagement.co.uk	442039835660	go2 property management services	London	United Kingdom	MEDIUM	domain:go2propertymanagement.co.uk
	A	91	Pigeon Forge	USA	Gatlinburg Cabin Rentals		cabin	1024 Charlottes Ct	+18778898156								overture:8c22a51c-2308-4622-8f38-d09e4da5c6ff	2026-08-15T00:45:42.545149Z		Canonical queue drain | fit A | GitHub MASTER dedupe passed	https://www.gatlinburgcabinrentals.com/	info@gatlinburgcabinrentals.com	https://www.gatlinburgcabinrentals.com/contact/		https://www.facebook.com/gatlinburgrentalcabins/		https://www.gatlinburgcabinrentals.com/cabins/storybook-romance/				High	Verified	https://explore.overturemaps.org/#id=8c22a51c-2308-4622-8f38-d09e4da5c6ff	Public Overture site+email; zero-HTTP V6 cheap-screen. Final MASTER dedupe/QA required.				overture:8c22a51c-2308-4622-8f38-d09e4da5c6ff	gatlinburgcabinrentals.com	18778898156	gatlinburg cabin rentals	Pigeon Forge	USA	HIGH	domain:gatlinburgcabinrentals.com
	A	91	Altoona	USA	Foxboro Property Management Services		property_management	2411 N Hillcrest Pkwy	+17158356001								overture:3238e3d4-2af6-4a47-918a-4617609f1c5f	2026-08-15T00:45:42.545149Z		Canonical queue drain | fit A | GitHub MASTER dedupe passed	http://www.FoxboroProperties.com/	info@foxboroproperties.com	https://foxboroproperties.com/about/		https://www.facebook.com/profile.php/		https://foxboroproperties.com/feed/				High	Verified	https://explore.overturemaps.org/#id=3238e3d4-2af6-4a47-918a-4617609f1c5f	Public Overture site+email; zero-HTTP V6 cheap-screen. Final MASTER dedupe/QA required.				overture:3238e3d4-2af6-4a47-918a-4617609f1c5f	foxboroproperties.com	17158356001	foxboro property management services	Altoona	USA	HIGH	domain:foxboroproperties.com
	A	91	Anderson	USA	Foothills Property Management		property_management	2001 N Main St	+18647600661								overture:491eb530-c832-4839-9a87-665d0fb20085	2026-08-15T00:45:42.545149Z		Canonical queue drain | fit A | GitHub MASTER dedupe passed	http://www.Foothillspm.com/	info@foothillspm.com	https://www.foothillspm.com/about		https://www.facebook.com/FoothillsPM/		https://www.foothillspm.com/homes-of-hope				High	Verified	https://explore.overturemaps.org/#id=491eb530-c832-4839-9a87-665d0fb20085	Public Overture site+email; zero-HTTP V6 cheap-screen. Final MASTER dedupe/QA required.				overture:491eb530-c832-4839-9a87-665d0fb20085	foothillspm.com	18647600661	foothills property management	Anderson	USA	HIGH	domain:foothillspm.com
	A	91	Bristol	United Kingdom	Dna Property Management		property_management	27 Great George Street	+441179200141								overture:4ef19cf5-1f0d-4e58-b609-e0715f783397	2026-08-15T00:45:42.545149Z		Canonical queue drain | fit A | GitHub MASTER dedupe passed	https://www.dnaproperties.co.uk/	info@dnaproperties.co.uk	https://www.dnaproperties.co.uk/contact-us/		https://www.facebook.com/Dna-Property-Services-Ltd-523324967690870/		https://www.dnaproperties.co.uk/feed/				Medium	Recall-first	https://explore.overturemaps.org/#id=4ef19cf5-1f0d-4e58-b609-e0715f783397	Public Overture site+email; zero-HTTP V6 cheap-screen. Final MASTER dedupe/QA required.				overture:4ef19cf5-1f0d-4e58-b609-e0715f783397	dnaproperties.co.uk	441179200141	dna property management	Bristol	United Kingdom	MEDIUM	domain:dnaproperties.co.uk
	A	91	Eau Claire	USA	Chippewa Valley Property Management		property_management	1119 Regis Ct	+17155145440								overture:be0e22f2-10c7-4544-92ae-cb74443933b4	2026-08-15T00:45:42.545149Z		Canonical queue drain | fit A | GitHub MASTER dedupe passed	https://www.cv-realestate.com/	chippewavalleyrentals@gmail.com	https://www.cv-realestate.com/contact/		https://www.facebook.com/chippewavalleyrealestate/		https://www.cv-realestate.com/rent/student-rentals.php				High	Verified	https://explore.overturemaps.org/#id=be0e22f2-10c7-4544-92ae-cb74443933b4	Public Overture site+email; zero-HTTP V6 cheap-screen. Final MASTER dedupe/QA required.				overture:be0e22f2-10c7-4544-92ae-cb74443933b4	cv-realestate.com	17155145440	chippewa valley property management	Eau Claire	USA	HIGH	domain:cv-realestate.com
	A	91	Glenwood Springs	USA	Crystal Property Management and Sales Co		property_management	1512 Grand Ave	+19709457266								overture:d5cf74d8-09a6-46f8-937c-ebda4a536dec	2026-08-15T00:45:42.545149Z		Canonical queue drain | fit A | GitHub MASTER dedupe passed	http://www.crystalproperty.com/	crystalpropertymgmt@gmail.com	https://www.crystalproperty.com/about		https://www.facebook.com/crystalpropertymanagement/		https://www.crystalproperty.com/glenwood-springs-homes-for-rent				High	Verified	https://explore.overturemaps.org/#id=d5cf74d8-09a6-46f8-937c-ebda4a536dec	Public Overture site+email; zero-HTTP V6 cheap-screen. Final MASTER dedupe/QA required.				overture:d5cf74d8-09a6-46f8-937c-ebda4a536dec	crystalproperty.com	19709457266	crystal property management and sales co	Glenwood Springs	USA	HIGH	domain:crystalproperty.com
	A	91	Gatlinburg	USA	Gatlinburg Cabin Rentals		cabin		+13175386823								overture:61e681f2-c8a8-4e18-a4f2-f91d0d9c0b8d	2026-08-15T00:45:42.545149Z		Canonical queue drain | fit A | GitHub MASTER dedupe passed	http://www.crcabin.com/	gatlinburgcabinrentals@hotmail.com	https://crcabin.com/about-us/		https://www.facebook.com/CRcabin/		https://crcabin.com/our-cabins/				High	Verified	https://explore.overturemaps.org/#id=61e681f2-c8a8-4e18-a4f2-f91d0d9c0b8d	Public Overture site+email; zero-HTTP V6 cheap-screen. Final MASTER dedupe/QA required.				overture:61e681f2-c8a8-4e18-a4f2-f91d0d9c0b8d	crcabin.com	13175386823	gatlinburg cabin rentals	Gatlinburg	USA	HIGH	domain:crcabin.com
	A	91	Weymouth	United Kingdom	Coastal Lettings & Property Management		property_management	11a Chickerell Road	+441305766448								overture:a4403e78-8013-43b5-bb8a-dcf7855f581d	2026-08-15T00:45:42.545149Z		Canonical queue drain | fit A | GitHub MASTER dedupe passed	http://www.clpml.co.uk	info@clpml.co.uk	https://www.clpml.co.uk/contact	https://www.instagram.com/wix/	https://www.facebook.com/wix/						High	Verified	https://explore.overturemaps.org/#id=a4403e78-8013-43b5-bb8a-dcf7855f581d; https://www.clpml.co.uk/	Public Overture site+email; zero-HTTP V6 cheap-screen. Final MASTER dedupe/QA required.				overture:a4403e78-8013-43b5-bb8a-dcf7855f581d	clpml.co.uk	441305766448	coastal lettings property management	Weymouth	United Kingdom	HIGH	domain:clpml.co.uk
	A	91	Sauk City	USA	Kris Kohlman Property Management		property_management	207 Water St	+16086432494								overture:61115a1a-3384-4cf9-98d3-94ee549175ae	2026-08-15T00:45:42.545149Z		Canonical queue drain | fit A | GitHub MASTER dedupe passed	http://checkrentals.com/	kkpmoffice@checkrentals.com	https://checkrentals.com/about		https://www.facebook.com/checkrentals/		https://checkrentals.com/properties/apartments				High	Verified	https://explore.overturemaps.org/#id=61115a1a-3384-4cf9-98d3-94ee549175ae	Public Overture site+email; zero-HTTP V6 cheap-screen. Final MASTER dedupe/QA required.				overture:61115a1a-3384-4cf9-98d3-94ee549175ae	checkrentals.com	16086432494	kris kohlman property management	Sauk City	USA	HIGH	domain:checkrentals.com
	A	91	Greer	USA	Carolina Upstate Property Management		property_management	114 E Poinsett St	+18648792345								overture:98ff1eb4-9890-4ad6-8f1b-36003ad096c9	2026-08-15T00:45:42.545149Z		Canonical queue drain | fit A | GitHub MASTER dedupe passed	http://CarolinaUpstatePM.com/	carolinaupstate@gmail.com	https://carolinaupstatepm.com/about-us		https://www.facebook.com/CarolinaUpstatePropertyManagement/		https://carolinaupstatepm.com/available-properties				Medium	Recall-first	https://explore.overturemaps.org/#id=98ff1eb4-9890-4ad6-8f1b-36003ad096c9	Public Overture site+email; zero-HTTP V6 cheap-screen. Final MASTER dedupe/QA required.				overture:98ff1eb4-9890-4ad6-8f1b-36003ad096c9	carolinaupstatepm.com	18648792345	carolina upstate property management	Greer	USA	MEDIUM	domain:carolinaupstatepm.com
	A	91	Bryson City	USA	Grandpa's Cabin (NC Smoky Mountains Vacation Rental)		holiday_rental_home	80 Bear Cove Ln	+19194561234								overture:aab3306b-a1a6-4787-bc02-3cf6c75b9a62	2026-08-15T00:45:42.545149Z		Canonical queue drain | fit A | GitHub MASTER dedupe passed	http://www.carolinamountainvacations.com/CabinRentals/NC_Cabins/Grandpa_Cabin.php	grandpascabin@hotmail.com	https://www.carolinamountainvacations.com/contact.php		https://www.facebook.com/CarolinaMountainVacations/		https://www.carolinamountainvacations.com/CabinRentals/NC_Cabins/DeerLakeCabin.php				High	Verified	https://explore.overturemaps.org/#id=aab3306b-a1a6-4787-bc02-3cf6c75b9a62	Public Overture site+email; zero-HTTP V6 cheap-screen. Final MASTER dedupe/QA required.				overture:aab3306b-a1a6-4787-bc02-3cf6c75b9a62	carolinamountainvacations.com	19194561234	grandpa s cabin nc smoky mountains vacation rental	Bryson City	USA	HIGH	domain:carolinamountainvacations.com
	A	91	Waterloo	USA	Caliber Group Property Management		property_management	622 Progress Ave	+13194830004								overture:e99fe63d-f400-4939-ac1a-17aa42d416c0	2026-08-15T00:45:42.545149Z		Canonical queue drain | fit A | GitHub MASTER dedupe passed	http://www.calibergrouppm.com/	info@calibergrouppm.com	https://calibergrouppm.com/contact-us/		https://www.facebook.com/CaliberGroupPropertyManagement/		https://calibergrouppm.com/rentals				High	Verified	https://explore.overturemaps.org/#id=e99fe63d-f400-4939-ac1a-17aa42d416c0	Public Overture site+email; zero-HTTP V6 cheap-screen. Final MASTER dedupe/QA required.				overture:e99fe63d-f400-4939-ac1a-17aa42d416c0	calibergrouppm.com	13194830004	caliber group property management	Waterloo	USA	HIGH	domain:calibergrouppm.com
	A	91	Greenville	USA	Bolt Property Management		property_management	870 Wade Hampton Blvd	+18647723323								overture:27b38c26-7f7f-4fd3-ab4f-b2b257caa9a0	2026-08-15T00:45:42.545149Z		Canonical queue drain | fit A | GitHub MASTER dedupe passed	https://www.boltpm.com/	leasing@boltpm.com	https://www.boltpm.com/contact	https://www.instagram.com/bolt_pm/	https://www.facebook.com/boltmanagement/						High	Verified	https://explore.overturemaps.org/#id=27b38c26-7f7f-4fd3-ab4f-b2b257caa9a0; https://www.boltpm.com/	Public Overture site+email; zero-HTTP V6 cheap-screen. Final MASTER dedupe/QA required.				overture:27b38c26-7f7f-4fd3-ab4f-b2b257caa9a0	boltpm.com	18647723323	bolt property management	Greenville	USA	HIGH	domain:boltpm.com
	A	91	Chico	USA	Blue Oak Property Management		property_management	2889 Cohasset Rd	+15306362627								overture:296a482b-a7fa-42ae-99c8-d1680d0cf469	2026-08-15T00:45:42.545149Z		Canonical queue drain | fit A | GitHub MASTER dedupe passed	http://www.blueoakchico.com/	team@blueoakchico.com	https://blueoakchico.com/about.php		https://www.facebook.com/pages/Blue-Oak-Property-Management-Inc/119827761420591/		https://blueoakchico.com/rentals.php				High	Verified	https://explore.overturemaps.org/#id=296a482b-a7fa-42ae-99c8-d1680d0cf469	Public Overture site+email; zero-HTTP V6 cheap-screen. Final MASTER dedupe/QA required.				overture:296a482b-a7fa-42ae-99c8-d1680d0cf469	blueoakchico.com	15306362627	blue oak property management	Chico	USA	HIGH	domain:blueoakchico.com
	A	91	Silverthorne	USA	Basecamp Property Management		property_management	8300 Ryan Gulch Rd	+16086090578								overture:19f98afe-6302-4a35-bfce-1a4d757c16cc	2026-08-15T00:45:42.545149Z		Canonical queue drain | fit A | GitHub MASTER dedupe passed	https://www.basecamp-ltd.com/	brandon@basecamp-ltd.com	https://basecamp-ltd.com/about		https://www.facebook.com/profile.php/		https://www.basecamp-ltd.com/properties				High	Verified	https://explore.overturemaps.org/#id=19f98afe-6302-4a35-bfce-1a4d757c16cc	Public Overture site+email; zero-HTTP V6 cheap-screen. Final MASTER dedupe/QA required.				overture:19f98afe-6302-4a35-bfce-1a4d757c16cc	basecamp-ltd.com	16086090578	basecamp property management	Silverthorne	USA	HIGH	domain:basecamp-ltd.com
	A	91	London	United Kingdom	Arhouse Property Management		property_management	20-22 Wenlock Road	+442080997671								overture:3cf04bc3-b5fe-4ab2-9a96-ccb48823a76e	2026-08-15T00:45:42.545149Z		Canonical queue drain | fit A | GitHub MASTER dedupe passed	http://www.arhouse.co.uk/	dante@arhouse.co.uk	https://arhouse.co.uk/about-us	https://www.instagram.com/arhouse_property_solutions/	https://www.facebook.com/arhousepropertysolutions/						High	Verified	https://explore.overturemaps.org/#id=3cf04bc3-b5fe-4ab2-9a96-ccb48823a76e; https://arhouse.co.uk/	Public Overture site+email; zero-HTTP V6 cheap-screen. Final MASTER dedupe/QA required.				overture:3cf04bc3-b5fe-4ab2-9a96-ccb48823a76e	arhouse.co.uk	442080997671	arhouse property management	London	United Kingdom	HIGH	domain:arhouse.co.uk
	A	91	Hickory	USA	Allison & White Property Management & Realty		property_management	832 2nd Ave NW	+18285787368								overture:79997f71-aad0-416c-a0eb-0e1616a195a0	2026-08-15T00:45:42.545149Z		Canonical queue drain | fit A | GitHub MASTER dedupe passed	http://allisonwhiteproperties.com/	info@allisonwhiteproperties.com	https://allisonwhiteproperties.com/about/		https://www.facebook.com/allisonwhiteproperties/		https://allisonwhiteproperties.com/property-type/homes/				High	Verified	https://explore.overturemaps.org/#id=79997f71-aad0-416c-a0eb-0e1616a195a0	Public Overture site+email; zero-HTTP V6 cheap-screen. Final MASTER dedupe/QA required.				overture:79997f71-aad0-416c-a0eb-0e1616a195a0	allisonwhiteproperties.com	18285787368	allison white property management realty	Hickory	USA	HIGH	domain:allisonwhiteproperties.com
	A	91	Charlotte	USA	Alarca Property Management		property_management	2015 Ayrsley Town Blvd	+17049003354								overture:08d71ad0-dbd1-4f06-8efd-e34219702bab	2026-08-15T00:45:42.545149Z		Canonical queue drain | fit A | GitHub MASTER dedupe passed	http://www.alarca.com/	info@alarca.com	https://www.alarca.com/about		https://www.facebook.com/AlarcaRealty/		https://www.alarca.com/charlotte-homes-for-rent				High	Verified	https://explore.overturemaps.org/#id=08d71ad0-dbd1-4f06-8efd-e34219702bab	Public Overture site+email; zero-HTTP V6 cheap-screen. Final MASTER dedupe/QA required.				overture:08d71ad0-dbd1-4f06-8efd-e34219702bab	alarca.com	17049003354	alarca property management	Charlotte	USA	HIGH	domain:alarca.com
	A	91	London	United Kingdom	Air Peace of Mind | Property Management London		property_management	533 Kings Road	+442038659109								overture:b0268c2d-311b-4bd6-a9c7-ee2011937ac3	2026-08-15T00:45:42.545149Z		Canonical queue drain | fit A | GitHub MASTER dedupe passed	http://www.airpeaceofmind.com/	enquiries@airpeaceofmind.com	https://www.airpeaceofmind.com/contactus	https://www.instagram.com/airpeaceofmind/	https://www.facebook.com/airpeaceofmind/						High	Verified	https://explore.overturemaps.org/#id=b0268c2d-311b-4bd6-a9c7-ee2011937ac3; https://www.airpeaceofmind.com/	Public Overture site+email; zero-HTTP V6 cheap-screen. Final MASTER dedupe/QA required.				overture:b0268c2d-311b-4bd6-a9c7-ee2011937ac3	airpeaceofmind.com	442038659109	air peace of mind property management london	London	United Kingdom	HIGH	domain:airpeaceofmind.com
	A	91	Sycamore	USA	815 Property Management & Sales		property_management	407 W State St	+18157587374								overture:53b8192f-b3ff-4d8b-ba9b-e582a6c69c54	2026-08-15T00:45:42.545149Z		Canonical queue drain | fit A | GitHub MASTER dedupe passed	http://www.815property.com/	management@815property.com	https://815property.com/about-us/		https://www.facebook.com/815property/		https://815property.com/wp-content/plugins/custom-facebook-feed/assets/css/cff-style.min.css?ver=4.10.0				High	Verified	https://explore.overturemaps.org/#id=53b8192f-b3ff-4d8b-ba9b-e582a6c69c54	Public Overture site+email; zero-HTTP V6 cheap-screen. Final MASTER dedupe/QA required.				overture:53b8192f-b3ff-4d8b-ba9b-e582a6c69c54	815property.com	18157587374	815 property management sales	Sycamore	USA	HIGH	domain:815property.com
	A	91	Morganton	USA	My Mountain Cabin Rentals		cabin	3945 Old Loving Rd	+17063744111								overture:371dd42b-2bd0-41b4-b9ee-4c1004108808	2026-08-15T00:45:42.545149Z		Canonical queue drain | fit A | GitHub MASTER dedupe passed	http://www.1MyMountain.com/	info@1mymountain.com	https://www.1mymountain.com/about-us		https://www.facebook.com/people/My-Mountain-Cabin-Rentals/100064267202634/		https://www.1mymountain.com/5-bedrooms				High	Verified	https://explore.overturemaps.org/#id=371dd42b-2bd0-41b4-b9ee-4c1004108808	Public Overture site+email; zero-HTTP V6 cheap-screen. Final MASTER dedupe/QA required.				overture:371dd42b-2bd0-41b4-b9ee-4c1004108808	1mymountain.com	17063744111	my mountain cabin rentals	Morganton	USA	HIGH	domain:1mymountain.com
	A	91	Santa Maria	USA	Walker & Associates Property Management		property_management	145 S Gray St	+18059379900								overture:2fd1837d-fd1a-47f9-9179-77f7ca878eeb	2026-08-15T00:45:42.545149Z		Canonical queue drain | fit A | GitHub MASTER dedupe passed	http://www.walkerrentals.net/	service@walkerrentals.net	https://walkerrentals.net/about-us/		https://www.facebook.com/Walker-Associates-Property-Management-132751580223946/		https://walkerrentals.net/feed/				High	Verified	https://explore.overturemaps.org/#id=2fd1837d-fd1a-47f9-9179-77f7ca878eeb	Public Overture site+email; zero-HTTP V6 cheap-screen. Final MASTER dedupe/QA required.				overture:2fd1837d-fd1a-47f9-9179-77f7ca878eeb	walkerrentals.net	18059379900	walker associates property management	Santa Maria	USA	HIGH	domain:walkerrentals.net
	A	91	Paso Robles	USA	Turn-Key Property Management		property_management	1502 Park St	+18052390795								overture:df22fa71-ce30-4053-97d7-5a6d0c05f45a	2026-08-15T00:45:42.545149Z		Canonical queue drain | fit A | GitHub MASTER dedupe passed	http://www.turn-keymgmt.com/	info@turn-keymgmt.com	https://turn-keymgmt.com/about-us/		https://www.facebook.com/TurnKeyManagement/		https://turn-keymgmt.com/properties1/				High	Verified	https://explore.overturemaps.org/#id=df22fa71-ce30-4053-97d7-5a6d0c05f45a	Public Overture site+email; zero-HTTP V6 cheap-screen. Final MASTER dedupe/QA required.				overture:df22fa71-ce30-4053-97d7-5a6d0c05f45a	turn-keymgmt.com	18052390795	turn key property management	Paso Robles	USA	HIGH	domain:turn-keymgmt.com
	A	91	Kihei	USA	Tropical Bound Condo Rentals Inc		holiday_rental_home	Haiku, Maui	+18664566284								overture:25169589-a2b1-4827-9b73-60affc96caf4	2026-08-15T00:45:42.545149Z		Canonical queue drain | fit A | GitHub MASTER dedupe passed	https://www.tropicalbound.com/	info@tropicalbound.com	https://www.tropicalbound.com/about-us	https://www.instagram.com/tropicalboundcondorentals/	https://www.facebook.com/tropicalbound/						High	Verified	https://explore.overturemaps.org/#id=25169589-a2b1-4827-9b73-60affc96caf4; https://www.tropicalbound.com/	Public Overture site+email; zero-HTTP V6 cheap-screen. Final MASTER dedupe/QA required.				overture:25169589-a2b1-4827-9b73-60affc96caf4	tropicalbound.com	18664566284	tropical bound condo rentals inc	Kihei	USA	HIGH	domain:tropicalbound.com
	A	91	Glendale	USA	SoCal Financial Services & HOA Property Management		property_management	547 South St	+18189004041								overture:749c8a5d-1513-4096-b011-2af709ceb851	2026-08-15T00:45:42.545149Z		Canonical queue drain | fit A | GitHub MASTER dedupe passed	http://socalhoa.com/	info@socalhoa.com		https://www.instagram.com/socal_financial/	https://www.facebook.com/100339364651424/		https://socalhoa.com/accounting-%26-bookkeeping				High	Verified	https://explore.overturemaps.org/#id=749c8a5d-1513-4096-b011-2af709ceb851; https://socalhoa.com/	Public Overture site+email; zero-HTTP V6 cheap-screen. Final MASTER dedupe/QA required.				overture:749c8a5d-1513-4096-b011-2af709ceb851	socalhoa.com	18189004041	socal financial services hoa property management	Glendale	USA	HIGH	domain:socalhoa.com
	A	91	Cayucos	USA	SeeLyon Beach Rentals		property_management	48 S Ocean Ave	+18059953643								overture:141de764-70b7-428d-8f8d-a6475d170459	2026-08-15T00:45:42.545149Z		Canonical queue drain | fit A | GitHub MASTER dedupe passed	http://www.seelyon.com/	seelyonbeachrentals@gmail.com	https://www.seelyon.com/contact-information.asp		https://www.facebook.com/SeeLyon-Beach-Rentals-127019937363683/		https://www.seelyon.com/vacation-rentals-homes.asp				High	Verified	https://explore.overturemaps.org/#id=141de764-70b7-428d-8f8d-a6475d170459	Public Overture site+email; zero-HTTP V6 cheap-screen. Final MASTER dedupe/QA required.				overture:141de764-70b7-428d-8f8d-a6475d170459	seelyon.com	18059953643	seelyon beach rentals	Cayucos	USA	HIGH	domain:seelyon.com
