	A	91	Irvine	USA	Up Property Management		property_management	4000 Barranca Pkwy	+19492292292								overture:6f4b3117-1b29-48e1-8ab2-8b4069a63ff8	2026-08-15T00:53:59.669877Z		Canonical queue drain | fit A | GitHub MASTER dedupe passed	http://www.uprealtyca.com	leonard@uprealtyca.com	https://uprealtyca.com/about-us/	https://www.instagram.com/up.property.mgmt/	https://www.facebook.com/uprealtypm/						High	Verified	https://explore.overturemaps.org/#id=6f4b3117-1b29-48e1-8ab2-8b4069a63ff8; https://uprealtyca.com/	Public Overture site+email; zero-HTTP V6 cheap-screen. Final MASTER dedupe/QA required.				overture:6f4b3117-1b29-48e1-8ab2-8b4069a63ff8	uprealtyca.com	19492292292	up property management	Irvine	USA	HIGH	domain:uprealtyca.com
	A	91	Burnaby	Canada	Sutton Max Realty and Property Management		property_management	4300 North Fraser Way	+16042273399								overture:733a64d9-ffcb-469d-9265-fdabdf7994ef	2026-08-15T00:53:59.669877Z		Canonical queue drain | fit A | GitHub MASTER dedupe passed	https://www.themaxrealty.com/	info@themaxrealty.com	https://themaxrealty.com/contact/		https://www.facebook.com/themaxrealty/		https://themaxrealty.com/rentalservices/				High	Verified	https://explore.overturemaps.org/#id=733a64d9-ffcb-469d-9265-fdabdf7994ef	Public Overture site+email; zero-HTTP V6 cheap-screen. Final MASTER dedupe/QA required.				overture:733a64d9-ffcb-469d-9265-fdabdf7994ef	themaxrealty.com	16042273399	sutton max realty and property management	Burnaby	Canada	HIGH	domain:themaxrealty.com
	A	91	Los Angeles	USA	TGN Property Management		property_management	208 N Coronado St	+13106232704								overture:a070ab7d-5046-4408-beaf-cd19f2bcd315	2026-08-15T00:53:59.669877Z		Canonical queue drain | fit A | GitHub MASTER dedupe passed	http://www.tgnpropertymanagement.com	tgnpropertymanagement@outlook.com	https://www.tgnpropertymanagement.com/contact-us	https://www.instagram.com/tgn_property_management/	https://www.facebook.com/tgnmanagement/						High	Verified	https://explore.overturemaps.org/#id=a070ab7d-5046-4408-beaf-cd19f2bcd315; https://www.tgnpropertymanagement.com/	Public Overture site+email; zero-HTTP V6 cheap-screen. Final MASTER dedupe/QA required.				overture:a070ab7d-5046-4408-beaf-cd19f2bcd315	tgnpropertymanagement.com	13106232704	tgn property management	Los Angeles	USA	HIGH	domain:tgnpropertymanagement.com
	A	91	Los Angeles	USA	TDI Properties Inc - Property Management Company		property_management	3325 Wilshire Blvd	+12133899277								overture:884eb6f3-2a62-4600-b4ee-982a28d41768	2026-08-15T00:53:59.669877Z		Canonical queue drain | fit A | GitHub MASTER dedupe passed	http://www.tdipropertiesinc.com	info@tdipropertiesinc.com		https://www.instagram.com/tdiproperties/	https://www.facebook.com/tdipropertiesinc/		https://www.tdipropertiesinc.com/feed/atom				High	Verified	https://explore.overturemaps.org/#id=884eb6f3-2a62-4600-b4ee-982a28d41768; https://www.tdipropertiesinc.com/	Public Overture site+email; zero-HTTP V6 cheap-screen. Final MASTER dedupe/QA required.				overture:884eb6f3-2a62-4600-b4ee-982a28d41768	tdipropertiesinc.com	12133899277	tdi properties inc property management company	Los Angeles	USA	HIGH	domain:tdipropertiesinc.com
	A	91	Vista	USA	Solomon Property Management & Sales		property_management	973 Vale Terrace Dr	+17605426655								overture:94138c00-f0fd-4476-ba30-8c6c60b4ada6	2026-08-15T00:53:59.669877Z		Canonical queue drain | fit A | GitHub MASTER dedupe passed	http://www.solomonpm.com/	info@solomonpm.com	https://www.solomonpm.com/about-us	https://www.instagram.com/solomon.pm/	https://www.facebook.com/profile.php/						High	Verified	https://explore.overturemaps.org/#id=94138c00-f0fd-4476-ba30-8c6c60b4ada6; https://www.solomonpm.com/	Public Overture site+email; zero-HTTP V6 cheap-screen. Final MASTER dedupe/QA required.				overture:94138c00-f0fd-4476-ba30-8c6c60b4ada6	solomonpm.com	17605426655	solomon property management sales	Vista	USA	HIGH	domain:solomonpm.com
	A	91	Hermosa Beach	USA	SoCal BNB Property Management		property_management	2147 Hermosa Ave	+12138055587								overture:b6f7700b-f3d0-4174-a862-4083b4f01805	2026-08-15T00:53:59.669877Z		Canonical queue drain | fit A | GitHub MASTER dedupe passed	https://socalbnb.net/	info@socalbnb.net	https://socalbnb.net/about-us/	https://www.instagram.com/socal_bnb/			https://socalbnb.net/airbnb-booking-management-los-angeles/				High	Verified	https://explore.overturemaps.org/#id=b6f7700b-f3d0-4174-a862-4083b4f01805; https://socalbnb.net/	Public Overture site+email; zero-HTTP V6 cheap-screen. Final MASTER dedupe/QA required.				overture:b6f7700b-f3d0-4174-a862-4083b4f01805	socalbnb.net	12138055587	socal bnb property management	Hermosa Beach	USA	HIGH	domain:socalbnb.net
	A	91	North Vancouver	Canada	Sea to Sky Vacation Rental		holiday_rental_home	1641 Lonsdale Ave	+16043282048								overture:5341f964-21e6-457d-ab6b-878631e6ef5e	2026-08-15T00:53:59.669877Z		Canonical queue drain | fit A | GitHub MASTER dedupe passed	http://www.seatoskyvacationrental.com/	christa@seatoskyvacationrental.com	https://www.seatoskyvacationrental.com/about	https://www.instagram.com/seatoskyvacationrental/	https://www.facebook.com/seatoskyvacationrental/						High	Verified	https://explore.overturemaps.org/#id=5341f964-21e6-457d-ab6b-878631e6ef5e; https://www.seatoskyvacationrental.com/	Public Overture site+email; zero-HTTP V6 cheap-screen. Final MASTER dedupe/QA required.				overture:5341f964-21e6-457d-ab6b-878631e6ef5e	seatoskyvacationrental.com	16043282048	sea to sky vacation rental	North Vancouver	Canada	HIGH	domain:seatoskyvacationrental.com
	A	91	Bellingham	Canada	Real Property Management Teyata		property_management	119 N Commercial St	+13608561010								overture:56462fe3-fe7a-4574-84b5-416cb6abc92c	2026-08-15T00:53:59.669877Z		Canonical queue drain | fit A | GitHub MASTER dedupe passed	https://www.rpmteyata.com/?cid=LSTL_RPM000183	info@rpmteyata.com	https://www.rpmteyata.com/about-us		https://www.facebook.com/RealPropertyManagementTeyata/		https://www.rpmteyata.com/search-rentals				High	Verified	https://explore.overturemaps.org/#id=56462fe3-fe7a-4574-84b5-416cb6abc92c	Public Overture site+email; zero-HTTP V6 cheap-screen. Final MASTER dedupe/QA required.				overture:56462fe3-fe7a-4574-84b5-416cb6abc92c	rpmteyata.com	13608561010	real property management teyata	Bellingham	Canada	HIGH	domain:rpmteyata.com
	A	91	Boerne	USA	Real Property Management Hill Country		property_management	116 N Plant Ave	+12105711780								overture:1dacc49e-a7c3-4e98-aacb-e25724245e69	2026-08-15T00:53:59.669877Z		Canonical queue drain | fit A | GitHub MASTER dedupe passed	https://www.rpmhillcountry.com/?cid=LSTL_RPM000183	brett@rpmhillcountry.com	https://www.rpmhillcountry.com/about-us	https://www.instagram.com/rpmhillcountry/	https://www.facebook.com/RealPropertyManagementHillCountry/						High	Verified	https://explore.overturemaps.org/#id=1dacc49e-a7c3-4e98-aacb-e25724245e69; https://www.rpmhillcountry.com/?cid=LSTL_RPM000183	Public Overture site+email; zero-HTTP V6 cheap-screen. Final MASTER dedupe/QA required.				overture:1dacc49e-a7c3-4e98-aacb-e25724245e69	rpmhillcountry.com	12105711780	real property management hill country	Boerne	USA	HIGH	domain:rpmhillcountry.com
	A	91	Los Angeles	USA	Real Property Management Choice		property_management	879 W 190th St	+13109849518								overture:f5e60138-2819-40c7-9da6-4f61aeace1ba	2026-08-15T00:53:59.669877Z		Canonical queue drain | fit A | GitHub MASTER dedupe passed	https://www.rpmchoice.com/?cid=LSTL_RPM000183	info@rpmchoice.com	https://www.rpmchoice.com/about-us		https://www.facebook.com/RPMChoice/		https://www.rpmchoice.com/search-investment-properties				High	Verified	https://explore.overturemaps.org/#id=f5e60138-2819-40c7-9da6-4f61aeace1ba	Public Overture site+email; zero-HTTP V6 cheap-screen. Final MASTER dedupe/QA required.				overture:f5e60138-2819-40c7-9da6-4f61aeace1ba	rpmchoice.com	13109849518	real property management choice	Los Angeles	USA	HIGH	domain:rpmchoice.com
	A	91	San Antonio	USA	Real Property Management Alamo		property_management	7272 Wurzbach Rd	+12107873876								overture:0d95e664-be6d-4c03-9bd7-f07877dd834b	2026-08-15T00:53:59.669877Z		Canonical queue drain | fit A | GitHub MASTER dedupe passed	https://www.rpmalamo.com/?cid=LSTL_RPM000183	info@rpmalamo.com	https://www.rpmalamo.com/about-us		https://www.facebook.com/RealPropertyManagementAlamo/		https://www.rpmalamo.com/search-rentals				High	Verified	https://explore.overturemaps.org/#id=0d95e664-be6d-4c03-9bd7-f07877dd834b	Public Overture site+email; zero-HTTP V6 cheap-screen. Final MASTER dedupe/QA required.				overture:0d95e664-be6d-4c03-9bd7-f07877dd834b	rpmalamo.com	12107873876	real property management alamo	San Antonio	USA	HIGH	domain:rpmalamo.com
	A	91	Lomita	USA	Robles Property Management		property_management	1749 258th Pl	+13102212188								overture:87bfc139-3ecb-482a-9c49-1271a1ffa6a3	2026-08-15T00:53:59.669877Z		Canonical queue drain | fit A | GitHub MASTER dedupe passed	https://roblespropertymanagement.com	stevencrobles@yahoo.com	https://roblespropertymanagement.com/contact-us/		https://www.facebook.com/boldthemes/		https://roblespropertymanagement.com/our-properties/				High	Verified	https://explore.overturemaps.org/#id=87bfc139-3ecb-482a-9c49-1271a1ffa6a3	Public Overture site+email; zero-HTTP V6 cheap-screen. Final MASTER dedupe/QA required.				overture:87bfc139-3ecb-482a-9c49-1271a1ffa6a3	roblespropertymanagement.com	13102212188	robles property management	Lomita	USA	HIGH	domain:roblespropertymanagement.com
	A	91	Placentia	USA	Revolve Property Management		property_management	2013 E Orangethorpe Ave	+17148457959								overture:2efff1b8-7cdf-4b3c-bed0-6de8c0454592	2026-08-15T00:53:59.669877Z		Canonical queue drain | fit A | GitHub MASTER dedupe passed	http://www.revolvepm.com/	info@revolvepm.com	https://www.revolvepm.com/contact	https://www.instagram.com/revolvepropertymgmt/	https://www.facebook.com/revolvepm/						High	Verified	https://explore.overturemaps.org/#id=2efff1b8-7cdf-4b3c-bed0-6de8c0454592; https://www.revolvepm.com/	Public Overture site+email; zero-HTTP V6 cheap-screen. Final MASTER dedupe/QA required.				overture:2efff1b8-7cdf-4b3c-bed0-6de8c0454592	revolvepm.com	17148457959	revolve property management	Placentia	USA	HIGH	domain:revolvepm.com
	A	91	Riverside	USA	America's Best Property Management		property_management	6700 Indiana Ave	+19512481875								overture:f901082b-a925-4511-b1ef-f2c023261e73	2026-08-15T00:53:59.669877Z		Canonical queue drain | fit A | GitHub MASTER dedupe passed	https://www.rentspree.com/profile/americasbest-reneeshell	americasbestprop@hotmail.com	https://www.rentspree.com/contact-us	https://www.instagram.com/americasbestprop/	https://www.facebook.com/americasbestpropertymanagement/						High	Verified	https://explore.overturemaps.org/#id=f901082b-a925-4511-b1ef-f2c023261e73; https://www.rentspree.com/profile/americasbest-reneeshell	Public Overture site+email; zero-HTTP V6 cheap-screen. Final MASTER dedupe/QA required.				overture:f901082b-a925-4511-b1ef-f2c023261e73	rentspree.com	19512481875	america s best property management	Riverside	USA	HIGH	domain:rentspree.com
	A	91	West Vancouver	Canada	Rain City Property Management		property_management	2397 Marine Dr	+17788924462								overture:fb388a20-b4b4-486e-9ec6-ff98d33c4734	2026-08-15T00:53:59.669877Z		Canonical queue drain | fit A | GitHub MASTER dedupe passed	http://www.rc-pm.ca/	info@rc-pm.ca	https://rc-pm.ca/about	https://www.instagram.com/raincitypropertymanagement/			https://rc-pm.ca/portfolio				High	Verified	https://explore.overturemaps.org/#id=fb388a20-b4b4-486e-9ec6-ff98d33c4734; https://rc-pm.ca/	Public Overture site+email; zero-HTTP V6 cheap-screen. Final MASTER dedupe/QA required.				overture:fb388a20-b4b4-486e-9ec6-ff98d33c4734	rc-pm.ca	17788924462	rain city property management	West Vancouver	Canada	HIGH	domain:rc-pm.ca
	A	91	Rancho Cucamonga	USA	Jackson Property Management Inland Empire		property_management	10722 Arrow Rte	+19094832020								overture:0bd0fcf3-ab68-43cf-8b0c-c6b694c1164e	2026-08-15T00:53:59.669877Z		Canonical queue drain | fit A | GitHub MASTER dedupe passed	http://www.propertymanagementie.com/	service@propertymanagementie.com	https://www.propertymanagementie.com/about/		https://www.facebook.com/JacksonPropertyManagementInlandEmpire/		https://www.propertymanagementie.com/rentals/				High	Verified	https://explore.overturemaps.org/#id=0bd0fcf3-ab68-43cf-8b0c-c6b694c1164e	Public Overture site+email; zero-HTTP V6 cheap-screen. Final MASTER dedupe/QA required.				overture:0bd0fcf3-ab68-43cf-8b0c-c6b694c1164e	propertymanagementie.com	19094832020	jackson property management inland empire	Rancho Cucamonga	USA	HIGH	domain:propertymanagementie.com
	A	91	North Cowichan	Canada	Preferred Property Management		property_management	2700 Beverly St	+17784554663								overture:5a76580d-ce06-48b0-b11f-595826cfcd99	2026-08-15T00:53:59.669877Z		Canonical queue drain | fit A | GitHub MASTER dedupe passed	http://www.preferredpropertymanagement.ca/	rental@preferredpropertymanagement.ca	https://preferredpropertymanagement.ca/about-us/		https://www.facebook.com/duncanpropertymanagement/		https://preferredpropertymanagement.ca/rentals				High	Verified	https://explore.overturemaps.org/#id=5a76580d-ce06-48b0-b11f-595826cfcd99	Public Overture site+email; zero-HTTP V6 cheap-screen. Final MASTER dedupe/QA required.				overture:5a76580d-ce06-48b0-b11f-595826cfcd99	preferredpropertymanagement.ca	17784554663	preferred property management	North Cowichan	Canada	HIGH	domain:preferredpropertymanagement.ca
	A	91	Chula Vista	USA	Praecelsus Property Management, Inc. DRE 01889835		property_management	884 Eastlake Pkwy	+16199349684								overture:6db41657-ab9b-48b9-bc26-ebcc887b0fa1	2026-08-15T00:53:59.669877Z		Canonical queue drain | fit A | GitHub MASTER dedupe passed	http://www.praehomes.com/	info@praehomes.com	https://www.praehomes.com/contact-us		https://www.facebook.com/PraeHomes/		https://www.praehomes.com/feed/atom				High	Verified	https://explore.overturemaps.org/#id=6db41657-ab9b-48b9-bc26-ebcc887b0fa1	Public Overture site+email; zero-HTTP V6 cheap-screen. Final MASTER dedupe/QA required.				overture:6db41657-ab9b-48b9-bc26-ebcc887b0fa1	praehomes.com	16199349684	praecelsus property management inc dre 01889835	Chula Vista	USA	HIGH	domain:praehomes.com
	A	91	Torrance	USA	Professional Calm Property Management		property_management	3525 Lomita Blvd	+18557762256								overture:885bf721-cfd8-4dc6-9a22-fed24ca10e7d	2026-08-15T00:53:59.669877Z		Canonical queue drain | fit A | GitHub MASTER dedupe passed	http://www.porterheritage.com/	info@porterheritage.com	https://www.porterheritage.com/about-us		https://www.facebook.com/wix/		https://www.porterheritage.com/all-properties				Medium	Recall-first	https://explore.overturemaps.org/#id=885bf721-cfd8-4dc6-9a22-fed24ca10e7d	Public Overture site+email; zero-HTTP V6 cheap-screen. Final MASTER dedupe/QA required.				overture:885bf721-cfd8-4dc6-9a22-fed24ca10e7d	porterheritage.com	18557762256	professional calm property management	Torrance	USA	MEDIUM	domain:porterheritage.com
	A	91	Lynden	Canada	Porchlight Property Management		property_management	9550 Hammer Rd	+13603068177								overture:8e69193c-a4f5-4509-8c29-9d390a307d8c	2026-08-15T00:53:59.669877Z		Canonical queue drain | fit A | GitHub MASTER dedupe passed	http://porchlightpropertymanagement.com	mitzi@porchlightpropertymanagement.com	https://www.porchlightpropertymanagement.com/about		https://www.facebook.com/porchlightpropertymanagement/		https://www.porchlightpropertymanagement.com/whatcom-county-homes-for-rent				High	Verified	https://explore.overturemaps.org/#id=8e69193c-a4f5-4509-8c29-9d390a307d8c	Public Overture site+email; zero-HTTP V6 cheap-screen. Final MASTER dedupe/QA required.				overture:8e69193c-a4f5-4509-8c29-9d390a307d8c	porchlightpropertymanagement.com	13603068177	porchlight property management	Lynden	Canada	HIGH	domain:porchlightpropertymanagement.com
	A	91	Carlsbad	USA	Pacific Property Management & Sales		property_management	2659 State St	+17604205706								overture:a59b6b12-4cee-4fd7-942b-a1711a1978f3	2026-08-15T00:53:59.669877Z		Canonical queue drain | fit A | GitHub MASTER dedupe passed	http://www.pacificpmteam.com/	info@pacificpmteam.com	https://www.pacificpmteam.com/about-us/	https://www.instagram.com/pacificpropertymanagement/	https://www.facebook.com/Pacificpropertymanagementcarlsbad/						High	Verified	https://explore.overturemaps.org/#id=a59b6b12-4cee-4fd7-942b-a1711a1978f3; https://www.pacificpmteam.com/	Public Overture site+email; zero-HTTP V6 cheap-screen. Final MASTER dedupe/QA required.				overture:a59b6b12-4cee-4fd7-942b-a1711a1978f3	pacificpmteam.com	17604205706	pacific property management sales	Carlsbad	USA	HIGH	domain:pacificpmteam.com
	A	91	Irvine	USA	Optimum Professional Property Management		property_management	230 Commerce	+17145089070								overture:90e5299a-e9cf-438c-811b-d4aa734eaf25	2026-08-15T00:53:59.669877Z		Canonical queue drain | fit A | GitHub MASTER dedupe passed	http://www.optimumpm.com	partnerwithus@optimumpm.com	https://www.optimumpm.com/about/	https://www.instagram.com/optimumpmirvine/	https://www.facebook.com/optimumpm/						Medium	Recall-first	https://explore.overturemaps.org/#id=90e5299a-e9cf-438c-811b-d4aa734eaf25; https://www.optimumpm.com/	Public Overture site+email; zero-HTTP V6 cheap-screen. Final MASTER dedupe/QA required.				overture:90e5299a-e9cf-438c-811b-d4aa734eaf25	optimumpm.com	17145089070	optimum professional property management	Irvine	USA	MEDIUM	domain:optimumpm.com
	A	91	Alpine	USA	Oneloop Property Management		property_management	2538 Alpine Blvd	+16198810143								overture:1f33140b-3a3d-4dc1-b849-ea5a206ebe7f	2026-08-15T00:53:59.669877Z		Canonical queue drain | fit A | GitHub MASTER dedupe passed	http://oneloopmanagement.com/	info@oneloopmanagement.com	https://www.oneloopmanagement.com/about	https://www.instagram.com/oneloopmanagement/			https://www.oneloopmanagement.com/east-county-san-diego-homes-for-rent				High	Verified	https://explore.overturemaps.org/#id=1f33140b-3a3d-4dc1-b849-ea5a206ebe7f; https://www.oneloopmanagement.com/	Public Overture site+email; zero-HTTP V6 cheap-screen. Final MASTER dedupe/QA required.				overture:1f33140b-3a3d-4dc1-b849-ea5a206ebe7f	oneloopmanagement.com	16198810143	oneloop property management	Alpine	USA	HIGH	domain:oneloopmanagement.com
	A	91	Bellingham	Canada	OMNI Property Management		property_management	909 Squalicum Way	+13607469613								overture:6e01124b-5e22-4679-ade9-c9b362bb3c3c	2026-08-15T00:53:59.669877Z		Canonical queue drain | fit A | GitHub MASTER dedupe passed	https://omnileases.com/	omnileases@gmail.com	https://omnileases.com/about	https://www.instagram.com/omnileases/	https://www.facebook.com/2021313234772279/						High	Verified	https://explore.overturemaps.org/#id=6e01124b-5e22-4679-ade9-c9b362bb3c3c; https://omnileases.com/	Public Overture site+email; zero-HTTP V6 cheap-screen. Final MASTER dedupe/QA required.				overture:6e01124b-5e22-4679-ade9-c9b362bb3c3c	omnileases.com	13607469613	omni property management	Bellingham	Canada	HIGH	domain:omnileases.com
	A	91	Ladera Ranch	USA	OC Residential Property Management		property_management	1 Lewiston Ct	+19494647653								overture:cd609cdd-726b-4905-a041-37c4d99399d6	2026-08-15T00:53:59.669877Z		Canonical queue drain | fit A | GitHub MASTER dedupe passed	http://www.ocrpm.com/	info@ocrpm.com	https://www.ocrpm.com/contact	https://www.instagram.com/ocrpm/	https://www.facebook.com/ocrpm/						High	Verified	https://explore.overturemaps.org/#id=cd609cdd-726b-4905-a041-37c4d99399d6; https://www.ocrpm.com/	Public Overture site+email; zero-HTTP V6 cheap-screen. Final MASTER dedupe/QA required.				overture:cd609cdd-726b-4905-a041-37c4d99399d6	ocrpm.com	19494647653	oc residential property management	Ladera Ranch	USA	HIGH	domain:ocrpm.com
	A	91	Fullerton	USA	OC Only Property Management LLC		property_management	318 N Hale Ave	+17142617871								overture:c986f5a3-a848-4991-971b-89b40637df04	2026-08-15T00:53:59.669877Z		Canonical queue drain | fit A | GitHub MASTER dedupe passed	http://www.oconly.com/	service@oconly.com	http://www.oconly.com/AboutUs-OcPropertyManagement.aspx		https://www.facebook.com/pages/OcOnly-Group-Of-Companies/168667759854465/		http://www.oconly.com/Properties-OcPropertyManagement.aspx				High	Verified	https://explore.overturemaps.org/#id=c986f5a3-a848-4991-971b-89b40637df04	Public Overture site+email; zero-HTTP V6 cheap-screen. Final MASTER dedupe/QA required.				overture:c986f5a3-a848-4991-971b-89b40637df04	oconly.com	17142617871	oc only property management llc	Fullerton	USA	HIGH	domain:oconly.com
	A	91	San Diego	USA	NewWest Property Management		property_management	516 5th Ave	+16194871674								overture:b08398eb-99a9-40ea-b5c5-8128c36e78bf	2026-08-15T00:53:59.669877Z		Canonical queue drain | fit A | GitHub MASTER dedupe passed	http://www.newwestpropertymanagement.com/	april@newwestpropertymanagement.com	https://www.newwestpropertymanagement.com/contact-us	https://www.instagram.com/newwestproperty/	https://www.facebook.com/newwestpropertymanagement/						High	Verified	https://explore.overturemaps.org/#id=b08398eb-99a9-40ea-b5c5-8128c36e78bf; https://www.newwestpropertymanagement.com/	Public Overture site+email; zero-HTTP V6 cheap-screen. Final MASTER dedupe/QA required.				overture:b08398eb-99a9-40ea-b5c5-8128c36e78bf	newwestpropertymanagement.com	16194871674	newwest property management	San Diego	USA	HIGH	domain:newwestpropertymanagement.com
	A	91	Bullhead City	USA	Near Me Property Management		property_management	2580 Highway 95	+19285422495								overture:b31449ef-5a9b-4150-a3bf-e0407543c66e	2026-08-15T00:53:59.669877Z		Canonical queue drain | fit A | GitHub MASTER dedupe passed	https://www.nearmepm.com/	shan@nearmepm.com	https://www.nearmepm.com/Home/AboutUs		https://www.facebook.com/NearMePropertyManagement/		https://www.nearmepm.com/Home/Properties				High	Verified	https://explore.overturemaps.org/#id=b31449ef-5a9b-4150-a3bf-e0407543c66e	Public Overture site+email; zero-HTTP V6 cheap-screen. Final MASTER dedupe/QA required.				overture:b31449ef-5a9b-4150-a3bf-e0407543c66e	nearmepm.com	19285422495	near me property management	Bullhead City	USA	HIGH	domain:nearmepm.com
	A	91	San Diego	USA	The Nathan Group - Ascent Property Management		property_management	1944 Commercial St	+16197294301								overture:e1686f22-8ed0-496d-a020-d23678d7a747	2026-08-15T00:53:59.669877Z		Canonical queue drain | fit A | GitHub MASTER dedupe passed	http://www.nathangroupre.com/	info@nathangroupre.com		https://www.instagram.com/nathan_group/	https://www.facebook.com/nathangroupre/		https://nathangroupre.com/properties				Medium	Recall-first	https://explore.overturemaps.org/#id=e1686f22-8ed0-496d-a020-d23678d7a747; https://nathangroupre.com/	Public Overture site+email; zero-HTTP V6 cheap-screen. Final MASTER dedupe/QA required.				overture:e1686f22-8ed0-496d-a020-d23678d7a747	nathangroupre.com	16197294301	the nathan group ascent property management	San Diego	USA	MEDIUM	domain:nathangroupre.com
	A	91	Juan de Fuca Electoral Area	Canada	Mystic Beach Vacation Home		holiday_rental_home		+12503618579								overture:3241146e-4e2b-49a4-9a0a-a37878ab3afa	2026-08-15T00:53:59.669877Z		Canonical queue drain | fit A | GitHub MASTER dedupe passed	http://www.mysticbeachvacation.com/	stay@mysticbeachvacation.com	https://www.mysticbeachvacation.com/contact/	https://www.instagram.com/mysticbeachvacationhome/	https://www.facebook.com/MysticBeachVacationHome/						High	Verified	https://explore.overturemaps.org/#id=3241146e-4e2b-49a4-9a0a-a37878ab3afa; https://www.mysticbeachvacation.com/	Public Overture site+email; zero-HTTP V6 cheap-screen. Final MASTER dedupe/QA required.				overture:3241146e-4e2b-49a4-9a0a-a37878ab3afa	mysticbeachvacation.com	12503618579	mystic beach vacation home	Juan de Fuca Electoral Area	Canada	HIGH	domain:mysticbeachvacation.com
	A	91	San Antonio	USA	Five Street Property Management		property_management	1102 E Sonterra Blvd	+12104535850								overture:14aa09d9-398a-47dd-9f75-77bafdee9a7e	2026-08-15T00:53:59.669877Z		Canonical queue drain | fit A | GitHub MASTER dedupe passed	http://www.myfivestreet.com/	fivestreetproperties@gmail.com	https://www.myfivestreet.com/contact		https://www.facebook.com/FiveStreetPropertyManagement/		https://www.myfivestreet.com/investing_in_real_estate_and_rental_homes_in_san_antonio_tx				High	Verified	https://explore.overturemaps.org/#id=14aa09d9-398a-47dd-9f75-77bafdee9a7e	Public Overture site+email; zero-HTTP V6 cheap-screen. Final MASTER dedupe/QA required.				overture:14aa09d9-398a-47dd-9f75-77bafdee9a7e	myfivestreet.com	12104535850	five street property management	San Antonio	USA	HIGH	domain:myfivestreet.com
	A	91	El Paso	USA	Mountain Property Management, LLC		property_management	8626 Dyer St	+19157574313								overture:7da349b9-af63-46e4-8056-bd6daa343902	2026-08-15T00:53:59.669877Z		Canonical queue drain | fit A | GitHub MASTER dedupe passed	https://mtnpropmgmt.com/	thea@mtnpropmgmt.com		https://www.instagram.com/mtnpropmgmt/	https://www.facebook.com/mtnpropmgmt/		https://mtnpropmgmt.com/vacation-rental				High	Verified	https://explore.overturemaps.org/#id=7da349b9-af63-46e4-8056-bd6daa343902; https://mtnpropmgmt.com/	Public Overture site+email; zero-HTTP V6 cheap-screen. Final MASTER dedupe/QA required.				overture:7da349b9-af63-46e4-8056-bd6daa343902	mtnpropmgmt.com	19157574313	mountain property management llc	El Paso	USA	HIGH	domain:mtnpropmgmt.com
	A	91	Midland	USA	McCourt Property Management		property_management	4706 N Midkiff Rd	+14325208334								overture:f93fa494-de32-4b5f-beb7-b7cc48d14be5	2026-08-15T00:53:59.669877Z		Canonical queue drain | fit A | GitHub MASTER dedupe passed	http://www.mccourtrealestate.com	caren@mccourtrealestate.com	https://www.mccourtrealestate.com/contact-us		https://www.facebook.com/McCourt-Property-Management-LLC-1395460467362066/		https://www.mccourtrealestate.com/homes-for-rent				High	Verified	https://explore.overturemaps.org/#id=f93fa494-de32-4b5f-beb7-b7cc48d14be5	Public Overture site+email; zero-HTTP V6 cheap-screen. Final MASTER dedupe/QA required.				overture:f93fa494-de32-4b5f-beb7-b7cc48d14be5	mccourtrealestate.com	14325208334	mccourt property management	Midland	USA	HIGH	domain:mccourtrealestate.com
	A	91	Whittier	USA	MAP Property Management		property_management	7036 Bright Ave	+15629453404								overture:5e937dc2-c64c-4699-bfe8-bbd07bc4e0ac	2026-08-15T00:53:59.669877Z		Canonical queue drain | fit A | GitHub MASTER dedupe passed	http://mapmanagement.com/contact.html	info@mapmanagement.com	https://www.mapmanagement.com/contact	https://www.instagram.com/mapmgmt/	https://www.facebook.com/mapmanagement/						High	Verified	https://explore.overturemaps.org/#id=5e937dc2-c64c-4699-bfe8-bbd07bc4e0ac; https://www.mapmanagement.com/contact	Public Overture site+email; zero-HTTP V6 cheap-screen. Final MASTER dedupe/QA required.				overture:5e937dc2-c64c-4699-bfe8-bbd07bc4e0ac	mapmanagement.com	15629453404	map property management	Whittier	USA	HIGH	domain:mapmanagement.com
	A	91	Costa Mesa	USA	L&M Coastal Property Management		property_management	1810 Newport Blvd	+19496463679								overture:8375370d-dce9-470a-9cac-e9dfde2995ad	2026-08-15T00:53:59.669877Z		Canonical queue drain | fit A | GitHub MASTER dedupe passed	http://lmcoastal.com/	office@lmcoastal.com	https://www.lmcoastal.com/about	https://www.instagram.com/lmcoastalpm/	https://www.facebook.com/LMCoastalPM/						High	Verified	https://explore.overturemaps.org/#id=8375370d-dce9-470a-9cac-e9dfde2995ad; https://www.lmcoastal.com/	Public Overture site+email; zero-HTTP V6 cheap-screen. Final MASTER dedupe/QA required.				overture:8375370d-dce9-470a-9cac-e9dfde2995ad	lmcoastal.com	19496463679	l m coastal property management	Costa Mesa	USA	HIGH	domain:lmcoastal.com
	A	91	Long Beach	USA	K. Jeremiah Property Management		property_management	145 E Broadway	+15622288501								overture:62fb297e-173d-42f6-a529-79e003cfbdb8	2026-08-15T00:53:59.669877Z		Canonical queue drain | fit A | GitHub MASTER dedupe passed	http://www.kjpmi.com/	managementpros@kjpmi.com	https://www.kjpmi.com/about	https://www.instagram.com/kjeremiahproperty/	https://www.facebook.com/KJeremiahpropertyManagement/						High	Verified	https://explore.overturemaps.org/#id=62fb297e-173d-42f6-a529-79e003cfbdb8; https://www.kjpmi.com/	Public Overture site+email; zero-HTTP V6 cheap-screen. Final MASTER dedupe/QA required.				overture:62fb297e-173d-42f6-a529-79e003cfbdb8	kjpmi.com	15622288501	k jeremiah property management	Long Beach	USA	HIGH	domain:kjpmi.com
	A	91	Kamloops	Canada	Kinetic Realty and Property Management		property_management	1121 12th St	+12504341375								overture:ebe1cc7e-f649-4ba4-b903-45fe0a089d9b	2026-08-15T00:53:59.669877Z		Canonical queue drain | fit A | GitHub MASTER dedupe passed	http://www.kineticproperties.ca/	ericy@kineticproperties.ca	https://kineticproperties.ca/about		https://www.facebook.com/kineticrealestate/		https://kineticproperties.ca/css/fonts.css				Medium	Recall-first	https://explore.overturemaps.org/#id=ebe1cc7e-f649-4ba4-b903-45fe0a089d9b	Public Overture site+email; zero-HTTP V6 cheap-screen. Final MASTER dedupe/QA required.				overture:ebe1cc7e-f649-4ba4-b903-45fe0a089d9b	kineticproperties.ca	12504341375	kinetic realty and property management	Kamloops	Canada	MEDIUM	domain:kineticproperties.ca
	A	91	Tustin	USA	JLE Property Management		property_management	700 W 1st St	+17147780480								overture:d28b6be4-b04c-41b8-a901-61451f4b3d15	2026-08-15T00:53:59.669877Z		Canonical queue drain | fit A | GitHub MASTER dedupe passed	https://jle1.com/	frontdesk@jle1.com	https://jle1.com/contact_us/		https://www.facebook.com/JLEPROPERTYMGMT/		https://jle1.com/available_rentals				High	Verified	https://explore.overturemaps.org/#id=d28b6be4-b04c-41b8-a901-61451f4b3d15	Public Overture site+email; zero-HTTP V6 cheap-screen. Final MASTER dedupe/QA required.				overture:d28b6be4-b04c-41b8-a901-61451f4b3d15	jle1.com	17147780480	jle property management	Tustin	USA	HIGH	domain:jle1.com
	A	91	Chula Vista	USA	HomeTeam Property Management		property_management	821 Bowsprit Rd	+16198727368								overture:9882e334-1401-4249-98d7-ad0093d8098f	2026-08-15T00:53:59.669877Z		Canonical queue drain | fit A | GitHub MASTER dedupe passed	https://www.hometeampm.com/	info@hometeampm.com	https://www.hometeampm.com/contact-us		https://www.facebook.com/HomeTeamPropertyManagement/		https://www.hometeampm.com/properties				High	Verified	https://explore.overturemaps.org/#id=9882e334-1401-4249-98d7-ad0093d8098f	Public Overture site+email; zero-HTTP V6 cheap-screen. Final MASTER dedupe/QA required.				overture:9882e334-1401-4249-98d7-ad0093d8098f	hometeampm.com	16198727368	hometeam property management	Chula Vista	USA	HIGH	domain:hometeampm.com
	A	91	Irvine	USA	Hermitage Property Management		property_management	2102 Business Center Dr	+19493002634								overture:cebcbac4-58f9-4296-b946-4c519adb1d47	2026-08-15T00:53:59.669877Z		Canonical queue drain | fit A | GitHub MASTER dedupe passed	http://www.HermitagePM.com/	mike@hermitagepm.com	https://www.hermitagepm.com/contact-us	https://www.instagram.com/hermitagepropertymanagement/	https://www.facebook.com/HermitagePM/						High	Verified	https://explore.overturemaps.org/#id=cebcbac4-58f9-4296-b946-4c519adb1d47; https://www.hermitagepm.com/	Public Overture site+email; zero-HTTP V6 cheap-screen. Final MASTER dedupe/QA required.				overture:cebcbac4-58f9-4296-b946-4c519adb1d47	hermitagepm.com	19493002634	hermitage property management	Irvine	USA	HIGH	domain:hermitagepm.com
	A	91	Rancho Palos Verdes	USA	Harbor Property Management		property_management	29623 S Western Ave	+14242874969								overture:7a720198-a498-458d-bd27-31ed01653036	2026-08-15T00:53:59.669877Z		Canonical queue drain | fit A | GitHub MASTER dedupe passed	http://www.harborpm.com/	info@harborpm.com	https://www.harborpm.com/about-us/		https://www.facebook.com/HarborPropertyManagement/		https://www.harborpm.com/properties-for-rent/				High	Verified	https://explore.overturemaps.org/#id=7a720198-a498-458d-bd27-31ed01653036	Public Overture site+email; zero-HTTP V6 cheap-screen. Final MASTER dedupe/QA required.				overture:7a720198-a498-458d-bd27-31ed01653036	harborpm.com	14242874969	harbor property management	Rancho Palos Verdes	USA	HIGH	domain:harborpm.com
	A	91	San Diego	USA	Green Street Property Management		property_management	1228 University Ave	+18587751684								overture:ea6e90ed-5952-4e0f-93c4-09883f485357	2026-08-15T00:53:59.669877Z		Canonical queue drain | fit A | GitHub MASTER dedupe passed	http://www.greenstreetpropertymanagement.com/	info@greenstreetpropertymanagement.com	https://www.greenstreetpropertymanagement.com/about/		https://www.facebook.com/greenstreetpm/		https://www.greenstreetpropertymanagement.com/vacation-rentals/				High	Verified	https://explore.overturemaps.org/#id=ea6e90ed-5952-4e0f-93c4-09883f485357	Public Overture site+email; zero-HTTP V6 cheap-screen. Final MASTER dedupe/QA required.				overture:ea6e90ed-5952-4e0f-93c4-09883f485357	greenstreetpropertymanagement.com	18587751684	green street property management	San Diego	USA	HIGH	domain:greenstreetpropertymanagement.com
	A	91	San Diego	USA	Gold Key Property Management - San Diego Property Management		property_management	3011 Grape St	+16198949153								overture:a04528c8-37b4-4160-864f-a45e3e925bc8	2026-08-15T00:53:59.669877Z		Canonical queue drain | fit A | GitHub MASTER dedupe passed	https://www.goldkeysandiego.com/	info@goldkeysandiego.com	https://www.goldkeysandiego.com/about-us	https://www.instagram.com/goldkeypropertymanagement/	https://www.facebook.com/GoldKeyPropertyManagement/						High	Verified	https://explore.overturemaps.org/#id=a04528c8-37b4-4160-864f-a45e3e925bc8; https://www.goldkeysandiego.com/	Public Overture site+email; zero-HTTP V6 cheap-screen. Final MASTER dedupe/QA required.				overture:a04528c8-37b4-4160-864f-a45e3e925bc8	goldkeysandiego.com	16198949153	gold key property management san diego property management	San Diego	USA	HIGH	domain:goldkeysandiego.com
	A	91	Copperas Cove	USA	Executive Property Management		property_management	401 S Main St	+12545183590								overture:c287f7ef-a018-4d5d-966e-1ae30cb2018b	2026-08-15T00:53:59.669877Z		Canonical queue drain | fit A | GitHub MASTER dedupe passed	http://executivepropmgmt.biz/	homes@executivepropmgmt.biz	https://www.executivepropmgmt.biz/about-us	https://www.instagram.com/executivepropmgmt/	https://www.facebook.com/executivepropmgmt/						High	Verified	https://explore.overturemaps.org/#id=c287f7ef-a018-4d5d-966e-1ae30cb2018b; https://www.executivepropmgmt.biz/	Public Overture site+email; zero-HTTP V6 cheap-screen. Final MASTER dedupe/QA required.				overture:c287f7ef-a018-4d5d-966e-1ae30cb2018b	executivepropmgmt.biz	12545183590	executive property management	Copperas Cove	USA	HIGH	domain:executivepropmgmt.biz
	A	91	Concan	USA	Dos Oakes Premier Vacation Rental Home		holiday_rental_home	326 Lantana	+18302325903								overture:4c6949b1-680d-4c47-9dc5-069560cc486f	2026-08-15T00:53:59.669877Z		Canonical queue drain | fit A | GitHub MASTER dedupe passed	https://bookings-friofamilygetaway.escapia.com/Unit/Details/271862	friofamilygetaway@gmail.com	http://portal.escapia.com/site/default.aspx?pageid=42294&alias=bookings-friofamilygetaway.escapia		https://www.facebook.com/friofamilygetaway/		http://portal.escapia.com/site/default.aspx?pageid=42294&alias=bookings-friofamilygetaway.escapia				High	Verified	https://explore.overturemaps.org/#id=4c6949b1-680d-4c47-9dc5-069560cc486f	Public Overture site+email; zero-HTTP V6 cheap-screen. Final MASTER dedupe/QA required.				overture:4c6949b1-680d-4c47-9dc5-069560cc486f	escapia.com	18302325903	dos oakes premier vacation rental home	Concan	USA	HIGH	domain:escapia.com
	A	91	Burnaby	Canada	Eco-World Property Management		property_management	4211 Kingsway	+16044380020								overture:75c0c1d3-d054-4fba-946c-6023079aff46	2026-08-15T00:53:59.669877Z		Canonical queue drain | fit A | GitHub MASTER dedupe passed	http://www.eco-world.com/	service@eco-world.com	https://www.eco-world.com/pages/about-us		https://www.facebook.com/Eco-World-Property-Management-103992484698432/		https://www.eco-world.com/pages/property-for-rent/rented-properties				High	Verified	https://explore.overturemaps.org/#id=75c0c1d3-d054-4fba-946c-6023079aff46	Public Overture site+email; zero-HTTP V6 cheap-screen. Final MASTER dedupe/QA required.				overture:75c0c1d3-d054-4fba-946c-6023079aff46	eco-world.com	16044380020	eco world property management	Burnaby	Canada	HIGH	domain:eco-world.com
	A	91	Riverside	USA	Dream Big Property Management		property_management	6820 Indiana Ave	+19517789700								overture:f60921f9-d1e2-4cba-adca-5aebfe085e28	2026-08-15T00:53:59.669877Z		Canonical queue drain | fit A | GitHub MASTER dedupe passed	https://www.DreamBigPM.com/	info@dreambigpm.com	https://dreambigpm.com/about/		https://www.facebook.com/dreambigpropmgt/		https://dreambigpm.com/properties-for-sale/				High	Verified	https://explore.overturemaps.org/#id=f60921f9-d1e2-4cba-adca-5aebfe085e28	Public Overture site+email; zero-HTTP V6 cheap-screen. Final MASTER dedupe/QA required.				overture:f60921f9-d1e2-4cba-adca-5aebfe085e28	dreambigpm.com	19517789700	dream big property management	Riverside	USA	HIGH	domain:dreambigpm.com
	A	91	Upland	USA	Doorbell Property Management		property_management	818 N Mountain Ave	+13232855557								overture:e3a8343c-b4a4-4d3d-a136-2defeaf70acb	2026-08-15T00:53:59.669877Z		Canonical queue drain | fit A | GitHub MASTER dedupe passed	http://www.doorbellmanagement.com/	doorbellpm@gmail.com	http://www.doorbellmanagement.com/about	https://www.instagram.com/doorbellpropertymanagement/	https://www.facebook.com/profile.php/						High	Verified	https://explore.overturemaps.org/#id=e3a8343c-b4a4-4d3d-a136-2defeaf70acb; http://www.doorbellmanagement.com/	Public Overture site+email; zero-HTTP V6 cheap-screen. Final MASTER dedupe/QA required.				overture:e3a8343c-b4a4-4d3d-a136-2defeaf70acb	doorbellmanagement.com	13232855557	doorbell property management	Upland	USA	HIGH	domain:doorbellmanagement.com
	A	91	Newport Beach	USA	Compass Property Management		property_management	861 Production Pl	+19492293071								overture:c778f072-6654-4a3c-9fab-3de0d9d8cd0e	2026-08-15T00:53:59.669877Z		Canonical queue drain | fit A | GitHub MASTER dedupe passed	https://compasspropertymgnt.com/	marketing@compasspropertymgnt.com	https://compasspropertymgnt.com/contact-us/	https://www.instagram.com/compasspropertymgnt/			https://compasspropertymgnt.com/available-properties/				High	Verified	https://explore.overturemaps.org/#id=c778f072-6654-4a3c-9fab-3de0d9d8cd0e; https://compasspropertymgnt.com/	Public Overture site+email; zero-HTTP V6 cheap-screen. Final MASTER dedupe/QA required.				overture:c778f072-6654-4a3c-9fab-3de0d9d8cd0e	compasspropertymgnt.com	19492293071	compass property management	Newport Beach	USA	HIGH	domain:compasspropertymgnt.com
	A	91	San Clemente	USA	Coast Property Management		property_management	111 Avenida del Mar	+19494929552								overture:3a3544f2-71bf-4d18-b2bb-5e384ae01e2c	2026-08-15T00:53:59.669877Z		Canonical queue drain | fit A | GitHub MASTER dedupe passed	http://coastpropmgmt.com/	inquirycpm@gmail.com	https://www.coastpropmgmt.com/about-us	https://www.instagram.com/coastpropertymanagement_sc/	https://www.facebook.com/CoastPropMgmt/						High	Verified	https://explore.overturemaps.org/#id=3a3544f2-71bf-4d18-b2bb-5e384ae01e2c; https://www.coastpropmgmt.com/	Public Overture site+email; zero-HTTP V6 cheap-screen. Final MASTER dedupe/QA required.				overture:3a3544f2-71bf-4d18-b2bb-5e384ae01e2c	coastpropmgmt.com	19494929552	coast property management	San Clemente	USA	HIGH	domain:coastpropmgmt.com
	A	91	Los Angeles	USA	Coastline Equity Property Management		property_management	1411 W 190th St	+13103730602								overture:33c5185a-4836-401e-937b-be5422d7d19b	2026-08-15T00:53:59.669877Z		Canonical queue drain | fit A | GitHub MASTER dedupe passed	https://www.coastlineequity.net/	info@coastlineequity.net	https://coastlineequity.net/about-us	https://www.instagram.com/coastlineequity/	https://www.facebook.com/CoastlineEquity/						High	Verified	https://explore.overturemaps.org/#id=33c5185a-4836-401e-937b-be5422d7d19b; https://coastlineequity.net/home	Public Overture site+email; zero-HTTP V6 cheap-screen. Final MASTER dedupe/QA required.				overture:33c5185a-4836-401e-937b-be5422d7d19b	coastlineequity.net	13103730602	coastline equity property management	Los Angeles	USA	HIGH	domain:coastlineequity.net
	A	91	Palm Desert	USA	Coachella Valley Property Management		travel_company	77824 Wildcat Dr	+17602812391								overture:a10bba45-3859-4ee0-8086-8926cf6a3a01	2026-08-15T00:53:59.669877Z		Canonical queue drain | fit A | GitHub MASTER dedupe passed	http://www.Coachellavalleypropertymanagement.site/	cvpmvacationrental@gmail.com	https://coachellavalleypropertymanagement.site/about-us-2/			https://wa.me/3214569874	https://coachellavalleypropertymanagement.site/wp-content/plugins/wp-booking-system-premium/assets/css/style-front-end.min.css				High	Verified	https://explore.overturemaps.org/#id=a10bba45-3859-4ee0-8086-8926cf6a3a01	Public Overture site+email; zero-HTTP V6 cheap-screen. Final MASTER dedupe/QA required.				overture:a10bba45-3859-4ee0-8086-8926cf6a3a01	coachellavalleypropertymanagement.site	17602812391	coachella valley property management	Palm Desert	USA	HIGH	domain:coachellavalleypropertymanagement.site
	A	91	Lake Forest	USA	Crummack Huseby Property Management		property_management	25531 Commercentre Dr	+19493679430								overture:6c3b9ad2-c4a1-4251-84e7-38e63e48630b	2026-08-15T00:53:59.669877Z		Canonical queue drain | fit A | GitHub MASTER dedupe passed	https://www.ch-pm.com/	info@ch-pm.com	https://www.ch-pm.com/about/careers	https://www.instagram.com/crummackhuseby/	https://www.facebook.com/crummackhuseby/						Medium	Recall-first	https://explore.overturemaps.org/#id=6c3b9ad2-c4a1-4251-84e7-38e63e48630b; https://www.ch-pm.com/	Public Overture site+email; zero-HTTP V6 cheap-screen. Final MASTER dedupe/QA required.				overture:6c3b9ad2-c4a1-4251-84e7-38e63e48630b	ch-pm.com	19493679430	crummack huseby property management	Lake Forest	USA	MEDIUM	domain:ch-pm.com
	A	91	Orange	USA	CC&Rs Property Management		property_management	500 N State College Blvd	+17147164789								overture:28734aa7-4c4a-46cd-955b-c926fcafc896	2026-08-15T00:53:59.669877Z		Canonical queue drain | fit A | GitHub MASTER dedupe passed	http://ccandrs.com/	info@ccandrs.com	https://ccandrs.com/about-us	https://www.instagram.com/ccandrs_propertymanagement/	https://www.facebook.com/profile.php/						Medium	Recall-first	https://explore.overturemaps.org/#id=28734aa7-4c4a-46cd-955b-c926fcafc896; https://ccandrs.com/	Public Overture site+email; zero-HTTP V6 cheap-screen. Final MASTER dedupe/QA required.				overture:28734aa7-4c4a-46cd-955b-c926fcafc896	ccandrs.com	17147164789	cc rs property management	Orange	USA	MEDIUM	domain:ccandrs.com
	A	91	Los Angeles	USA	Blue Horizon Property Management		property_management	461 W 6th St	+14242032500								overture:7a3a3fdd-f188-4772-810b-a1cae94bb108	2026-08-15T00:53:59.669877Z		Canonical queue drain | fit A | GitHub MASTER dedupe passed	http://www.bluehorizonrentals.com	info@bluehorizonrentals.com	https://www.bluehorizonrentals.com/about-us		https://www.facebook.com/wix/		https://www.bluehorizonrentals.com/owners				High	Verified	https://explore.overturemaps.org/#id=7a3a3fdd-f188-4772-810b-a1cae94bb108	Public Overture site+email; zero-HTTP V6 cheap-screen. Final MASTER dedupe/QA required.				overture:7a3a3fdd-f188-4772-810b-a1cae94bb108	bluehorizonrentals.com	14242032500	blue horizon property management	Los Angeles	USA	HIGH	domain:bluehorizonrentals.com
	A	91	Surrey	Canada	Barbican Property Management		historic_site	13450 102 Ave	+16044248276								overture:1b3b10d4-7f87-41a1-815a-7c50209f384e	2026-08-15T00:53:59.669877Z		Canonical queue drain | fit A | GitHub MASTER dedupe passed	http://www.barbicanpm.ca/	office@barbicanpm.ca	https://www.barbicanpm.ca/about/	https://www.instagram.com/centurygroupdev/	https://www.facebook.com/CenturyGroupDev/						High	Verified	https://explore.overturemaps.org/#id=1b3b10d4-7f87-41a1-815a-7c50209f384e; https://www.barbicanpm.ca/	Public Overture site+email; zero-HTTP V6 cheap-screen. Final MASTER dedupe/QA required.				overture:1b3b10d4-7f87-41a1-815a-7c50209f384e	barbicanpm.ca	16044248276	barbican property management	Surrey	Canada	HIGH	domain:barbicanpm.ca
	A	91	Lake Havasu City	USA	Arizona Living Rentals & Property Management		property_management	86 Smoketree Ave S	+19284533500								overture:d5248ed6-15c8-4c96-b6bd-cd74049a25c0	2026-08-15T00:53:59.669877Z		Canonical queue drain | fit A | GitHub MASTER dedupe passed	http://www.azlivingrentals.com/	azlivingteam@gmail.com	https://www.azlivingrentals.com/about		https://www.facebook.com/214015041791515/		https://www.azlivingrentals.com/search-properties				High	Verified	https://explore.overturemaps.org/#id=d5248ed6-15c8-4c96-b6bd-cd74049a25c0	Public Overture site+email; zero-HTTP V6 cheap-screen. Final MASTER dedupe/QA required.				overture:d5248ed6-15c8-4c96-b6bd-cd74049a25c0	azlivingrentals.com	19284533500	arizona living rentals property management	Lake Havasu City	USA	HIGH	domain:azlivingrentals.com
	A	91	Costa Mesa	USA	Au Terre Property Management		property_management	2973 Harbor Blvd	+18004004855								overture:e8788dfa-e07d-4e96-8013-e0bf8eeeafe8	2026-08-15T00:53:59.669877Z		Canonical queue drain | fit A | GitHub MASTER dedupe passed	http://www.auterreproperties.com/	info@auterreproperties.com	https://www.auterreproperties.com/contact		https://www.facebook.com/100081014077273/timeline/		https://www.auterreproperties.com/beachrentals				High	Verified	https://explore.overturemaps.org/#id=e8788dfa-e07d-4e96-8013-e0bf8eeeafe8	Public Overture site+email; zero-HTTP V6 cheap-screen. Final MASTER dedupe/QA required.				overture:e8788dfa-e07d-4e96-8013-e0bf8eeeafe8	auterreproperties.com	18004004855	au terre property management	Costa Mesa	USA	HIGH	domain:auterreproperties.com
	A	91	Tustin	USA	Athena Property Management		property_management	730 El Camino Way	+19493988750								overture:c7cc1985-a9bb-432d-81dc-cb2be09f2819	2026-08-15T00:53:59.669877Z		Canonical queue drain | fit A | GitHub MASTER dedupe passed	http://athena-pm.com/	info@athena-pm.com	https://athena-pm.com/about-us/		https://www.facebook.com/AthenaPropManagement/		https://athena-pm.com/properties/				Medium	Recall-first	https://explore.overturemaps.org/#id=c7cc1985-a9bb-432d-81dc-cb2be09f2819	Public Overture site+email; zero-HTTP V6 cheap-screen. Final MASTER dedupe/QA required.				overture:c7cc1985-a9bb-432d-81dc-cb2be09f2819	athena-pm.com	19493988750	athena property management	Tustin	USA	MEDIUM	domain:athena-pm.com
	A	91	Yucaipa	USA	Allied Pacific Property Management		property_management	31989 Yucaipa Blvd	+19097948248								overture:9d0cf142-8a37-4d0a-98ab-03d3540fed77	2026-08-15T00:53:59.669877Z		Canonical queue drain | fit A | GitHub MASTER dedupe passed	http://www.alliedrentshomes.com	jasons@alliedrentshomes.com	https://www.alliedrentshomes.com/contact		https://www.facebook.com/pages/Allied-Pacific-Property-Management/979451052094765/		https://www.alliedrentshomes.com/owners				High	Verified	https://explore.overturemaps.org/#id=9d0cf142-8a37-4d0a-98ab-03d3540fed77	Public Overture site+email; zero-HTTP V6 cheap-screen. Final MASTER dedupe/QA required.				overture:9d0cf142-8a37-4d0a-98ab-03d3540fed77	alliedrentshomes.com	19097948248	allied pacific property management	Yucaipa	USA	HIGH	domain:alliedrentshomes.com
	A	91	Orange	USA	ACE Professional Property Management		property_management	1107 E Lincoln Ave	+17144978583								overture:3a43bd16-4b36-42fa-8ffd-1bed1707623f	2026-08-15T00:53:59.669877Z		Canonical queue drain | fit A | GitHub MASTER dedupe passed	http://www.aceppm.com/	steve@aceppm.com	https://www.aceppm.com/about-us	https://www.instagram.com/ace_ppm/	https://www.facebook.com/APPMINC/						High	Verified	https://explore.overturemaps.org/#id=3a43bd16-4b36-42fa-8ffd-1bed1707623f; https://www.aceppm.com/	Public Overture site+email; zero-HTTP V6 cheap-screen. Final MASTER dedupe/QA required.				overture:3a43bd16-4b36-42fa-8ffd-1bed1707623f	aceppm.com	17144978583	ace professional property management	Orange	USA	HIGH	domain:aceppm.com
	A	91	Abilene	USA	9 West Property Management		property_management	244 Pine St	+13257215817								overture:b0f831f3-937a-4270-ab35-f9be31862ae6	2026-08-15T00:53:59.669877Z		Canonical queue drain | fit A | GitHub MASTER dedupe passed	https://9westpropertymanagement.com/	paul@9westpropertymanagement.com	https://9westpropertymanagement.com/about		https://www.facebook.com/9westpropertymanagement/		https://9westpropertymanagement.com/rental-properties				High	Verified	https://explore.overturemaps.org/#id=b0f831f3-937a-4270-ab35-f9be31862ae6	Public Overture site+email; zero-HTTP V6 cheap-screen. Final MASTER dedupe/QA required.				overture:b0f831f3-937a-4270-ab35-f9be31862ae6	9westpropertymanagement.com	13257215817	9 west property management	Abilene	USA	HIGH	domain:9westpropertymanagement.com
	A	91	San Diego	USA	8 West Property Management		property_management	306 Upas St	+16195003374								overture:dbe4d2e0-7572-4c3b-82d7-db3a158fb097	2026-08-15T00:53:59.669877Z		Canonical queue drain | fit A | GitHub MASTER dedupe passed	https://8WestPM.com/	admin@8westpm.com	https://www.8westpm.com/about-us/	https://www.instagram.com/8westpm/	https://www.facebook.com/Golden-State-Property-Management-384517631671680/						High	Verified	https://explore.overturemaps.org/#id=dbe4d2e0-7572-4c3b-82d7-db3a158fb097; https://www.8westpm.com/	Public Overture site+email; zero-HTTP V6 cheap-screen. Final MASTER dedupe/QA required.				overture:dbe4d2e0-7572-4c3b-82d7-db3a158fb097	8westpm.com	16195003374	8 west property management	San Diego	USA	HIGH	domain:8westpm.com
	A	91	Encinitas	USA	33 Property Management		property_management	1084 N El Camino Real	+18588594157								overture:d67f994c-4777-4ce1-842e-d1f851d9bcb9	2026-08-15T00:53:59.669877Z		Canonical queue drain | fit A | GitHub MASTER dedupe passed	http://33PMG.com/	info@33pmg.com	https://www.33pmg.com/about	https://www.instagram.com/33_propertymanagement/			https://www.33pmg.com/san-diego-homes-for-rent				High	Verified	https://explore.overturemaps.org/#id=d67f994c-4777-4ce1-842e-d1f851d9bcb9; https://www.33pmg.com/	Public Overture site+email; zero-HTTP V6 cheap-screen. Final MASTER dedupe/QA required.				overture:d67f994c-4777-4ce1-842e-d1f851d9bcb9	33pmg.com	18588594157	33 property management	Encinitas	USA	HIGH	domain:33pmg.com
	A	91	Kanab	USA	Timber and Tin Vacation Rental Resort		holiday_rental_home	320 S Main St	+14352546615								overture:dfa5ad51-ae18-483a-8564-d2848d6e4a9b	2026-08-15T00:53:59.669877Z		Canonical queue drain | fit A | GitHub MASTER dedupe passed	http://Www.timberandtinkanab.com/	info@timberandtinkanab.com	https://www.timberandtinkanab.com/about-us	https://www.instagram.com/timberandtin.kanab/	https://www.facebook.com/Timberandtinkanab/						High	Verified	https://explore.overturemaps.org/#id=dfa5ad51-ae18-483a-8564-d2848d6e4a9b; https://www.timberandtinkanab.com/	Public Overture site+email; zero-HTTP V6 cheap-screen. Final MASTER dedupe/QA required.				overture:dfa5ad51-ae18-483a-8564-d2848d6e4a9b	timberandtinkanab.com	14352546615	timber and tin vacation rental resort	Kanab	USA	HIGH	domain:timberandtinkanab.com
	A	91	Phoenix	USA	Stephanie Williams AZ Real Estate & Property Management		real_estate_agent	1500 E Thomas Rd	+16234140187								overture:3202afa1-c5c0-4206-8dd6-ba163853f090	2026-08-15T00:53:59.669877Z		Canonical queue drain | fit A | GitHub MASTER dedupe passed	http://prostarrealty.com/?agent_id=131466	stephaniephxrealtor@gmail.com	https://www.prostarrealty.com/about/	https://www.instagram.com/prostarrealty/	https://www.facebook.com/prostarrealty/						High	Verified	https://explore.overturemaps.org/#id=3202afa1-c5c0-4206-8dd6-ba163853f090; https://www.prostarrealty.com/?agent_id=131466	Public Overture site+email; zero-HTTP V6 cheap-screen. Final MASTER dedupe/QA required.				overture:3202afa1-c5c0-4206-8dd6-ba163853f090	prostarrealty.com	16234140187	stephanie williams az real estate property management	Phoenix	USA	HIGH	domain:prostarrealty.com
	A	91	Leadville	USA	Independence Realty & Property Management		real_estate_service	1017 Poplar St	+17206757033								overture:84e91fdb-562f-4678-b4a0-27963a38a8e9	2026-08-15T00:53:59.669877Z		Canonical queue drain | fit A | GitHub MASTER dedupe passed	http://www.buyleadville.com/	andrew@buyleadville.com	https://www.buyleadville.com/about-us/		https://www.facebook.com/AndrewPurdyRealtor/		https://www.buyleadville.com/vacation-rentals-2/				High	Verified	https://explore.overturemaps.org/#id=84e91fdb-562f-4678-b4a0-27963a38a8e9	Public Overture site+email; zero-HTTP V6 cheap-screen. Final MASTER dedupe/QA required.				overture:84e91fdb-562f-4678-b4a0-27963a38a8e9	buyleadville.com	17206757033	independence realty property management	Leadville	USA	HIGH	domain:buyleadville.com
	A	91	Prescott	USA	Bear Creek Real Estate and Property Management		property_management	1555 W Iron Springs Rd	+19282270501								overture:d09e0a71-dd1e-4665-8d00-1dabbe829111	2026-08-15T00:53:59.669877Z		Canonical queue drain | fit A | GitHub MASTER dedupe passed	http://www.bearcreekpmg.com/	brendaheath@bearcreekpmg.com	https://bearcreekpmg.com/contact-us		https://www.facebook.com/brendaandclaytonheath/		https://bearcreekpmg.com/property-management/short-term-vacation-rentals				High	Verified	https://explore.overturemaps.org/#id=d09e0a71-dd1e-4665-8d00-1dabbe829111	Public Overture site+email; zero-HTTP V6 cheap-screen. Final MASTER dedupe/QA required.				overture:d09e0a71-dd1e-4665-8d00-1dabbe829111	bearcreekpmg.com	19282270501	bear creek real estate and property management	Prescott	USA	HIGH	domain:bearcreekpmg.com
	A	91	Gering	USA	Ally Property Management and Real Estate		property_management	1447 10th St	+13086336440								overture:38c4f68f-ffe7-4932-9fcc-e1999624ec4a	2026-08-15T00:53:59.669877Z		Canonical queue drain | fit A | GitHub MASTER dedupe passed	http://www.Ally-property.com/	office@ally-property.com	https://www.ally-property.com/about		https://www.facebook.com/AllyPropertyManagement/		https://www.ally-property.com/properties-for-rent				High	Verified	https://explore.overturemaps.org/#id=38c4f68f-ffe7-4932-9fcc-e1999624ec4a	Public Overture site+email; zero-HTTP V6 cheap-screen. Final MASTER dedupe/QA required.				overture:38c4f68f-ffe7-4932-9fcc-e1999624ec4a	ally-property.com	13086336440	ally property management and real estate	Gering	USA	HIGH	domain:ally-property.com
	A	91	Palm Springs	USA	Village Property Management		property_management	333 N Palm Canyon Dr	+17603254477								overture:c0eeea38-df2d-4b45-905b-917d66067016	2026-08-15T00:53:59.669877Z		Canonical queue drain | fit A | GitHub MASTER dedupe passed	https://www.vpmrents.com/	frontoffice@vpmrents.com	https://www.vpmrents.com/about	https://www.instagram.com/vpmrents/	https://www.facebook.com/villagepropertymanagement/						High	Verified	https://explore.overturemaps.org/#id=c0eeea38-df2d-4b45-905b-917d66067016; https://www.vpmrents.com/	Public Overture site+email; zero-HTTP V6 cheap-screen. Final MASTER dedupe/QA required.				overture:c0eeea38-df2d-4b45-905b-917d66067016	vpmrents.com	17603254477	village property management	Palm Springs	USA	HIGH	domain:vpmrents.com
	A	91	Oceanside	USA	Tremont Villa Vacation Home		holiday_rental_home	653 N Tremont St	+19495335990								overture:4ed9054c-e029-4f88-9455-e99131814f09	2026-08-15T00:53:59.669877Z		Canonical queue drain | fit A | GitHub MASTER dedupe passed	http://www.tremontvilla.com/	jody@tremontvilla.com	https://www.tremontvilla.com/contact		https://www.facebook.com/tremontvilla.vacationrental/		https://www.tremontvilla.com/book				High	Verified	https://explore.overturemaps.org/#id=4ed9054c-e029-4f88-9455-e99131814f09	Public Overture site+email; zero-HTTP V6 cheap-screen. Final MASTER dedupe/QA required.				overture:4ed9054c-e029-4f88-9455-e99131814f09	tremontvilla.com	19495335990	tremont villa vacation home	Oceanside	USA	HIGH	domain:tremontvilla.com
	A	91	San Diego	USA	Royce Realty & Property Management		real_estate_agent	7770 Regents Rd	+18584805570								overture:765d4c07-31d1-420d-9dfb-16760ea7e335	2026-08-15T00:53:59.669877Z		Canonical queue drain | fit A | GitHub MASTER dedupe passed	http://www.roycekemp.com/	royce@roycekemp.com	https://www.roycekemp.com/utc-community-hoa-contact-information/		https://www.facebook.com/RoyceKempRealtor/		https://www.roycekemp.com/regency-villas				High	Verified	https://explore.overturemaps.org/#id=765d4c07-31d1-420d-9dfb-16760ea7e335	Public Overture site+email; zero-HTTP V6 cheap-screen. Final MASTER dedupe/QA required.				overture:765d4c07-31d1-420d-9dfb-16760ea7e335	roycekemp.com	18584805570	royce realty property management	San Diego	USA	HIGH	domain:roycekemp.com
	A	91	Solana Beach	USA	Robinson Realty Inc - Property Management & Real Estate		real_estate_agent	990 Highland Dr	+18587044777								overture:ca7664c0-09f1-4390-a17f-14af69629edd	2026-08-15T00:53:59.669877Z		Canonical queue drain | fit A | GitHub MASTER dedupe passed	http://www.Robinson-Realty.com/	contactus@robinson-realty.com	https://www.robinson-realty.com/about/contact-us/		https://www.facebook.com/RobinsonRealtySD/		https://www.robinson-realty.com/property_type/furnished-vacation-rentals/				High	Verified	https://explore.overturemaps.org/#id=ca7664c0-09f1-4390-a17f-14af69629edd	Public Overture site+email; zero-HTTP V6 cheap-screen. Final MASTER dedupe/QA required.				overture:ca7664c0-09f1-4390-a17f-14af69629edd	robinson-realty.com	18587044777	robinson realty inc property management real estate	Solana Beach	USA	HIGH	domain:robinson-realty.com
	A	91	Oak Harbor	Canada	Oak Harbor Real Estate & Property Management		property_management	890 SE Pioneer Way	+13606728800								overture:7c6cf7fb-32a4-4045-a9cb-be1efc6b72c5	2026-08-15T00:53:59.669877Z		Canonical queue drain | fit A | GitHub MASTER dedupe passed	https://rentoakharbor.com/	rentoakharbor@hotmail.com	https://www.rentoakharbor.com/about		https://www.facebook.com/oakharborrealestateandpropertymanagement/		https://www.rentoakharbor.com/idylewood-apartments				High	Verified	https://explore.overturemaps.org/#id=7c6cf7fb-32a4-4045-a9cb-be1efc6b72c5	Public Overture site+email; zero-HTTP V6 cheap-screen. Final MASTER dedupe/QA required.				overture:7c6cf7fb-32a4-4045-a9cb-be1efc6b72c5	rentoakharbor.com	13606728800	oak harbor real estate property management	Oak Harbor	Canada	HIGH	domain:rentoakharbor.com
	A	91	Huntington Beach	USA	Real Property Management Coast		real_estate_agent	15234 Transistor Ln	(714) 899-2200								overture:139f94ce-ae7f-489e-86fe-f015558009f0	2026-08-15T00:53:59.669877Z		Canonical queue drain | fit A | GitHub MASTER dedupe passed	https://www.realpropertymgt.com	truedoorproperty@protonmail.com	https://www.realpropertymgt.com/contact-us		https://www.facebook.com/RealPropertyManagementUSA/		https://www.realpropertymgt.com/services/properties-we-manage				High	Verified	https://explore.overturemaps.org/#id=139f94ce-ae7f-489e-86fe-f015558009f0	Public Overture site+email; zero-HTTP V6 cheap-screen. Final MASTER dedupe/QA required.				overture:139f94ce-ae7f-489e-86fe-f015558009f0	realpropertymgt.com	7148992200	real property management coast	Huntington Beach	USA	HIGH	domain:realpropertymgt.com
	A	91	San Antonio	USA	iHeart Realty and Property Management		real_estate_service	14350 Northbrook Dr	+12103658024								overture:6bedced7-9742-4839-8573-6e0a7fd08f57	2026-08-15T00:53:59.669877Z		Canonical queue drain | fit A | GitHub MASTER dedupe passed	http://www.iheartrealty.com/	contact@iheartrealty.com	https://iheartrealty.com/m/bookings		https://www.facebook.com/199811246753189/		https://iheartrealty.com/m/bookings				High	Verified	https://explore.overturemaps.org/#id=6bedced7-9742-4839-8573-6e0a7fd08f57	Public Overture site+email; zero-HTTP V6 cheap-screen. Final MASTER dedupe/QA required.				overture:6bedced7-9742-4839-8573-6e0a7fd08f57	iheartrealty.com	12103658024	iheart realty and property management	San Antonio	USA	HIGH	domain:iheartrealty.com
	A	91	San Diego	USA	Herridge Real Estate and Property Management		property_management	1621 Grand Ave	+19513644799								overture:983800ab-c82a-498a-92bd-5235a08b0b90	2026-08-15T00:53:59.669877Z		Canonical queue drain | fit A | GitHub MASTER dedupe passed	http://HerridgeRealty.com/	herridge.mgmt@gmail.com	https://herridgerealty.com/about/	https://www.instagram.com/herridge_prop_sd/	https://www.facebook.com/herridgerealestate/						Medium	Recall-first	https://explore.overturemaps.org/#id=983800ab-c82a-498a-92bd-5235a08b0b90; https://herridgerealty.com/	Public Overture site+email; zero-HTTP V6 cheap-screen. Final MASTER dedupe/QA required.				overture:983800ab-c82a-498a-92bd-5235a08b0b90	herridgerealty.com	19513644799	herridge real estate and property management	San Diego	USA	MEDIUM	domain:herridgerealty.com
	A	91	Anaheim	USA	Boydstun Realty & Property Management		real_estate_agent	703 N Anaheim Blvd	+17147784261								overture:00f74dfb-b7ef-46f2-924f-b76272a3c2ed	2026-08-15T00:53:59.669877Z		Canonical queue drain | fit A | GitHub MASTER dedupe passed	http://www.boydstunrealty.net/	reonhoward@aol.com	https://www.boydstunrealty.net/contact		https://www.facebook.com/wix/		https://www.boydstunrealty.net/properties/5573-e.-vista-del-rio				High	Verified	https://explore.overturemaps.org/#id=00f74dfb-b7ef-46f2-924f-b76272a3c2ed	Public Overture site+email; zero-HTTP V6 cheap-screen. Final MASTER dedupe/QA required.				overture:00f74dfb-b7ef-46f2-924f-b76272a3c2ed	boydstunrealty.net	17147784261	boydstun realty property management	Anaheim	USA	HIGH	domain:boydstunrealty.net
	A	91	Redlands	USA	AIM Property Management Company		real_estate_agent	1255 W. Colton Ave Suite 8	(909) 375-8113								overture:6a4addbb-4c65-427c-bc70-cd22f02704fd	2026-08-15T00:53:59.669877Z		Canonical queue drain | fit A | GitHub MASTER dedupe passed	https://www.aim-properties.com	info@aim-properties.com	https://aim-properties.com/about-us/		https://www.facebook.com/profile.php/		https://aim-properties.com/feed/				High	Verified	https://explore.overturemaps.org/#id=6a4addbb-4c65-427c-bc70-cd22f02704fd	Public Overture site+email; zero-HTTP V6 cheap-screen. Final MASTER dedupe/QA required.				overture:6a4addbb-4c65-427c-bc70-cd22f02704fd	aim-properties.com	9093758113	aim property management company	Redlands	USA	HIGH	domain:aim-properties.com
	A	91	Estes Park	USA	Windcliff Vacation Homes		holiday_rental_home	2220 Windcliff Dr	+19705862181								overture:3a705adf-9f63-4562-9bf5-12787ceb4c9d	2026-08-15T00:53:59.669877Z		Canonical queue drain | fit A | GitHub MASTER dedupe passed	http://www.windcliff.com/	staff@windcliff.com	https://windcliff.com/about/contact/		https://www.facebook.com/Windcliff/		https://windcliff.com/vacation-rentals/search-by-feature/estes-park-monthly-vacation-rental-homes/				High	Verified	https://explore.overturemaps.org/#id=3a705adf-9f63-4562-9bf5-12787ceb4c9d	Public Overture site+email; zero-HTTP V6 cheap-screen. Final MASTER dedupe/QA required.				overture:3a705adf-9f63-4562-9bf5-12787ceb4c9d	windcliff.com	19705862181	windcliff vacation homes	Estes Park	USA	HIGH	domain:windcliff.com
	A	91	Collingwood	USA	Stay Four Peaks Vacation rentals		holiday_rental_home	40 Trafalgar Rd	+15198701611								overture:005b4bee-9f12-4e92-b426-58235e6bceae	2026-08-15T00:53:59.669877Z		Canonical queue drain | fit A | GitHub MASTER dedupe passed	http://www.stayfourpeaks.com/	dean@stayfourpeaks.com	https://www.stayfourpeaks.com/about-us			https://wa.me/525530826590	https://www.stayfourpeaks.com/properties				High	Verified	https://explore.overturemaps.org/#id=005b4bee-9f12-4e92-b426-58235e6bceae	Public Overture site+email; zero-HTTP V6 cheap-screen. Final MASTER dedupe/QA required.				overture:005b4bee-9f12-4e92-b426-58235e6bceae	stayfourpeaks.com	15198701611	stay four peaks vacation rentals	Collingwood	USA	HIGH	domain:stayfourpeaks.com
	A	91	Michigan City	USA	South Shore Vacation Homes		holiday_rental_home	100 Anchor Rd	+12192000176								overture:b9fcd530-c5d2-4f9a-be4d-cff0f3f252c6	2026-08-15T00:53:59.669877Z		Canonical queue drain | fit A | GitHub MASTER dedupe passed	http://SouthShoreVH.com/	info@southshorevh.com	https://southshorevh.com/about-us/	https://www.instagram.com/southshorevacationhomes/			https://southshorevh.com/vacation-rentals/m/properties/blue-dune-stays				High	Verified	https://explore.overturemaps.org/#id=b9fcd530-c5d2-4f9a-be4d-cff0f3f252c6; https://southshorevh.com/	Public Overture site+email; zero-HTTP V6 cheap-screen. Final MASTER dedupe/QA required.				overture:b9fcd530-c5d2-4f9a-be4d-cff0f3f252c6	southshorevh.com	12192000176	south shore vacation homes	Michigan City	USA	HIGH	domain:southshorevh.com
	A	91	Mountain Village	USA	SilverStar Telluride Vacation Rentals		property_management	624 Mountain Village Blvd	+19707283001								overture:9604412b-7fbd-4c88-89ba-1d1f0cca6405	2026-08-15T00:53:59.669877Z		Canonical queue drain | fit A | GitHub MASTER dedupe passed	http://www.silverstartelluride.com/	silverstarluxuryproperties@yahoo.com	https://booking.silverstartelluride.com		https://www.facebook.com/SilverStarTellurideRentalsAndPropertyManagement/		https://booking.silverstartelluride.com/details.aspx?PropertyID=232285				High	Verified	https://explore.overturemaps.org/#id=9604412b-7fbd-4c88-89ba-1d1f0cca6405	Public Overture site+email; zero-HTTP V6 cheap-screen. Final MASTER dedupe/QA required.				overture:9604412b-7fbd-4c88-89ba-1d1f0cca6405	silverstartelluride.com	19707283001	silverstar telluride vacation rentals	Mountain Village	USA	HIGH	domain:silverstartelluride.com
	A	91	Phoenix	USA	Roosevelt Row Vacation Rentals		holiday_rental_home	712 E Pierce St	+16028550828								overture:e5071019-45bf-4f0c-8f0a-af07d46ceebc	2026-08-15T00:53:59.669877Z		Canonical queue drain | fit A | GitHub MASTER dedupe passed	https://rooseveltrowvacationrentals.com/	tericlsfitness@gmail.com		https://www.instagram.com/rooseveltrowvacationrentals/	https://www.facebook.com/rooseveltrowvacationrentals/		https://rooseveltrowvacationrentals.com/styles.css?v=1754390382				High	Verified	https://explore.overturemaps.org/#id=e5071019-45bf-4f0c-8f0a-af07d46ceebc; https://rooseveltrowvacationrentals.com/	Public Overture site+email; zero-HTTP V6 cheap-screen. Final MASTER dedupe/QA required.				overture:e5071019-45bf-4f0c-8f0a-af07d46ceebc	rooseveltrowvacationrentals.com	16028550828	roosevelt row vacation rentals	Phoenix	USA	HIGH	domain:rooseveltrowvacationrentals.com
	A	91	Puerto Peñasco	USA	Stay Rocky Point • Vacation Rentals		holiday_rental_home	Puerto Peñasco	+14803298035								overture:f5da7804-494b-4b31-a173-ece6f3c2b6aa	2026-08-15T00:53:59.669877Z		Canonical queue drain | fit A | GitHub MASTER dedupe passed	http://www.rentarockypoint.com/	rentarockypoint@gmail.com	https://www.rentarockypoint.com/contact/	https://www.instagram.com/rentarockypoint/			https://www.rentarockypoint.com/accommodations/				High	Verified	https://explore.overturemaps.org/#id=f5da7804-494b-4b31-a173-ece6f3c2b6aa; https://www.rentarockypoint.com/	Public Overture site+email; zero-HTTP V6 cheap-screen. Final MASTER dedupe/QA required.				overture:f5da7804-494b-4b31-a173-ece6f3c2b6aa	rentarockypoint.com	14803298035	stay rocky point vacation rentals	Puerto Peñasco	USA	HIGH	domain:rentarockypoint.com
	A	91	Manistee	USA	Boardwalk Vacation Rentals		holiday_rental_home	50 Greenbush St	+12316457368								overture:8ab42280-347f-4bd2-8777-f596811ecce7	2026-08-15T00:53:59.669877Z		Canonical queue drain | fit A | GitHub MASTER dedupe passed	https://manisteevacations.com/	info@manisteevacations.com	https://manisteevacations.com/about-us/		https://www.facebook.com/boardwalkvacationrentals/		https://manisteevacations.com/harbor-village-condo-rentals/				High	Verified	https://explore.overturemaps.org/#id=8ab42280-347f-4bd2-8777-f596811ecce7	Public Overture site+email; zero-HTTP V6 cheap-screen. Final MASTER dedupe/QA required.				overture:8ab42280-347f-4bd2-8777-f596811ecce7	manisteevacations.com	12316457368	boardwalk vacation rentals	Manistee	USA	HIGH	domain:manisteevacations.com
	A	91	Breckenridge	USA	Luxe Living Vacation Rentals		holiday_rental_home	100 S Ridge St	+19706707769								overture:a37f2eb4-c943-49b7-8c10-087291d8a920	2026-08-15T00:53:59.669877Z		Canonical queue drain | fit A | GitHub MASTER dedupe passed	https://luxelivingrentals.com/	hello@luxelivingrentals.com	https://luxelivingrentals.com/contact-page/		https://www.facebook.com/luxelivingrentals/		https://luxelivingrentals.com/properties/ursa-haus/				High	Verified	https://explore.overturemaps.org/#id=a37f2eb4-c943-49b7-8c10-087291d8a920	Public Overture site+email; zero-HTTP V6 cheap-screen. Final MASTER dedupe/QA required.				overture:a37f2eb4-c943-49b7-8c10-087291d8a920	luxelivingrentals.com	19706707769	luxe living vacation rentals	Breckenridge	USA	HIGH	domain:luxelivingrentals.com
	A	91	Hubbard Lake	USA	The Sands - Vacation Rentals on Hubbard Lake, MI.		holiday_rental_home	1961 Lakeview Dr	+19894644778								overture:23b31747-c4dc-4abe-9a1c-f0099c8eaeef	2026-08-15T00:53:59.669877Z		Canonical queue drain | fit A | GitHub MASTER dedupe passed	http://hubbardlakevacationrentals.com/	hlsandsresort@gmail.com	https://hubbardlakevacationrentals.com/about		https://www.facebook.com/The-Sands-Vacation-Rentals-on-Hubbard-Lake-MI-138620606205681/		https://hubbardlakevacationrentals.com/feed/				High	Verified	https://explore.overturemaps.org/#id=23b31747-c4dc-4abe-9a1c-f0099c8eaeef	Public Overture site+email; zero-HTTP V6 cheap-screen. Final MASTER dedupe/QA required.				overture:23b31747-c4dc-4abe-9a1c-f0099c8eaeef	hubbardlakevacationrentals.com	19894644778	the sands vacation rentals on hubbard lake mi	Hubbard Lake	USA	HIGH	domain:hubbardlakevacationrentals.com
	A	91	Hayle	United Kingdom	Holiday Homes Cornwall		holiday_rental_home	Trevithick Court	+447770624277								overture:d3bf1042-d8d8-463f-b307-4e5a583566e0	2026-08-15T00:53:59.669877Z		Canonical queue drain | fit A | GitHub MASTER dedupe passed	http://Www.holidayhomescornwall.co.uk/	info@holidayhomescornwall.co.uk	https://holidayhomescornwall.co.uk/contact/		https://www.facebook.com/holidayhomescornwall1/		https://holidayhomescornwall.co.uk/cottages/				High	Verified	https://explore.overturemaps.org/#id=d3bf1042-d8d8-463f-b307-4e5a583566e0	Public Overture site+email; zero-HTTP V6 cheap-screen. Final MASTER dedupe/QA required.				overture:d3bf1042-d8d8-463f-b307-4e5a583566e0	holidayhomescornwall.co.uk	447770624277	holiday homes cornwall	Hayle	United Kingdom	HIGH	domain:holidayhomescornwall.co.uk
	A	91	St Charles	USA	DI4Y Vacation Rentals		holiday_rental_home	43W212 Ferson Ct	+16302208923								overture:8e766673-db3f-41e2-9866-3a02a761d367	2026-08-15T00:53:59.669877Z		Canonical queue drain | fit A | GitHub MASTER dedupe passed	http://www.DI4YVacationRentals.com/	di4yvacationrentals@gmail.com		https://www.instagram.com/di4yvacationrentals/	https://www.facebook.com/DI4YVacationRentals/		https://di4yvacationrentals.com/en/vacation-rentals				High	Verified	https://explore.overturemaps.org/#id=8e766673-db3f-41e2-9866-3a02a761d367; https://di4yvacationrentals.com/	Public Overture site+email; zero-HTTP V6 cheap-screen. Final MASTER dedupe/QA required.				overture:8e766673-db3f-41e2-9866-3a02a761d367	di4yvacationrentals.com	16302208923	di4y vacation rentals	St Charles	USA	HIGH	domain:di4yvacationrentals.com
	A	91	Estes Park	USA	The Courtyard Shops and Flats Vacation Rentals		holiday_rental_home	Vows, Estes Park, 165 Virginia Dr	+19705861679								overture:caf4dbf5-5022-45b7-852d-cc695cf7c362	2026-08-15T00:53:59.669877Z		Canonical queue drain | fit A | GitHub MASTER dedupe passed	http://www.courtyardshopsandflats.com/	courtyard.estes.park@gmail.com	https://www.courtyardshopsandflats.com/about-us	https://www.instagram.com/thecourtyardshops.estespark/	https://www.facebook.com/people/The-Courtyard-Shops-and-Flats-Vacation-Rentals/100078036301164/						High	Verified	https://explore.overturemaps.org/#id=caf4dbf5-5022-45b7-852d-cc695cf7c362; https://www.courtyardshopsandflats.com/	Public Overture site+email; zero-HTTP V6 cheap-screen. Final MASTER dedupe/QA required.				overture:caf4dbf5-5022-45b7-852d-cc695cf7c362	courtyardshopsandflats.com	19705861679	the courtyard shops and flats vacation rentals	Estes Park	USA	HIGH	domain:courtyardshopsandflats.com
	A	91	Traverse City	USA	Adventure North Vacation Rentals		holiday_rental_home	2025 E Long Lake Rd	+12317092783								overture:04fa03e6-5ed3-4bb7-922a-d170d29411e0	2026-08-15T00:53:59.669877Z		Canonical queue drain | fit A | GitHub MASTER dedupe passed	https://www.adventurenorthvacationrentals.com/	office@adventurenorthvacationrentals.com	https://adventurenorthvacationrentals.com/about	https://www.instagram.com/adventurenorthvacationrentals/	https://www.facebook.com/adventurenorthvacationrentals/						High	Verified	https://explore.overturemaps.org/#id=04fa03e6-5ed3-4bb7-922a-d170d29411e0; https://adventurenorthvacationrentals.com/	Public Overture site+email; zero-HTTP V6 cheap-screen. Final MASTER dedupe/QA required.				overture:04fa03e6-5ed3-4bb7-922a-d170d29411e0	adventurenorthvacationrentals.com	12317092783	adventure north vacation rentals	Traverse City	USA	HIGH	domain:adventurenorthvacationrentals.com
	A	91	Manhattan Beach	USA	Vacation Rent Seekers		property_management	1334 Park View Ave	+13106583112								overture:b918f234-250c-40ac-859c-c3edad53fed1	2026-08-15T00:53:59.669877Z		Canonical queue drain | fit A | GitHub MASTER dedupe passed	http://www.vacationrentseekers.com/	inquiry@vacationrentseekers.com	https://www.vacationrentseekers.com/contact-us/		https://www.facebook.com/vacationrentseekers/		https://www.vacationrentseekers.com/search-rentals/beach-rentals/malibu-vacation-rentals/				High	Verified	https://explore.overturemaps.org/#id=b918f234-250c-40ac-859c-c3edad53fed1	Public Overture site+email; zero-HTTP V6 cheap-screen. Final MASTER dedupe/QA required.				overture:b918f234-250c-40ac-859c-c3edad53fed1	vacationrentseekers.com	13106583112	vacation rent seekers	Manhattan Beach	USA	HIGH	domain:vacationrentseekers.com
	A	91	Courtenay	Canada	Trip Vacation Rentals		holiday_rental_home	172 Archery Cres	+12506507453								overture:966f4f62-0a45-434e-8af7-7afb30f83aeb	2026-08-15T00:53:59.669877Z		Canonical queue drain | fit A | GitHub MASTER dedupe passed	http://www.tripvacationrentals.com/	matt@tripvacationrentals.com		https://www.instagram.com/tripvacationrentals/	https://www.facebook.com/tripvacationrentals/		https://tripvacationrentals.com/styles.css?v=1754390382				High	Verified	https://explore.overturemaps.org/#id=966f4f62-0a45-434e-8af7-7afb30f83aeb; https://www.tripvacationrentals.com/	Public Overture site+email; zero-HTTP V6 cheap-screen. Final MASTER dedupe/QA required.				overture:966f4f62-0a45-434e-8af7-7afb30f83aeb	tripvacationrentals.com	12506507453	trip vacation rentals	Courtenay	Canada	HIGH	domain:tripvacationrentals.com
	A	91	Lago Vista	USA	North Shore Vacation Rentals		real_estate_service	3404 American Dr	+15122674887								overture:7d57bd48-426d-4405-a306-321e149ef2d1	2026-08-15T00:53:59.669877Z		Canonical queue drain | fit A | GitHub MASTER dedupe passed	http://theislandonlaketravis.com/	contact@theislandonlaketravis.com	https://www.theislandonlaketravis.com/contact-us/		https://www.facebook.com/NSVRentals/		https://www.theislandonlaketravis.com/book-unit-now/				High	Verified	https://explore.overturemaps.org/#id=7d57bd48-426d-4405-a306-321e149ef2d1	Public Overture site+email; zero-HTTP V6 cheap-screen. Final MASTER dedupe/QA required.				overture:7d57bd48-426d-4405-a306-321e149ef2d1	theislandonlaketravis.com	15122674887	north shore vacation rentals	Lago Vista	USA	HIGH	domain:theislandonlaketravis.com
	A	91	San Diego	USA	San Diego Vacation Rentals		holiday_rental_home	4150 Mission Blvd	+16192961000								overture:3b6e6e9b-1289-47bc-b601-d7bbe237e995	2026-08-15T00:53:59.669877Z		Canonical queue drain | fit A | GitHub MASTER dedupe passed	http://www.sdvr.com/	info@sdvr.com	https://www.sdvr.com/contact-us		https://www.facebook.com/sdvrcom/		https://www.sdvr.com/rentals/oceanfront-villa-compound				High	Verified	https://explore.overturemaps.org/#id=3b6e6e9b-1289-47bc-b601-d7bbe237e995	Public Overture site+email; zero-HTTP V6 cheap-screen. Final MASTER dedupe/QA required.				overture:3b6e6e9b-1289-47bc-b601-d7bbe237e995	sdvr.com	16192961000	san diego vacation rentals	San Diego	USA	HIGH	domain:sdvr.com
	A	91	Indio	USA	Gariki Mot Vacation Rentals		holiday_rental_home		+17077777711								overture:979391da-c555-4a1c-bbf6-c457b8df6619	2026-08-15T00:53:59.669877Z		Canonical queue drain | fit A | GitHub MASTER dedupe passed	http://www.palmspringsvacationhouserentals.com/	teralagoestates@gmail.com		https://www.instagram.com/gariki_mot/	https://www.facebook.com/profile.php/		https://palmspringsvacationhouserentals.com/xmlrpc.php?rsd				High	Verified	https://explore.overturemaps.org/#id=979391da-c555-4a1c-bbf6-c457b8df6619; http://palmspringsvacationhouserentals.com/	Public Overture site+email; zero-HTTP V6 cheap-screen. Final MASTER dedupe/QA required.				overture:979391da-c555-4a1c-bbf6-c457b8df6619	palmspringsvacationhouserentals.com	17077777711	gariki mot vacation rentals	Indio	USA	HIGH	domain:palmspringsvacationhouserentals.com
	A	91	Marina del Rey	USA	Mexico Villa Rentals		holiday_rental_home	13199 Mindanao Way	+13108232367								overture:47538c52-0a92-426e-ad76-8d1efe1b4af2	2026-08-15T00:53:59.669877Z		Canonical queue drain | fit A | GitHub MASTER dedupe passed	http://www.mexicovillarentals.com/	info@mexicovillarentals.com	https://mexicovillarentals.com/contact.html		https://www.facebook.com/mexicovillarentals/		https://www.mexicovillarentals.com/manzanillo.html				High	Verified	https://explore.overturemaps.org/#id=47538c52-0a92-426e-ad76-8d1efe1b4af2	Public Overture site+email; zero-HTTP V6 cheap-screen. Final MASTER dedupe/QA required.				overture:47538c52-0a92-426e-ad76-8d1efe1b4af2	mexicovillarentals.com	13108232367	mexico villa rentals	Marina del Rey	USA	HIGH	domain:mexicovillarentals.com
	A	91	Los Angeles	USA	Living The Dream - Luxury Private Villa Rentals in Beverly Hills, Los Angeles & Malibu		holiday_rental_home	8201 Beverly Blvd	+13235532828								overture:43b2e269-da92-4e57-8fde-6b6af0d94f50	2026-08-15T00:53:59.669877Z		Canonical queue drain | fit A | GitHub MASTER dedupe passed	http://www.livingthedream.com/	info@livingthedream.com		https://www.instagram.com/livingthedream/	https://www.facebook.com/Living-The-Dream-1987406964720357/		https://livingthedream.com/properties/rentals				High	Verified	https://explore.overturemaps.org/#id=43b2e269-da92-4e57-8fde-6b6af0d94f50; https://livingthedream.com/	Public Overture site+email; zero-HTTP V6 cheap-screen. Final MASTER dedupe/QA required.				overture:43b2e269-da92-4e57-8fde-6b6af0d94f50	livingthedream.com	13235532828	living the dream luxury private villa rentals in beverly hills los angeles malibu	Los Angeles	USA	HIGH	domain:livingthedream.com
	A	91	Borrego Springs	USA	Borrego Holiday Homes		rv_park	351 Palm Canyon Dr	+17607673285								overture:f40da28a-e319-44a0-b5a3-3e326980b55d	2026-08-15T00:53:59.669877Z		Canonical queue drain | fit A | GitHub MASTER dedupe passed	https://borregoholidayhome.com/	borregoholidayhome@gmail.com	https://borregoholidayhome.com/contact-2/		https://www.facebook.com/Borrego-Holiday-Homes-118548208525672/		https://borregoholidayhome.com/2024/12/18/why-arizona-rv-owners-love-borrego-springs-borrego-holiday-homes/				High	Verified	https://explore.overturemaps.org/#id=f40da28a-e319-44a0-b5a3-3e326980b55d	Public Overture site+email; zero-HTTP V6 cheap-screen. Final MASTER dedupe/QA required.				overture:f40da28a-e319-44a0-b5a3-3e326980b55d	borregoholidayhome.com	17607673285	borrego holiday homes	Borrego Springs	USA	HIGH	domain:borregoholidayhome.com
	A	91	Metchosin	Canada	Metchosin House by BC Island Vacation Homes		hotel	5097 William Head Rd	+12506425566								overture:8800b71c-c112-4b57-b1fb-1c3d13ed31f3	2026-08-15T00:53:59.669877Z		Canonical queue drain | fit A | GitHub MASTER dedupe passed	http://bcislandvacationhomes.com	mail@bcislandvacationhomes.com	https://bcislandvacationhomes.com/about/		https://www.facebook.com/pages/Island-Vacation-Homes-Ltd/287581688406/		https://bcislandvacationhomes.com/all-properties/				High	Verified	https://explore.overturemaps.org/#id=8800b71c-c112-4b57-b1fb-1c3d13ed31f3	Public Overture site+email; zero-HTTP V6 cheap-screen. Final MASTER dedupe/QA required.				overture:8800b71c-c112-4b57-b1fb-1c3d13ed31f3	bcislandvacationhomes.com	12506425566	metchosin house by bc island vacation homes	Metchosin	Canada	HIGH	domain:bcislandvacationhomes.com
	A	91	Whistler	Canada	Acer Vacation Rentals Ltd.		holiday_rental_home	4905 Spearhead Pl	+18774897669								overture:93a086bb-c2e2-43dd-9dcf-980b6c7474a8	2026-08-15T00:53:59.669877Z		Canonical queue drain | fit A | GitHub MASTER dedupe passed	https://WWW.ACERVACATIONS.COM/	info@acervacations.com	https://WWW.ACERVACATIONS.COM/contact		https://www.facebook.com/acervacations/		https://WWW.ACERVACATIONS.COM/accommodations				High	Verified	https://explore.overturemaps.org/#id=93a086bb-c2e2-43dd-9dcf-980b6c7474a8	Public Overture site+email; zero-HTTP V6 cheap-screen. Final MASTER dedupe/QA required.				overture:93a086bb-c2e2-43dd-9dcf-980b6c7474a8	acervacations.com	18774897669	acer vacation rentals ltd	Whistler	Canada	HIGH	domain:acervacations.com
	A	91	Southampton	United Kingdom	Southampton Serviced Apartments		service_apartment	136 Bassett Avenue	+447796147369								overture:aec947ef-8aa8-4909-a645-2cf02a0a0409	2026-08-15T00:45:42.545149Z		Canonical queue drain | fit A | GitHub MASTER dedupe passed	http://www.southamptonservicedapartments.co.uk/	heywoodhomesltd@gmail.com	https://www.southamptonservicedapartments.co.uk/contact/		https://www.facebook.com/pages/Heywood-Homes-UK-Ltd-Luxury-Serviced-Apartments/125561270890319/		https://www.southamptonservicedapartments.co.uk/feed/				Medium	Recall-first	https://explore.overturemaps.org/#id=aec947ef-8aa8-4909-a645-2cf02a0a0409	Public Overture site+email; zero-HTTP V6 cheap-screen. Final MASTER dedupe/QA required.				overture:aec947ef-8aa8-4909-a645-2cf02a0a0409	southamptonservicedapartments.co.uk	447796147369	southampton serviced apartments	Southampton	United Kingdom	MEDIUM	domain:southamptonservicedapartments.co.uk
	A	91	Welch	USA	Welch Village Ski and Snowboard Area		ski_resort	26685 County 7 Blvd	+16512584567								overture:3aa39da1-a6b1-454d-a059-facbba3695d0	2026-08-15T00:45:42.545149Z		Canonical queue drain | fit A | GitHub MASTER dedupe passed	http://www.welchvillage.com/	info@welchvillage.com		https://www.instagram.com/welchvillage/	https://www.facebook.com/welchvillage/		https://www.welchvillage.com/rentals.cfm				High	Verified	https://explore.overturemaps.org/#id=3aa39da1-a6b1-454d-a059-facbba3695d0; https://www.welchvillage.com/index.cfm	Public Overture site+email; zero-HTTP V6 cheap-screen. Final MASTER dedupe/QA required.				overture:3aa39da1-a6b1-454d-a059-facbba3695d0	welchvillage.com	16512584567	welch village ski and snowboard area	Welch	USA	HIGH	domain:welchvillage.com
	A	91	Tellico Plains	USA	Tellico Log Cabins		cabin	170 Rafter Rd	+14232536218								overture:b6272b81-5ffb-49b2-b20b-518f88ac6ee7	2026-08-15T00:45:42.545149Z		Canonical queue drain | fit A | GitHub MASTER dedupe passed	http://tellicologcabins.com/	reservations@tellicologcabins.com	https://www.tellicologcabins.com/home/about-us/		https://www.facebook.com/profile.php/		https://www.tellicologcabins.com/rental/group-vacation-rentals/				High	Verified	https://explore.overturemaps.org/#id=b6272b81-5ffb-49b2-b20b-518f88ac6ee7	Public Overture site+email; zero-HTTP V6 cheap-screen. Final MASTER dedupe/QA required.				overture:b6272b81-5ffb-49b2-b20b-518f88ac6ee7	tellicologcabins.com	14232536218	tellico log cabins	Tellico Plains	USA	HIGH	domain:tellicologcabins.com
	A	91	Stoke Sub Hamdon	United Kingdom	Spaniel Cottage holiday home		hotel	27 Castle Street	+447384467567								overture:8bde518f-5021-46e8-8e3c-27fbf153fc4a	2026-08-15T00:45:42.545149Z		Canonical queue drain | fit A | GitHub MASTER dedupe passed	https://www.spanielcottage.com/	spanielcottage@gmail.com	https://www.spanielcottage.com/contact		https://www.facebook.com/Spanielcottageholidaycottage/		https://www.spanielcottage.com/bookings-and-availability				High	Verified	https://explore.overturemaps.org/#id=8bde518f-5021-46e8-8e3c-27fbf153fc4a	Public Overture site+email; zero-HTTP V6 cheap-screen. Final MASTER dedupe/QA required.				overture:8bde518f-5021-46e8-8e3c-27fbf153fc4a	spanielcottage.com	447384467567	spaniel cottage holiday home	Stoke Sub Hamdon	United Kingdom	HIGH	domain:spanielcottage.com
	A	91	Frinton-on-Sea	United Kingdom	Sea View Cottage - Holiday Home		hotel	119 Hadleigh Road	+447958464048								overture:fcc314b9-0371-4b57-ba6f-6bc297ddd77b	2026-08-15T00:45:42.545149Z		Canonical queue drain | fit A | GitHub MASTER dedupe passed	http://www.seaviewcottagefrinton.co.uk/blog	hello@seaviewcottagefrinton.co.uk	https://www.seaviewcottagefrinton.co.uk/post/10-things-guests-love-about-sea-view-cottage-frinton-on-sea	https://www.instagram.com/sea_view_cottage/	https://www.facebook.com/seaviewcottagefrinton/						High	Verified	https://explore.overturemaps.org/#id=fcc314b9-0371-4b57-ba6f-6bc297ddd77b; https://www.seaviewcottagefrinton.co.uk/blog	Public Overture site+email; zero-HTTP V6 cheap-screen. Final MASTER dedupe/QA required.				overture:fcc314b9-0371-4b57-ba6f-6bc297ddd77b	seaviewcottagefrinton.co.uk	447958464048	sea view cottage holiday home	Frinton-on-Sea	United Kingdom	HIGH	domain:seaviewcottagefrinton.co.uk
	A	91	Weybridge	United Kingdom	Principal		property_management	314, 15 Church St	+447814704161								overture:3ef61246-a17d-44c4-8b1e-9c5bd63b6552	2026-08-15T00:45:42.545149Z		Canonical queue drain | fit A | GitHub MASTER dedupe passed	http://www.principalpropertymanagement.co.uk/	enquiries@principalpropertymanagement.co.uk	https://principalpropertymanagement.co.uk/aboutus	https://www.instagram.com/principalpropertymanagement/	https://www.facebook.com/Principal-Property-Management-116070656928037/						Medium	Recall-first	https://explore.overturemaps.org/#id=3ef61246-a17d-44c4-8b1e-9c5bd63b6552; https://principalpropertymanagement.co.uk/	Public Overture site+email; zero-HTTP V6 cheap-screen. Final MASTER dedupe/QA required.				overture:3ef61246-a17d-44c4-8b1e-9c5bd63b6552	principalpropertymanagement.co.uk	447814704161	principal	Weybridge	United Kingdom	MEDIUM	domain:principalpropertymanagement.co.uk
	A	91	Rimswell	United Kingdom	JW Holiday Home Services		property_management	Unit 20, Waxholme Trading Park	+441482488651								overture:02024a51-52b5-43bc-8c7f-ea6648b66c7a	2026-08-15T00:45:42.545149Z		Canonical queue drain | fit A | GitHub MASTER dedupe passed	http://www.jwholidayhomeservices.co.uk/	jwholidayhomeservices@outlook.com			https://www.facebook.com/jwholidayhomeservices/	https://wa.me/01482705358	https://www.jwholidayhomeservices.co.uk/feed/atom				High	Verified	https://explore.overturemaps.org/#id=02024a51-52b5-43bc-8c7f-ea6648b66c7a	Public Overture site+email; zero-HTTP V6 cheap-screen. Final MASTER dedupe/QA required.				overture:02024a51-52b5-43bc-8c7f-ea6648b66c7a	jwholidayhomeservices.co.uk	441482488651	jw holiday home services	Rimswell	United Kingdom	HIGH	domain:jwholidayhomeservices.co.uk
	A	91	Cedar Rapids	USA	Heritage Associates		property_management	313 3rd Ave SE	+13193653610								overture:7e4dad62-938e-4e45-be5e-ff91c832ce1d	2026-08-15T00:45:42.545149Z		Canonical queue drain | fit A | GitHub MASTER dedupe passed	http://www.heritage-associates.com/	hpm@heritage-associates.com	https://www.heritage-associates.com/about-us-contact-info.html		https://www.facebook.com/pages/Heritage-Property-Management/158897444191803/		https://www.heritage-associates.com/apartments-home-rentals-sales_section.html				High	Verified	https://explore.overturemaps.org/#id=7e4dad62-938e-4e45-be5e-ff91c832ce1d	Public Overture site+email; zero-HTTP V6 cheap-screen. Final MASTER dedupe/QA required.				overture:7e4dad62-938e-4e45-be5e-ff91c832ce1d	heritage-associates.com	13193653610	heritage associates	Cedar Rapids	USA	HIGH	domain:heritage-associates.com
	A	91	Eastbourne	United Kingdom	Lock and Quay		holiday_rental_home	Sovereign Harbour	+441323406090								overture:95bca644-d7f8-47cf-9724-70f8f8455835	2026-08-15T00:45:42.545149Z		Canonical queue drain | fit A | GitHub MASTER dedupe passed	https://www.exclusivelyeastbourne.co.uk/holiday-homes/lock-and-quay-sovereign-harbour-lets/	info@exclusivelyeastbourne.co.uk	https://www.exclusivelyeastbourne.co.uk/about-us/		https://www.facebook.com/ExclusivelyEastbourne/		https://www.exclusivelyeastbourne.co.uk/short-term-accommodation-eastbourne/				High	Verified	https://explore.overturemaps.org/#id=95bca644-d7f8-47cf-9724-70f8f8455835	Public Overture site+email; zero-HTTP V6 cheap-screen. Final MASTER dedupe/QA required.				overture:95bca644-d7f8-47cf-9724-70f8f8455835	exclusivelyeastbourne.co.uk	441323406090	lock and quay	Eastbourne	United Kingdom	HIGH	domain:exclusivelyeastbourne.co.uk
	A	91	Christchurch	United Kingdom	Orchid 9 - holiday home available to rent		holiday_rental_home	Hoburne Ln	+447399477425								overture:aad70ead-9d7b-4feb-9351-8376332dbabb	2026-08-15T00:45:42.545149Z		Canonical queue drain | fit A | GitHub MASTER dedupe passed	https://www.directholidayhomes.co.uk/dorset/hoburne_park/8715	stevebratt68@gmail.com	https://www.directholidayhomes.co.uk/about		https://www.facebook.com/directholidayhomes.co.uk/		https://www.directholidayhomes.co.uk/uk				High	Verified	https://explore.overturemaps.org/#id=aad70ead-9d7b-4feb-9351-8376332dbabb	Public Overture site+email; zero-HTTP V6 cheap-screen. Final MASTER dedupe/QA required.				overture:aad70ead-9d7b-4feb-9351-8376332dbabb	directholidayhomes.co.uk	447399477425	orchid 9 holiday home available to rent	Christchurch	United Kingdom	HIGH	domain:directholidayhomes.co.uk
	A	91	Cambridge	United Kingdom	Camstay Serviced Apartments		hotel	31 Longworth Avenue	+441223269200								overture:433ae40f-bd60-456c-a9c2-f821d38088f9	2026-08-15T00:45:42.545149Z		Canonical queue drain | fit A | GitHub MASTER dedupe passed	https://www.camstay.com/	info@camstay.com	https://camstay.com/en/1809269/contact-us		https://www.facebook.com/camstay/		https://camstay.com/en/1296592/properties/?adults=1&children=0&infants=0&pets=0				High	Verified	https://explore.overturemaps.org/#id=433ae40f-bd60-456c-a9c2-f821d38088f9	Public Overture site+email; zero-HTTP V6 cheap-screen. Final MASTER dedupe/QA required.				overture:433ae40f-bd60-456c-a9c2-f821d38088f9	camstay.com	441223269200	camstay serviced apartments	Cambridge	United Kingdom	HIGH	domain:camstay.com
	A	91	Gloucester	United Kingdom	Pro Services Property Management		property_management	53 Dunster Close	+441452417500								overture:655268e3-82cd-44bb-a6d6-57216e797448	2026-08-15T00:45:42.545149Z		Canonical queue drain | fit A | GitHub MASTER dedupe passed	http://www.pro-services.co.uk/	lettings@pro-services.co.uk	https://pro-services.co.uk/about/		https://www.facebook.com/pages/Pro-Services-Lettings-Maintenance/819893241379934/		https://pro-services.co.uk/wp-content/plugins/custom-facebook-feed/assets/css/cff-style.min.css?ver=4.10.0				Medium	Recall-first	https://explore.overturemaps.org/#id=655268e3-82cd-44bb-a6d6-57216e797448	Public Overture site+email; zero-HTTP V6 cheap-screen. Final MASTER dedupe/QA required.				overture:655268e3-82cd-44bb-a6d6-57216e797448	pro-services.co.uk	441452417500	pro services property management	Gloucester	United Kingdom	MEDIUM	domain:pro-services.co.uk
	A	91	Tunbridge Wells	United Kingdom	Pembroke Property Management		property_management	Foundation House Coach & Horses Passage	+443333442100								overture:9c9c3a99-146c-4fbc-a22d-90cc3b9fc3eb	2026-08-15T00:45:42.545149Z		Canonical queue drain | fit A | GitHub MASTER dedupe passed	http://www.pembrokepm.co.uk/	info@pembrokepm.co.uk	https://www.pembrokepm.co.uk/contact-us/solicitor-enquiry/		https://www.facebook.com/PembrokePM/		https://www.pembrokepm.co.uk/case-studies/bolnore-village/				High	Verified	https://explore.overturemaps.org/#id=9c9c3a99-146c-4fbc-a22d-90cc3b9fc3eb	Public Overture site+email; zero-HTTP V6 cheap-screen. Final MASTER dedupe/QA required.				overture:9c9c3a99-146c-4fbc-a22d-90cc3b9fc3eb	pembrokepm.co.uk	443333442100	pembroke property management	Tunbridge Wells	United Kingdom	HIGH	domain:pembrokepm.co.uk
	A	91	Bristol	United Kingdom	Miller Independent Property Management Ltd		property_management	43 Belluton Road	+447503580864								overture:93dfc123-e840-428e-b841-5035c7a8bc2c	2026-08-15T00:45:42.545149Z		Canonical queue drain | fit A | GitHub MASTER dedupe passed	http://www.milleripm.co.uk/	georgie@milleripm.co.uk	https://milleripm.co.uk/general-enquiries-contact-form/	https://www.instagram.com/miller_lettings/	https://www.facebook.com/profile.php/						High	Verified	https://explore.overturemaps.org/#id=93dfc123-e840-428e-b841-5035c7a8bc2c; https://milleripm.co.uk/	Public Overture site+email; zero-HTTP V6 cheap-screen. Final MASTER dedupe/QA required.				overture:93dfc123-e840-428e-b841-5035c7a8bc2c	milleripm.co.uk	447503580864	miller independent property management ltd	Bristol	United Kingdom	HIGH	domain:milleripm.co.uk
	A	91	Hitchin	United Kingdom	Green Door Property Management Services		property_management	3 Maiden Street	+441462510765								overture:fe045c96-ad74-4be3-86f9-aaf357965a30	2026-08-15T00:45:42.545149Z		Canonical queue drain | fit A | GitHub MASTER dedupe passed	https://www.greendoorpm.co.uk	info@greendoorpm.co.uk	http://www.greendoorpm.co.uk/about-us/	https://www.instagram.com/greendoor18/	https://www.facebook.com/greendoorproperty/						High	Verified	https://explore.overturemaps.org/#id=fe045c96-ad74-4be3-86f9-aaf357965a30; https://www.greendoorpm.co.uk/	Public Overture site+email; zero-HTTP V6 cheap-screen. Final MASTER dedupe/QA required.				overture:fe045c96-ad74-4be3-86f9-aaf357965a30	greendoorpm.co.uk	441462510765	green door property management services	Hitchin	United Kingdom	HIGH	domain:greendoorpm.co.uk
	A	91	Wisconsin Rapids	USA	Zurfluh Property Management, Inc.		property_management	711 Dale St	+17154241500								overture:953f8283-0d08-4180-bfc4-8719cee73319	2026-08-15T00:45:42.545149Z		Canonical queue drain | fit A | GitHub MASTER dedupe passed	http://www.zurfluhrealty.com/rent.php	propertymanager@zurfluhrealty.com	http://www.zurfluhrealty.com/contact.php		https://www.facebook.com/marketplace/108341582521365/propertyrentals/		http://www.zurfluhrealty.com/manufacturedhomes.php				High	Verified	https://explore.overturemaps.org/#id=953f8283-0d08-4180-bfc4-8719cee73319	Public Overture site+email; zero-HTTP V6 cheap-screen. Final MASTER dedupe/QA required.				overture:953f8283-0d08-4180-bfc4-8719cee73319	zurfluhrealty.com	17154241500	zurfluh property management inc	Wisconsin Rapids	USA	HIGH	domain:zurfluhrealty.com
	A	91	Janesville	USA	Walker Property Management		property_management	315 N Parker Dr	(608) 563-0013								overture:7ac260d6-ccad-4cf5-a4d8-b9b8850d1230	2026-08-15T00:45:42.545149Z		Canonical queue drain | fit A | GitHub MASTER dedupe passed	http://www.wpmrents.com	marianne@wpmrents.com	https://wpmrents.com/contact-us/		https://www.facebook.com/wpmrents/		https://wpmrents.com/featured-properties-vacation/				High	Verified	https://explore.overturemaps.org/#id=7ac260d6-ccad-4cf5-a4d8-b9b8850d1230	Public Overture site+email; zero-HTTP V6 cheap-screen. Final MASTER dedupe/QA required.				overture:7ac260d6-ccad-4cf5-a4d8-b9b8850d1230	wpmrents.com	6085630013	walker property management	Janesville	USA	HIGH	domain:wpmrents.com
	A	91	Mooresville	USA	Wishlist Property Management		property_management	131 Crosslake Park Dr	+17044489440								overture:e3e39937-dcf1-4cba-9086-25d5855de049	2026-08-15T00:45:42.545149Z		Canonical queue drain | fit A | GitHub MASTER dedupe passed	http://www.wishlistnc.com/	support@wishlistnc.com		https://www.instagram.com/wishlistvacationslkn/	https://www.facebook.com/wishlistnc/		https://www.wishlistnc.com/vacation-rentals/denver-nc				High	Verified	https://explore.overturemaps.org/#id=e3e39937-dcf1-4cba-9086-25d5855de049; https://www.wishlistnc.com/	Public Overture site+email; zero-HTTP V6 cheap-screen. Final MASTER dedupe/QA required.				overture:e3e39937-dcf1-4cba-9086-25d5855de049	wishlistnc.com	17044489440	wishlist property management	Mooresville	USA	HIGH	domain:wishlistnc.com
	A	91	Sevierville	USA	Volunteer Cabin Rentals		cabin	3781 Wears Valley Rd	+18654286450								overture:8f255109-97a4-4a81-9ee7-2f9a13eab5f7	2026-08-15T00:45:42.545149Z		Canonical queue drain | fit A | GitHub MASTER dedupe passed	http://www.volunteercabinrentals.com/	guestservices@volunteercabinrentals.com	https://volunteercabinrentals.com/contact-us.php		https://www.facebook.com/VolunteerCabinRentals/		https://volunteercabinrentals.com/wifi-cabins.php				High	Verified	https://explore.overturemaps.org/#id=8f255109-97a4-4a81-9ee7-2f9a13eab5f7	Public Overture site+email; zero-HTTP V6 cheap-screen. Final MASTER dedupe/QA required.				overture:8f255109-97a4-4a81-9ee7-2f9a13eab5f7	volunteercabinrentals.com	18654286450	volunteer cabin rentals	Sevierville	USA	HIGH	domain:volunteercabinrentals.com
	A	91	London	United Kingdom	Urang Property Management		property_management	196 New Kings Road	+442077518355								overture:cbd00287-c118-479e-9b51-844ab317a4ce	2026-08-15T00:45:42.545149Z		Canonical queue drain | fit A | GitHub MASTER dedupe passed	http://www.urang.co.uk/	reception@urang.co.uk	https://www.urang.co.uk/about	https://www.instagram.com/urangpropertymanagement/	https://www.facebook.com/UrangPMLtd/						High	Verified	https://explore.overturemaps.org/#id=cbd00287-c118-479e-9b51-844ab317a4ce; https://www.urang.co.uk/	Public Overture site+email; zero-HTTP V6 cheap-screen. Final MASTER dedupe/QA required.				overture:cbd00287-c118-479e-9b51-844ab317a4ce	urang.co.uk	442077518355	urang property management	London	United Kingdom	HIGH	domain:urang.co.uk
	A	91	Redding	USA	Tuscan Sun Property Management		property_management	1310 Continental St	+15306054110								overture:2bdabd70-a333-499f-8ff0-b782ec12d1d9	2026-08-15T00:45:42.545149Z		Canonical queue drain | fit A | GitHub MASTER dedupe passed	http://www.tuscansunredding.com/	tuscansunproperties@gmail.com	https://www.tuscansunredding.com/contact-us	https://www.instagram.com/tuscansunredding/	https://www.facebook.com/TuscanSunProperty/						High	Verified	https://explore.overturemaps.org/#id=2bdabd70-a333-499f-8ff0-b782ec12d1d9; https://www.tuscansunredding.com/	Public Overture site+email; zero-HTTP V6 cheap-screen. Final MASTER dedupe/QA required.				overture:2bdabd70-a333-499f-8ff0-b782ec12d1d9	tuscansunredding.com	15306054110	tuscan sun property management	Redding	USA	HIGH	domain:tuscansunredding.com
	A	91	Greenville	USA	Trinity Property Management LLC		property_management	44 Pine Knoll Dr	+18645343479								overture:c339e7e2-86e1-43e1-ab98-1b3d577eae63	2026-08-15T00:45:42.545149Z		Canonical queue drain | fit A | GitHub MASTER dedupe passed	https://trinitypmsc.com/	trinitypmllc@gmail.com	https://trinitypmsc.com/trinitypm-about-us.html		https://www.facebook.com/trinitypropertymgmt/		https://trinitypmsc.com/multi-family-apartment-rentals.html				High	Verified	https://explore.overturemaps.org/#id=c339e7e2-86e1-43e1-ab98-1b3d577eae63	Public Overture site+email; zero-HTTP V6 cheap-screen. Final MASTER dedupe/QA required.				overture:c339e7e2-86e1-43e1-ab98-1b3d577eae63	trinitypmsc.com	18645343479	trinity property management llc	Greenville	USA	HIGH	domain:trinitypmsc.com
	A	91	Vernal	USA	Tru Property Management		property_management	617 N Vernal Ave	+14352551134								overture:cd20c59f-5f42-43bb-b2dc-0f7d555daa9d	2026-08-15T00:45:42.545149Z		Canonical queue drain | fit A | GitHub MASTER dedupe passed	http://tpmuintah.com/	office@tpmuintah.com	https://www.tpmuintah.com/aboutus		https://www.facebook.com/trupropertymanagementuintah/		https://www.tpmuintah.com/rentals				High	Verified	https://explore.overturemaps.org/#id=cd20c59f-5f42-43bb-b2dc-0f7d555daa9d	Public Overture site+email; zero-HTTP V6 cheap-screen. Final MASTER dedupe/QA required.				overture:cd20c59f-5f42-43bb-b2dc-0f7d555daa9d	tpmuintah.com	14352551134	tru property management	Vernal	USA	HIGH	domain:tpmuintah.com
	A	91	Townsend	USA	Tipton's Cabin Rentals		cabin	528 Lawson Rd	+18654480935								overture:00649a29-9e6b-4d6e-8108-95b5a22f5e5a	2026-08-15T00:45:42.545149Z		Canonical queue drain | fit A | GitHub MASTER dedupe passed	http://www.tiptoncabins.com/	tipcabins@aol.com	https://www.tiptoncabins.com/about/		https://www.facebook.com/tiptoncabinrentals/		https://www.tiptoncabins.com/wp-content/themes/bookmarkit/style.css				High	Verified	https://explore.overturemaps.org/#id=00649a29-9e6b-4d6e-8108-95b5a22f5e5a	Public Overture site+email; zero-HTTP V6 cheap-screen. Final MASTER dedupe/QA required.				overture:00649a29-9e6b-4d6e-8108-95b5a22f5e5a	tiptoncabins.com	18654480935	tipton s cabin rentals	Townsend	USA	HIGH	domain:tiptoncabins.com
	A	91	Fortuna	USA	Six Rivers Property Management		property_management	755 12th St	+17077251094								overture:f0d3f778-a377-44ce-b3b8-59874724d7c0	2026-08-15T00:45:42.545149Z		Canonical queue drain | fit A | GitHub MASTER dedupe passed	http://www.six-rivers.com/	rentals@six-rivers.com		https://www.instagram.com/sixriverspropertymanagement/	https://www.facebook.com/sixriversprop/		https://www.six-rivers.com/or_srpm/parallax-template/rentals.php				High	Verified	https://explore.overturemaps.org/#id=f0d3f778-a377-44ce-b3b8-59874724d7c0; https://www.six-rivers.com/	Public Overture site+email; zero-HTTP V6 cheap-screen. Final MASTER dedupe/QA required.				overture:f0d3f778-a377-44ce-b3b8-59874724d7c0	six-rivers.com	17077251094	six rivers property management	Fortuna	USA	HIGH	domain:six-rivers.com
	A	91	Colchester	United Kingdom	Sapphire Property Management		property_management	Sapphire House, Whitehall Rd	+441206593130								overture:846e65ba-aef6-4c06-a271-89d6b8c99e64	2026-08-15T00:45:42.545149Z		Canonical queue drain | fit A | GitHub MASTER dedupe passed	https://sapphirepm.co.uk/	info@sapphirepm.co.uk	https://sapphirepm.co.uk/about/		https://www.facebook.com/SapphirePropertyManagement/		https://sapphirepm.co.uk/portfolio/				High	Verified	https://explore.overturemaps.org/#id=846e65ba-aef6-4c06-a271-89d6b8c99e64	Public Overture site+email; zero-HTTP V6 cheap-screen. Final MASTER dedupe/QA required.				overture:846e65ba-aef6-4c06-a271-89d6b8c99e64	sapphirepm.co.uk	441206593130	sapphire property management	Colchester	United Kingdom	HIGH	domain:sapphirepm.co.uk
	A	91	Altoona	USA	Riverbend Rentals & Property Management		property_management	2620 Fairway Dr	+17152254200								overture:3c9900fb-cca7-41d5-90a4-659e0aac807a	2026-08-15T00:45:42.545149Z		Canonical queue drain | fit A | GitHub MASTER dedupe passed	http://www.riverbendpm.com/	admin@riverbendpm.com	https://www.riverbendpm.com/contact-us		https://www.facebook.com/riverbendpm/		https://www.riverbendpm.com/furnished-suites				High	Verified	https://explore.overturemaps.org/#id=3c9900fb-cca7-41d5-90a4-659e0aac807a	Public Overture site+email; zero-HTTP V6 cheap-screen. Final MASTER dedupe/QA required.				overture:3c9900fb-cca7-41d5-90a4-659e0aac807a	riverbendpm.com	17152254200	riverbend rentals property management	Altoona	USA	HIGH	domain:riverbendpm.com
	A	91	Winona	USA	Winona Property Management		property_management	63 W 3rd St	+15074539275								overture:4f3a5bb2-16a8-4ef8-89b2-0c4ea3c96aab	2026-08-15T00:45:42.545149Z		Canonical queue drain | fit A | GitHub MASTER dedupe passed	http://www.rentwinonapm.com/	michellearealtor@gmail.com	https://www.rentwinonapm.com/contact-us		https://www.facebook.com/wix/		https://www.rentwinonapm.com/one-bedrooms				Medium	Recall-first	https://explore.overturemaps.org/#id=4f3a5bb2-16a8-4ef8-89b2-0c4ea3c96aab	Public Overture site+email; zero-HTTP V6 cheap-screen. Final MASTER dedupe/QA required.				overture:4f3a5bb2-16a8-4ef8-89b2-0c4ea3c96aab	rentwinonapm.com	15074539275	winona property management	Winona	USA	MEDIUM	domain:rentwinonapm.com
	A	91	Fort Mill	USA	Tailored Homes Property Management		property_management	885 Gold Hill Rd	+18036190080								overture:d0c2a9fb-fadd-4dfd-9f09-96738a4b50e1	2026-08-15T00:45:42.545149Z		Canonical queue drain | fit A | GitHub MASTER dedupe passed	http://www.RentTailored.com/	info@renttailored.com	http://www.RentTailored.com/about	https://www.instagram.com/renttailored/			http://www.RentTailored.com/york-homes-for-rent				High	Verified	https://explore.overturemaps.org/#id=d0c2a9fb-fadd-4dfd-9f09-96738a4b50e1; http://www.renttailored.com/	Public Overture site+email; zero-HTTP V6 cheap-screen. Final MASTER dedupe/QA required.				overture:d0c2a9fb-fadd-4dfd-9f09-96738a4b50e1	renttailored.com	18036190080	tailored homes property management	Fort Mill	USA	HIGH	domain:renttailored.com
	A	91	London	United Kingdom	Reka Property Management		property_management	5 Clerkenwell Road	+442036339356								overture:07143eed-2fff-495b-8843-4fb71644d1b0	2026-08-15T00:45:42.545149Z		Canonical queue drain | fit A | GitHub MASTER dedupe passed	http://rekaproperty.co.uk/	lettings@rekaproperty.co.uk	https://rekaproperty.co.uk/contact-us/		https://www.facebook.com/rekapropertyltd/		https://rekaproperty.co.uk/properties/rooms-to-rent-in-highbury/				High	Verified	https://explore.overturemaps.org/#id=07143eed-2fff-495b-8843-4fb71644d1b0	Public Overture site+email; zero-HTTP V6 cheap-screen. Final MASTER dedupe/QA required.				overture:07143eed-2fff-495b-8843-4fb71644d1b0	rekaproperty.co.uk	442036339356	reka property management	London	United Kingdom	HIGH	domain:rekaproperty.co.uk
	A	91	Bristol	United Kingdom	React Property Management and Lettings		property_management	124f Bromley Heath Road	+441179568551								overture:f7601b66-0772-45ef-ad3e-2eee76be7303	2026-08-15T00:45:42.545149Z		Canonical queue drain | fit A | GitHub MASTER dedupe passed	https://reactproperty.co.uk/	info@reactproperty.co.uk	https://reactproperty.co.uk/about-us/			https://wa.me/447493342410	https://reactproperty.co.uk/properties				High	Verified	https://explore.overturemaps.org/#id=f7601b66-0772-45ef-ad3e-2eee76be7303	Public Overture site+email; zero-HTTP V6 cheap-screen. Final MASTER dedupe/QA required.				overture:f7601b66-0772-45ef-ad3e-2eee76be7303	reactproperty.co.uk	441179568551	react property management and lettings	Bristol	United Kingdom	HIGH	domain:reactproperty.co.uk
	A	91	London	United Kingdom	Prudential Property Management		property_management	124 City Road	+442039293459								overture:00aca634-d13f-4ba8-b095-eef53b98f492	2026-08-15T00:45:42.545149Z		Canonical queue drain | fit A | GitHub MASTER dedupe passed	http://www.prudentialpromanagement.co.uk/	info@prudentialpromanagement.co.uk	https://prudentialpromanagement.co.uk/get-in-touch	https://www.instagram.com/prudentialpromanagement/	https://www.facebook.com/prudentialpromanagment/						Medium	Recall-first	https://explore.overturemaps.org/#id=00aca634-d13f-4ba8-b095-eef53b98f492; https://prudentialpromanagement.co.uk/	Public Overture site+email; zero-HTTP V6 cheap-screen. Final MASTER dedupe/QA required.				overture:00aca634-d13f-4ba8-b095-eef53b98f492	prudentialpromanagement.co.uk	442039293459	prudential property management	London	United Kingdom	MEDIUM	domain:prudentialpromanagement.co.uk
	A	91	Inverurie	United Kingdom	PMC Property Management and Lettings		property_management	PMC House, Little Square	+441651873838								overture:dfc5888f-d4f5-4e2e-af3d-368c9a2cb432	2026-08-15T00:45:42.545149Z		Canonical queue drain | fit A | GitHub MASTER dedupe passed	https://www.pmcproperty.com/	customerservices@pmcproperty.com	https://www.pmcproperty.com/contact-us	https://www.instagram.com/pmcpropertyco/	https://www.facebook.com/pmcpropertyco/						Medium	Recall-first	https://explore.overturemaps.org/#id=dfc5888f-d4f5-4e2e-af3d-368c9a2cb432; https://www.pmcproperty.com/	Public Overture site+email; zero-HTTP V6 cheap-screen. Final MASTER dedupe/QA required.				overture:dfc5888f-d4f5-4e2e-af3d-368c9a2cb432	pmcproperty.com	441651873838	pmc property management and lettings	Inverurie	United Kingdom	MEDIUM	domain:pmcproperty.com
	A	91	Anderson	USA	Places & Spaces Property Management		property_management	2326 Balls Ferry Rd	+15302265300								overture:cb683ace-8acb-460d-a344-2b0c8fb82282	2026-08-15T00:45:42.545149Z		Canonical queue drain | fit A | GitHub MASTER dedupe passed	http://www.placesandspaces.net/	hello@placesandspaces.net	https://www.placesandspaces.net/about-us	https://www.instagram.com/places_and_spaces_pm/	https://www.facebook.com/placesandspacespropertymanagement/						High	Verified	https://explore.overturemaps.org/#id=cb683ace-8acb-460d-a344-2b0c8fb82282; https://www.placesandspaces.net/	Public Overture site+email; zero-HTTP V6 cheap-screen. Final MASTER dedupe/QA required.				overture:cb683ace-8acb-460d-a344-2b0c8fb82282	placesandspaces.net	15302265300	places spaces property management	Anderson	USA	HIGH	domain:placesandspaces.net
	A	91	Gatlinburg	USA	Parkside Cabin Rentals		cabin	122 Parkway	+18654365053								overture:becf2a84-6acd-44fc-8de6-34f5ab69196a	2026-08-15T00:45:42.545149Z		Canonical queue drain | fit A | GitHub MASTER dedupe passed	https://www.parksidecabinrentals.com/	reservations@parksidecabinrentals.com	https://www.parksidecabinrentals.com/contact-us/		https://www.facebook.com/ParksideCabinRentals/		https://www.parksidecabinrentals.com/cabin-rentals/2-bedroom-cabins/				High	Verified	https://explore.overturemaps.org/#id=becf2a84-6acd-44fc-8de6-34f5ab69196a	Public Overture site+email; zero-HTTP V6 cheap-screen. Final MASTER dedupe/QA required.				overture:becf2a84-6acd-44fc-8de6-34f5ab69196a	parksidecabinrentals.com	18654365053	parkside cabin rentals	Gatlinburg	USA	HIGH	domain:parksidecabinrentals.com
	A	91	Birmingham	United Kingdom	NMZ Property Management & Investments Ltd		property_management	Suite 4, Aston Cross Business Park, Rocky Ln	+441216380386								overture:65432a2b-7138-4cdc-b1b4-613ddc037509	2026-08-15T00:45:42.545149Z		Canonical queue drain | fit A | GitHub MASTER dedupe passed	http://www.nmzproperty.com/	nav@nmzproperty.com	http://www.nmzproperty.com/	https://www.instagram.com/nmzproperty/			http://www.nmzproperty.com/shared-accommodation.html				High	Verified	https://explore.overturemaps.org/#id=65432a2b-7138-4cdc-b1b4-613ddc037509; http://www.nmzproperty.com/	Public Overture site+email; zero-HTTP V6 cheap-screen. Final MASTER dedupe/QA required.				overture:65432a2b-7138-4cdc-b1b4-613ddc037509	nmzproperty.com	441216380386	nmz property management investments ltd	Birmingham	United Kingdom	HIGH	domain:nmzproperty.com
	A	91	Knoxville	USA	NBS Property Management		property_management	6408 Clinton Hwy	+18653472729								overture:c4d77bc6-636f-47ee-ab28-34b96d4bd167	2026-08-15T00:45:42.545149Z		Canonical queue drain | fit A | GitHub MASTER dedupe passed	https://nbspropertymanagement.com/	nbs@nbspropertymanagement.com	https://www.nbspropertymanagement.com/about-us		https://www.facebook.com/profile.php/		https://www.nbspropertymanagement.com/our-properties				High	Verified	https://explore.overturemaps.org/#id=c4d77bc6-636f-47ee-ab28-34b96d4bd167	Public Overture site+email; zero-HTTP V6 cheap-screen. Final MASTER dedupe/QA required.				overture:c4d77bc6-636f-47ee-ab28-34b96d4bd167	nbspropertymanagement.com	18653472729	nbs property management	Knoxville	USA	HIGH	domain:nbspropertymanagement.com
	A	91	Pigeon Forge	USA	Heritage Cabin Rentals		cabin	2740 Florence Dr	+18779783410								overture:c32947a7-39fc-473e-9cca-e8282c12047d	2026-08-15T00:45:42.545149Z		Canonical queue drain | fit A | GitHub MASTER dedupe passed	https://myheritagecabin.com/	info@myheritagecabin.com	https://myheritagecabin.com/contact-us/		https://www.facebook.com/myheritagecabin/		https://myheritagecabin.com/properties/1-bedroom-cabins/				High	Verified	https://explore.overturemaps.org/#id=c32947a7-39fc-473e-9cca-e8282c12047d	Public Overture site+email; zero-HTTP V6 cheap-screen. Final MASTER dedupe/QA required.				overture:c32947a7-39fc-473e-9cca-e8282c12047d	myheritagecabin.com	18779783410	heritage cabin rentals	Pigeon Forge	USA	HIGH	domain:myheritagecabin.com
	A	91	Blue Ridge	USA	My Cabin Rentals		cabin	649 E Main St	+17062588006								overture:89589f69-be56-4517-97bb-fcf1a2e39694	2026-08-15T00:45:42.545149Z		Canonical queue drain | fit A | GitHub MASTER dedupe passed	https://www.mycabinrentals.net/	reservations@mycabinrentals.net	https://www.mycabinrentals.net/about-us		https://www.facebook.com/profile.php/		https://www.mycabinrentals.net/cabin-rentals				High	Verified	https://explore.overturemaps.org/#id=89589f69-be56-4517-97bb-fcf1a2e39694	Public Overture site+email; zero-HTTP V6 cheap-screen. Final MASTER dedupe/QA required.				overture:89589f69-be56-4517-97bb-fcf1a2e39694	mycabinrentals.net	17062588006	my cabin rentals	Blue Ridge	USA	HIGH	domain:mycabinrentals.net
	A	91	Maggie Valley	USA	Maggie Valley Cabin Rentals		cabin	5 Tobacco Barn Rd	+18289440610								overture:c652e087-df83-426d-b07e-3294989015d0	2026-08-15T00:45:42.545149Z		Canonical queue drain | fit A | GitHub MASTER dedupe passed	https://www.mvyurtsandtinylogcabins.com/	maggievalleyyurtsandcabins@gmail.com		https://www.instagram.com/mvyurtsandcabins/	https://www.facebook.com/MVCabins/		https://mvyurtsandtinylogcabins.com/feed/				High	Verified	https://explore.overturemaps.org/#id=c652e087-df83-426d-b07e-3294989015d0; https://mvyurtsandtinylogcabins.com/	Public Overture site+email; zero-HTTP V6 cheap-screen. Final MASTER dedupe/QA required.				overture:c652e087-df83-426d-b07e-3294989015d0	mvyurtsandtinylogcabins.com	18289440610	maggie valley cabin rentals	Maggie Valley	USA	HIGH	domain:mvyurtsandtinylogcabins.com
	A	91	Sevierville	USA	Moving Mountains Property Management & Design		property_management	1713 Pittman Center Rd	+18652918477								overture:e2823e44-2b6f-40f1-a68d-42fdc893b251	2026-08-15T00:45:42.545149Z		Canonical queue drain | fit A | GitHub MASTER dedupe passed	http://movingmountains.vacations/	movingmountains920@gmail.com	https://movingmountains.vacations/about/		https://www.facebook.com/profile.php/		https://movingmountains.vacations/luxurious-cabins-and-condos-in-gatlinburg-tn/				High	Verified	https://explore.overturemaps.org/#id=e2823e44-2b6f-40f1-a68d-42fdc893b251	Public Overture site+email; zero-HTTP V6 cheap-screen. Final MASTER dedupe/QA required.				overture:e2823e44-2b6f-40f1-a68d-42fdc893b251	movingmountains.vacations	18652918477	moving mountains property management design	Sevierville	USA	HIGH	domain:movingmountains.vacations
	A	91	London	United Kingdom	MIH Property Management		property_management	9 St Thomas Street	+442036377968								overture:94da38b4-1aa0-49bc-b04d-8bb0d0b4d730	2026-08-15T00:45:42.545149Z		Canonical queue drain | fit A | GitHub MASTER dedupe passed	https://mihproperty.co.uk/	info@mihproperty.co.uk	https://mihproperty.co.uk/about-us	https://www.instagram.com/mihpropertymanagement/	https://www.facebook.com/MIHProperty/						Medium	Recall-first	https://explore.overturemaps.org/#id=94da38b4-1aa0-49bc-b04d-8bb0d0b4d730; https://mihproperty.co.uk/	Public Overture site+email; zero-HTTP V6 cheap-screen. Final MASTER dedupe/QA required.				overture:94da38b4-1aa0-49bc-b04d-8bb0d0b4d730	mihproperty.co.uk	442036377968	mih property management	London	United Kingdom	MEDIUM	domain:mihproperty.co.uk
	A	91	Fort Bragg	USA	Mendocino Coast Property Management		property_management	809 N Main St	+17079647777								overture:3b1bd709-d8b2-4820-b847-ac91c54fa4f5	2026-08-15T00:45:42.545149Z		Canonical queue drain | fit A | GitHub MASTER dedupe passed	http://www.mendocoastpm.com/	rentals@mendocoastpm.com	https://mendocoastpm.com/about-us/		https://www.facebook.com/PropertyManagementFortBraggCA/		https://mendocoastpm.com/rentals/				High	Verified	https://explore.overturemaps.org/#id=3b1bd709-d8b2-4820-b847-ac91c54fa4f5	Public Overture site+email; zero-HTTP V6 cheap-screen. Final MASTER dedupe/QA required.				overture:3b1bd709-d8b2-4820-b847-ac91c54fa4f5	mendocoastpm.com	17079647777	mendocino coast property management	Fort Bragg	USA	HIGH	domain:mendocoastpm.com
	A	91	McCloud	USA	McCloud Vacation Home		holiday_rental_home	424 Shasta Ave	+14155775198								overture:ba92fe43-02d1-4cde-b2d8-99658f008ffa	2026-08-15T00:45:42.545149Z		Canonical queue drain | fit A | GitHub MASTER dedupe passed	http://www.McCloudVacationHome.com/	reservations@mccloudvacationhome.com	https://mccloudvacationhome.com/wp-content/themes/resort-hotel-booking-pro/style.css?ver=7.0.4		https://www.facebook.com/McCloudVacation/		https://mccloudvacationhome.com/wp-content/themes/resort-hotel-booking-pro/style.css?ver=7.0.4				High	Verified	https://explore.overturemaps.org/#id=ba92fe43-02d1-4cde-b2d8-99658f008ffa	Public Overture site+email; zero-HTTP V6 cheap-screen. Final MASTER dedupe/QA required.				overture:ba92fe43-02d1-4cde-b2d8-99658f008ffa	mccloudvacationhome.com	14155775198	mccloud vacation home	McCloud	USA	HIGH	domain:mccloudvacationhome.com
	A	91	Mackinaw City	USA	Mackinac Lakefront Cabin Rentals		cabin	10346 W US-23	+12314365741								overture:6712e47f-6dca-49d0-94ff-5feb883b1c47	2026-08-15T00:45:42.545149Z		Canonical queue drain | fit A | GitHub MASTER dedupe passed	http://mackinaclakefrontcabinrentals.com/	office@mackinaclakefrontcabinrentals.com	https://mackinaclakefrontcabinrentals.com/contact.htm		https://www.facebook.com/mackinaclakefrontcabinrentals/		https://mackinaclakefrontcabinrentals.com/mackinac-cabins-photo-tour.htm				High	Verified	https://explore.overturemaps.org/#id=6712e47f-6dca-49d0-94ff-5feb883b1c47	Public Overture site+email; zero-HTTP V6 cheap-screen. Final MASTER dedupe/QA required.				overture:6712e47f-6dca-49d0-94ff-5feb883b1c47	mackinaclakefrontcabinrentals.com	12314365741	mackinac lakefront cabin rentals	Mackinaw City	USA	HIGH	domain:mackinaclakefrontcabinrentals.com
	A	91	Menomonie	USA	LSI Property Management		property_management	300 Wilson Ave W	+17152332081								overture:7565c076-0a43-4e15-a652-d55837ee3a37	2026-08-15T00:45:42.545149Z		Canonical queue drain | fit A | GitHub MASTER dedupe passed	http://www.LSImanagement.com/	liz@lsimanagement.com	https://lsimanagement.com/about-us/		https://www.facebook.com/LsiPropertyManagement/		https://lsimanagement.com/properties/				High	Verified	https://explore.overturemaps.org/#id=7565c076-0a43-4e15-a652-d55837ee3a37	Public Overture site+email; zero-HTTP V6 cheap-screen. Final MASTER dedupe/QA required.				overture:7565c076-0a43-4e15-a652-d55837ee3a37	lsimanagement.com	17152332081	lsi property management	Menomonie	USA	HIGH	domain:lsimanagement.com
	A	91	London	United Kingdom	Living London Property Management		property_management	Living London Property Management, 131 Putney Bridge Road	+442071014422								overture:e6600617-a85b-4c99-87eb-868064c36c3a	2026-08-15T00:45:42.545149Z		Canonical queue drain | fit A | GitHub MASTER dedupe passed	http://www.livinglondon.com/	hello@livinglondon.com	https://livinglondon.com/contact/	https://www.instagram.com/livinglondonproperty/	https://www.facebook.com/Living-London-1500430096872492/						Medium	Recall-first	https://explore.overturemaps.org/#id=e6600617-a85b-4c99-87eb-868064c36c3a; https://livinglondon.com/	Public Overture site+email; zero-HTTP V6 cheap-screen. Final MASTER dedupe/QA required.				overture:e6600617-a85b-4c99-87eb-868064c36c3a	livinglondon.com	442071014422	living london property management	London	United Kingdom	MEDIUM	domain:livinglondon.com
	A	91	Hot Springs	USA	Little Bird Cabin Rentals		cabin	49 S Serpentine Ave	+18282061487								overture:a7bd3db2-1c99-48e0-96a4-2370634fa43b	2026-08-15T00:45:42.545149Z		Canonical queue drain | fit A | GitHub MASTER dedupe passed	http://www.littlebirdcabinrentals.com/	natalie@littlebirdcabinrentals.com	https://www.littlebirdcabinrentals.com/contact-us		https://www.facebook.com/hotspringscabins/		https://www.littlebirdcabinrentals.com/pet-friendly-hot-springs-cabins				High	Verified	https://explore.overturemaps.org/#id=a7bd3db2-1c99-48e0-96a4-2370634fa43b	Public Overture site+email; zero-HTTP V6 cheap-screen. Final MASTER dedupe/QA required.				overture:a7bd3db2-1c99-48e0-96a4-2370634fa43b	littlebirdcabinrentals.com	18282061487	little bird cabin rentals	Hot Springs	USA	HIGH	domain:littlebirdcabinrentals.com
	A	91	Trowbridge	United Kingdom	Lexingtons Property Management		property_management	35 Ryeland Way	+448004480203								overture:4fdb6674-f70c-419e-ae5a-994c64cd71a2	2026-08-15T00:45:42.545149Z		Canonical queue drain | fit A | GitHub MASTER dedupe passed	http://www.lexingtonsproperty.com/	info@lexingtonsproperty.com	https://www.lexingtonsproperty.com/about-us	https://www.instagram.com/lexingtonsproperty/	https://www.facebook.com/lexingtonsproperty/						Medium	Recall-first	https://explore.overturemaps.org/#id=4fdb6674-f70c-419e-ae5a-994c64cd71a2; https://www.lexingtonsproperty.com/	Public Overture site+email; zero-HTTP V6 cheap-screen. Final MASTER dedupe/QA required.				overture:4fdb6674-f70c-419e-ae5a-994c64cd71a2	lexingtonsproperty.com	448004480203	lexingtons property management	Trowbridge	United Kingdom	MEDIUM	domain:lexingtonsproperty.com
	A	91	Winston-Salem	USA	Lee Property Management		property_management		+18449996584								overture:c2238afa-9d6e-48a7-9d88-92fa6132db57	2026-08-15T00:45:42.545149Z		Canonical queue drain | fit A | GitHub MASTER dedupe passed	https://www.leepropertymgmt.com/	manager@leepropertymgmt.com	https://www.leepropertymgmt.com/contactus		https://www.facebook.com/wix/		https://www.leepropertymgmt.com/properties/kirkman				High	Verified	https://explore.overturemaps.org/#id=c2238afa-9d6e-48a7-9d88-92fa6132db57	Public Overture site+email; zero-HTTP V6 cheap-screen. Final MASTER dedupe/QA required.				overture:c2238afa-9d6e-48a7-9d88-92fa6132db57	leepropertymgmt.com	18449996584	lee property management	Winston-Salem	USA	HIGH	domain:leepropertymgmt.com
	A	91	Sittingbourne	United Kingdom	Jh Property Management Limited		property_management	The Oast Osteopathy, 62 Bell Road	+441795476249								overture:84dc84f1-5903-4aa6-b5cf-c921c4558850	2026-08-15T00:45:42.545149Z		Canonical queue drain | fit A | GitHub MASTER dedupe passed	http://www.jh-pm.co.uk/home/3610519	admin@jh-pm.co.uk	https://www.jh-pm.co.uk/contact		https://www.facebook.com/jhpropertymanagement1/	https://api.whatsapp.com/send?text=I wanted to share this great website with you https%3A%2F%2Fwww.jh-pm.co.uk					High	Verified	https://explore.overturemaps.org/#id=84dc84f1-5903-4aa6-b5cf-c921c4558850	Public Overture site+email; zero-HTTP V6 cheap-screen. Final MASTER dedupe/QA required.				overture:84dc84f1-5903-4aa6-b5cf-c921c4558850	jh-pm.co.uk	441795476249	jh property management limited	Sittingbourne	United Kingdom	HIGH	domain:jh-pm.co.uk
	A	91	Lansing	USA	Iowa Cabin Rentals		cabin	1756 Great River Rd	+13059783715								overture:09852929-a117-4126-ac26-4ed1608d0bb0	2026-08-15T00:45:42.545149Z		Canonical queue drain | fit A | GitHub MASTER dedupe passed	http://www.iowacabinrentals.com	info@iowacabinrentals.com	https://www.iowacabinrentals.com/booking-a-cabin/		https://www.facebook.com/IowaCabinRentals/		https://www.iowacabinrentals.com/booking-a-cabin/				High	Verified	https://explore.overturemaps.org/#id=09852929-a117-4126-ac26-4ed1608d0bb0	Public Overture site+email; zero-HTTP V6 cheap-screen. Final MASTER dedupe/QA required.				overture:09852929-a117-4126-ac26-4ed1608d0bb0	iowacabinrentals.com	13059783715	iowa cabin rentals	Lansing	USA	HIGH	domain:iowacabinrentals.com
	A	91	Gatlinburg	USA	Gatlinburg Cabin Rentals at Honeymoon Hills		cabin	750 Honeymoon Hill Rd	+18654363901								overture:e440c647-ba1e-47cc-b71d-066297221743	2026-08-15T00:45:42.545149Z		Canonical queue drain | fit A | GitHub MASTER dedupe passed	http://www.honeymoonhills.com/	info@honeymoonhills.com	https://www.honeymoonhills.com/contact-us		https://www.facebook.com/pages/Honeymoon-Hills-Cabin-Rentals-Resort-Gatlinburg-TN/120125724699036/		https://www.honeymoonhills.com/cabins				High	Verified	https://explore.overturemaps.org/#id=e440c647-ba1e-47cc-b71d-066297221743	Public Overture site+email; zero-HTTP V6 cheap-screen. Final MASTER dedupe/QA required.				overture:e440c647-ba1e-47cc-b71d-066297221743	honeymoonhills.com	18654363901	gatlinburg cabin rentals at honeymoon hills	Gatlinburg	USA	HIGH	domain:honeymoonhills.com
	A	91	Johnson City	USA	HLC Property Management LLC		property_management	3107 W Market St	+14238337693								overture:be680d4c-84c7-490d-8134-31d7f3438a6a	2026-08-15T00:45:42.545149Z		Canonical queue drain | fit A | GitHub MASTER dedupe passed	http://Hlcpropertymanagement.com/	admin@hlcpropertymanagement.com	https://hlcpropertymanagement.com/about-us	https://www.instagram.com/hlcpropertymanagement/	https://www.facebook.com/hlcpropertymanagement/						Medium	Recall-first	https://explore.overturemaps.org/#id=be680d4c-84c7-490d-8134-31d7f3438a6a; https://hlcpropertymanagement.com/	Public Overture site+email; zero-HTTP V6 cheap-screen. Final MASTER dedupe/QA required.				overture:be680d4c-84c7-490d-8134-31d7f3438a6a	hlcpropertymanagement.com	14238337693	hlc property management llc	Johnson City	USA	MEDIUM	domain:hlcpropertymanagement.com
	A	91	Amersham	United Kingdom	Hinch Property Management		property_management	East House, Chiltern Ave	+442079899128								overture:6dae86bb-b854-4447-a0a3-e4583bcc39f7	2026-08-15T00:45:42.545149Z		Canonical queue drain | fit A | GitHub MASTER dedupe passed	https://hinchpm.com/	bookings@hinchpm.com	https://www.hinchpm.com/about-us/	https://www.instagram.com/hinchpm_official/	https://www.facebook.com/HinchPM/						High	Verified	https://explore.overturemaps.org/#id=6dae86bb-b854-4447-a0a3-e4583bcc39f7; https://www.hinchpm.com/	Public Overture site+email; zero-HTTP V6 cheap-screen. Final MASTER dedupe/QA required.				overture:6dae86bb-b854-4447-a0a3-e4583bcc39f7	hinchpm.com	442079899128	hinch property management	Amersham	United Kingdom	HIGH	domain:hinchpm.com
	A	91	Sevierville	USA	Hidden Gem Vacation Rental		holiday_rental_home	2044 New Era Rd	+18654541559								overture:0b35bd5f-a8db-4782-aa07-e372a9cfa8c0	2026-08-15T00:45:42.545149Z		Canonical queue drain | fit A | GitHub MASTER dedupe passed	http://hiddengemrental.com/	lisa@hiddengemrental.com	https://www.hiddengemrental.com/about-us	https://www.instagram.com/hidden_gem_rental/	https://www.facebook.com/hiddengemvacationrental/						High	Verified	https://explore.overturemaps.org/#id=0b35bd5f-a8db-4782-aa07-e372a9cfa8c0; https://www.hiddengemrental.com/	Public Overture site+email; zero-HTTP V6 cheap-screen. Final MASTER dedupe/QA required.				overture:0b35bd5f-a8db-4782-aa07-e372a9cfa8c0	hiddengemrental.com	18654541559	hidden gem vacation rental	Sevierville	USA	HIGH	domain:hiddengemrental.com
	A	91	Cranleigh	United Kingdom	Hestia Lettings and Property Management		property_management	39 High Street	+441483276565								overture:66831c2c-ada0-4339-9923-19fe23f9701a	2026-08-15T00:45:42.545149Z		Canonical queue drain | fit A | GitHub MASTER dedupe passed	http://www.hestiapropertylettings.co.uk/	michelle@hestiapropertylettings.co.uk	https://www.hestiapropertylettings.co.uk/about/		https://www.facebook.com/cranleighpropertylettings/		https://www.hestiapropertylettings.co.uk/properties/				High	Verified	https://explore.overturemaps.org/#id=66831c2c-ada0-4339-9923-19fe23f9701a	Public Overture site+email; zero-HTTP V6 cheap-screen. Final MASTER dedupe/QA required.				overture:66831c2c-ada0-4339-9923-19fe23f9701a	hestiapropertylettings.co.uk	441483276565	hestia lettings and property management	Cranleigh	United Kingdom	HIGH	domain:hestiapropertylettings.co.uk
	A	91	Hastings	United Kingdom	HAS Property Management		property_management	27 Robertson Street	+441424436779								overture:3225113c-ae7e-4e43-80bc-364e067516e8	2026-08-15T00:45:42.545149Z		Canonical queue drain | fit A | GitHub MASTER dedupe passed	http://www.haspropertymanagement.co.uk/	enquiries@haspropertymanagement.co.uk	https://www.haspropertymanagement.co.uk/about-us/	https://www.instagram.com/haspropertymanagement/	https://www.facebook.com/haspropertymanagement/						Medium	Recall-first	https://explore.overturemaps.org/#id=3225113c-ae7e-4e43-80bc-364e067516e8; https://www.haspropertymanagement.co.uk/	Public Overture site+email; zero-HTTP V6 cheap-screen. Final MASTER dedupe/QA required.				overture:3225113c-ae7e-4e43-80bc-364e067516e8	haspropertymanagement.co.uk	441424436779	has property management	Hastings	United Kingdom	MEDIUM	domain:haspropertymanagement.co.uk
	A	91	Cornelia	USA	Handyman Elite/Property Management		plumbing	134 Harold Ansley Rd	+16783430130								overture:e4008fe2-e2b3-4988-acd5-35c115c9ed3e	2026-08-15T00:45:42.545149Z		Canonical queue drain | fit A | GitHub MASTER dedupe passed	http://Www.handymaneliteusa.com/	rusty@handymaneliteusa.com	https://handymaneliteusa.com/about	https://www.instagram.com/handymanelite_propertymangmt/	https://www.facebook.com/profile.php/						Medium	Recall-first	https://explore.overturemaps.org/#id=e4008fe2-e2b3-4988-acd5-35c115c9ed3e; https://handymaneliteusa.com/	Public Overture site+email; zero-HTTP V6 cheap-screen. Final MASTER dedupe/QA required.				overture:e4008fe2-e2b3-4988-acd5-35c115c9ed3e	handymaneliteusa.com	16783430130	handyman elite property management	Cornelia	USA	MEDIUM	domain:handymaneliteusa.com
	A	91	Lake Junaluska	USA	Gold Standard Vacation Rental		holiday_rental_home	410 Tillman Rd	+18285504401								overture:854b12fb-f725-4c91-a8ff-e29c588e74fe	2026-08-15T00:45:42.545149Z		Canonical queue drain | fit A | GitHub MASTER dedupe passed	http://www.goldstandardrental.com/	goldstandardvacationrental@gmail.com		https://www.instagram.com/goldstandardvacationrental/	https://www.facebook.com/310080079931726/		https://goldstandardrental.com/see-our-properties				High	Verified	https://explore.overturemaps.org/#id=854b12fb-f725-4c91-a8ff-e29c588e74fe; https://goldstandardrental.com/	Public Overture site+email; zero-HTTP V6 cheap-screen. Final MASTER dedupe/QA required.				overture:854b12fb-f725-4c91-a8ff-e29c588e74fe	goldstandardrental.com	18285504401	gold standard vacation rental	Lake Junaluska	USA	HIGH	domain:goldstandardrental.com
	A	91	London	United Kingdom	Go2 Property Management Services		property_management	39 Ludgate Hill	+442039835660								overture:a5a912ed-511f-45cf-9d2c-7d99d0f86c7b	2026-08-15T00:45:42.545149Z		Canonical queue drain | fit A | GitHub MASTER dedupe passed	http://www.go2propertymanagement.co.uk/	adminservices@go2propertymanagement.co.uk	https://www.go2propertymanagement.co.uk/contact.html	https://www.instagram.com/yellowhouseproperty/	https://www.facebook.com/yellowhouseproperty/						Medium	Recall-first	https://explore.overturemaps.org/#id=a5a912ed-511f-45cf-9d2c-7d99d0f86c7b; https://www.go2propertymanagement.co.uk/	Public Overture site+email; zero-HTTP V6 cheap-screen. Final MASTER dedupe/QA required.				overture:a5a912ed-511f-45cf-9d2c-7d99d0f86c7b	go2propertymanagement.co.uk	442039835660	go2 property management services	London	United Kingdom	MEDIUM	domain:go2propertymanagement.co.uk
	A	91	Pigeon Forge	USA	Gatlinburg Cabin Rentals		cabin	1024 Charlottes Ct	+18778898156								overture:8c22a51c-2308-4622-8f38-d09e4da5c6ff	2026-08-15T00:45:42.545149Z		Canonical queue drain | fit A | GitHub MASTER dedupe passed	https://www.gatlinburgcabinrentals.com/	info@gatlinburgcabinrentals.com	https://www.gatlinburgcabinrentals.com/contact/		https://www.facebook.com/gatlinburgrentalcabins/		https://www.gatlinburgcabinrentals.com/cabins/storybook-romance/				High	Verified	https://explore.overturemaps.org/#id=8c22a51c-2308-4622-8f38-d09e4da5c6ff	Public Overture site+email; zero-HTTP V6 cheap-screen. Final MASTER dedupe/QA required.				overture:8c22a51c-2308-4622-8f38-d09e4da5c6ff	gatlinburgcabinrentals.com	18778898156	gatlinburg cabin rentals	Pigeon Forge	USA	HIGH	domain:gatlinburgcabinrentals.com
	A	91	Altoona	USA	Foxboro Property Management Services		property_management	2411 N Hillcrest Pkwy	+17158356001								overture:3238e3d4-2af6-4a47-918a-4617609f1c5f	2026-08-15T00:45:42.545149Z		Canonical queue drain | fit A | GitHub MASTER dedupe passed	http://www.FoxboroProperties.com/	info@foxboroproperties.com	https://foxboroproperties.com/about/		https://www.facebook.com/profile.php/		https://foxboroproperties.com/feed/				High	Verified	https://explore.overturemaps.org/#id=3238e3d4-2af6-4a47-918a-4617609f1c5f	Public Overture site+email; zero-HTTP V6 cheap-screen. Final MASTER dedupe/QA required.				overture:3238e3d4-2af6-4a47-918a-4617609f1c5f	foxboroproperties.com	17158356001	foxboro property management services	Altoona	USA	HIGH	domain:foxboroproperties.com
	A	91	Anderson	USA	Foothills Property Management		property_management	2001 N Main St	+18647600661								overture:491eb530-c832-4839-9a87-665d0fb20085	2026-08-15T00:45:42.545149Z		Canonical queue drain | fit A | GitHub MASTER dedupe passed	http://www.Foothillspm.com/	info@foothillspm.com	https://www.foothillspm.com/about		https://www.facebook.com/FoothillsPM/		https://www.foothillspm.com/homes-of-hope				High	Verified	https://explore.overturemaps.org/#id=491eb530-c832-4839-9a87-665d0fb20085	Public Overture site+email; zero-HTTP V6 cheap-screen. Final MASTER dedupe/QA required.				overture:491eb530-c832-4839-9a87-665d0fb20085	foothillspm.com	18647600661	foothills property management	Anderson	USA	HIGH	domain:foothillspm.com
	A	91	Bristol	United Kingdom	Dna Property Management		property_management	27 Great George Street	+441179200141								overture:4ef19cf5-1f0d-4e58-b609-e0715f783397	2026-08-15T00:45:42.545149Z		Canonical queue drain | fit A | GitHub MASTER dedupe passed	https://www.dnaproperties.co.uk/	info@dnaproperties.co.uk	https://www.dnaproperties.co.uk/contact-us/		https://www.facebook.com/Dna-Property-Services-Ltd-523324967690870/		https://www.dnaproperties.co.uk/feed/				Medium	Recall-first	https://explore.overturemaps.org/#id=4ef19cf5-1f0d-4e58-b609-e0715f783397	Public Overture site+email; zero-HTTP V6 cheap-screen. Final MASTER dedupe/QA required.				overture:4ef19cf5-1f0d-4e58-b609-e0715f783397	dnaproperties.co.uk	441179200141	dna property management	Bristol	United Kingdom	MEDIUM	domain:dnaproperties.co.uk
	A	91	Eau Claire	USA	Chippewa Valley Property Management		property_management	1119 Regis Ct	+17155145440								overture:be0e22f2-10c7-4544-92ae-cb74443933b4	2026-08-15T00:45:42.545149Z		Canonical queue drain | fit A | GitHub MASTER dedupe passed	https://www.cv-realestate.com/	chippewavalleyrentals@gmail.com	https://www.cv-realestate.com/contact/		https://www.facebook.com/chippewavalleyrealestate/		https://www.cv-realestate.com/rent/student-rentals.php				High	Verified	https://explore.overturemaps.org/#id=be0e22f2-10c7-4544-92ae-cb74443933b4	Public Overture site+email; zero-HTTP V6 cheap-screen. Final MASTER dedupe/QA required.				overture:be0e22f2-10c7-4544-92ae-cb74443933b4	cv-realestate.com	17155145440	chippewa valley property management	Eau Claire	USA	HIGH	domain:cv-realestate.com
	A	91	Glenwood Springs	USA	Crystal Property Management and Sales Co		property_management	1512 Grand Ave	+19709457266								overture:d5cf74d8-09a6-46f8-937c-ebda4a536dec	2026-08-15T00:45:42.545149Z		Canonical queue drain | fit A | GitHub MASTER dedupe passed	http://www.crystalproperty.com/	crystalpropertymgmt@gmail.com	https://www.crystalproperty.com/about		https://www.facebook.com/crystalpropertymanagement/		https://www.crystalproperty.com/glenwood-springs-homes-for-rent				High	Verified	https://explore.overturemaps.org/#id=d5cf74d8-09a6-46f8-937c-ebda4a536dec	Public Overture site+email; zero-HTTP V6 cheap-screen. Final MASTER dedupe/QA required.				overture:d5cf74d8-09a6-46f8-937c-ebda4a536dec	crystalproperty.com	19709457266	crystal property management and sales co	Glenwood Springs	USA	HIGH	domain:crystalproperty.com
	A	91	Gatlinburg	USA	Gatlinburg Cabin Rentals		cabin		+13175386823								overture:61e681f2-c8a8-4e18-a4f2-f91d0d9c0b8d	2026-08-15T00:45:42.545149Z		Canonical queue drain | fit A | GitHub MASTER dedupe passed	http://www.crcabin.com/	gatlinburgcabinrentals@hotmail.com	https://crcabin.com/about-us/		https://www.facebook.com/CRcabin/		https://crcabin.com/our-cabins/				High	Verified	https://explore.overturemaps.org/#id=61e681f2-c8a8-4e18-a4f2-f91d0d9c0b8d	Public Overture site+email; zero-HTTP V6 cheap-screen. Final MASTER dedupe/QA required.				overture:61e681f2-c8a8-4e18-a4f2-f91d0d9c0b8d	crcabin.com	13175386823	gatlinburg cabin rentals	Gatlinburg	USA	HIGH	domain:crcabin.com
	A	91	Weymouth	United Kingdom	Coastal Lettings & Property Management		property_management	11a Chickerell Road	+441305766448								overture:a4403e78-8013-43b5-bb8a-dcf7855f581d	2026-08-15T00:45:42.545149Z		Canonical queue drain | fit A | GitHub MASTER dedupe passed	http://www.clpml.co.uk	info@clpml.co.uk	https://www.clpml.co.uk/contact	https://www.instagram.com/wix/	https://www.facebook.com/wix/						High	Verified	https://explore.overturemaps.org/#id=a4403e78-8013-43b5-bb8a-dcf7855f581d; https://www.clpml.co.uk/	Public Overture site+email; zero-HTTP V6 cheap-screen. Final MASTER dedupe/QA required.				overture:a4403e78-8013-43b5-bb8a-dcf7855f581d	clpml.co.uk	441305766448	coastal lettings property management	Weymouth	United Kingdom	HIGH	domain:clpml.co.uk
	A	91	Sauk City	USA	Kris Kohlman Property Management		property_management	207 Water St	+16086432494								overture:61115a1a-3384-4cf9-98d3-94ee549175ae	2026-08-15T00:45:42.545149Z		Canonical queue drain | fit A | GitHub MASTER dedupe passed	http://checkrentals.com/	kkpmoffice@checkrentals.com	https://checkrentals.com/about		https://www.facebook.com/checkrentals/		https://checkrentals.com/properties/apartments				High	Verified	https://explore.overturemaps.org/#id=61115a1a-3384-4cf9-98d3-94ee549175ae	Public Overture site+email; zero-HTTP V6 cheap-screen. Final MASTER dedupe/QA required.				overture:61115a1a-3384-4cf9-98d3-94ee549175ae	checkrentals.com	16086432494	kris kohlman property management	Sauk City	USA	HIGH	domain:checkrentals.com
	A	91	Greer	USA	Carolina Upstate Property Management		property_management	114 E Poinsett St	+18648792345								overture:98ff1eb4-9890-4ad6-8f1b-36003ad096c9	2026-08-15T00:45:42.545149Z		Canonical queue drain | fit A | GitHub MASTER dedupe passed	http://CarolinaUpstatePM.com/	carolinaupstate@gmail.com	https://carolinaupstatepm.com/about-us		https://www.facebook.com/CarolinaUpstatePropertyManagement/		https://carolinaupstatepm.com/available-properties				Medium	Recall-first	https://explore.overturemaps.org/#id=98ff1eb4-9890-4ad6-8f1b-36003ad096c9	Public Overture site+email; zero-HTTP V6 cheap-screen. Final MASTER dedupe/QA required.				overture:98ff1eb4-9890-4ad6-8f1b-36003ad096c9	carolinaupstatepm.com	18648792345	carolina upstate property management	Greer	USA	MEDIUM	domain:carolinaupstatepm.com
	A	91	Bryson City	USA	Grandpa's Cabin (NC Smoky Mountains Vacation Rental)		holiday_rental_home	80 Bear Cove Ln	+19194561234								overture:aab3306b-a1a6-4787-bc02-3cf6c75b9a62	2026-08-15T00:45:42.545149Z		Canonical queue drain | fit A | GitHub MASTER dedupe passed	http://www.carolinamountainvacations.com/CabinRentals/NC_Cabins/Grandpa_Cabin.php	grandpascabin@hotmail.com	https://www.carolinamountainvacations.com/contact.php		https://www.facebook.com/CarolinaMountainVacations/		https://www.carolinamountainvacations.com/CabinRentals/NC_Cabins/DeerLakeCabin.php				High	Verified	https://explore.overturemaps.org/#id=aab3306b-a1a6-4787-bc02-3cf6c75b9a62	Public Overture site+email; zero-HTTP V6 cheap-screen. Final MASTER dedupe/QA required.				overture:aab3306b-a1a6-4787-bc02-3cf6c75b9a62	carolinamountainvacations.com	19194561234	grandpa s cabin nc smoky mountains vacation rental	Bryson City	USA	HIGH	domain:carolinamountainvacations.com
	A	91	Waterloo	USA	Caliber Group Property Management		property_management	622 Progress Ave	+13194830004								overture:e99fe63d-f400-4939-ac1a-17aa42d416c0	2026-08-15T00:45:42.545149Z		Canonical queue drain | fit A | GitHub MASTER dedupe passed	http://www.calibergrouppm.com/	info@calibergrouppm.com	https://calibergrouppm.com/contact-us/		https://www.facebook.com/CaliberGroupPropertyManagement/		https://calibergrouppm.com/rentals				High	Verified	https://explore.overturemaps.org/#id=e99fe63d-f400-4939-ac1a-17aa42d416c0	Public Overture site+email; zero-HTTP V6 cheap-screen. Final MASTER dedupe/QA required.				overture:e99fe63d-f400-4939-ac1a-17aa42d416c0	calibergrouppm.com	13194830004	caliber group property management	Waterloo	USA	HIGH	domain:calibergrouppm.com
	A	91	Greenville	USA	Bolt Property Management		property_management	870 Wade Hampton Blvd	+18647723323								overture:27b38c26-7f7f-4fd3-ab4f-b2b257caa9a0	2026-08-15T00:45:42.545149Z		Canonical queue drain | fit A | GitHub MASTER dedupe passed	https://www.boltpm.com/	leasing@boltpm.com	https://www.boltpm.com/contact	https://www.instagram.com/bolt_pm/	https://www.facebook.com/boltmanagement/						High	Verified	https://explore.overturemaps.org/#id=27b38c26-7f7f-4fd3-ab4f-b2b257caa9a0; https://www.boltpm.com/	Public Overture site+email; zero-HTTP V6 cheap-screen. Final MASTER dedupe/QA required.				overture:27b38c26-7f7f-4fd3-ab4f-b2b257caa9a0	boltpm.com	18647723323	bolt property management	Greenville	USA	HIGH	domain:boltpm.com
	A	91	Chico	USA	Blue Oak Property Management		property_management	2889 Cohasset Rd	+15306362627								overture:296a482b-a7fa-42ae-99c8-d1680d0cf469	2026-08-15T00:45:42.545149Z		Canonical queue drain | fit A | GitHub MASTER dedupe passed	http://www.blueoakchico.com/	team@blueoakchico.com	https://blueoakchico.com/about.php		https://www.facebook.com/pages/Blue-Oak-Property-Management-Inc/119827761420591/		https://blueoakchico.com/rentals.php				High	Verified	https://explore.overturemaps.org/#id=296a482b-a7fa-42ae-99c8-d1680d0cf469	Public Overture site+email; zero-HTTP V6 cheap-screen. Final MASTER dedupe/QA required.				overture:296a482b-a7fa-42ae-99c8-d1680d0cf469	blueoakchico.com	15306362627	blue oak property management	Chico	USA	HIGH	domain:blueoakchico.com
	A	91	Silverthorne	USA	Basecamp Property Management		property_management	8300 Ryan Gulch Rd	+16086090578								overture:19f98afe-6302-4a35-bfce-1a4d757c16cc	2026-08-15T00:45:42.545149Z		Canonical queue drain | fit A | GitHub MASTER dedupe passed	https://www.basecamp-ltd.com/	brandon@basecamp-ltd.com	https://basecamp-ltd.com/about		https://www.facebook.com/profile.php/		https://www.basecamp-ltd.com/properties				High	Verified	https://explore.overturemaps.org/#id=19f98afe-6302-4a35-bfce-1a4d757c16cc	Public Overture site+email; zero-HTTP V6 cheap-screen. Final MASTER dedupe/QA required.				overture:19f98afe-6302-4a35-bfce-1a4d757c16cc	basecamp-ltd.com	16086090578	basecamp property management	Silverthorne	USA	HIGH	domain:basecamp-ltd.com
	A	91	London	United Kingdom	Arhouse Property Management		property_management	20-22 Wenlock Road	+442080997671								overture:3cf04bc3-b5fe-4ab2-9a96-ccb48823a76e	2026-08-15T00:45:42.545149Z		Canonical queue drain | fit A | GitHub MASTER dedupe passed	http://www.arhouse.co.uk/	dante@arhouse.co.uk	https://arhouse.co.uk/about-us	https://www.instagram.com/arhouse_property_solutions/	https://www.facebook.com/arhousepropertysolutions/						High	Verified	https://explore.overturemaps.org/#id=3cf04bc3-b5fe-4ab2-9a96-ccb48823a76e; https://arhouse.co.uk/	Public Overture site+email; zero-HTTP V6 cheap-screen. Final MASTER dedupe/QA required.				overture:3cf04bc3-b5fe-4ab2-9a96-ccb48823a76e	arhouse.co.uk	442080997671	arhouse property management	London	United Kingdom	HIGH	domain:arhouse.co.uk
	A	91	Hickory	USA	Allison & White Property Management & Realty		property_management	832 2nd Ave NW	+18285787368								overture:79997f71-aad0-416c-a0eb-0e1616a195a0	2026-08-15T00:45:42.545149Z		Canonical queue drain | fit A | GitHub MASTER dedupe passed	http://allisonwhiteproperties.com/	info@allisonwhiteproperties.com	https://allisonwhiteproperties.com/about/		https://www.facebook.com/allisonwhiteproperties/		https://allisonwhiteproperties.com/property-type/homes/				High	Verified	https://explore.overturemaps.org/#id=79997f71-aad0-416c-a0eb-0e1616a195a0	Public Overture site+email; zero-HTTP V6 cheap-screen. Final MASTER dedupe/QA required.				overture:79997f71-aad0-416c-a0eb-0e1616a195a0	allisonwhiteproperties.com	18285787368	allison white property management realty	Hickory	USA	HIGH	domain:allisonwhiteproperties.com
	A	91	Charlotte	USA	Alarca Property Management		property_management	2015 Ayrsley Town Blvd	+17049003354								overture:08d71ad0-dbd1-4f06-8efd-e34219702bab	2026-08-15T00:45:42.545149Z		Canonical queue drain | fit A | GitHub MASTER dedupe passed	http://www.alarca.com/	info@alarca.com	https://www.alarca.com/about		https://www.facebook.com/AlarcaRealty/		https://www.alarca.com/charlotte-homes-for-rent				High	Verified	https://explore.overturemaps.org/#id=08d71ad0-dbd1-4f06-8efd-e34219702bab	Public Overture site+email; zero-HTTP V6 cheap-screen. Final MASTER dedupe/QA required.				overture:08d71ad0-dbd1-4f06-8efd-e34219702bab	alarca.com	17049003354	alarca property management	Charlotte	USA	HIGH	domain:alarca.com
	A	91	London	United Kingdom	Air Peace of Mind | Property Management London		property_management	533 Kings Road	+442038659109								overture:b0268c2d-311b-4bd6-a9c7-ee2011937ac3	2026-08-15T00:45:42.545149Z		Canonical queue drain | fit A | GitHub MASTER dedupe passed	http://www.airpeaceofmind.com/	enquiries@airpeaceofmind.com	https://www.airpeaceofmind.com/contactus	https://www.instagram.com/airpeaceofmind/	https://www.facebook.com/airpeaceofmind/						High	Verified	https://explore.overturemaps.org/#id=b0268c2d-311b-4bd6-a9c7-ee2011937ac3; https://www.airpeaceofmind.com/	Public Overture site+email; zero-HTTP V6 cheap-screen. Final MASTER dedupe/QA required.				overture:b0268c2d-311b-4bd6-a9c7-ee2011937ac3	airpeaceofmind.com	442038659109	air peace of mind property management london	London	United Kingdom	HIGH	domain:airpeaceofmind.com
	A	91	Sycamore	USA	815 Property Management & Sales		property_management	407 W State St	+18157587374								overture:53b8192f-b3ff-4d8b-ba9b-e582a6c69c54	2026-08-15T00:45:42.545149Z		Canonical queue drain | fit A | GitHub MASTER dedupe passed	http://www.815property.com/	management@815property.com	https://815property.com/about-us/		https://www.facebook.com/815property/		https://815property.com/wp-content/plugins/custom-facebook-feed/assets/css/cff-style.min.css?ver=4.10.0				High	Verified	https://explore.overturemaps.org/#id=53b8192f-b3ff-4d8b-ba9b-e582a6c69c54	Public Overture site+email; zero-HTTP V6 cheap-screen. Final MASTER dedupe/QA required.				overture:53b8192f-b3ff-4d8b-ba9b-e582a6c69c54	815property.com	18157587374	815 property management sales	Sycamore	USA	HIGH	domain:815property.com
	A	91	Morganton	USA	My Mountain Cabin Rentals		cabin	3945 Old Loving Rd	+17063744111								overture:371dd42b-2bd0-41b4-b9ee-4c1004108808	2026-08-15T00:45:42.545149Z		Canonical queue drain | fit A | GitHub MASTER dedupe passed	http://www.1MyMountain.com/	info@1mymountain.com	https://www.1mymountain.com/about-us		https://www.facebook.com/people/My-Mountain-Cabin-Rentals/100064267202634/		https://www.1mymountain.com/5-bedrooms				High	Verified	https://explore.overturemaps.org/#id=371dd42b-2bd0-41b4-b9ee-4c1004108808	Public Overture site+email; zero-HTTP V6 cheap-screen. Final MASTER dedupe/QA required.				overture:371dd42b-2bd0-41b4-b9ee-4c1004108808	1mymountain.com	17063744111	my mountain cabin rentals	Morganton	USA	HIGH	domain:1mymountain.com
	A	91	Santa Maria	USA	Walker & Associates Property Management		property_management	145 S Gray St	+18059379900								overture:2fd1837d-fd1a-47f9-9179-77f7ca878eeb	2026-08-15T00:45:42.545149Z		Canonical queue drain | fit A | GitHub MASTER dedupe passed	http://www.walkerrentals.net/	service@walkerrentals.net	https://walkerrentals.net/about-us/		https://www.facebook.com/Walker-Associates-Property-Management-132751580223946/		https://walkerrentals.net/feed/				High	Verified	https://explore.overturemaps.org/#id=2fd1837d-fd1a-47f9-9179-77f7ca878eeb	Public Overture site+email; zero-HTTP V6 cheap-screen. Final MASTER dedupe/QA required.				overture:2fd1837d-fd1a-47f9-9179-77f7ca878eeb	walkerrentals.net	18059379900	walker associates property management	Santa Maria	USA	HIGH	domain:walkerrentals.net
	A	91	Paso Robles	USA	Turn-Key Property Management		property_management	1502 Park St	+18052390795								overture:df22fa71-ce30-4053-97d7-5a6d0c05f45a	2026-08-15T00:45:42.545149Z		Canonical queue drain | fit A | GitHub MASTER dedupe passed	http://www.turn-keymgmt.com/	info@turn-keymgmt.com	https://turn-keymgmt.com/about-us/		https://www.facebook.com/TurnKeyManagement/		https://turn-keymgmt.com/properties1/				High	Verified	https://explore.overturemaps.org/#id=df22fa71-ce30-4053-97d7-5a6d0c05f45a	Public Overture site+email; zero-HTTP V6 cheap-screen. Final MASTER dedupe/QA required.				overture:df22fa71-ce30-4053-97d7-5a6d0c05f45a	turn-keymgmt.com	18052390795	turn key property management	Paso Robles	USA	HIGH	domain:turn-keymgmt.com
	A	91	Kihei	USA	Tropical Bound Condo Rentals Inc		holiday_rental_home	Haiku, Maui	+18664566284								overture:25169589-a2b1-4827-9b73-60affc96caf4	2026-08-15T00:45:42.545149Z		Canonical queue drain | fit A | GitHub MASTER dedupe passed	https://www.tropicalbound.com/	info@tropicalbound.com	https://www.tropicalbound.com/about-us	https://www.instagram.com/tropicalboundcondorentals/	https://www.facebook.com/tropicalbound/						High	Verified	https://explore.overturemaps.org/#id=25169589-a2b1-4827-9b73-60affc96caf4; https://www.tropicalbound.com/	Public Overture site+email; zero-HTTP V6 cheap-screen. Final MASTER dedupe/QA required.				overture:25169589-a2b1-4827-9b73-60affc96caf4	tropicalbound.com	18664566284	tropical bound condo rentals inc	Kihei	USA	HIGH	domain:tropicalbound.com
	A	91	Glendale	USA	SoCal Financial Services & HOA Property Management		property_management	547 South St	+18189004041								overture:749c8a5d-1513-4096-b011-2af709ceb851	2026-08-15T00:45:42.545149Z		Canonical queue drain | fit A | GitHub MASTER dedupe passed	http://socalhoa.com/	info@socalhoa.com		https://www.instagram.com/socal_financial/	https://www.facebook.com/100339364651424/		https://socalhoa.com/accounting-%26-bookkeeping				High	Verified	https://explore.overturemaps.org/#id=749c8a5d-1513-4096-b011-2af709ceb851; https://socalhoa.com/	Public Overture site+email; zero-HTTP V6 cheap-screen. Final MASTER dedupe/QA required.				overture:749c8a5d-1513-4096-b011-2af709ceb851	socalhoa.com	18189004041	socal financial services hoa property management	Glendale	USA	HIGH	domain:socalhoa.com
	A	91	Cayucos	USA	SeeLyon Beach Rentals		property_management	48 S Ocean Ave	+18059953643								overture:141de764-70b7-428d-8f8d-a6475d170459	2026-08-15T00:45:42.545149Z		Canonical queue drain | fit A | GitHub MASTER dedupe passed	http://www.seelyon.com/	seelyonbeachrentals@gmail.com	https://www.seelyon.com/contact-information.asp		https://www.facebook.com/SeeLyon-Beach-Rentals-127019937363683/		https://www.seelyon.com/vacation-rentals-homes.asp				High	Verified	https://explore.overturemaps.org/#id=141de764-70b7-428d-8f8d-a6475d170459	Public Overture site+email; zero-HTTP V6 cheap-screen. Final MASTER dedupe/QA required.				overture:141de764-70b7-428d-8f8d-a6475d170459	seelyon.com	18059953643	seelyon beach rentals	Cayucos	USA	HIGH	domain:seelyon.com
	A	91	Hesperia	USA	Optimum Property Management		property_management	16911 Main St	+18669482807								overture:f5b93b55-6b76-415b-b7f0-365d353a8121	2026-08-15T00:45:42.545149Z		Canonical queue drain | fit A | GitHub MASTER dedupe passed	http://optimumpropertymgmt.com/	mgmt@optimumpropertymgmt.com	https://www.optimumpropertymgmt.com/about/		https://www.facebook.com/optimumrentals/		https://www.optimumpropertymgmt.com/properties				Medium	Recall-first	https://explore.overturemaps.org/#id=f5b93b55-6b76-415b-b7f0-365d353a8121	Public Overture site+email; zero-HTTP V6 cheap-screen. Final MASTER dedupe/QA required.				overture:f5b93b55-6b76-415b-b7f0-365d353a8121	optimumpropertymgmt.com	18669482807	optimum property management	Hesperia	USA	MEDIUM	domain:optimumpropertymgmt.com
	A	91	Lompoc	USA	The Hinkens Group Property Management		property_management	531 N H St	+18054303292								overture:b6709c57-d1bc-4048-951b-588ff0ab3eae	2026-08-15T00:45:42.545149Z		Canonical queue drain | fit A | GitHub MASTER dedupe passed	http://www.hinkensgroup.com/	tomhinkens@gmail.com	https://hinkensgroup.com/contact		https://www.facebook.com/groups/203916787992118/		https://hinkensgroup.com/{{				High	Verified	https://explore.overturemaps.org/#id=b6709c57-d1bc-4048-951b-588ff0ab3eae	Public Overture site+email; zero-HTTP V6 cheap-screen. Final MASTER dedupe/QA required.				overture:b6709c57-d1bc-4048-951b-588ff0ab3eae	hinkensgroup.com	18054303292	the hinkens group property management	Lompoc	USA	HIGH	domain:hinkensgroup.com
	A	91	Woodland Hills	USA	CSI - Woodland Hills Property Management		property_management	21031 Ventura Blvd	+18188830440								overture:ba89b767-7f22-4b4f-9eff-b1a8489535b9	2026-08-15T00:45:42.545149Z		Canonical queue drain | fit A | GitHub MASTER dedupe passed	https://www.csi4jobs.com/	whpm.admin@csi4jobs.com	https://www.csi4jobs.com/about-us	https://www.instagram.com/csi4jobs/	https://www.facebook.com/csi4PM/						High	Verified	https://explore.overturemaps.org/#id=ba89b767-7f22-4b4f-9eff-b1a8489535b9; https://www.csi4jobs.com/	Public Overture site+email; zero-HTTP V6 cheap-screen. Final MASTER dedupe/QA required.				overture:ba89b767-7f22-4b4f-9eff-b1a8489535b9	csi4jobs.com	18188830440	csi woodland hills property management	Woodland Hills	USA	HIGH	domain:csi4jobs.com
	A	91	Cambria	USA	Breen Vacation Station		holiday_rental_home	768 Main St	+18059271303								overture:e8f0e7dc-b12f-49ba-898a-1107d4116db4	2026-08-15T00:45:42.545149Z		Canonical queue drain | fit A | GitHub MASTER dedupe passed	http://www.breenvacationstation.com/	info@breenvacationstation.com	https://www.breenvacationstation.com/contact-us		https://www.facebook.com/breen.vs/		https://www.breenvacationstation.com/cambria-vacation-rentals				High	Verified	https://explore.overturemaps.org/#id=e8f0e7dc-b12f-49ba-898a-1107d4116db4	Public Overture site+email; zero-HTTP V6 cheap-screen. Final MASTER dedupe/QA required.				overture:e8f0e7dc-b12f-49ba-898a-1107d4116db4	breenvacationstation.com	18059271303	breen vacation station	Cambria	USA	HIGH	domain:breenvacationstation.com
	A	91	Thousand Oaks	USA	Beverly Glen Property Management		property_management	100 E Thousand Oaks Blvd	+18055850999								overture:28b9e5c1-176a-4e6a-8afa-34acc4baa804	2026-08-15T00:45:42.545149Z		Canonical queue drain | fit A | GitHub MASTER dedupe passed	http://www.BeverlyGlenPM.com/	info@beverlyglenpm.com	https://beverlyglenpm.com/contact/		https://www.facebook.com/profile.php/		https://beverlyglenpm.com/properties/12601-el-oro-way/				High	Verified	https://explore.overturemaps.org/#id=28b9e5c1-176a-4e6a-8afa-34acc4baa804	Public Overture site+email; zero-HTTP V6 cheap-screen. Final MASTER dedupe/QA required.				overture:28b9e5c1-176a-4e6a-8afa-34acc4baa804	beverlyglenpm.com	18055850999	beverly glen property management	Thousand Oaks	USA	HIGH	domain:beverlyglenpm.com
	A	91	Thousand Oaks	USA	Alliance Property Management		property_management	562 Knollview Ln	+18054024717								overture:8226039e-9e04-4130-9874-264b49280bb5	2026-08-15T00:45:42.545149Z		Canonical queue drain | fit A | GitHub MASTER dedupe passed	https://www.alliancemhk.com	conejopatti1@gmail.com	https://www.alliancemhk.com/about	https://www.instagram.com/alliancepropertymhk/	https://www.facebook.com/alliancepropertyMHK/						High	Verified	https://explore.overturemaps.org/#id=8226039e-9e04-4130-9874-264b49280bb5; https://www.alliancemhk.com/	Public Overture site+email; zero-HTTP V6 cheap-screen. Final MASTER dedupe/QA required.				overture:8226039e-9e04-4130-9874-264b49280bb5	alliancemhk.com	18054024717	alliance property management	Thousand Oaks	USA	HIGH	domain:alliancemhk.com
	A	91	Burbank	USA	ADvance INvestments Property Management		property_management	3418 W Burbank Blvd	+18188453443								overture:501c5a17-4154-4316-8c46-1ebf5423312e	2026-08-15T00:45:42.545149Z		Canonical queue drain | fit A | GitHub MASTER dedupe passed	http://advanceinvestments.net/	adinvest777@gmail.com	https://www.advanceinvestments.net/contact-us	https://www.instagram.com/advanceinvestments/			https://www.advanceinvestments.net/properties-available				High	Verified	https://explore.overturemaps.org/#id=501c5a17-4154-4316-8c46-1ebf5423312e; https://www.advanceinvestments.net/	Public Overture site+email; zero-HTTP V6 cheap-screen. Final MASTER dedupe/QA required.				overture:501c5a17-4154-4316-8c46-1ebf5423312e	advanceinvestments.net	18188453443	advance investments property management	Burbank	USA	HIGH	domain:advanceinvestments.net
	A	91	Rockford	USA	The Factory Real Estate and Property Management		property_management	213 N 3rd St	+18152006950								overture:35b0525e-7c20-4db7-adb6-d0d71d13c197	2026-08-15T00:45:42.545149Z		Canonical queue drain | fit A | GitHub MASTER dedupe passed	https://thefactoryrepm.com/	information@thefactoryrepm.com	https://www.thefactoryrepm.com/contact-us/		https://www.facebook.com/TheFactoryREPM/		https://www.thefactoryrepm.com/properties/				High	Verified	https://explore.overturemaps.org/#id=35b0525e-7c20-4db7-adb6-d0d71d13c197	Public Overture site+email; zero-HTTP V6 cheap-screen. Final MASTER dedupe/QA required.				overture:35b0525e-7c20-4db7-adb6-d0d71d13c197	thefactoryrepm.com	18152006950	the factory real estate and property management	Rockford	USA	HIGH	domain:thefactoryrepm.com
	A	91	Gatlinburg	USA	Smoky Mountain Chalet Rentals		holiday_rental_home	376 E Parkway	+18654365926								overture:eb42ce85-45b6-410c-be6c-2e69c143ff98	2026-08-15T00:45:42.545149Z		Canonical queue drain | fit A | GitHub MASTER dedupe passed	https://www.smcrentals.com/	info@smcrentals.com	https://www.smcrentals.com/contact-us/		https://www.facebook.com/smcrentals/		https://www.smcrentals.com/cabins-map/				High	Verified	https://explore.overturemaps.org/#id=eb42ce85-45b6-410c-be6c-2e69c143ff98	Public Overture site+email; zero-HTTP V6 cheap-screen. Final MASTER dedupe/QA required.				overture:eb42ce85-45b6-410c-be6c-2e69c143ff98	smcrentals.com	18654365926	smoky mountain chalet rentals	Gatlinburg	USA	HIGH	domain:smcrentals.com
	A	91	Bedford	United Kingdom	PPC Property Management		real_estate_agent	Office 21, The Rufus Centre	+441525633300								overture:67f22919-e9a4-419d-af61-b6929e4d5028	2026-08-15T00:45:42.545149Z		Canonical queue drain | fit A | GitHub MASTER dedupe passed	http://www.ppclettings.com/	steve@ppclettings.com	https://www.ppclettings.com/contact-us	https://www.instagram.com/ppcpropertymanagement/	https://www.facebook.com/ppcpropertymanagement/						High	Verified	https://explore.overturemaps.org/#id=67f22919-e9a4-419d-af61-b6929e4d5028; https://www.ppclettings.com/	Public Overture site+email; zero-HTTP V6 cheap-screen. Final MASTER dedupe/QA required.				overture:67f22919-e9a4-419d-af61-b6929e4d5028	ppclettings.com	441525633300	ppc property management	Bedford	United Kingdom	HIGH	domain:ppclettings.com
	A	91	Rifle	USA	ERA New Age Real Estate and Property Management		real_estate_service	900 Airport Rd	+19709459060								overture:23cfb1cb-fd5f-450f-beaf-62604e1467c0	2026-08-15T00:45:42.545149Z		Canonical queue drain | fit A | GitHub MASTER dedupe passed	https://www.newagere.com/	info@newagere.com	https://www.newagere.com/_app/immutable/assets/AboutUs.CUxx-sDW.css		https://www.facebook.com/NewAgeRE/		https://www.newagere.com/rentals				High	Verified	https://explore.overturemaps.org/#id=23cfb1cb-fd5f-450f-beaf-62604e1467c0	Public Overture site+email; zero-HTTP V6 cheap-screen. Final MASTER dedupe/QA required.				overture:23cfb1cb-fd5f-450f-beaf-62604e1467c0	newagere.com	19709459060	era new age real estate and property management	Rifle	USA	HIGH	domain:newagere.com
	A	91	Mauston	USA	Eagle Bluff Estate Vacation Rental		cabin	N6054 County Road HH	+17085333370								overture:0cb4f9e8-350c-4b6d-8dcf-41e74488081c	2026-08-15T00:45:42.545149Z		Canonical queue drain | fit A | GitHub MASTER dedupe passed	https://www.myfavoritehomeawayfromhome.com/eagle-bluff-estate.html	eaglebluff6054@gmail.com	https://www.myfavoritehomeawayfromhome.com/contact/	https://www.instagram.com/myfavhomeawayfromhome/	https://www.facebook.com/MyFavoriteHomeAwayFromHome/						High	Verified	https://explore.overturemaps.org/#id=0cb4f9e8-350c-4b6d-8dcf-41e74488081c; https://www.myfavoritehomeawayfromhome.com/eagle-bluff-estate/	Public Overture site+email; zero-HTTP V6 cheap-screen. Final MASTER dedupe/QA required.				overture:0cb4f9e8-350c-4b6d-8dcf-41e74488081c	myfavoritehomeawayfromhome.com	17085333370	eagle bluff estate vacation rental	Mauston	USA	HIGH	domain:myfavoritehomeawayfromhome.com
	A	91	Ferguson	USA	Leatherwood Mountains-Cabin Rentals		cabin	140 Stable Rd	+13369735044								overture:11c14bee-a8e1-4453-a110-5dc623c8bc8f	2026-08-15T00:45:42.545149Z		Canonical queue drain | fit A | GitHub MASTER dedupe passed	http://www.leatherwoodmountains.com/	info@leatherwoodmountains.com	https://leatherwoodmountains.com/about-us/		https://www.facebook.com/leatherwoodmountainsresort/		https://leatherwoodmountains.com/amenities/activities/tubing-bike-rentals/				High	Verified	https://explore.overturemaps.org/#id=11c14bee-a8e1-4453-a110-5dc623c8bc8f	Public Overture site+email; zero-HTTP V6 cheap-screen. Final MASTER dedupe/QA required.				overture:11c14bee-a8e1-4453-a110-5dc623c8bc8f	leatherwoodmountains.com	13369735044	leatherwood mountains cabin rentals	Ferguson	USA	HIGH	domain:leatherwoodmountains.com
	A	91	Beech Mountain	USA	Beech Mountain Chalet Rentals		holiday_rental_home	405 N Beech Mountain Pkwy	+14233351154								overture:b3a15575-a1ea-45f3-98ca-f800da221136	2026-08-15T00:45:42.545149Z		Canonical queue drain | fit A | GitHub MASTER dedupe passed	http://www.gobeech.com/	staybeech@gmail.com	https://www.gobeech.com/contact-us		https://www.facebook.com/Beech-Mountain-Chalet-Rentals-40905256233/		https://www.gobeech.com/garden-villas				High	Verified	https://explore.overturemaps.org/#id=b3a15575-a1ea-45f3-98ca-f800da221136	Public Overture site+email; zero-HTTP V6 cheap-screen. Final MASTER dedupe/QA required.				overture:b3a15575-a1ea-45f3-98ca-f800da221136	gobeech.com	14233351154	beech mountain chalet rentals	Beech Mountain	USA	HIGH	domain:gobeech.com
	A	91	Pigeon Forge	USA	Fireside Chalet and Cabin Rentals		cabin	2612 High Valley Dr	+18777744121								overture:64dea4e1-3047-4eb9-9676-13ded3f93864	2026-08-15T00:45:42.545149Z		Canonical queue drain | fit A | GitHub MASTER dedupe passed	https://www.firesidechalets.com/	reservations@firesidechalets.com		https://www.instagram.com/firesidechalets/	https://www.facebook.com/firesidechalets/		https://www.firesidechalets.com/cabins-wanted				High	Verified	https://explore.overturemaps.org/#id=64dea4e1-3047-4eb9-9676-13ded3f93864; https://www.firesidechalets.com/	Public Overture site+email; zero-HTTP V6 cheap-screen. Final MASTER dedupe/QA required.				overture:64dea4e1-3047-4eb9-9676-13ded3f93864	firesidechalets.com	18777744121	fireside chalet and cabin rentals	Pigeon Forge	USA	HIGH	domain:firesidechalets.com
	A	91	Independence	USA	EPM Iowa Real Estate & Property Management		real_estate_agent		+13195603543								overture:7db7a497-d216-456b-b8a3-ebc97d820651	2026-08-15T00:45:42.545149Z		Canonical queue drain | fit A | GitHub MASTER dedupe passed	http://www.epmiowa.com/	tyler@epmiowa.com	https://www.epmiowa.com/about		https://www.facebook.com/epmiowallc/		https://www.epmiowa.com/eastern-iowa-homes-for-rent				High	Verified	https://explore.overturemaps.org/#id=7db7a497-d216-456b-b8a3-ebc97d820651	Public Overture site+email; zero-HTTP V6 cheap-screen. Final MASTER dedupe/QA required.				overture:7db7a497-d216-456b-b8a3-ebc97d820651	epmiowa.com	13195603543	epm iowa real estate property management	Independence	USA	HIGH	domain:epmiowa.com
	A	91	Charlotte	USA	Dynasty Property Management and Sales LLC		real_estate_agent	8307 University Executive Park Dr., Suite 256	(704) 837-7103								overture:93e9ffd4-10d7-41f0-a44b-72f36182bf38	2026-08-15T00:45:42.545149Z		Canonical queue drain | fit A | GitHub MASTER dedupe passed	https://www.dynastymgmt.com	info@dynastymgmt.com	https://www.dynastymgmt.com/about	https://www.instagram.com/MrDynamicRealEstateBroker/			https://www.dynastymgmt.com/buying-selling-homes				High	Verified	https://explore.overturemaps.org/#id=93e9ffd4-10d7-41f0-a44b-72f36182bf38; https://www.dynastymgmt.com/	Public Overture site+email; zero-HTTP V6 cheap-screen. Final MASTER dedupe/QA required.				overture:93e9ffd4-10d7-41f0-a44b-72f36182bf38	dynastymgmt.com	7048377103	dynasty property management and sales llc	Charlotte	USA	HIGH	domain:dynastymgmt.com
	A	91	Rockford	USA	Door to Door Real Estate and Property Management		property_management	7210 E State St	+18777853528								overture:d4aa4470-2fde-4c02-bac8-545806966a7e	2026-08-15T00:45:42.545149Z		Canonical queue drain | fit A | GitHub MASTER dedupe passed	https://doortodoorpropertymanagement.com/Home/Properties	stevenrealtor1@gmail.com	https://doortodoorpropertymanagement.com/Home/AboutUs		https://www.facebook.com/profile.php/		https://doortodoorpropertymanagement.com/Home/Properties				Medium	Recall-first	https://explore.overturemaps.org/#id=d4aa4470-2fde-4c02-bac8-545806966a7e	Public Overture site+email; zero-HTTP V6 cheap-screen. Final MASTER dedupe/QA required.				overture:d4aa4470-2fde-4c02-bac8-545806966a7e	doortodoorpropertymanagement.com	18777853528	door to door real estate and property management	Rockford	USA	MEDIUM	domain:doortodoorpropertymanagement.com
	A	91	Attleborough	United Kingdom	Kissinger Property Management Ltd		real_estate_service	5 Connaught Road	+441953454272								overture:f025f0ab-130c-4a2d-9920-847dcf7886d4	2026-08-15T00:45:42.545149Z		Canonical queue drain | fit A | GitHub MASTER dedupe passed	http://www.donna-kissinger.co.uk	mail@donna-kissinger.co.uk	https://www.donna-kissinger.co.uk/pages/about-us		https://www.facebook.com/kissingerestateagents/		https://www.donna-kissinger.co.uk/properties/lettings/tag-flat				Medium	Recall-first	https://explore.overturemaps.org/#id=f025f0ab-130c-4a2d-9920-847dcf7886d4	Public Overture site+email; zero-HTTP V6 cheap-screen. Final MASTER dedupe/QA required.				overture:f025f0ab-130c-4a2d-9920-847dcf7886d4	donna-kissinger.co.uk	441953454272	kissinger property management ltd	Attleborough	United Kingdom	MEDIUM	domain:donna-kissinger.co.uk
	A	91	Gatlinburg	USA	Blackbird Cabin Rentals		hotel	1455 E Parkway	+18653564406								overture:394f4e58-f0cd-421a-be38-f4a595efc870	2026-08-15T00:45:42.545149Z		Canonical queue drain | fit A | GitHub MASTER dedupe passed	https://www.blackbirdcabins.com/	info@blackbirdcabins.com	https://blackbirdcabins.com/m/bookings		https://www.facebook.com/149626225049080/		https://blackbirdcabins.com/m/bookings				High	Verified	https://explore.overturemaps.org/#id=394f4e58-f0cd-421a-be38-f4a595efc870	Public Overture site+email; zero-HTTP V6 cheap-screen. Final MASTER dedupe/QA required.				overture:394f4e58-f0cd-421a-be38-f4a595efc870	blackbirdcabins.com	18653564406	blackbird cabin rentals	Gatlinburg	USA	HIGH	domain:blackbirdcabins.com
	A	91	London	United Kingdom	Avrasons Letting Agents and Property Management		real_estate_agent	18 Brixton Road	+442075824011								overture:ff58c717-0dec-4904-813e-8634e698e042	2026-08-15T00:45:42.545149Z		Canonical queue drain | fit A | GitHub MASTER dedupe passed	http://www.avrasons.co.uk/	lettings@avrasons.co.uk	https://avrasons.co.uk/about-us/	https://www.instagram.com/avrasons/	https://www.facebook.com/avrasons/						High	Verified	https://explore.overturemaps.org/#id=ff58c717-0dec-4904-813e-8634e698e042; https://avrasons.co.uk/	Public Overture site+email; zero-HTTP V6 cheap-screen. Final MASTER dedupe/QA required.				overture:ff58c717-0dec-4904-813e-8634e698e042	avrasons.co.uk	442075824011	avrasons letting agents and property management	London	United Kingdom	HIGH	domain:avrasons.co.uk
	A	91	Kihei	USA	Pauli Family Maui Wailea Ekahi Village Condo Rentals		holiday_rental_home	3300 Wailea Alanui Dr	+18088684050								overture:dc3e83c2-a1ba-4813-8588-ca56712d9930	2026-08-15T00:45:42.545149Z		Canonical queue drain | fit A | GitHub MASTER dedupe passed	https://WaileaEkahiVillage.com/	info@waileaekahivillage.com	https://WaileaEkahiVillage.com/about-us/		https://www.facebook.com/WaileaEkahiVillage/		https://waileaekahivillage.com/book-now/				High	Verified	https://explore.overturemaps.org/#id=dc3e83c2-a1ba-4813-8588-ca56712d9930	Public Overture site+email; zero-HTTP V6 cheap-screen. Final MASTER dedupe/QA required.				overture:dc3e83c2-a1ba-4813-8588-ca56712d9930	waileaekahivillage.com	18088684050	pauli family maui wailea ekahi village condo rentals	Kihei	USA	HIGH	domain:waileaekahivillage.com
	A	91	Santa Ynez	USA	EPM Inc. Property Management and Real Estate Services		property_management	3640 Sagunto St	+18058982100								overture:f29a2a3d-ad45-4120-9761-27222ebafee4	2026-08-15T00:45:42.545149Z		Canonical queue drain | fit A | GitHub MASTER dedupe passed	http://estatepm.com/	info@estatepm.com	https://estatepm.com/contact-us/		https://www.facebook.com/profile.php/		https://estatepm.com/current-rentals/				High	Verified	https://explore.overturemaps.org/#id=f29a2a3d-ad45-4120-9761-27222ebafee4	Public Overture site+email; zero-HTTP V6 cheap-screen. Final MASTER dedupe/QA required.				overture:f29a2a3d-ad45-4120-9761-27222ebafee4	estatepm.com	18058982100	epm inc property management and real estate services	Santa Ynez	USA	HIGH	domain:estatepm.com
	A	91	Boone	USA	At Your Wits End Vacation Rentals		holiday_rental_home	719 Greenway Rd	+18282643535								overture:bf441d4e-1bfc-49a1-8745-d61ae9e077f3	2026-08-15T00:45:42.545149Z		Canonical queue drain | fit A | GitHub MASTER dedupe passed	http://www.witsendrentals.com/	info@witsendrentals.com	https://www.witsendrentals.com/about/		https://www.facebook.com/witsendrentalsnc/		https://www.witsendrentals.com/properties/				High	Verified	https://explore.overturemaps.org/#id=bf441d4e-1bfc-49a1-8745-d61ae9e077f3	Public Overture site+email; zero-HTTP V6 cheap-screen. Final MASTER dedupe/QA required.				overture:bf441d4e-1bfc-49a1-8745-d61ae9e077f3	witsendrentals.com	18282643535	at your wits end vacation rentals	Boone	USA	HIGH	domain:witsendrentals.com
	A	91	Weymouth	United Kingdom	The Willows Holiday Homes & Shepherds Huts		hotel	Icen Lane, Bincombe									overture:76263d0d-6ed3-49cc-a86f-79e122f6bbed	2026-08-15T00:45:42.545149Z		Canonical queue drain | fit A | GitHub MASTER dedupe passed	http://www.thewillowsholidayhomes.co.uk/	stay@thewillowsholidayhomes.co.uk	https://www.thewillowsholidayhomes.co.uk/contact-holiday-homes-dorset	https://www.instagram.com/the_willows_bincombe/	https://www.facebook.com/profile.php/		https://www.thewillowsholidayhomes.co.uk/blank				High	Verified	https://explore.overturemaps.org/#id=76263d0d-6ed3-49cc-a86f-79e122f6bbed; https://www.thewillowsholidayhomes.co.uk/	Public Overture site+email; zero-HTTP V6 cheap-screen. Final MASTER dedupe/QA required.				overture:76263d0d-6ed3-49cc-a86f-79e122f6bbed	thewillowsholidayhomes.co.uk		the willows holiday homes shepherds huts	Weymouth	United Kingdom	HIGH	domain:thewillowsholidayhomes.co.uk
	A	91	Galena	USA	The Collection Vacation Homes - Galena		holiday_rental_home										overture:5f891702-36a3-4458-96fe-df0775906b49	2026-08-15T00:45:42.545149Z		Canonical queue drain | fit A | GitHub MASTER dedupe passed	https://www.thecollectionvacationhomes.com/	rentals@thecollectionvacationhomes.com	https://www.thecollectionvacationhomes.com/contact-us-573938154	https://www.instagram.com/thecollectionvacationhomes/	https://www.facebook.com/TheCollectionVacationHomes/		https://www.thecollectionvacationhomes.com/book				High	Verified	https://explore.overturemaps.org/#id=5f891702-36a3-4458-96fe-df0775906b49; https://www.thecollectionvacationhomes.com/	Public Overture site+email; zero-HTTP V6 cheap-screen. Final MASTER dedupe/QA required.				overture:5f891702-36a3-4458-96fe-df0775906b49	thecollectionvacationhomes.com		the collection vacation homes galena	Galena	USA	HIGH	domain:thecollectionvacationhomes.com
	A	91	Candler	USA	Penley Produce Vacation Homes		holiday_rental_home	843 Monte Vista Rd	+18282169003								overture:893ff0d2-526b-435b-890f-0447c95c34e0	2026-08-15T00:45:42.545149Z		Canonical queue drain | fit A | GitHub MASTER dedupe passed	http://www.penleyproduce.com/	mike@penleyproduce.com	https://www.penleyproduce.com/contact	https://www.instagram.com/penleyproduce/	https://www.facebook.com/penleyproduce/						High	Verified	https://explore.overturemaps.org/#id=893ff0d2-526b-435b-890f-0447c95c34e0; https://www.penleyproduce.com/	Public Overture site+email; zero-HTTP V6 cheap-screen. Final MASTER dedupe/QA required.				overture:893ff0d2-526b-435b-890f-0447c95c34e0	penleyproduce.com	18282169003	penley produce vacation homes	Candler	USA	HIGH	domain:penleyproduce.com
	A	91	Cleveland	USA	Ocean Villa Rentals		holiday_rental_home	250 E Jarrard St	+17068098787								overture:a60e3caa-d900-40bc-a991-492538f7be01	2026-08-15T00:45:42.545149Z		Canonical queue drain | fit A | GitHub MASTER dedupe passed	http://www.oceanvilla.net/	shaun@oceanvilla.net	https://www.oceanvilla.net/about_us		https://www.facebook.com/oceanvillacondo/		https://www.oceanvilla.net/1e				High	Verified	https://explore.overturemaps.org/#id=a60e3caa-d900-40bc-a991-492538f7be01	Public Overture site+email; zero-HTTP V6 cheap-screen. Final MASTER dedupe/QA required.				overture:a60e3caa-d900-40bc-a991-492538f7be01	oceanvilla.net	17068098787	ocean villa rentals	Cleveland	USA	HIGH	domain:oceanvilla.net
	A	91	Mt Shasta	USA	Mt Shasta Vacation Rentals		holiday_rental_home	204 W Lake St	+15309266400								overture:373a9ed0-6b04-4749-a538-b1b6c90bc58e	2026-08-15T00:45:42.545149Z		Canonical queue drain | fit A | GitHub MASTER dedupe passed	http://www.mtshastavacationrentals.com/	fun@mtshastavacationrentals.com		https://www.instagram.com/mt.shastavacationrentals/	https://www.facebook.com/mtshasta.vacationrentals/		https://www.mtshastavacationrentals.com:443/book				High	Verified	https://explore.overturemaps.org/#id=373a9ed0-6b04-4749-a538-b1b6c90bc58e; https://www.mtshastavacationrentals.com:443/	Public Overture site+email; zero-HTTP V6 cheap-screen. Final MASTER dedupe/QA required.				overture:373a9ed0-6b04-4749-a538-b1b6c90bc58e	mtshastavacationrentals.com	15309266400	mt shasta vacation rentals	Mt Shasta	USA	HIGH	domain:mtshastavacationrentals.com
	A	91	Lake Lure	USA	Mr. Lake Lure Vacation Rentals		holiday_rental_home	106 Arcade St	+18286259734								overture:fb168ff4-f959-42e1-815d-abef54ec58a5	2026-08-15T00:45:42.545149Z		Canonical queue drain | fit A | GitHub MASTER dedupe passed	http://www.mrlakelure.com/	stay@mrlakelure.com	https://www.mrlakelure.com/Contact-us		https://www.facebook.com/MrLakeLureVacationRentals/		https://www.mrlakelure.com/cabins-cottages				High	Verified	https://explore.overturemaps.org/#id=fb168ff4-f959-42e1-815d-abef54ec58a5	Public Overture site+email; zero-HTTP V6 cheap-screen. Final MASTER dedupe/QA required.				overture:fb168ff4-f959-42e1-815d-abef54ec58a5	mrlakelure.com	18286259734	mr lake lure vacation rentals	Lake Lure	USA	HIGH	domain:mrlakelure.com
	A	91	Winston-Salem	USA	Melco Vacation Rentals		holiday_rental_home	2715 Reynolda Rd	+13367221616								overture:79f26329-7520-4de0-b2d2-fc3a8bcd71b3	2026-08-15T00:45:42.545149Z		Canonical queue drain | fit A | GitHub MASTER dedupe passed	http://www.melcovacationrentals.com/	admin@melcovacationrentals.com	https://www.melcovacationrentals.com/about-us		https://www.facebook.com/https://www.facebook.com/MelcoVacationRentals/		https://www.melcovacationrentals.com/pages/local-guidebooks				High	Verified	https://explore.overturemaps.org/#id=79f26329-7520-4de0-b2d2-fc3a8bcd71b3	Public Overture site+email; zero-HTTP V6 cheap-screen. Final MASTER dedupe/QA required.				overture:79f26329-7520-4de0-b2d2-fc3a8bcd71b3	melcovacationrentals.com	13367221616	melco vacation rentals	Winston-Salem	USA	HIGH	domain:melcovacationrentals.com
	A	91	Lowestoft	United Kingdom	Knights Holiday Homes		holiday_rental_home	198 Church Road	+447788287075								overture:40813b66-27c9-4423-9b7a-a99d4cd47e30	2026-08-15T00:45:42.545149Z		Canonical queue drain | fit A | GitHub MASTER dedupe passed	http://www.knightsholidayhomes.co.uk/	knightsholiday@gmail.com	https://knightsholidayhomes.co.uk/about/		https://www.facebook.com/Knightsholidayhomes/		https://knightsholidayhomes.co.uk/service/dog-friendly-accommodation-lowestoft/				High	Verified	https://explore.overturemaps.org/#id=40813b66-27c9-4423-9b7a-a99d4cd47e30	Public Overture site+email; zero-HTTP V6 cheap-screen. Final MASTER dedupe/QA required.				overture:40813b66-27c9-4423-9b7a-a99d4cd47e30	knightsholidayhomes.co.uk	447788287075	knights holiday homes	Lowestoft	United Kingdom	HIGH	domain:knightsholidayhomes.co.uk
	A	91	Glastonbury	United Kingdom	Glastonbury Holiday Homes		holiday_rental_home	7 Northload Street	+441458835144								overture:8812597f-5d7c-4856-9beb-30f63238009b	2026-08-15T00:45:42.545149Z		Canonical queue drain | fit A | GitHub MASTER dedupe passed	http://Glastonburyholidayhomes.com/	info@glastonburyholidayhomes.com	https://www.glastonburyholidayhomes.com/about/		https://www.facebook.com/GlastonburyHolidayHomes/		https://www.glastonburyholidayhomes.com/accommodation/				High	Verified	https://explore.overturemaps.org/#id=8812597f-5d7c-4856-9beb-30f63238009b	Public Overture site+email; zero-HTTP V6 cheap-screen. Final MASTER dedupe/QA required.				overture:8812597f-5d7c-4856-9beb-30f63238009b	glastonburyholidayhomes.com	441458835144	glastonbury holiday homes	Glastonbury	United Kingdom	HIGH	domain:glastonburyholidayhomes.com
	A	91	Kingston	USA	Jim Henry Vacation Rentals		holiday_rental_home	404 N Kentucky St	+18657170185								overture:41d251fc-0116-454f-853c-9e76e15b5275	2026-08-15T00:45:42.545149Z		Canonical queue drain | fit A | GitHub MASTER dedupe passed	http://www.eastTNvacarentals.com/	info@easttnvacarentals.com		https://www.instagram.com/jimhenryvacarentals/	https://www.facebook.com/jimhenryvacarentals/		https://easttnvacarentals.com/wp-content/uploads/2023/08/cropped-Jim-Henry-Vacation-Rentals-Logo-32x32.png				High	Verified	https://explore.overturemaps.org/#id=41d251fc-0116-454f-853c-9e76e15b5275; https://easttnvacarentals.com/	Public Overture site+email; zero-HTTP V6 cheap-screen. Final MASTER dedupe/QA required.				overture:41d251fc-0116-454f-853c-9e76e15b5275	easttnvacarentals.com	18657170185	jim henry vacation rentals	Kingston	USA	HIGH	domain:easttnvacarentals.com
	A	91	Pigeon Forge	USA	Dodgen Log Home Chalet Rentals		cabin	801 Wears Valley Rd	+18654281959								overture:8a481e0c-56db-4536-aec4-d5c7d15f122a	2026-08-15T00:45:42.545149Z		Canonical queue drain | fit A | GitHub MASTER dedupe passed	http://www.dodgencabins.com	dodgenlogcabins@aol.com	https://www.dodgencabins.com/about		https://www.facebook.com/DodgenCabins/		https://www.dodgencabins.com/cabins				High	Verified	https://explore.overturemaps.org/#id=8a481e0c-56db-4536-aec4-d5c7d15f122a	Public Overture site+email; zero-HTTP V6 cheap-screen. Final MASTER dedupe/QA required.				overture:8a481e0c-56db-4536-aec4-d5c7d15f122a	dodgencabins.com	18654281959	dodgen log home chalet rentals	Pigeon Forge	USA	HIGH	domain:dodgencabins.com
	A	91	La Follette	USA	Deerfield Vacation Rentals		holiday_rental_home	1233 Deerfield Way	+14235660348								overture:999ed27f-8e63-4996-aba9-13f6a0894f15	2026-08-15T00:45:42.545149Z		Canonical queue drain | fit A | GitHub MASTER dedupe passed	http://www.deerfieldvacationrentals.com/	deerfieldvacation@gmail.com	https://www.deerfieldvacationrentals.com/about-us		https://www.facebook.com/deerfieldvacation/		https://www.deerfieldvacationrentals.com/pages/rentals-in-deerfield-resort				High	Verified	https://explore.overturemaps.org/#id=999ed27f-8e63-4996-aba9-13f6a0894f15	Public Overture site+email; zero-HTTP V6 cheap-screen. Final MASTER dedupe/QA required.				overture:999ed27f-8e63-4996-aba9-13f6a0894f15	deerfieldvacationrentals.com	14235660348	deerfield vacation rentals	La Follette	USA	HIGH	domain:deerfieldvacationrentals.com
	A	91	Buckie	United Kingdom	Culane Holiday Homes		holiday_rental_home	Seatown, 20 Castle Terrace	+447849160284								overture:7f49b952-fb09-435c-9d7c-d3c36254b419	2026-08-15T00:45:42.545149Z		Canonical queue drain | fit A | GitHub MASTER dedupe passed	http://www.culaneholidayhomes.co.uk/	info@culaneholidayhomes.co.uk	https://culaneholidayhomes.co.uk/contact-culane-holiday-homes/		https://www.facebook.com/culaneholidayhomes/		https://culaneholidayhomes.co.uk/icon.png				High	Verified	https://explore.overturemaps.org/#id=7f49b952-fb09-435c-9d7c-d3c36254b419	Public Overture site+email; zero-HTTP V6 cheap-screen. Final MASTER dedupe/QA required.				overture:7f49b952-fb09-435c-9d7c-d3c36254b419	culaneholidayhomes.co.uk	447849160284	culane holiday homes	Buckie	United Kingdom	HIGH	domain:culaneholidayhomes.co.uk
	A	91	Avon	USA	Berkshire Hathaway Vail Vacation Rentals		holiday_rental_home	150 E Beaver Creek Blvd	+19704763800								overture:589998df-6e0f-467b-bb81-e5fc363cfedf	2026-08-15T00:45:42.545149Z		Canonical queue drain | fit A | GitHub MASTER dedupe passed	http://www.bhhsvail.com	info@bhhsvail.com	https://www.bhhsvail.com/wp-content/themes/altitude-pro/vrp/css/booking.custom.css?ver=7.0.4		https://www.facebook.com/VailVacations/		https://www.bhhsvail.com/wp-content/themes/altitude-pro/vrp/css/booking.custom.css?ver=7.0.4				High	Verified	https://explore.overturemaps.org/#id=589998df-6e0f-467b-bb81-e5fc363cfedf	Public Overture site+email; zero-HTTP V6 cheap-screen. Final MASTER dedupe/QA required.				overture:589998df-6e0f-467b-bb81-e5fc363cfedf	bhhsvail.com	19704763800	berkshire hathaway vail vacation rentals	Avon	USA	HIGH	domain:bhhsvail.com
	A	91	London	United Kingdom	Best Holiday Homes		holiday_rental_home	1 Kings Avenue	+442081233814								overture:796b8ae0-dc80-4c5e-b48c-982b6f923dd9	2026-08-15T00:45:42.545149Z		Canonical queue drain | fit A | GitHub MASTER dedupe passed	http://www.bestholidayhomes.com/	info@bestholidayhomes.com	http://www.bestholidayhomes.com/content/about-best-holiday-homes.html		https://www.facebook.com/bestholidayhomes/		http://www.bestholidayhomes.com/villa-rentals/latest-villas.html				High	Verified	https://explore.overturemaps.org/#id=796b8ae0-dc80-4c5e-b48c-982b6f923dd9	Public Overture site+email; zero-HTTP V6 cheap-screen. Final MASTER dedupe/QA required.				overture:796b8ae0-dc80-4c5e-b48c-982b6f923dd9	bestholidayhomes.com	442081233814	best holiday homes	London	United Kingdom	HIGH	domain:bestholidayhomes.com
	A	91	Gatlinburg	USA	Autumn Ridge Vacation Rentals		hotel	505 Crest Rd	+18654364111								overture:00ef69a3-1ae4-4b79-aee9-04c066bd4a58	2026-08-15T00:45:42.545149Z		Canonical queue drain | fit A | GitHub MASTER dedupe passed	http://www.autumnridgerentals.com	reservations@autumnridgerentals.com	https://autumnridgerentals.com/contact/		https://www.facebook.com/AutumnRidgeVacationRentals/		https://autumnridgerentals.com/cabins/				High	Verified	https://explore.overturemaps.org/#id=00ef69a3-1ae4-4b79-aee9-04c066bd4a58	Public Overture site+email; zero-HTTP V6 cheap-screen. Final MASTER dedupe/QA required.				overture:00ef69a3-1ae4-4b79-aee9-04c066bd4a58	autumnridgerentals.com	18654364111	autumn ridge vacation rentals	Gatlinburg	USA	HIGH	domain:autumnridgerentals.com
	A	91	Jefferson	USA	4 Seasons Vacation Rentals & Sales		holiday_rental_home	370 S Main St	+13362462700								overture:cf4132e0-2d6b-4beb-bc81-37d72d1ce8b3	2026-08-15T00:45:42.545149Z		Canonical queue drain | fit A | GitHub MASTER dedupe passed	http://www.4seasonsvacations.com/	reserve4seasons@gmail.com	https://www.4seasonsvacations.com/contact-us		https://www.facebook.com/NCMountainVacationRentals/		https://www.4seasonsvacations.com/book-direct-and-save				High	Verified	https://explore.overturemaps.org/#id=cf4132e0-2d6b-4beb-bc81-37d72d1ce8b3	Public Overture site+email; zero-HTTP V6 cheap-screen. Final MASTER dedupe/QA required.				overture:cf4132e0-2d6b-4beb-bc81-37d72d1ce8b3	4seasonsvacations.com	13362462700	4 seasons vacation rentals sales	Jefferson	USA	HIGH	domain:4seasonsvacations.com
	A	91	Kihei	USA	Wailea Vacation Rentals		holiday_rental_home	1993 S Kihei Rd	+18088790038								overture:741bb805-bbe4-4790-a931-63c19330587d	2026-08-15T00:45:42.545149Z		Canonical queue drain | fit A | GitHub MASTER dedupe passed	http://www.wailearentals.com/	info@wailearentals.com	http://wailearentals.com/about-us/		https://www.facebook.com/wailearentals/		http://wailearentals.com/guest-book/				High	Verified	https://explore.overturemaps.org/#id=741bb805-bbe4-4790-a931-63c19330587d	Public Overture site+email; zero-HTTP V6 cheap-screen. Final MASTER dedupe/QA required.				overture:741bb805-bbe4-4790-a931-63c19330587d	wailearentals.com	18088790038	wailea vacation rentals	Kihei	USA	HIGH	domain:wailearentals.com
	A	91	Kihei	USA	Affordable Maui Condos at Kihei Kai Nani Vacation Rentals		hotel	2495 S Kihei Rd	+13135499603								overture:9f8247b1-df45-420d-b0ec-ff6ac2d577b9	2026-08-15T00:45:42.545149Z		Canonical queue drain | fit A | GitHub MASTER dedupe passed	http://www.SleepInMaui.com/	voigtus@yahoo.com	https://sleepinmaui.com/contact-us-3/		https://www.facebook.com/mauicondorentals/		https://sleepinmaui.com/affordable-maui-accommodations/				High	Verified	https://explore.overturemaps.org/#id=9f8247b1-df45-420d-b0ec-ff6ac2d577b9	Public Overture site+email; zero-HTTP V6 cheap-screen. Final MASTER dedupe/QA required.				overture:9f8247b1-df45-420d-b0ec-ff6ac2d577b9	sleepinmaui.com	13135499603	affordable maui condos at kihei kai nani vacation rentals	Kihei	USA	HIGH	domain:sleepinmaui.com
	A	91	Paso Robles	USA	Paso Robles Vacation Rentals		holiday_rental_home	501 Spring St	+18054239174								overture:76ecf6d1-3d1b-47ce-a4b1-c8dc4df53921	2026-08-15T00:45:42.545149Z		Canonical queue drain | fit A | GitHub MASTER dedupe passed	https://pasoroblesvacationrentals.com/	lms@pasoroblesvacationrentals.com	https://pasoroblesvacationrentals.com/contact-us	https://www.instagram.com/avantstay/	https://www.facebook.com/avantstay/						High	Verified	https://explore.overturemaps.org/#id=76ecf6d1-3d1b-47ce-a4b1-c8dc4df53921; https://pasoroblesvacationrentals.com/	Public Overture site+email; zero-HTTP V6 cheap-screen. Final MASTER dedupe/QA required.				overture:76ecf6d1-3d1b-47ce-a4b1-c8dc4df53921	pasoroblesvacationrentals.com	18054239174	paso robles vacation rentals	Paso Robles	USA	HIGH	domain:pasoroblesvacationrentals.com
	A	91	Paia	USA	HiChee Vacation Rentals		travel_service	141 Makahiki St	+18084459938								overture:6e756570-62bb-4310-b238-f256d7783f61	2026-08-15T00:45:42.545149Z		Canonical queue drain | fit A | GitHub MASTER dedupe passed	https://hichee.com/	help@hichee.com	https://hichee.com/about		https://www.facebook.com/hicheerentals/		https://hichee.com/vacation-rentals/usa/iowa				High	Verified	https://explore.overturemaps.org/#id=6e756570-62bb-4310-b238-f256d7783f61	Public Overture site+email; zero-HTTP V6 cheap-screen. Final MASTER dedupe/QA required.				overture:6e756570-62bb-4310-b238-f256d7783f61	hichee.com	18084459938	hichee vacation rentals	Paia	USA	HIGH	domain:hichee.com
	A	91	Kihei	USA	Hawaii Vacation Homes & Management		holiday_rental_home	122 Kio Loop	+18087935372								overture:72e11c4f-ee05-4035-9819-b6cb9ac91c08	2026-08-15T00:45:42.545149Z		Canonical queue drain | fit A | GitHub MASTER dedupe passed	http://www.hawaiivacationhomes.com/	matt@hawaiivacationhomes.com		https://www.instagram.com/hawaiivacationmanagement/	https://www.facebook.com/people/Hawaii-Vacation-Homes-and-Management/61583100568066/		https://management.hawaiivacationhomes.com/myperfectstays				High	Verified	https://explore.overturemaps.org/#id=72e11c4f-ee05-4035-9819-b6cb9ac91c08; https://hawaiivacationhomes.com/	Public Overture site+email; zero-HTTP V6 cheap-screen. Final MASTER dedupe/QA required.				overture:72e11c4f-ee05-4035-9819-b6cb9ac91c08	hawaiivacationhomes.com	18087935372	hawaii vacation homes management	Kihei	USA	HIGH	domain:hawaiivacationhomes.com
	A	91	Green Valley Lake	USA	Get Lost Inn Vacation Rentals		cabin	33220 Maple Ln	+19092578759								overture:1a17fdc2-f0af-4a39-88ed-a9bea5cd0900	2026-08-15T00:45:42.545149Z		Canonical queue drain | fit A | GitHub MASTER dedupe passed	http://www.getlostinn.com/	getlostinn@gmail.com		https://www.instagram.com/getlostinn2/	https://www.facebook.com/getlostinn/		https://getlostinn.com/en/1362143/all-properties/?adults=1&children=0&infants=0&pets=0				High	Verified	https://explore.overturemaps.org/#id=1a17fdc2-f0af-4a39-88ed-a9bea5cd0900; https://getlostinn.com/	Public Overture site+email; zero-HTTP V6 cheap-screen. Final MASTER dedupe/QA required.				overture:1a17fdc2-f0af-4a39-88ed-a9bea5cd0900	getlostinn.com	19092578759	get lost inn vacation rentals	Green Valley Lake	USA	HIGH	domain:getlostinn.com
	A	91	Pismo Beach	USA	Pismo On the Beach Vacation Rentals		holiday_rental_home	117 Ocean View Ave	+18055507585								overture:d20e3108-e37d-4fe6-8440-0d4562884093	2026-08-15T00:45:42.545149Z		Canonical queue drain | fit A | GitHub MASTER dedupe passed	http://CaliforniaVacationRentals.net/	info@californiavacationrentals.net		https://www.instagram.com/californiavacationrental/	https://www.facebook.com/CaliforniaVacationRentals.net/		https://californiavacationrentals.net/styles.css?v=1754390382				High	Verified	https://explore.overturemaps.org/#id=d20e3108-e37d-4fe6-8440-0d4562884093; https://californiavacationrentals.net/	Public Overture site+email; zero-HTTP V6 cheap-screen. Final MASTER dedupe/QA required.				overture:d20e3108-e37d-4fe6-8440-0d4562884093	californiavacationrentals.net	18055507585	pismo on the beach vacation rentals	Pismo Beach	USA	HIGH	domain:californiavacationrentals.net
	A	91	Avila Beach	USA	Avila Beach Apartments and Vacation Rentals		holiday_rental_home	306 2nd St	+18057144217								overture:b3cf6af3-0ff2-48e2-bd71-53f9114f7d6d	2026-08-15T00:45:42.545149Z		Canonical queue drain | fit A | GitHub MASTER dedupe passed	http://www.AvilaBeachApartments.com/	avilabeachaparts@aol.com	https://avilabeachapartments.com/contact-us/		https://www.facebook.com/AvilaBeachApartments/		https://avilabeachapartments.com/vacation-rentals/				High	Verified	https://explore.overturemaps.org/#id=b3cf6af3-0ff2-48e2-bd71-53f9114f7d6d	Public Overture site+email; zero-HTTP V6 cheap-screen. Final MASTER dedupe/QA required.				overture:b3cf6af3-0ff2-48e2-bd71-53f9114f7d6d	avilabeachapartments.com	18057144217	avila beach apartments and vacation rentals	Avila Beach	USA	HIGH	domain:avilabeachapartments.com
	A	91	Oxford	United Kingdom	Common Ground Estate and Property Management		property_management	Sandford Gate, East Point Business Park	+441865910169								overture:fac49d00-f7bb-41cf-be62-7583684592ee	2026-08-15T00:43:33Z		Canonical queue drain | fit A | GitHub MASTER dedupe passed	https://www.commongroundestates.co.uk/	enquiries@commongroundestates.co.uk	https://www.commongroundestates.co.uk/about-us/		https://www.facebook.com/commongroundltd/		https://www.commongroundestates.co.uk/managed-properties/				High	Verified	https://explore.overturemaps.org/#id=fac49d00-f7bb-41cf-be62-7583684592ee	Public Overture site+email; zero-HTTP V6 cheap-screen. Final MASTER dedupe/QA required.				overture:fac49d00-f7bb-41cf-be62-7583684592ee	commongroundestates.co.uk	441865910169	common ground estate and property management	Oxford	United Kingdom	HIGH	domain:commongroundestates.co.uk
	A	91	Cleveland	USA	Total Management		property_management	1814 E 40th St	+18886960797								overture:0e6a3dd7-2606-45f2-b6b6-f81eca48e8cb	2026-08-15T00:37:48.087928Z		Canonical queue drain | fit A | GitHub MASTER dedupe passed	http://www.totalmanagement.com	info@totalmanagement.com	https://totalmanagement.com/about-us/		https://www.facebook.com/totalmanagesoft/		https://totalmanagement.com/part-2-double-entry-bookkeeping/				High	Verified	https://explore.overturemaps.org/#id=0e6a3dd7-2606-45f2-b6b6-f81eca48e8cb	Public Overture site+email; zero-HTTP V6 cheap-screen. Final MASTER dedupe/QA required.				overture:0e6a3dd7-2606-45f2-b6b6-f81eca48e8cb	totalmanagement.com	18886960797	total management	Cleveland	USA	HIGH	domain:totalmanagement.com
	A	91	Fasano	Italy	La Mignola Glamping Puglia		lodge	Contrada Pezze Vicine presso Azienda Agricola Fumarola									overture:2588c44f-78b1-4bf3-8772-e3f32e66497c	2026-08-15T00:37:48.087928Z		Canonical queue drain | fit A | GitHub MASTER dedupe passed	https://lamignola.it/	info@lamignola.it		https://www.instagram.com/lamignola/	https://www.facebook.com/profile.php/	https://wa.me/393203231810	https://lamignola.it/accommodation/la-villa/				High	Verified	https://explore.overturemaps.org/#id=2588c44f-78b1-4bf3-8772-e3f32e66497c; https://lamignola.it/	Public Overture site+email; zero-HTTP V6 cheap-screen. Final MASTER dedupe/QA required.				overture:2588c44f-78b1-4bf3-8772-e3f32e66497c	lamignola.it		la mignola glamping puglia	Fasano	Italy	HIGH	domain:lamignola.it
	A	91	Charlotte	USA	Paradise Realty & Property Management Inc		property_management	301 McCullough Dr	+17047772121								overture:f31541bb-5adb-4967-8d4e-d6dc1324586e	2026-08-15T00:37:48.087928Z		Canonical queue drain | fit A | GitHub MASTER dedupe passed	https://theparadiserealty.com/	theparadiserealty@gmail.com	https://theparadiserealty.com/about-us/	https://www.instagram.com/rossmaryrealestate/	https://www.facebook.com/theparadiserealty/						High	Verified	https://explore.overturemaps.org/#id=f31541bb-5adb-4967-8d4e-d6dc1324586e; https://theparadiserealty.com/	Public Overture site+email; zero-HTTP V6 cheap-screen. Final MASTER dedupe/QA required.				overture:f31541bb-5adb-4967-8d4e-d6dc1324586e	theparadiserealty.com	17047772121	paradise realty property management inc	Charlotte	USA	HIGH	domain:theparadiserealty.com
	A	91	Milton	USA	SRB Property Management		property_management	15 Parkview Dr	+16085800566								overture:30922d61-59f7-4f3c-bf04-db981de5d14a	2026-08-15T00:37:48.087928Z		Canonical queue drain | fit A | GitHub MASTER dedupe passed	http://www.srbrentals.net/	office@srbrentals.net	https://www.srbrentals.net/about-us		https://www.facebook.com/srbrentals/		https://www.srbrentals.net/managed-rentals				High	Verified	https://explore.overturemaps.org/#id=30922d61-59f7-4f3c-bf04-db981de5d14a	Public Overture site+email; zero-HTTP V6 cheap-screen. Final MASTER dedupe/QA required.				overture:30922d61-59f7-4f3c-bf04-db981de5d14a	srbrentals.net	16085800566	srb property management	Milton	USA	HIGH	domain:srbrentals.net
	A	91	Birmingham	USA	Logical Property Management		property_management	1221 Bowers St	+12482096824								overture:86752436-fc2d-4d02-9437-a61be0a5f0b8	2026-08-15T00:37:48.087928Z		Canonical queue drain | fit A | GitHub MASTER dedupe passed	https://logicalpm.com/lpm-interactive-map/	marketing@logicalpm.com	https://logicalpm.com/contact-us/		https://www.facebook.com/LogicalPropertyManagement/		https://logicalpm.com/available-rentals/				High	Verified	https://explore.overturemaps.org/#id=86752436-fc2d-4d02-9437-a61be0a5f0b8	Public Overture site+email; zero-HTTP V6 cheap-screen. Final MASTER dedupe/QA required.				overture:86752436-fc2d-4d02-9437-a61be0a5f0b8	logicalpm.com	12482096824	logical property management	Birmingham	USA	HIGH	domain:logicalpm.com
	A	91	Dearborn Heights	USA	Cedar Property Management LLC		property_management	25050 Ford Rd	+18666469749								overture:0d842128-89ae-465d-8cdc-b03d88ae8d55	2026-08-15T00:37:48.087928Z		Canonical queue drain | fit A | GitHub MASTER dedupe passed	http://www.cedarpm.com/	info@cedarpm.com	https://www.cedarpm.com/about		https://www.facebook.com/people/Cedar-Property-Management-LLC/61572098230977/		https://www.cedarpm.com/rental-properties				Medium	Recall-first	https://explore.overturemaps.org/#id=0d842128-89ae-465d-8cdc-b03d88ae8d55	Public Overture site+email; zero-HTTP V6 cheap-screen. Final MASTER dedupe/QA required.				overture:0d842128-89ae-465d-8cdc-b03d88ae8d55	cedarpm.com	18666469749	cedar property management llc	Dearborn Heights	USA	MEDIUM	domain:cedarpm.com
	A	91	Frankfort	USA	Frankfort Michigan Vacation Rentals		holiday_rental_home	803 Leelanau Ave	+15745963507								overture:d30a5e84-8e34-4092-87d0-eb09e27f7aad	2026-08-15T00:37:48.087928Z		Canonical queue drain | fit A | GitHub MASTER dedupe passed	http://frankfortmivacationrentals.com/	havefun@frankfortmivacationrentals.com	https://frankfortmivacationrentals.com/contact/		https://www.facebook.com/464527180318548/		https://frankfortmivacationrentals.com/feed/				High	Verified	https://explore.overturemaps.org/#id=d30a5e84-8e34-4092-87d0-eb09e27f7aad	Public Overture site+email; zero-HTTP V6 cheap-screen. Final MASTER dedupe/QA required.				overture:d30a5e84-8e34-4092-87d0-eb09e27f7aad	frankfortmivacationrentals.com	15745963507	frankfort michigan vacation rentals	Frankfort	USA	HIGH	domain:frankfortmivacationrentals.com
	A	91	Beverley	United Kingdom	ABI Holiday Homes		hotel	Swinemoor Lane									overture:14551a16-795b-4b6a-b17c-4420a2ad6e97	2026-08-15T00:30:13Z		Canonical queue drain | fit A | GitHub MASTER dedupe passed	http://www.abiuk.co.uk/	info@abiuk.co.uk	https://www.abiuk.co.uk/contact-us/	https://www.instagram.com/abiholidayhomes/	https://www.facebook.com/ABIHolidayHomes/		https://www.abiuk.co.uk/app/uploads/2023/04/Holiday-Home-Park.jpg				High	Verified	https://explore.overturemaps.org/#id=14551a16-795b-4b6a-b17c-4420a2ad6e97; https://www.abiuk.co.uk/	Public Overture site+email; zero-HTTP V6 cheap-screen. Final MASTER dedupe/QA required.				overture:14551a16-795b-4b6a-b17c-4420a2ad6e97	abiuk.co.uk		abi holiday homes	Beverley	United Kingdom	HIGH	domain:abiuk.co.uk
	A	91	Ορμυλία	Greece	Granari Blue Salt		cottage		+306955588903								overture:69a3b3a0-d79f-4f63-9bd9-e3201e20e6a7	2026-08-15T00:30:13Z		Canonical queue drain | fit A | GitHub MASTER dedupe passed	http://www.granari.com/	hello@granari.com	https://www.granari.com/contacts			https://wa.me/306955588903	https://www.granari.com/inception-villas				High	Verified	https://explore.overturemaps.org/#id=69a3b3a0-d79f-4f63-9bd9-e3201e20e6a7	Public Overture site+email; zero-HTTP V6 cheap-screen. Final MASTER dedupe/QA required.				overture:69a3b3a0-d79f-4f63-9bd9-e3201e20e6a7	granari.com	306955588903	granari blue salt	Ορμυλία	Greece	HIGH	domain:granari.com
	A	91	Greenville	USA	Uptown Property Management		property_management	33 Market Point Dr	+18645695200								overture:119b5f9f-9891-43f7-921b-28f5e1b1a171	2026-08-15T00:30:13Z		Canonical queue drain | fit A | GitHub MASTER dedupe passed	http://www.uptownprops.com/	afrankfurter@uptownprops.com	https://uptownprops.com/about	https://www.instagram.com/uptownprops/	https://www.facebook.com/uptownpropertymanagementllc/						High	Verified	https://explore.overturemaps.org/#id=119b5f9f-9891-43f7-921b-28f5e1b1a171; https://uptownprops.com/	Public Overture site+email; zero-HTTP V6 cheap-screen. Final MASTER dedupe/QA required.				overture:119b5f9f-9891-43f7-921b-28f5e1b1a171	uptownprops.com	18645695200	uptown property management	Greenville	USA	HIGH	domain:uptownprops.com
	A	91	Plymouth	USA	R & W Property Management LLC		property_management	1098 Ann Arbor Rd W	+19472820117								overture:10927362-9c2b-4f71-96c4-1ac353ff0693	2026-08-15T00:30:13Z		Canonical queue drain | fit A | GitHub MASTER dedupe passed	http://www.rwpropertymgmt.com/	rwproperties2020@gmail.com	https://rwpropertymgmt.com/about-us	https://www.instagram.com/rwpropertymgmt/	https://www.facebook.com/105036378055941/						High	Verified	https://explore.overturemaps.org/#id=10927362-9c2b-4f71-96c4-1ac353ff0693; https://rwpropertymgmt.com/	Public Overture site+email; zero-HTTP V6 cheap-screen. Final MASTER dedupe/QA required.				overture:10927362-9c2b-4f71-96c4-1ac353ff0693	rwpropertymgmt.com	19472820117	r w property management llc	Plymouth	USA	HIGH	domain:rwpropertymgmt.com
	A	91	Lake City	USA	Rocky Top Vacation Home Rentals		cabin	1415 N State Highway 149	+19709442780								overture:c538b9b7-79f6-4d4e-81d5-4880b26f0e1f	2026-08-15T00:30:13Z		Canonical queue drain | fit A | GitHub MASTER dedupe passed	http://www.rockytopvacationhomerentals.com/	rockytoplakecity@gmail.com	https://www.rockytopvacationhomerentals.com/new-owners---about-us.html		https://www.facebook.com/Rocky-Top-Vacation-Home-Rentals-and-Guided-Fishing-1089039121161852/photos/		https://www.rockytopvacationhomerentals.com/cabins-2--3.html				High	Verified	https://explore.overturemaps.org/#id=c538b9b7-79f6-4d4e-81d5-4880b26f0e1f	Public Overture site+email; zero-HTTP V6 cheap-screen. Final MASTER dedupe/QA required.				overture:c538b9b7-79f6-4d4e-81d5-4880b26f0e1f	rockytopvacationhomerentals.com	19709442780	rocky top vacation home rentals	Lake City	USA	HIGH	domain:rockytopvacationhomerentals.com
	A	91	Augusta	USA	Right Choice Property Management		property_management	985 Broad St	+17069450732								overture:552b42a5-d727-49e5-9ff9-cb79846cb093	2026-08-15T00:30:13Z		Canonical queue drain | fit A | GitHub MASTER dedupe passed	http://rightcpm.com/	rightchoice@rightcpm.com	https://rightcpm.com/about-us		https://www.facebook.com/61579450003720/		https://rightcpm.com/available-properties				High	Verified	https://explore.overturemaps.org/#id=552b42a5-d727-49e5-9ff9-cb79846cb093	Public Overture site+email; zero-HTTP V6 cheap-screen. Final MASTER dedupe/QA required.				overture:552b42a5-d727-49e5-9ff9-cb79846cb093	rightcpm.com	17069450732	right choice property management	Augusta	USA	HIGH	domain:rightcpm.com
	A	91	Hope Mills	USA	Clearview Property Management		property_management	3620 Legion Rd	+19102217368								overture:bbb806f7-2d6c-4711-bdf2-d858abe0ff03	2026-08-15T00:30:13Z		Canonical queue drain | fit A | GitHub MASTER dedupe passed	http://rentclearview.com/	clearviewpm@aol.com	https://www.rentclearview.com/about-me		https://www.facebook.com/aksania.reczek/		https://www.rentclearview.com/homes-for-rent-in-cameron-nc				High	Verified	https://explore.overturemaps.org/#id=bbb806f7-2d6c-4711-bdf2-d858abe0ff03	Public Overture site+email; zero-HTTP V6 cheap-screen. Final MASTER dedupe/QA required.				overture:bbb806f7-2d6c-4711-bdf2-d858abe0ff03	rentclearview.com	19102217368	clearview property management	Hope Mills	USA	HIGH	domain:rentclearview.com
	A	91	Bolton	United Kingdom	Primo Property Management		property_management	14 Wood Street	+441204360920								overture:a6a14776-0212-4daf-a11c-3bc422c85260	2026-08-15T00:30:13Z		Canonical queue drain | fit A | GitHub MASTER dedupe passed	https://primopropertymanagement.co.uk/	enquiries@primopropertymanagement.co.uk	https://primopropertymanagement.co.uk/about	https://www.instagram.com/primopropertymanagement/			https://primopropertymanagement.co.uk/property/halo-apartments				High	Verified	https://explore.overturemaps.org/#id=a6a14776-0212-4daf-a11c-3bc422c85260; https://primopropertymanagement.co.uk/	Public Overture site+email; zero-HTTP V6 cheap-screen. Final MASTER dedupe/QA required.				overture:a6a14776-0212-4daf-a11c-3bc422c85260	primopropertymanagement.co.uk	441204360920	primo property management	Bolton	United Kingdom	HIGH	domain:primopropertymanagement.co.uk
	A	91	Cave Creek	USA	McCools Professional Property Management		property_management	4815 E Carefree Hwy	+16233239044								overture:4669ab94-5073-484a-ab3e-753fcdbcb928	2026-08-15T00:30:13Z		Canonical queue drain | fit A | GitHub MASTER dedupe passed	http://www.mccoolspools.com/	smccoolspools@gmail.com	https://mccoolspools.com/about	https://www.instagram.com/mccoolspoolsaz/	https://www.facebook.com/mccoolspoolsaz/						Medium	Recall-first	https://explore.overturemaps.org/#id=4669ab94-5073-484a-ab3e-753fcdbcb928; https://mccoolspools.com/	Public Overture site+email; zero-HTTP V6 cheap-screen. Final MASTER dedupe/QA required.				overture:4669ab94-5073-484a-ab3e-753fcdbcb928	mccoolspools.com	16233239044	mccools professional property management	Cave Creek	USA	MEDIUM	domain:mccoolspools.com
	A	91	Fairview	USA	Asheville Log Cabin Rentals		cabin	87 Pheasant Ridge Rd	+17274587876								overture:e04d651c-6840-47c8-a78e-bdc6085506c0	2026-08-15T00:30:13Z		Canonical queue drain | fit A | GitHub MASTER dedupe passed	http://ashevillelogcabinrentals.com/	rebecca@ashevillelogcabinrentals.com	https://ashevillelogcabinrentals.com/about-us/		https://www.facebook.com/AshevilleLogCabinRentals/		https://ashevillelogcabinrentals.com/cabins/				High	Verified	https://explore.overturemaps.org/#id=e04d651c-6840-47c8-a78e-bdc6085506c0	Public Overture site+email; zero-HTTP V6 cheap-screen. Final MASTER dedupe/QA required.				overture:e04d651c-6840-47c8-a78e-bdc6085506c0	ashevillelogcabinrentals.com	17274587876	asheville log cabin rentals	Fairview	USA	HIGH	domain:ashevillelogcabinrentals.com
	A	91	Prescott Valley	USA	Real Estate Sales & Property Management		real_estate_agent	3050 N Navajo Dr	+19285151156								overture:ee1ac4b2-b1b9-4f9b-8cd9-9919623c02dc	2026-08-15T00:30:13Z		Canonical queue drain | fit A | GitHub MASTER dedupe passed	http://werentprescott.com/	rentpv@hotmail.com	https://werentprescott.com/about-me/		https://www.facebook.com/purcellandassociates/		https://werentprescott.com/homes-for-sale-search				High	Verified	https://explore.overturemaps.org/#id=ee1ac4b2-b1b9-4f9b-8cd9-9919623c02dc	Public Overture site+email; zero-HTTP V6 cheap-screen. Final MASTER dedupe/QA required.				overture:ee1ac4b2-b1b9-4f9b-8cd9-9919623c02dc	werentprescott.com	19285151156	real estate sales property management	Prescott Valley	USA	HIGH	domain:werentprescott.com
	A	91	Auburn	USA	Travis Keen - Real Estate - S and J Property Management, Inc Real Estate Services		real_estate_agent	11879 Kemper Rd	+19162185531								overture:a0799fc7-6185-4c9a-bbe5-cadd190e32e9	2026-08-15T00:30:13Z		Canonical queue drain | fit A | GitHub MASTER dedupe passed	https://traviskeen.com/	travis@traviskeen.com	https://traviskeen.com/about	https://www.instagram.com/traviskeen.homes/	https://www.facebook.com/traviskeenhomes/						Medium	Recall-first	https://explore.overturemaps.org/#id=a0799fc7-6185-4c9a-bbe5-cadd190e32e9; https://traviskeen.com/	Public Overture site+email; zero-HTTP V6 cheap-screen. Final MASTER dedupe/QA required.				overture:a0799fc7-6185-4c9a-bbe5-cadd190e32e9	traviskeen.com	19162185531	travis keen real estate s and j property management inc real estate services	Auburn	USA	MEDIUM	domain:traviskeen.com
	A	91	Sacramento	USA	Hardin Realty & Property Management		real_estate_investment	1337 Howe Ave	+19163029904								overture:1c3a0943-baf2-4d9a-8a40-bf9012110439	2026-08-15T00:30:13Z		Canonical queue drain | fit A | GitHub MASTER dedupe passed	http://www.HardinPM.com/	hello@hardinpm.com		https://www.instagram.com/hardinrealty/	https://www.facebook.com/hardinpm/		https://hardinpm.com/available-rentals/				High	Verified	https://explore.overturemaps.org/#id=1c3a0943-baf2-4d9a-8a40-bf9012110439; https://hardinpm.com/	Public Overture site+email; zero-HTTP V6 cheap-screen. Final MASTER dedupe/QA required.				overture:1c3a0943-baf2-4d9a-8a40-bf9012110439	hardinpm.com	19163029904	hardin realty property management	Sacramento	USA	HIGH	domain:hardinpm.com
	A	91	Colorado Springs	USA	Gina Hall-Real Estate/Property Management		real_estate_agent	913 S 8th St	+17196410235								overture:32a66f42-4056-451b-976b-9a9cf34ea56b	2026-08-15T00:30:13Z		Canonical queue drain | fit A | GitHub MASTER dedupe passed	http://GinaHallHomes.com/	gina@ginahallhomes.com	https://ginahallhomes.com/about-me/		https://www.facebook.com/GinaHallHomes/		https://ginahallhomes.com/resources/				Medium	Recall-first	https://explore.overturemaps.org/#id=32a66f42-4056-451b-976b-9a9cf34ea56b	Public Overture site+email; zero-HTTP V6 cheap-screen. Final MASTER dedupe/QA required.				overture:32a66f42-4056-451b-976b-9a9cf34ea56b	ginahallhomes.com	17196410235	gina hall real estate property management	Colorado Springs	USA	MEDIUM	domain:ginahallhomes.com
	A	91	Alexander	USA	Farmside Village Cabin Rentals		cabin	125 Snelson Rd	+18283801453								overture:e4319afe-8130-40ec-8236-e6e04a87cf49	2026-08-15T00:30:13Z		Canonical queue drain | fit A | GitHub MASTER dedupe passed	http://www.farmsidevillagenc.com/	farmsidevillage@gmail.com	http://www.farmsidevillagenc.com/contact.html		https://www.facebook.com/FarmsideVillage/		http://www.farmsidevillagenc.com/the-cabins.html				High	Verified	https://explore.overturemaps.org/#id=e4319afe-8130-40ec-8236-e6e04a87cf49	Public Overture site+email; zero-HTTP V6 cheap-screen. Final MASTER dedupe/QA required.				overture:e4319afe-8130-40ec-8236-e6e04a87cf49	farmsidevillagenc.com	18283801453	farmside village cabin rentals	Alexander	USA	HIGH	domain:farmsidevillagenc.com
	A	91	Siracusa	Italy	Dimore in Sicily - Property Management		real_estate_service	Vicolo Giuliana, 13	+393382419673								overture:ae28aeb3-bd83-41f9-b464-4a76b90f4601	2026-08-15T00:30:13Z		Canonical queue drain | fit A | GitHub MASTER dedupe passed	http://www.dimoreinsicily.com/	info@dimoreinsicily.com		https://www.instagram.com/dimorein.sicily/	https://www.facebook.com/DimoreInSicily/	https://wa.me/393756643447					High	Verified	https://explore.overturemaps.org/#id=ae28aeb3-bd83-41f9-b464-4a76b90f4601; https://dimoreinsicily.com/	Public Overture site+email; zero-HTTP V6 cheap-screen. Final MASTER dedupe/QA required.				overture:ae28aeb3-bd83-41f9-b464-4a76b90f4601	dimoreinsicily.com	393382419673	dimore in sicily property management	Siracusa	Italy	HIGH	domain:dimoreinsicily.com
	A	91	Auburn	USA	Debs Property Management & Real Estate		property_management	884 Lincoln Way	+15303624006								overture:be995123-a4e3-40f6-91ed-cdf8b998892a	2026-08-15T00:30:13Z		Canonical queue drain | fit A | GitHub MASTER dedupe passed	http://Debspropertymanagement.com/	info@debspropertymanagement.com	https://debspropertymanagement.com/property-management-contact/			https://wa.me/?text=Gorgeous%20Two%20Story%20Colfax%20Home%203bed/3bath%20with%20loft%20$3100%20per%20month!!%20https://debspropertymanagement.com/property-page/gorgeous-two-story-colfax-home-3bed-3bath-with-loft-3100-per-month/	https://debspropertymanagement.com/homes-and-condo-managment/				High	Verified	https://explore.overturemaps.org/#id=be995123-a4e3-40f6-91ed-cdf8b998892a	Public Overture site+email; zero-HTTP V6 cheap-screen. Final MASTER dedupe/QA required.				overture:be995123-a4e3-40f6-91ed-cdf8b998892a	debspropertymanagement.com	15303624006	debs property management real estate	Auburn	USA	HIGH	domain:debspropertymanagement.com
	A	91	Wyandotte	USA	Property Management		real_estate_investment	4459 13th St	+17345763940								overture:f90260fb-55b5-4cd2-abba-a405dce6f500	2026-08-15T00:30:13Z		Canonical queue drain | fit A | GitHub MASTER dedupe passed	http://cleanstorefront.com/	pmfm2008@gmail.com	https://cleanstorefront.com/about/	https://www.instagram.com/abc123fix.official/	https://www.facebook.com/profile.php/						Medium	Recall-first	https://explore.overturemaps.org/#id=f90260fb-55b5-4cd2-abba-a405dce6f500; https://cleanstorefront.com/	Public Overture site+email; zero-HTTP V6 cheap-screen. Final MASTER dedupe/QA required.				overture:f90260fb-55b5-4cd2-abba-a405dce6f500	cleanstorefront.com	17345763940	property management	Wyandotte	USA	MEDIUM	domain:cleanstorefront.com
	A	91	Indian Beach	USA	Toni Higgins, REALTOR/Broker Big Rock Real Estate and Property Management		real_estate_agent	1440 Salter Path Rd	+19197495374								overture:d40b3e12-59f1-4975-adc2-c918cf8a1775	2026-08-15T00:30:13Z		Canonical queue drain | fit A | GitHub MASTER dedupe passed	http://www.bigrockre.com/	ecp7040@gmail.com	https://bigrockre.com/about/		https://www.facebook.com/tmhecpre/		https://bigrockre.com/featured-properties/				High	Verified	https://explore.overturemaps.org/#id=d40b3e12-59f1-4975-adc2-c918cf8a1775	Public Overture site+email; zero-HTTP V6 cheap-screen. Final MASTER dedupe/QA required.				overture:d40b3e12-59f1-4975-adc2-c918cf8a1775	bigrockre.com	19197495374	toni higgins realtor broker big rock real estate and property management	Indian Beach	USA	HIGH	domain:bigrockre.com
	A	91	Alpine	USA	Adobe Vista		holiday_rental_home	604 E Avenue I	+14323868296								overture:a68a737d-aecc-49d5-93fe-0dcb9e660384	2026-08-14T23:56:03Z		Canonical queue drain | fit A | GitHub MASTER dedupe passed	https://www.villastay.com/rental/adobe-vista-cozy-and-inviting-spectacular-view/	info@villastay.com	https://www.villastay.com/contact-us/		https://www.facebook.com/sharer.php?u=https%3A%2F%2Fwww.villastay.com%2Frental%2Fadobe-vista-cozy-and-inviting-spectacular-view%2F		https://www.villastay.com/vacation-rental-management/				High	Verified	https://explore.overturemaps.org/#id=a68a737d-aecc-49d5-93fe-0dcb9e660384; https://www.facebook.com/sharer.php?u=https%3A%2F%2Fwww.villastay.com%2Frental%2Fadobe-vista-cozy-and-inviting-spectacular-view%2F	Public Overture site+email; zero-HTTP V6 cheap-screen. Final MASTER dedupe/QA required.				overture:a68a737d-aecc-49d5-93fe-0dcb9e660384	villastay.com	14323868296	adobe vista	Alpine	USA	HIGH	domain:villastay.com
	A	91	Central Okanagan	Canada	Kelowna Boutique Vacation Rentals		cottage	6712 La Palma Loop	+16046157306								overture:884811df-50b0-4933-98d9-69fb6cbb35d7	2026-08-14T23:56:03Z		Canonical queue drain | fit A | GitHub MASTER dedupe passed	https://www.kelownaboutiquevacationrentals.com/	kbvrspecialists@gmail.com	https://www.kelownaboutiquevacationrentals.com/contacthost		https://www.facebook.com/wix/		https://www.kelownaboutiquevacationrentals.com/rentals				High	Verified	https://explore.overturemaps.org/#id=884811df-50b0-4933-98d9-69fb6cbb35d7	Public Overture site+email; zero-HTTP V6 cheap-screen. Final MASTER dedupe/QA required.				overture:884811df-50b0-4933-98d9-69fb6cbb35d7	kelownaboutiquevacationrentals.com	16046157306	kelowna boutique vacation rentals	Central Okanagan	Canada	HIGH	domain:kelownaboutiquevacationrentals.com
	A	91	San Diego	USA	Riviera Property Management		property_management	910 Grand Ave	+18582732255								overture:ae248577-8abd-4ee0-b780-ab647167314c	2026-08-14T23:56:03Z		Canonical queue drain | fit A | GitHub MASTER dedupe passed	http://www.rivierasandiego.com	rpm@rivierasandiego.com	https://www.rivierasandiego.com/about-us.html	https://www.instagram.com/rivierasandiego/	https://www.facebook.com/RivieraPropertyMgmtSD/						High	Verified	https://explore.overturemaps.org/#id=ae248577-8abd-4ee0-b780-ab647167314c; https://www.rivierasandiego.com/	Public Overture site+email; zero-HTTP V6 cheap-screen. Final MASTER dedupe/QA required.				overture:ae248577-8abd-4ee0-b780-ab647167314c	rivierasandiego.com	18582732255	riviera property management	San Diego	USA	HIGH	domain:rivierasandiego.com
	A	91	Bay City	USA	PnP Beach Rentals		hotel	40A Cooks Camp Rd	+19794790478								overture:fa768e54-77c3-4715-b61f-29af343ed2af	2026-08-14T23:56:03Z		Canonical queue drain | fit A | GitHub MASTER dedupe passed	http://www.pnpbeachrentals.com/	patti@pnpbeachrentals.com	https://www.pnpbeachrentals.com/about		https://www.facebook.com/profile.php/		https://www.pnpbeachrentals.com/properties-1				High	Verified	https://explore.overturemaps.org/#id=fa768e54-77c3-4715-b61f-29af343ed2af	Public Overture site+email; zero-HTTP V6 cheap-screen. Final MASTER dedupe/QA required.				overture:fa768e54-77c3-4715-b61f-29af343ed2af	pnpbeachrentals.com	19794790478	pnp beach rentals	Bay City	USA	HIGH	domain:pnpbeachrentals.com
	A	91	Leander	USA	MBM Property Management		property_management	10824 E Crystal Falls Pkwy	+15125068318								overture:65608d5c-bcc4-4a68-b865-52401ae8acc0	2026-08-14T23:56:03Z		Canonical queue drain | fit A | GitHub MASTER dedupe passed	https://www.mbmpropertymanagementllc.com/	manager.mbmproperties@gmail.com	https://www.mbmpropertymanagementllc.com/contact-us		https://www.facebook.com/mbmpropertymanagement/		https://www.mbmpropertymanagementllc.com/homes-for-rent-in-kyle-tx				High	Verified	https://explore.overturemaps.org/#id=65608d5c-bcc4-4a68-b865-52401ae8acc0	Public Overture site+email; zero-HTTP V6 cheap-screen. Final MASTER dedupe/QA required.				overture:65608d5c-bcc4-4a68-b865-52401ae8acc0	mbmpropertymanagementllc.com	15125068318	mbm property management	Leander	USA	HIGH	domain:mbmpropertymanagementllc.com
	A	91	Honolulu	USA	Waikiki Vacation Rental		hotel	Royal Aloha	+18083978222								overture:2e14ff35-62e2-46c1-a004-847aa72ec2c0	2026-08-14T23:56:03Z		Canonical queue drain | fit A | GitHub MASTER dedupe passed	Https://www.hawaii-paradise.com/	hawaiiparadiserental@gmail.com	https://www.hawaii-paradise.com/booking-agreement		https://www.facebook.com/profile.php/		https://www.hawaii-paradise.com/booking-agreement				High	Verified	https://explore.overturemaps.org/#id=2e14ff35-62e2-46c1-a004-847aa72ec2c0	Public Overture site+email; zero-HTTP V6 cheap-screen. Final MASTER dedupe/QA required.				overture:2e14ff35-62e2-46c1-a004-847aa72ec2c0	hawaii-paradise.com	18083978222	waikiki vacation rental	Honolulu	USA	HIGH	domain:hawaii-paradise.com
	A	91	Bossier City	USA	Gosslee Property Management		property_management	2146 Airline Dr	+13187478469								overture:8722342e-985c-4ab6-bcc2-777b363a59a1	2026-08-14T23:56:03Z		Canonical queue drain | fit A | GitHub MASTER dedupe passed	http://gossleeproperties.com/	rentals@gossleeproperties.com	https://www.gossleeproperties.com/about-us.html	https://www.instagram.com/gossleepropertymanagement/	https://www.facebook.com/gossleeproperties/						High	Verified	https://explore.overturemaps.org/#id=8722342e-985c-4ab6-bcc2-777b363a59a1; https://www.gossleeproperties.com/	Public Overture site+email; zero-HTTP V6 cheap-screen. Final MASTER dedupe/QA required.				overture:8722342e-985c-4ab6-bcc2-777b363a59a1	gossleeproperties.com	13187478469	gosslee property management	Bossier City	USA	HIGH	domain:gossleeproperties.com
	A	91	Gardena	USA	AQP Property Management, Inc.		property_management	19300 S Hamilton Ave	+17146341500								overture:b752ab58-1be2-4ba7-a4fe-76234631706d	2026-08-14T23:56:03Z		Canonical queue drain | fit A | GitHub MASTER dedupe passed	http://www.aqp.management/	contact@aqp.management	http://www.aqp.management/about.html	https://www.instagram.com/aqpmgmt/	https://www.facebook.com/aqpmgmt/						Medium	Recall-first	https://explore.overturemaps.org/#id=b752ab58-1be2-4ba7-a4fe-76234631706d; http://www.aqp.management/	Public Overture site+email; zero-HTTP V6 cheap-screen. Final MASTER dedupe/QA required.				overture:b752ab58-1be2-4ba7-a4fe-76234631706d	aqp.management	17146341500	aqp property management inc	Gardena	USA	MEDIUM	domain:aqp.management
	A	91	Richmond	Canada	Century 21 Property Management		property_management	7320 Westminster Hwy	+16042782121								overture:3b151b45-cfe3-4770-8a44-03a1abe6b37a	2026-08-14T23:56:03Z		Canonical queue drain | fit A | GitHub MASTER dedupe passed	http://www.century21pel.com	inquiries@century21pel.com	https://century21pel.com/about		https://www.facebook.com/Century21pel/		https://century21pel.com/universal/svg/social-accounts.svg				High	Verified	https://explore.overturemaps.org/#id=3b151b45-cfe3-4770-8a44-03a1abe6b37a	Public Overture site+email; zero-HTTP V6 cheap-screen. Final MASTER dedupe/QA required.				overture:3b151b45-cfe3-4770-8a44-03a1abe6b37a	century21pel.com	16042782121	century 21 property management	Richmond	Canada	HIGH	domain:century21pel.com
	A	91	Avalon	USA	Catalina Island Vacation Rentals		holiday_rental_home	212 Catalina Ave	+18556315280								overture:3669b211-6616-497d-b55e-2521e0481bf2	2026-08-14T23:56:03Z		Canonical queue drain | fit A | GitHub MASTER dedupe passed	http://www.catalinavacations.com/	info@catalinavacations.com	https://www.catalinavacations.com/contact-us/		https://www.facebook.com/4civr/		https://www.catalinavacations.com/vacation-rentals				High	Verified	https://explore.overturemaps.org/#id=3669b211-6616-497d-b55e-2521e0481bf2	Public Overture site+email; zero-HTTP V6 cheap-screen. Final MASTER dedupe/QA required.				overture:3669b211-6616-497d-b55e-2521e0481bf2	catalinavacations.com	18556315280	catalina island vacation rentals	Avalon	USA	HIGH	domain:catalinavacations.com
	B	78	Hunza, Altit	PK	Serena Altit Fort Residence		resort	Altit Fort	05813457692								overture:a4476c0b-d4f2-4313-8665-3eb3f4f75bef	2026-08-16T18:29:31.177201Z		Canonical queue drain | fit B | GitHub MASTER dedupe passed	https://www.serenahotels.com/altit-fort	marketing.kenya@serenahotels.com	https://www.serenahotels.com/about-us/governance	https://www.instagram.com/serenahotelsofficial/	https://www.facebook.com/serenaaltitfort/						High	Verified	https://explore.overturemaps.org/#id=a4476c0b-d4f2-4313-8665-3eb3f4f75bef; https://www.serenahotels.com/altit-fort; https://www.serenahotels.com/about-us/governance	Public Overture website; no usable Overture email. First-party public contact crawl required; no inference. Public business email recovered from first-party website; no inference.				overture:a4476c0b-d4f2-4313-8665-3eb3f4f75bef	serenahotels.com	05813457692	serena altit fort residence	Hunza, Altit	PK	HIGH	domain:serenahotels.com
	B	78	Swat	PK	Malam Jabba Ski Resort		ski_resort	Malam Jabba	+923018480107								overture:3d9c920f-be8f-45c5-ab54-e3ddbc6617bb	2026-08-16T18:29:31.177201Z		Canonical queue drain | fit B | GitHub MASTER dedupe passed	https://malamjabbaskiresort.com/	hello@malamjabbaskiresort.com	https://malamjabbaskiresort.com/about-the-resort/	https://www.instagram.com/malamjabbaskiresortofficial/	https://www.facebook.com/463201843862815/						High	Verified	https://explore.overturemaps.org/#id=3d9c920f-be8f-45c5-ab54-e3ddbc6617bb; https://malamjabbaskiresort.com/	Public Overture website; no usable Overture email. First-party public contact crawl required; no inference. Public business email recovered from first-party website; no inference.				overture:3d9c920f-be8f-45c5-ab54-e3ddbc6617bb	malamjabbaskiresort.com	923018480107	malam jabba ski resort	Swat	PK	HIGH	domain:malamjabbaskiresort.com
	B	78	Serengeti National Park	Tanzania	Singita Faru Faru Lodge		resort	Grumeti Reserves	+27216833424								overture:249f2ab9-1ac6-4eaf-8bde-341b90bacb42	2026-08-16T18:21:51.285279Z		Canonical queue drain | fit B | GitHub MASTER dedupe passed	https://singita.com/lodge/singita-faru-faru-lodge	enquiries@singita.com	https://singita.com/about/	https://www.instagram.com/singita_/	https://www.facebook.com/singita.gamereserves/						High	Verified	https://explore.overturemaps.org/#id=249f2ab9-1ac6-4eaf-8bde-341b90bacb42; https://singita.com/lodge/singita-faru-faru-lodge/	Public Overture website; no usable Overture email. First-party public contact crawl required; no inference. Public business email recovered from first-party website; no inference.				overture:249f2ab9-1ac6-4eaf-8bde-341b90bacb42	singita.com	27216833424	singita faru faru lodge	Serengeti National Park	Tanzania	HIGH	domain:singita.com
	B	78	Hilton Head	United States	Hilton Head Vacation Rentals		hospitality_search_candidate										fresh:f6b8348f9f64688ca243	2026-08-16T17:58:44.707912Z		Canonical queue drain | fit B | GitHub MASTER dedupe passed	https://www.islandheadrentals.com/	hello@islandheadrentals.com	https://www.islandheadrentals.com/contact-us	https://www.instagram.com/islandheadrentals/	https://www.facebook.com/profile.php/		https://www.islandheadrentals.com/our-homes				High	Verified	https://www.islandheadrentals.com/; https://www.islandheadrentals.com/contact-us	Public search evidence; market_id=hilton-head-sc; family=guesty_footprint__contact; provider=ddgs; rank=7; query="Powered by Guesty" Hilton Head South Carolina vacation rentals "contact us" Public business email recovered from first-party website; no inference.				fresh:f6b8348f9f64688ca243	islandheadrentals.com		hilton head vacation rentals	Hilton Head	United States	HIGH	domain:islandheadrentals.com
	B	78	Hilton Head	United States	dwellvacationrentals.com		hospitality_search_candidate										fresh:5381617a1c77c8593e01	2026-08-16T17:58:44.707912Z		Canonical queue drain | fit B | GitHub MASTER dedupe passed	https://dwellvacationrentals.com/	stay@dwellvacationrentals.com	https://dwellvacationrentals.com/about-us/	https://www.instagram.com/dwellvacationrentalssc/	https://www.facebook.com/DwellVacationRentalsSC/		https://dwellvacationrentals.com/listing/two-king-bed-suites-dog-friendly-gem-with-pool-game-room-golf-course-views-walk-to-beach/				High	Verified	https://dwellvacationrentals.com/; https://dwellvacationrentals.com/contact-us/	Public search evidence; market_id=hilton-head-sc; family=hostaway_footprint__core; provider=ddgs; rank=5; query="Hostaway" Hilton Head South Carolina "vacation rentals" "book direct" Public business email recovered from first-party website; no inference.				fresh:5381617a1c77c8593e01	dwellvacationrentals.com		dwellvacationrentals com	Hilton Head	United States	HIGH	domain:dwellvacationrentals.com
	B	78	Charleston	United States	Luxury Isle of Palms Resort & Vacation Rentals		hospitality_search_candidate										fresh:79d5e772888c7e48f442	2026-08-16T17:55:13.383491Z		Canonical queue drain | fit B | GitHub MASTER dedupe passed	https://www.wilddunesresort.com/	reservations@wilddunesresort.com	https://www.wilddunesresort.com/resort/contact-us/	https://www.instagram.com/wilddunesresort/	https://www.facebook.com/WildDunesResort/		https://www.wilddunesresort.com/stay/vacation-rentals/				High	Verified	https://www.wilddunesresort.com/	Public search evidence; market_id=charleston-sc; family=lodgify_footprint__official; provider=ddgs; rank=3; query="Powered by Lodgify" Charleston South Carolina villa rentals "official site" Public business email recovered from first-party website; no inference.				fresh:79d5e772888c7e48f442	wilddunesresort.com		luxury isle of palms resort vacation rentals	Charleston	United States	HIGH	domain:wilddunesresort.com
	B	78	Austin	United States	Glamping in San Marcos, TX		hospitality_search_candidate										fresh:cceb8a7c24eb630cb4a9	2026-08-16T17:51:45.500643Z		Canonical queue drain | fit B | GitHub MASTER dedupe passed	https://thefarmtexas.com/blog/exploring-domes-near-austin-san-marcos-guide	thefarmtexas@gmail.com	https://thefarmtexas.com/#contact	https://www.instagram.com/thefarmtexas/	https://www.facebook.com/thefarmtexas/		https://thefarmtexas.com/booking				High	Verified	https://thefarmtexas.com/blog/exploring-domes-near-austin-san-marcos-guide; https://thefarmtexas.com/#contact	Public search evidence; market_id=austin-tx; family=hostaway_footprint__contact; provider=ddgs; rank=1; query="Hostaway" Austin Texas "vacation rentals" "book direct" "contact us" Public business email recovered from first-party website; no inference.				fresh:cceb8a7c24eb630cb4a9	thefarmtexas.com		glamping in san marcos tx	Austin	United States	HIGH	domain:thefarmtexas.com
	B	78	Pigeon Forge	United States	Outrageous Cabins In Pigeon Forge		hospitality_search_candidate										fresh:0e8ffde0c6ffb4bb4762	2026-08-16T17:40:56.405840Z		Canonical queue drain | fit B | GitHub MASTER dedupe passed	https://www.outrageouscabins.com/	guestservices@outrageouscabins.com	https://www.outrageouscabins.com/about-us/	https://www.instagram.com/cabinsoutrageous/	https://www.facebook.com/OutrageousCabins865/		https://www.outrageouscabins.com/vacation-rentals/				High	Verified	https://www.outrageouscabins.com/; https://www.outrageouscabins.com/contact/	Public search evidence; market_id=pigeon-forge-tn; family=lodgify_footprint__core; provider=ddgs; rank=7; query="Powered by Lodgify" Pigeon Forge Tennessee villa rentals Public business email recovered from first-party website; no inference.				fresh:0e8ffde0c6ffb4bb4762	outrageouscabins.com		outrageous cabins in pigeon forge	Pigeon Forge	United States	HIGH	domain:outrageouscabins.com
	B	78	Jackson Hole	United States	goosewingranch.com		hospitality_search_candidate										fresh:2d18975f4cea7d84c2ec	2026-08-16T17:25:56.101643Z		Canonical queue drain | fit B | GitHub MASTER dedupe passed	https://goosewingranch.com/	info@goosewingranch.com	https://goosewingranch.com/inquiry/	https://www.instagram.com/goosewingranchwyo/	https://www.facebook.com/GoosewingRanch/		https://goosewingranch.com/booking-request-quote/				High	Verified	https://goosewingranch.com/	Public search evidence; market_id=jackson-hole-wy; family=direct_holiday_rentals__official; provider=ddgs; rank=7; query="holiday rentals" Jackson Hole Wyoming "book direct" "official site" Public business email recovered from first-party website; no inference.				fresh:2d18975f4cea7d84c2ec	goosewingranch.com		goosewingranch com	Jackson Hole	United States	HIGH	domain:goosewingranch.com
	B	78	Jackson Hole	United States	Fireside Resort Cabins		hospitality_search_candidate										fresh:856945a9595b04b0bbea	2026-08-16T17:25:56.101643Z		Canonical queue drain | fit B | GitHub MASTER dedupe passed	https://www.firesidejacksonhole.com/	info@firesidejacksonhole.com	https://www.firesidejacksonhole.com/ContactUs/	https://www.instagram.com/firesideresort/	https://www.facebook.com/FiresideResort/		https://www.firesidejacksonhole.com/Accommodations/				High	Verified	https://www.firesidejacksonhole.com/	Public search evidence; market_id=jackson-hole-wy; family=direct_vacation_homes__official; provider=ddgs; rank=2; query="vacation homes" Jackson Hole Wyoming "book direct" "official site" Public business email recovered from first-party website; no inference.				fresh:856945a9595b04b0bbea	firesidejacksonhole.com		fireside resort cabins	Jackson Hole	United States	HIGH	domain:firesidejacksonhole.com
	B	78	Mallorca	Spain	Beach Hotel Benalmadena, Malaga		hospitality_search_candidate										fresh:b1a00eef3501d99f88a4	2026-08-16T17:12:35.839426Z		Canonical queue drain | fit B | GitHub MASTER dedupe passed	https://www.sunsetbeachclub.com/	booking@sunsetbeachclub.com	https://www.sunsetbeachclub.com/en/bookings/board-options	https://www.instagram.com/sunsetbeachclub/	https://www.facebook.com/SunsetBeachClub/		https://www.sunsetbeachclub.com/en/rooms/hotel-apartments-suites				High	Verified	https://www.sunsetbeachclub.com/; https://www.sunsetbeachclub.com/en	Public search evidence; family=hostaway_footprint; provider=ddgs; rank=7; query="Hostaway" Mallorca Spain "vacation rentals" "book direct" Public business email recovered from first-party website; no inference.				fresh:b1a00eef3501d99f88a4	sunsetbeachclub.com		beach hotel benalmadena malaga	Mallorca	Spain	HIGH	domain:sunsetbeachclub.com
	B	78	Male	Maldives	Meeru Island Resort & Spa		hotel	North Male Atoll, Maldives	664-3157								overture:3d9d5412-8bcf-486e-bf29-26e7196b386e	2026-08-16T17:03:49.715866Z		Canonical queue drain | fit B | GitHub MASTER dedupe passed	http://www.meeru.com		https://www.meeru.com/one-island-one-resort-contact-us/	https://www.instagram.com/meerumaldives/	https://www.facebook.com/MeeruMaldivesIslandResort/		https://meeru.com/villas/garden-rooms/				High	Verified	https://explore.overturemaps.org/#id=3d9d5412-8bcf-486e-bf29-26e7196b386e; https://www.meeru.com/	Public Overture website; no usable Overture email. First-party public contact crawl required; no inference.				overture:3d9d5412-8bcf-486e-bf29-26e7196b386e	meeru.com	6643157	meeru island resort spa	Male	Maldives	HIGH	domain:meeru.com
	B	78	މާލެ އަތޮޅު	Maldives	Adaaran Prestige Ocean Villas		hotel	North Male Atoll, Republic Of Maldives	+9606641930								overture:f087ad84-41d3-4bdf-9595-01c58cc4542d	2026-08-16T17:03:49.715866Z		Canonical queue drain | fit B | GitHub MASTER dedupe passed	http://www.adaaran.com/selecthudhuranfushi/		https://www.adaaran.com/selecthudhuranfushi/contact-us/	https://www.instagram.com/adaaranselecthudhuranfushi/	https://www.facebook.com/Adaaranhudhuranfushi/		https://www.adaaran.com/prestigewatervillas/				High	Verified	https://explore.overturemaps.org/#id=f087ad84-41d3-4bdf-9595-01c58cc4542d; https://www.adaaran.com/selecthudhuranfushi/	Public Overture website; no usable Overture email. First-party public contact crawl required; no inference.				overture:f087ad84-41d3-4bdf-9595-01c58cc4542d	adaaran.com	9606641930	adaaran prestige ocean villas	މާލެ އަތޮޅު	Maldives	HIGH	domain:adaaran.com
	B	78	Подолино	RU	Спортивно-оздоровительный комплекс (СОК) Подолино		ski_resort	Подолино	8 (485) 290-00-53								overture:ee8c44ad-48e7-465c-8ecf-b98c6bb12da2	2026-08-16T16:41:56.205003Z		Canonical queue drain | fit B | GitHub MASTER dedupe passed	http://podolino.com	%20info@podolino.com		https://www.instagram.com/podolino/	https://www.facebook.com/skpodolino/	https://api.whatsapp.com/send?phone=79023300053					Permissive	Qualification	https://explore.overturemaps.org/#id=ee8c44ad-48e7-465c-8ecf-b98c6bb12da2; https://podolino.com/	Public Overture website; no usable Overture email. First-party public contact crawl required; no inference. Public business email recovered from first-party website; no inference.				overture:ee8c44ad-48e7-465c-8ecf-b98c6bb12da2	podolino.com	84852900053		Подолино	RU	PERMISSIVE	domain:podolino.com
	B	78	Accra	GH	Villandro Residence		hotel	Boundary Road HNO 3 Sigma Square	+233241695892								overture:5c7fe9f5-6562-4c77-bdd1-3d1225b09128	2026-08-16T16:36:07.001055Z		Canonical queue drain | fit B | GitHub MASTER dedupe passed	https://www.ghanamenu.com/restaurant/villandro-residence/197	hello@ghanamenu.com	https://www.ghanamenu.com/contactus			https://wa.me/233256909949?text=Hello%2C%20I%20would%20like%20to%20make%20an%20order.	https://www.ghanamenu.com/restaurant/villandro-residence/197				Medium	Recall-first	https://explore.overturemaps.org/#id=5c7fe9f5-6562-4c77-bdd1-3d1225b09128; https://www.ghanamenu.com/contactus	Public Overture website; no usable Overture email. First-party public contact crawl required; no inference. Public business email recovered from first-party website; no inference.				overture:5c7fe9f5-6562-4c77-bdd1-3d1225b09128	ghanamenu.com	233241695892	villandro residence	Accra	GH	MEDIUM	domain:ghanamenu.com
	B	78	Dalhousie	India	Garden Retreat - Open Air Restaurant I Multicuisine		resort	Sagrika Resort, The Mall, Court Road, Near Punjab National Bank Subhash Chowk	01899240489								overture:f76a5757-8b58-4821-9271-0e6dce7a6aa7	2026-08-16T16:33:36.209569Z		Canonical queue drain | fit B | GitHub MASTER dedupe passed	https://www.sagrikaresort.com/articles/food-and-dining/	info@sagrikaresort.com	https://www.sagrikaresort.com/articles/contact-us/			https://api.whatsapp.com/send?phone=919418040660&text=Booking%20Query	https://www.sagrikaresort.com/rooms/				High	Verified	https://explore.overturemaps.org/#id=f76a5757-8b58-4821-9271-0e6dce7a6aa7; https://www.sagrikaresort.com/articles/contact-us/	Public Overture website; no usable Overture email. First-party public contact crawl required; no inference. Public business email recovered from first-party website; no inference.				overture:f76a5757-8b58-4821-9271-0e6dce7a6aa7	sagrikaresort.com	01899240489	garden retreat open air restaurant i multicuisine	Dalhousie	India	HIGH	domain:sagrikaresort.com
	B	78	Nubra	India	Nubra Ecolodge		resort	Sumur, Nubra Valley	09797983088								overture:ede7d04c-2147-4645-bd54-2022911e9497	2026-08-16T16:33:36.209569Z		Canonical queue drain | fit B | GitHub MASTER dedupe passed	http://www.nubraecolodge.com/	nubraecolodge@gmail.com		https://www.instagram.com/nubraecolodge/	https://www.facebook.com/nubraecolodge/		https://www.nubraecolodge.com/rooms/guestroom.html				High	Verified	https://explore.overturemaps.org/#id=ede7d04c-2147-4645-bd54-2022911e9497; https://www.nubraecolodge.com/	Public Overture website; no usable Overture email. First-party public contact crawl required; no inference. Public business email recovered from first-party website; no inference.				overture:ede7d04c-2147-4645-bd54-2022911e9497	nubraecolodge.com	09797983088	nubra ecolodge	Nubra	India	HIGH	domain:nubraecolodge.com
	B	78	Manali Sub-District	India	Grand Krisa Resort and Spa		hotel	Nh-3, Near Green tax barrier	+919417641350								overture:066991dc-23d3-4784-9f1d-31df675edb70	2026-08-16T16:33:36.209569Z		Canonical queue drain | fit B | GitHub MASTER dedupe passed	http://www.grandkrisaresort.com/	info@grandkrisaresort.com	https://www.grandkrisaresort.com/about-us		https://www.facebook.com/Grand-Krisa-Resort-Spa-340508866532556/		https://www.grandkrisaresort.com/rooms				High	Verified	https://explore.overturemaps.org/#id=066991dc-23d3-4784-9f1d-31df675edb70; https://www.grandkrisaresort.com/	Public Overture website; no usable Overture email. First-party public contact crawl required; no inference. Public business email recovered from first-party website; no inference.				overture:066991dc-23d3-4784-9f1d-31df675edb70	grandkrisaresort.com	919417641350	grand krisa resort and spa	Manali Sub-District	India	HIGH	domain:grandkrisaresort.com
	B	78	Dharamshala	India	Echor Mandara Tree Villa Dharamshala		resort	VPO Sudher, Mcleodganj Rd	09501221119								overture:e22dee43-e4e4-49f0-91c8-253967bde3d9	2026-08-16T16:33:36.209569Z		Canonical queue drain | fit B | GitHub MASTER dedupe passed	https://echor.in/hotels-in-dharamshala-luxury-accommodation-in-the-himalayas/		https://echor.in/contact	https://www.instagram.com/echor.hotels/	https://www.facebook.com/EchorHotels/		https://echor.in/destinations				High	Verified	https://explore.overturemaps.org/#id=e22dee43-e4e4-49f0-91c8-253967bde3d9; https://echor.in/hotels-in-dharamshala-luxury-accommodation-in-the-himalayas	Public Overture website; no usable Overture email. First-party public contact crawl required; no inference.				overture:e22dee43-e4e4-49f0-91c8-253967bde3d9	echor.in	09501221119	echor mandara tree villa dharamshala	Dharamshala	India	HIGH	domain:echor.in
	B	78	Rishikesh	India	Veda5 Ayurveda & Yoga Retreat Rishikesh		resort	Veda5 Wellness Ayurveda & Yoga Retreat, Ratta Pani, Neelkanth Road, City Centre at Tapovan	07895670536								overture:720f0d64-3834-4773-beee-1cd4ca34c8dd	2026-08-16T16:33:36.209569Z		Canonical queue drain | fit B | GitHub MASTER dedupe passed	https://www.vedafive.com/	info@vedafive.com	https://www.vedafive.com/contact/	https://www.instagram.com/veda5wellness/	https://www.facebook.com/veda5Wellness/						High	Verified	https://explore.overturemaps.org/#id=720f0d64-3834-4773-beee-1cd4ca34c8dd; https://www.vedafive.com/	Public Overture website; no usable Overture email. First-party public contact crawl required; no inference. Public business email recovered from first-party website; no inference.				overture:720f0d64-3834-4773-beee-1cd4ca34c8dd	vedafive.com	07895670536	veda5 ayurveda yoga retreat rishikesh	Rishikesh	India	HIGH	domain:vedafive.com
	B	78	Rishikesh	India	Tiger Estate Resort		resort	Mohanchatti, Bairagarh\n	+919528691018								overture:7c5268a3-221a-4a37-b0ec-39710aef61cc	2026-08-16T16:33:36.209569Z		Canonical queue drain | fit B | GitHub MASTER dedupe passed	https://www.thetigerestate.com/	tigerestate@yahoo.com	https://www.thetigerestate.com/contact/	https://www.instagram.com/tiger.estate/	https://www.facebook.com/tigerestate.rishikesh/						High	Verified	https://explore.overturemaps.org/#id=7c5268a3-221a-4a37-b0ec-39710aef61cc; https://www.thetigerestate.com/	Public Overture website; no usable Overture email. First-party public contact crawl required; no inference. Public business email recovered from first-party website; no inference.				overture:7c5268a3-221a-4a37-b0ec-39710aef61cc	thetigerestate.com	919528691018	tiger estate resort	Rishikesh	India	HIGH	domain:thetigerestate.com
	B	78	Nahan Sub-District	India	The Sirmour Retreat		resort	Renuka Road	+919313002006								overture:f75c9576-a4b8-417d-a000-7cf5d9e19be4	2026-08-16T16:33:36.209569Z		Canonical queue drain | fit B | GitHub MASTER dedupe passed	http://www.thesirmourretreat.com	reservations@thesirmourretreat.com	https://www.thesirmourretreat.com/about-us	https://www.instagram.com/thesirmourretreat/	https://www.facebook.com/thesirmourretreat/						High	Verified	https://explore.overturemaps.org/#id=f75c9576-a4b8-417d-a000-7cf5d9e19be4; https://www.thesirmourretreat.com/; https://www.thesirmourretreat.com/contact	Public Overture website; no usable Overture email. First-party public contact crawl required; no inference. Public business email recovered from first-party website; no inference.				overture:f75c9576-a4b8-417d-a000-7cf5d9e19be4	thesirmourretreat.com	919313002006	the sirmour retreat	Nahan Sub-District	India	HIGH	domain:thesirmourretreat.com
	B	78	Hoshiarpur	India	Shagun Resorts		hotel	Jalandhar Ring Road, Railway Road	+911882237800								overture:9fe16922-d19d-4d10-b947-6d05a2ea13ee	2026-08-16T16:33:36.209569Z		Canonical queue drain | fit B | GitHub MASTER dedupe passed	http://nirvanaresortsindia.com	nirvanaresortindia@gmail.com	https://www.nirvanaresortsindia.com/about.php	https://www.instagram.com/nirvana_resorts_and_spa/	https://www.facebook.com/nirvanaresortsindia/						High	Verified	https://explore.overturemaps.org/#id=9fe16922-d19d-4d10-b947-6d05a2ea13ee; https://www.nirvanaresortsindia.com/	Public Overture website; no usable Overture email. First-party public contact crawl required; no inference. Public business email recovered from first-party website; no inference.				overture:9fe16922-d19d-4d10-b947-6d05a2ea13ee	nirvanaresortsindia.com	911882237800	shagun resorts	Hoshiarpur	India	HIGH	domain:nirvanaresortsindia.com
	B	78	barkot	India	Shivlinga Villa Hotel & Resort		resort	Near, Yamunotri Highway,	087555 44335								overture:ca2ab43e-0704-4f3f-949f-e2bc62d4f869	2026-08-16T16:33:36.209569Z		Canonical queue drain | fit B | GitHub MASTER dedupe passed	https://hotelshivlingavilla.com	shivlingavilla@gmail.com	https://hotelshivlingavilla.com/home/barkot-hotels-contact-number/	https://www.instagram.com/shivlinga_resort_barkot/	https://www.facebook.com/ShivlingaVillaHotelAndResort/						High	Verified	https://explore.overturemaps.org/#id=ca2ab43e-0704-4f3f-949f-e2bc62d4f869; https://hotelshivlingavilla.com/; https://hotelshivlingavilla.com; https://hotelshivlingavilla.com/home/barkot-hotels-contact-number/	Public Overture website; no usable Overture email. First-party public contact crawl required; no inference. Public business email recovered from first-party website; no inference.				overture:ca2ab43e-0704-4f3f-949f-e2bc62d4f869	hotelshivlingavilla.com	08755544335	shivlinga villa hotel resort	barkot	India	HIGH	domain:hotelshivlingavilla.com
	B	78	Shimla	India	Heavens Mahasu Villa		resort	Heavens Mahasu Villa, Totu Kenchi mod, Airport Road, Taradevi bye Pass	07649986770								overture:48f05922-10aa-4acf-b5f2-4de8992c19a4	2026-08-16T16:33:36.209569Z		Canonical queue drain | fit B | GitHub MASTER dedupe passed	http://heavensmahasuvilla.com/	heavensmahasuvilla@gmail.com	https://heavensmahasuvilla.com/contact/	https://www.instagram.com/heavensmahasu01/	https://www.facebook.com/Heavens-Mahasu-VILLA-Shimla-100289208847287/						High	Verified	https://explore.overturemaps.org/#id=48f05922-10aa-4acf-b5f2-4de8992c19a4; https://heavensmahasuvilla.com/	Public Overture website; no usable Overture email. First-party public contact crawl required; no inference. Public business email recovered from first-party website; no inference.				overture:48f05922-10aa-4acf-b5f2-4de8992c19a4	heavensmahasuvilla.com	07649986770	heavens mahasu villa	Shimla	India	HIGH	domain:heavensmahasuvilla.com
	B	78	Tehri	India	Clemora Estate		resort	Tehri-Garhwal, Uttarakhand, India	+919211445429								overture:970378ad-d012-422b-a3d7-b217fb690974	2026-08-16T16:33:36.209569Z		Canonical queue drain | fit B | GitHub MASTER dedupe passed	https://clemoraestate.in/	preeti.mishra@clemoraestate.in	https://clemoraestate.in/about-clemora-estate/	https://www.instagram.com/clemoraestate/	https://www.facebook.com/clemoraestate/						High	Verified	https://explore.overturemaps.org/#id=970378ad-d012-422b-a3d7-b217fb690974; https://clemoraestate.in/	Public Overture website; no usable Overture email. First-party public contact crawl required; no inference. Public business email recovered from first-party website; no inference.				overture:970378ad-d012-422b-a3d7-b217fb690974	clemoraestate.in	919211445429	clemora estate	Tehri	India	HIGH	domain:clemoraestate.in
	B	78	Nattarampotha	Sri Lanka	Wisdom Boutique Resort		resort	11/3 Pandiwatta	+94764241251								overture:26b18727-bad9-4d8c-be0c-1ecda429fddf	2026-08-16T15:56:27.932537Z		Canonical queue drain | fit B | GitHub MASTER dedupe passed	https://wisdomboutiqueresort.com/		https://www.wisdomboutiqueresort.com/about-us	https://www.instagram.com/wix/	https://www.facebook.com/profile.php/		https://www.wisdomboutiqueresort.com/rooms				High	Verified	https://explore.overturemaps.org/#id=26b18727-bad9-4d8c-be0c-1ecda429fddf; https://www.wisdomboutiqueresort.com/	Public Overture website; no usable Overture email. First-party public contact crawl required; no inference.				overture:26b18727-bad9-4d8c-be0c-1ecda429fddf	wisdomboutiqueresort.com	94764241251	wisdom boutique resort	Nattarampotha	Sri Lanka	HIGH	domain:wisdomboutiqueresort.com
	B	78	Hambantota District	Sri Lanka	Vintara Eco Resort		hotel	Bandagiriya road	+94707722722								overture:da2bd464-c0e2-4385-9838-0cba5506d061	2026-08-16T15:56:27.932537Z		Canonical queue drain | fit B | GitHub MASTER dedupe passed	http://www.vintaraeco.com/	info@vintaraeco.com	https://vintaraeco.com/reservations/		https://www.facebook.com/BandagirivillageResort-130592334145456/		https://vintaraeco.com/wp-content/plugins/booking/css/client.css?ver=11.4.3				High	Verified	https://explore.overturemaps.org/#id=da2bd464-c0e2-4385-9838-0cba5506d061; https://vintaraeco.com/	Public Overture website; no usable Overture email. First-party public contact crawl required; no inference. Public business email recovered from first-party website; no inference.				overture:da2bd464-c0e2-4385-9838-0cba5506d061	vintaraeco.com	94707722722	vintara eco resort	Hambantota District	Sri Lanka	HIGH	domain:vintaraeco.com
	B	78	Kirinda	Sri Lanka	Tropical Garden Villas		hotel		+94771080859								overture:85802d7a-356d-406d-90f1-6aaf05495f7a	2026-08-16T15:56:27.932537Z		Canonical queue drain | fit B | GitHub MASTER dedupe passed	https://www.tropicalgardenvillas.com/		https://reservations.tropicalgardenvillas.com/booking/boutique-87	https://www.instagram.com/tropicalgardenvillaslk/	https://www.facebook.com/treasurerockkirinda/		https://reservations.tropicalgardenvillas.com/booking/boutique-87				High	Verified	https://explore.overturemaps.org/#id=85802d7a-356d-406d-90f1-6aaf05495f7a; https://tropicalgardenvillas.com/	Public Overture website; no usable Overture email. First-party public contact crawl required; no inference.				overture:85802d7a-356d-406d-90f1-6aaf05495f7a	tropicalgardenvillas.com	94771080859	tropical garden villas	Kirinda	Sri Lanka	HIGH	domain:tropicalgardenvillas.com
	B	78	Galle	Sri Lanka	Satori Villa and Retreat		hotel	Koratuwa Gedera. Mataramba Rd, Unawatuna	+94768726684								overture:cbaa8b51-4dee-483c-81ad-fd3bbfbec188	2026-08-16T15:56:27.932537Z		Canonical queue drain | fit B | GitHub MASTER dedupe passed	http://www.satorivilla.com/		https://satorivilla.com/contact/	https://www.instagram.com/satori_villa_sri_lanka/	https://www.facebook.com/satorisrilanka/		https://satorivilla.com/satori/accommodation/the-main-villa/				High	Verified	https://explore.overturemaps.org/#id=cbaa8b51-4dee-483c-81ad-fd3bbfbec188; https://satorivilla.com/	Public Overture website; no usable Overture email. First-party public contact crawl required; no inference.				overture:cbaa8b51-4dee-483c-81ad-fd3bbfbec188	satorivilla.com	94768726684	satori villa and retreat	Galle	Sri Lanka	HIGH	domain:satorivilla.com
	B	78	Kirinda	Sri Lanka	Yala Chalets by Lalan Leisure		resort	Yala Junction	+94772105494								overture:00a4641f-a8fa-4e82-9ad7-77baa480692d	2026-08-16T15:56:27.932537Z		Canonical queue drain | fit B | GitHub MASTER dedupe passed	http://www.lalanleisure.com/		https://www.lalanleisure.com/about-us/	https://www.instagram.com/lalanleisure/	https://www.facebook.com/LalanLeisurebungalows/		https://www.lalanleisure.com/destinations/yala-chalets/				High	Verified	https://explore.overturemaps.org/#id=00a4641f-a8fa-4e82-9ad7-77baa480692d; https://www.lalanleisure.com/about-us/	Public Overture website; no usable Overture email. First-party public contact crawl required; no inference.				overture:00a4641f-a8fa-4e82-9ad7-77baa480692d	lalanleisure.com	94772105494	yala chalets by lalan leisure	Kirinda	Sri Lanka	HIGH	domain:lalanleisure.com
	B	78	World-Atlas::asia::13-52::lane=site-recovery	Sri Lanka	Sinharaja Ecolodge Lankagama		resort	Sinharaja Ecolodge Lankagama, Lankagama, Neluwa, Sri Lanka	+94706800134								overture:3a172a8d-20aa-49e9-91e8-76af7f604d89	2026-08-16T15:56:27.932537Z		Canonical queue drain | fit B | GitHub MASTER dedupe passed	https://sinharajaecolodge.com/	info@sinharajaecolodge.com	https://sinharajaecolodge.com/about/	https://www.instagram.com/sinharajaecolodge/	https://www.facebook.com/sinharajaecolodgelankagama/						High	Verified	https://explore.overturemaps.org/#id=3a172a8d-20aa-49e9-91e8-76af7f604d89; https://sinharajaecolodge.com/; https://sinharajaecolodge.com/contact/	Public Overture website; no usable Overture email. First-party public contact crawl required; no inference. Public business email recovered from first-party website; no inference.				overture:3a172a8d-20aa-49e9-91e8-76af7f604d89	sinharajaecolodge.com	94706800134	sinharaja ecolodge lankagama	World-Atlas::asia::13-52::lane=site-recovery	Sri Lanka	HIGH	domain:sinharajaecolodge.com
	B	78	Kahandamodara	Sri Lanka	Serendivi Resort Villa		hotel	Modara Mawatha, Kahandamodara Road	+94768211119								overture:e8657feb-44e6-4bf1-93f1-b4cfc69888c1	2026-08-16T15:56:27.932537Z		Canonical queue drain | fit B | GitHub MASTER dedupe passed	https://www.serendivi.lk/	info@serendivi.lk	https://www.serendivi.lk/serendivi-luxury-villa-tangalle-contact.php	https://www.instagram.com/serendiviresort/	https://www.facebook.com/Serendivi-Resort-Villa-346820366130278/						High	Verified	https://explore.overturemaps.org/#id=e8657feb-44e6-4bf1-93f1-b4cfc69888c1; https://www.serendivi.lk/	Public Overture website; no usable Overture email. First-party public contact crawl required; no inference. Public business email recovered from first-party website; no inference.				overture:e8657feb-44e6-4bf1-93f1-b4cfc69888c1	serendivi.lk	94768211119	serendivi resort villa	Kahandamodara	Sri Lanka	HIGH	domain:serendivi.lk
	B	78	Puwakpitiya	Sri Lanka	Chandana Villa Reception Hall & Holiday Resort		hotel	410/3,Colombo Road	+94713493279								overture:56a18131-ce5e-4d0e-8fcc-910ab82994be	2026-08-16T15:56:27.932537Z		Canonical queue drain | fit B | GitHub MASTER dedupe passed	http://www.chandanavilla.com/	admin@chandanavilla.com	https://www.chandanavilla.com/contact	https://www.instagram.com/chandana_villa/	https://www.facebook.com/ChandanaVilla19/						High	Verified	https://explore.overturemaps.org/#id=56a18131-ce5e-4d0e-8fcc-910ab82994be; https://www.chandanavilla.com/	Public Overture website; no usable Overture email. First-party public contact crawl required; no inference. Public business email recovered from first-party website; no inference.				overture:56a18131-ce5e-4d0e-8fcc-910ab82994be	chandanavilla.com	94713493279	chandana villa reception hall holiday resort	Puwakpitiya	Sri Lanka	HIGH	domain:chandanavilla.com
	B	78	Florianópolis	Brazil	Il Campanario Villagio Resort		resort	Av. dos Búzios, 1760	(48) 3261-6000								overture:e2b5212e-e961-49ba-8540-257c481a3f0e	2026-08-16T15:54:34.298516Z		Canonical queue drain | fit B | GitHub MASTER dedupe passed	https://www.ilcampanario.com.br			https://www.instagram.com/ilcampanario/	https://www.facebook.com/ilcampanario/	https://wa.me/5548991634985	https://www.ilcampanario.com.br/assets/AccommodationList-BBd2sOq0.js				High	Verified	https://explore.overturemaps.org/#id=e2b5212e-e961-49ba-8540-257c481a3f0e; https://www.ilcampanario.com.br/; https://www.ilcampanario.com.br	Public Overture website; no usable Overture email. First-party public contact crawl required; no inference.				overture:e2b5212e-e961-49ba-8540-257c481a3f0e	ilcampanario.com.br	4832616000	il campanario villagio resort	Florianópolis	Brazil	HIGH	domain:ilcampanario.com.br
	B	78	Algarve	Portugal	Carvoeiro Rentals Exclusive Villas		hospitality_search_candidate										fresh:f6afb89f9ed6d960c06a	2026-08-16T15:54:34.298516Z		Canonical queue drain | fit B | GitHub MASTER dedupe passed	https://carvoeiro.rentals/		https://carvoeiro.rentals/en/about-us	https://www.instagram.com/pac4portugal/	https://www.facebook.com/PAC.Portugal.Ltd/	https://wa.me/351964014839?text=Hi%20Pac4Portugal!%20I'm%20planning%20a%20holiday%20in%20Portugal%20and%20would%20like%20some%20help%20finding%20the%20right%20villa.	https://carvoeiro.rentals/en/why-choose-a-villa-in-carvoeiro				High	Verified	https://carvoeiro.rentals/	Public search evidence; family=lodgify_footprint; provider=ddgs; rank=1; query="Powered by Lodgify" Algarve Portugal villa rentals				fresh:f6afb89f9ed6d960c06a	carvoeiro.rentals		carvoeiro rentals exclusive villas	Algarve	Portugal	HIGH	domain:carvoeiro.rentals
	B	78	Blumenau	Brazil	Villa do Vale Boutique Hotel		hotel	Rua Petrópolis, 347	+554732344941								overture:2351f472-a010-47ac-a5b5-c5d5e122cf58	2026-08-16T15:54:34.298516Z		Canonical queue drain | fit B | GitHub MASTER dedupe passed	http://villadovalehotel.com.br/	reservas@villadovalehotel.com.br	https://villadovalehotel.com.br/contato/	https://www.instagram.com/hotelvilladovale/	https://www.facebook.com/villadovale/						High	Verified	https://explore.overturemaps.org/#id=2351f472-a010-47ac-a5b5-c5d5e122cf58; https://villadovalehotel.com.br/; https://villadovalehotel.com.br/contato/	Public Overture website; no usable Overture email. First-party public contact crawl required; no inference. Public business email recovered from first-party website; no inference.				overture:2351f472-a010-47ac-a5b5-c5d5e122cf58	villadovalehotel.com.br	554732344941	villa do vale boutique hotel	Blumenau	Brazil	HIGH	domain:villadovalehotel.com.br
	B	78	Imbituba	Brazil	Pousada Vida Sol e Mar		hotel	Estrada Geral da Praia do Rosas/, 88780	+554833556111								overture:a94234e2-36cc-450b-b627-4e24f1596035	2026-08-16T15:54:34.298516Z		Canonical queue drain | fit B | GitHub MASTER dedupe passed	http://www.vidasolemar.com.br/	contato@vidasolemar.com.br	https://www.vidasolemar.com.br/contato/	https://www.instagram.com/vida_sol_e_mar_ecoresort/	https://www.facebook.com/vidasolemar/						High	Verified	https://explore.overturemaps.org/#id=a94234e2-36cc-450b-b627-4e24f1596035; https://www.vidasolemar.com.br/; https://www.vidasolemar.com.br/contato/	Public Overture website; no usable Overture email. First-party public contact crawl required; no inference. Public business email recovered from first-party website; no inference.				overture:a94234e2-36cc-450b-b627-4e24f1596035	vidasolemar.com.br	554833556111	pousada vida sol e mar	Imbituba	Brazil	HIGH	domain:vidasolemar.com.br
	B	78	Urubamba	Peru	Miski Samay Domo Boutique		hotel	Yanahuara, San Isidro	+51993409997								overture:179ee31c-268c-4789-875f-ea79ec392740	2026-08-16T15:51:10.025296Z		Canonical queue drain | fit B | GitHub MASTER dedupe passed	http://www.miskisamay.com/		https://miskisamay.com/wp-content/plugins/motopress-hotel-booking-lite/assets/css/mphb.min.css?ver=6.1.0	https://www.instagram.com/miskisamaydomoboutique/	https://www.facebook.com/MiskiSamayDomoBoutique/		https://miskisamay.com/wp-content/plugins/motopress-hotel-booking-lite/assets/css/mphb.min.css?ver=6.1.0				High	Verified	https://explore.overturemaps.org/#id=179ee31c-268c-4789-875f-ea79ec392740; https://miskisamay.com/	Public Overture website; no usable Overture email. First-party public contact crawl required; no inference.				overture:179ee31c-268c-4789-875f-ea79ec392740	miskisamay.com	51993409997	miski samay domo boutique	Urubamba	Peru	HIGH	domain:miskisamay.com
	B	78	Cusco	Peru	Alquiler Apartamentos amoblados Inti		vacation_rental_agent	Urtbanización Reyna de Belén Manzana C lote 3	944048001								overture:901fdb86-fc03-4f5c-9868-159f6018f5ea	2026-08-16T15:51:10.025296Z		Canonical queue drain | fit B | GitHub MASTER dedupe passed	http://www.apartmentcusco.com/	informes@apartmentcusco.com	https://www.apartmentcusco.com/index.php/es/contacto	https://www.instagram.com/apartmentincusco/	https://www.facebook.com/aparmentcusco/						Permissive	Qualification	https://explore.overturemaps.org/#id=901fdb86-fc03-4f5c-9868-159f6018f5ea; https://www.apartmentcusco.com/index.php/es/	Public Overture website; no usable Overture email. First-party public contact crawl required; no inference. Public business email recovered from first-party website; no inference.				overture:901fdb86-fc03-4f5c-9868-159f6018f5ea	apartmentcusco.com	944048001	alquiler apartamentos amoblados inti	Cusco	Peru	PERMISSIVE	domain:apartmentcusco.com
	B	78	Aquiraz	Brazil	Planet Dunas		resort	Av. Caminho do Sol, 3487	+5585985088045								overture:a3aec094-af8c-4c21-96d7-9c006a92d5f4	2026-08-16T15:48:11.443771Z		Canonical queue drain | fit B | GitHub MASTER dedupe passed	http://www.planetdunas.com.br/			https://www.instagram.com/planetdunas/	https://www.facebook.com/planetdunasresidence/	https://api.whatsapp.com/send?phone=5585999955932	https://www.planetdunas.com.br/suites-chng				High	Verified	https://explore.overturemaps.org/#id=a3aec094-af8c-4c21-96d7-9c006a92d5f4; https://www.planetdunas.com.br/	Public Overture website; no usable Overture email. First-party public contact crawl required; no inference.				overture:a3aec094-af8c-4c21-96d7-9c006a92d5f4	planetdunas.com.br	5585985088045	planet dunas	Aquiraz	Brazil	HIGH	domain:planetdunas.com.br
	B	78	Gramado	Brazil	Daara Transamerica Collection Gramado		resort	Av. Borges de Medeiros 4165	5434219984								overture:1325817a-f2bf-4f38-8305-292111fa13be	2026-08-16T15:48:11.443771Z		Canonical queue drain | fit B | GitHub MASTER dedupe passed	https://www.letsatlantica.com.br/daara-transamerica-collection-gramado?utm_source=bngp&utm_medium=organic&utm_campaign=bingp-datc-cta-profile		https://www.letsatlantica.com.br/assets/BookingSearch-Dg3GzHk-.js	https://www.instagram.com/daaratransamericacollection/		https://wa.me/5554984385397?text=Ol%C3%A1%2C+vim+atrav%C3%A9s+do+site.+Poderia+me+ajudar%3F	https://www.letsatlantica.com.br/assets/BookingSearch-Dg3GzHk-.js				High	Verified	https://explore.overturemaps.org/#id=1325817a-f2bf-4f38-8305-292111fa13be; https://www.letsatlantica.com.br/daara-transamerica-collection-gramado?utm_source=bngp&utm_medium=organic&utm_campaign=bingp-datc-cta-profile	Public Overture website; no usable Overture email. First-party public contact crawl required; no inference.				overture:1325817a-f2bf-4f38-8305-292111fa13be	letsatlantica.com.br	5434219984	daara transamerica collection gramado	Gramado	Brazil	HIGH	domain:letsatlantica.com.br
	B	78	Gramado	Brazil	Le Boutique Hotel Gramado		resort	Setenta e Cinco Rua Cortina D'ampezzo Hotel	5434224532								overture:86ea7722-f2d7-4a6a-af12-88c89feae462	2026-08-16T15:48:11.443771Z		Canonical queue drain | fit B | GitHub MASTER dedupe passed	https://leboutiquehotelgramado.com.br/	reservas@leboutiquehotelgramado.com.br		https://www.instagram.com/leboutiquehotelgramado/	https://www.facebook.com/leboutiquehotelgramado/	https://wa.me/5554993669376					High	Verified	https://explore.overturemaps.org/#id=86ea7722-f2d7-4a6a-af12-88c89feae462; https://www.leboutiquehotelgramado.com.br/	Public Overture website; no usable Overture email. First-party public contact crawl required; no inference. Public business email recovered from first-party website; no inference.				overture:86ea7722-f2d7-4a6a-af12-88c89feae462	leboutiquehotelgramado.com.br	5434224532	le boutique hotel gramado	Gramado	Brazil	HIGH	domain:leboutiquehotelgramado.com.br
	B	78	Orlando	Florida	Reserve Homes 4 UU		hospitality_search_candidate										fresh:1a46d0e6efbec4f2d7ba	2026-08-16T15:45:12.172976Z		Canonical queue drain | fit B | GitHub MASTER dedupe passed	https://www.homes4uu.com/	kristyn.homes4uu@gmail.com	https://www.homes4uu.com/about-us	https://www.instagram.com/homes4uu/	https://www.facebook.com/homes4uu/		https://www.homes4uu.com/review				High	Verified	https://www.homes4uu.com/	Public search evidence; family=hostaway_footprint; provider=ddgs; rank=7; query="Hostaway" Orlando Florida "vacation rentals" "book direct" Public business email recovered from first-party website; no inference.				fresh:1a46d0e6efbec4f2d7ba	homes4uu.com		reserve homes 4 uu	Orlando	Florida	HIGH	domain:homes4uu.com
	B	78	Orlando	Florida	Orlando Vacation Rentals & Homes		hospitality_search_candidate										fresh:ea19ee561970d866d53b	2026-08-16T15:45:12.172976Z		Canonical queue drain | fit B | GitHub MASTER dedupe passed	https://funstayhomes.com/	funstayvacations@gmail.com	https://funstayhomes.com/about-us/	https://www.instagram.com/funstay_homes/	https://www.facebook.com/FunStayHomes/		https://funstayhomes.com/feed/				High	Verified	https://funstayhomes.com/	Public search evidence; family=guesty_footprint; provider=ddgs; rank=6; query="Powered by Guesty" Orlando Florida vacation rentals Public business email recovered from first-party website; no inference.				fresh:ea19ee561970d866d53b	funstayhomes.com		orlando vacation rentals homes	Orlando	Florida	HIGH	domain:funstayhomes.com
	B	78	Maui	Hawaii	Midway Vacations		hospitality_search_candidate										fresh:f238c403acbc16a89147	2026-08-16T15:42:04.268535Z		Canonical queue drain | fit B | GitHub MASTER dedupe passed	https://midwayvacations.com/	inquiries@midwayvacations.com	https://midwayvacations.com/contact-us/	https://www.instagram.com/midwayvacations/	https://www.facebook.com/midwayvacations/		https://midwayvacations.com/wp-content/plugins/homerunner/assets/css/booking-widget.css?ver=2.5.1				High	Verified	https://midwayvacations.com/	Public search evidence; family=hostaway_footprint; provider=ddgs; rank=1; query="Hostaway" Maui Hawaii "vacation rentals" "book direct" Public business email recovered from first-party website; no inference.				fresh:f238c403acbc16a89147	midwayvacations.com		midway vacations	Maui	Hawaii	HIGH	domain:midwayvacations.com
	B	78	Ibiza	Spain	Ibiza Villas		hospitality_search_candidate										fresh:d1b695c5aa4e63ec09f4	2026-08-16T15:42:04.268535Z		Canonical queue drain | fit B | GitHub MASTER dedupe passed	https://www.ibizavillas.com/	experience@ibizavillas.com	https://www.ibizavillas.com/about-us/	https://www.instagram.com/ibizavillasofficial/	https://www.facebook.com/Ibiza-Villas-104996601202810/		https://www.ibizavillas.com/luxury-villas/				High	Verified	https://www.ibizavillas.com/	Public search evidence; family=lodgify_footprint; provider=ddgs; rank=3; query="Powered by Lodgify" Ibiza Spain villa rentals Public business email recovered from first-party website; no inference.				fresh:d1b695c5aa4e63ec09f4	ibizavillas.com		ibiza villas	Ibiza	Spain	HIGH	domain:ibizavillas.com
	B	78	Maui	Hawaii	Hawaii Vacation Rentals with the Traveler in Mind		hospitality_search_candidate										fresh:ec5a7298bcfbaf8fb8d0	2026-08-16T15:42:04.268535Z		Canonical queue drain | fit B | GitHub MASTER dedupe passed	https://www.homeyhawaii.com/	webmaster@homeyhawaii.com	https://www.homeyhawaii.com/about.php	https://www.instagram.com/homeyhawaii/	https://www.facebook.com/groups/homeyhawaii/		https://www.homeyhawaii.com/list-your-hawaii-vacation-rental.php				High	Verified	https://www.homeyhawaii.com/	Public search evidence; family=hostaway_footprint; provider=ddgs; rank=2; query="Hostaway" Maui Hawaii "vacation rentals" "book direct" Public business email recovered from first-party website; no inference.				fresh:ec5a7298bcfbaf8fb8d0	homeyhawaii.com		hawaii vacation rentals with the traveler in mind	Maui	Hawaii	HIGH	domain:homeyhawaii.com
	B	78	Maui	Hawaii	Vacation-Maui.net		hospitality_search_candidate										fresh:0cf9e39fa1b615ae2818	2026-08-16T15:35:44.746339Z		Canonical queue drain | fit B | GitHub MASTER dedupe passed	https://www.vacation-maui.net/	reservations@vacation-maui.net	https://www.vacation-maui.net/contact-us/	https://www.instagram.com/vacation_maui/	https://www.facebook.com/vacation.maui.kihei/		https://www.vacation-maui.net/wailea-elua-village/				High	Verified	https://www.vacation-maui.net/; https://www.vacation-maui.net/contact-us/	Public search evidence; family=guesty_footprint; provider=ddgs; rank=2; query="Powered by Guesty" Maui Hawaii vacation rentals Public business email recovered from first-party website; no inference.				fresh:0cf9e39fa1b615ae2818	vacation-maui.net		vacation maui net	Maui	Hawaii	HIGH	domain:vacation-maui.net
	B	78	Maui	Hawaii	Maui Vacation Rentals: Homes, Hotel Resorts & Condos for Rent in Hawaii		hospitality_search_candidate										fresh:b5239b7023ea4a3f6b74	2026-08-16T15:35:44.746339Z		Canonical queue drain | fit B | GitHub MASTER dedupe passed	https://www.vacation-maui.com/	info@vacation-maui.com	https://www.vacation-maui.com/about-us	https://www.instagram.com/vacation.maui/	https://www.facebook.com/vacation.maui/		https://www.vacation-maui.com/west-maui-vacation-rentals/ocean-view				High	Verified	https://www.vacation-maui.com/	Public search evidence; family=lodgify_footprint; provider=ddgs; rank=6; query="Powered by Lodgify" Maui Hawaii villa rentals Public business email recovered from first-party website; no inference.				fresh:b5239b7023ea4a3f6b74	vacation-maui.com		maui vacation rentals homes hotel resorts condos for rent in hawaii	Maui	Hawaii	HIGH	domain:vacation-maui.com
	B	78	Maui	Hawaii	Maui Vacation Rentals 2026/2027		hospitality_search_candidate										fresh:a10c2da4e59864e8fdc1	2026-08-16T15:35:44.746339Z		Canonical queue drain | fit B | GitHub MASTER dedupe passed	https://www.thetopvillas.com/destination/maui		https://www.thetopvillas.com/en_us/contact-us	https://www.instagram.com/top_villas/	https://www.facebook.com/TopVillas/	https://wa.me/447936710150	https://www.thetopvillas.com/destination/maui/maui-vacation-rentals-for-large-groups				High	Verified	https://www.thetopvillas.com/destination/maui	Public search evidence; family=lodgify_footprint; provider=ddgs; rank=5; query="Powered by Lodgify" Maui Hawaii villa rentals				fresh:a10c2da4e59864e8fdc1	thetopvillas.com		maui vacation rentals 2026 2027	Maui	Hawaii	HIGH	domain:thetopvillas.com
	B	78	Palm Springs	California	Helios Vacations		hospitality_search_candidate										fresh:4f188a02a5390ae2a977	2026-08-16T15:35:44.746339Z		Canonical queue drain | fit B | GitHub MASTER dedupe passed	https://heliosvacations.com/	support@heliosvacations.com	https://heliosvacations.com/about/	https://www.instagram.com/heliosvacations/	https://www.facebook.com/heliosvacations/		https://heliosvacations.com/properties/villa-merion-at-pga-west-grand-tuscan-estate/				High	Verified	https://heliosvacations.com/	Public search evidence; family=hostaway_footprint; provider=ddgs; rank=6; query="Hostaway" Palm Springs California "vacation rentals" "book direct" Public business email recovered from first-party website; no inference.				fresh:4f188a02a5390ae2a977	heliosvacations.com		helios vacations	Palm Springs	California	HIGH	domain:heliosvacations.com
	B	78	Maui	Hawaii	Maui Luxury Vacation Rentals and Villas		hospitality_search_candidate										fresh:3feade8812476b0f83dc	2026-08-16T15:35:44.746339Z		Canonical queue drain | fit B | GitHub MASTER dedupe passed	https://gathervacations.com/vacation-rentals/hawaii/maui-rentals/	bookings@gathervacations.com	https://gathervacations.com/about-us/	https://www.instagram.com/gathervacations/	https://www.facebook.com/GatherVacations/		https://gathervacations.com/vacation-rentals/hawaii/maui-rentals/lahaina-vacation-rentals-villas/				High	Verified	https://gathervacations.com/vacation-rentals/hawaii/maui-rentals/; https://gathervacations.com/about-us/	Public search evidence; family=guesty_footprint; provider=ddgs; rank=6; query="Powered by Guesty" Maui Hawaii vacation rentals Public business email recovered from first-party website; no inference.				fresh:3feade8812476b0f83dc	gathervacations.com		maui luxury vacation rentals and villas	Maui	Hawaii	HIGH	domain:gathervacations.com
	B	78	Mykonos	Greece	BlueVillas Collection		hospitality_search_candidate										fresh:86f07a7e713dbb836068	2026-08-16T15:35:44.746339Z		Canonical queue drain | fit B | GitHub MASTER dedupe passed	https://www.bluevillascollection.com/mykonos	reservations@bluevillascollection.com	https://www.bluevillascollection.com/about-us	https://www.instagram.com/bluevillas/	https://www.facebook.com/bluevillascollection/		https://www.bluevillascollection.com/mykonos				High	Verified	https://www.bluevillascollection.com/mykonos; https://www.bluevillascollection.com/contact	Public search evidence; family=lodgify_footprint; provider=ddgs; rank=7; query="Powered by Lodgify" Mykonos Greece villa rentals Public business email recovered from first-party website; no inference.				fresh:86f07a7e713dbb836068	bluevillascollection.com		bluevillas collection	Mykonos	Greece	HIGH	domain:bluevillascollection.com
	B	78	San Diego	California	THE BEACH COTTAGES		hospitality_search_candidate										fresh:14754d9212c3ee3ad8e0	2026-08-16T15:35:44.746339Z		Canonical queue drain | fit B | GitHub MASTER dedupe passed	https://www.beachcottages.com/	info@beachcottages.com	https://www.beachcottages.com/book-now	https://www.instagram.com/thebeachcottages/	https://www.facebook.com/The-Beach-Cottages-107708232625723/		https://www.beachcottages.com/book-now				High	Verified	https://www.beachcottages.com/	Public search evidence; family=hostaway_footprint; provider=ddgs; rank=7; query="Hostaway" San Diego California "vacation rentals" "book direct" Public business email recovered from first-party website; no inference.				fresh:14754d9212c3ee3ad8e0	beachcottages.com		the beach cottages	San Diego	California	HIGH	domain:beachcottages.com
	B	78	Armação dos Búzios	Brazil	Serena Buzios		resort	Rua Campo do Pouso, 1630	+552226232749								overture:cec7c622-855d-4386-ac57-0c3d584963b5	2026-08-16T15:22:20.338316Z		Canonical queue drain | fit B | GitHub MASTER dedupe passed	https://www.rochester-hotel.com/serena/		https://www.rochester-hotel.com/contacto/	https://www.instagram.com/rochesterhotels/	https://www.facebook.com/RochesterHotels/	https://api.whatsapp.com/send?phone=5491152561060					High	Verified	https://explore.overturemaps.org/#id=cec7c622-855d-4386-ac57-0c3d584963b5; https://www.rochester-hotel.com/serena/	Public Overture website; no usable Overture email. First-party public contact crawl required; no inference.				overture:cec7c622-855d-4386-ac57-0c3d584963b5	rochester-hotel.com	552226232749	serena buzios	Armação dos Búzios	Brazil	HIGH	domain:rochester-hotel.com
	B	78	Angra dos Reis	Brazil	Hotel Fazenda Gamela Eco Resort		hotel	Estrada do Cantagalo	+552122203731								overture:efab1fef-9024-450b-b0d0-1f982bcc2a11	2026-08-16T15:22:20.338316Z		Canonical queue drain | fit B | GitHub MASTER dedupe passed	http://gamela.com.br			https://www.instagram.com/fazendagamelaecoresort/	https://www.facebook.com/hotelfazendagamela/	https://api.whatsapp.com/send?phone=5521998940938	http://gamela.com.br/village.asp				High	Verified	https://explore.overturemaps.org/#id=efab1fef-9024-450b-b0d0-1f982bcc2a11; http://gamela.com.br/; http://gamela.com.br	Public Overture website; no usable Overture email. First-party public contact crawl required; no inference.				overture:efab1fef-9024-450b-b0d0-1f982bcc2a11	gamela.com.br	552122203731	hotel fazenda gamela eco resort	Angra dos Reis	Brazil	HIGH	domain:gamela.com.br
	B	78	Comisión Municipal de Los Molles	Argentina	Winds Hill Resort and Spa		hotel	Ruta Provincial 1	+541132956010								overture:7c44c472-6df4-44d3-9547-e6dbf3e27933	2026-08-16T15:17:45.970665Z		Canonical queue drain | fit B | GitHub MASTER dedupe passed	http://www.merlo-sanluis-windshill.com/index.php?IDM=8&alias=CONTACTO-RESERVAS		https://merlo-sanluis-windshill.com/contacto/	https://www.instagram.com/windshillresort/	https://www.facebook.com/windshill.complejo/	https://api.whatsapp.com/send?phone=5491132956010					High	Verified	https://explore.overturemaps.org/#id=7c44c472-6df4-44d3-9547-e6dbf3e27933; https://merlo-sanluis-windshill.com/?IDM=8&alias=CONTACTO-RESERVAS	Public Overture website; no usable Overture email. First-party public contact crawl required; no inference.				overture:7c44c472-6df4-44d3-9547-e6dbf3e27933	merlo-sanluis-windshill.com	541132956010	winds hill resort and spa	Comisión Municipal de Los Molles	Argentina	HIGH	domain:merlo-sanluis-windshill.com
	B	78	Cairu	Brazil	Colibri Beach Villas		hotel		+5575999842868								overture:e6aaae05-66fc-41df-a045-2e78a8e3a541	2026-08-16T15:15:20.077573Z		Canonical queue drain | fit B | GitHub MASTER dedupe passed	https://colibribeach.com.br/	info@colibribeach.com.br		https://www.instagram.com/colibriboipeba/		https://wa.me/5575999842868	https://colibribeach.com.br/villa-01/				High	Verified	https://explore.overturemaps.org/#id=e6aaae05-66fc-41df-a045-2e78a8e3a541; https://colibribeach.com.br/	Public Overture website; no usable Overture email. First-party public contact crawl required; no inference. Public business email recovered from first-party website; no inference.				overture:e6aaae05-66fc-41df-a045-2e78a8e3a541	colibribeach.com.br	5575999842868	colibri beach villas	Cairu	Brazil	HIGH	domain:colibribeach.com.br
	B	78	Villarrica	Chile	Park Lake Luxury Hotel		resort	Camino Villarrica - Pucón Km. 13, Villarrica, 4920000	452527200								overture:184addd8-c378-4f3b-9a8b-cb5605784723	2026-08-16T15:12:47.789169Z		Canonical queue drain | fit B | GitHub MASTER dedupe passed	https://www.parklakeluxury.com/		https://www.parklakeluxury.com/contacto	https://www.instagram.com/parklakeluxury/	https://www.facebook.com/profile.php/		https://booking.parklakeluxury.com/bookcore/my-booking/?lang=es				High	Verified	https://explore.overturemaps.org/#id=184addd8-c378-4f3b-9a8b-cb5605784723; https://www.parklakeluxury.com/	Public Overture website; no usable Overture email. First-party public contact crawl required; no inference.				overture:184addd8-c378-4f3b-9a8b-cb5605784723	parklakeluxury.com	452527200	park lake luxury hotel	Villarrica	Chile	HIGH	domain:parklakeluxury.com
	B	78	Pinto	Chile	Nevados De Chillan Ski Resort		ski_resort		+56422206100								overture:fba5e867-f08f-415a-b923-c21927a69ee1	2026-08-16T15:12:47.789169Z		Canonical queue drain | fit B | GitHub MASTER dedupe passed	http://www.nevadosdechillan.com	reservas@nevadosdechillan.com		https://www.instagram.com/nevadosdechillan/	https://www.facebook.com/nevadosdechillan/	https://wa.me/message/6CEKIQ5VNXDWI1?src=qr					High	Verified	https://explore.overturemaps.org/#id=fba5e867-f08f-415a-b923-c21927a69ee1; https://www.nevadosdechillan.com/	Public Overture website; no usable Overture email. First-party public contact crawl required; no inference. Public business email recovered from first-party website; no inference.				overture:fba5e867-f08f-415a-b923-c21927a69ee1	nevadosdechillan.com	56422206100	nevados de chillan ski resort	Pinto	Chile	HIGH	domain:nevadosdechillan.com
	B	78	Punta Arenas	Chile	Casas Turismo Magallanes		vacation_rental_agent	Arauco 530	968352118								overture:08776c42-e965-4a91-887a-a97ae99d9c01	2026-08-16T15:12:47.789169Z		Canonical queue drain | fit B | GitHub MASTER dedupe passed	https://www.casasturismomagallanes.com/	reservas@casasturismomagallanes.com	https://www.casasturismomagallanes.com/es/contacto/	https://www.instagram.com/casasturismomagallanes/	https://www.facebook.com/casasturismomagallanes/						Medium	Recall-first	https://explore.overturemaps.org/#id=08776c42-e965-4a91-887a-a97ae99d9c01; https://www.casasturismomagallanes.com/es/	Public Overture website; no usable Overture email. First-party public contact crawl required; no inference. Public business email recovered from first-party website; no inference.				overture:08776c42-e965-4a91-887a-a97ae99d9c01	casasturismomagallanes.com	968352118	casas turismo magallanes	Punta Arenas	Chile	MEDIUM	domain:casasturismomagallanes.com
	B	78	Londrina	Brazil	Plaenge Florais Eco Resort		hotel	Rua Eurico Hummig, 255	+554332941500								overture:121726fc-0bb2-4471-8ac1-ee4c181aba64	2026-08-16T15:10:18.508550Z		Canonical queue drain | fit B | GitHub MASTER dedupe passed	http://www.plaenge.com.br/		https://www.plaenge.com.br/a-plaenge	https://www.instagram.com/plaenge/	https://www.facebook.com/plaenge/	https://api.whatsapp.com/send?phone=554133171717&text=Ola, tudo bem? Gostaria de conhecer mais sobre os imoveis em Curitiba					Permissive	Qualification	https://explore.overturemaps.org/#id=121726fc-0bb2-4471-8ac1-ee4c181aba64; https://www.plaenge.com.br/	Public Overture website; no usable Overture email. First-party public contact crawl required; no inference.				overture:121726fc-0bb2-4471-8ac1-ee4c181aba64	plaenge.com.br	554332941500	plaenge florais eco resort	Londrina	Brazil	PERMISSIVE	domain:plaenge.com.br
	B	78	Cotia	Brazil	Hotel Chalet Monet Granja Vianna		resort	R. Monet, 117, Hotel Chalet Monet-Granja Vianna-, Cotia - Sp	11918960195								overture:dbcc61e7-451a-4d04-b2ec-e09cf0a9f7b1	2026-08-16T15:05:25.633044Z		Canonical queue drain | fit B | GitHub MASTER dedupe passed	http://www.hotelchaletmonet.com.br/	reserva@hotelchaletmonet.com.br		https://www.instagram.com/hotelchaletmonet/	https://www.facebook.com/hotelchaletmonet/	https://api.whatsapp.com/send?phone=551147023020					High	Verified	https://explore.overturemaps.org/#id=dbcc61e7-451a-4d04-b2ec-e09cf0a9f7b1; https://www.hotelchaletmonet.com.br/	Public Overture website; no usable Overture email. First-party public contact crawl required; no inference. Public business email recovered from first-party website; no inference.				overture:dbcc61e7-451a-4d04-b2ec-e09cf0a9f7b1	hotelchaletmonet.com.br	11918960195	hotel chalet monet granja vianna	Cotia	Brazil	HIGH	domain:hotelchaletmonet.com.br
	B	78	São Miguel dos Milagres	Brazil	Villa da Mata Eco Boutique		hotel	Estrada do Riacho Dourado, S/N	+5582993179086								overture:90af745e-3900-4963-a2b6-ae3cf1f4b37a	2026-08-16T15:02:27.354429Z		Canonical queue drain | fit B | GitHub MASTER dedupe passed	https://www.sitiovilladamata.com.br/	contato@sitiovilladamata.com.br		https://www.instagram.com/sitiovilladamata/		https://api.whatsapp.com/send?phone=5582993179086	https://www.sitiovilladamata.com.br/img/brand/logo_villa_da_mata_01.svg?v=2				High	Verified	https://explore.overturemaps.org/#id=90af745e-3900-4963-a2b6-ae3cf1f4b37a; https://www.sitiovilladamata.com.br/	Public Overture website; no usable Overture email. First-party public contact crawl required; no inference. Public business email recovered from first-party website; no inference.				overture:90af745e-3900-4963-a2b6-ae3cf1f4b37a	sitiovilladamata.com.br	5582993179086	villa da mata eco boutique	São Miguel dos Milagres	Brazil	HIGH	domain:sitiovilladamata.com.br
	B	78	Passo de Camaragibe	Brazil	Primitivo Hotel & Villas		hotel	Fazenda Morros de Camaragibe - Gleba 4A, S/N	+558230329299								overture:73806adc-7db5-4c47-904b-f7df0c96d462	2026-08-16T15:02:27.354429Z		Canonical queue drain | fit B | GitHub MASTER dedupe passed	https://primitivohotel.com.br/	reservas@primitivohotel.com.br		https://www.instagram.com/primitivo.hotel/	https://www.facebook.com/profile.php/		https://primitivohotel.com.br/a-villa/				High	Verified	https://explore.overturemaps.org/#id=73806adc-7db5-4c47-904b-f7df0c96d462; https://primitivohotel.com.br/	Public Overture website; no usable Overture email. First-party public contact crawl required; no inference. Public business email recovered from first-party website; no inference.				overture:73806adc-7db5-4c47-904b-f7df0c96d462	primitivohotel.com.br	558230329299	primitivo hotel villas	Passo de Camaragibe	Brazil	HIGH	domain:primitivohotel.com.br
	B	78	Santa Cruz de la Sierra	BO	Terramia Resort & Spa		hotel	Av. Ovidio Barbery entre 2do. y 3er. anillo - Edificio La Salle	+59179066647								overture:0395c910-4cf4-483d-957e-38682250da3a	2026-08-16T14:59:08.266858Z		Canonical queue drain | fit B | GitHub MASTER dedupe passed	https://terramiaresort.com/		https://terramiaresort.com/contacto/	https://www.instagram.com/hotel.terramia/	https://www.facebook.com/TerramiaResort/		https://terramiaresort.com/wp-content/plugins/motopress-hotel-booking/assets/css/mphb.min.css?ver=4.5.0				High	Verified	https://explore.overturemaps.org/#id=0395c910-4cf4-483d-957e-38682250da3a; https://terramiaresort.com/	Public Overture website; no usable Overture email. First-party public contact crawl required; no inference.				overture:0395c910-4cf4-483d-957e-38682250da3a	terramiaresort.com	59179066647	terramia resort spa	Santa Cruz de la Sierra	BO	HIGH	domain:terramiaresort.com
	B	78	Santa Cruz de la Sierra	BO	Colpa Caranda Eco Resort		hotel	Km. 32 1/2 Carretera al Norte	+59171345144								overture:9ef18295-7375-4afd-95dd-8c89bacce930	2026-08-16T14:59:08.266858Z		Canonical queue drain | fit B | GitHub MASTER dedupe passed	http://www.colpacaranda.net/		https://www.colpacaranda.net/contacto.html	https://www.instagram.com/colpa.caranda/	https://www.facebook.com/ColpaCaranda.Bo/	https://api.whatsapp.com/send?phone=59178449817					High	Verified	https://explore.overturemaps.org/#id=9ef18295-7375-4afd-95dd-8c89bacce930; https://www.colpacaranda.net/	Public Overture website; no usable Overture email. First-party public contact crawl required; no inference.				overture:9ef18295-7375-4afd-95dd-8c89bacce930	colpacaranda.net	59171345144	colpa caranda eco resort	Santa Cruz de la Sierra	BO	HIGH	domain:colpacaranda.net
	B	78	San Carlos de Bariloche	Argentina	Cerro Otto - Bariloche		ski_resort	Calle Camino A La Cumbre Del Cerro Otto									overture:0ad5b873-d03d-456c-896f-add1352cca6d	2026-08-16T03:20:34.257314Z		Canonical queue drain | fit B | GitHub MASTER dedupe passed	http://www.barilocheturismo.gob.ar		https://barilocheturismo.gob.ar/es/contacto	https://www.instagram.com/bariloche_quieroestarahi/	https://www.facebook.com/barilochequieroestarahi/	https://wa.me/542944579837	https://barilocheturismo.gob.ar/es/buscar-prestadores/motorhomes				High	Verified	https://explore.overturemaps.org/#id=0ad5b873-d03d-456c-896f-add1352cca6d; https://barilocheturismo.gob.ar/es/home	Public Overture website; no usable Overture email. First-party public contact crawl required; no inference.				overture:0ad5b873-d03d-456c-896f-add1352cca6d	gob.ar		cerro otto bariloche	San Carlos de Bariloche	Argentina	HIGH	domain:gob.ar
	B	78	San Martín de los Andes	Argentina	Al Borde Ski Snowboard Rental		ski_resort	Mariano Moreno 705	+542972430434								overture:2daa3afb-4c5b-4ab0-948d-25eb0ae83d58	2026-08-16T03:20:34.257314Z		Canonical queue drain | fit B | GitHub MASTER dedupe passed	http://www.albordeoutdoors.com/	albordesmandes@gmail.com		https://www.instagram.com/alborde_ski_snowboard/	https://www.facebook.com/albordeskirental/	https://wa.me/5492972430434					High	Verified	https://explore.overturemaps.org/#id=2daa3afb-4c5b-4ab0-948d-25eb0ae83d58; https://www.albordeoutdoors.com/	Public Overture website; no usable Overture email. First-party public contact crawl required; no inference. Public business email recovered from first-party website; no inference.				overture:2daa3afb-4c5b-4ab0-948d-25eb0ae83d58	albordeoutdoors.com	542972430434	al borde ski snowboard rental	San Martín de los Andes	Argentina	HIGH	domain:albordeoutdoors.com
	B	78	San Carlos de Bariloche	Argentina	Complejo Piedras Blancas		ski_resort	Av. Pioneros Km. 1	0294 443-0417								overture:db8e6791-af10-44ac-ae07-229e59ca8a51	2026-08-16T03:20:34.257314Z		Canonical queue drain | fit B | GitHub MASTER dedupe passed	http://www.piedrasblancasbariloche.com/index.html	info@piedrasblancasbariloche.com	http://www.piedrasblancasbariloche.com/contacto.html	https://www.instagram.com/piedrasblancasbariloche/	https://www.facebook.com/piedrasblancasbariloche/						Permissive	Qualification	https://explore.overturemaps.org/#id=db8e6791-af10-44ac-ae07-229e59ca8a51; http://www.piedrasblancasbariloche.com/index.html	Public Overture website; no usable Overture email. First-party public contact crawl required; no inference. Public business email recovered from first-party website; no inference.				overture:db8e6791-af10-44ac-ae07-229e59ca8a51	piedrasblancasbariloche.com	02944430417	complejo piedras blancas	San Carlos de Bariloche	Argentina	PERMISSIVE	domain:piedrasblancasbariloche.com
	B	78	Santiago	Chile	Alquiler Casas de Temporada Santiago - Chile		vacation_rental_agent	Los Estanques 2019, Providencia	+34655717576								overture:a1a1f15e-d484-4407-97e9-74a268c62805	2026-08-16T03:10:32.176194Z		Canonical queue drain | fit B | GitHub MASTER dedupe passed	https://www.apartcostaneracentre.com/	reservas@apartcostaneracentre.com	https://www.apartcostaneracentre.com/contacto/		https://www.facebook.com/apartcostanerasantiago/	https://wa.me/+34655717576					High	Verified	https://explore.overturemaps.org/#id=a1a1f15e-d484-4407-97e9-74a268c62805; https://www.apartcostaneracentre.com/	Public Overture website; no usable Overture email. First-party public contact crawl required; no inference. Public business email recovered from first-party website; no inference.				overture:a1a1f15e-d484-4407-97e9-74a268c62805	apartcostaneracentre.com	34655717576	alquiler casas de temporada santiago chile	Santiago	Chile	HIGH	domain:apartcostaneracentre.com
	B	78	Concon	Chile	Mantagua Hotel & Village		resort	Ruta F-30-E	(32) 215 5900								overture:2ec0cda1-b8fe-444c-9fef-9fab255c5a82	2026-08-16T03:10:32.176194Z		Canonical queue drain | fit B | GitHub MASTER dedupe passed	http://www.mantagua.cl	contacto@mantagua.cl		https://www.instagram.com/hotelmantagua/	https://www.facebook.com/mantagua/		https://mantagua.cl/sustentabilidad-mantagua-village/				High	Verified	https://explore.overturemaps.org/#id=2ec0cda1-b8fe-444c-9fef-9fab255c5a82; https://mantagua.cl/	Public Overture website; no usable Overture email. First-party public contact crawl required; no inference. Public business email recovered from first-party website; no inference.				overture:2ec0cda1-b8fe-444c-9fef-9fab255c5a82	mantagua.cl	322155900	mantagua hotel village	Concon	Chile	HIGH	domain:mantagua.cl
	B	78	Lo Barnechea	Chile	La Parva		ski_resort	Emile Allais	(2) 2964 2100								overture:b11803a4-9736-452f-bc38-20ec3432e0c2	2026-08-16T03:10:32.176194Z		Canonical queue drain | fit B | GitHub MASTER dedupe passed	http://laparva.cl	escuela@laparva.cl		https://www.instagram.com/skilaparva/	https://www.facebook.com/skilaparva/	https://wa.me/56992185396					Medium	Recall-first	https://explore.overturemaps.org/#id=b11803a4-9736-452f-bc38-20ec3432e0c2; https://laparva.cl/es/	Public Overture website; no usable Overture email. First-party public contact crawl required; no inference. Public business email recovered from first-party website; no inference.				overture:b11803a4-9736-452f-bc38-20ec3432e0c2	laparva.cl	229642100	la parva	Lo Barnechea	Chile	MEDIUM	domain:laparva.cl
	B	78	Funchal	Portugal	Madeira Luxury Villas Living Funchal		hotel	Rua Eng Francisco Perry Vidal bloco ii	917 580 072								overture:61272d9a-ee47-40be-a267-c0b9f8c787ac	2026-08-16T02:05:17Z		Canonical queue drain | fit B | GitHub MASTER dedupe passed	http://madeirabymlv.com	madeiraluxuryvillas@gmail.com	https://madeirabymlv.com/en-GB/contact/			https://wa.me/message/BINO62OIDBCZE1?tg_locale=en-GB	https://madeirabymlv.com/en-GB/rentals/				High	Verified	https://explore.overturemaps.org/#id=61272d9a-ee47-40be-a267-c0b9f8c787ac	Public Overture site+email; zero-HTTP V6 cheap-screen. Final MASTER dedupe/QA required.				overture:61272d9a-ee47-40be-a267-c0b9f8c787ac	madeirabymlv.com	917580072	madeira luxury villas living funchal	Funchal	Portugal	HIGH	domain:madeirabymlv.com
	B	78	Hosdurg	India	V-retreat Beach & Backwater Resort		hotel		+919845022056								overture:13fa37f6-a9d0-4d9d-b152-a1803763bcd0	2026-08-16T02:03:02Z		Canonical queue drain | fit B | GitHub MASTER dedupe passed	https://www.vretreat.in/	stay@vretreat.in	https://www.vretreat.in/about-us	https://www.instagram.com/vretreatmemories/	https://www.facebook.com/Vretreat-159102204710812/						High	Verified	https://explore.overturemaps.org/#id=13fa37f6-a9d0-4d9d-b152-a1803763bcd0; https://www.vretreat.in/	Public Overture site+email; zero-HTTP V6 cheap-screen. Final MASTER dedupe/QA required.				overture:13fa37f6-a9d0-4d9d-b152-a1803763bcd0	vretreat.in	919845022056	v retreat beach backwater resort	Hosdurg	India	HIGH	domain:vretreat.in
	B	78	Kodaikanal	India	Villa Retreat		hotel	Coaker's Walk	+919244243940								overture:fd7ad5cb-e469-4950-b291-8d7579147609	2026-08-16T02:03:02Z		Canonical queue drain | fit B | GitHub MASTER dedupe passed	http://www.villaretreat.com/	info@villaretreat.com	https://villaretreat.com/contact-us		https://www.facebook.com/villaretreat/		https://villaretreat.com/rooms/				High	Verified	https://explore.overturemaps.org/#id=fd7ad5cb-e469-4950-b291-8d7579147609	Public Overture site+email; zero-HTTP V6 cheap-screen. Final MASTER dedupe/QA required.				overture:fd7ad5cb-e469-4950-b291-8d7579147609	villaretreat.com	919244243940	villa retreat	Kodaikanal	India	HIGH	domain:villaretreat.com
	B	78	World-Atlas::asia::14-51	India	Shatavari Eco Resort		hotel	Sl No 156 & 157, A/P Kankumbi, Tal. Khanapur	+919019953771								overture:819d20cd-2d39-41ff-8267-39644de6abcf	2026-08-16T02:03:02Z		Canonical queue drain | fit B | GitHub MASTER dedupe passed	http://shatavariresorts.com/	shatavariecoresorts@gmail.com	https://shatavariresorts.com/about/	https://www.instagram.com/shatavariresort/	https://www.facebook.com/ShatavariResort/						High	Verified	https://explore.overturemaps.org/#id=819d20cd-2d39-41ff-8267-39644de6abcf; https://shatavariresorts.com/	Public Overture site+email; zero-HTTP V6 cheap-screen. Final MASTER dedupe/QA required.				overture:819d20cd-2d39-41ff-8267-39644de6abcf	shatavariresorts.com	919019953771	shatavari eco resort	World-Atlas::asia::14-51	India	HIGH	domain:shatavariresorts.com
	B	78	Chamarajanagar	India	Nijaguna Hotels And Resort		hotel	New Karinanjanpur Road	+919902984872								overture:5cbd2c24-f419-4d47-8d3e-16dcd3137b30	2026-08-16T02:03:02Z		Canonical queue drain | fit B | GitHub MASTER dedupe passed	http://www.nijagunaresorts.com/	nijagunaresorts@gmail.com	https://www.nijagunaresorts.com/about.html			https://wa.me/+919902984872	https://www.nijagunaresorts.com/accommodation.html				High	Verified	https://explore.overturemaps.org/#id=5cbd2c24-f419-4d47-8d3e-16dcd3137b30	Public Overture site+email; zero-HTTP V6 cheap-screen. Final MASTER dedupe/QA required.				overture:5cbd2c24-f419-4d47-8d3e-16dcd3137b30	nijagunaresorts.com	919902984872	nijaguna hotels and resort	Chamarajanagar	India	HIGH	domain:nijagunaresorts.com
	B	78	Sulthanbathery	India	Le Villagio Resort & Domes		hotel	Dhottappankulam, Wayanad	+919446976000								overture:07a7c334-1933-4efb-b554-96b3ab3fbdc5	2026-08-16T02:03:02Z		Canonical queue drain | fit B | GitHub MASTER dedupe passed	http://www.levillagio.com/	info@levillagio.com	https://www.levillagio.com/contact.php		https://www.facebook.com/LeVillagio/	https://wa.me/+919446976000					High	Verified	https://explore.overturemaps.org/#id=07a7c334-1933-4efb-b554-96b3ab3fbdc5	Public Overture site+email; zero-HTTP V6 cheap-screen. Final MASTER dedupe/QA required.				overture:07a7c334-1933-4efb-b554-96b3ab3fbdc5	levillagio.com	919446976000	le villagio resort domes	Sulthanbathery	India	HIGH	domain:levillagio.com
	B	78	Devikulam	India	Eve Munnar A Luxury Resort		hotel	Near Sengulam Dam	+916238075937								overture:72ef8b33-b1b7-4976-844b-44b3900bb46f	2026-08-16T02:03:02Z		Canonical queue drain | fit B | GitHub MASTER dedupe passed	http://www.evemunnar.com/	gm@evemunnar.com	https://evemunnar.com/about-us/			https://wa.me/918592969676/?text=Hi%20Eve%20Munnar%2C%20I%27m%20interested%20in%20learning%20more%20about%20your%20resort%2C%20%20please%20get%20in%20touch.	https://evemunnar.com/rooms/				High	Verified	https://explore.overturemaps.org/#id=72ef8b33-b1b7-4976-844b-44b3900bb46f	Public Overture site+email; zero-HTTP V6 cheap-screen. Final MASTER dedupe/QA required.				overture:72ef8b33-b1b7-4976-844b-44b3900bb46f	evemunnar.com	916238075937	eve munnar a luxury resort	Devikulam	India	HIGH	domain:evemunnar.com
	B	78	Devikulam	India	Dream Coconut Villa Resort		hotel	Munnar Bypass, Chithirapuram Powerhouse Road	+918086128820								overture:916d3254-4d80-4d9b-9920-2a0ffd055f7c	2026-08-16T02:03:02Z		Canonical queue drain | fit B | GitHub MASTER dedupe passed	http://www.coconutresortmunnar.com/	info@coconutresortmunnar.com	https://coconutresortmunnar.com/aboutus/	https://www.instagram.com/dreamcoconutvilla/			https://coconutresortmunnar.com/booking/				High	Verified	https://explore.overturemaps.org/#id=916d3254-4d80-4d9b-9920-2a0ffd055f7c; https://coconutresortmunnar.com/	Public Overture site+email; zero-HTTP V6 cheap-screen. Final MASTER dedupe/QA required.				overture:916d3254-4d80-4d9b-9920-2a0ffd055f7c	coconutresortmunnar.com	918086128820	dream coconut villa resort	Devikulam	India	HIGH	domain:coconutresortmunnar.com
	B	78	Madikeri	India	CherryLoft Luxury Resort Coorg		hotel	Kedakal	+918590719001								overture:db53bc85-7bda-4f3d-8631-a10bb9d13aab	2026-08-16T02:03:02Z		Canonical queue drain | fit B | GitHub MASTER dedupe passed	http://www.cherryloftresort.com/	cherryloft007@gmail.com	https://www.cherryloftresort.com/contact.php			https://wa.me/+918590719001?text=Hello, I would like to reserve a room.	https://www.cherryloftresort.com/accommodation.php				High	Verified	https://explore.overturemaps.org/#id=db53bc85-7bda-4f3d-8631-a10bb9d13aab	Public Overture site+email; zero-HTTP V6 cheap-screen. Final MASTER dedupe/QA required.				overture:db53bc85-7bda-4f3d-8631-a10bb9d13aab	cherryloftresort.com	918590719001	cherryloft luxury resort coorg	Madikeri	India	HIGH	domain:cherryloftresort.com
	B	78	World-Atlas::asia::14-51	India	ChaletsResorts Masinagudi		hotel	Achakkarai	+918110048287								overture:ff896e32-68d7-43cf-b632-924bab57d6a9	2026-08-16T02:03:02Z		Canonical queue drain | fit B | GitHub MASTER dedupe passed	https://www.chaletsmasinagudi.com/	info@chaletsmasinagudi.com	https://www.chaletsmasinagudi.com/about	https://www.instagram.com/chaletsmasinagudi/			https://www.chaletsmasinagudi.com/rooms				High	Verified	https://explore.overturemaps.org/#id=ff896e32-68d7-43cf-b632-924bab57d6a9; https://www.chaletsmasinagudi.com/	Public Overture site+email; zero-HTTP V6 cheap-screen. Final MASTER dedupe/QA required.				overture:ff896e32-68d7-43cf-b632-924bab57d6a9	chaletsmasinagudi.com	918110048287	chaletsresorts masinagudi	World-Atlas::asia::14-51	India	HIGH	domain:chaletsmasinagudi.com
	B	78	Ponnampet	India	villakatipadu		resort	Villa Katipadu, Katipadu Estate, Kurchi Village, Srimangala, Karnataka, India	+916361494034								overture:b704c5d8-d753-4482-ba52-6bd8e1650950	2026-08-16T02:03:02Z		Canonical queue drain | fit B | GitHub MASTER dedupe passed	https://villakatipadu.com/	villakatipadu@gmail.com		https://www.instagram.com/villakatipadu/	https://www.facebook.com/profile.php/		https://villakatipadu.com/rooms/				High	Verified	https://explore.overturemaps.org/#id=b704c5d8-d753-4482-ba52-6bd8e1650950; https://villakatipadu.com/	Public Overture site+email; zero-HTTP V6 cheap-screen. Final MASTER dedupe/QA required.				overture:b704c5d8-d753-4482-ba52-6bd8e1650950	villakatipadu.com	916361494034	villakatipadu	Ponnampet	India	HIGH	domain:villakatipadu.com
	B	78	Aluva	India	Village of Blossom		resort	Village of Blossom, Karukutty, Ezhattumugham, Kerala 683576	+917306271528								overture:0b93f387-8933-4a6d-9c77-eb7c4cd9ba92	2026-08-16T02:03:02Z		Canonical queue drain | fit B | GitHub MASTER dedupe passed	https://www.villageofblossom.com/	villageofblossom@gmail.com	https://www.villageofblossom.com/about.php	https://www.instagram.com/villageofblossom/	https://www.facebook.com/Village-Of-Blossom-105377998083739/						High	Verified	https://explore.overturemaps.org/#id=0b93f387-8933-4a6d-9c77-eb7c4cd9ba92; https://www.villageofblossom.com/	Public Overture site+email; zero-HTTP V6 cheap-screen. Final MASTER dedupe/QA required.				overture:0b93f387-8933-4a6d-9c77-eb7c4cd9ba92	villageofblossom.com	917306271528	village of blossom	Aluva	India	HIGH	domain:villageofblossom.com
	B	78	Hosdurg	India	ShriGo Bekal Fort Resort & Spa		resort	beside Bekal Fort Road	+919037893790								overture:e349607c-1215-47a7-9771-a4ce4ea9b500	2026-08-16T02:03:02Z		Canonical queue drain | fit B | GitHub MASTER dedupe passed	http://www.shrigohotels.com/	reservations@shrigohotels.com	https://www.shrigohotels.com/about-us	https://www.instagram.com/shrigohotels/	https://www.facebook.com/shrigohotels/						High	Verified	https://explore.overturemaps.org/#id=e349607c-1215-47a7-9771-a4ce4ea9b500; https://www.shrigohotels.com/	Public Overture site+email; zero-HTTP V6 cheap-screen. Final MASTER dedupe/QA required.				overture:e349607c-1215-47a7-9771-a4ce4ea9b500	shrigohotels.com	919037893790	shrigo bekal fort resort spa	Hosdurg	India	HIGH	domain:shrigohotels.com
	B	78	Ooty	India	Safari Land Villa Resort		lodge	Masinagudi Main Road, Mysuru - Ooty Rd, opposite to Masaniamman Temple	+919787592381								overture:86d4c151-96b5-4b91-997f-f8271b118876	2026-08-16T02:03:02Z		Canonical queue drain | fit B | GitHub MASTER dedupe passed	http://www.safarilandresorts.com/	safarilandresorts@gmail.com	http://www.safarilandresorts.com/aboutus.html			https://api.whatsapp.com/send?phone=919787592381&text=Hello%20SafariLands%20Team%20&source=&data=	https://safarilandresorts.com/villas.html				High	Verified	https://explore.overturemaps.org/#id=86d4c151-96b5-4b91-997f-f8271b118876	Public Overture site+email; zero-HTTP V6 cheap-screen. Final MASTER dedupe/QA required.				overture:86d4c151-96b5-4b91-997f-f8271b118876	safarilandresorts.com	919787592381	safari land villa resort	Ooty	India	HIGH	domain:safarilandresorts.com
	B	78	Bidadi	India	Major's Retreat		resort	Major's Retreat 302/1, Kanchugaranahalli, main road, Byramangala	+917795292489								overture:a05ded55-859b-45ea-b9ef-8e887c0aa37c	2026-08-16T02:03:02Z		Canonical queue drain | fit B | GitHub MASTER dedupe passed	http://www.majorsretreat.com/	help@majorsretreat.com		https://www.instagram.com/majorsretreat/	https://www.facebook.com/61570785863511/	https://wa.me/7975229562					High	Verified	https://explore.overturemaps.org/#id=a05ded55-859b-45ea-b9ef-8e887c0aa37c; https://www.majorsretreat.com/	Public Overture site+email; zero-HTTP V6 cheap-screen. Final MASTER dedupe/QA required.				overture:a05ded55-859b-45ea-b9ef-8e887c0aa37c	majorsretreat.com	917795292489	major s retreat	Bidadi	India	HIGH	domain:majorsretreat.com
	B	78	Coonoor	India	Dreamcloudz Retreats		resort	Ooty	+919843227573								overture:ff1c9e69-d5b4-4ac2-a04a-46952bea8d60	2026-08-16T02:03:02Z		Canonical queue drain | fit B | GitHub MASTER dedupe passed	https://dreamcloudzretreats.com/	dreamcloudzretreatsdigital@gmail.com	https://dreamcloudzretreats.com/about-us/	https://www.instagram.com/ooty_cozy_villas/	https://www.facebook.com/profile.php/						High	Verified	https://explore.overturemaps.org/#id=ff1c9e69-d5b4-4ac2-a04a-46952bea8d60; https://dreamcloudzretreats.com/	Public Overture site+email; zero-HTTP V6 cheap-screen. Final MASTER dedupe/QA required.				overture:ff1c9e69-d5b4-4ac2-a04a-46952bea8d60	dreamcloudzretreats.com	919843227573	dreamcloudz retreats	Coonoor	India	HIGH	domain:dreamcloudzretreats.com
	B	78	Kanakapura	India	Discovery Village		resort	Vaderahalli, Kanakapura Main Road	+919845891013								overture:fcc8817c-7c76-4916-a7e9-79cc58c86b2d	2026-08-16T02:03:02Z		Canonical queue drain | fit B | GitHub MASTER dedupe passed	http://www.discoveryvillage.in	suvarna@discoveryvillage.in		https://www.instagram.com/discoveryvillage.resorts/	https://www.facebook.com/tr/	https://wa.me/9606060934					High	Verified	https://explore.overturemaps.org/#id=fcc8817c-7c76-4916-a7e9-79cc58c86b2d; https://www.discoveryvillage.in/	Public Overture site+email; zero-HTTP V6 cheap-screen. Final MASTER dedupe/QA required.				overture:fcc8817c-7c76-4916-a7e9-79cc58c86b2d	discoveryvillage.in	919845891013	discovery village	Kanakapura	India	HIGH	domain:discoveryvillage.in
	B	78	Tirthahalli taluk	India	Vihangama Holiday Retreat		resort	Bharathipura Post,	+918181228211								overture:ef057a02-a36d-462e-8a80-c8fb52ea5736	2026-08-16T02:03:02Z		Canonical queue drain | fit B | GitHub MASTER dedupe passed	http://www.vihangamaholidayretreat.com/	info@vihangamaholidayretreat.com	https://www.vihangamaholidayretreat.com/copy-of-contact-us		https://www.facebook.com/wix/		https://www.vihangamaholidayretreat.com/booking-engine				High	Verified	https://explore.overturemaps.org/#id=ef057a02-a36d-462e-8a80-c8fb52ea5736	Public Overture site+email; zero-HTTP V6 cheap-screen. Final MASTER dedupe/QA required.				overture:ef057a02-a36d-462e-8a80-c8fb52ea5736	vihangamaholidayretreat.com	918181228211	vihangama holiday retreat	Tirthahalli taluk	India	HIGH	domain:vihangamaholidayretreat.com
	B	78	Sakleshpur	India	Highland Estate Homestay		resort	NH75, Maranahalli Sakleshpura	+916362390288								overture:9e6cae36-ea27-4e61-944b-e181907e8923	2026-08-16T02:03:02Z		Canonical queue drain | fit B | GitHub MASTER dedupe passed	https://highlandestate.in/	panachehv@gmail.com	https://highlandestate.in/about-us/	https://www.instagram.com/highlandestate_homestay/			https://highlandestate.in/accommodation/				High	Verified	https://explore.overturemaps.org/#id=9e6cae36-ea27-4e61-944b-e181907e8923; https://highlandestate.in/	Public Overture site+email; zero-HTTP V6 cheap-screen. Final MASTER dedupe/QA required.				overture:9e6cae36-ea27-4e61-944b-e181907e8923	highlandestate.in	916362390288	highland estate homestay	Sakleshpur	India	HIGH	domain:highlandestate.in
	B	78	Somvarpet	India	Clover Holiday Village		resort	Panchayat office, post, next to Nidtha	+918848492450								overture:297ab7de-3b6f-4674-9289-8923ac683fa1	2026-08-16T02:03:02Z		Canonical queue drain | fit B | GitHub MASTER dedupe passed	https://www.cloverholidayvillage.com/	info.cloverholiday@gmail.com	https://www.cloverholidayvillage.com/about			https://wa.me/917619585615?text=Hi%20Clover%20Holiday%20Village%2C%20I%20would%20like%20to%20inquire%20about%20booking%20a%20stay%20and%20direct%20rates!	https://www.cloverholidayvillage.com/rooms				High	Verified	https://explore.overturemaps.org/#id=297ab7de-3b6f-4674-9289-8923ac683fa1	Public Overture site+email; zero-HTTP V6 cheap-screen. Final MASTER dedupe/QA required.				overture:297ab7de-3b6f-4674-9289-8923ac683fa1	cloverholidayvillage.com	918848492450	clover holiday village	Somvarpet	India	HIGH	domain:cloverholidayvillage.com
	B	78	World-Atlas::africa::12-43	Kenya	Lake olbolosat Resort Park Lodge Ltd		hotel		+254742344123								overture:78a83b0f-a803-4732-a773-544308cf6657	2026-08-16T02:01:12Z		Canonical queue drain | fit B | GitHub MASTER dedupe passed	http://lakeolbolosatresort.com/	info@lakeolbolosatresort.com	https://lakeolbolosatresort.com/about-us/		https://www.facebook.com/LakeolbolosatResort/		https://lakeolbolosatresort.com/rooms/				High	Verified	https://explore.overturemaps.org/#id=78a83b0f-a803-4732-a773-544308cf6657	Public Overture site+email; zero-HTTP V6 cheap-screen. Final MASTER dedupe/QA required.				overture:78a83b0f-a803-4732-a773-544308cf6657	lakeolbolosatresort.com	254742344123	lake olbolosat resort park lodge ltd	World-Atlas::africa::12-43	Kenya	HIGH	domain:lakeolbolosatresort.com
	B	78	Isiolo	Kenya	Kisimani Eco Resort and Spa, Isiolo		resort	Maili Saba, Isiolo	+254742205295								overture:dd9299a8-af90-4325-907b-1382a46ad238	2026-08-16T02:01:12Z		Canonical queue drain | fit B | GitHub MASTER dedupe passed	http://www.kisimaniresort.com/	kisimaniresort@gmail.com	https://kisimaniresort.com/about-us/	https://www.instagram.com/kisimaniecoresort/			https://kisimaniresort.com/rooms/				High	Verified	https://explore.overturemaps.org/#id=dd9299a8-af90-4325-907b-1382a46ad238; https://kisimaniresort.com/	Public Overture site+email; zero-HTTP V6 cheap-screen. Final MASTER dedupe/QA required.				overture:dd9299a8-af90-4325-907b-1382a46ad238	kisimaniresort.com	254742205295	kisimani eco resort and spa isiolo	Isiolo	Kenya	HIGH	domain:kisimaniresort.com
	B	78	San Bartolomé de Tirajana	Spain	TAM Resorts		hotel	Avenida del Oasis, 3	+34928721004								overture:ef0dac4b-0d8c-45e4-b91a-51e84b459006	2026-08-16T01:56:45Z		Canonical queue drain | fit B | GitHub MASTER dedupe passed	http://www.tamresorts.com/	info.eden@tamresorts.com	https://tamresorts.com/contacto/	https://www.instagram.com/tamresorts/	https://www.facebook.com/TAM-Resorts-913074708882501/						High	Verified	https://explore.overturemaps.org/#id=ef0dac4b-0d8c-45e4-b91a-51e84b459006; https://tamresorts.com/	Public Overture site+email; zero-HTTP V6 cheap-screen. Final MASTER dedupe/QA required.				overture:ef0dac4b-0d8c-45e4-b91a-51e84b459006	tamresorts.com	34928721004	tam resorts	San Bartolomé de Tirajana	Spain	HIGH	domain:tamresorts.com
	B	78	Solan Sub-District	India	WelcomHeritage Parv Vilas Resort & Spa		hotel	Vill.Rehun, Gandhi Gram, Dist.Solan, Kasauli, Himachal Pradesh	+911792354848								overture:d45209b2-68a7-4ed7-9bdd-df7ad00374a8	2026-08-16T01:56:45Z		Canonical queue drain | fit B | GitHub MASTER dedupe passed	http://www.parvvilas.com/	reservations@parvvilas.com		https://www.instagram.com/parvvilas.resort/	https://www.facebook.com/people/WelcomHeritage-Parv-Vilas-Resort-Spa/100085857062577/	https://api.whatsapp.com/send?phone=919317037310&text=					High	Verified	https://explore.overturemaps.org/#id=d45209b2-68a7-4ed7-9bdd-df7ad00374a8; https://parvvilas.com/	Public Overture site+email; zero-HTTP V6 cheap-screen. Final MASTER dedupe/QA required.				overture:d45209b2-68a7-4ed7-9bdd-df7ad00374a8	parvvilas.com	911792354848	welcomheritage parv vilas resort spa	Solan Sub-District	India	HIGH	domain:parvvilas.com
	B	78	Kasauli	India	Kasauli Hills Residences		hotel	Garkhal Kanda Rd, Kharog, Tehsil	+917876588037								overture:f1736006-8134-4773-8fc8-0e92f5941df1	2026-08-16T01:56:45Z		Canonical queue drain | fit B | GitHub MASTER dedupe passed	https://www.kasaulihillsresidences.com/	kasaulihillsresidences@gmail.com		https://www.instagram.com/kasaulihillsresidences/	https://www.facebook.com/profile.php/		https://www.kasaulihillsresidences.com/ambaramvillakasauli				High	Verified	https://explore.overturemaps.org/#id=f1736006-8134-4773-8fc8-0e92f5941df1; https://www.kasaulihillsresidences.com/	Public Overture site+email; zero-HTTP V6 cheap-screen. Final MASTER dedupe/QA required.				overture:f1736006-8134-4773-8fc8-0e92f5941df1	kasaulihillsresidences.com	917876588037	kasauli hills residences	Kasauli	India	HIGH	domain:kasaulihillsresidences.com
	B	78	Dalhousie	India	Hotel Comfort Court Dalhousie		hotel	Court road Dalhousie, HP, India	+919418657777								overture:be7821e0-13f0-48bd-9eec-9908a47e2101	2026-08-16T01:56:45Z		Canonical queue drain | fit B | GitHub MASTER dedupe passed	http://www.hotelcomfortcourt.com/	hotelcomfortcourtdalhousie@gmail.com	https://hotelcomfortcourt.com/about/			https://wa.me/919317745265?text=Hello%20Hotel%20Comfort%20Court%2C%20I%20would%20like%20to%20book%20a%20room.%20Please%20share%20availability%20and%20tariff	https://hotelcomfortcourt.com/rooms/				Medium	Recall-first	https://explore.overturemaps.org/#id=be7821e0-13f0-48bd-9eec-9908a47e2101	Public Overture site+email; zero-HTTP V6 cheap-screen. Final MASTER dedupe/QA required.				overture:be7821e0-13f0-48bd-9eec-9908a47e2101	hotelcomfortcourt.com	919418657777	hotel comfort court dalhousie	Dalhousie	India	MEDIUM	domain:hotelcomfortcourt.com
	B	78	Rishikesh	India	Laxman Jhula Divine Resort Rishikesh		hotel	Laxman Jhula Road, Tapovan	+918171957799								overture:dcc79b19-6f4a-4d47-9f97-343e023438b8	2026-08-16T01:56:45Z		Canonical queue drain | fit B | GitHub MASTER dedupe passed	http://www.divineresort.com/	sales@divineresort.com	https://divineresort.com/about-us/	https://www.instagram.com/divineresortrishikesh/			https://divineresort.com/wp-content/plugins/wp-hotel-booking/assets/css/libraries.css?ver=7.0.4				High	Verified	https://explore.overturemaps.org/#id=dcc79b19-6f4a-4d47-9f97-343e023438b8; https://divineresort.com/	Public Overture site+email; zero-HTTP V6 cheap-screen. Final MASTER dedupe/QA required.				overture:dcc79b19-6f4a-4d47-9f97-343e023438b8	divineresort.com	918171957799	laxman jhula divine resort rishikesh	Rishikesh	India	HIGH	domain:divineresort.com
	B	78	Arona	Spain	Hotel Villa Mandi Golf Resort		resort	Calle Laderas del Espejo, 7	+34922757055								overture:878861db-4c57-495c-a9a3-04bb2215aa9f	2026-08-16T01:56:45Z		Canonical queue drain | fit B | GitHub MASTER dedupe passed	http://www.villamandi.com	villamandigolf@hotmail.com		https://www.instagram.com/villamandigolfresort/	https://www.facebook.com/VillaMandiGolfResort/		https://www.villamandi.com/de/				High	Verified	https://explore.overturemaps.org/#id=878861db-4c57-495c-a9a3-04bb2215aa9f; https://www.villamandi.com	Public Overture site+email; zero-HTTP V6 cheap-screen. Final MASTER dedupe/QA required.				overture:878861db-4c57-495c-a9a3-04bb2215aa9f	villamandi.com	34922757055	hotel villa mandi golf resort	Arona	Spain	HIGH	domain:villamandi.com
	B	78	Dharamshala	India	Hotel River Retreat, Gaggal, Dharamshala		resort	Hotel River Retreat, Gaggal, Kangra	+919882076004								overture:e9d92d83-6d8c-4bf8-950f-5c9001f14958	2026-08-16T01:56:45Z		Canonical queue drain | fit B | GitHub MASTER dedupe passed	http://www.theriverretreat.in/	riverretreathotel@gmail.com	https://theriverretreat.in/about/	https://www.instagram.com/hotelriverretreat/			https://theriverretreat.in/rooms/				High	Verified	https://explore.overturemaps.org/#id=e9d92d83-6d8c-4bf8-950f-5c9001f14958; https://theriverretreat.in/	Public Overture site+email; zero-HTTP V6 cheap-screen. Final MASTER dedupe/QA required.				overture:e9d92d83-6d8c-4bf8-950f-5c9001f14958	theriverretreat.in	919882076004	hotel river retreat gaggal dharamshala	Dharamshala	India	HIGH	domain:theriverretreat.in
	B	78	Manali Sub-District	India	Hotel Shivalaya Retreat and Huts		resort	near Bahnu bridge, River side	+919816023111								overture:eaf994c0-c6fc-4ee3-ba36-6913289d3b34	2026-08-16T01:56:45Z		Canonical queue drain | fit B | GitHub MASTER dedupe passed	http://www.shivalayaretreat.com/	shivalayamanali@gmail.com	https://www.shivalayaretreat.com/contact-us.php			https://wa.me/919816023111	https://www.shivalayaretreat.com/rooms-and-rates.php				High	Verified	https://explore.overturemaps.org/#id=eaf994c0-c6fc-4ee3-ba36-6913289d3b34	Public Overture site+email; zero-HTTP V6 cheap-screen. Final MASTER dedupe/QA required.				overture:eaf994c0-c6fc-4ee3-ba36-6913289d3b34	shivalayaretreat.com	919816023111	hotel shivalaya retreat and huts	Manali Sub-District	India	HIGH	domain:shivalayaretreat.com
	B	78	Kullu Sub-District	India	Regal Retreats		resort	Vill Mateura P O Jari Dist kullu Himachal Pradesh	+919816594249								overture:e7bb2edf-508c-4035-a915-a7cc968a0def	2026-08-16T01:56:45Z		Canonical queue drain | fit B | GitHub MASTER dedupe passed	http://regalretreats.in/	hotelregalretreats@gmail.com	https://www.regalretreats.in/about.php	https://www.instagram.com/hotelregalretreats/	https://www.facebook.com/hotelregalretreats/						High	Verified	https://explore.overturemaps.org/#id=e7bb2edf-508c-4035-a915-a7cc968a0def; https://www.regalretreats.in/	Public Overture site+email; zero-HTTP V6 cheap-screen. Final MASTER dedupe/QA required.				overture:e7bb2edf-508c-4035-a915-a7cc968a0def	regalretreats.in	919816594249	regal retreats	Kullu Sub-District	India	HIGH	domain:regalretreats.in
	B	78	Dehradun	India	Mike’s Forest Retreat		resort	Mike’s Forest retreat village Lower Kandoli, Post Bhidoli, Pachwadoon, Dehradun	+917457001202								overture:f21c4343-8c08-43ad-9eff-423b64d315d6	2026-08-16T01:56:45Z		Canonical queue drain | fit B | GitHub MASTER dedupe passed	http://www.mikesforestretreat.com/	mikesforestretreat@gmail.com	https://mikesforestretreat.com/contact/	https://www.instagram.com/mikesforestretreat/			https://mikesforestretreat.com/accommodations/				High	Verified	https://explore.overturemaps.org/#id=f21c4343-8c08-43ad-9eff-423b64d315d6; https://mikesforestretreat.com/	Public Overture site+email; zero-HTTP V6 cheap-screen. Final MASTER dedupe/QA required.				overture:f21c4343-8c08-43ad-9eff-423b64d315d6	mikesforestretreat.com	917457001202	mikes forest retreat	Dehradun	India	HIGH	domain:mikesforestretreat.com
	B	78	Dehradun	India	Chitralekha Boutique Resort		resort	Khasra NO.536, Bisht Gaon	+917303360245								overture:d0fd9ac9-7960-4eb9-97b9-4ff5749df0d9	2026-08-16T01:56:45Z		Canonical queue drain | fit B | GitHub MASTER dedupe passed	http://www.chitralekharesort.com/	chitralekharesorts@gmail.com	https://www.chitralekharesort.com/about	https://www.instagram.com/chitralekhaboutiqueresort/		https://wa.me/918077610563					High	Verified	https://explore.overturemaps.org/#id=d0fd9ac9-7960-4eb9-97b9-4ff5749df0d9; https://www.chitralekharesort.com/	Public Overture site+email; zero-HTTP V6 cheap-screen. Final MASTER dedupe/QA required.				overture:d0fd9ac9-7960-4eb9-97b9-4ff5749df0d9	chitralekharesort.com	917303360245	chitralekha boutique resort	Dehradun	India	HIGH	domain:chitralekharesort.com
	B	78	Yamkeshwar	India	Antrix Resorts and Retreat		resort	1.5 Km ahead from Jumpin Heights, Badi Vijni	+919354064417								overture:75cdd285-05a3-4804-8b70-f08a97c990aa	2026-08-16T01:56:45Z		Canonical queue drain | fit B | GitHub MASTER dedupe passed	http://www.antrixresorts.com/	info@antrixresorts.com	https://www.antrixresorts.com/contact-us/	https://www.instagram.com/antrix_resorts/	https://www.facebook.com/people/Antrix-Resorts/100089664291600/						High	Verified	https://explore.overturemaps.org/#id=75cdd285-05a3-4804-8b70-f08a97c990aa; https://www.antrixresorts.com/	Public Overture site+email; zero-HTTP V6 cheap-screen. Final MASTER dedupe/QA required.				overture:75cdd285-05a3-4804-8b70-f08a97c990aa	antrixresorts.com	919354064417	antrix resorts and retreat	Yamkeshwar	India	HIGH	domain:antrixresorts.com
	B	78	San Bartolomé de Tirajana	Spain	Villas Pasito Blanco		hotel	Bergantin, 11-12	679 98 27 31								overture:6d98cb6a-b065-4267-a87f-37fc77e171f9	2026-08-16T01:56:45Z		Canonical queue drain | fit B | GitHub MASTER dedupe passed	http://maspalomasholidayvillas.com	belcasti@outlook.com	https://maspalomasholidayvillas.com/contacto.html			https://wa.me/+34630061901	https://maspalomasholidayvillas.com/alquiler-vacacional/2-villa-maya.html				Permissive	Qualification	https://explore.overturemaps.org/#id=6d98cb6a-b065-4267-a87f-37fc77e171f9	Public Overture site+email; zero-HTTP V6 cheap-screen. Final MASTER dedupe/QA required.				overture:6d98cb6a-b065-4267-a87f-37fc77e171f9	maspalomasholidayvillas.com	679982731	villas pasito blanco	San Bartolomé de Tirajana	Spain	PERMISSIVE	domain:maspalomasholidayvillas.com
	B	78	Mogán	Spain	Villas de Tauro		hotel	Avenida Canadá, 43	+34928150301								overture:d29d5e60-33e2-4059-a5d9-5031d8bf3b7b	2026-08-16T01:56:45Z		Canonical queue drain | fit B | GitHub MASTER dedupe passed	https://www.marinaelite.com/	reservas@marinaelite.com	https://www.marinaelite.com/contacto.html	https://www.instagram.com/marinaeliteresort/	https://www.facebook.com/MarinaEliteResort/						Permissive	Qualification	https://explore.overturemaps.org/#id=d29d5e60-33e2-4059-a5d9-5031d8bf3b7b; https://www.marinaelite.com/	Public Overture site+email; zero-HTTP V6 cheap-screen. Final MASTER dedupe/QA required.				overture:d29d5e60-33e2-4059-a5d9-5031d8bf3b7b	marinaelite.com	34928150301	villas de tauro	Mogán	Spain	PERMISSIVE	domain:marinaelite.com
	B	78	Cook Islands	CK	Aitutaki Lagoon Private Island Resort		hotel	Motu Akitua	+68231200								overture:6d6dfaed-b9e1-4fb9-badb-d3e4d9125afa	2026-08-16T01:47:11Z		Canonical queue drain | fit B | GitHub MASTER dedupe passed	http://www.aitutakilagoonresort.com/	reservations@aitutakilagoonresort.com	https://www.aitutakilagoonresort.com/about-us.html	https://www.instagram.com/aitutakilagoon/	https://www.facebook.com/AitutakiLagoon/						High	Verified	https://explore.overturemaps.org/#id=6d6dfaed-b9e1-4fb9-badb-d3e4d9125afa; https://www.aitutakilagoonresort.com/	Public Overture site+email; zero-HTTP V6 cheap-screen. Final MASTER dedupe/QA required.				overture:6d6dfaed-b9e1-4fb9-badb-d3e4d9125afa	aitutakilagoonresort.com	68231200	aitutaki lagoon private island resort	Cook Islands	CK	HIGH	domain:aitutakilagoonresort.com
	B	78	Hithadhoo	Maldives	Malediven Urlaubstouren		hotel	Baywatch Beach	+9609660011								overture:13e35ad6-68e8-4d88-a09c-b66a5bbd3bbd	2026-08-16T01:43:56Z		Canonical queue drain | fit B | GitHub MASTER dedupe passed	http://www.nazakibeachhotel.com/	nazakiresidences@gmail.com	https://nazakibeachhotel.com/about-us/			https://wa.me/60123459141	https://nazakibeachhotel.com/book-your-surfing-trip-with-nazaki-beach-hotel-laamu-atoll/				Permissive	Qualification	https://explore.overturemaps.org/#id=13e35ad6-68e8-4d88-a09c-b66a5bbd3bbd	Public Overture site+email; zero-HTTP V6 cheap-screen. Final MASTER dedupe/QA required.				overture:13e35ad6-68e8-4d88-a09c-b66a5bbd3bbd	nazakibeachhotel.com	9609660011	malediven urlaubstouren	Hithadhoo	Maldives	PERMISSIVE	domain:nazakibeachhotel.com
	B	78	Jomoro Municipal District	Ghana	Ankasa Reserve Lodge		resort	Ankasa Forest Reserve Entrance Gate Amoakwakrom, Old	+233544789094								overture:2ac27596-d101-4b8b-9674-d9b936694c15	2026-08-16T01:42:02Z		Canonical queue drain | fit B | GitHub MASTER dedupe passed	http://www.ankasareservelodge.com/	info@ankasareservelodge.com	https://ankasareservelodge.com/contact/		https://www.facebook.com/AnkasaReserveLodge/		https://ankasareservelodge.com/accommodation/				High	Verified	https://explore.overturemaps.org/#id=2ac27596-d101-4b8b-9674-d9b936694c15	Public Overture site+email; zero-HTTP V6 cheap-screen. Final MASTER dedupe/QA required.				overture:2ac27596-d101-4b8b-9674-d9b936694c15	ankasareservelodge.com	233544789094	ankasa reserve lodge	Jomoro Municipal District	Ghana	HIGH	domain:ankasareservelodge.com
	B	78	Zziba	UG	Mabamba Lodge		resort	local/place/rap/edit, https://maps.google.com/?q=0.091262,32.373299	+256783915678								overture:a777408a-31b4-43b3-8b63-54543657f2d7	2026-08-16T01:38:36Z		Canonical queue drain | fit B | GitHub MASTER dedupe passed	https://mabambalodge.com/	info@mabambalodge.com		https://www.instagram.com/mabambalodge/		https://wa.me/256783915678	https://mabambalodge.com/rooms				High	Verified	https://explore.overturemaps.org/#id=a777408a-31b4-43b3-8b63-54543657f2d7; https://mabambalodge.com/	Public Overture site+email; zero-HTTP V6 cheap-screen. Final MASTER dedupe/QA required.				overture:a777408a-31b4-43b3-8b63-54543657f2d7	mabambalodge.com	256783915678	mabamba lodge	Zziba	UG	HIGH	domain:mabambalodge.com
	B	78	Bendegere C	UG	Eco Resort Kasenyi		resort	Road	+256200905850								overture:11b994a4-f3fd-4934-b49a-a51c38198250	2026-08-16T01:38:36Z		Canonical queue drain | fit B | GitHub MASTER dedupe passed	https://ecoresortuganda.net/	ecoresortug@gmail.com	https://ecoresortuganda.net/contact/		https://www.facebook.com/ecoresortuganda/		https://ecoresortuganda.net/acommodations/double-rooms/				High	Verified	https://explore.overturemaps.org/#id=11b994a4-f3fd-4934-b49a-a51c38198250	Public Overture site+email; zero-HTTP V6 cheap-screen. Final MASTER dedupe/QA required.				overture:11b994a4-f3fd-4934-b49a-a51c38198250	ecoresortuganda.net	256200905850	eco resort kasenyi	Bendegere C	UG	HIGH	domain:ecoresortuganda.net
	B	78	台北市	Taiwan	San Want Residences Taipei		hotel	南京東路一段128號	+886225115185								overture:01da5f22-64a8-42ad-a94a-449a6d6ab574	2026-08-16T01:36:19Z		Canonical queue drain | fit B | GitHub MASTER dedupe passed	http://www.swresidences.com	service@swresidences.com	https://www.swresidences.com/booking/contact.php	https://www.instagram.com/swrtaipei/	https://www.facebook.com/swrtaipei/						High	Verified	https://explore.overturemaps.org/#id=01da5f22-64a8-42ad-a94a-449a6d6ab574; https://www.swresidences.com/	Public Overture site+email; zero-HTTP V6 cheap-screen. Final MASTER dedupe/QA required.				overture:01da5f22-64a8-42ad-a94a-449a6d6ab574	swresidences.com	886225115185	san want residences taipei	台北市	Taiwan	HIGH	domain:swresidences.com
	B	78	Daringbadi	India	Panacea eco resorts		resort	emu zoo kirikuti, Daringbadi - Phulbani Rd	+918895151533								overture:4dca37cb-4a92-4229-b59d-068f39184479	2026-08-16T01:36:19Z		Canonical queue drain | fit B | GitHub MASTER dedupe passed	http://panaceaecoresort.com/	dassakti7@gmail.com	https://www.panaceaecoresort.com/contact-us		https://www.facebook.com/qloapps/		https://www.panaceaecoresort.com/modules/wkroomsearchblock/views/css/chosen.css				High	Verified	https://explore.overturemaps.org/#id=4dca37cb-4a92-4229-b59d-068f39184479	Public Overture site+email; zero-HTTP V6 cheap-screen. Final MASTER dedupe/QA required.				overture:4dca37cb-4a92-4229-b59d-068f39184479	panaceaecoresort.com	918895151533	panacea eco resorts	Daringbadi	India	HIGH	domain:panaceaecoresort.com
	B	78	Tbilisi	Georgia	VR Krtsanisi Resort Residence		hotel	Grigol Volski 7	+995322501111								overture:3606daf1-ee08-469c-891e-bc19c63162b2	2026-08-16T01:30:31Z		Canonical queue drain | fit B | GitHub MASTER dedupe passed	http://www.vr.ge/	sales@vr.ge	https://vr.ge/geo/about	https://www.instagram.com/vr_holding/	https://www.facebook.com/www.vr.ge/						Medium	Recall-first	https://explore.overturemaps.org/#id=3606daf1-ee08-469c-891e-bc19c63162b2; https://vr.ge/geo	Public Overture site+email; zero-HTTP V6 cheap-screen. Final MASTER dedupe/QA required.				overture:3606daf1-ee08-469c-891e-bc19c63162b2	vr.ge	995322501111	vr krtsanisi resort residence	Tbilisi	Georgia	MEDIUM	domain:vr.ge
	B	78	Shanghai	China	Stanford Residences 尚臻		hotel	上海市徐匯區淮海中路1010號	+862180302088								overture:856ab35e-6041-4252-9cd3-2834d5ffbc7f	2026-08-16T01:30:31Z		Canonical queue drain | fit B | GitHub MASTER dedupe passed	http://stanfordresidences.com/	standfordresidences@outlook.com	https://stanfordresidences.com/aboutus		https://www.facebook.com/StanfordResidences/		https://stanfordresidences.com/book				High	Verified	https://explore.overturemaps.org/#id=856ab35e-6041-4252-9cd3-2834d5ffbc7f	Public Overture site+email; zero-HTTP V6 cheap-screen. Final MASTER dedupe/QA required.				overture:856ab35e-6041-4252-9cd3-2834d5ffbc7f	stanfordresidences.com	862180302088	stanford residences	Shanghai	China	HIGH	domain:stanfordresidences.com
	B	78	მცხეთა	Georgia	Sevsamora Resort & Spa		hotel	1 Sevsamora Street Saguramo Mtskheta-Mtianeti Region, Zedazeni Rd	+995322801515								overture:49043648-42fc-4461-ab9a-7a8285064fa4	2026-08-16T01:30:31Z		Canonical queue drain | fit B | GitHub MASTER dedupe passed	http://www.sevsamora.ge/	reservations@sevsamora.ge	https://sevsamora.ge/about/		https://www.facebook.com/sevsamoraresortandspa/		https://sevsamora.ge/booking/				High	Verified	https://explore.overturemaps.org/#id=49043648-42fc-4461-ab9a-7a8285064fa4	Public Overture site+email; zero-HTTP V6 cheap-screen. Final MASTER dedupe/QA required.				overture:49043648-42fc-4461-ab9a-7a8285064fa4	sevsamora.ge	995322801515	sevsamora resort spa	მცხეთა	Georgia	HIGH	domain:sevsamora.ge
	B	78	Girwa	India	Labh Garh Palace Resort and Spa		hotel	Cheerwa Ghats, Eklingji Road, National Highway 8	+919116126631								overture:bbf7503a-bbec-441c-8c84-23c73576dbfc	2026-08-16T01:30:31Z		Canonical queue drain | fit B | GitHub MASTER dedupe passed	http://www.labhgarh.com/	info@labhgarh.com	https://www.labhgarh.com/about-us.html	https://www.instagram.com/labhgarhpalaceudaipur/	https://www.facebook.com/labhgarh/						High	Verified	https://explore.overturemaps.org/#id=bbf7503a-bbec-441c-8c84-23c73576dbfc; https://www.labhgarh.com/	Public Overture site+email; zero-HTTP V6 cheap-screen. Final MASTER dedupe/QA required.				overture:bbf7503a-bbec-441c-8c84-23c73576dbfc	labhgarh.com	919116126631	labh garh palace resort and spa	Girwa	India	HIGH	domain:labhgarh.com
	B	78	Chanasma	India	Kutir Craft Village Resort, Kutch		hotel	hodka	+919725432076								overture:fdafefb4-bd9c-4174-9760-92c6db060ce9	2026-08-16T01:30:31Z		Canonical queue drain | fit B | GitHub MASTER dedupe passed	http://www.kutircraftvillageresort.com/	kutircraftresort@gmail.com	http://www.kutircraftvillageresort.com/about-us.html		https://www.facebook.com/KutirCraftVillageResort/		http://www.kutircraftvillageresort.com/rooms.html				High	Verified	https://explore.overturemaps.org/#id=fdafefb4-bd9c-4174-9760-92c6db060ce9	Public Overture site+email; zero-HTTP V6 cheap-screen. Final MASTER dedupe/QA required.				overture:fdafefb4-bd9c-4174-9760-92c6db060ce9	kutircraftvillageresort.com	919725432076	kutir craft village resort kutch	Chanasma	India	HIGH	domain:kutircraftvillageresort.com
	B	78	Udaipur	India	Hotel Hemsa Connect – A Luxury Jacuzzi Boutique Stay, Udaipur		hotel	Shopping Center, 1-2, opp. Rajasthan Bus Dipo	+919784186688								overture:00b42f01-46a6-4c28-9abc-d26a593f9901	2026-08-16T01:30:31Z		Canonical queue drain | fit B | GitHub MASTER dedupe passed	http://www.hotelhemsaconnect.com/	hemsaconnect@gmail.com	https://www.hotelhemsaconnect.com/about.html			https://wa.me/919784186688	https://www.hotelhemsaconnect.com/rooms.html				High	Verified	https://explore.overturemaps.org/#id=00b42f01-46a6-4c28-9abc-d26a593f9901	Public Overture site+email; zero-HTTP V6 cheap-screen. Final MASTER dedupe/QA required.				overture:00b42f01-46a6-4c28-9abc-d26a593f9901	hotelhemsaconnect.com	919784186688	hotel hemsa connect a luxury jacuzzi boutique stay udaipur	Udaipur	India	HIGH	domain:hotelhemsaconnect.com
	B	78	Vadodara	India	V One-White House Boutique Residences Vadodara		service_apartment		+917600057279								overture:56c23ee8-c4d6-4b9b-a5f4-69779e9f166f	2026-08-16T01:30:31Z		Canonical queue drain | fit B | GitHub MASTER dedupe passed	http://www.vonehotels.com/	reservations.whv@vonehotels.com	https://www.vonehotels.com/about		https://www.facebook.com/vonehotels/	https://wa.me/919828331114					Permissive	Qualification	https://explore.overturemaps.org/#id=56c23ee8-c4d6-4b9b-a5f4-69779e9f166f	Public Overture site+email; zero-HTTP V6 cheap-screen. Final MASTER dedupe/QA required.				overture:56c23ee8-c4d6-4b9b-a5f4-69779e9f166f	vonehotels.com	917600057279	v one white house boutique residences vadodara	Vadodara	India	PERMISSIVE	domain:vonehotels.com
	B	78	Udaipur	India	Villa Le Palms Resort and Spa		resort	1, Liyo Ka Guda, Badi Lake Rd	+919694957777								overture:f997741d-a0c8-4716-bb2b-afa233c462f5	2026-08-16T01:30:31Z		Canonical queue drain | fit B | GitHub MASTER dedupe passed	http://www.villalepalms.com/	info@villalepalms.com	https://villalepalms.com/about-us/	https://www.instagram.com/villalepalms/			https://villalepalms.com/rooms/				High	Verified	https://explore.overturemaps.org/#id=f997741d-a0c8-4716-bb2b-afa233c462f5; http://villalepalms.com/	Public Overture site+email; zero-HTTP V6 cheap-screen. Final MASTER dedupe/QA required.				overture:f997741d-a0c8-4716-bb2b-afa233c462f5	villalepalms.com	919694957777	villa le palms resort and spa	Udaipur	India	HIGH	domain:villalepalms.com
	B	78	Trimbakeshwar	India	AnjanAiry Villa		resort	Spring Hills, 380/1, near Brahma Valley College, Anjaneri, Pegalwadi Trimbak, Maharashtra 422213	+918262912512								overture:1b0f2336-cdb8-47fb-a65d-64c9892afc81	2026-08-16T01:30:31Z		Canonical queue drain | fit B | GitHub MASTER dedupe passed	https://www.saffronstays.com/view/anjanairy-villa-is-a-4-bedroom-pet-friendly-infinity-pool-villa-in-anjaneri-by-nature-and-sustainability-a-perfect-weekend-getaway-in-nashik-igatpuri-for-friends-and-family-yhpcuyoppuiz52fz?coupon&rooms=4&adults=8&utm_source=gmb&utm_medium=gmb&utm_campaign=homes-on-gmb	anjanairyvilla@gmail.com	https://www.saffronstays.com/about-us	https://www.instagram.com/saffronstays/			https://www.saffronstays.com/collection/book-large-villas-big-group-bungalow-rent				High	Verified	https://explore.overturemaps.org/#id=1b0f2336-cdb8-47fb-a65d-64c9892afc81; https://www.saffronstays.com/view/anjanairy-villa-is-a-4-bedroom-pet-friendly-infinity-pool-villa-in-anjaneri-by-nature-and-sustainability-a-perfect-weekend-getaway-in-nashik-igatpuri-for-friends-and-family-yhpcuyoppuiz52fz?coupon&rooms=4&adults=8&utm_source=gmb&utm_medium=gmb&utm_campaign=homes-on-gmb	Public Overture site+email; zero-HTTP V6 cheap-screen. Final MASTER dedupe/QA required.				overture:1b0f2336-cdb8-47fb-a65d-64c9892afc81	saffronstays.com	918262912512	anjanairy villa	Trimbakeshwar	India	HIGH	domain:saffronstays.com
	B	78	ბორჯომი	Georgia	Bakuriani		ski_resort		+995599221921								overture:fecdaca7-0062-443c-8039-f8cc9d96ade8	2026-08-16T01:30:31Z		Canonical queue drain | fit B | GitHub MASTER dedupe passed	http://mta.ski/	info@mta.ski	https://mta.ski/about	https://www.instagram.com/m.t.a_mountain_trails_agency/	https://www.facebook.com/MountainTrailsAgency/						High	Verified	https://explore.overturemaps.org/#id=fecdaca7-0062-443c-8039-f8cc9d96ade8; https://mta.ski/en	Public Overture site+email; zero-HTTP V6 cheap-screen. Final MASTER dedupe/QA required.				overture:fecdaca7-0062-443c-8039-f8cc9d96ade8	mta.ski	995599221921	bakuriani	ბორჯომი	Georgia	HIGH	domain:mta.ski
	B	78	Himatnagar	India	Kavyum Retreat | Best Resort In Himatnagar		resort	opp. dadupur Hanumanji Temple	+919913555544								overture:cc487280-20ae-438a-a2b5-92ad7c3cc679	2026-08-16T01:30:31Z		Canonical queue drain | fit B | GitHub MASTER dedupe passed	https://kavyumretreat.com/	kavyumretreat@gmail.com	https://kavyumretreat.com/contact-us	https://www.instagram.com/kavyum_retreat/			https://kavyumretreat.com/rooms				Medium	Recall-first	https://explore.overturemaps.org/#id=cc487280-20ae-438a-a2b5-92ad7c3cc679; https://kavyumretreat.com/	Public Overture site+email; zero-HTTP V6 cheap-screen. Final MASTER dedupe/QA required.				overture:cc487280-20ae-438a-a2b5-92ad7c3cc679	kavyumretreat.com	919913555544	kavyum retreat best resort in himatnagar	Himatnagar	India	MEDIUM	domain:kavyumretreat.com
	B	78	Udaipur	India	Amizunie's Boutique Villa		lodge	108, IIM Valley Colony, Balicha	+918824557709								overture:1b883e2d-94ee-43cd-ab6d-00160f746002	2026-08-16T01:30:31Z		Canonical queue drain | fit B | GitHub MASTER dedupe passed	https://amizuniesboutiquevilla.homestaybuddy.in/	amizunieworld@gmail.com	https://amizuniesboutiquevilla.homestaybuddy.in/contact-us/		https://www.facebook.com/Amizunies-Boutique-Stay-106395850879882/		https://amizuniesboutiquevilla.homestaybuddy.in/rooms/				High	Verified	https://explore.overturemaps.org/#id=1b883e2d-94ee-43cd-ab6d-00160f746002	Public Overture site+email; zero-HTTP V6 cheap-screen. Final MASTER dedupe/QA required.				overture:1b883e2d-94ee-43cd-ab6d-00160f746002	homestaybuddy.in	918824557709	amizunie s boutique villa	Udaipur	India	HIGH	domain:homestaybuddy.in
	B	78	Mount Abu	India	Chacha Villa		resort	Care of Chacha Villa, Taleti, Near Mukhdi Mata Temple, Danvav	+919928632807								overture:f4b1ca2c-cb4a-428e-aa2a-981fda20390f	2026-08-16T01:30:31Z		Canonical queue drain | fit B | GitHub MASTER dedupe passed	https://www.chachavilla.com/	info@chachavilla.com	https://www.chachavilla.com/about.html			https://api.whatsapp.com/send?phone=+919928632807	https://www.chachavilla.com/resavenue-booking-cal/css/intigration-res-cal.css				High	Verified	https://explore.overturemaps.org/#id=f4b1ca2c-cb4a-428e-aa2a-981fda20390f	Public Overture site+email; zero-HTTP V6 cheap-screen. Final MASTER dedupe/QA required.				overture:f4b1ca2c-cb4a-428e-aa2a-981fda20390f	chachavilla.com	919928632807	chacha villa	Mount Abu	India	HIGH	domain:chachavilla.com
	B	78	Москва	RU	Зона отдыха Битца		ski_resort		+79262161727								overture:e3cbaf65-e41e-4a33-a235-1ef516c6f796	2026-08-16T01:30:31Z		Canonical queue drain | fit B | GitHub MASTER dedupe passed	http://www.bitza-sport.ru	info@bitza-sport.ru	https://bitza-sport.ru/about/	https://www.instagram.com/alfa_bitza/	https://www.facebook.com/ALFA.BITZA/						Permissive	Qualification	https://explore.overturemaps.org/#id=e3cbaf65-e41e-4a33-a235-1ef516c6f796	Public Overture site+email; zero-HTTP V6 cheap-screen. Final MASTER dedupe/QA required.				overture:e3cbaf65-e41e-4a33-a235-1ef516c6f796	bitza-sport.ru	79262161727		Москва	RU	PERMISSIVE	domain:bitza-sport.ru
	B	78	World-Atlas::asia::16-50	India	Villas de resort		hotel	Yogiraj bungalows, Saputara - Nashik road, Fort area Hatgad, Maharashtra	+918275917523								overture:b0cce5b8-abb7-43f2-93a2-c43ccc2ef72d	2026-08-16T01:30:31Z		Canonical queue drain | fit B | GitHub MASTER dedupe passed	http://www.villasderesort.com/	villasderesort@gmail.com	https://booking.villasderesort.com/hotel/hotel-details?hotel_id=179			https://wa.me/9016291959	https://booking.villasderesort.com/hotel/hotel-details?hotel_id=179				Permissive	Qualification	https://explore.overturemaps.org/#id=b0cce5b8-abb7-43f2-93a2-c43ccc2ef72d	Public Overture site+email; zero-HTTP V6 cheap-screen. Final MASTER dedupe/QA required.				overture:b0cce5b8-abb7-43f2-93a2-c43ccc2ef72d	villasderesort.com	918275917523	villas de resort	World-Atlas::asia::16-50	India	PERMISSIVE	domain:villasderesort.com
	B	78	Mount Abu	India	Ratan Villas Resort, Mount Abu		hotel	44, Guru shikhar road	+919414439090								overture:fbbfbd2a-ff29-42d3-857a-009e6422099d	2026-08-16T01:30:31Z		Canonical queue drain | fit B | GitHub MASTER dedupe passed	http://www.ratanvillas.com/	res.ratanvillas@gmail.com	https://ratanvillas.com/about			https://wa.me/+919414439090?text=Hello, Ratan Villas	https://ratanvillas.com/accommodations				High	Verified	https://explore.overturemaps.org/#id=fbbfbd2a-ff29-42d3-857a-009e6422099d	Public Overture site+email; zero-HTTP V6 cheap-screen. Final MASTER dedupe/QA required.				overture:fbbfbd2a-ff29-42d3-857a-009e6422099d	ratanvillas.com	919414439090	ratan villas resort mount abu	Mount Abu	India	HIGH	domain:ratanvillas.com
	B	78	Udaipur	India	Infinia Stays, A Luxury Boutique Hotel in Udaipur		hotel	29, Gattani Square, Haridas Ji Ki Magri, Shavri Colony, Udaipur, Rajasthan 313001	+917016768700								overture:a7841428-9ed4-4768-aeb7-3ef2fffc1ee4	2026-08-16T01:30:31Z		Canonical queue drain | fit B | GitHub MASTER dedupe passed	http://www.infiniastays.com/	sales@infiniastays.com	https://infiniastays.com/about			https://wa.me/7016768700?text=I	https://infiniastays.com/rooms				Medium	Recall-first	https://explore.overturemaps.org/#id=a7841428-9ed4-4768-aeb7-3ef2fffc1ee4	Public Overture site+email; zero-HTTP V6 cheap-screen. Final MASTER dedupe/QA required.				overture:a7841428-9ed4-4768-aeb7-3ef2fffc1ee4	infiniastays.com	917016768700	infinia stays a luxury boutique hotel in udaipur	Udaipur	India	MEDIUM	domain:infiniastays.com
	B	78	Çaykara	Turkey	Inanlar Premium Suites & Villas		hotel	Dursun Ali İnan Caddesi 15	+904626566501								overture:c9f788d3-2903-4888-8308-5c206183510e	2026-08-16T01:30:31Z		Canonical queue drain | fit B | GitHub MASTER dedupe passed	http://inanlarpremium.com/	info@inanlarpremium.com		https://www.instagram.com/inanlarpremium/	https://www.facebook.com/inanlarpremium/		https://inanlarpremium.com/suit-ve-villa.html				High	Verified	https://explore.overturemaps.org/#id=c9f788d3-2903-4888-8308-5c206183510e; https://inanlarpremium.com/	Public Overture site+email; zero-HTTP V6 cheap-screen. Final MASTER dedupe/QA required.				overture:c9f788d3-2903-4888-8308-5c206183510e	inanlarpremium.com	904626566501	inanlar premium suites villas	Çaykara	Turkey	HIGH	domain:inanlarpremium.com
	B	78	Kwale	Kenya	Queens Chateau Boutique Villa		hotel	Galu Beach	+254739619492								overture:732917a1-2b68-49f6-b9be-ab44b6b55a87	2026-08-16T01:28:39Z		Canonical queue drain | fit B | GitHub MASTER dedupe passed	http://www.queenschateau.com/	info@queenschateau.com	https://www.queenschateau.com/about-us/		https://www.facebook.com/queenschateau/		https://www.queenschateau.com/best-villas-in-diani-beach/				High	Verified	https://explore.overturemaps.org/#id=732917a1-2b68-49f6-b9be-ab44b6b55a87	Public Overture site+email; zero-HTTP V6 cheap-screen. Final MASTER dedupe/QA required.				overture:732917a1-2b68-49f6-b9be-ab44b6b55a87	queenschateau.com	254739619492	queens chateau boutique villa	Kwale	Kenya	HIGH	domain:queenschateau.com
	B	78	Nairobi	Kenya	Diani Reef Beach Resort & Spa		hotel										overture:ffba54e6-aa30-4121-9878-1fb4c834cf5d	2026-08-16T01:28:39Z		Canonical queue drain | fit B | GitHub MASTER dedupe passed	http://www.dianireef.com/	info@dianireef.com	https://dianireef.com/contact-us/	https://www.instagram.com/diani_reef/	https://www.facebook.com/DianiReefBeachResort/	https://wa.me/254794857893					High	Verified	https://explore.overturemaps.org/#id=ffba54e6-aa30-4121-9878-1fb4c834cf5d; https://dianireef.com/	Public Overture site+email; zero-HTTP V6 cheap-screen. Final MASTER dedupe/QA required.				overture:ffba54e6-aa30-4121-9878-1fb4c834cf5d	dianireef.com		diani reef beach resort spa	Nairobi	Kenya	HIGH	domain:dianireef.com
	B	78	Narok	Kenya	Ilora Retreats		resort	Masai Mara	+254714543506								overture:58de5258-db58-4367-9d44-81e322b834c4	2026-08-16T01:28:39Z		Canonical queue drain | fit B | GitHub MASTER dedupe passed	http://www.ilora-retreats.com/	info@ilora-retreats.com		https://www.instagram.com/iloraretreats/	https://www.facebook.com/profile.php/		https://ilora-retreats.com/pdfs/Handbook.pdf				High	Verified	https://explore.overturemaps.org/#id=58de5258-db58-4367-9d44-81e322b834c4; http://www.ilora-retreats.com/mara/	Public Overture site+email; zero-HTTP V6 cheap-screen. Final MASTER dedupe/QA required.				overture:58de5258-db58-4367-9d44-81e322b834c4	ilora-retreats.com	254714543506	ilora retreats	Narok	Kenya	HIGH	domain:ilora-retreats.com
	B	78	Kwale	Kenya	Bahari Dhow Beach Villas		hotel	Diani, Diani Beach Road	+254727618559								overture:8335a1ef-5bed-4d25-b39d-a11807753374	2026-08-16T01:28:39Z		Canonical queue drain | fit B | GitHub MASTER dedupe passed	http://www.baharidhow.com/	reservations@baharidhow.com	http://baharidhow.com/about-us		https://www.facebook.com/baharidhowofficial/		http://baharidhow.com/rooms				High	Verified	https://explore.overturemaps.org/#id=8335a1ef-5bed-4d25-b39d-a11807753374	Public Overture site+email; zero-HTTP V6 cheap-screen. Final MASTER dedupe/QA required.				overture:8335a1ef-5bed-4d25-b39d-a11807753374	baharidhow.com	254727618559	bahari dhow beach villas	Kwale	Kenya	HIGH	domain:baharidhow.com
	B	78	Kasaragod district	India	Azzure Retreat		beach_resort	Manjeshwar Bch Rd	+919449633858								overture:d5b60b63-cd47-4c17-be10-501407f94024	2026-08-16T01:26:55Z		Canonical queue drain | fit B | GitHub MASTER dedupe passed	http://azzureretreat.in/	azzureretreat@gmail.com	http://azzureretreat.in/about/	https://www.instagram.com/azzureretreat/	https://www.facebook.com/101740355886568/						High	Verified	https://explore.overturemaps.org/#id=d5b60b63-cd47-4c17-be10-501407f94024; https://azzureretreat.in/	Public Overture site+email; zero-HTTP V6 cheap-screen. Final MASTER dedupe/QA required.				overture:d5b60b63-cd47-4c17-be10-501407f94024	azzureretreat.in	919449633858	azzure retreat	Kasaragod district	India	HIGH	domain:azzureretreat.in
	B	78	Ravong	India	Buddha Retreat		hotel	Ralong Road, Nearest Lord Buddha Temple	+919734489362								overture:cb96faac-c6ff-42f0-a65a-618a0558860c	2026-08-16T01:24:41Z		Canonical queue drain | fit B | GitHub MASTER dedupe passed	http://yangthangheritage.com/	acct2@yangthangheritage.com	https://yangthangheritage.com/contact-us/		https://www.facebook.com/yangthanggroupofhotels/		https://yangthangheritage.com/sikkim-tour-packages-with-premium-hotel-stays/				High	Verified	https://explore.overturemaps.org/#id=cb96faac-c6ff-42f0-a65a-618a0558860c	Public Overture site+email; zero-HTTP V6 cheap-screen. Final MASTER dedupe/QA required.				overture:cb96faac-c6ff-42f0-a65a-618a0558860c	yangthangheritage.com	919734489362	buddha retreat	Ravong	India	HIGH	domain:yangthangheritage.com
	B	78	Panchkhal	Nepal	Sunkoshi Adventure Retreat Pvt, Ltd		hotel	Palanchok-Bhagawati Rd	+9779841343523								overture:b3085284-783a-46f1-b654-f971a62e2a1b	2026-08-16T01:24:41Z		Canonical queue drain | fit B | GitHub MASTER dedupe passed	http://www.theretreatnepal.com/	sunkoshipalanchowk@gmail.com	http://www.theretreatnepal.com/about	https://www.instagram.com/sunkoshi_retreat/	https://www.facebook.com/SunkoshiAdventureRetreat/						High	Verified	https://explore.overturemaps.org/#id=b3085284-783a-46f1-b654-f971a62e2a1b; http://www.theretreatnepal.com/	Public Overture site+email; zero-HTTP V6 cheap-screen. Final MASTER dedupe/QA required.				overture:b3085284-783a-46f1-b654-f971a62e2a1b	theretreatnepal.com	9779841343523	sunkoshi adventure retreat pvt ltd	Panchkhal	Nepal	HIGH	domain:theretreatnepal.com
	B	78	Kolkata	India	Gurukul Art village & retreat center		hotel	Netaji Colony ( Baranagar )	+919830157956								overture:2bc81c7e-d970-4072-af5a-80e0f39d83b8	2026-08-16T01:24:41Z		Canonical queue drain | fit B | GitHub MASTER dedupe passed	http://www.sandkaushik.com/	soundnsand@gmail.com	https://sandkaushik.com/about-us/	https://www.instagram.com/sand_kaushik/	https://www.facebook.com/sand.kaushik/						Permissive	Qualification	https://explore.overturemaps.org/#id=2bc81c7e-d970-4072-af5a-80e0f39d83b8; https://sandkaushik.com/	Public Overture site+email; zero-HTTP V6 cheap-screen. Final MASTER dedupe/QA required.				overture:2bc81c7e-d970-4072-af5a-80e0f39d83b8	sandkaushik.com	919830157956	gurukul art village retreat center	Kolkata	India	PERMISSIVE	domain:sandkaushik.com
	B	78	Bolpur Sriniketan	India	Khoai Village Resort		resort	Kasba Rd	+917810920850								overture:19115c6d-9d3b-4504-ac31-0ccfee918ffc	2026-08-16T01:24:41Z		Canonical queue drain | fit B | GitHub MASTER dedupe passed	http://www.khoaivillageresort.com/	khoaivillageresort@gmail.com	https://khoaivillageresort.com/About		https://www.facebook.com/khoaivillageresort/		https://booking.khoaivillageresort.com/AvailableRoomList.aspx				High	Verified	https://explore.overturemaps.org/#id=19115c6d-9d3b-4504-ac31-0ccfee918ffc	Public Overture site+email; zero-HTTP V6 cheap-screen. Final MASTER dedupe/QA required.				overture:19115c6d-9d3b-4504-ac31-0ccfee918ffc	khoaivillageresort.com	917810920850	khoai village resort	Bolpur Sriniketan	India	HIGH	domain:khoaivillageresort.com
	B	78	Haroa	India	Jalchabi Eco Resort		resort	Jhanjha Biswaspara Gorerdanga, Haroa, West Bengal	+919932045507								overture:a391ce38-e887-486e-aa1f-ee53f2d58da4	2026-08-16T01:24:41Z		Canonical queue drain | fit B | GitHub MASTER dedupe passed	https://jalchabiresort.com/	jalchabiecoresort@gmail.com	https://jalchabiresort.com/about.html	https://www.instagram.com/jalchabiecoresort/			https://jalchabiresort.com/booking.html				High	Verified	https://explore.overturemaps.org/#id=a391ce38-e887-486e-aa1f-ee53f2d58da4; https://jalchabiresort.com/	Public Overture site+email; zero-HTTP V6 cheap-screen. Final MASTER dedupe/QA required.				overture:a391ce38-e887-486e-aa1f-ee53f2d58da4	jalchabiresort.com	919932045507	jalchabi eco resort	Haroa	India	HIGH	domain:jalchabiresort.com
	B	78	둔내면	South Korea	웰리힐리스 노우파크		ski_resort	451 Gowon-ro, Dunnae-myeon	+821087672624								overture:03d68d4c-af31-479d-bc8e-233e325734ef	2026-08-16T01:20:05.457267Z		Canonical queue drain | fit B | GitHub MASTER dedupe passed	http://playboardshop.com/	master@playboardshop.com	http://playboardshop.com/	https://www.instagram.com/playboardshop/	https://www.facebook.com/playboardshop/						Permissive	Qualification	https://explore.overturemaps.org/#id=03d68d4c-af31-479d-bc8e-233e325734ef; http://playboardshop.com/	Public Overture website; no usable Overture email. First-party public contact crawl required; no inference. Public business email recovered from first-party website; no inference.				overture:03d68d4c-af31-479d-bc8e-233e325734ef	playboardshop.com	821087672624		둔내면	South Korea	PERMISSIVE	domain:playboardshop.com
	B	78	Songpa District	South Korea	Sofitel Ambassador Seoul Hotel & Serviced Residences		hotel	잠실로 209	+8222092000								overture:4e1d5954-8c49-4cc1-96ad-559b72afcd8a	2026-08-16T01:18:09Z		Canonical queue drain | fit B | GitHub MASTER dedupe passed	https://www.sofitel-seoul.com/		https://www.sofitel-seoul.com/contact/	https://www.instagram.com/sofitelseoul/	https://www.facebook.com/SofitelSeoul/		https://www.sofitel-seoul.com/rooms-suites/				High	Verified	https://explore.overturemaps.org/#id=4e1d5954-8c49-4cc1-96ad-559b72afcd8a; https://www.sofitel-seoul.com/	Public Overture website; no usable Overture email. First-party public contact crawl required; no inference.				overture:4e1d5954-8c49-4cc1-96ad-559b72afcd8a	sofitel-seoul.com	8222092000	sofitel ambassador seoul hotel serviced residences	Songpa District	South Korea	HIGH	domain:sofitel-seoul.com
	B	78	名護市	Japan	ムカカヴィラ フロント【Mukaka Villa Reception】		resort	527番地 Untenbaru	+81980528020								overture:4ffcb033-cbeb-42c3-a51c-cb97c438cd06	2026-08-16T01:14:54Z		Canonical queue drain | fit B | GitHub MASTER dedupe passed	http://mukaka.villas/		https://mukaka.villas/contact/	https://www.instagram.com/mukaka.villa/	https://www.facebook.com/people/Mukaka-Villa/100054530976086/		https://mukaka.villas/fifi				High	Verified	https://explore.overturemaps.org/#id=4ffcb033-cbeb-42c3-a51c-cb97c438cd06; https://mukaka.villas/	Public Overture website; no usable Overture email. First-party public contact crawl required; no inference.				overture:4ffcb033-cbeb-42c3-a51c-cb97c438cd06	mukaka.villas	81980528020	mukaka villa reception	名護市	Japan	HIGH	domain:mukaka.villas
	B	78	神戸市垂水区	Japan	Seaside Hotel Maiko Villa Kobe		resort	兵庫県神戸市垂水区東舞子町１８−１１	+81787063711								overture:1d6e29e5-d598-485f-803e-4557e1f3b55a	2026-08-16T01:14:54Z		Canonical queue drain | fit B | GitHub MASTER dedupe passed	http://maikovilla.co.jp		https://maikovilla.co.jp/about/	https://www.instagram.com/maikovilla/	https://www.facebook.com/maikovilla/		https://maikovilla.co.jp/wp-json/				Medium	Recall-first	https://explore.overturemaps.org/#id=1d6e29e5-d598-485f-803e-4557e1f3b55a; https://maikovilla.co.jp/	Public Overture website; no usable Overture email. First-party public contact crawl required; no inference.				overture:1d6e29e5-d598-485f-803e-4557e1f3b55a	maikovilla.co.jp	81787063711	seaside hotel maiko villa kobe	神戸市垂水区	Japan	MEDIUM	domain:maikovilla.co.jp
	B	78	五ヶ瀬町	Japan	五ヶ瀬ハイランドスキー場		ski_resort	大字鞍岡4647-171	0982-83-2141								overture:0a6ef803-b6d8-47ed-aab3-da1b7f864e64	2026-08-16T01:14:54Z		Canonical queue drain | fit B | GitHub MASTER dedupe passed	http://www.gokase.co.jp/ski/index.html		https://www.gokase.co.jp/ski/contact/	https://www.instagram.com/gokase_highland_ski_resort/	https://www.facebook.com/gokase.ski/		https://www.gokase.co.jp/ski/accommodation/				Permissive	Qualification	https://explore.overturemaps.org/#id=0a6ef803-b6d8-47ed-aab3-da1b7f864e64; https://www.gokase.co.jp/ski/	Public Overture website; no usable Overture email. First-party public contact crawl required; no inference.				overture:0a6ef803-b6d8-47ed-aab3-da1b7f864e64	gokase.co.jp	0982832141		五ヶ瀬町	Japan	PERMISSIVE	domain:gokase.co.jp
	B	78	名護市	Japan	Kanucha Bay Hotel & Villas		hotel		+81988695500								overture:ce83c272-7080-487c-85e7-af67ef9af641	2026-08-16T01:14:54Z		Canonical queue drain | fit B | GitHub MASTER dedupe passed	https://www.kanucha.jp/company		https://www.kanucha.jp/about	https://www.instagram.com/kanucha_resort/	https://www.facebook.com/KanuchaResort/		https://www.kanucha.jp/guidebook				Medium	Recall-first	https://explore.overturemaps.org/#id=ce83c272-7080-487c-85e7-af67ef9af641; https://www.kanucha.jp/company	Public Overture website; no usable Overture email. First-party public contact crawl required; no inference.				overture:ce83c272-7080-487c-85e7-af67ef9af641	kanucha.jp	81988695500	kanucha bay hotel villas	名護市	Japan	MEDIUM	domain:kanucha.jp
	B	78	大町市	Japan	Hakuba Sanosaka Waterjump		ski_resort	大町市平23366-2	+817043214512								overture:8db09174-d8d0-4e00-9e01-4503ca23e433	2026-08-16T01:13:52.372543Z		Canonical queue drain | fit B | GitHub MASTER dedupe passed	https://hakuba-sanosaka-waterjump0.webnode.jp/	sanosaka.wj@gmail.com	https://hakuba-sanosaka-waterjump0.webnode.jp/contact/	https://www.instagram.com/waterjumphakubasanosaka/	https://www.facebook.com/hakuba.sanosaka.waterjump/						Permissive	Qualification	https://explore.overturemaps.org/#id=8db09174-d8d0-4e00-9e01-4503ca23e433; https://hakuba-sanosaka-waterjump0.webnode.jp/; https://hakuba-sanosaka-waterjump0.webnode.jp/contact/	Public Overture website; no usable Overture email. First-party public contact crawl required; no inference. Public business email recovered from first-party website; no inference.				overture:8db09174-d8d0-4e00-9e01-4503ca23e433	webnode.jp	817043214512	hakuba sanosaka waterjump	大町市	Japan	PERMISSIVE	domain:webnode.jp
	B	78	耶麻郡北塩原村	Japan	裏磐梯猫魔スキー場		ski_resort	福島県耶麻郡北塩原村桧原猫魔山１１６３	+81241323001								overture:5de4c840-1de3-4555-8f31-b983fb8f3653	2026-08-16T01:13:52.372543Z		Canonical queue drain | fit B | GitHub MASTER dedupe passed	http://www.nekoma.co.jp	info_nekoma@nekoma.co.jp	https://www.nekoma.co.jp/contact/	https://www.instagram.com/nekoma.mountain/	https://www.facebook.com/nekoma.mountain/						Permissive	Qualification	https://explore.overturemaps.org/#id=5de4c840-1de3-4555-8f31-b983fb8f3653; https://www.nekoma.co.jp/; https://www.nekoma.co.jp/contact/	Public Overture website; no usable Overture email. First-party public contact crawl required; no inference. Public business email recovered from first-party website; no inference.				overture:5de4c840-1de3-4555-8f31-b983fb8f3653	nekoma.co.jp	81241323001		耶麻郡北塩原村	Japan	PERMISSIVE	domain:nekoma.co.jp
	B	78	Higashine-shi	Japan	黒伏高原スノーパーク ジャングル・ジャングル		ski_resort	大字観音寺水無山3170-164	+81237415555								overture:44897c70-4a3f-4f41-9587-06308c6e05a8	2026-08-16T01:13:52.372543Z		Canonical queue drain | fit B | GitHub MASTER dedupe passed	http://www.jxj.co.jp/	jj@jxj.co.jp	https://jxj.co.jp/contact/	https://www.instagram.com/janglejungle5555/	https://www.facebook.com/jangle.jungle/						Permissive	Qualification	https://explore.overturemaps.org/#id=44897c70-4a3f-4f41-9587-06308c6e05a8; https://jxj.co.jp/	Public Overture website; no usable Overture email. First-party public contact crawl required; no inference. Public business email recovered from first-party website; no inference.				overture:44897c70-4a3f-4f41-9587-06308c6e05a8	jxj.co.jp	81237415555		Higashine-shi	Japan	PERMISSIVE	domain:jxj.co.jp
	B	78	Desuri	India	Rawla Narlai Luxury Heritage Hotel		hotel	Desuri Rd	+912934260443								overture:4826e355-dda2-40b7-b358-6bec017830f2	2026-08-16T01:11:04Z		Canonical queue drain | fit B | GitHub MASTER dedupe passed	https://rawlanarlai.com/	crs@rawlanarlai.com	https://rawlanarlai.com/about-rn/	https://www.instagram.com/rawla_narlai/			https://rawlanarlai.com/rawla-rooms-suites/				High	Verified	https://explore.overturemaps.org/#id=4826e355-dda2-40b7-b358-6bec017830f2; https://rawlanarlai.com/	Public Overture site+email; zero-HTTP V6 cheap-screen. Final MASTER dedupe/QA required.				overture:4826e355-dda2-40b7-b358-6bec017830f2	rawlanarlai.com	912934260443	rawla narlai luxury heritage hotel	Desuri	India	HIGH	domain:rawlanarlai.com
	B	78	長浜市	Japan	赤子山スキー場スノーパル		ski_resort	滋賀県長浜市余呉町中之郷２６０	+81749864145								overture:f204c66d-27d0-4f23-865c-47cfb0131a13	2026-08-16T01:11:04Z		Canonical queue drain | fit B | GitHub MASTER dedupe passed	https://woodypal.jp/facility/		https://woodypal.jp/contact/	https://www.instagram.com/woodypalyogo/	https://www.facebook.com/woodypalyogo/		https://woodypal.jp/villa/				Permissive	Qualification	https://explore.overturemaps.org/#id=f204c66d-27d0-4f23-865c-47cfb0131a13; https://woodypal.jp/facility/	Public Overture website; no usable Overture email. First-party public contact crawl required; no inference.				overture:f204c66d-27d0-4f23-865c-47cfb0131a13	woodypal.jp	81749864145		長浜市	Japan	PERMISSIVE	domain:woodypal.jp
	B	78	所沢市	Japan	S-air		ski_resort	山口2964	04-2923-1119								overture:0de87ee1-eedd-4f3b-beca-5f0825e9f5eb	2026-08-16T01:11:04Z		Canonical queue drain | fit B | GitHub MASTER dedupe passed	http://www.waterjump.biz/s-air/		http://waterjump.biz/s-air/contact/	https://www.instagram.com/wj_s_air/	https://www.facebook.com/WaterJumpSair/		http://waterjump.biz/s-air/wp-content/plugins/custom-facebook-feed/assets/css/cff-style.min.css?ver=4.3.2				Permissive	Qualification	https://explore.overturemaps.org/#id=0de87ee1-eedd-4f3b-beca-5f0825e9f5eb; http://waterjump.biz/s-air/	Public Overture website; no usable Overture email. First-party public contact crawl required; no inference.				overture:0de87ee1-eedd-4f3b-beca-5f0825e9f5eb	waterjump.biz	0429231119	s air	所沢市	Japan	PERMISSIVE	domain:waterjump.biz
	B	78	嬬恋村	Japan	Palcall Tsumagoi Resort Hotel & Ski area		ski_resort	吾妻郡嬬恋村大字干俣 バラギ高原	+81279961177								overture:8ade3cc6-1d2c-45f6-84d4-170aa437d481	2026-08-16T01:11:04Z		Canonical queue drain | fit B | GitHub MASTER dedupe passed	https://tsumagoiskiresort.life/		https://tsumagoiskiresort.life/about/	https://www.instagram.com/palcall/	https://www.facebook.com/palcall.tsumagoi/		https://tsumagoiskiresort.life/rooms/				High	Verified	https://explore.overturemaps.org/#id=8ade3cc6-1d2c-45f6-84d4-170aa437d481; https://tsumagoiskiresort.life/	Public Overture website; no usable Overture email. First-party public contact crawl required; no inference.				overture:8ade3cc6-1d2c-45f6-84d4-170aa437d481	tsumagoiskiresort.life	81279961177	palcall tsumagoi resort hotel ski area	嬬恋村	Japan	HIGH	domain:tsumagoiskiresort.life
	B	78	札幌市南区	Japan	札幌藻岩山スキー場テレホンサービス		ski_resort	北海道札幌市南区藻岩下１９９１	+81115810914								overture:cdde7ec7-b2f6-44ef-aa19-7d1b884bf16d	2026-08-16T01:11:04Z		Canonical queue drain | fit B | GitHub MASTER dedupe passed	https://sapporo-moiwa.jp/		https://sapporo-moiwa.jp/about/	https://www.instagram.com/sapporo_moiwayama_skiarea/	https://www.facebook.com/SAPPOROMOIWAYAMASKIRESORT/		https://sapporo-moiwa.jp/onlinebooking				Permissive	Qualification	https://explore.overturemaps.org/#id=cdde7ec7-b2f6-44ef-aa19-7d1b884bf16d; https://sapporo-moiwa.jp/	Public Overture website; no usable Overture email. First-party public contact crawl required; no inference.				overture:cdde7ec7-b2f6-44ef-aa19-7d1b884bf16d	sapporo-moiwa.jp	81115810914		札幌市南区	Japan	PERMISSIVE	domain:sapporo-moiwa.jp
	B	78	相模原市	Japan	スノーパラダイス		ski_resort	緑区若柳1634	0570-037-353								overture:2225190a-1f16-4921-b967-106b0d772e54	2026-08-16T01:11:04Z		Canonical queue drain | fit B | GitHub MASTER dedupe passed	https://www.sagamiko-resort.jp/index.html		https://www.sagamiko-resort.jp/inquiry/index.html	https://www.instagram.com/sagamiko_resort/	https://www.facebook.com/sagamiko.resort/		https://www.sagamiko-resort.jp/rentalspace/index.html				Permissive	Qualification	https://explore.overturemaps.org/#id=2225190a-1f16-4921-b967-106b0d772e54; https://www.sagamiko-resort.jp/index.html	Public Overture website; no usable Overture email. First-party public contact crawl required; no inference.				overture:2225190a-1f16-4921-b967-106b0d772e54	sagamiko-resort.jp	0570037353		相模原市	Japan	PERMISSIVE	domain:sagamiko-resort.jp
	B	78	虻田郡留寿都村	Japan	ルスツリゾート・オフィシャルページ		ski_resort		+81136463111								overture:28838816-fc14-4d4a-b0f5-64a8a0e4fcb5	2026-08-16T01:11:04Z		Canonical queue drain | fit B | GitHub MASTER dedupe passed	https://rusutsu.com/		https://rusutsu.com/contact/	https://www.instagram.com/rusutsuresort_official/	https://www.facebook.com/RusutsuResort/		https://rusutsu.com/summer-early-booking-offer/				Permissive	Qualification	https://explore.overturemaps.org/#id=28838816-fc14-4d4a-b0f5-64a8a0e4fcb5; https://rusutsu.com/	Public Overture website; no usable Overture email. First-party public contact crawl required; no inference.				overture:28838816-fc14-4d4a-b0f5-64a8a0e4fcb5	rusutsu.com	81136463111		虻田郡留寿都村	Japan	PERMISSIVE	domain:rusutsu.com
	B	78	長生郡長柄町	Japan	Grandvaux Spa Village		resort	526-6 Ueno	+81475353333								overture:37f4cfef-1876-449d-b6a0-eb3ccebe59e4	2026-08-16T01:11:04Z		Canonical queue drain | fit B | GitHub MASTER dedupe passed	https://www.resol-no-mori.com/grandvaux/		https://www.resol-no-mori.com/contactus/	https://www.instagram.com/grandvaux_spa_village/	https://www.facebook.com/seimeinomoriresort/		https://www.resol-no-mori.com/booking/free-plan/				Medium	Recall-first	https://explore.overturemaps.org/#id=37f4cfef-1876-449d-b6a0-eb3ccebe59e4; https://www.resol-no-mori.com/grandvaux/	Public Overture website; no usable Overture email. First-party public contact crawl required; no inference.				overture:37f4cfef-1876-449d-b6a0-eb3ccebe59e4	resol-no-mori.com	81475353333	grandvaux spa village	長生郡長柄町	Japan	MEDIUM	domain:resol-no-mori.com
	B	78	下高井郡山ノ内町	Japan	小丸山スキー場		ski_resort	長野県下高井郡山ノ内町夜間瀬１１４９４	+81269336621								overture:f92e7399-b0c2-4230-9d0c-f53b8d897351	2026-08-16T01:11:04Z		Canonical queue drain | fit B | GitHub MASTER dedupe passed	https://www.komaruyama.jp/		https://www.komaruyama.jp/wordpress/wp-content/plugins/mts-simple-booking-c/css/mtssb-front.css	https://www.instagram.com/komaru1966/	https://www.facebook.com/komaruyama2001/		https://www.komaruyama.jp/wordpress/wp-content/plugins/mts-simple-booking-c/css/mtssb-front.css				Permissive	Qualification	https://explore.overturemaps.org/#id=f92e7399-b0c2-4230-9d0c-f53b8d897351; https://www.komaruyama.jp/	Public Overture website; no usable Overture email. First-party public contact crawl required; no inference.				overture:f92e7399-b0c2-4230-9d0c-f53b8d897351	komaruyama.jp	81269336621		下高井郡山ノ内町	Japan	PERMISSIVE	domain:komaruyama.jp
	B	78	Kiso-machi	Japan	ロッジ上天気		ski_resort	開田高原西野6322-419	0264-44-2131								overture:4cf65151-df6a-4a59-8ac2-041ed989ca81	2026-08-16T01:11:04Z		Canonical queue drain | fit B | GitHub MASTER dedupe passed	http://www.jotenki.com	lodgejotenki@icloud.com	https://jotenki.com/wp-content/plugins/contact-form-7/includes/css/styles.css?ver=6.1.6	https://www.instagram.com/lodgejotenki_teramoto/	https://www.facebook.com/lodgejotenki/						Permissive	Qualification	https://explore.overturemaps.org/#id=4cf65151-df6a-4a59-8ac2-041ed989ca81; https://jotenki.com/	Public Overture website; no usable Overture email. First-party public contact crawl required; no inference. Public business email recovered from first-party website; no inference.				overture:4cf65151-df6a-4a59-8ac2-041ed989ca81	jotenki.com	0264442131		Kiso-machi	Japan	PERMISSIVE	domain:jotenki.com
	B	78	虻田郡倶知安町	Japan	Hanazono 308		ski_resort	328-36 Iwaobetsu	+81136216688								overture:db83f86c-8c98-4dc2-8e05-bbe52f392f44	2026-08-16T01:11:04Z		Canonical queue drain | fit B | GitHub MASTER dedupe passed	http://www.hanazononiseko.com/		https://hanazononiseko.com/en/contact	https://www.instagram.com/hanazononiseko/	https://www.facebook.com/Hanazononiseko/		https://hanazononiseko.com/en/book				High	Verified	https://explore.overturemaps.org/#id=db83f86c-8c98-4dc2-8e05-bbe52f392f44; https://hanazononiseko.com/en	Public Overture website; no usable Overture email. First-party public contact crawl required; no inference.				overture:db83f86c-8c98-4dc2-8e05-bbe52f392f44	hanazononiseko.com	81136216688	hanazono 308	虻田郡倶知安町	Japan	HIGH	domain:hanazononiseko.com
	B	78	茅部郡森町	Japan	グリンピア大沼スキー場		ski_resort	森町赤井川229	+81137452277								overture:402108a3-482e-4bf4-a396-69782b41b755	2026-08-16T01:11:04Z		Canonical queue drain | fit B | GitHub MASTER dedupe passed	http://www.gp-onuma.com/	sample@gp-onuma.com	https://www.gp-onuma.com/contact/	https://www.instagram.com/greenpiaonuma/			https://www.gp-onuma.com/stay/villa/				Permissive	Qualification	https://explore.overturemaps.org/#id=402108a3-482e-4bf4-a396-69782b41b755; https://www.gp-onuma.com/; https://www.gp-onuma.com/contact/	Public Overture website; no usable Overture email. First-party public contact crawl required; no inference. Public business email recovered from first-party website; no inference.				overture:402108a3-482e-4bf4-a396-69782b41b755	gp-onuma.com	81137452277		茅部郡森町	Japan	PERMISSIVE	domain:gp-onuma.com
	B	78	松本市	Japan	野麦峠スキー場		ski_resort	長野県松本市奈川１１７３−１３	+81263792246								overture:97061e7b-5163-4d2e-a71c-3e99deb2c420	2026-08-16T01:11:04Z		Canonical queue drain | fit B | GitHub MASTER dedupe passed	http://gakutoresort.jp/		http://gakutoresort.jp/contact/	https://www.instagram.com/nomugi.ski/	https://www.facebook.com/nomugitougeski/		http://gakutoresort.jp/wordpress/wp-content/plugins/mts-simple-booking-c/css/mtssb-front.css				Permissive	Qualification	https://explore.overturemaps.org/#id=97061e7b-5163-4d2e-a71c-3e99deb2c420; http://gakutoresort.jp/	Public Overture website; no usable Overture email. First-party public contact crawl required; no inference.				overture:97061e7b-5163-4d2e-a71c-3e99deb2c420	gakutoresort.jp	81263792246		松本市	Japan	PERMISSIVE	domain:gakutoresort.jp
	B	78	吾妻郡草津町	Japan	Kusatsu Onsen Ski Resort		ski_resort	Kusatsu, 白根国有林158 林班	+81279888111								overture:1af9a2e2-bfbd-4bf2-93e2-98bb359179d0	2026-08-16T01:11:04Z		Canonical queue drain | fit B | GitHub MASTER dedupe passed	https://www.932-onsen.com/winter/index		https://www.932-onsen.com/common/info/contact/	https://www.instagram.com/932onsen/	https://www.facebook.com/onsen932/		https://www.932-onsen.com/ebook/2024/				Permissive	Qualification	https://explore.overturemaps.org/#id=1af9a2e2-bfbd-4bf2-93e2-98bb359179d0; https://www.932-onsen.com/green/	Public Overture website; no usable Overture email. First-party public contact crawl required; no inference.				overture:1af9a2e2-bfbd-4bf2-93e2-98bb359179d0	932-onsen.com	81279888111	kusatsu onsen ski resort	吾妻郡草津町	Japan	PERMISSIVE	domain:932-onsen.com
	B	78	Pushkar	India	Hotel Premvillas Pushkar		hotel	Panch Kund Road	+911452772410								overture:d0e77c9c-66e6-4def-81cb-a8e137deed59	2026-08-16T01:11:04Z		Canonical queue drain | fit B | GitHub MASTER dedupe passed	http://www.premvillaspushkar.com/	manager@premvillaspushkar.com	https://premvillaspushkar.com/about-us/		https://www.facebook.com/pages/Hotel-Premvillas-Pushkar/141997509188772/		https://premvillaspushkar.com/rooms/				High	Verified	https://explore.overturemaps.org/#id=d0e77c9c-66e6-4def-81cb-a8e137deed59	Public Overture site+email; zero-HTTP V6 cheap-screen. Final MASTER dedupe/QA required.				overture:d0e77c9c-66e6-4def-81cb-a8e137deed59	premvillaspushkar.com	911452772410	hotel premvillas pushkar	Pushkar	India	HIGH	domain:premvillaspushkar.com
	B	78	Jodhpur	India	Hamir Villa - A Boutique Homestay		hotel	117/5 PWD Colony Ratanada	+918690334308								overture:74f5bd12-da63-43c2-af2f-0af06cc96a21	2026-08-16T01:11:04Z		Canonical queue drain | fit B | GitHub MASTER dedupe passed	http://www.hamirvilla.com/	info@hamirvilla.com	https://www.hamirvilla.com/about-7	https://www.instagram.com/hamirvillajodhpur/		https://wa.me/message/DTYGUJJCNBJZK1					High	Verified	https://explore.overturemaps.org/#id=74f5bd12-da63-43c2-af2f-0af06cc96a21; https://www.hamirvilla.com/	Public Overture site+email; zero-HTTP V6 cheap-screen. Final MASTER dedupe/QA required.				overture:74f5bd12-da63-43c2-af2f-0af06cc96a21	hamirvilla.com	918690334308	hamir villa a boutique homestay	Jodhpur	India	HIGH	domain:hamirvilla.com
	B	78	北安曇郡白馬村	Japan	Gakuto Villas		lodge	長野県北安曇郡白馬村北城４６７８	+81261722264								overture:c40a4f25-aacd-4115-861b-7d9d58328592	2026-08-16T01:11:04Z		Canonical queue drain | fit B | GitHub MASTER dedupe passed	http://www.gakutovillas.com/	reservations@gakutovillas.com	https://www.gakutovillas.com/contact-us		https://www.facebook.com/gakutovillas/		https://www.gakutovillas.com/villas				High	Verified	https://explore.overturemaps.org/#id=c40a4f25-aacd-4115-861b-7d9d58328592; https://www.gakutovillas.com/	Public Overture website; no usable Overture email. First-party public contact crawl required; no inference. Public business email recovered from first-party website; no inference.				overture:c40a4f25-aacd-4115-861b-7d9d58328592	gakutovillas.com	81261722264	gakuto villas	北安曇郡白馬村	Japan	HIGH	domain:gakutovillas.com
	B	78	Jodhpur	India	Dev Villas Guest House		hotel	MAJOR MOD SINGH BUILDING, OPP. POLICE LINES OFFICER'S MESS,RATANADA	+912912513752								overture:5b70bb41-1807-405c-9add-e8638ef45b53	2026-08-16T01:11:04Z		Canonical queue drain | fit B | GitHub MASTER dedupe passed	http://www.devvillasjodhpur.com/	info@devvillasjodhpur.com	http://www.devvillasjodhpur.com/aboutus.aspx			https://api.whatsapp.com/send?phone=919829049395&text=Hi%2C%20I%E2%80%99m%20interested%20in%20your%20room%20booking.	http://www.devvillasjodhpur.com/css/booking-head.css				High	Verified	https://explore.overturemaps.org/#id=5b70bb41-1807-405c-9add-e8638ef45b53	Public Overture site+email; zero-HTTP V6 cheap-screen. Final MASTER dedupe/QA required.				overture:5b70bb41-1807-405c-9add-e8638ef45b53	devvillasjodhpur.com	912912513752	dev villas guest house	Jodhpur	India	HIGH	domain:devvillasjodhpur.com
	B	78	សៀមរាប	KH	STC Boutique Hotel, Siem Reap		resort	NR6, and Concrete road	+85512943971								overture:b95e6ff3-0748-414a-8131-14dd5eef7cc6	2026-08-16T01:09:51.730159Z		Canonical queue drain | fit B | GitHub MASTER dedupe passed	http://www.siemreaptourismclub.com/	info@siemreaptourismclub.com	https://siemreaptourismclub.com/about/	https://www.instagram.com/siemreaptourismclub/	https://www.facebook.com/STC.SR/						High	Verified	https://explore.overturemaps.org/#id=b95e6ff3-0748-414a-8131-14dd5eef7cc6; https://siemreaptourismclub.com/; https://siemreaptourismclub.com/contact/	Public Overture website; no usable Overture email. First-party public contact crawl required; no inference. Public business email recovered from first-party website; no inference.				overture:b95e6ff3-0748-414a-8131-14dd5eef7cc6	siemreaptourismclub.com	85512943971	stc boutique hotel siem reap	សៀមរាប	KH	HIGH	domain:siemreaptourismclub.com
	B	78	Cha-am	Thailand	The Regent Chalet Regent Beach Cha-Am		resort	849/21 Petchburi Rd	032 508 140								overture:baab3b2d-d7ef-465e-accc-608ad27b446d	2026-08-16T01:09:51.730159Z		Canonical queue drain | fit B | GitHub MASTER dedupe passed	http://www.regent-chaam.com	reservation@regent-chaam.com	https://regent-chaam.com/contact/	https://www.instagram.com/regentchaam/	https://www.facebook.com/regentchaam/						High	Verified	https://explore.overturemaps.org/#id=baab3b2d-d7ef-465e-accc-608ad27b446d; https://regent-chaam.com/	Public Overture website; no usable Overture email. First-party public contact crawl required; no inference. Public business email recovered from first-party website; no inference.				overture:baab3b2d-d7ef-465e-accc-608ad27b446d	regent-chaam.com	032508140	the regent chalet regent beach cha am	Cha-am	Thailand	HIGH	domain:regent-chaam.com
	B	78	Amphoe Bang Bua Thong	Thailand	PP Residence Bangbuathong		resort	222, Moo 2	0939607059								overture:c28be3a7-2380-45ee-9720-0fa3945ef3b2	2026-08-16T01:09:51.730159Z		Canonical queue drain | fit B | GitHub MASTER dedupe passed	https://pp-residence.com/	ppresidence.222@gmail.com	https://pp-residence.com/contact	https://www.instagram.com/ppresidence.bangbuathong/	https://www.facebook.com/TheCaffeineCoffeeandWine/						Permissive	Qualification	https://explore.overturemaps.org/#id=c28be3a7-2380-45ee-9720-0fa3945ef3b2; https://pp-residence.com/	Public Overture website; no usable Overture email. First-party public contact crawl required; no inference. Public business email recovered from first-party website; no inference.				overture:c28be3a7-2380-45ee-9720-0fa3945ef3b2	pp-residence.com	0939607059	pp residence bangbuathong	Amphoe Bang Bua Thong	Thailand	PERMISSIVE	domain:pp-residence.com
	B	78	Amphoe Ko Kut	Thailand	Little Moon Villa, Koh Mak		resort		081 840 3561								overture:53c69909-b860-4ecc-b429-2ec3a0d0690d	2026-08-16T01:09:51.730159Z		Canonical queue drain | fit B | GitHub MASTER dedupe passed	http://www.littlemoonvilla.com	info@littlemoonvilla.com	https://littlemoonvilla.com/contact/	https://www.instagram.com/littlemoonvilla/	https://www.facebook.com/littlemoonvillaskohmak/						High	Verified	https://explore.overturemaps.org/#id=53c69909-b860-4ecc-b429-2ec3a0d0690d; https://littlemoonvilla.com/	Public Overture website; no usable Overture email. First-party public contact crawl required; no inference. Public business email recovered from first-party website; no inference.				overture:53c69909-b860-4ecc-b429-2ec3a0d0690d	littlemoonvilla.com	0818403561	little moon villa koh mak	Amphoe Ko Kut	Thailand	HIGH	domain:littlemoonvilla.com
	B	78	Sumatera	Indonesia	Diamond Island Eco Resort		resort	Pulau Sarang Gantung	+61413184858								overture:033677a6-bd1a-4050-9eab-e1409ef3f621	2026-08-16T01:09:51.730159Z		Canonical queue drain | fit B | GitHub MASTER dedupe passed	http://www.diamondislandecoresort.com/	adam@diamondislandecoresort.com	https://www.diamondislandecoresort.com/contact	https://www.instagram.com/diamond_island_eco_resort/	https://www.facebook.com/profile.php/						High	Verified	https://explore.overturemaps.org/#id=033677a6-bd1a-4050-9eab-e1409ef3f621; https://www.diamondislandecoresort.com/	Public Overture website; no usable Overture email. First-party public contact crawl required; no inference. Public business email recovered from first-party website; no inference.				overture:033677a6-bd1a-4050-9eab-e1409ef3f621	diamondislandecoresort.com	61413184858	diamond island eco resort	Sumatera	Indonesia	HIGH	domain:diamondislandecoresort.com
	B	78	Pathio District	Thailand	The Beach Resort and Residence		hotel	188	+66654313005								overture:ae7c1f2f-1fe6-488a-b6f5-6cd33d709784	2026-08-16T01:07:39Z		Canonical queue drain | fit B | GitHub MASTER dedupe passed	http://www.thebeachresidence.com	info@thebeachresidence.com	http://www.thebeachresidence.com/location-contact/		https://www.facebook.com/thebeachresidencechumphon/		http://www.thebeachresidence.com/rooms/				High	Verified	https://explore.overturemaps.org/#id=ae7c1f2f-1fe6-488a-b6f5-6cd33d709784; http://www.thebeachresidence.com	Public Overture website; no usable Overture email. First-party public contact crawl required; no inference. Public business email recovered from first-party website; no inference.				overture:ae7c1f2f-1fe6-488a-b6f5-6cd33d709784	thebeachresidence.com	66654313005	the beach resort and residence	Pathio District	Thailand	HIGH	domain:thebeachresidence.com
	B	78	Kaeng Khoi	Thailand	Supalai Pasak Resort and Spa		hotel	79 หมู่ 1 ถนนอดิเรกสาร ตำบลท่าคล้อ อำเภอแก่งคอย จังหวัดสระบุรี 18110	+6636200630								overture:49252935-7836-46dd-b881-42daeaac28ca	2026-08-16T01:07:39Z		Canonical queue drain | fit B | GitHub MASTER dedupe passed	http://www.supalaipasakresort.com/		https://www.supalaipasakresort.com/about-us/	https://www.instagram.com/supalaipasakresort/	https://www.facebook.com/supalaipasakresort/		https://www.supalaipasakresort.com/room/riverfront-villa/				High	Verified	https://explore.overturemaps.org/#id=49252935-7836-46dd-b881-42daeaac28ca; https://www.supalaipasakresort.com/	Public Overture website; no usable Overture email. First-party public contact crawl required; no inference.				overture:49252935-7836-46dd-b881-42daeaac28ca	supalaipasakresort.com	6636200630	supalai pasak resort and spa	Kaeng Khoi	Thailand	HIGH	domain:supalaipasakresort.com
	B	78	สัตหีบ	Thailand	Pattaya Sea Sand Sun Resort And Spa		hotel										overture:636807ce-bcbc-4062-9160-d91ea2e70e90	2026-08-16T01:07:39Z		Canonical queue drain | fit B | GitHub MASTER dedupe passed	http://www.seasandsunpty.com/	rsvn@seasandsunpty.com	https://www.seasandsunpty.com/contact-us/	https://www.instagram.com/seasandsunpty/	https://www.facebook.com/PattayaSeaSandSun/		https://www.seasandsunpty.com/rooms-and-villas/				High	Verified	https://explore.overturemaps.org/#id=636807ce-bcbc-4062-9160-d91ea2e70e90; https://www.seasandsunpty.com/; https://www.seasandsunpty.com/contact/	Public Overture website; no usable Overture email. First-party public contact crawl required; no inference. Public business email recovered from first-party website; no inference.				overture:636807ce-bcbc-4062-9160-d91ea2e70e90	seasandsunpty.com		pattaya sea sand sun resort and spa	สัตหีบ	Thailand	HIGH	domain:seasandsunpty.com
	B	78	Phú Quốc	Vietnam	Premier Village Phu Quoc Resort Managed by Accor		hotel	Mũi Ông Đội, thị trấn An Thới, huyện Phú Quốc, tỉnh Kiên Giang, Việt Nam	+842973546666								overture:cef25e6e-d2f5-4e33-b8e5-ac2c243143c5	2026-08-16T01:07:39Z		Canonical queue drain | fit B | GitHub MASTER dedupe passed	http://www.premiervillage-phuquoc.com/		https://www.premiervillage-phuquoc.com/premier-village-phu-quoc-resort/contact-us/	https://www.instagram.com/premiervillagephuquocresort/	https://www.facebook.com/PremierVillagePhuquocResortManagedByAccor/		https://www.premiervillage-phuquoc.com/our-villas/4-bedrooms-ocean-villa/				High	Verified	https://explore.overturemaps.org/#id=cef25e6e-d2f5-4e33-b8e5-ac2c243143c5; https://www.premiervillage-phuquoc.com/	Public Overture website; no usable Overture email. First-party public contact crawl required; no inference.				overture:cef25e6e-d2f5-4e33-b8e5-ac2c243143c5	premiervillage-phuquoc.com	842973546666	premier village phu quoc resort managed by accor	Phú Quốc	Vietnam	HIGH	domain:premiervillage-phuquoc.com
	B	78	Phú Quốc	Vietnam	Premier Residences Phu Quoc Emerald Bay Managed by Accor		hotel	Khem Beach	+842973927777								overture:6c0ddba3-d748-4dfe-aa73-2166d2586697	2026-08-16T01:07:39Z		Canonical queue drain | fit B | GitHub MASTER dedupe passed	https://premierresidencesphuquoc.com/		https://premierresidencesphuquoc.com/contact-us/	https://www.instagram.com/premierresidencesphuquoc/	https://www.facebook.com/PremierResidencesPhuQuocManagedByAccor/		https://premierresidencesphuquoc.com/rooms-suites/				High	Verified	https://explore.overturemaps.org/#id=6c0ddba3-d748-4dfe-aa73-2166d2586697; https://premierresidencesphuquoc.com/	Public Overture website; no usable Overture email. First-party public contact crawl required; no inference.				overture:6c0ddba3-d748-4dfe-aa73-2166d2586697	premierresidencesphuquoc.com	842973927777	premier residences phu quoc emerald bay managed by accor	Phú Quốc	Vietnam	HIGH	domain:premierresidencesphuquoc.com
	B	78	Tha Muang	Thailand	The Vista Pool Villa (เดอะ วิสต้า พูล วิลล่า)		resort	8/8 Moo 3	034 510 959								overture:232a5aee-02de-48ed-a86c-6e02ce97478c	2026-08-16T01:07:39Z		Canonical queue drain | fit B | GitHub MASTER dedupe passed	http://www.thevistapoolvilla.com		https://www.thevistapoolvilla.com/contactus	https://www.instagram.com/thevistapoolvilla/	https://www.facebook.com/thevistapoolvilla/		https://www.thevistapoolvilla.com/offers				High	Verified	https://explore.overturemaps.org/#id=232a5aee-02de-48ed-a86c-6e02ce97478c; https://www.thevistapoolvilla.com/	Public Overture website; no usable Overture email. First-party public contact crawl required; no inference.				overture:232a5aee-02de-48ed-a86c-6e02ce97478c	thevistapoolvilla.com	034510959	the vista pool villa	Tha Muang	Thailand	HIGH	domain:thevistapoolvilla.com
	B	78	World-Atlas::southeast-asia-islands::14-56::lane=site-recovery	KH	Templation Boutique Resort & Spa		resort										overture:af8b4369-fd8e-4fed-b6a5-a426e75a3cc8	2026-08-16T01:07:39Z		Canonical queue drain | fit B | GitHub MASTER dedupe passed	http://templation.asia	3bb03f2888cdbcf4765300c828e06cb3787cd066c167c7973176cdd9b5af92d5info@templation.asia	https://www.templation.asia/about-us/	https://www.instagram.com/templationsiemreap/	https://www.facebook.com/templation.siemreap/		https://www.templation.asia/suites-and-villas/				High	Verified	https://explore.overturemaps.org/#id=af8b4369-fd8e-4fed-b6a5-a426e75a3cc8; https://www.templation.asia/; https://www.templation.asia/contact/	Public Overture website; no usable Overture email. First-party public contact crawl required; no inference. Public business email recovered from first-party website; no inference.				overture:af8b4369-fd8e-4fed-b6a5-a426e75a3cc8	templation.asia		templation boutique resort spa	World-Atlas::southeast-asia-islands::14-56::lane=site-recovery	KH	HIGH	domain:templation.asia
	B	78	Pathumwan	Thailand	Oriental Residence Bangkok		resort	110 Wireless Road	021259000								overture:61d8f290-5bca-42e6-9496-c96171af7d98	2026-08-16T01:07:39Z		Canonical queue drain | fit B | GitHub MASTER dedupe passed	https://www.oriental-residence.com/bangkok		https://www.oriental-residence.com/bangkok/hotel-overview/about-us	https://www.instagram.com/orientalresidencebkk/	https://www.facebook.com/OrientalResidenceBKK/		https://storage.oriental-residence.com/styles/bookingmask.min.css				High	Verified	https://explore.overturemaps.org/#id=61d8f290-5bca-42e6-9496-c96171af7d98; https://www.oriental-residence.com/bangkok	Public Overture website; no usable Overture email. First-party public contact crawl required; no inference.				overture:61d8f290-5bca-42e6-9496-c96171af7d98	oriental-residence.com	021259000	oriental residence bangkok	Pathumwan	Thailand	HIGH	domain:oriental-residence.com
	B	78	พัทยา	Thailand	MaduseaGrandVilla		beach_resort	185 หมู่ 7 ต.นาเกลือ อ.บางละมุง จ.ชลบุรี	+66631636366								overture:20b3e755-41c4-4797-aed2-fef248489ce5	2026-08-16T01:07:39Z		Canonical queue drain | fit B | GitHub MASTER dedupe passed	https://www.maduseagrandvilla.com/		https://www.maduseagrandvilla.com/aboutus	https://www.instagram.com/maduseagrandvilla/		https://api.whatsapp.com/send?phone=+66631636366	https://www.maduseagrandvilla.com/rooms				Permissive	Qualification	https://explore.overturemaps.org/#id=20b3e755-41c4-4797-aed2-fef248489ce5; https://www.maduseagrandvilla.com/	Public Overture website; no usable Overture email. First-party public contact crawl required; no inference.				overture:20b3e755-41c4-4797-aed2-fef248489ce5	maduseagrandvilla.com	66631636366	maduseagrandvilla	พัทยา	Thailand	PERMISSIVE	domain:maduseagrandvilla.com
	B	78	เกาะกูด	Thailand	High Season Pool Villa & Spa		resort	117	+6639510888								overture:38374350-7055-43af-b8fe-9c1a7d4087bd	2026-08-16T01:07:39Z		Canonical queue drain | fit B | GitHub MASTER dedupe passed	http://www.highseasonresort.com/		https://www.highseasonresort.com/contact/	https://www.instagram.com/highseasonresort/	https://www.facebook.com/Highseasonresort/		https://www.highseasonresort.com/villas/				High	Verified	https://explore.overturemaps.org/#id=38374350-7055-43af-b8fe-9c1a7d4087bd; https://www.highseasonresort.com/	Public Overture website; no usable Overture email. First-party public contact crawl required; no inference.				overture:38374350-7055-43af-b8fe-9c1a7d4087bd	highseasonresort.com	6639510888	high season pool villa spa	เกาะกูด	Thailand	HIGH	domain:highseasonresort.com
	B	78	សង្កាត់បួន	KH	Pod Village by Independence Hotel		resort	Street 2 Thnou	+85581588403								overture:b1e1ef10-6e84-4e07-b8b6-a94d84812f15	2026-08-16T01:07:39Z		Canonical queue drain | fit B | GitHub MASTER dedupe passed	https://www.darahotelsgroup.com/		https://www.darahotelsgroup.com/notfound.html	https://www.instagram.com/darahotelsgroup/	https://www.facebook.com/photo.php/		https://www.darahotelsgroup.com/hotel/view/24/angkor-green-gardens-pool-villa				High	Verified	https://explore.overturemaps.org/#id=b1e1ef10-6e84-4e07-b8b6-a94d84812f15; https://www.darahotelsgroup.com/	Public Overture website; no usable Overture email. First-party public contact crawl required; no inference.				overture:b1e1ef10-6e84-4e07-b8b6-a94d84812f15	darahotelsgroup.com	85581588403	pod village by independence hotel	សង្កាត់បួន	KH	HIGH	domain:darahotelsgroup.com
	B	78	សៀមរាប	KH	Sonalong Boutique Village & Resort		hotel	Wat Bo Village, 27 Street 27	+85512913376								overture:1417262a-1091-473c-ba3a-7101b48aa824	2026-08-16T01:07:39Z		Canonical queue drain | fit B | GitHub MASTER dedupe passed	http://www.sonalongvillage.com/	info@sonalongvillage.com	https://www.sonalongvillage.com/contact-us.html		https://www.facebook.com/Sonalong-Boutique-Village-Resort-406750599792090/		https://www.sonalongvillage.com/rooms-suites.html?type=family-deluxe-garden-view				High	Verified	https://explore.overturemaps.org/#id=1417262a-1091-473c-ba3a-7101b48aa824; https://www.sonalongvillage.com/	Public Overture website; no usable Overture email. First-party public contact crawl required; no inference. Public business email recovered from first-party website; no inference.				overture:1417262a-1091-473c-ba3a-7101b48aa824	sonalongvillage.com	85512913376	sonalong boutique village resort	សៀមរាប	KH	HIGH	domain:sonalongvillage.com
	B	78	หัวหิน	Thailand	V Villas Hua Hin - MGallery		hotel	63, 39 Phet Kasem Rd	+6623093939								overture:83053888-6201-40b5-9fa3-4dc85ecb655b	2026-08-16T01:07:39Z		Canonical queue drain | fit B | GitHub MASTER dedupe passed	https://www.vvillashuahin.com/		https://www.vvillashuahin.com/contact-us/	https://www.instagram.com/vvillashuahinmgallery/	https://www.facebook.com/vvillashuahin/		https://www.vvillashuahin.com/wp-content/plugins/accor-booking/css/mgallery-template_mobile_qs.css?ver=20210129-FRHIParams				High	Verified	https://explore.overturemaps.org/#id=83053888-6201-40b5-9fa3-4dc85ecb655b; https://www.vvillashuahin.com/	Public Overture website; no usable Overture email. First-party public contact crawl required; no inference.				overture:83053888-6201-40b5-9fa3-4dc85ecb655b	vvillashuahin.com	6623093939	v villas hua hin mgallery	หัวหิน	Thailand	HIGH	domain:vvillashuahin.com
	B	78	Mahe	Seychelles	TakaMaka Sky Villas		hotel	Quatre Bornes, Intendance, Road	+2482561990								overture:a1a53592-1630-448f-aa93-1db936212b12	2026-08-16T01:07:39Z		Canonical queue drain | fit B | GitHub MASTER dedupe passed	http://www.takamakaseychelles.com/	takamakasky@gmail.com	https://takamakaseychelles.com/contact-us/		https://www.facebook.com/TakaMaka-Sky-Villas-105229792018387/		http://takamakaseychelles.com/takamaka-sky-villas-pizzagrill/				High	Verified	https://explore.overturemaps.org/#id=a1a53592-1630-448f-aa93-1db936212b12	Public Overture site+email; zero-HTTP V6 cheap-screen. Final MASTER dedupe/QA required.				overture:a1a53592-1630-448f-aa93-1db936212b12	takamakaseychelles.com	2482561990	takamaka sky villas	Mahe	Seychelles	HIGH	domain:takamakaseychelles.com
	B	78	กรุงเทพมหานคร	Thailand	Chakrabongse Villas		hotel	396/1 ถนน มหาราช	+6622221290								overture:6e0aafda-3b0d-42cf-b33e-ed8b0f228da8	2026-08-16T01:07:39Z		Canonical queue drain | fit B | GitHub MASTER dedupe passed	http://www.chakrabongsevillas.com/		https://chakrabongsevillas.com/contact/	https://www.instagram.com/chakrabongsevillas/	https://www.facebook.com/ChakrabongseVillas/		https://chakrabongsevillas.com/booking/?suite-room=Home				High	Verified	https://explore.overturemaps.org/#id=6e0aafda-3b0d-42cf-b33e-ed8b0f228da8; https://chakrabongsevillas.com/	Public Overture website; no usable Overture email. First-party public contact crawl required; no inference.				overture:6e0aafda-3b0d-42cf-b33e-ed8b0f228da8	chakrabongsevillas.com	6622221290	chakrabongse villas	กรุงเทพมหานคร	Thailand	HIGH	domain:chakrabongsevillas.com
	B	78	พัทยา	Thailand	Green Residence Pool Villas All Villas Pattaya		hotel	42/3 ถนน สุขุมวิท	+6633005930								overture:4292a950-6f57-4ce8-b437-904dcd0c29e6	2026-08-16T01:07:39Z		Canonical queue drain | fit B | GitHub MASTER dedupe passed	http://www.all-villas-pattaya.com	villa5stars@gmail.com	https://all-villas-pattaya.com/contact-us.html	https://www.instagram.com/villabyowner/			https://all-villas-pattaya.com/accommodation.html				High	Verified	https://explore.overturemaps.org/#id=4292a950-6f57-4ce8-b437-904dcd0c29e6; https://all-villas-pattaya.com/; https://all-villas-pattaya.com/contact-us.html	Public Overture website; no usable Overture email. First-party public contact crawl required; no inference. Public business email recovered from first-party website; no inference.				overture:4292a950-6f57-4ce8-b437-904dcd0c29e6	all-villas-pattaya.com	6633005930	green residence pool villas all villas pattaya	พัทยา	Thailand	HIGH	domain:all-villas-pattaya.com
	B	78	Ilocos Region	Philippines	Oldwoods by the Sea Eco Resort		resort	Burubor-Olanen Rd	+639177090892								overture:55f11409-d0ca-419b-98c3-e07af9acdcb6	2026-08-16T01:06:45.687062Z		Canonical queue drain | fit B | GitHub MASTER dedupe passed	http://www.oldwoodsbythesea.ph	reservations@oldwoodsbythesea.ph	https://oldwoodsbythesea.ph/about/	https://www.instagram.com/oldwoodsbythesea/	https://www.facebook.com/OldwoodsByTheSea/						High	Verified	https://explore.overturemaps.org/#id=55f11409-d0ca-419b-98c3-e07af9acdcb6; https://oldwoodsbythesea.ph/	Public Overture website; no usable Overture email. First-party public contact crawl required; no inference. Public business email recovered from first-party website; no inference.				overture:55f11409-d0ca-419b-98c3-e07af9acdcb6	oldwoodsbythesea.ph	639177090892	oldwoods by the sea eco resort	Ilocos Region	Philippines	HIGH	domain:oldwoodsbythesea.ph
	B	78	Kota Kinabalu	Malaysia	Ming Garden Hotel & Residences		hotel	Lorong Ming Garden, Jalan Coastal	+6088528888								overture:b44984f6-85ac-4ea7-85ac-c0d04f55f922	2026-08-16T01:05:00Z		Canonical queue drain | fit B | GitHub MASTER dedupe passed	https://minggardenhotel.com.my/		https://minggardenhotel.com.my/booking/	https://www.instagram.com/minggardenhotelkk/	https://www.facebook.com/minggardenhotel/		https://minggardenhotel.com.my/booking/				High	Verified	https://explore.overturemaps.org/#id=b44984f6-85ac-4ea7-85ac-c0d04f55f922; https://minggardenhotel.com.my/	Public Overture website; no usable Overture email. First-party public contact crawl required; no inference.				overture:b44984f6-85ac-4ea7-85ac-c0d04f55f922	minggardenhotel.com.my	6088528888	ming garden hotel residences	Kota Kinabalu	Malaysia	HIGH	domain:minggardenhotel.com.my
	B	78	Quận Hải Châu	Vietnam	G8 Luxury Hotel and Spa		hotel	59 Đường Lê Duẩn	+842363761999								overture:0cf2c2f6-fb14-4379-8ef3-3389b3ce4be2	2026-08-16T01:05:00Z		Canonical queue drain | fit B | GitHub MASTER dedupe passed	https://g8luxury.com/		https://g8luxury.com/language/en/contact/	https://www.instagram.com/g8_luxury_hotel/	https://www.facebook.com/gicluxury/		https://g8luxury.com/language/en/rooms/				High	Verified	https://explore.overturemaps.org/#id=0cf2c2f6-fb14-4379-8ef3-3389b3ce4be2; https://g8luxury.com/language/en/contact/	Public Overture website; no usable Overture email. First-party public contact crawl required; no inference.				overture:0cf2c2f6-fb14-4379-8ef3-3389b3ce4be2	g8luxury.com	842363761999	g8 luxury hotel and spa	Quận Hải Châu	Vietnam	HIGH	domain:g8luxury.com
	B	78	Huyện Hoằng Hóa	Vietnam	An Lâm Retreats Ninh Van Bay		resort	Hon Heo Peninsula	+842583901000								overture:5055894d-85bd-4621-be98-3d616ad24a51	2026-08-16T01:05:00Z		Canonical queue drain | fit B | GitHub MASTER dedupe passed	https://www.theurbanlist.com/a-list/best-vietnam-visit-reasons	hr@theurbanlist.com	https://www.theurbanlist.com/about-us	https://www.instagram.com/urbanlist/			https://www.theurbanlist.com/travel/destinations/fiji				High	Verified	https://explore.overturemaps.org/#id=5055894d-85bd-4621-be98-3d616ad24a51; https://www.theurbanlist.com/a-list/best-vietnam-visit-reasons; https://www.theurbanlist.com/about-us	Public Overture website; no usable Overture email. First-party public contact crawl required; no inference. Public business email recovered from first-party website; no inference.				overture:5055894d-85bd-4621-be98-3d616ad24a51	theurbanlist.com	842583901000	an lam retreats ninh van bay	Huyện Hoằng Hóa	Vietnam	HIGH	domain:theurbanlist.com
	B	78	Hòa Ninh Hòa Vang	Vietnam	Mercure French Village		resort	An Son Hamlet	0236 3799 888								overture:f524f9e7-ef2b-4a5e-af4c-8efde161b6b1	2026-08-16T01:05:00Z		Canonical queue drain | fit B | GitHub MASTER dedupe passed	https://www.mercure-danang-banahills-french-village.com		https://www.mercure-danang-banahills-french-village.com/contact-us/	https://www.instagram.com/mercurebanahillsfrenchvillage/	https://www.facebook.com/MercureBanahills/		https://www.mercure-danang-banahills-french-village.com/rooms/				High	Verified	https://explore.overturemaps.org/#id=f524f9e7-ef2b-4a5e-af4c-8efde161b6b1; https://www.mercure-danang-banahills-french-village.com/; https://www.mercure-danang-banahills-french-village.com	Public Overture website; no usable Overture email. First-party public contact crawl required; no inference.				overture:f524f9e7-ef2b-4a5e-af4c-8efde161b6b1	mercure-danang-banahills-french-village.com	02363799888	mercure french village	Hòa Ninh Hòa Vang	Vietnam	HIGH	domain:mercure-danang-banahills-french-village.com
	B	78	San Vicente	Philippines	The Hotel Elizabeth Resorts & Villas		hotel	Barangay San Isidro	+639285075124								overture:591f25f3-d0a0-4a40-b5c2-52f48b11fc32	2026-08-16T01:05:00Z		Canonical queue drain | fit B | GitHub MASTER dedupe passed	https://hotelelizabethsanvicenteph.com/		https://booking.hotelelizabethsanvicenteph.com/4.51/admin/index.php?page=error&code=system	https://www.instagram.com/thehotelelizabethresorts/	https://www.facebook.com/TheHotelElizabethResorts/		https://hotelelizabethsanvicenteph.com/wp-content/uploads/2025/11/Wedding-at-Villas-01.jpg				High	Verified	https://explore.overturemaps.org/#id=591f25f3-d0a0-4a40-b5c2-52f48b11fc32; https://hotelelizabethsanvicenteph.com/	Public Overture website; no usable Overture email. First-party public contact crawl required; no inference.				overture:591f25f3-d0a0-4a40-b5c2-52f48b11fc32	hotelelizabethsanvicenteph.com	639285075124	the hotel elizabeth resorts villas	San Vicente	Philippines	HIGH	domain:hotelelizabethsanvicenteph.com
	B	78	Quận Cẩm Lệ	Vietnam	Luxury Beach View Villas		hotel	Trường Sa	+84935535266								overture:c95ece7c-0f29-4bb0-9045-69ebddc572a0	2026-08-16T01:05:00Z		Canonical queue drain | fit B | GitHub MASTER dedupe passed	http://danatrip.vn/	hoatrancmg@gmail.com	https://danatrip.vn/wp-content/plugins/contact-form-7/includes/css/styles.css?ver=5.9.3		https://www.facebook.com/Bietthutunhanchinhchu/		https://danatrip.vn/furama-villas/				High	Verified	https://explore.overturemaps.org/#id=c95ece7c-0f29-4bb0-9045-69ebddc572a0; https://danatrip.vn/	Public Overture website; no usable Overture email. First-party public contact crawl required; no inference. Public business email recovered from first-party website; no inference.				overture:c95ece7c-0f29-4bb0-9045-69ebddc572a0	danatrip.vn	84935535266	luxury beach view villas	Quận Cẩm Lệ	Vietnam	HIGH	domain:danatrip.vn
	B	78	ปางมะผ้า	Thailand	Resort Kanlaya's Eyrie		hotel		+66629311825								overture:b85a0725-1152-47d4-bf3e-325899f0c113	2026-08-16T01:04:07.827852Z		Canonical queue drain | fit B | GitHub MASTER dedupe passed	http://www.kanlaya-thailand.com	info@kanlaya-thailand.com	https://www.kanlaya-thailand.com/contact-us/	https://www.instagram.com/kanlayathailand/	https://www.facebook.com/kanlayasthailand/						High	Verified	https://explore.overturemaps.org/#id=b85a0725-1152-47d4-bf3e-325899f0c113; https://www.kanlaya-thailand.com/	Public Overture website; no usable Overture email. First-party public contact crawl required; no inference. Public business email recovered from first-party website; no inference.				overture:b85a0725-1152-47d4-bf3e-325899f0c113	kanlaya-thailand.com	66629311825	resort kanlaya s eyrie	ปางมะผ้า	Thailand	HIGH	domain:kanlaya-thailand.com
	B	78	Kampung Janda Baik	Malaysia	Happi Village		resort	Lot A848, Kampong	+60123217215								overture:e9cea051-777a-4a28-bdd5-24204ff8540f	2026-08-16T01:04:07.827852Z		Canonical queue drain | fit B | GitHub MASTER dedupe passed	http://happivillage.my	happijandabaik@gmail.com	https://happivillage.my/about-us/	https://www.instagram.com/happivillage/	https://www.facebook.com/happivillage/						High	Verified	https://explore.overturemaps.org/#id=e9cea051-777a-4a28-bdd5-24204ff8540f; https://happivillage.my/	Public Overture website; no usable Overture email. First-party public contact crawl required; no inference. Public business email recovered from first-party website; no inference.				overture:e9cea051-777a-4a28-bdd5-24204ff8540f	happivillage.my	60123217215	happi village	Kampung Janda Baik	Malaysia	HIGH	domain:happivillage.my
	B	78	Koh Phangan	Thailand	Cocohut Village Beach Resort Koh Phangan		resort	130/20 Moo 6 Tambon Bantai	093 656 7898								overture:bb53b6ad-e96c-4eb9-888a-c815f32d41ed	2026-08-16T01:04:07.827852Z		Canonical queue drain | fit B | GitHub MASTER dedupe passed	http://cocohutkohphangan.com	booking@www.cocohutkohphangan.com	https://www.cocohutkohphangan.com/contact/	https://www.instagram.com/cocohut.beachresort/	https://www.facebook.com/cocohutkohphangan/						High	Verified	https://explore.overturemaps.org/#id=bb53b6ad-e96c-4eb9-888a-c815f32d41ed; https://www.cocohutkohphangan.com/	Public Overture website; no usable Overture email. First-party public contact crawl required; no inference. Public business email recovered from first-party website; no inference.				overture:bb53b6ad-e96c-4eb9-888a-c815f32d41ed	cocohutkohphangan.com	0936567898	cocohut village beach resort koh phangan	Koh Phangan	Thailand	HIGH	domain:cocohutkohphangan.com
	B	78	Malacca	Malaysia	The Shore Hotel & Residences		hotel	Jalan Persisiran Bunga Raya	06-282 8200								overture:823fa570-8ff6-426c-9c0e-99cc7eaae3ce	2026-08-16T01:01:59Z		Canonical queue drain | fit B | GitHub MASTER dedupe passed	http://theshorehotelmelaka.com		https://theshorehotelmelaka.com/contact/	https://www.instagram.com/theshoremalacca/	https://www.facebook.com/theshoremalacca/		https://theshorehotelmelaka.com/rooms				High	Verified	https://explore.overturemaps.org/#id=823fa570-8ff6-426c-9c0e-99cc7eaae3ce; https://theshorehotelmelaka.com/	Public Overture website; no usable Overture email. First-party public contact crawl required; no inference.				overture:823fa570-8ff6-426c-9c0e-99cc7eaae3ce	theshorehotelmelaka.com	062828200	the shore hotel residences	Malacca	Malaysia	HIGH	domain:theshorehotelmelaka.com
	B	78	Serekunda	GM	Sundowners Gambia		hotel	Manjai Kunda	+2207422221								overture:27263482-1d94-4851-802d-3bebf08ef5a6	2026-08-16T01:01:59Z		Canonical queue drain | fit B | GitHub MASTER dedupe passed	https://www.sundowners.se/	sundownersgm@gmail.com	https://sundowners.se/contact/		https://www.facebook.com/p/Sundowners-Gambia-100063667658149/		https://sundowners.se/bookings-and-prices/				High	Verified	https://explore.overturemaps.org/#id=27263482-1d94-4851-802d-3bebf08ef5a6	Public Overture site+email; zero-HTTP V6 cheap-screen. Final MASTER dedupe/QA required.				overture:27263482-1d94-4851-802d-3bebf08ef5a6	sundowners.se	2207422221	sundowners gambia	Serekunda	GM	HIGH	domain:sundowners.se
	B	78	Kuala Lumpur	Malaysia	St. Giles Gardens Residences Kuala Lumpur		hotel	Lingkaran Syed Putra	+60322681188								overture:08ed2319-a992-4391-9e85-58eb5701aedf	2026-08-16T01:01:59Z		Canonical queue drain | fit B | GitHub MASTER dedupe passed	https://www.stgileshotels.com/gardens-residences/		https://www.stgileshotels.com/contact-us/	https://www.instagram.com/stgileshotels/	https://www.facebook.com/StGilesHotels/		https://www.stgileshotels.com/wembley/accommodation/				High	Verified	https://explore.overturemaps.org/#id=08ed2319-a992-4391-9e85-58eb5701aedf; https://www.stgileshotels.com/contact-us/	Public Overture website; no usable Overture email. First-party public contact crawl required; no inference.				overture:08ed2319-a992-4391-9e85-58eb5701aedf	stgileshotels.com	60322681188	st giles gardens residences kuala lumpur	Kuala Lumpur	Malaysia	HIGH	domain:stgileshotels.com
	B	78	เกาะสมุย	Thailand	Greenlight Resort & Organic Café Fishermans Village Bophut Beach Koh Samui		hotel	3/28 Moo 1 Fisherman's Village, Bophut	+66619969540								overture:f1682f7c-69de-4a1d-b60d-a964d1dfcf6c	2026-08-16T01:01:59Z		Canonical queue drain | fit B | GitHub MASTER dedupe passed	http://www.shahdayoga.com/	era@shahdayoga.com		https://www.instagram.com/shahdayogasamui/	https://www.facebook.com/shahdayogastudio/	https://whatsapp.com/channel/0029Vb7du4W7tkjEwaPT3g23					High	Verified	https://explore.overturemaps.org/#id=f1682f7c-69de-4a1d-b60d-a964d1dfcf6c; https://www.shahdayoga.com/	Public Overture website; no usable Overture email. First-party public contact crawl required; no inference. Public business email recovered from first-party website; no inference.				overture:f1682f7c-69de-4a1d-b60d-a964d1dfcf6c	shahdayoga.com	66619969540	greenlight resort organic cafe fishermans village bophut beach koh samui	เกาะสมุย	Thailand	HIGH	domain:shahdayoga.com
	B	78	เกาะสมุย	Thailand	Rummana Boutique Resort / Activity		hotel	124/50 หาดละไม	+6677418419								overture:c421db2b-d8d1-40fa-be58-d13d1cf17e85	2026-08-16T01:01:59Z		Canonical queue drain | fit B | GitHub MASTER dedupe passed	http://www.rummanaresort.com/	reservation@rummanaresort.com	https://rummanaresort.com/contactus.html			https://wa.me/077418418	https://rummanaresort.com/rooms.html				High	Verified	https://explore.overturemaps.org/#id=c421db2b-d8d1-40fa-be58-d13d1cf17e85; https://rummanaresort.com/	Public Overture website; no usable Overture email. First-party public contact crawl required; no inference. Public business email recovered from first-party website; no inference.				overture:c421db2b-d8d1-40fa-be58-d13d1cf17e85	rummanaresort.com	6677418419	rummana boutique resort activity	เกาะสมุย	Thailand	HIGH	domain:rummanaresort.com
	B	78	West Coast	GM	Ocean Villa Heights Boutique Hotel		hotel	51 Brufut Heights	+2202487430								overture:20ff0207-d2b6-4325-b967-1bcccda50264	2026-08-16T01:01:59Z		Canonical queue drain | fit B | GitHub MASTER dedupe passed	http://oceanvillaheights.com/	info@oceanvillaheights.com	https://oceanvillaheights.com/about-us/		https://www.facebook.com/oceanvillaheights/		https://oceanvillaheights.com/rooms/				High	Verified	https://explore.overturemaps.org/#id=20ff0207-d2b6-4325-b967-1bcccda50264	Public Overture site+email; zero-HTTP V6 cheap-screen. Final MASTER dedupe/QA required.				overture:20ff0207-d2b6-4325-b967-1bcccda50264	oceanvillaheights.com	2202487430	ocean villa heights boutique hotel	West Coast	GM	HIGH	domain:oceanvillaheights.com
	B	78	บ้านหนองหลวง	Thailand	Museflower Retreat & Spa		hotel	159, 1	+66931370414								overture:25927d00-941b-4c94-930c-427227e0d375	2026-08-16T01:01:59Z		Canonical queue drain | fit B | GitHub MASTER dedupe passed	http://www.musefloweretreat.com/		https://musefloweretreat.com/about/	https://www.instagram.com/musefloweretreat/	https://www.facebook.com/musefloweretreat/		https://musefloweretreat.com/the-experience/book-a-room/				Medium	Recall-first	https://explore.overturemaps.org/#id=25927d00-941b-4c94-930c-427227e0d375; https://musefloweretreat.com/	Public Overture website; no usable Overture email. First-party public contact crawl required; no inference.				overture:25927d00-941b-4c94-930c-427227e0d375	musefloweretreat.com	66931370414	museflower retreat spa	บ้านหนองหลวง	Thailand	MEDIUM	domain:musefloweretreat.com
	B	78	Kuala Paka	Malaysia	Residence Resort Paka		hotel	Lot 473, Kampong Cacar	+6098273366								overture:df107d69-cd68-4277-ad1d-f6f5e32696bc	2026-08-16T01:01:59Z		Canonical queue drain | fit B | GitHub MASTER dedupe passed	http://www.marimari.com/hotel/malaysia/residence/index.html	enquiry@marimari.com	https://www.marimari.com/content/marimari/about_us.html		https://www.facebook.com/MarimariHotelNetwork/		https://www.marimari.com/hotel/malaysia/rumbia-resort-villa/index.html				High	Verified	https://explore.overturemaps.org/#id=df107d69-cd68-4277-ad1d-f6f5e32696bc; https://www.marimari.com/hotel/malaysia/residence/index.html; https://www.marimari.com/content/marimari/contact_us.html	Public Overture website; no usable Overture email. First-party public contact crawl required; no inference. Public business email recovered from first-party website; no inference.				overture:df107d69-cd68-4277-ad1d-f6f5e32696bc	marimari.com	6098273366	residence resort paka	Kuala Paka	Malaysia	HIGH	domain:marimari.com
	B	78	Ayer Lanas	Malaysia	Lalang’s Resort Spa		hotel		+60169649177								overture:839b3a76-3085-4b10-8c24-7c8ade321189	2026-08-16T01:01:59Z		Canonical queue drain | fit B | GitHub MASTER dedupe passed	http://www.lalangs.com/	reservationlalangsresort@gmail.com	https://lalangs.com/contact/	https://www.instagram.com/lalang_resort/			https://lalangs.com/accommodations/				High	Verified	https://explore.overturemaps.org/#id=839b3a76-3085-4b10-8c24-7c8ade321189; https://lalangs.com/; https://lalangs.com/contact/	Public Overture website; no usable Overture email. First-party public contact crawl required; no inference. Public business email recovered from first-party website; no inference.				overture:839b3a76-3085-4b10-8c24-7c8ade321189	lalangs.com	60169649177	lalangs resort spa	Ayer Lanas	Malaysia	HIGH	domain:lalangs.com
	B	78	Mabalacat	Philippines	Villa Rebecca at Emelsie Farm		resort	Emelsie Farm, Arrowville North Subdivision, Pescara Street	+639600257125								overture:8cd80eaf-3ad8-4c87-aa29-2d261d383d63	2026-08-16T01:01:59Z		Canonical queue drain | fit B | GitHub MASTER dedupe passed	http://www.villarebeccaph.com/		https://villarebeccaph.com/about-us/	https://www.instagram.com/villarebeccaph/	https://www.facebook.com/RebeccaVillasph/		https://villarebeccaph.com/our-rooms				High	Verified	https://explore.overturemaps.org/#id=8cd80eaf-3ad8-4c87-aa29-2d261d383d63; https://villarebeccaph.com/	Public Overture website; no usable Overture email. First-party public contact crawl required; no inference.				overture:8cd80eaf-3ad8-4c87-aa29-2d261d383d63	villarebeccaph.com	639600257125	villa rebecca at emelsie farm	Mabalacat	Philippines	HIGH	domain:villarebeccaph.com
	B	78	Batam	Indonesia	Nongsa Village Resort		resort	Jl. Teluk Mata Ikan	(0627) 78761111								overture:b2c50429-ba27-4296-84c6-2a989e3afc4f	2026-08-16T01:01:59Z		Canonical queue drain | fit B | GitHub MASTER dedupe passed	http://www.nongsavillage.com	reservation@nongsavillage.com	https://www.nongsavillage.com/about-us.html	https://www.instagram.com/nongsavillage_/			https://www.nongsavillage.com/rooms/villas-overview.html				High	Verified	https://explore.overturemaps.org/#id=b2c50429-ba27-4296-84c6-2a989e3afc4f; https://www.nongsavillage.com/	Public Overture website; no usable Overture email. First-party public contact crawl required; no inference. Public business email recovered from first-party website; no inference.				overture:b2c50429-ba27-4296-84c6-2a989e3afc4f	nongsavillage.com	062778761111	nongsa village resort	Batam	Indonesia	HIGH	domain:nongsavillage.com
	B	78	Singapore	Singapore	Grand Copthorne Waterfront Hotel Singapore		resort	392 Havelock Road	67330880								overture:6015c29d-9ba2-445d-9534-0b33b50f5776	2026-08-16T01:01:59Z		Canonical queue drain | fit B | GitHub MASTER dedupe passed	https://www.millenniumhotels.com/en/singapore/grand-copthorne-waterfront/?cid=gplaces-grand-copthorne-waterfront		https://www.millenniumhotels.com/en/contact-us/enquiry-form/	https://www.instagram.com/millennium/	https://www.facebook.com/millenniumhotels/		https://www.millenniumhotels.com/en/bookings/?hotelcode=13554&checkin=&checkout=&discountcode=&groupcode=&promocode=&adults=2&children=0&childrenAges=&rooms=1&AAA=false&AARP=false&GOV=false&Accessible=false&offercode=&offername=Stay%2520Beyond&noPromo=true&hasCode=false&viewrates=rooms				High	Verified	https://explore.overturemaps.org/#id=6015c29d-9ba2-445d-9534-0b33b50f5776; https://www.millenniumhotels.com/en/singapore/grand-copthorne-waterfront/?cid=gplaces-grand-copthorne-waterfront	Public Overture website; no usable Overture email. First-party public contact crawl required; no inference.				overture:6015c29d-9ba2-445d-9534-0b33b50f5776	millenniumhotels.com	67330880	grand copthorne waterfront hotel singapore	Singapore	Singapore	HIGH	domain:millenniumhotels.com
	B	78	Tenggaroh	Malaysia	Felda Residence Tanjung Leman		resort	suite 10, lvl 10, jb city square, ofice tower 106-108,Jalan wong,Jalan Wong Ah Fook	+6077911188								overture:72bbe06d-385e-4057-b7c7-884a01757e36	2026-08-16T01:01:59Z		Canonical queue drain | fit B | GitHub MASTER dedupe passed	http://www.feldatravel.com.my	salam@feldatravel.com.my		https://www.instagram.com/feldatravel/	https://www.facebook.com/FeldaTravel/	https://web.whatsapp.com/send?phone=60192010843&text=Salam Shidah, nama saya [Gantikan_dengan_nama_anda] Saya berminat dengan pakej dari Felda Travel. Bagaimana cara untuk booking?					Medium	Recall-first	https://explore.overturemaps.org/#id=72bbe06d-385e-4057-b7c7-884a01757e36; https://feldatravel.com.my/	Public Overture website; no usable Overture email. First-party public contact crawl required; no inference. Public business email recovered from first-party website; no inference.				overture:72bbe06d-385e-4057-b7c7-884a01757e36	feldatravel.com.my	6077911188	felda residence tanjung leman	Tenggaroh	Malaysia	MEDIUM	domain:feldatravel.com.my
	B	78	Singapore	Singapore	Village Residence West Coast		hotel	Singapore Institute of Management, 461 Clementi Rd, Singapore 599491, Singapore	+6564288600								overture:e53247ff-1289-46ce-afca-b677d5e4ebe2	2026-08-16T01:01:59Z		Canonical queue drain | fit B | GitHub MASTER dedupe passed	http://www.VillageHotels.asia/		https://www.villagehotels.asia/en/contact-us	https://www.instagram.com/stayvillage/	https://www.facebook.com/stayvillage/		https://www.villagehotels.asia/${BookingUrl}				High	Verified	https://explore.overturemaps.org/#id=e53247ff-1289-46ce-afca-b677d5e4ebe2; https://www.villagehotels.asia/	Public Overture website; no usable Overture email. First-party public contact crawl required; no inference.				overture:e53247ff-1289-46ce-afca-b677d5e4ebe2	villagehotels.asia	6564288600	village residence west coast	Singapore	Singapore	HIGH	domain:villagehotels.asia
	B	78	Subang Jaya	Malaysia	The Villas at Sunway Resort Hotel and Spa		hotel	Persiaran Lagoon Bandar Sunway	+60374928000								overture:d140c020-47fb-41cc-b2e8-f36c06829b06	2026-08-16T01:01:59Z		Canonical queue drain | fit B | GitHub MASTER dedupe passed	http://www.mandaraspa.com/		https://www.mandaraspa.com/contact-us/	https://www.instagram.com/mandaraspa/	https://www.facebook.com/MandaraSpa/		https://www.mandaraspa.com/our-spas/hilton-hawaiian-village-waikiki-beach-resort/				Permissive	Qualification	https://explore.overturemaps.org/#id=d140c020-47fb-41cc-b2e8-f36c06829b06; https://www.mandaraspa.com/	Public Overture website; no usable Overture email. First-party public contact crawl required; no inference.				overture:d140c020-47fb-41cc-b2e8-f36c06829b06	mandaraspa.com	60374928000	the villas at sunway resort hotel and spa	Subang Jaya	Malaysia	PERMISSIVE	domain:mandaraspa.com
	B	78	Phan Thiết	Vietnam	Bamboo Village Beach, Resort & Spa		resort	38 Nguyen Dinh Chieu Street	0919 029 838								overture:27126167-323c-4550-9ac1-b417eb6e6637	2026-08-16T01:01:06.698020Z		Canonical queue drain | fit B | GitHub MASTER dedupe passed	http://www.bamboovillageresortvn.com	sales@bamboovillageresortvn.com	https://bamboovillageresortvn.com/contact/	https://www.instagram.com/bamboovillageresortspa/	https://www.facebook.com/bamboovillageresortvietnam/						High	Verified	https://explore.overturemaps.org/#id=27126167-323c-4550-9ac1-b417eb6e6637; https://bamboovillageresortvn.com/	Public Overture website; no usable Overture email. First-party public contact crawl required; no inference. Public business email recovered from first-party website; no inference.				overture:27126167-323c-4550-9ac1-b417eb6e6637	bamboovillageresortvn.com	0919029838	bamboo village beach resort spa	Phan Thiết	Vietnam	HIGH	domain:bamboovillageresortvn.com
	B	78	อ.กะทู้	Thailand	Zenseana Resort & Spa		hotel	147 Phrabarami Road									overture:292b3c2b-d09f-401f-918b-80e4803f10d4	2026-08-16T00:58:35Z		Canonical queue drain | fit B | GitHub MASTER dedupe passed	http://zenseanaresort.com	info@zenseanaresort.com	http://zenseanaresort.com/contact_us.php	https://www.instagram.com/zenseanaresort/	https://www.facebook.com/LaVintageresort-312187149252260/		http://zenseanaresort.com/rooms.php				High	Verified	https://explore.overturemaps.org/#id=292b3c2b-d09f-401f-918b-80e4803f10d4; http://zenseanaresort.com/; http://zenseanaresort.com	Public Overture website; no usable Overture email. First-party public contact crawl required; no inference. Public business email recovered from first-party website; no inference.				overture:292b3c2b-d09f-401f-918b-80e4803f10d4	zenseanaresort.com		zenseana resort spa	อ.กะทู้	Thailand	HIGH	domain:zenseanaresort.com
	B	78	Mueang Phuket	Thailand	Woraburi Phuket Resort And Spa		hotel	198-200 Patak Rd	076 363 050								overture:b3fc9ef4-1c07-492d-a338-21d1836f022b	2026-08-16T00:58:35Z		Canonical queue drain | fit B | GitHub MASTER dedupe passed	http://woraburi-phuket.com		https://www.woraburi-phuket.com/about.html	https://www.instagram.com/woraburiphuketresortandspa/	https://www.facebook.com/WoraburiResortandSpaPhuket/		https://www.woraburi-phuket.com/accommodation.html				High	Verified	https://explore.overturemaps.org/#id=b3fc9ef4-1c07-492d-a338-21d1836f022b; https://www.woraburi-phuket.com/	Public Overture website; no usable Overture email. First-party public contact crawl required; no inference.				overture:b3fc9ef4-1c07-492d-a338-21d1836f022b	woraburi-phuket.com	076363050	woraburi phuket resort and spa	Mueang Phuket	Thailand	HIGH	domain:woraburi-phuket.com
	B	78	ภูเก็ต	Thailand	Sri Panwa Luxury Pool Villa, Phuket, Thailand		hotel	8 ถนน วิชิตสงคราม	+6676371000								overture:4cc40423-a536-4b34-9329-da317bcbb879	2026-08-16T00:58:35Z		Canonical queue drain | fit B | GitHub MASTER dedupe passed	http://www.sripanwa.com/		https://www.sripanwa.com/contact-luxury-villa-hotel-phuket/	https://www.instagram.com/sripanwa/	https://www.facebook.com/SripanwaPhuket/		https://www.sripanwa.com/5-stars-hotel-pool-villas-phuket/				High	Verified	https://explore.overturemaps.org/#id=4cc40423-a536-4b34-9329-da317bcbb879; https://www.sripanwa.com/	Public Overture website; no usable Overture email. First-party public contact crawl required; no inference.				overture:4cc40423-a536-4b34-9329-da317bcbb879	sripanwa.com	6676371000	sri panwa luxury pool villa phuket thailand	ภูเก็ต	Thailand	HIGH	domain:sripanwa.com
	B	78	Thị Xã Sa Pa	Vietnam	Sapa Jade Hill Resort & Spa		hotel	3 Phố Cầu Mây	+84981066266								overture:def24af9-71da-424b-9f8c-89254452bbef	2026-08-16T00:58:35Z		Canonical queue drain | fit B | GitHub MASTER dedupe passed	https://sapajadehillresort.com/		https://sapajadehillresort.com/booking/	https://www.instagram.com/sapajadehill_resort/	https://www.facebook.com/SapaJadeHillResort/		https://sapajadehillresort.com/booking				High	Verified	https://explore.overturemaps.org/#id=def24af9-71da-424b-9f8c-89254452bbef; https://sapajadehillresort.com/	Public Overture website; no usable Overture email. First-party public contact crawl required; no inference.				overture:def24af9-71da-424b-9f8c-89254452bbef	sapajadehillresort.com	84981066266	sapa jade hill resort spa	Thị Xã Sa Pa	Vietnam	HIGH	domain:sapajadehillresort.com
	B	78	ภูเก็ต	Thailand	Karon Residence House		hotel	287 ถนน ปฏัก	+66986739070								overture:992f562f-3622-420e-9b3e-fb88872670e6	2026-08-16T00:58:35Z		Canonical queue drain | fit B | GitHub MASTER dedupe passed	http://www.phuketbaankaron.com/		https://www.phuketbaankaron.com/contactus	https://www.instagram.com/baankaronresort_phuket/	https://www.facebook.com/Baan-Karon-Resort-Phuket-100301618385548/		https://www.phuketbaankaron.com/accomodations/family-2-bedrooms				High	Verified	https://explore.overturemaps.org/#id=992f562f-3622-420e-9b3e-fb88872670e6; https://www.phuketbaankaron.com/	Public Overture website; no usable Overture email. First-party public contact crawl required; no inference.				overture:992f562f-3622-420e-9b3e-fb88872670e6	phuketbaankaron.com	66986739070	karon residence house	ภูเก็ต	Thailand	HIGH	domain:phuketbaankaron.com
	B	78	ภูเก็ต	Thailand	Peach Blossom		hotel	6 กะรน	+6676371611								overture:a353a4ca-32ec-4056-b600-5f4faad81139	2026-08-16T00:58:35Z		Canonical queue drain | fit B | GitHub MASTER dedupe passed	http://www.phuket-peachblossom.com/		https://www.phuket-peachblossom.com/contact/	https://www.instagram.com/peachblossomphuket/	https://www.facebook.com/peachblossomresort/		https://www.phuket-peachblossom.com/accommodation/pool-villa/				High	Verified	https://explore.overturemaps.org/#id=a353a4ca-32ec-4056-b600-5f4faad81139; https://www.phuket-peachblossom.com/	Public Overture website; no usable Overture email. First-party public contact crawl required; no inference.				overture:a353a4ca-32ec-4056-b600-5f4faad81139	phuket-peachblossom.com	6676371611	peach blossom	ภูเก็ต	Thailand	HIGH	domain:phuket-peachblossom.com
