	A	91	Mangaluru Sub-District	India	Tierra Resort and Villas		beach_resort	56/1	+919986988887								overture:7219def4-3544-4786-bf92-b0609c10ca5e	2026-08-16T21:20:26.447645Z		Canonical queue drain | fit A | GitHub MASTER dedupe passed	http://www.tierraresortandvillas.com/										High	Verified	https://explore.overturemaps.org/#id=7219def4-3544-4786-bf92-b0609c10ca5e	Public Overture website; no usable Overture email. First-party public contact crawl required; no inference.				overture:7219def4-3544-4786-bf92-b0609c10ca5e	tierraresortandvillas.com	919986988887	tierra resort and villas	Mangaluru Sub-District	India	HIGH	domain:tierraresortandvillas.com
	A	91	Saint Tropez	France	Site officiel de la ville de Saint-Tropez		hospitality_search_candidate										fresh:74011089775529c1535c	2026-08-16T21:20:26.447645Z		Canonical queue drain | fit A | GitHub MASTER dedupe passed	https://www.saint-tropez.fr/				https://www.facebook.com/Ville.Saint.Tropez/						Permissive	Qualification	https://www.saint-tropez.fr/	Public search evidence; market_id=saint-tropez-fr; family=vacation_property_management__official; provider=ddgs; rank=1; query="vacation property management" Saint Tropez France "official site"				fresh:74011089775529c1535c	saint-tropez.fr		site officiel de la ville de saint tropez	Saint Tropez	France	PERMISSIVE	domain:saint-tropez.fr
	A	91	Saint Tropez	France	Luxury Casino™		hospitality_search_candidate										fresh:a56918a238204129d19a	2026-08-16T21:20:26.447645Z		Canonical queue drain | fit A | GitHub MASTER dedupe passed	https://luxury.casino/en/		https://luxury.casino/en/about-us/								Medium	Recall-first	https://luxury.casino/en/	Public search evidence; market_id=saint-tropez-fr; family=luxury_lodging_direct__no_ota; provider=ddgs; rank=7; query="luxury lodging" Saint Tropez France "book direct" -airbnb -booking -vrbo -tripadvisor				fresh:a56918a238204129d19a	luxury.casino		luxury casinotm	Saint Tropez	France	MEDIUM	domain:luxury.casino
	A	91	Saint Tropez	France	gracehospitality.com		hospitality_search_candidate										fresh:7a8f464de32fede7fed3	2026-08-16T21:20:26.447645Z		Canonical queue drain | fit A | GitHub MASTER dedupe passed	https://www.gracehospitality.com/		https://www.gracehospitality.com/about-us/								High	Verified	https://www.gracehospitality.com/	Public search evidence; market_id=saint-tropez-fr; family=hospitality_management_villas__core; provider=ddgs; rank=6; query="hospitality management" Saint Tropez France villas				fresh:7a8f464de32fede7fed3	gracehospitality.com		gracehospitality com	Saint Tropez	France	HIGH	domain:gracehospitality.com
	A	91	Saint Tropez	France	VillaSport Beaverton Home		hospitality_search_candidate										fresh:45c01d495c04c2130a08	2026-08-16T21:20:26.447645Z		Canonical queue drain | fit A | GitHub MASTER dedupe passed	https://www.gomotionapp.com/team/orvsb/page/home		https://www.gomotionapp.com/team/orvsb/page/system/contactus								High	Verified	https://www.gomotionapp.com/team/orvsb/page/home	Public search evidence; market_id=saint-tropez-fr; family=villa_hosts__contact; provider=ddgs; rank=8; query="villa hosts" Saint Tropez France rentals "contact us"				fresh:45c01d495c04c2130a08	gomotionapp.com		villasport beaverton home	Saint Tropez	France	HIGH	domain:gomotionapp.com
	A	91	Saint Tropez	France	French Villa		hospitality_search_candidate										fresh:cd8a840e9af3e6b81fa3	2026-08-16T21:20:26.447645Z		Canonical queue drain | fit A | GitHub MASTER dedupe passed	https://www.frenchvillaapts.com/		https://www.frenchvillaapts.com/contactus								Medium	Recall-first	https://www.frenchvillaapts.com/	Public search evidence; market_id=saint-tropez-fr; family=villa_hosts__contact; provider=ddgs; rank=5; query="villa hosts" Saint Tropez France rentals "contact us"				fresh:cd8a840e9af3e6b81fa3	frenchvillaapts.com		french villa	Saint Tropez	France	MEDIUM	domain:frenchvillaapts.com
	A	91	Saint Tropez	France	St Tropez Villas for Rent		hospitality_search_candidate										fresh:efe99c02675e910ed363	2026-08-16T21:16:22.187320Z		Canonical queue drain | fit A | GitHub MASTER dedupe passed	https://www.villazzo.com/rental-villas/saint-tropez		https://www.villazzo.com/contact								Permissive	Qualification	https://www.villazzo.com/rental-villas/saint-tropez	Public search evidence; market_id=saint-tropez-fr; family=luxury_villa_operator__core; provider=ddgs; rank=6; query="luxury villa rentals" Saint Tropez France "property management"				fresh:efe99c02675e910ed363	villazzo.com		st tropez villas for rent	Saint Tropez	France	PERMISSIVE	domain:villazzo.com
	A	91	Saint Tropez	France	Luxury Villas St. Tropez		hospitality_search_candidate										fresh:71f4992b922f7787a857	2026-08-16T21:16:22.187320Z		Canonical queue drain | fit A | GitHub MASTER dedupe passed	https://villassttropez.com/		https://villassttropez.com/contact								Permissive	Qualification	https://villassttropez.com/	Public search evidence; market_id=saint-tropez-fr; family=luxury_villa_operator__official; provider=ddgs; rank=4; query="luxury villa rentals" Saint Tropez France "property management" "official site"				fresh:71f4992b922f7787a857	villassttropez.com		luxury villas st tropez	Saint Tropez	France	PERMISSIVE	domain:villassttropez.com
	A	91	San Miguel de Abona	Spain	Tenerife Self Catering - La Bodega		hotel	calle Juan Bethencourt Alfonso 4,	922700590								overture:ca1ad406-077a-41eb-92ef-eb176198c674	2026-08-16T21:16:22.187320Z		Canonical queue drain | fit A | GitHub MASTER dedupe passed	https://www.tenerife-selfcatering.com/										Permissive	Qualification	https://explore.overturemaps.org/#id=ca1ad406-077a-41eb-92ef-eb176198c674	Public Overture website; no usable Overture email. First-party public contact crawl required; no inference.				overture:ca1ad406-077a-41eb-92ef-eb176198c674	tenerife-selfcatering.com	922700590	tenerife self catering la bodega	San Miguel de Abona	Spain	PERMISSIVE	domain:tenerife-selfcatering.com
	A	91	Saint Tropez	France	St Tropez House: Luxury villas in Saint Tropez for rent & sale in 2027.		hospitality_search_candidate										fresh:e319cdf23bdce3231e65	2026-08-16T21:16:22.187320Z		Canonical queue drain | fit A | GitHub MASTER dedupe passed	https://www.sttropezhouse.com/		https://www.sttropezhouse.com/contact								Permissive	Qualification	https://www.sttropezhouse.com/	Public search evidence; market_id=saint-tropez-fr; family=luxury_villa_operator__core; provider=ddgs; rank=2; query="luxury villa rentals" Saint Tropez France "property management"				fresh:e319cdf23bdce3231e65	sttropezhouse.com		st tropez house luxury villas in saint tropez for rent sale in 2027	Saint Tropez	France	PERMISSIVE	domain:sttropezhouse.com
	A	91	Saint Tropez	France	Curated Luxury Villa Rentals on the French Riviera		hospitality_search_candidate										fresh:cb7a11c10c2692c5ae8e	2026-08-16T21:16:22.187320Z		Canonical queue drain | fit A | GitHub MASTER dedupe passed	https://sainttropezvillarentals.com/		https://sainttropezvillarentals.com/contact								Permissive	Qualification	https://sainttropezvillarentals.com/	Public search evidence; market_id=saint-tropez-fr; family=curated_villas__core; provider=ddgs; rank=8; query="curated villas" Saint Tropez France rentals				fresh:cb7a11c10c2692c5ae8e	sainttropezvillarentals.com		curated luxury villa rentals on the french riviera	Saint Tropez	France	PERMISSIVE	domain:sainttropezvillarentals.com
	A	91	French Riviera	France	Long term lets in France		hospitality_search_candidate										fresh:5b4b3470906ccd1bfe79	2026-08-16T21:16:22.187320Z		Canonical queue drain | fit A | GitHub MASTER dedupe passed	https://www.rentaplaceinfrance.com/		https://www.rentaplaceinfrance.com/contact								Permissive	Qualification	https://www.rentaplaceinfrance.com/	Public search evidence; market_id=french-riviera-fr; family=premium_short_stay__direct; provider=ddgs; rank=1; query="premium short stay" French Riviera France rentals "book direct"				fresh:5b4b3470906ccd1bfe79	rentaplaceinfrance.com		long term lets in france	French Riviera	France	PERMISSIVE	domain:rentaplaceinfrance.com
	A	91	French Riviera	France	French Riviera Real Estate		hospitality_search_candidate										fresh:79c2dd69f07679cca5f1	2026-08-16T21:16:22.187320Z		Canonical queue drain | fit A | GitHub MASTER dedupe passed	https://www.capvillas.com/		https://www.capvillas.com/contact								Permissive	Qualification	https://www.capvillas.com/	Public search evidence; market_id=french-riviera-fr; family=managed_vacation_rentals__portfolio; provider=ddgs; rank=2; query="managed vacation rentals" French Riviera France "our properties"				fresh:79c2dd69f07679cca5f1	capvillas.com		french riviera real estate	French Riviera	France	PERMISSIVE	domain:capvillas.com
	A	91	Hyderabad	India	Highlang Holiday Homes		holiday_rental_home	Srinivasa Nagar, N.G.O.'s Colony, Tirupati	+918772233991								overture:721cb7f0-ed46-496c-af91-0d026f29f327	2026-08-16T20:33:15.749759Z		Canonical queue drain | fit A | GitHub MASTER dedupe passed	http://www.highlandresorts.com										Medium	Recall-first	https://explore.overturemaps.org/#id=721cb7f0-ed46-496c-af91-0d026f29f327	Public Overture website; no usable Overture email. First-party public contact crawl required; no inference.				overture:721cb7f0-ed46-496c-af91-0d026f29f327	highlandresorts.com	918772233991	highlang holiday homes	Hyderabad	India	MEDIUM	domain:highlandresorts.com
	A	91	Ibiza	Spain	Welcome to Ibiza Property Management Collective (IPM Collective S.L)		hospitality_search_candidate										fresh:19fd90f41a36b0170cfb	2026-08-16T19:58:38.267629Z		Canonical queue drain | fit A | GitHub MASTER dedupe passed	https://www.ibizapropertymanagement.net/		https://www.ibizapropertymanagement.net/contact								Permissive	Qualification	https://www.ibizapropertymanagement.net/	Public search evidence; market_id=ibiza-es; family=property_manager_villas__portfolio; provider=ddgs; rank=1; query="property manager" Ibiza Spain villas rentals "our properties"				fresh:19fd90f41a36b0170cfb	ibizapropertymanagement.net		welcome to ibiza property management collective ipm collective s l	Ibiza	Spain	PERMISSIVE	domain:ibizapropertymanagement.net
	A	91	Mallorca	Spain	Real Estate Agency Mallorca		hospitality_search_candidate										fresh:90cd42b56b01ee4b3f2d	2026-08-16T19:55:10.455121Z		Canonical queue drain | fit A | GitHub MASTER dedupe passed	https://onestop.world/		https://onestop.world/contact								Permissive	Qualification	https://onestop.world/	Public search evidence; market_id=mallorca-es; family=hospitality_management_villas__portfolio; provider=ddgs; rank=4; query="hospitality management" Mallorca Spain villas "our properties"				fresh:90cd42b56b01ee4b3f2d	onestop.world		real estate agency mallorca	Mallorca	Spain	PERMISSIVE	domain:onestop.world
	A	91	Mallorca	Spain	Boutique and luxury hotels		hospitality_search_candidate										fresh:305b281dcc4f47931914	2026-08-16T19:55:10.455121Z		Canonical queue drain | fit A | GitHub MASTER dedupe passed	https://guide.michelin.com/us/en/hotels-stays/majorca		https://guide.michelin.com/contact								Permissive	Qualification	https://guide.michelin.com/us/en/hotels-stays/majorca	Public search evidence; market_id=mallorca-es; family=luxury_lodging_direct__core; provider=ddgs; rank=5; query="luxury lodging" Mallorca Spain "book direct"				fresh:305b281dcc4f47931914	michelin.com		boutique and luxury hotels	Mallorca	Spain	PERMISSIVE	domain:michelin.com
	A	91	تحصیل راولپنڈی چھاؤنی	PK	Oakside Private Property Management		real_estate_service	4-A Lower Ground Floor, Hadi Arcade	+923331363133								overture:7cd8dc82-8b63-45c2-ae57-308d20de97ee	2026-08-16T19:50:59.973149Z		Canonical queue drain | fit A | GitHub MASTER dedupe passed	http://www.oakside.com/										Permissive	Qualification	https://explore.overturemaps.org/#id=7cd8dc82-8b63-45c2-ae57-308d20de97ee	Public Overture website; no usable Overture email. First-party public contact crawl required; no inference.				overture:7cd8dc82-8b63-45c2-ae57-308d20de97ee	oakside.com	923331363133	oakside private property management	تحصیل راولپنڈی چھاؤنی	PK	PERMISSIVE	domain:oakside.com
	A	91	Tofino	Canada	Knuline Transportation		hospitality_search_candidate										fresh:863f4c8d023d1c765702	2026-08-16T19:50:59.973149Z		Canonical queue drain | fit A | GitHub MASTER dedupe passed	https://knuline.ca/	info.sales@knuline.ca									Permissive	Qualification	https://knuline.ca/	Public search evidence; market_id=tofino-bc; family=holiday_let_management__contact; provider=ddgs; rank=4; query="holiday let management" Tofino British Columbia "contact us" Public business email recovered from first-party website; no inference.				fresh:863f4c8d023d1c765702	knuline.ca		knuline transportation	Tofino	Canada	PERMISSIVE	domain:knuline.ca
	A	91	Tofino	Canada	getawayGoGo		hospitality_search_candidate										fresh:14dd91549bd482658fd0	2026-08-16T19:50:59.973149Z		Canonical queue drain | fit A | GitHub MASTER dedupe passed	https://www.getawaygogo.com/		https://www.getawaygogo.com/contact								High	Verified	https://www.getawaygogo.com/	Public search evidence; market_id=tofino-bc; family=property_manager_villas__direct; provider=ddgs; rank=3; query="property manager" Tofino British Columbia villas rentals "book direct"				fresh:14dd91549bd482658fd0	getawaygogo.com		getawaygogo	Tofino	Canada	HIGH	domain:getawaygogo.com
	A	91	Tofino	Canada	Rustic Elegance on Chesterman Beach, Tofino		hospitality_search_candidate										fresh:f9afd7e66bae5b68c192	2026-08-16T19:45:30.907089Z		Canonical queue drain | fit A | GitHub MASTER dedupe passed	https://www.wickinn.com/		https://www.wickinn.com/contact-us								High	Verified	https://www.wickinn.com/	Public search evidence; market_id=tofino-bc; family=luxury_home_rentals__contact; provider=ddgs; rank=6; query="luxury home rentals" Tofino British Columbia "contact us"				fresh:f9afd7e66bae5b68c192	wickinn.com		rustic elegance on chesterman beach tofino	Tofino	Canada	HIGH	domain:wickinn.com
	A	91		United States	Nemacolin Woodlands Resort		resort										Q6990894	2026-08-16T19:45:30.907089Z		Canonical queue drain | fit A | GitHub MASTER dedupe passed	http://www.nemacolin.com/		https://www.nemacolin.com/contact/								Medium	Recall-first	http://www.wikidata.org/entity/Q6990894	Wikidata structured evidence; country=Q30; class=Q875157; official website property P856.				q6990894	nemacolin.com		nemacolin woodlands resort		United States	MEDIUM	domain:nemacolin.com
	A	91		United States	Gold Strike Casino Resort		resort										Q5578879	2026-08-16T19:45:30.907089Z		Canonical queue drain | fit A | GitHub MASTER dedupe passed	http://www.goldstrikemississippi.com		http://www.goldstrikemississippi.com/contact								Permissive	Qualification	http://www.wikidata.org/entity/Q5578879	Wikidata structured evidence; country=Q30; class=Q875157; official website property P856.				q5578879	goldstrikemississippi.com		gold strike casino resort		United States	PERMISSIVE	domain:goldstrikemississippi.com
	A	91		France	Les Bottières ski resort		resort										Q3231105	2026-08-16T19:41:36.090400Z		Canonical queue drain | fit A | GitHub MASTER dedupe passed	https://www.bottieres-jarrier.com/		https://www.bottieres-jarrier.com/contact/								High	Verified	http://www.wikidata.org/entity/Q3231105	Wikidata structured evidence; country=Q142; class=Q875157; official website property P856.				q3231105	bottieres-jarrier.com		les bottieres ski resort		France	HIGH	domain:bottieres-jarrier.com
	A	91	Mont Tremblant	Canada	Sivan Tours Passover 2026 Mont Tremblant		hospitality_search_candidate										fresh:b10956e25716386a5d38	2026-08-16T19:38:15.846190Z		Canonical queue drain | fit A | GitHub MASTER dedupe passed	https://www.sivantours.com/	info@sivantours.com									High	Verified	https://www.sivantours.com/	Public search evidence; market_id=mont-tremblant-qc; family=holiday_let_management__contact; provider=ddgs; rank=7; query="holiday let management" Mont Tremblant Quebec "contact us" Public business email recovered from first-party website; no inference.				fresh:b10956e25716386a5d38	sivantours.com		sivan tours passover 2026 mont tremblant	Mont Tremblant	Canada	HIGH	domain:sivantours.com
	A	91	Mont Tremblant	Canada	Mont Tremblant Rentals: Quebec Chalets, Cabins & Condos		hospitality_search_candidate										fresh:679ba46e9960beec084e	2026-08-16T19:38:15.846190Z		Canonical queue drain | fit A | GitHub MASTER dedupe passed	https://monttremblantrentals.com/		https://monttremblantrentals.com/contact								Permissive	Qualification	https://monttremblantrentals.com/	Public search evidence; market_id=mont-tremblant-qc; family=luxury_home_rentals__core; provider=ddgs; rank=6; query="luxury home rentals" Mont Tremblant Quebec				fresh:679ba46e9960beec084e	monttremblantrentals.com		mont tremblant rentals quebec chalets cabins condos	Mont Tremblant	Canada	PERMISSIVE	domain:monttremblantrentals.com
	A	91		United States	Universal Orlando Resort		resort										Q778011	2026-08-16T19:34:44.449375Z		Canonical queue drain | fit A | GitHub MASTER dedupe passed	http://www.universalorlando.com		https://www.universalorlando.com/web/en/us/oops-sorry								Permissive	Qualification	http://www.wikidata.org/entity/Q778011	Wikidata structured evidence; country=Q30; class=Q875157; official website property P856.				q778011	universalorlando.com		universal orlando resort		United States	PERMISSIVE	domain:universalorlando.com
	A	91	Banff	Canada	Banff Luxury Accommodations		hospitality_search_candidate										fresh:5e047e0abed9f8258065	2026-08-16T19:31:41.926538Z		Canonical queue drain | fit A | GitHub MASTER dedupe passed	https://thekenrickhotel.com/		https://thekenrickhotel.com/contact								Permissive	Qualification	https://thekenrickhotel.com/	Public search evidence; market_id=banff-ab; family=premium_direct_booking__official; provider=ddgs; rank=5; query="book direct" Banff Alberta luxury villas resort "official site"				fresh:5e047e0abed9f8258065	thekenrickhotel.com		banff luxury accommodations	Banff	Canada	PERMISSIVE	domain:thekenrickhotel.com
	A	91	Banff	Canada	Second Den		hospitality_search_candidate										fresh:7debad7d26b1626fe914	2026-08-16T19:31:41.926538Z		Canonical queue drain | fit A | GitHub MASTER dedupe passed	https://secondden.ca/		https://secondden.ca/contact								Medium	Recall-first	https://secondden.ca/	Public search evidence; market_id=banff-ab; family=vacation_property_management__contact; provider=ddgs; rank=2; query="vacation property management" Banff Alberta "contact us"				fresh:7debad7d26b1626fe914	secondden.ca		second den	Banff	Canada	MEDIUM	domain:secondden.ca
	A	91	Banff	Canada	mountainscaperentals.ca		hospitality_search_candidate										fresh:799fb161fd19329cc9a8	2026-08-16T19:31:41.926538Z		Canonical queue drain | fit A | GitHub MASTER dedupe passed	https://mountainscaperentals.ca/		https://mountainscaperentals.ca/contact								Permissive	Qualification	https://mountainscaperentals.ca/	Public search evidence; market_id=banff-ab; family=short_stay_manager__contact; provider=ddgs; rank=3; query="short stay management" Banff Alberta rentals "contact us"				fresh:799fb161fd19329cc9a8	mountainscaperentals.ca		mountainscaperentals ca	Banff	Canada	PERMISSIVE	domain:mountainscaperentals.ca
	A	91	Banff	Canada	Banff, CA Luxury Rentals		hospitality_search_candidate										fresh:4ef740e0c37a5cccf942	2026-08-16T19:31:41.926538Z		Canonical queue drain | fit A | GitHub MASTER dedupe passed	https://www.fvrentals.com/all/canada/alberta/banff/luxury-rentals		https://www.fvrentals.com/contact								Permissive	Qualification	https://www.fvrentals.com/all/canada/alberta/banff/luxury-rentals	Public search evidence; market_id=banff-ab; family=luxury_home_rentals__official; provider=ddgs; rank=3; query="luxury home rentals" Banff Alberta "official site"				fresh:4ef740e0c37a5cccf942	fvrentals.com		banff ca luxury rentals	Banff	Canada	PERMISSIVE	domain:fvrentals.com
	A	91	Banff	Canada	Book the Best Luxury Rentals in Banff		hospitality_search_candidate										fresh:0233ba0a13b026669a7c	2026-08-16T19:31:41.926538Z		Canonical queue drain | fit A | GitHub MASTER dedupe passed	https://bettertrips.com/all/canada/alberta/banff/luxury-rentals		https://bettertrips.com/contact								Permissive	Qualification	https://bettertrips.com/all/canada/alberta/banff/luxury-rentals	Public search evidence; market_id=banff-ab; family=luxury_vacation_company__core; provider=ddgs; rank=5; query="luxury vacation rentals" Banff Alberta company				fresh:0233ba0a13b026669a7c	bettertrips.com		book the best luxury rentals in banff	Banff	Canada	PERMISSIVE	domain:bettertrips.com
	A	91	Banff	Canada	Banff Tours and Packages and Attractions		hospitality_search_candidate										fresh:8aac927a7468f3fa7063	2026-08-16T19:31:41.926538Z		Canonical queue drain | fit A | GitHub MASTER dedupe passed	https://www.banffadventures.com/		https://www.banffadventures.com/plan-your-trip/contact-us/								Medium	Recall-first	https://www.banffadventures.com/	Public search evidence; market_id=banff-ab; family=vacation_home_agency__official; provider=ddgs; rank=7; query="vacation home agency" Banff Alberta "official site"				fresh:8aac927a7468f3fa7063	banffadventures.com		banff tours and packages and attractions	Banff	Canada	MEDIUM	domain:banffadventures.com
	A	91	Canmore	Canada	Hospitality Collection		hospitality_search_candidate										fresh:62a4f8316bf46bc25705	2026-08-16T19:28:33.430599Z		Canonical queue drain | fit A | GitHub MASTER dedupe passed	https://www.westerntrust.com/hospitality		https://www.westerntrust.com/								High	Verified	https://www.westerntrust.com/hospitality	Public search evidence; market_id=canmore-ab; family=private_homes_collection__core; provider=ddgs; rank=7; query="private homes" Canmore Alberta "collection" rentals				fresh:62a4f8316bf46bc25705	westerntrust.com		hospitality collection	Canmore	Canada	HIGH	domain:westerntrust.com
	A	91	Banff	Canada	Luxury Rentals and Hotels in Banff, CA 【 5-STAR 】| Varoom		hospitality_search_candidate										fresh:815f44dd1d1ce06a03ff	2026-08-16T19:28:33.430599Z		Canonical queue drain | fit A | GitHub MASTER dedupe passed	https://www.varoom.com/all/canada/alberta/banff/luxury-rentals		https://www.varoom.com/contact								Permissive	Qualification	https://www.varoom.com/all/canada/alberta/banff/luxury-rentals	Public search evidence; market_id=banff-ab; family=luxury_villa_operator__contact; provider=ddgs; rank=6; query="luxury villa rentals" Banff Alberta "property management" "contact us"				fresh:815f44dd1d1ce06a03ff	varoom.com		luxury rentals and hotels in banff ca 5 star varoom	Banff	Canada	PERMISSIVE	domain:varoom.com
	A	91	Canmore	Canada	Our Listings		hospitality_search_candidate										fresh:c46aa5e9ebea4f22c849	2026-08-16T19:28:33.430599Z		Canonical queue drain | fit A | GitHub MASTER dedupe passed	https://www.risecohost.com/listings		https://www.risecohost.com/contact								High	Verified	https://www.risecohost.com/listings	Public search evidence; market_id=canmore-ab; family=vacation_property_management__no_ota; provider=ddgs; rank=5; query="vacation property management" Canmore Alberta -airbnb -booking -vrbo -tripadvisor				fresh:c46aa5e9ebea4f22c849	risecohost.com		our listings	Canmore	Canada	HIGH	domain:risecohost.com
	A	91	Banff	Canada	Banff National Park, CA Luxury Rentals【PREMIUM】| PickleTrip		hospitality_search_candidate										fresh:60571eeccf1f3dd1867d	2026-08-16T19:28:33.430599Z		Canonical queue drain | fit A | GitHub MASTER dedupe passed	https://www.pickletrip.com/all/canada/alberta/banff-national-park/luxury-rentals		https://www.pickletrip.com/contact								Permissive	Qualification	https://www.pickletrip.com/all/canada/alberta/banff-national-park/luxury-rentals	Public search evidence; market_id=banff-ab; family=luxury_villa_operator__contact; provider=ddgs; rank=5; query="luxury villa rentals" Banff Alberta "property management" "contact us"				fresh:60571eeccf1f3dd1867d	pickletrip.com		banff national park ca luxury rentalspremium pickletrip	Banff	Canada	PERMISSIVE	domain:pickletrip.com
	A	91	Canmore	Canada	Canmore Luxury Rental Homes and Villas		hospitality_search_candidate										fresh:0a14f42ba950b590dfc7	2026-08-16T19:28:33.430599Z		Canonical queue drain | fit A | GitHub MASTER dedupe passed	https://www.casai.com/all/canada/alberta/canmore/luxury-rentals		https://www.casai.com/contact								Permissive	Qualification	https://www.casai.com/all/canada/alberta/canmore/luxury-rentals	Public search evidence; market_id=canmore-ab; family=villa_rental_company__official; provider=ddgs; rank=2; query="villa rental company" Canmore Alberta "official site"				fresh:0a14f42ba950b590dfc7	casai.com		canmore luxury rental homes and villas	Canmore	Canada	PERMISSIVE	domain:casai.com
	A	91	Banff	Canada	Luxury Vacation Rentals in Banff, CA		hospitality_search_candidate										fresh:d96b49c7ae3cc0b1d3db	2026-08-16T19:28:33.430599Z		Canonical queue drain | fit A | GitHub MASTER dedupe passed	https://www.bedroomvillas.ca/all/canada/alberta/banff/vacation-rentals		https://www.bedroomvillas.ca/contact								Permissive	Qualification	https://www.bedroomvillas.ca/all/canada/alberta/banff/vacation-rentals	Public search evidence; market_id=banff-ab; family=luxury_villa_operator__contact; provider=ddgs; rank=3; query="luxury villa rentals" Banff Alberta "property management" "contact us"				fresh:d96b49c7ae3cc0b1d3db	bedroomvillas.ca		luxury vacation rentals in banff ca	Banff	Canada	PERMISSIVE	domain:bedroomvillas.ca
	A	91	Banff	Canada	Banffvacationrental		hospitality_search_candidate										fresh:26120dad16c02fa4ba09	2026-08-16T19:28:33.430599Z		Canonical queue drain | fit A | GitHub MASTER dedupe passed	https://banffvacationrental.com/all/canada/alberta/banff/luxury-rentals		https://banffvacationrental.com/contact								Permissive	Qualification	https://banffvacationrental.com/all/canada/alberta/banff/luxury-rentals	Public search evidence; market_id=banff-ab; family=luxury_villa_operator__contact; provider=ddgs; rank=1; query="luxury villa rentals" Banff Alberta "property management" "contact us"				fresh:26120dad16c02fa4ba09	banffvacationrental.com		banffvacationrental	Banff	Canada	PERMISSIVE	domain:banffvacationrental.com
	A	91	Muskoka	Canada	Lake Muskoka 5-Star Luxury Cottage Rental in Ontario, Canada.		hospitality_search_candidate										fresh:346a764b48a29c1e3eb9	2026-08-16T19:22:31.646970Z		Canonical queue drain | fit A | GitHub MASTER dedupe passed	https://muskokasoul.com/		https://muskokasoul.com/contact								Permissive	Qualification	https://muskokasoul.com/	Public search evidence; market_id=muskoka-on; family=luxury_home_rentals__contact; provider=ddgs; rank=3; query="luxury home rentals" Muskoka Ontario "contact us"				fresh:346a764b48a29c1e3eb9	muskokasoul.com		lake muskoka 5 star luxury cottage rental in ontario canada	Muskoka	Canada	PERMISSIVE	domain:muskokasoul.com
	A	91	Muskoka	Canada	Muskoka Cottage Management		hospitality_search_candidate										fresh:899b8dc9ee09b764dc20	2026-08-16T19:17:37.204369Z		Canonical queue drain | fit A | GitHub MASTER dedupe passed	https://muskokacottagemgmt.com/	contact@muskokacottagemgmt.com									High	Verified	https://muskokacottagemgmt.com/	Public search evidence; market_id=muskoka-on; family=vacation_rental_manager__core; provider=ddgs; rank=7; query="vacation rental management" Muskoka Ontario villas Public business email recovered from first-party website; no inference.				fresh:899b8dc9ee09b764dc20	muskokacottagemgmt.com		muskoka cottage management	Muskoka	Canada	HIGH	domain:muskokacottagemgmt.com
	A	91	Muskoka	Canada	Marrakahshe Retreat		hospitality_search_candidate										fresh:c5da99315a6c7f807aba	2026-08-16T19:17:37.204369Z		Canonical queue drain | fit A | GitHub MASTER dedupe passed	https://marrakahsheretreat.com/	info@marrakahsheretreat.com									High	Verified	https://marrakahsheretreat.com/	Public search evidence; market_id=muskoka-on; family=premium_direct_booking__core; provider=ddgs; rank=3; query="book direct" Muskoka Ontario luxury villas resort Public business email recovered from first-party website; no inference.				fresh:c5da99315a6c7f807aba	marrakahsheretreat.com		marrakahshe retreat	Muskoka	Canada	HIGH	domain:marrakahsheretreat.com
	A	91	Whistler	Canada	Breakaway Vacations		hospitality_search_candidate										fresh:d982691bc0878c5a8124	2026-08-16T19:17:37.204369Z		Canonical queue drain | fit A | GitHub MASTER dedupe passed	https://breakawayvacations.com/	info@breakawayvacations.com									High	Verified	https://breakawayvacations.com/	Public search evidence; market_id=whistler-bc; family=managed_vacation_rentals__portfolio; provider=ddgs; rank=6; query="managed vacation rentals" Whistler British Columbia "our properties" Public business email recovered from first-party website; no inference.				fresh:d982691bc0878c5a8124	breakawayvacations.com		breakaway vacations	Whistler	Canada	HIGH	domain:breakawayvacations.com
	A	91	Whistler	Canada	Whistler British, Columbia Hotel Jobs		hospitality_search_candidate										fresh:acb5917342cf01f7a70f	2026-08-16T19:14:15.983482Z		Canonical queue drain | fit A | GitHub MASTER dedupe passed	https://www.workopolis.com/search?q=hotel&l=whistler+british,+columbia		https://www.workopolis.com/about/cookies								High	Verified	https://www.workopolis.com/search?q=hotel&l=whistler+british,+columbia	Public search evidence; market_id=whistler-bc; family=holiday_let_management__portfolio; provider=ddgs; rank=5; query="holiday let management" Whistler British Columbia "our properties"				fresh:acb5917342cf01f7a70f	workopolis.com		whistler british columbia hotel jobs	Whistler	Canada	HIGH	domain:workopolis.com
	A	91	Whistler	Canada	Tyaughton Vacation Rentals. Rental log cabins, Tyaughton Lake ...		hospitality_search_candidate										fresh:9c157991fa48eb2cd4a2	2026-08-16T19:14:15.983482Z		Canonical queue drain | fit A | GitHub MASTER dedupe passed	http://tyaughtonvacationrentals.com/	mcnealpropertymanagement@gmail.com									High	Verified	http://tyaughtonvacationrentals.com/	Public search evidence; market_id=whistler-bc; family=holiday_let_management__portfolio; provider=ddgs; rank=7; query="holiday let management" Whistler British Columbia "our properties" Public business email recovered from first-party website; no inference.				fresh:9c157991fa48eb2cd4a2	tyaughtonvacationrentals.com		tyaughton vacation rentals rental log cabins tyaughton lake	Whistler	Canada	HIGH	domain:tyaughtonvacationrentals.com
	A	91	Bar Harbor	United States	Waterfront Bar Harbor Bed and Breakfast Near Acadia National Park		hospitality_search_candidate										fresh:ee9c7adb1f59668909e0	2026-08-16T19:09:54.345118Z		Canonical queue drain | fit A | GitHub MASTER dedupe passed	https://www.innatbayledge.com/		https://www.innatbayledge.com/contact								Permissive	Qualification	https://www.innatbayledge.com/	Public search evidence; market_id=bar-harbor-me; family=luxury_lodging_direct__official; provider=ddgs; rank=6; query="luxury lodging" Bar Harbor Maine "book direct" "official site"				fresh:ee9c7adb1f59668909e0	innatbayledge.com		waterfront bar harbor bed and breakfast near acadia national park	Bar Harbor	United States	PERMISSIVE	domain:innatbayledge.com
	A	91	Bar Harbor	United States	Highbrook Motel Official Site		hospitality_search_candidate										fresh:49fcb1879aadcc665e89	2026-08-16T19:09:54.345118Z		Canonical queue drain | fit A | GitHub MASTER dedupe passed	https://highbrookmotel.com/		https://highbrookmotel.com/contact-us/								Medium	Recall-first	https://highbrookmotel.com/	Public search evidence; market_id=bar-harbor-me; family=curated_villas__direct; provider=ddgs; rank=4; query="curated villas" Bar Harbor Maine rentals "book direct"				fresh:49fcb1879aadcc665e89	highbrookmotel.com		highbrook motel official site	Bar Harbor	United States	MEDIUM	domain:highbrookmotel.com
	A	91	Bar Harbor	United States	Governors Harbour Collection		hospitality_search_candidate										fresh:29076832d220554c8680	2026-08-16T19:09:54.345118Z		Canonical queue drain | fit A | GitHub MASTER dedupe passed	https://governorsharbourcollection.com/		https://governorsharbourcollection.com/contact								Permissive	Qualification	https://governorsharbourcollection.com/	Public search evidence; market_id=bar-harbor-me; family=private_homes_collection__portfolio; provider=ddgs; rank=2; query="private homes" Bar Harbor Maine "collection" rentals "our properties"				fresh:29076832d220554c8680	governorsharbourcollection.com		governors harbour collection	Bar Harbor	United States	PERMISSIVE	domain:governorsharbourcollection.com
	A	91	Bar Harbor	United States	Emery's Cottages on the Shore in Bar Harbor, Maine		hospitality_search_candidate										fresh:c254cd8551dfed35fbef	2026-08-16T19:09:54.345118Z		Canonical queue drain | fit A | GitHub MASTER dedupe passed	https://www.emeryscottages.com/		https://www.emeryscottages.com/contact								Permissive	Qualification	https://www.emeryscottages.com/	Public search evidence; market_id=bar-harbor-me; family=vacation_rental_group__contact; provider=ddgs; rank=6; query="vacation rental group" Bar Harbor Maine "contact us"				fresh:c254cd8551dfed35fbef	emeryscottages.com		emery s cottages on the shore in bar harbor maine	Bar Harbor	United States	PERMISSIVE	domain:emeryscottages.com
	A	91	Bar Harbor	United States	Crave		hospitality_search_candidate										fresh:416b5533d3df0706e30a	2026-08-16T19:09:54.345118Z		Canonical queue drain | fit A | GitHub MASTER dedupe passed	https://www.crave.ca/en		https://www.crave.ca/contact								Permissive	Qualification	https://www.crave.ca/en	Public search evidence; market_id=bar-harbor-me; family=private_homes_collection__official; provider=ddgs; rank=7; query="private homes" Bar Harbor Maine "collection" rentals "official site"				fresh:416b5533d3df0706e30a	crave.ca		crave	Bar Harbor	United States	PERMISSIVE	domain:crave.ca
	A	91	Bar Harbor	United States	Barharborcabins		hospitality_search_candidate										fresh:2e783f1531c5fdc5bc66	2026-08-16T19:09:54.345118Z		Canonical queue drain | fit A | GitHub MASTER dedupe passed	https://barharborcabins.com/all/usa/maine/bar-harbor/luxury-rentals		https://barharborcabins.com/contact								Permissive	Qualification	https://barharborcabins.com/all/usa/maine/bar-harbor/luxury-rentals	Public search evidence; market_id=bar-harbor-me; family=luxury_vacation_company__core; provider=ddgs; rank=4; query="luxury vacation rentals" Bar Harbor Maine company				fresh:2e783f1531c5fdc5bc66	barharborcabins.com		barharborcabins	Bar Harbor	United States	PERMISSIVE	domain:barharborcabins.com
	A	91	Newport	United States	Compass Management Corporation in Newport, Rhode Island		hospitality_search_candidate										fresh:0334fec3385d866aa199	2026-08-16T19:04:22.915655Z		Canonical queue drain | fit A | GitHub MASTER dedupe passed	https://thecompassco.com/		https://thecompassco.com/about								Medium	Recall-first	https://thecompassco.com/	Public search evidence; market_id=newport-ri; family=property_manager_villas__core; provider=ddgs; rank=7; query="property manager" Newport Rhode Island villas rentals				fresh:0334fec3385d866aa199	thecompassco.com		compass management corporation in newport rhode island	Newport	United States	MEDIUM	domain:thecompassco.com
	A	91	Newport	United States	Newport Affordable Housing		hospitality_search_candidate										fresh:18d542ba0d5a8aad0def	2026-08-16T19:01:19.150375Z		Canonical queue drain | fit A | GitHub MASTER dedupe passed	https://newporthousing.org/		https://newporthousing.org/contact-us/								Permissive	Qualification	https://newporthousing.org/	Public search evidence; market_id=newport-ri; family=short_stay_manager__contact; provider=ddgs; rank=6; query="short stay management" Newport Rhode Island rentals "contact us"				fresh:18d542ba0d5a8aad0def	newporthousing.org		newport affordable housing	Newport	United States	PERMISSIVE	domain:newporthousing.org
	A	91	Martha's Vineyard	United States	Martha’s Vineyard Cottages		hospitality_search_candidate										fresh:f6bd9bb59ba25ef12e69	2026-08-16T19:01:19.150375Z		Canonical queue drain | fit A | GitHub MASTER dedupe passed	https://marthasvineyardcottages.com/		https://marthasvineyardcottages.com/contact								Permissive	Qualification	https://marthasvineyardcottages.com/	Public search evidence; market_id=marthas-vineyard-ma; family=private_homes_collection__core; provider=ddgs; rank=2; query="private homes" Martha's Vineyard Massachusetts "collection" rentals				fresh:f6bd9bb59ba25ef12e69	marthasvineyardcottages.com		marthas vineyard cottages	Martha's Vineyard	United States	PERMISSIVE	domain:marthasvineyardcottages.com
	A	91	Newport	United States	Luxury Rentals Newport RI		hospitality_search_candidate										fresh:fe02479b04a6b71a1716	2026-08-16T18:56:35.600856Z		Canonical queue drain | fit A | GitHub MASTER dedupe passed	https://staynewport.com/luxury-rentals-newport-ri/		https://staynewport.com/contact								Permissive	Qualification	https://staynewport.com/luxury-rentals-newport-ri/	Public search evidence; market_id=newport-ri; family=luxury_villa_operator__core; provider=ddgs; rank=1; query="luxury villa rentals" Newport Rhode Island "property management"				fresh:fe02479b04a6b71a1716	staynewport.com		luxury rentals newport ri	Newport	United States	PERMISSIVE	domain:staynewport.com
	A	91	Newport	United States	Best Newport, Rhode Island Rentals: Luxury & Historic Stays		hospitality_search_candidate										fresh:ecf218ca6e576526311f	2026-08-16T18:56:35.600856Z		Canonical queue drain | fit A | GitHub MASTER dedupe passed	https://rentalsnewport.com/		https://rentalsnewport.com/contact								Permissive	Qualification	https://rentalsnewport.com/	Public search evidence; market_id=newport-ri; family=luxury_villa_operator__core; provider=ddgs; rank=2; query="luxury villa rentals" Newport Rhode Island "property management"				fresh:ecf218ca6e576526311f	rentalsnewport.com		best newport rhode island rentals luxury historic stays	Newport	United States	PERMISSIVE	domain:rentalsnewport.com
	A	91	Martha's Vineyard	United States	About Vacation Rental MV		hospitality_search_candidate										fresh:b4351b750806e4b43bab	2026-08-16T18:53:25.214050Z		Canonical queue drain | fit A | GitHub MASTER dedupe passed	https://www.vacationrentalmv.com/about-vacation-rental-mv/		https://www.vacationrentalmv.com/contact								Permissive	Qualification	https://www.vacationrentalmv.com/about-vacation-rental-mv/	Public search evidence; market_id=marthas-vineyard-ma; family=vacation_rental_manager__core; provider=ddgs; rank=5; query="vacation rental management" Martha's Vineyard Massachusetts villas				fresh:b4351b750806e4b43bab	vacationrentalmv.com		about vacation rental mv	Martha's Vineyard	United States	PERMISSIVE	domain:vacationrentalmv.com
	A	91	Martha's Vineyard	United States	www.marthasvineyardhomerentals.com		hospitality_search_candidate										fresh:788257da2b9022c136a6	2026-08-16T18:53:25.214050Z		Canonical queue drain | fit A | GitHub MASTER dedupe passed	http://www.marthasvineyardhomerentals.com/		http://www.marthasvineyardhomerentals.com/contact								Permissive	Qualification	http://www.marthasvineyardhomerentals.com/	Public search evidence; market_id=marthas-vineyard-ma; family=luxury_home_rentals__contact; provider=ddgs; rank=7; query="luxury home rentals" Martha's Vineyard Massachusetts "contact us"				fresh:788257da2b9022c136a6	marthasvineyardhomerentals.com		www marthasvineyardhomerentals com	Martha's Vineyard	United States	PERMISSIVE	domain:marthasvineyardhomerentals.com
	A	91	Martha's Vineyard	United States	Book Direct Martha's Vineyard Rental By Owner		hospitality_search_candidate										fresh:f88429ef294cc987c017	2026-08-16T18:53:25.214050Z		Canonical queue drain | fit A | GitHub MASTER dedupe passed	https://www.captainmorsehouse.com/booking/bookdirect/		https://www.captainmorsehouse.com/contact								Permissive	Qualification	https://www.captainmorsehouse.com/booking/bookdirect/	Public search evidence; market_id=marthas-vineyard-ma; family=premium_direct_booking__direct; provider=ddgs; rank=3; query="book direct" Martha's Vineyard Massachusetts luxury villas resort "book direct"				fresh:f88429ef294cc987c017	captainmorsehouse.com		book direct martha s vineyard rental by owner	Martha's Vineyard	United States	PERMISSIVE	domain:captainmorsehouse.com
	A	91	Nantucket	United States	Nantucket Property Services		hospitality_search_candidate										fresh:f87cd244076fde44b750	2026-08-16T18:50:09.203273Z		Canonical queue drain | fit A | GitHub MASTER dedupe passed	https://www.nantucketpropertyservices.com/		https://www.nantucketpropertyservices.com/about								Permissive	Qualification	https://www.nantucketpropertyservices.com/	Public search evidence; market_id=nantucket-ma; family=property_manager_villas__contact; provider=ddgs; rank=6; query="property manager" Nantucket Massachusetts villas rentals "contact us"				fresh:f87cd244076fde44b750	nantucketpropertyservices.com		nantucket property services	Nantucket	United States	PERMISSIVE	domain:nantucketpropertyservices.com
	A	91	Nantucket	United States	Nantucket Villa Rentals		hospitality_search_candidate										fresh:f2e6159faa89cf390a8d	2026-08-16T18:50:09.203273Z		Canonical queue drain | fit A | GitHub MASTER dedupe passed	https://www.bedroomvillas.com/all/usa/massachusetts/nantucket		https://www.bedroomvillas.com/contact								Permissive	Qualification	https://www.bedroomvillas.com/all/usa/massachusetts/nantucket	Public search evidence; market_id=nantucket-ma; family=villa_rental_company__core; provider=ddgs; rank=3; query="villa rental company" Nantucket Massachusetts				fresh:f2e6159faa89cf390a8d	bedroomvillas.com		nantucket villa rentals	Nantucket	United States	PERMISSIVE	domain:bedroomvillas.com
	A	91	Cape Cod	United States	Cape Cod, MA Secluded Villa Rentals【 PRIVATE 】 Treehouse Rental...		hospitality_search_candidate										fresh:7ca624e0a10029e9277e	2026-08-16T18:44:52.483962Z		Canonical queue drain | fit A | GitHub MASTER dedupe passed	https://www.treehouserentals.com/all/usa/massachusetts/cape-cod/villas		https://www.treehouserentals.com/contact								Permissive	Qualification	https://www.treehouserentals.com/all/usa/massachusetts/cape-cod/villas	Public search evidence; market_id=cape-cod-ma; family=villa_hosts__core; provider=ddgs; rank=1; query="villa hosts" Cape Cod Massachusetts rentals				fresh:7ca624e0a10029e9277e	treehouserentals.com		cape cod ma secluded villa rentals private treehouse rental	Cape Cod	United States	PERMISSIVE	domain:treehouserentals.com
	A	91	Cape Cod	United States	3Sixty Property Management		hospitality_search_candidate										fresh:84e5f4f3941256224c7f	2026-08-16T18:44:52.483962Z		Canonical queue drain | fit A | GitHub MASTER dedupe passed	https://3sixtycapecod.com/	3sixtycapecod@gmail.com									Permissive	Qualification	https://3sixtycapecod.com/	Public search evidence; market_id=cape-cod-ma; family=local_vacation_manager__contact; provider=ddgs; rank=2; query="local vacation rental management" Cape Cod Massachusetts "contact us" Public business email recovered from first-party website; no inference.				fresh:84e5f4f3941256224c7f	3sixtycapecod.com		3sixty property management	Cape Cod	United States	PERMISSIVE	domain:3sixtycapecod.com
	A	91	Cape Cod	United States	Luxury Cottage Rentals in Cape Cod |𝗩𝗮𝗰𝗮𝘁𝗶𝗼𝗻 𝗖𝗼𝘁𝘁𝗮𝗴...		hospitality_search_candidate										fresh:6cb279edd4eaba8b2d02	2026-08-16T18:41:58.692911Z		Canonical queue drain | fit A | GitHub MASTER dedupe passed	https://www.vacationcottage.com/location/usa/massachusetts/cape-cod/luxury-rentals		https://www.vacationcottage.com/contact								Permissive	Qualification	https://www.vacationcottage.com/location/usa/massachusetts/cape-cod/luxury-rentals	Public search evidence; market_id=cape-cod-ma; family=luxury_vacation_company__no_ota; provider=ddgs; rank=6; query="luxury vacation rentals" Cape Cod Massachusetts company -airbnb -booking -vrbo -tripadvisor				fresh:6cb279edd4eaba8b2d02	vacationcottage.com		luxury cottage rentals in cape cod vacation cottag	Cape Cod	United States	PERMISSIVE	domain:vacationcottage.com
	A	91	Cape Cod	United States	New England Vacations Rentals		hospitality_search_candidate										fresh:60cfcc01299a1c3e8eee	2026-08-16T18:41:58.692911Z		Canonical queue drain | fit A | GitHub MASTER dedupe passed	https://newenglandvacationsrentals.com/				https://www.facebook.com/101905191331449/						High	Verified	https://newenglandvacationsrentals.com/	Public search evidence; market_id=cape-cod-ma; family=vacation_rental_group__portfolio; provider=ddgs; rank=6; query="vacation rental group" Cape Cod Massachusetts "our properties"				fresh:60cfcc01299a1c3e8eee	newenglandvacationsrentals.com		new england vacations rentals	Cape Cod	United States	HIGH	domain:newenglandvacationsrentals.com
	A	91	Cape Cod	United States	Cape Cod Rental Property Management		hospitality_search_candidate										fresh:b6363b3241f6073db274	2026-08-16T18:41:58.692911Z		Canonical queue drain | fit A | GitHub MASTER dedupe passed	https://foleyvacationrentals.com/property-management/		https://foleyvacationrentals.com/contact								Permissive	Qualification	https://foleyvacationrentals.com/property-management/	Public search evidence; market_id=cape-cod-ma; family=holiday_let_management__core; provider=ddgs; rank=8; query="holiday let management" Cape Cod Massachusetts				fresh:b6363b3241f6073db274	foleyvacationrentals.com		cape cod rental property management	Cape Cod	United States	PERMISSIVE	domain:foleyvacationrentals.com
	A	91	Cape Cod	United States	Cape Cod Vacation Rentals		hospitality_search_candidate										fresh:2b93ede653f62b3019bc	2026-08-16T18:41:58.692911Z		Canonical queue drain | fit A | GitHub MASTER dedupe passed	https://capecodholidays.com/		https://capecodholidays.com/contact								Permissive	Qualification	https://capecodholidays.com/	Public search evidence; market_id=cape-cod-ma; family=holiday_let_management__official; provider=ddgs; rank=5; query="holiday let management" Cape Cod Massachusetts "official site"				fresh:2b93ede653f62b3019bc	capecodholidays.com		cape cod vacation rentals	Cape Cod	United States	PERMISSIVE	domain:capecodholidays.com
	A	91	The Hamptons	United States	Luxury Property Management In The Hamptons		hospitality_search_candidate										fresh:ad44d473a5004dfc55a3	2026-08-16T18:35:30.932396Z		Canonical queue drain | fit A | GitHub MASTER dedupe passed	https://thenewyorkmanagementcompany.com/luxury-property-management-hamptons/		https://thenewyorkmanagementcompany.com/about-us/								Permissive	Qualification	https://thenewyorkmanagementcompany.com/luxury-property-management-hamptons/	Public search evidence; market_id=hamptons-ny; family=property_manager_villas__core; provider=ddgs; rank=1; query="property manager" The Hamptons New York villas rentals				fresh:ad44d473a5004dfc55a3	thenewyorkmanagementcompany.com		luxury property management in the hamptons	The Hamptons	United States	PERMISSIVE	domain:thenewyorkmanagementcompany.com
	A	91	The Hamptons	United States	Hamptons Dave		hospitality_search_candidate										fresh:753bb2b8cb73dd16975f	2026-08-16T18:35:30.932396Z		Canonical queue drain | fit A | GitHub MASTER dedupe passed	https://www.hamptonsdave.com/		https://www.hamptonsdave.com/contact								Permissive	Qualification	https://www.hamptonsdave.com/	Public search evidence; market_id=hamptons-ny; family=luxury_vacation_company__core; provider=ddgs; rank=3; query="luxury vacation rentals" The Hamptons New York company				fresh:753bb2b8cb73dd16975f	hamptonsdave.com		hamptons dave	The Hamptons	United States	PERMISSIVE	domain:hamptonsdave.com
	A	91	The Hamptons	United States	Airbnb Management in the Hamptons: A Guide to Haus Vacation Rentals		hospitality_search_candidate										fresh:cf8434e11c5312126d51	2026-08-16T18:32:28.963873Z		Canonical queue drain | fit A | GitHub MASTER dedupe passed	https://www.str.haus/blog/airbnb-management-in-the-hamptons-a-guide-to-haus-vacation-rentals		https://www.str.haus/about/								High	Verified	https://www.str.haus/blog/airbnb-management-in-the-hamptons-a-guide-to-haus-vacation-rentals	Public search evidence; market_id=hamptons-ny; family=short_stay_manager__core; provider=ddgs; rank=8; query="short stay management" The Hamptons New York rentals				fresh:cf8434e11c5312126d51	str.haus		airbnb management in the hamptons a guide to haus vacation rentals	The Hamptons	United States	HIGH	domain:str.haus
	A	91	The Hamptons	United States	Hamptons Rentals		hospitality_search_candidate										fresh:56344bcbc3e2bf39334c	2026-08-16T18:32:28.963873Z		Canonical queue drain | fit A | GitHub MASTER dedupe passed	https://www.hamptonsrentals.com/		https://www.hamptonsrentals.com/contact								High	Verified	https://www.hamptonsrentals.com/	Public search evidence; market_id=hamptons-ny; family=short_stay_manager__official; provider=ddgs; rank=6; query="short stay management" The Hamptons New York rentals "official site"				fresh:56344bcbc3e2bf39334c	hamptonsrentals.com		hamptons rentals	The Hamptons	United States	HIGH	domain:hamptonsrentals.com
	A	91	The Hamptons	United States	East End LI Hamptons Real Estate		hospitality_search_candidate										fresh:322554ba954fb69d6ed6	2026-08-16T18:32:28.963873Z		Canonical queue drain | fit A | GitHub MASTER dedupe passed	https://www.eastendli.com/		https://www.eastendli.com/contact/								Permissive	Qualification	https://www.eastendli.com/	Public search evidence; market_id=hamptons-ny; family=vacation_home_agency__contact; provider=ddgs; rank=1; query="vacation home agency" The Hamptons New York "contact us"				fresh:322554ba954fb69d6ed6	eastendli.com		east end li hamptons real estate	The Hamptons	United States	PERMISSIVE	domain:eastendli.com
	A	91	The Hamptons	United States	BLU Real Estate		hospitality_search_candidate										fresh:4ce5368234a93a84af2b	2026-08-16T18:32:28.963873Z		Canonical queue drain | fit A | GitHub MASTER dedupe passed	https://www.blunyc.com/		https://www.blunyc.com/contact								Permissive	Qualification	https://www.blunyc.com/	Public search evidence; market_id=hamptons-ny; family=short_stay_manager__portfolio; provider=ddgs; rank=6; query="short stay management" The Hamptons New York rentals "our properties"				fresh:4ce5368234a93a84af2b	blunyc.com		blu real estate	The Hamptons	United States	PERMISSIVE	domain:blunyc.com
	A	91	The Hamptons	United States	Hamptons Vacation Property Management		hospitality_search_candidate										fresh:9db6a852eb8e65a5a464	2026-08-16T18:32:28.963873Z		Canonical queue drain | fit A | GitHub MASTER dedupe passed	https://www.absolutepropertycare.com/hamptons-vacation-home-management		https://absolutepropertycare.com/contact								Permissive	Qualification	https://www.absolutepropertycare.com/hamptons-vacation-home-management	Public search evidence; market_id=hamptons-ny; family=vacation_property_management__core; provider=ddgs; rank=1; query="vacation property management" The Hamptons New York				fresh:9db6a852eb8e65a5a464	absolutepropertycare.com		hamptons vacation property management	The Hamptons	United States	PERMISSIVE	domain:absolutepropertycare.com
	A	91	Savannah	United States	Savannah Georgia		hospitality_search_candidate										fresh:5a04b9d56752afb78afd	2026-08-16T18:29:31.177201Z		Canonical queue drain | fit A | GitHub MASTER dedupe passed	https://savannahdreamvacations.com/		https://savannahdreamvacations.com/contact								Permissive	Qualification	https://savannahdreamvacations.com/	Public search evidence; market_id=savannah-ga; family=vacation_rental_group__official; provider=ddgs; rank=7; query="vacation rental group" Savannah Georgia "official site"				fresh:5a04b9d56752afb78afd	savannahdreamvacations.com		savannah georgia	Savannah	United States	PERMISSIVE	domain:savannahdreamvacations.com
	A	91	Asheville	United States	Rent828.com		hospitality_search_candidate										fresh:579fb21039addc96195e	2026-08-16T18:25:03.824602Z		Canonical queue drain | fit A | GitHub MASTER dedupe passed	https://rent828.com/	info@rent828.com									Permissive	Qualification	https://rent828.com/	Public search evidence; market_id=asheville-nc; family=property_manager_villas__official; provider=ddgs; rank=6; query="property manager" Asheville North Carolina villas rentals "official site" Public business email recovered from first-party website; no inference.				fresh:579fb21039addc96195e	rent828.com		rent828 com	Asheville	United States	PERMISSIVE	domain:rent828.com
	A	91	Asheville	United States	Zealandia Holding Company, Inc.		hospitality_search_candidate										fresh:6a9ee367d22f6320cf06	2026-08-16T18:21:51.285279Z		Canonical queue drain | fit A | GitHub MASTER dedupe passed	http://www.zhcompany.com/				https://www.facebook.com/RtxResortTravelXchange/						High	Verified	http://www.zhcompany.com/	Public search evidence; market_id=asheville-nc; family=hospitality_management_villas__no_ota; provider=ddgs; rank=5; query="hospitality management" Asheville North Carolina villas -airbnb -booking -vrbo -tripadvisor				fresh:6a9ee367d22f6320cf06	zhcompany.com		zealandia holding company inc	Asheville	United States	HIGH	domain:zhcompany.com
	A	91	Asheville	United States	Towns Property		hospitality_search_candidate										fresh:9594ef57ddafea2922b3	2026-08-16T18:21:51.285279Z		Canonical queue drain | fit A | GitHub MASTER dedupe passed	https://townsproperty.com/		https://townsproperty.com/contact								Permissive	Qualification	https://townsproperty.com/	Public search evidence; market_id=asheville-nc; family=luxury_vacation_company__core; provider=ddgs; rank=6; query="luxury vacation rentals" Asheville North Carolina company				fresh:9594ef57ddafea2922b3	townsproperty.com		towns property	Asheville	United States	PERMISSIVE	domain:townsproperty.com
	A	91	Mbarara	UG	Stod Villas Mbarara		resort	Mbarara - Bushenyi Road	0757895778								overture:543543d1-5c44-403e-9ea9-b84a5619418f	2026-08-16T18:21:51.285279Z		Canonical queue drain | fit A | GitHub MASTER dedupe passed	https://mbarara.stodvillas.com/										Permissive	Qualification	https://explore.overturemaps.org/#id=543543d1-5c44-403e-9ea9-b84a5619418f	Public Overture website; no usable Overture email. First-party public contact crawl required; no inference.				overture:543543d1-5c44-403e-9ea9-b84a5619418f	stodvillas.com	0757895778	stod villas mbarara	Mbarara	UG	PERMISSIVE	domain:stodvillas.com
	A	91	Asheville	United States	Asheville Luxury Retreat		hospitality_search_candidate										fresh:5be5f52e245aa2e11b86	2026-08-16T18:21:51.285279Z		Canonical queue drain | fit A | GitHub MASTER dedupe passed	https://www.ashevilleluxuryretreats.com/		https://www.ashevilleluxuryretreats.com/contact								Medium	Recall-first	https://www.ashevilleluxuryretreats.com/	Public search evidence; market_id=asheville-nc; family=luxury_home_rentals__contact; provider=ddgs; rank=7; query="luxury home rentals" Asheville North Carolina "contact us"				fresh:5be5f52e245aa2e11b86	ashevilleluxuryretreats.com		asheville luxury retreat	Asheville	United States	MEDIUM	domain:ashevilleluxuryretreats.com
	A	91	Outer Banks	United States	#1 Outer Banks Luxury Hotel		hospitality_search_candidate										fresh:2b6f66283c80a97691ab	2026-08-16T18:13:06.964830Z		Canonical queue drain | fit A | GitHub MASTER dedupe passed	https://burrushouse.com/		https://burrushouse.com/contact								Permissive	Qualification	https://burrushouse.com/	Public search evidence; market_id=outer-banks-nc; family=premium_direct_booking__official; provider=ddgs; rank=2; query="book direct" Outer Banks North Carolina luxury villas resort "official site"				fresh:2b6f66283c80a97691ab	burrushouse.com		1 outer banks luxury hotel	Outer Banks	United States	PERMISSIVE	domain:burrushouse.com
	A	91	Hilton Head	United States	Find Your Hilton Head Island Vacation Rental		hospitality_search_candidate										fresh:5e02c47dcfbfe4107bdd	2026-08-16T18:02:02.155678Z		Canonical queue drain | fit A | GitHub MASTER dedupe passed	https://seapinesvilla.com/		https://seapinesvilla.com/contact								Permissive	Qualification	https://seapinesvilla.com/	Public search evidence; market_id=hilton-head-sc; family=villa_rental_company__contact; provider=ddgs; rank=5; query="villa rental company" Hilton Head South Carolina "contact us"				fresh:5e02c47dcfbfe4107bdd	seapinesvilla.com		find your hilton head island vacation rental	Hilton Head	United States	PERMISSIVE	domain:seapinesvilla.com
	A	91	Hilton Head	United States	Beaufort, SC		hospitality_search_candidate										fresh:1c7b4c0bf94f02a013ea	2026-08-16T18:02:02.155678Z		Canonical queue drain | fit A | GitHub MASTER dedupe passed	https://islc.net/	support@islc.net									Permissive	Qualification	https://islc.net/	Public search evidence; market_id=hilton-head-sc; family=holiday_let_management__contact; provider=ddgs; rank=7; query="holiday let management" Hilton Head South Carolina "contact us" Public business email recovered from first-party website; no inference.				fresh:1c7b4c0bf94f02a013ea	islc.net		beaufort sc	Hilton Head	United States	PERMISSIVE	domain:islc.net
	A	91	Charleston	United States	Kiawah Luxury Rentals		hospitality_search_candidate										fresh:5445da092931c53fe717	2026-08-16T17:58:44.707912Z		Canonical queue drain | fit A | GitHub MASTER dedupe passed	https://kiawahluxuryrentals.com/		https://kiawahluxuryrentals.com/contact								Permissive	Qualification	https://kiawahluxuryrentals.com/	Public search evidence; market_id=charleston-sc; family=curated_villas__direct; provider=ddgs; rank=2; query="curated villas" Charleston South Carolina rentals "book direct"				fresh:5445da092931c53fe717	kiawahluxuryrentals.com		kiawah luxury rentals	Charleston	United States	PERMISSIVE	domain:kiawahluxuryrentals.com
	A	91	Charleston	United States	frbo.com		hospitality_search_candidate										fresh:b5af31ab7027f3348a15	2026-08-16T17:58:44.707912Z		Canonical queue drain | fit A | GitHub MASTER dedupe passed	https://www.frbo.com/		https://www.frbo.com/Blog/Detail/simple-listing-improvements-that-attract-better-guests-and-more-bookings								High	Verified	https://www.frbo.com/	Public search evidence; market_id=charleston-sc; family=owner_direct_portfolio__official; provider=ddgs; rank=4; query="vacation rentals" Charleston South Carolina "owner direct" "official site"				fresh:b5af31ab7027f3348a15	frbo.com		frbo com	Charleston	United States	HIGH	domain:frbo.com
	A	91	Charleston	United States	craigslist: charleston jobs, apartments, for sale, services ...		hospitality_search_candidate										fresh:f367eaca242e3b4ff9ea	2026-08-16T17:58:44.707912Z		Canonical queue drain | fit A | GitHub MASTER dedupe passed	https://www.craigslist.org/area/charleston		https://www.craigslist.org/about/								High	Verified	https://www.craigslist.org/area/charleston	Public search evidence; market_id=charleston-sc; family=owner_direct_portfolio__official; provider=ddgs; rank=6; query="vacation rentals" Charleston South Carolina "owner direct" "official site"				fresh:f367eaca242e3b4ff9ea	craigslist.org		craigslist charleston jobs apartments for sale services	Charleston	United States	HIGH	domain:craigslist.org
	A	91	Austin	United States	Hotel Management		hospitality_search_candidate										fresh:038480443657aba83bad	2026-08-16T17:55:13.383491Z		Canonical queue drain | fit A | GitHub MASTER dedupe passed	https://www.speedmanhospitality.com/	info@speedmanhospitality.com									Permissive	Qualification	https://www.speedmanhospitality.com/	Public search evidence; market_id=austin-tx; family=hospitality_management_villas__contact; provider=ddgs; rank=7; query="hospitality management" Austin Texas villas "contact us" Public business email recovered from first-party website; no inference.				fresh:038480443657aba83bad	speedmanhospitality.com		hotel management	Austin	United States	PERMISSIVE	domain:speedmanhospitality.com
	A	91	Charleston	United States	Southwest Airlines		hospitality_search_candidate										fresh:8e8a78a2bd570819d259	2026-08-16T17:55:13.383491Z		Canonical queue drain | fit A | GitHub MASTER dedupe passed	https://www.southwest.com/		https://www.southwest.com/contact								Permissive	Qualification	https://www.southwest.com/	Public search evidence; market_id=charleston-sc; family=vacation_home_agency__contact; provider=ddgs; rank=6; query="vacation home agency" Charleston South Carolina "contact us"				fresh:8e8a78a2bd570819d259	southwest.com		southwest airlines	Charleston	United States	PERMISSIVE	domain:southwest.com
	A	91	Charleston	United States	Naman Hotels		hospitality_search_candidate										fresh:dceb2dc7016263625e73	2026-08-16T17:55:13.383491Z		Canonical queue drain | fit A | GitHub MASTER dedupe passed	https://namanhotels.com/		https://namanhotels.com/contact								Medium	Recall-first	https://namanhotels.com/	Public search evidence; market_id=charleston-sc; family=holiday_let_management__contact; provider=ddgs; rank=6; query="holiday let management" Charleston South Carolina "contact us"				fresh:dceb2dc7016263625e73	namanhotels.com		naman hotels	Charleston	United States	MEDIUM	domain:namanhotels.com
	A	91	Austin	United States	Local Full-Service Short-Term Rental Management		hospitality_search_candidate										fresh:21f9fa8adf14b4ba38a1	2026-08-16T17:51:45.500643Z		Canonical queue drain | fit A | GitHub MASTER dedupe passed	https://stayvello.com/		https://stayvello.com/contact								Permissive	Qualification	https://stayvello.com/	Public search evidence; market_id=austin-tx; family=short_stay_manager__contact; provider=ddgs; rank=4; query="short stay management" Austin Texas rentals "contact us"				fresh:21f9fa8adf14b4ba38a1	stayvello.com		local full service short term rental management	Austin	United States	PERMISSIVE	domain:stayvello.com
	A	91	Austin	United States	springvillasapts.com		hospitality_search_candidate										fresh:907c693417e403b435d2	2026-08-16T17:47:38.541505Z		Canonical queue drain | fit A | GitHub MASTER dedupe passed	https://www.springvillasapts.com/		https://www.springvillasapts.com/contact_us/								High	Verified	https://www.springvillasapts.com/	Public search evidence; market_id=austin-tx; family=villa_hosts__contact; provider=ddgs; rank=3; query="villa hosts" Austin Texas rentals "contact us"				fresh:907c693417e403b435d2	springvillasapts.com		springvillasapts com	Austin	United States	HIGH	domain:springvillasapts.com
	A	91	Austin	United States	Vacation Rental Management Austin TX		hospitality_search_candidate										fresh:0634d867a36f8eec1038	2026-08-16T17:47:38.541505Z		Canonical queue drain | fit A | GitHub MASTER dedupe passed	https://letsgovacationco.com/austin-tx		https://letsgovacationco.com/contact								High	Verified	https://letsgovacationco.com/austin-tx	Public search evidence; market_id=austin-tx; family=vacation_rental_manager__core; provider=ddgs; rank=4; query="vacation rental management" Austin Texas villas				fresh:0634d867a36f8eec1038	letsgovacationco.com		vacation rental management austin tx	Austin	United States	HIGH	domain:letsgovacationco.com
	A	91	Pigeon Forge	United States	smokymountainvacations.us		hospitality_search_candidate										fresh:ba95a612f9e4de8ed092	2026-08-16T17:44:10.130706Z		Canonical queue drain | fit A | GitHub MASTER dedupe passed	https://smokymountainvacations.us/	lynn@smokymountainvacations.us									High	Verified	https://smokymountainvacations.us/	Public search evidence; market_id=pigeon-forge-tn; family=vacation_property_management__portfolio; provider=ddgs; rank=4; query="vacation property management" Pigeon Forge Tennessee "our properties" Public business email recovered from first-party website; no inference.				fresh:ba95a612f9e4de8ed092	smokymountainvacations.us		smokymountainvacations us	Pigeon Forge	United States	HIGH	domain:smokymountainvacations.us
	A	91	Gatlinburg	United States	Blue Mountain Cabins		hospitality_search_candidate										fresh:1269165c07d71c077c20	2026-08-16T17:40:56.405840Z		Canonical queue drain | fit A | GitHub MASTER dedupe passed	https://smoky-mountains-cabin.com/		https://smoky-mountains-cabin.com/contact								High	Verified	https://smoky-mountains-cabin.com/	Public search evidence; market_id=gatlinburg-tn; family=owner_direct_portfolio__direct; provider=ddgs; rank=7; query="vacation rentals" Gatlinburg Tennessee "owner direct" "book direct"				fresh:1269165c07d71c077c20	smoky-mountains-cabin.com		blue mountain cabins	Gatlinburg	United States	HIGH	domain:smoky-mountains-cabin.com
	A	91	Gatlinburg	United States	Gatlinburg, Vacation Rentals by Owner & Gatlinburg, Vacation Rental Homes & Online Vacation Rental Software		hospitality_search_candidate										fresh:c30e67614ec84ad9b99d	2026-08-16T17:40:56.405840Z		Canonical queue drain | fit A | GitHub MASTER dedupe passed	https://ivacationonline.com/Rentals/Rental_List.asp?Location=&LocationName=&LocationType=&City=Gatlinburg&Country=us		https://ivacationonline.com/Contact.asp								High	Verified	https://ivacationonline.com/Rentals/Rental_List.asp?Location=&LocationName=&LocationType=&City=Gatlinburg&Country=us	Public search evidence; market_id=gatlinburg-tn; family=owner_direct_portfolio__contact; provider=ddgs; rank=5; query="vacation rentals" Gatlinburg Tennessee "owner direct" "contact us"				fresh:c30e67614ec84ad9b99d	ivacationonline.com		gatlinburg vacation rentals by owner gatlinburg vacation rental homes online vacation rental software	Gatlinburg	United States	HIGH	domain:ivacationonline.com
	A	91	Nashville	United States	Criminal Pending Case Report		hospitality_search_candidate										fresh:dcee9fce5eb07014769f	2026-08-16T17:30:05.296005Z		Canonical queue drain | fit A | GitHub MASTER dedupe passed	https://www.tncourts.gov/sites/default/files/docs/Criminal+Individual+Case+Listing+-+Dec+31,+2023.pdf		https://www.tncourts.gov/contact								Permissive	Qualification	https://www.tncourts.gov/sites/default/files/docs/Criminal+Individual+Case+Listing+-+Dec+31,+2023.pdf	Public search evidence; market_id=nashville-tn; family=vacation_home_agency__portfolio; provider=ddgs; rank=7; query="vacation home agency" Nashville Tennessee "our properties"				fresh:dcee9fce5eb07014769f	tncourts.gov		criminal pending case report	Nashville	United States	PERMISSIVE	domain:tncourts.gov
	A	91	Nashville	United States	Local Rental Host: Nashville Short Term Rental Management Company		hospitality_search_candidate										fresh:52dcb1d968937c8e5ac1	2026-08-16T17:30:05.296005Z		Canonical queue drain | fit A | GitHub MASTER dedupe passed	https://localrentalhost.com/		https://localrentalhost.com/about								High	Verified	https://localrentalhost.com/	Public search evidence; market_id=nashville-tn; family=short_stay_manager__official; provider=ddgs; rank=8; query="short stay management" Nashville Tennessee rentals "official site"				fresh:52dcb1d968937c8e5ac1	localrentalhost.com		local rental host nashville short term rental management company	Nashville	United States	HIGH	domain:localrentalhost.com
	A	91	Nashville	United States	Nashville Luxury Vacation		hospitality_search_candidate										fresh:cc0e25f76d32537eecbe	2026-08-16T17:29:05.661151Z		Canonical queue drain | fit A | GitHub MASTER dedupe passed	https://premiervillarental.com/nashville-vacation-rental/		https://premiervillarental.com/contact								Permissive	Qualification	https://premiervillarental.com/nashville-vacation-rental/	Public search evidence; market_id=nashville-tn; family=luxury_villa_operator__core; provider=ddgs; rank=5; query="luxury villa rentals" Nashville Tennessee "property management"				fresh:cc0e25f76d32537eecbe	premiervillarental.com		nashville luxury vacation	Nashville	United States	PERMISSIVE	domain:premiervillarental.com
	A	91	Nashville	United States	Nashville Luxury Villa Rentals		hospitality_search_candidate										fresh:8a6ea4f990b37f18de18	2026-08-16T17:29:05.661151Z		Canonical queue drain | fit A | GitHub MASTER dedupe passed	https://www.nashvilleestaterentals.com/		https://www.nashvilleestaterentals.com/contact								High	Verified	https://www.nashvilleestaterentals.com/	Public search evidence; market_id=nashville-tn; family=luxury_villa_operator__official; provider=ddgs; rank=1; query="luxury villa rentals" Nashville Tennessee "property management" "official site"				fresh:8a6ea4f990b37f18de18	nashvilleestaterentals.com		nashville luxury villa rentals	Nashville	United States	HIGH	domain:nashvilleestaterentals.com
	A	91	Jackson Hole	United States	Grand Teton & Yellowstone Lodging		hospitality_search_candidate										fresh:daf2cad72ce898d715e5	2026-08-16T17:29:05.661151Z		Canonical queue drain | fit A | GitHub MASTER dedupe passed	https://hatchetresort.com/		https://hatchetresort.com/contact								Permissive	Qualification	https://hatchetresort.com/	Public search evidence; market_id=jackson-hole-wy; family=local_vacation_manager__direct; provider=ddgs; rank=6; query="local vacation rental management" Jackson Hole Wyoming "book direct"				fresh:daf2cad72ce898d715e5	hatchetresort.com		grand teton yellowstone lodging	Jackson Hole	United States	PERMISSIVE	domain:hatchetresort.com
	A	91	Jackson Hole	United States	Book Direct Vacation Rentals		hospitality_search_candidate										fresh:9def63bfa3e764c76bff	2026-08-16T17:29:05.661151Z		Canonical queue drain | fit A | GitHub MASTER dedupe passed	https://www.bookdirectvacationrental.com/		https://www.bookdirectvacationrental.com/contact								Permissive	Qualification	https://www.bookdirectvacationrental.com/	Public search evidence; market_id=jackson-hole-wy; family=owner_direct_portfolio__official; provider=ddgs; rank=5; query="vacation rentals" Jackson Hole Wyoming "owner direct" "official site"				fresh:9def63bfa3e764c76bff	bookdirectvacationrental.com		book direct vacation rentals	Jackson Hole	United States	PERMISSIVE	domain:bookdirectvacationrental.com
	A	91	Raa	Maldives	SKY at Anantara Kihavah Maldives Villas		resort	Kihavah Huravalhi Island	6601020								overture:39f15d33-917b-4948-8897-812f746c0d6b	2026-08-16T17:18:23.853352Z		Canonical queue drain | fit A | GitHub MASTER dedupe passed	https://www.skykihavahmaldives.com/?utm_source=GoogleMyBusiness&utm_medium=GMB&utm_term=SkyKihavahMaldives&utm_content=Home&utm_campaign=Google_GMB										High	Verified	https://explore.overturemaps.org/#id=39f15d33-917b-4948-8897-812f746c0d6b	Public Overture website; no usable Overture email. First-party public contact crawl required; no inference.				overture:39f15d33-917b-4948-8897-812f746c0d6b	skykihavahmaldives.com	6601020	sky at anantara kihavah maldives villas	Raa	Maldives	HIGH	domain:skykihavahmaldives.com
	A	91	Москва	RU	Eridan Aparthotel		hotel	Балаклавский проспект 2А	+79057481272								overture:57c4527e-107f-4843-925f-83e266b07bdb	2026-08-16T16:41:56.205003Z		Canonical queue drain | fit A | GitHub MASTER dedupe passed	http://eridanrestoran.ru/										Permissive	Qualification	https://explore.overturemaps.org/#id=57c4527e-107f-4843-925f-83e266b07bdb	Public Overture website; no usable Overture email. First-party public contact crawl required; no inference.				overture:57c4527e-107f-4843-925f-83e266b07bdb	eridanrestoran.ru	79057481272	eridan aparthotel	Москва	RU	PERMISSIVE	domain:eridanrestoran.ru
	A	91	Chandigarh	India	Indira Holiday Home Preparatory School		school	sector 24 b\n									overture:e9bc3703-851b-44e6-8fe0-1253299309c1	2026-08-16T16:33:36.209569Z		Canonical queue drain | fit A | GitHub MASTER dedupe passed	http://indiraholidaypreparatoryschool.com/		http://indiraholidaypreparatoryschool.com/contact								Permissive	Qualification	https://explore.overturemaps.org/#id=e9bc3703-851b-44e6-8fe0-1253299309c1	Public Overture website; no usable Overture email. First-party public contact crawl required; no inference.				overture:e9bc3703-851b-44e6-8fe0-1253299309c1	indiraholidaypreparatoryschool.com		indira holiday home preparatory school	Chandigarh	India	PERMISSIVE	domain:indiraholidaypreparatoryschool.com
	A	91	Palampur	India	Fresco Hotel & Residences		resort	Sai Gardens, Lohna To Bundla Road	09816133333								overture:e1e68628-3412-46f6-bd2e-5f4ea02c4f2e	2026-08-16T16:33:36.209569Z		Canonical queue drain | fit A | GitHub MASTER dedupe passed	http://www.hotelfresco.com/										High	Verified	https://explore.overturemaps.org/#id=e1e68628-3412-46f6-bd2e-5f4ea02c4f2e	Public Overture website; no usable Overture email. First-party public contact crawl required; no inference.				overture:e1e68628-3412-46f6-bd2e-5f4ea02c4f2e	hotelfresco.com	09816133333	fresco hotel residences	Palampur	India	HIGH	domain:hotelfresco.com
	A	91	Kasauli Sub-District	India	Aykon Villa Estate Kasauli		resort	Aykon Villa Estate, Near Mohan Bawadi, Dharampur	+919999113566								overture:ffbce531-ab18-4f12-853c-2a505d5f0490	2026-08-16T16:33:36.209569Z		Canonical queue drain | fit A | GitHub MASTER dedupe passed	http://www.aykonvillaestate.com/										High	Verified	https://explore.overturemaps.org/#id=ffbce531-ab18-4f12-853c-2a505d5f0490	Public Overture website; no usable Overture email. First-party public contact crawl required; no inference.				overture:ffbce531-ab18-4f12-853c-2a505d5f0490	aykonvillaestate.com	919999113566	aykon villa estate kasauli	Kasauli Sub-District	India	HIGH	domain:aykonvillaestate.com
	A	91	Uragasgoda	Sri Lanka	Villa IF		hotel	Galle Road									overture:b3269d6e-bfdc-44de-8c24-e9b5641431ff	2026-08-16T15:56:27.932537Z		Canonical queue drain | fit A | GitHub MASTER dedupe passed	http://www.villainsrilanka.com/		http://www.villainsrilanka.com/contact								Permissive	Qualification	https://explore.overturemaps.org/#id=b3269d6e-bfdc-44de-8c24-e9b5641431ff	Public Overture website; no usable Overture email. First-party public contact crawl required; no inference.				overture:b3269d6e-bfdc-44de-8c24-e9b5641431ff	villainsrilanka.com		villa if	Uragasgoda	Sri Lanka	PERMISSIVE	domain:villainsrilanka.com
	A	91	Ibiza	Spain	Vacation Rental Management Ibiza		hospitality_search_candidate										fresh:8f85b9af58e6eb679942	2026-08-16T15:54:34.298516Z		Canonical queue drain | fit A | GitHub MASTER dedupe passed	https://propertyservicesibiza.com/vacation-rental-management-ibiza/		https://propertyservicesibiza.com/contact								Permissive	Qualification	https://propertyservicesibiza.com/vacation-rental-management-ibiza/	Public search evidence; family=vacation_rental_manager; provider=ddgs; rank=1; query="vacation rental management" Ibiza Spain villas				fresh:8f85b9af58e6eb679942	propertyservicesibiza.com		vacation rental management ibiza	Ibiza	Spain	PERMISSIVE	domain:propertyservicesibiza.com
	A	91	Curitiba	Brazil	Apolar Short Stay		service_apartment	Rua Conselheiro Laurindo, 490	+5541991244112								overture:05f4eb4e-fa19-4534-a345-cbc71e1831a9	2026-08-16T15:54:34.298516Z		Canonical queue drain | fit A | GitHub MASTER dedupe passed	https://shortstay.apolar.com.br/										Permissive	Qualification	https://explore.overturemaps.org/#id=05f4eb4e-fa19-4534-a345-cbc71e1831a9	Public Overture website; no usable Overture email. First-party public contact crawl required; no inference.				overture:05f4eb4e-fa19-4534-a345-cbc71e1831a9	apolar.com.br	5541991244112	apolar short stay	Curitiba	Brazil	PERMISSIVE	domain:apolar.com.br
	A	91	Palm Springs	California	Desert Isle Resort, Palm Springs California		hospitality_search_candidate										fresh:85ff0c08967392088853	2026-08-16T15:45:12.172976Z		Canonical queue drain | fit A | GitHub MASTER dedupe passed	https://desertisleresort.com/		https://desertisleresort.com/contact/								High	Verified	https://desertisleresort.com/	Public search evidence; family=premium_direct_booking; provider=ddgs; rank=7; query="book direct" Palm Springs California luxury villas resort				fresh:85ff0c08967392088853	desertisleresort.com		desert isle resort palm springs california	Palm Springs	California	HIGH	domain:desertisleresort.com
	A	91	Ibiza	Spain	Luxury Villa Mirage Ibiza For Rent		hospitality_search_candidate										fresh:b782cfb93529529fb35e	2026-08-16T15:42:04.268535Z		Canonical queue drain | fit A | GitHub MASTER dedupe passed	https://www.mirage-ibiza.com/		https://www.mirage-ibiza.com/contact								Permissive	Qualification	https://www.mirage-ibiza.com/	Public search evidence; family=premium_direct_booking; provider=ddgs; rank=3; query="book direct" Ibiza Spain luxury villas resort				fresh:b782cfb93529529fb35e	mirage-ibiza.com		luxury villa mirage ibiza for rent	Ibiza	Spain	PERMISSIVE	domain:mirage-ibiza.com
	A	91	Marbella	Spain	Marbella Luxury Villa Rentals		hospitality_search_candidate										fresh:0632149f87344fb558b6	2026-08-16T15:42:04.268535Z		Canonical queue drain | fit A | GitHub MASTER dedupe passed	https://www.marbellaestaterentals.com/		https://www.marbellaestaterentals.com/contact								High	Verified	https://www.marbellaestaterentals.com/	Public search evidence; family=luxury_villa_operator; provider=ddgs; rank=2; query="luxury villa rentals" Marbella Spain "property management"				fresh:0632149f87344fb558b6	marbellaestaterentals.com		marbella luxury villa rentals	Marbella	Spain	HIGH	domain:marbellaestaterentals.com
	A	91	Maui	Hawaii	Hawaii Luxury Villa Rentals		hospitality_search_candidate										fresh:1877ef84a479ca226ab2	2026-08-16T15:42:04.268535Z		Canonical queue drain | fit A | GitHub MASTER dedupe passed	https://hawaiiestaterentals.com/		https://hawaiiestaterentals.com/contact								High	Verified	https://hawaiiestaterentals.com/	Public search evidence; family=luxury_villa_operator; provider=ddgs; rank=6; query="luxury villa rentals" Maui Hawaii "property management"				fresh:1877ef84a479ca226ab2	hawaiiestaterentals.com		hawaii luxury villa rentals	Maui	Hawaii	HIGH	domain:hawaiiestaterentals.com
	A	91	Ibiza	Spain	Ibiza Luxury Villa Rentals		hospitality_search_candidate										fresh:8e821a4deb0ac7b54107	2026-08-16T15:42:04.268535Z		Canonical queue drain | fit A | GitHub MASTER dedupe passed	https://www.globalestaterentals.com/ibiza-estate-rentals		https://www.globalestaterentals.com/contact								High	Verified	https://www.globalestaterentals.com/ibiza-estate-rentals	Public search evidence; family=luxury_villa_operator; provider=ddgs; rank=1; query="luxury villa rentals" Ibiza Spain "property management"				fresh:8e821a4deb0ac7b54107	globalestaterentals.com		ibiza luxury villa rentals	Ibiza	Spain	HIGH	domain:globalestaterentals.com
	A	91	Orlando	Florida	Five Palms Luxury Villas		hospitality_search_candidate										fresh:2d3786f747e1dbba9ec6	2026-08-16T15:42:04.268535Z		Canonical queue drain | fit A | GitHub MASTER dedupe passed	http://www.5palmsvillas.com/		http://www.5palmsvillas.com/contactus.aspx								High	Verified	http://www.5palmsvillas.com/	Public search evidence; family=luxury_villa_operator; provider=ddgs; rank=4; query="luxury villa rentals" Orlando Florida "property management"				fresh:2d3786f747e1dbba9ec6	5palmsvillas.com		five palms luxury villas	Orlando	Florida	HIGH	domain:5palmsvillas.com
	A	91	Orlando	Florida	Signature Villas Orlando		hospitality_search_candidate										fresh:b62dcc949c9f974e63da	2026-08-16T15:39:00.071337Z		Canonical queue drain | fit A | GitHub MASTER dedupe passed	https://www.signaturevillasorlando.com/		https://www.signaturevillasorlando.com/contact								Permissive	Qualification	https://www.signaturevillasorlando.com/	Public search evidence; family=vacation_rental_manager; provider=ddgs; rank=6; query="vacation rental management" Orlando Florida villas				fresh:b62dcc949c9f974e63da	signaturevillasorlando.com		signature villas orlando	Orlando	Florida	PERMISSIVE	domain:signaturevillasorlando.com
	A	91	Maui	Hawaii	KBM Resorts		hospitality_search_candidate										fresh:85bca9b1c77082a3bbad	2026-08-16T15:35:44.746339Z		Canonical queue drain | fit A | GitHub MASTER dedupe passed	https://www.kbmresorts.com/		https://www.kbmresorts.com/contact								Medium	Recall-first	https://www.kbmresorts.com/	Public search evidence; family=premium_direct_booking; provider=ddgs; rank=4; query="book direct" Maui Hawaii luxury villas resort				fresh:85bca9b1c77082a3bbad	kbmresorts.com		kbm resorts	Maui	Hawaii	MEDIUM	domain:kbmresorts.com
	A	91	Dubrovnik	Croatia	Luxury Villas in Dubrovnik, Croatia		hospitality_search_candidate										fresh:2e266e18a3416a9cae48	2026-08-16T15:35:44.746339Z		Canonical queue drain | fit A | GitHub MASTER dedupe passed	https://iluxuryvillas.com/destinations/dubrovnik-croatia		https://iluxuryvillas.com/contact								High	Verified	https://iluxuryvillas.com/destinations/dubrovnik-croatia	Public search evidence; family=premium_direct_booking; provider=ddgs; rank=2; query="book direct" Dubrovnik Croatia luxury villas resort				fresh:2e266e18a3416a9cae48	iluxuryvillas.com		luxury villas in dubrovnik croatia	Dubrovnik	Croatia	HIGH	domain:iluxuryvillas.com
	A	91	Orlando	Florida	Florida Vacations & Management		hospitality_search_candidate										fresh:9038d76fc5e4b0b986b9	2026-08-16T15:35:44.746339Z		Canonical queue drain | fit A | GitHub MASTER dedupe passed	https://www.floridavacationsmanagement.com/		https://www.floridavacationsmanagement.com/aboutus.aspx								High	Verified	https://www.floridavacationsmanagement.com/	Public search evidence; family=vacation_rental_manager; provider=ddgs; rank=7; query="vacation rental management" Orlando Florida villas				fresh:9038d76fc5e4b0b986b9	floridavacationsmanagement.com		florida vacations management	Orlando	Florida	HIGH	domain:floridavacationsmanagement.com
	A	91	Maui	Hawaii	West Maui Vacation Rentals		hospitality_search_candidate										fresh:a7c1fa9ae8ec67f1cdb0	2026-08-16T15:35:44.746339Z		Canonical queue drain | fit A | GitHub MASTER dedupe passed	https://www.epicmauirealty.com/		https://www.epicmauirealty.com/about-us/								High	Verified	https://www.epicmauirealty.com/	Public search evidence; family=vacation_rental_manager; provider=ddgs; rank=1; query="vacation rental management" Maui Hawaii villas				fresh:a7c1fa9ae8ec67f1cdb0	epicmauirealty.com		west maui vacation rentals	Maui	Hawaii	HIGH	domain:epicmauirealty.com
	A	91	Dubrovnik	Croatia	Croatia Luxury Villa Rentals		hospitality_search_candidate										fresh:284d8c41c43fa1c44795	2026-08-16T15:35:44.746339Z		Canonical queue drain | fit A | GitHub MASTER dedupe passed	https://www.croatiaestaterentals.com/		https://www.croatiaestaterentals.com/contact								High	Verified	https://www.croatiaestaterentals.com/	Public search evidence; family=luxury_villa_operator; provider=ddgs; rank=3; query="luxury villa rentals" Dubrovnik Croatia "property management"				fresh:284d8c41c43fa1c44795	croatiaestaterentals.com		croatia luxury villa rentals	Dubrovnik	Croatia	HIGH	domain:croatiaestaterentals.com
	A	91	Mykonos	Greece	Best Luxury Villas in Mykonos 2026/2027		hospitality_search_candidate										fresh:642c60fa89b07b51c5d3	2026-08-16T15:35:44.746339Z		Canonical queue drain | fit A | GitHub MASTER dedupe passed	https://villas.abercrombiekent.com/destinations/greece/mykonos		https://villas.abercrombiekent.com/contact								High	Verified	https://villas.abercrombiekent.com/destinations/greece/mykonos	Public search evidence; family=vacation_rental_manager; provider=ddgs; rank=6; query="vacation rental management" Mykonos Greece villas				fresh:642c60fa89b07b51c5d3	abercrombiekent.com		best luxury villas in mykonos 2026 2027	Mykonos	Greece	HIGH	domain:abercrombiekent.com
	A	91	Recreo	Argentina	Aparthotel del centro		hotel	Eva Perón 150	+543832419869								overture:773158d2-af51-4b8f-ac3b-9a19786d3384	2026-08-16T15:22:20.338316Z		Canonical queue drain | fit A | GitHub MASTER dedupe passed	http://aparthoteldelcentro2.webnode.com/										High	Verified	https://explore.overturemaps.org/#id=773158d2-af51-4b8f-ac3b-9a19786d3384	Public Overture website; no usable Overture email. First-party public contact crawl required; no inference.				overture:773158d2-af51-4b8f-ac3b-9a19786d3384	webnode.com	543832419869	aparthotel del centro	Recreo	Argentina	HIGH	domain:webnode.com
	A	91	Pucón	Chile	Apart-Hotel y Cabanas Los Volcanes		cabin	Brasil 1601	+56989158035								overture:df279d01-0bbc-4ef3-9241-f7e0123a9c57	2026-08-16T15:12:47.789169Z		Canonical queue drain | fit A | GitHub MASTER dedupe passed	http://WWW.LOSVOLCANES.CL/										High	Verified	https://explore.overturemaps.org/#id=df279d01-0bbc-4ef3-9241-f7e0123a9c57	Public Overture website; no usable Overture email. First-party public contact crawl required; no inference.				overture:df279d01-0bbc-4ef3-9241-f7e0123a9c57	losvolcanes.cl	56989158035	apart hotel y cabanas los volcanes	Pucón	Chile	HIGH	domain:losvolcanes.cl
	A	91	World-Atlas::south-america-coasts::05-21::lane=site-recovery	Chile	Puma Lodge		ski_resort	Cordillera De Machali	9 7613 5829								overture:4cf51476-9d81-4874-8bb0-01c24802b0c1	2026-08-16T03:10:32.176194Z		Canonical queue drain | fit A | GitHub MASTER dedupe passed	http://www.noihotels.com										High	Verified	https://explore.overturemaps.org/#id=4cf51476-9d81-4874-8bb0-01c24802b0c1	Public Overture website; no usable Overture email. First-party public contact crawl required; no inference.				overture:4cf51476-9d81-4874-8bb0-01c24802b0c1	noihotels.com	976135829	puma lodge	World-Atlas::south-america-coasts::05-21::lane=site-recovery	Chile	HIGH	domain:noihotels.com
	A	91	Virajpet	India	Alathcad Estate Holiday Homes		hotel	Alath-Cad Estate Holiday Homes Ammathi, Coorg, Karnataka.									overture:da2c0c22-bf24-4ebb-a064-64e48c4502e3	2026-08-16T02:03:02Z		Canonical queue drain | fit A | GitHub MASTER dedupe passed	http://alathcadcoorg.com/	alathcad@gmail.com									Permissive	Qualification	https://explore.overturemaps.org/#id=da2c0c22-bf24-4ebb-a064-64e48c4502e3	Public Overture site+email; zero-HTTP V6 cheap-screen. Final MASTER dedupe/QA required.				overture:da2c0c22-bf24-4ebb-a064-64e48c4502e3	alathcadcoorg.com		alathcad estate holiday homes	Virajpet	India	PERMISSIVE	domain:alathcadcoorg.com
	A	91	Astaranga	India	Mangrove Retreat Eco Resort - Astarang		resort										overture:9c02ecc6-ed4f-45f0-9572-3d77b7d76b9b	2026-08-16T01:29:34.708125Z		Canonical queue drain | fit A | GitHub MASTER dedupe passed	https://www.ecotourodisha.com/	mangroveretreatnaturecamp@gmail.com									Permissive	Qualification	https://explore.overturemaps.org/#id=9c02ecc6-ed4f-45f0-9572-3d77b7d76b9b	Public Overture site+email; zero-HTTP V6 cheap-screen. Final MASTER dedupe/QA required.				overture:9c02ecc6-ed4f-45f0-9572-3d77b7d76b9b	ecotourodisha.com		mangrove retreat eco resort astarang	Astaranga	India	PERMISSIVE	domain:ecotourodisha.com
	A	91	안덕면	South Korea	Shinhwa Villas		resort	Andeok-myeon, Sinhwayeoksa-ro, 304 KR 63522	+82649083000								overture:64aa4ba5-45a0-494f-8193-e7be409f98e7	2026-08-16T01:17:04.247065Z		Canonical queue drain | fit A | GitHub MASTER dedupe passed	http://www.realestatejeju.com/										Permissive	Qualification	https://explore.overturemaps.org/#id=64aa4ba5-45a0-494f-8193-e7be409f98e7	Public Overture website; no usable Overture email. First-party public contact crawl required; no inference.				overture:64aa4ba5-45a0-494f-8193-e7be409f98e7	realestatejeju.com	82649083000	shinhwa villas	안덕면	South Korea	PERMISSIVE	domain:realestatejeju.com
	A	91	Quận Hải Châu	Vietnam	Ly Apartment		hotel	3 Đường Xuân Tâm	+84905240075								overture:140f7829-1862-4b8f-8606-14c975f31f08	2026-08-16T01:06:45.687062Z		Canonical queue drain | fit A | GitHub MASTER dedupe passed	http://lyapartment.com/										Permissive	Qualification	https://explore.overturemaps.org/#id=140f7829-1862-4b8f-8606-14c975f31f08	Public Overture website; no usable Overture email. First-party public contact crawl required; no inference.				overture:140f7829-1862-4b8f-8606-14c975f31f08	lyapartment.com	84905240075	ly apartment	Quận Hải Châu	Vietnam	PERMISSIVE	domain:lyapartment.com
	A	91	เกาะสมุย	Thailand	ShaSa Resort		resort	90/24 ถนน แหลมเส็ด	+66655258815								overture:248ce95c-e0fa-48eb-948b-93e6be707398	2026-08-16T01:04:07.827852Z		Canonical queue drain | fit A | GitHub MASTER dedupe passed	https://www.shasahotels.com/										Permissive	Qualification	https://explore.overturemaps.org/#id=248ce95c-e0fa-48eb-948b-93e6be707398	Public Overture website; no usable Overture email. First-party public contact crawl required; no inference.				overture:248ce95c-e0fa-48eb-948b-93e6be707398	shasahotels.com	66655258815	shasa resort	เกาะสมุย	Thailand	PERMISSIVE	domain:shasahotels.com
	A	91	Singapore	Singapore	101 Property Management		appraisal_service	Kai Garden, PARKROYAL COLLECTION Marina Bay, 6 Raffles Blvd	+6596807070								overture:caeb7d45-7268-4923-98dc-68986aaf7b34	2026-08-16T01:04:07.827852Z		Canonical queue drain | fit A | GitHub MASTER dedupe passed	https://www.sgvvip.com/										Permissive	Qualification	https://explore.overturemaps.org/#id=caeb7d45-7268-4923-98dc-68986aaf7b34	Public Overture website; no usable Overture email. First-party public contact crawl required; no inference.				overture:caeb7d45-7268-4923-98dc-68986aaf7b34	sgvvip.com	6596807070	101 property management	Singapore	Singapore	PERMISSIVE	domain:sgvvip.com
	A	91	Singapore	Singapore	Treehouse Villas, Changi		resort	326b Netheravon Rd									overture:4a8aba6e-d1cc-4cd3-b8fb-4dd040368a5f	2026-08-16T01:04:07.827852Z		Canonical queue drain | fit A | GitHub MASTER dedupe passed	http://qiito.com/place/10934-treehouse-villas-changi		http://qiito.com/contact								Permissive	Qualification	https://explore.overturemaps.org/#id=4a8aba6e-d1cc-4cd3-b8fb-4dd040368a5f	Public Overture website; no usable Overture email. First-party public contact crawl required; no inference.				overture:4a8aba6e-d1cc-4cd3-b8fb-4dd040368a5f	qiito.com		treehouse villas changi	Singapore	Singapore	PERMISSIVE	domain:qiito.com
	A	91	Bandar Kuala Lumpur	Malaysia	KL Holiday Homes		hotel	1018 Jalan Sultan Ismail	+601110153113								overture:14106948-f603-4579-9abe-296a9040d1a7	2026-08-16T01:04:07.827852Z		Canonical queue drain | fit A | GitHub MASTER dedupe passed	http://pinecone-hospitality.com/										Permissive	Qualification	https://explore.overturemaps.org/#id=14106948-f603-4579-9abe-296a9040d1a7	Public Overture website; no usable Overture email. First-party public contact crawl required; no inference.				overture:14106948-f603-4579-9abe-296a9040d1a7	pinecone-hospitality.com	601110153113	kl holiday homes	Bandar Kuala Lumpur	Malaysia	PERMISSIVE	domain:pinecone-hospitality.com
	A	91	Gelugor	Malaysia	Penang Bukit Dumbar Homestay Apartment		hotel	Block 98 Sinar Bukit Dumbar, Jalan Faraday	011-3687 2760								overture:6a2938ae-1d6e-42ff-9b24-712ede36e4ea	2026-08-16T01:04:07.827852Z		Canonical queue drain | fit A | GitHub MASTER dedupe passed	http://live.com										Permissive	Qualification	https://explore.overturemaps.org/#id=6a2938ae-1d6e-42ff-9b24-712ede36e4ea	Public Overture website; no usable Overture email. First-party public contact crawl required; no inference.				overture:6a2938ae-1d6e-42ff-9b24-712ede36e4ea	live.com	01136872760	penang bukit dumbar homestay apartment	Gelugor	Malaysia	PERMISSIVE	domain:live.com
	A	91	Vũng Tàu	Vietnam	Sea House Apartment		hotel	56 Đường Võ Thị Sáu	+84377058580								overture:a6bb1dfb-3af3-4e42-98a1-c5d55e888c16	2026-08-16T01:01:06.698020Z		Canonical queue drain | fit A | GitHub MASTER dedupe passed	http://www.seahousevungtau.com/										High	Verified	https://explore.overturemaps.org/#id=a6bb1dfb-3af3-4e42-98a1-c5d55e888c16	Public Overture website; no usable Overture email. First-party public contact crawl required; no inference.				overture:a6bb1dfb-3af3-4e42-98a1-c5d55e888c16	seahousevungtau.com	84377058580	sea house apartment	Vũng Tàu	Vietnam	HIGH	domain:seahousevungtau.com
	A	91	Vũng Tàu	Vietnam	Blue Coast Serviced Apartment		historic_site	90 Đường Xô Viết Nghệ Tĩnh	+84398766463								overture:44122972-ebf6-4e72-b9b6-138def846a7b	2026-08-16T01:01:06.698020Z		Canonical queue drain | fit A | GitHub MASTER dedupe passed	http://bluecoastapartment.com/										Medium	Recall-first	https://explore.overturemaps.org/#id=44122972-ebf6-4e72-b9b6-138def846a7b	Public Overture website; no usable Overture email. First-party public contact crawl required; no inference.				overture:44122972-ebf6-4e72-b9b6-138def846a7b	bluecoastapartment.com	84398766463	blue coast serviced apartment	Vũng Tàu	Vietnam	MEDIUM	domain:bluecoastapartment.com
	A	91	ภูเก็ต	Thailand	Ananta Thai Pool Villas Resort Phuket		resort										overture:79b345ec-26ff-4d89-821a-35d65b230e3e	2026-08-16T01:01:06.698020Z		Canonical queue drain | fit A | GitHub MASTER dedupe passed	http://www.anantaphuket.com/		http://www.anantaphuket.com/contact								Permissive	Qualification	https://explore.overturemaps.org/#id=79b345ec-26ff-4d89-821a-35d65b230e3e	Public Overture website; no usable Overture email. First-party public contact crawl required; no inference.				overture:79b345ec-26ff-4d89-821a-35d65b230e3e	anantaphuket.com		ananta thai pool villas resort phuket	ภูเก็ต	Thailand	PERMISSIVE	domain:anantaphuket.com
	A	91	Lapu-Lapu City	Philippines	Talima Beach Villas and Dive Resort		resort	Olango Island Wildlife Ranger Station	+639228513360								overture:a4ccba8b-daf3-40b1-ab84-16b342d689c2	2026-08-16T00:57:42.485150Z		Canonical queue drain | fit A | GitHub MASTER dedupe passed	http://www.danaococopalms.com										Permissive	Qualification	https://explore.overturemaps.org/#id=a4ccba8b-daf3-40b1-ab84-16b342d689c2	Public Overture website; no usable Overture email. First-party public contact crawl required; no inference.				overture:a4ccba8b-daf3-40b1-ab84-16b342d689c2	danaococopalms.com	639228513360	talima beach villas and dive resort	Lapu-Lapu City	Philippines	PERMISSIVE	domain:danaococopalms.com
	A	91	Quận Hải An	Vietnam	LakeSide Hotel and Apartment		hotel	98 Đường Hoàng Thế Thiện	+84936579995								overture:9f2ed8a6-41e5-43c4-9ffe-053d0d5f15f3	2026-08-16T00:54:42.639919Z		Canonical queue drain | fit A | GitHub MASTER dedupe passed	http://tanlonghaiphong.vn/										Permissive	Qualification	https://explore.overturemaps.org/#id=9f2ed8a6-41e5-43c4-9ffe-053d0d5f15f3	Public Overture website; no usable Overture email. First-party public contact crawl required; no inference.				overture:9f2ed8a6-41e5-43c4-9ffe-053d0d5f15f3	tanlonghaiphong.vn	84936579995	lakeside hotel and apartment	Quận Hải An	Vietnam	PERMISSIVE	domain:tanlonghaiphong.vn
	A	91	Quận Đống Đa	Vietnam	Bao Son Hotel		hotel	2 Lang Trung Street Dong Da Distric									overture:659238d3-0403-4b35-9fbc-aaf5c183850c	2026-08-16T00:54:42.639919Z		Canonical queue drain | fit A | GitHub MASTER dedupe passed	http://www.baosonhotel.com		http://www.baosonhotel.com/contact								Permissive	Qualification	https://explore.overturemaps.org/#id=659238d3-0403-4b35-9fbc-aaf5c183850c	Public Overture website; no usable Overture email. First-party public contact crawl required; no inference.				overture:659238d3-0403-4b35-9fbc-aaf5c183850c	baosonhotel.com		bao son hotel	Quận Đống Đa	Vietnam	PERMISSIVE	domain:baosonhotel.com
	A	91	Jakarta	Indonesia	Menteng Prada		hotel	Jalan Pegangsaan Timur 15	+62213929060								overture:c30ef9dd-f0a6-46ad-ba05-1891f82a7037	2026-08-16T00:51:54.934073Z		Canonical queue drain | fit A | GitHub MASTER dedupe passed	http://www.mentengprada.com/										Medium	Recall-first	https://explore.overturemaps.org/#id=c30ef9dd-f0a6-46ad-ba05-1891f82a7037	Public Overture website; no usable Overture email. First-party public contact crawl required; no inference.				overture:c30ef9dd-f0a6-46ad-ba05-1891f82a7037	mentengprada.com	62213929060	menteng prada	Jakarta	Indonesia	MEDIUM	domain:mentengprada.com
	A	91	Jakarta	Indonesia	Kalibata City Apartment		hotel	Jalan Raya Kalibata 1	+62818425702								overture:a9930960-c346-4621-851e-23f07bad259d	2026-08-16T00:51:54.934073Z		Canonical queue drain | fit A | GitHub MASTER dedupe passed	http://eraspace.com/sis-samsung										Permissive	Qualification	https://explore.overturemaps.org/#id=a9930960-c346-4621-851e-23f07bad259d	Public Overture website; no usable Overture email. First-party public contact crawl required; no inference.				overture:a9930960-c346-4621-851e-23f07bad259d	eraspace.com	62818425702	kalibata city apartment	Jakarta	Indonesia	PERMISSIVE	domain:eraspace.com
	A	91	Oudtshoorn	South Africa	Wesselsheim Bed and Breakfast		hotel	77 Langenhoven Rd	+27714249262								overture:bf33ad85-bb6b-41a6-8854-4c9c160194d0	2026-08-16T00:48:49.809867Z		Canonical queue drain | fit A | GitHub MASTER dedupe passed	http://www.wesselsheim.net										Permissive	Qualification	https://explore.overturemaps.org/#id=bf33ad85-bb6b-41a6-8854-4c9c160194d0	Public Overture website; no usable Overture email. First-party public contact crawl required; no inference.				overture:bf33ad85-bb6b-41a6-8854-4c9c160194d0	wesselsheim.net	27714249262	wesselsheim bed and breakfast	Oudtshoorn	South Africa	PERMISSIVE	domain:wesselsheim.net
	A	91	Gqeberha	South Africa	Self Catering Accommodation - Port Elizabeth		hotel	Lorraine	+27832257577								overture:cef49871-3df6-44cb-97a6-11f7eb54fc3d	2026-08-16T00:48:49.809867Z		Canonical queue drain | fit A | GitHub MASTER dedupe passed	https://www.homeawayfromhome.co.za/										Medium	Recall-first	https://explore.overturemaps.org/#id=cef49871-3df6-44cb-97a6-11f7eb54fc3d	Public Overture website; no usable Overture email. First-party public contact crawl required; no inference.				overture:cef49871-3df6-44cb-97a6-11f7eb54fc3d	homeawayfromhome.co.za	27832257577	self catering accommodation port elizabeth	Gqeberha	South Africa	MEDIUM	domain:homeawayfromhome.co.za
	A	91	Cape Town	South Africa	Point Break Aparthotel		hotel	3 Main Rd	+27677039936								overture:26f1e217-5b6f-41e3-94b8-6be06607d4af	2026-08-16T00:46:39.678281Z		Canonical queue drain | fit A | GitHub MASTER dedupe passed	https://www.stayatpointbreak.com/										Permissive	Qualification	https://explore.overturemaps.org/#id=26f1e217-5b6f-41e3-94b8-6be06607d4af	Public Overture website; no usable Overture email. First-party public contact crawl required; no inference.				overture:26f1e217-5b6f-41e3-94b8-6be06607d4af	stayatpointbreak.com	27677039936	point break aparthotel	Cape Town	South Africa	PERMISSIVE	domain:stayatpointbreak.com
	A	91	Cape Town	South Africa	The Sage Aparthotel by Totalstay		hotel	Cnr Arthurs & Main Rd	+27211098095								overture:dfea8549-3e59-4cf8-80d3-a34a4de66d94	2026-08-16T00:46:39.678281Z		Canonical queue drain | fit A | GitHub MASTER dedupe passed	https://www.sageaparthotel.co.za/										High	Verified	https://explore.overturemaps.org/#id=dfea8549-3e59-4cf8-80d3-a34a4de66d94	Public Overture website; no usable Overture email. First-party public contact crawl required; no inference.				overture:dfea8549-3e59-4cf8-80d3-a34a4de66d94	sageaparthotel.co.za	27211098095	the sage aparthotel by totalstay	Cape Town	South Africa	HIGH	domain:sageaparthotel.co.za
	A	91	Hermanus	South Africa	Hermanus Property Management (HPM)		building_contractor	21 Mitchell Street	0283124474								overture:189d44c6-cb1c-4c75-8e22-e1b7c484b503	2026-08-16T00:46:39.678281Z		Canonical queue drain | fit A | GitHub MASTER dedupe passed	http://hermanuspropertymanagement.co.za/										Permissive	Qualification	https://explore.overturemaps.org/#id=189d44c6-cb1c-4c75-8e22-e1b7c484b503	Public Overture website; no usable Overture email. First-party public contact crawl required; no inference.				overture:189d44c6-cb1c-4c75-8e22-e1b7c484b503	hermanuspropertymanagement.co.za	0283124474	hermanus property management hpm	Hermanus	South Africa	PERMISSIVE	domain:hermanuspropertymanagement.co.za
	A	91	Saldanha Bay	South Africa	Emmanuel Farm Self Catering Houses -Langebaan		hotel	50 Jakkalsbos St	+27844431088								overture:b765913b-112d-464f-9f7e-67461fe65c92	2026-08-16T00:46:39.678281Z		Canonical queue drain | fit A | GitHub MASTER dedupe passed	http://www.emmanuelfarm.co.za/										Permissive	Qualification	https://explore.overturemaps.org/#id=b765913b-112d-464f-9f7e-67461fe65c92	Public Overture website; no usable Overture email. First-party public contact crawl required; no inference.				overture:b765913b-112d-464f-9f7e-67461fe65c92	emmanuelfarm.co.za	27844431088	emmanuel farm self catering houses langebaan	Saldanha Bay	South Africa	PERMISSIVE	domain:emmanuelfarm.co.za
	A	91	Cape Town	South Africa	The Carrington Aparthotel by Totalstay		hotel	112 Loop St	+27217456671								overture:ff9e7668-97e0-46cb-b086-9ae15d41fdb4	2026-08-16T00:46:39.678281Z		Canonical queue drain | fit A | GitHub MASTER dedupe passed	https://www.carringtonaparthotel.co.za/										High	Verified	https://explore.overturemaps.org/#id=ff9e7668-97e0-46cb-b086-9ae15d41fdb4	Public Overture website; no usable Overture email. First-party public contact crawl required; no inference.				overture:ff9e7668-97e0-46cb-b086-9ae15d41fdb4	carringtonaparthotel.co.za	27217456671	the carrington aparthotel by totalstay	Cape Town	South Africa	HIGH	domain:carringtonaparthotel.co.za
	A	91	Tshwane	South Africa	Menlyn Maine Luxury Rentals		holiday_rental_home	202 Amarand Ave	+27746861111								overture:e446c74f-8404-4678-b138-dcaf998cce91	2026-08-16T00:44:21.043451Z		Canonical queue drain | fit A | GitHub MASTER dedupe passed	https://www.nightsbridge.co.za/bridge/book?bbid=30159										Permissive	Qualification	https://explore.overturemaps.org/#id=e446c74f-8404-4678-b138-dcaf998cce91	Public Overture website; no usable Overture email. First-party public contact crawl required; no inference.				overture:e446c74f-8404-4678-b138-dcaf998cce91	nightsbridge.co.za	27746861111	menlyn maine luxury rentals	Tshwane	South Africa	PERMISSIVE	domain:nightsbridge.co.za
	A	91	Pretoria	South Africa	Affluence Property Management		building_contractor	259 15th avenue	0120210500								overture:4c89916e-01ff-4080-8a69-cbf4ca008f70	2026-08-16T00:44:21.043451Z		Canonical queue drain | fit A | GitHub MASTER dedupe passed	http://affluenceprop.co.za/										Permissive	Qualification	https://explore.overturemaps.org/#id=4c89916e-01ff-4080-8a69-cbf4ca008f70	Public Overture website; no usable Overture email. First-party public contact crawl required; no inference.				overture:4c89916e-01ff-4080-8a69-cbf4ca008f70	affluenceprop.co.za	0120210500	affluence property management	Pretoria	South Africa	PERMISSIVE	domain:affluenceprop.co.za
	A	91	uMdoni	South Africa	Mamas House Self-Catering Guesthouse		hotel	Ifafa Beach - "right on the beach", at mum's home ( semi-detached from the main building)									overture:855e6680-0b50-4eb8-8ffc-37447532cbaa	2026-08-16T00:41:36.242710Z		Canonical queue drain | fit A | GitHub MASTER dedupe passed	http://www.mamashouse.com.au/		http://www.mamashouse.com.au/contact								Permissive	Qualification	https://explore.overturemaps.org/#id=855e6680-0b50-4eb8-8ffc-37447532cbaa	Public Overture website; no usable Overture email. First-party public contact crawl required; no inference.				overture:855e6680-0b50-4eb8-8ffc-37447532cbaa	mamashouse.com.au		mamas house self catering guesthouse	uMdoni	South Africa	PERMISSIVE	domain:mamashouse.com.au
	A	91	Vernal	USA	Real Property Management Uintah		property_management	1060 Market Dr	+14352144686								overture:7c5b96fd-96e2-427c-b035-9df0a3b57457	2026-08-16T00:39:25.076099Z		Canonical queue drain | fit A | GitHub MASTER dedupe passed	https://www.rpmuintah.com/?cid=LSTL_RPM000183										Permissive	Qualification	https://explore.overturemaps.org/#id=7c5b96fd-96e2-427c-b035-9df0a3b57457	Public Overture website; no usable Overture email. First-party public contact crawl required; no inference.				overture:7c5b96fd-96e2-427c-b035-9df0a3b57457	rpmuintah.com	14352144686	real property management uintah	Vernal	USA	PERMISSIVE	domain:rpmuintah.com
	A	91	Casper	USA	Highland Property Management		property_management	2955 Central Dr	+13074721160								overture:6d3f7e7c-0d64-4068-bfcd-b4606881f8e1	2026-08-16T00:39:25.076099Z		Canonical queue drain | fit A | GitHub MASTER dedupe passed	https://www.leasehighland.com										Permissive	Qualification	https://explore.overturemaps.org/#id=6d3f7e7c-0d64-4068-bfcd-b4606881f8e1	Public Overture website; no usable Overture email. First-party public contact crawl required; no inference.				overture:6d3f7e7c-0d64-4068-bfcd-b4606881f8e1	leasehighland.com	13074721160	highland property management	Casper	USA	PERMISSIVE	domain:leasehighland.com
	A	91	Vernal	USA	Eastern Utah Property Management		property_management	33 N 100 W									overture:28a7796e-0567-4ca1-82b0-3bf66f5e64d5	2026-08-16T00:39:25.076099Z		Canonical queue drain | fit A | GitHub MASTER dedupe passed	http://www.easternutpm.com/		http://www.easternutpm.com/contact								Permissive	Qualification	https://explore.overturemaps.org/#id=28a7796e-0567-4ca1-82b0-3bf66f5e64d5	Public Overture website; no usable Overture email. First-party public contact crawl required; no inference.				overture:28a7796e-0567-4ca1-82b0-3bf66f5e64d5	easternutpm.com		eastern utah property management	Vernal	USA	PERMISSIVE	domain:easternutpm.com
	A	91	Boulder	USA	Dean Callan Property Management Services		property_management	1510 28th St Frontage Rd	+13039452025								overture:feff2f64-8e2a-4a96-a27d-5a2e2165c5b4	2026-08-16T00:39:25.076099Z		Canonical queue drain | fit A | GitHub MASTER dedupe passed	http://www.deancallanpm.com/										Permissive	Qualification	https://explore.overturemaps.org/#id=feff2f64-8e2a-4a96-a27d-5a2e2165c5b4	Public Overture website; no usable Overture email. First-party public contact crawl required; no inference.				overture:feff2f64-8e2a-4a96-a27d-5a2e2165c5b4	deancallanpm.com	13039452025	dean callan property management services	Boulder	USA	PERMISSIVE	domain:deancallanpm.com
	A	91	Loveland	USA	Crosstown Property Management & Real Estate		property_management	1635 Foxtrail Dr	+19704545404								overture:aace4c84-1beb-48ce-a4b4-005b1ee2f001	2026-08-16T00:39:25.076099Z		Canonical queue drain | fit A | GitHub MASTER dedupe passed	http://www.crosstownpmre.com/										Permissive	Qualification	https://explore.overturemaps.org/#id=aace4c84-1beb-48ce-a4b4-005b1ee2f001	Public Overture website; no usable Overture email. First-party public contact crawl required; no inference.				overture:aace4c84-1beb-48ce-a4b4-005b1ee2f001	crosstownpmre.com	19704545404	crosstown property management real estate	Loveland	USA	PERMISSIVE	domain:crosstownpmre.com
	A	91	Casper	USA	The Legacy Property Management Company		property_management	1701 E E St	3072338720								overture:1761d3dd-8f46-44c9-81dc-3b5c7a211998	2026-08-16T00:39:25.076099Z		Canonical queue drain | fit A | GitHub MASTER dedupe passed	http://www.casperrents.com/										Medium	Recall-first	https://explore.overturemaps.org/#id=1761d3dd-8f46-44c9-81dc-3b5c7a211998	Public Overture website; no usable Overture email. First-party public contact crawl required; no inference.				overture:1761d3dd-8f46-44c9-81dc-3b5c7a211998	casperrents.com	3072338720	the legacy property management company	Casper	USA	MEDIUM	domain:casperrents.com
	A	91	Sheridan	USA	BHJ Property Management		property_management	101 S Main St	+13072989955								overture:bc711d50-c00c-4cf5-b852-dccbcd11143f	2026-08-16T00:39:25.076099Z		Canonical queue drain | fit A | GitHub MASTER dedupe passed	http://www.bhjrentals.com/										Permissive	Qualification	https://explore.overturemaps.org/#id=bc711d50-c00c-4cf5-b852-dccbcd11143f	Public Overture website; no usable Overture email. First-party public contact crawl required; no inference.				overture:bc711d50-c00c-4cf5-b852-dccbcd11143f	bhjrentals.com	13072989955	bhj property management	Sheridan	USA	PERMISSIVE	domain:bhjrentals.com
	A	91	Fort Collins	USA	All County® The Fort Collins Team Property Management		property_management	1027 W Horsetooth Rd Ste F208	9708251000								overture:ad106907-6d29-48fd-8384-71c111b8ec74	2026-08-16T00:39:25.076099Z		Canonical queue drain | fit A | GitHub MASTER dedupe passed	https://www.allcountyfc.com/										Permissive	Qualification	https://explore.overturemaps.org/#id=ad106907-6d29-48fd-8384-71c111b8ec74	Public Overture website; no usable Overture email. First-party public contact crawl required; no inference.				overture:ad106907-6d29-48fd-8384-71c111b8ec74	allcountyfc.com	9708251000	all county the fort collins team property management	Fort Collins	USA	PERMISSIVE	domain:allcountyfc.com
	A	91	Phalaborwa	South Africa	African Lily Self Catering Family Suites		hotel	35 Palm Ave	+27761015657								overture:18ba5309-27bc-420e-9b5d-6a4e11b03799	2026-08-15T23:57:45.680462Z		Canonical queue drain | fit A | GitHub MASTER dedupe passed	http://www.africanlily.co.za										Permissive	Qualification	https://explore.overturemaps.org/#id=18ba5309-27bc-420e-9b5d-6a4e11b03799	Public Overture website; no usable Overture email. First-party public contact crawl required; no inference.				overture:18ba5309-27bc-420e-9b5d-6a4e11b03799	africanlily.co.za	27761015657	african lily self catering family suites	Phalaborwa	South Africa	PERMISSIVE	domain:africanlily.co.za
	A	91	Umhlanga	South Africa	Umhlanga Self Catering Guesthouse		hotel	16 Herald Dr	+27845034753								overture:f5eba013-b9f4-4ade-9b53-c3a59df86df3	2026-08-15T23:53:22.324866Z		Canonical queue drain | fit A | GitHub MASTER dedupe passed	http://www.umhlangaguesthouse.co.za/										High	Verified	https://explore.overturemaps.org/#id=f5eba013-b9f4-4ade-9b53-c3a59df86df3	Public Overture website; no usable Overture email. First-party public contact crawl required; no inference.				overture:f5eba013-b9f4-4ade-9b53-c3a59df86df3	umhlangaguesthouse.co.za	27845034753	umhlanga self catering guesthouse	Umhlanga	South Africa	HIGH	domain:umhlangaguesthouse.co.za
	A	91	دبي	United Arab Emirates	PK Holiday Homes Rental Dubai		holiday_rental_home	Suite 304, Cayan Business Center,Barsha Heights	+97144541140								overture:83e44a77-554e-45cf-ae72-7730a33670e4	2026-08-15T23:39:46.829805Z		Canonical queue drain | fit A | GitHub MASTER dedupe passed	http://pkholidays.ae/										Medium	Recall-first	https://explore.overturemaps.org/#id=83e44a77-554e-45cf-ae72-7730a33670e4	Public Overture website; no usable Overture email. First-party public contact crawl required; no inference.				overture:83e44a77-554e-45cf-ae72-7730a33670e4	pkholidays.ae	97144541140	pk holiday homes rental dubai	دبي	United Arab Emirates	MEDIUM	domain:pkholidays.ae
	A	91	دبي	United Arab Emirates	MENA ApartHotel		hotel	- Street 13	+97143417474								overture:960480c9-adfc-4d7f-9f91-8d1e452c498d	2026-08-15T23:39:46.829805Z		Canonical queue drain | fit A | GitHub MASTER dedupe passed	https://menaaparthotel.com/										High	Verified	https://explore.overturemaps.org/#id=960480c9-adfc-4d7f-9f91-8d1e452c498d	Public Overture website; no usable Overture email. First-party public contact crawl required; no inference.				overture:960480c9-adfc-4d7f-9f91-8d1e452c498d	menaaparthotel.com	97143417474	mena aparthotel	دبي	United Arab Emirates	HIGH	domain:menaaparthotel.com
	A	91	دبي	United Arab Emirates	Al Waleed Palace Hotel Apartments		service_apartment	شارع 2 69	+97143360004								overture:a0aeac7d-f6c9-4b86-8ab9-65297d527f5c	2026-08-15T23:39:46.829805Z		Canonical queue drain | fit A | GitHub MASTER dedupe passed	http://www.alwaleedhotels.com/										High	Verified	https://explore.overturemaps.org/#id=a0aeac7d-f6c9-4b86-8ab9-65297d527f5c	Public Overture website; no usable Overture email. First-party public contact crawl required; no inference.				overture:a0aeac7d-f6c9-4b86-8ab9-65297d527f5c	alwaleedhotels.com	97143360004	al waleed palace hotel apartments	دبي	United Arab Emirates	HIGH	domain:alwaleedhotels.com
	A	91	Abu Dhabi	United Arab Emirates	Al Jaber Property Management and Maintenance - AJPMM		property_management	6th street	+97125020230								overture:7569ada3-5e25-48da-bb61-0a4f3223ed08	2026-08-15T23:37:29.348859Z		Canonical queue drain | fit A | GitHub MASTER dedupe passed	http://aljaberproperty.com/										Permissive	Qualification	https://explore.overturemaps.org/#id=7569ada3-5e25-48da-bb61-0a4f3223ed08	Public Overture website; no usable Overture email. First-party public contact crawl required; no inference.				overture:7569ada3-5e25-48da-bb61-0a4f3223ed08	aljaberproperty.com	97125020230	al jaber property management and maintenance ajpmm	Abu Dhabi	United Arab Emirates	PERMISSIVE	domain:aljaberproperty.com
	A	91	Tehran	IR	Melal Apartment Hotel | هتل آپارتمان ملل تهران		hotel	No. 24, Naseri St., Valiasr Ave.	021 8879 0543								overture:aeda6f42-5af5-4100-af6e-d906ada71207	2026-08-15T23:17:06.555572Z		Canonical queue drain | fit A | GitHub MASTER dedupe passed	http://www.melal.com										High	Verified	https://explore.overturemaps.org/#id=aeda6f42-5af5-4100-af6e-d906ada71207	Public Overture website; no usable Overture email. First-party public contact crawl required; no inference.				overture:aeda6f42-5af5-4100-af6e-d906ada71207	melal.com	02188790543	melal apartment hotel	Tehran	IR	HIGH	domain:melal.com
	A	91	الغردقة	Egypt	Rixos Premium Magawish Suites & Villas		resort	Safaga Road, Km12	01103280000								overture:456f473c-e495-4b8b-9da5-8879106b4169	2026-08-15T23:09:45.002505Z		Canonical queue drain | fit A | GitHub MASTER dedupe passed	https://allinclusive-colection.com/en/hotel/rixos-premium-magawish-suites-and-villas.html										High	Verified	https://explore.overturemaps.org/#id=456f473c-e495-4b8b-9da5-8879106b4169	Public Overture website; no usable Overture email. First-party public contact crawl required; no inference.				overture:456f473c-e495-4b8b-9da5-8879106b4169	allinclusive-colection.com	01103280000	rixos premium magawish suites villas	الغردقة	Egypt	HIGH	domain:allinclusive-colection.com
	A	91	Brookings	USA	Brookings Property Management		property_management	1100 6th St	+16056955261								overture:0e273995-bacb-486e-8102-ed9a854bf843	2026-08-15T22:32:22.538862Z		Canonical queue drain | fit A | GitHub MASTER dedupe passed	https://bkgspm.info/m/LinkinBio										Permissive	Qualification	https://explore.overturemaps.org/#id=0e273995-bacb-486e-8102-ed9a854bf843	Public Overture website; no usable Overture email. First-party public contact crawl required; no inference.				overture:0e273995-bacb-486e-8102-ed9a854bf843	bkgspm.info	16056955261	brookings property management	Brookings	USA	PERMISSIVE	domain:bkgspm.info
	A	91	Winnipeg	Canada	Red Door Property Management Services Inc.		property_management	549 Regent Ave W	+12045051334								overture:6b61f1eb-9652-4f1c-b265-2d831f1ea1c1	2026-08-15T22:30:13.343599Z		Canonical queue drain | fit A | GitHub MASTER dedupe passed	http://www.reddoorproperties.ca/										Permissive	Qualification	https://explore.overturemaps.org/#id=6b61f1eb-9652-4f1c-b265-2d831f1ea1c1	Public Overture website; no usable Overture email. First-party public contact crawl required; no inference.				overture:6b61f1eb-9652-4f1c-b265-2d831f1ea1c1	reddoorproperties.ca	12045051334	red door property management services inc	Winnipeg	Canada	PERMISSIVE	domain:reddoorproperties.ca
	A	91	Salt Lake City	USA	TierOne Real Estate and Property Management		property_management	2715 E 3300 S	+18014866200								overture:a083b95b-6b33-482d-bc04-c393d8ba96e0	2026-08-15T22:27:55.571911Z		Canonical queue drain | fit A | GitHub MASTER dedupe passed	https://www.tieronerents.com/										Permissive	Qualification	https://explore.overturemaps.org/#id=a083b95b-6b33-482d-bc04-c393d8ba96e0	Public Overture website; no usable Overture email. First-party public contact crawl required; no inference.				overture:a083b95b-6b33-482d-bc04-c393d8ba96e0	tieronerents.com	18014866200	tierone real estate and property management	Salt Lake City	USA	PERMISSIVE	domain:tieronerents.com
	A	91	Champaign	USA	Gordon Property Management		property_management	2009 Fox Dr	+12178880745								overture:cdff04b8-2df3-4e3d-a3e1-f7ccddafb9ea	2026-08-15T22:27:55.571911Z		Canonical queue drain | fit A | GitHub MASTER dedupe passed	https://teamgordon.net/										Permissive	Qualification	https://explore.overturemaps.org/#id=cdff04b8-2df3-4e3d-a3e1-f7ccddafb9ea	Public Overture website; no usable Overture email. First-party public contact crawl required; no inference.				overture:cdff04b8-2df3-4e3d-a3e1-f7ccddafb9ea	teamgordon.net	12178880745	gordon property management	Champaign	USA	PERMISSIVE	domain:teamgordon.net
	A	91	Delavan	USA	Southern Lakes Roofing & Property Management		ceiling_and_roofing_repair_and_service	2827 Ingersoll Pl	2622451218								overture:84e09e82-2b70-4a1a-a598-686fb9753493	2026-08-15T22:27:55.571911Z		Canonical queue drain | fit A | GitHub MASTER dedupe passed	https://southernlakesroofing.com/										Permissive	Qualification	https://explore.overturemaps.org/#id=84e09e82-2b70-4a1a-a598-686fb9753493	Public Overture website; no usable Overture email. First-party public contact crawl required; no inference.				overture:84e09e82-2b70-4a1a-a598-686fb9753493	southernlakesroofing.com	2622451218	southern lakes roofing property management	Delavan	USA	PERMISSIVE	domain:southernlakesroofing.com
	A	91	Galesburg	USA	Signature Real Estate & Property Management		property_management	125 W Michigan Ave	(269) 665-7446								overture:94f2f242-aa8e-4df1-a3e6-5de818a75be7	2026-08-15T22:27:55.571911Z		Canonical queue drain | fit A | GitHub MASTER dedupe passed	http://www.signaturemi.com										High	Verified	https://explore.overturemaps.org/#id=94f2f242-aa8e-4df1-a3e6-5de818a75be7	Public Overture website; no usable Overture email. First-party public contact crawl required; no inference.				overture:94f2f242-aa8e-4df1-a3e6-5de818a75be7	signaturemi.com	2696657446	signature real estate property management	Galesburg	USA	HIGH	domain:signaturemi.com
	A	91	Grandville	USA	Real Property Management Investment Solutions		property_management	2845 Wilson Ave SW Ste E	6164194578								overture:77361a56-dcf8-418d-ae05-e3c6df3d879f	2026-08-15T22:27:55.571911Z		Canonical queue drain | fit A | GitHub MASTER dedupe passed	http://www.rpminv.com/										Permissive	Qualification	https://explore.overturemaps.org/#id=77361a56-dcf8-418d-ae05-e3c6df3d879f	Public Overture website; no usable Overture email. First-party public contact crawl required; no inference.				overture:77361a56-dcf8-418d-ae05-e3c6df3d879f	rpminv.com	6164194578	real property management investment solutions	Grandville	USA	PERMISSIVE	domain:rpminv.com
	A	91	Herriman	USA	Rentomatic Property Management | Property Manager Herriman, Sandy, Draper, Riverton		property_management	14252 Dawson Hills Circle	8015564640								overture:2e80be9e-cb47-44d6-80cd-21ca610e1b76	2026-08-15T22:27:55.571911Z		Canonical queue drain | fit A | GitHub MASTER dedupe passed	https://rentomatic.us/										High	Verified	https://explore.overturemaps.org/#id=2e80be9e-cb47-44d6-80cd-21ca610e1b76	Public Overture website; no usable Overture email. First-party public contact crawl required; no inference.				overture:2e80be9e-cb47-44d6-80cd-21ca610e1b76	rentomatic.us	8015564640	rentomatic property management property manager herriman sandy draper riverton	Herriman	USA	HIGH	domain:rentomatic.us
	A	91	Ogden	USA	Real Property Management Inc		property_management	1065 Washington Blvd Ste 4	8016211430								overture:4c825fa6-f3d9-4a95-ae7a-f69f0157bb55	2026-08-15T22:27:55.571911Z		Canonical queue drain | fit A | GitHub MASTER dedupe passed	http://www.realpropertyutah.com/										Permissive	Qualification	https://explore.overturemaps.org/#id=4c825fa6-f3d9-4a95-ae7a-f69f0157bb55	Public Overture website; no usable Overture email. First-party public contact crawl required; no inference.				overture:4c825fa6-f3d9-4a95-ae7a-f69f0157bb55	realpropertyutah.com	8016211430	real property management inc	Ogden	USA	PERMISSIVE	domain:realpropertyutah.com
	A	91	Hooper	USA	Property Management Inc.		property_management	4943 W 5000 S	+18018210095								overture:ed4bdbcb-4b4c-46d1-942e-df9111d28d68	2026-08-15T22:27:55.571911Z		Canonical queue drain | fit A | GitHub MASTER dedupe passed	http://www.pminu.com/										Permissive	Qualification	https://explore.overturemaps.org/#id=ed4bdbcb-4b4c-46d1-942e-df9111d28d68	Public Overture website; no usable Overture email. First-party public contact crawl required; no inference.				overture:ed4bdbcb-4b4c-46d1-942e-df9111d28d68	pminu.com	18018210095	property management inc	Hooper	USA	PERMISSIVE	domain:pminu.com
	A	91	Grand Haven	USA	MTA Property Management		property_management	21 S Beechtree St	6163124945								overture:0e411cab-3d2a-4df9-901a-c025e9416508	2026-08-15T22:27:55.571911Z		Canonical queue drain | fit A | GitHub MASTER dedupe passed	https://mtapropertymanagement.com/										Permissive	Qualification	https://explore.overturemaps.org/#id=0e411cab-3d2a-4df9-901a-c025e9416508	Public Overture website; no usable Overture email. First-party public contact crawl required; no inference.				overture:0e411cab-3d2a-4df9-901a-c025e9416508	mtapropertymanagement.com	6163124945	mta property management	Grand Haven	USA	PERMISSIVE	domain:mtapropertymanagement.com
	A	91	Jackson	USA	Mountain Property Management		property_management	250 Veronica Ln	3077331684								overture:f59410d5-2676-480c-9fa8-667c4d0369b2	2026-08-15T22:27:55.571911Z		Canonical queue drain | fit A | GitHub MASTER dedupe passed	http://www.mountainpropertymanagement.com/										Permissive	Qualification	https://explore.overturemaps.org/#id=f59410d5-2676-480c-9fa8-667c4d0369b2	Public Overture website; no usable Overture email. First-party public contact crawl required; no inference.				overture:f59410d5-2676-480c-9fa8-667c4d0369b2	mountainpropertymanagement.com	3077331684	mountain property management	Jackson	USA	PERMISSIVE	domain:mountainpropertymanagement.com
	A	91	Kokomo	USA	Lofts at Union Street		property_management	101 N Union St	+17653143800								overture:9f4c3d65-cfeb-4fbc-8c2e-75245727db18	2026-08-15T22:27:55.571911Z		Canonical queue drain | fit A | GitHub MASTER dedupe passed	http://loftsatunion.com										Permissive	Qualification	https://explore.overturemaps.org/#id=9f4c3d65-cfeb-4fbc-8c2e-75245727db18	Public Overture website; no usable Overture email. First-party public contact crawl required; no inference.				overture:9f4c3d65-cfeb-4fbc-8c2e-75245727db18	loftsatunion.com	17653143800	lofts at union street	Kokomo	USA	PERMISSIVE	domain:loftsatunion.com
	A	91	Highland Park	USA	Legacy Varin Property Management		property_management	430 Park Ave Ste 2A	(847) 432-9700								overture:279dbe13-9377-4b24-90ca-908b8f9ddec4	2026-08-15T22:27:55.571911Z		Canonical queue drain | fit A | GitHub MASTER dedupe passed	https://www.legacyvarin.com										Medium	Recall-first	https://explore.overturemaps.org/#id=279dbe13-9377-4b24-90ca-908b8f9ddec4	Public Overture website; no usable Overture email. First-party public contact crawl required; no inference.				overture:279dbe13-9377-4b24-90ca-908b8f9ddec4	legacyvarin.com	8474329700	legacy varin property management	Highland Park	USA	MEDIUM	domain:legacyvarin.com
	A	91	Glenview	USA	Kory Property Management		property_management	1215 Heather Ln	8477247110								overture:ee1a9e07-87c1-4b48-8002-59dbbdd81c7c	2026-08-15T22:27:55.571911Z		Canonical queue drain | fit A | GitHub MASTER dedupe passed	http://www.koryproperty.com/										Permissive	Qualification	https://explore.overturemaps.org/#id=ee1a9e07-87c1-4b48-8002-59dbbdd81c7c	Public Overture website; no usable Overture email. First-party public contact crawl required; no inference.				overture:ee1a9e07-87c1-4b48-8002-59dbbdd81c7c	koryproperty.com	8477247110	kory property management	Glenview	USA	PERMISSIVE	domain:koryproperty.com
	A	91	Greenville	USA	Jay Dubb Property Management		property_management	N2004 Greenville Dr Ste F	(920) 345-7369								overture:fef16bff-190b-429f-9157-f8edb295d607	2026-08-15T22:27:55.571911Z		Canonical queue drain | fit A | GitHub MASTER dedupe passed	http://www.jdpmllc.com										Permissive	Qualification	https://explore.overturemaps.org/#id=fef16bff-190b-429f-9157-f8edb295d607	Public Overture website; no usable Overture email. First-party public contact crawl required; no inference.				overture:fef16bff-190b-429f-9157-f8edb295d607	jdpmllc.com	9203457369	jay dubb property management	Greenville	USA	PERMISSIVE	domain:jdpmllc.com
	A	91	Chicago	USA	450 W Briar		lodging	450 W Briar Pl	+17732960251								overture:ad17ca3d-8e81-4595-8014-475fd0ce3ffa	2026-08-15T22:27:55.571911Z		Canonical queue drain | fit A | GitHub MASTER dedupe passed	http://www.jandmremodeling.com										Permissive	Qualification	https://explore.overturemaps.org/#id=ad17ca3d-8e81-4595-8014-475fd0ce3ffa	Public Overture website; no usable Overture email. First-party public contact crawl required; no inference.				overture:ad17ca3d-8e81-4595-8014-475fd0ce3ffa	jandmremodeling.com	17732960251	450 w briar	Chicago	USA	PERMISSIVE	domain:jandmremodeling.com
	A	91	De Pere	USA	Draco Property Management		property_management	2385 Lawrence Dr	9202829594								overture:9d84edbb-b3ad-4f37-9593-8de5b2730c4f	2026-08-15T22:27:55.571911Z		Canonical queue drain | fit A | GitHub MASTER dedupe passed	https://dracopropertymanagementwi.hibuwebsites.com/										Medium	Recall-first	https://explore.overturemaps.org/#id=9d84edbb-b3ad-4f37-9593-8de5b2730c4f	Public Overture website; no usable Overture email. First-party public contact crawl required; no inference.				overture:9d84edbb-b3ad-4f37-9593-8de5b2730c4f	hibuwebsites.com	9202829594	draco property management	De Pere	USA	MEDIUM	domain:hibuwebsites.com
	A	91	Chicago	USA	HHH Property Management LLC		property_management	5321 N Meade Ave	+12246072019								overture:b1f373e9-0e78-4e1f-8bc9-b5dcfe6ca0dd	2026-08-15T22:27:55.571911Z		Canonical queue drain | fit A | GitHub MASTER dedupe passed	http://Www.hhhpropertymanagement.com/										Permissive	Qualification	https://explore.overturemaps.org/#id=b1f373e9-0e78-4e1f-8bc9-b5dcfe6ca0dd	Public Overture website; no usable Overture email. First-party public contact crawl required; no inference.				overture:b1f373e9-0e78-4e1f-8bc9-b5dcfe6ca0dd	hhhpropertymanagement.com	12246072019	hhh property management llc	Chicago	USA	PERMISSIVE	domain:hhhpropertymanagement.com
	A	91	Naperville	USA	Radiance Property Management		real_estate_agent	608 S Washington St	+16303303000								overture:f002cbed-e119-4775-8c16-994f5fa1ef43	2026-08-15T22:27:55.571911Z		Canonical queue drain | fit A | GitHub MASTER dedupe passed	http://www.EquestrianPropertySpecialist.com/										Permissive	Qualification	https://explore.overturemaps.org/#id=f002cbed-e119-4775-8c16-994f5fa1ef43	Public Overture website; no usable Overture email. First-party public contact crawl required; no inference.				overture:f002cbed-e119-4775-8c16-994f5fa1ef43	equestrianpropertyspecialist.com	16303303000	radiance property management	Naperville	USA	PERMISSIVE	domain:equestrianpropertyspecialist.com
	A	91	Grandville	USA	Echelon Property Management		property_management	4370 Chicago Dr SW	+16166698586								overture:7cd46212-1237-4eb4-b6b5-4019a530309f	2026-08-15T22:27:55.571911Z		Canonical queue drain | fit A | GitHub MASTER dedupe passed	http://www.echelonpm.com										Permissive	Qualification	https://explore.overturemaps.org/#id=7cd46212-1237-4eb4-b6b5-4019a530309f	Public Overture website; no usable Overture email. First-party public contact crawl required; no inference.				overture:7cd46212-1237-4eb4-b6b5-4019a530309f	echelonpm.com	16166698586	echelon property management	Grandville	USA	PERMISSIVE	domain:echelonpm.com
	A	91	Kenosha	USA	Bear Property Management Inc		property_management	4015 80th St	2626979616								overture:70835cbf-0732-4843-ba08-20636f635720	2026-08-15T22:27:55.571911Z		Canonical queue drain | fit A | GitHub MASTER dedupe passed	http://www.bearproperty.com/										Medium	Recall-first	https://explore.overturemaps.org/#id=70835cbf-0732-4843-ba08-20636f635720	Public Overture website; no usable Overture email. First-party public contact crawl required; no inference.				overture:70835cbf-0732-4843-ba08-20636f635720	bearproperty.com	2626979616	bear property management inc	Kenosha	USA	MEDIUM	domain:bearproperty.com
	A	91	Draper	USA	Atara Property Management			405 E 12450 S Ste A7	8012030298								overture:5ef41064-3e97-43f6-9178-70e8a99adeff	2026-08-15T22:27:55.571911Z		Canonical queue drain | fit A | GitHub MASTER dedupe passed	https://atarapm.com/										Permissive	Qualification	https://explore.overturemaps.org/#id=5ef41064-3e97-43f6-9178-70e8a99adeff	Public Overture website; no usable Overture email. First-party public contact crawl required; no inference.				overture:5ef41064-3e97-43f6-9178-70e8a99adeff	atarapm.com	8012030298	atara property management	Draper	USA	PERMISSIVE	domain:atarapm.com
	A	91	Salt Lake City	USA	All County Capital Experts Property Management		property_management	10 W BROADWAY, Ste 29	8018778700								overture:49ff4494-dfbc-4c1e-9f11-be855bed5101	2026-08-15T22:27:55.571911Z		Canonical queue drain | fit A | GitHub MASTER dedupe passed	https://allcountyexp.com/										Permissive	Qualification	https://explore.overturemaps.org/#id=49ff4494-dfbc-4c1e-9f11-be855bed5101	Public Overture website; no usable Overture email. First-party public contact crawl required; no inference.				overture:49ff4494-dfbc-4c1e-9f11-be855bed5101	allcountyexp.com	8018778700	all county capital experts property management	Salt Lake City	USA	PERMISSIVE	domain:allcountyexp.com
	A	91	Chicago	USA	AllSet Turnover		property_management	2010 W Fulton St	+18722252788								overture:15e7b9d6-a6cc-40cc-b8c9-53c169a2bf52	2026-08-15T22:27:55.571911Z		Canonical queue drain | fit A | GitHub MASTER dedupe passed	http://www.all-set.com/										High	Verified	https://explore.overturemaps.org/#id=15e7b9d6-a6cc-40cc-b8c9-53c169a2bf52	Public Overture website; no usable Overture email. First-party public contact crawl required; no inference.				overture:15e7b9d6-a6cc-40cc-b8c9-53c169a2bf52	all-set.com	18722252788	allset turnover	Chicago	USA	HIGH	domain:all-set.com
	A	91	Pittsburgh	USA	SVN TRCA Property Management		real_estate_agent	309 Smithfield St Fl 5	(412) 535-5785								overture:27badffd-89bc-4bd8-aa92-b6831fa45ce3	2026-08-15T22:23:34.561259Z		Canonical queue drain | fit A | GitHub MASTER dedupe passed	http://svntrcamanagement.com										Permissive	Qualification	https://explore.overturemaps.org/#id=27badffd-89bc-4bd8-aa92-b6831fa45ce3	Public Overture website; no usable Overture email. First-party public contact crawl required; no inference.				overture:27badffd-89bc-4bd8-aa92-b6831fa45ce3	svntrcamanagement.com	4125355785	svn trca property management	Pittsburgh	USA	PERMISSIVE	domain:svntrcamanagement.com
	A	91	Dublin	USA	River Rock Total Property Management		property_management	5400 Frantz Rd	+16142898982								overture:5ac8b9b6-ed59-4b49-b29c-0c1c8fe1d234	2026-08-15T22:23:34.561259Z		Canonical queue drain | fit A | GitHub MASTER dedupe passed	http://www.rrtpm.com/										Permissive	Qualification	https://explore.overturemaps.org/#id=5ac8b9b6-ed59-4b49-b29c-0c1c8fe1d234	Public Overture website; no usable Overture email. First-party public contact crawl required; no inference.				overture:5ac8b9b6-ed59-4b49-b29c-0c1c8fe1d234	rrtpm.com	16142898982	river rock total property management	Dublin	USA	PERMISSIVE	domain:rrtpm.com
	A	91	McMurray	USA	The Burgh Property Management		property_management	505 Valley Brook Rd Ste 201	7242600189								overture:4549fa50-b19c-497a-9954-d4b0ac32f212	2026-08-15T22:23:34.561259Z		Canonical queue drain | fit A | GitHub MASTER dedupe passed	https://www.pittsburghpropertymanagementinc.net/										Medium	Recall-first	https://explore.overturemaps.org/#id=4549fa50-b19c-497a-9954-d4b0ac32f212	Public Overture website; no usable Overture email. First-party public contact crawl required; no inference.				overture:4549fa50-b19c-497a-9954-d4b0ac32f212	pittsburghpropertymanagementinc.net	7242600189	the burgh property management	McMurray	USA	MEDIUM	domain:pittsburghpropertymanagementinc.net
	A	91	LORAIN	USA	Lorain County Property Management Realty Trust Services			43215 Cooper Foster Park Rd W	4402207300								overture:e3dfcf4a-59f3-4650-b842-6e3d8d25a7e0	2026-08-15T22:23:34.561259Z		Canonical queue drain | fit A | GitHub MASTER dedupe passed	http://loraincountypropertymanagement.com/										Permissive	Qualification	https://explore.overturemaps.org/#id=e3dfcf4a-59f3-4650-b842-6e3d8d25a7e0	Public Overture website; no usable Overture email. First-party public contact crawl required; no inference.				overture:e3dfcf4a-59f3-4650-b842-6e3d8d25a7e0	loraincountypropertymanagement.com	4402207300	lorain county property management realty trust services	LORAIN	USA	PERMISSIVE	domain:loraincountypropertymanagement.com
	A	91	Warren	USA	Champion Property Management		property_management	12345 E 12 Mile Rd	5869784444								overture:c9904130-989a-47a7-b055-b8fff5a698c7	2026-08-15T22:23:34.561259Z		Canonical queue drain | fit A | GitHub MASTER dedupe passed	http://www.look4rental.com/										Permissive	Qualification	https://explore.overturemaps.org/#id=c9904130-989a-47a7-b055-b8fff5a698c7	Public Overture website; no usable Overture email. First-party public contact crawl required; no inference.				overture:c9904130-989a-47a7-b055-b8fff5a698c7	look4rental.com	5869784444	champion property management	Warren	USA	PERMISSIVE	domain:look4rental.com
	A	91	Windsor	Canada	Huron Shores Property Management		property_management	1010 University Ave W	+15199161113								overture:783d717f-f6e4-4728-aff0-fab42a63a4e9	2026-08-15T22:23:34.561259Z		Canonical queue drain | fit A | GitHub MASTER dedupe passed	http://www.huron-shores.ca/										High	Verified	https://explore.overturemaps.org/#id=783d717f-f6e4-4728-aff0-fab42a63a4e9	Public Overture website; no usable Overture email. First-party public contact crawl required; no inference.				overture:783d717f-f6e4-4728-aff0-fab42a63a4e9	huron-shores.ca	15199161113	huron shores property management	Windsor	Canada	HIGH	domain:huron-shores.ca
	A	91	Northville	USA	GK Property Management		property_management	410 N Center St	+18442622636								overture:2ba0d5b9-9546-42ee-8ce3-67fb38fc4f69	2026-08-15T22:23:34.561259Z		Canonical queue drain | fit A | GitHub MASTER dedupe passed	http://www.GKPropertyManagement.net/										Permissive	Qualification	https://explore.overturemaps.org/#id=2ba0d5b9-9546-42ee-8ce3-67fb38fc4f69	Public Overture website; no usable Overture email. First-party public contact crawl required; no inference.				overture:2ba0d5b9-9546-42ee-8ce3-67fb38fc4f69	gkpropertymanagement.net	18442622636	gk property management	Northville	USA	PERMISSIVE	domain:gkpropertymanagement.net
	A	91	London	Canada	London City Centre Property Management		property_management	380 Wellington St	+15196725940								overture:2eff806f-5aee-46e7-a162-f09ab8890756	2026-08-15T22:23:34.561259Z		Canonical queue drain | fit A | GitHub MASTER dedupe passed	http://dundeerealty.com										High	Verified	https://explore.overturemaps.org/#id=2eff806f-5aee-46e7-a162-f09ab8890756	Public Overture website; no usable Overture email. First-party public contact crawl required; no inference.				overture:2eff806f-5aee-46e7-a162-f09ab8890756	dundeerealty.com	15196725940	london city centre property management	London	Canada	HIGH	domain:dundeerealty.com
	A	91	Warrendale	USA	Delta Property Management		corporate_or_business_office	125 Warrendale Bayne Rd	(724) 719-2163								overture:03655cff-68d1-4241-a715-8aabfcb75368	2026-08-15T22:23:34.561259Z		Canonical queue drain | fit A | GitHub MASTER dedupe passed	http://www.deltaproperty.net										Permissive	Qualification	https://explore.overturemaps.org/#id=03655cff-68d1-4241-a715-8aabfcb75368	Public Overture website; no usable Overture email. First-party public contact crawl required; no inference.				overture:03655cff-68d1-4241-a715-8aabfcb75368	deltaproperty.net	7247192163	delta property management	Warrendale	USA	PERMISSIVE	domain:deltaproperty.net
	A	91	St John's	Canada	Atlantic Property Management Ltd		property_management	136 Crosbie Rd	(709) 722-3800								overture:05fba038-1f1a-4d12-bc68-e44ab8b63594	2026-08-15T22:23:34.561259Z		Canonical queue drain | fit A | GitHub MASTER dedupe passed	http://www.crosbiegroup.com										Permissive	Qualification	https://explore.overturemaps.org/#id=05fba038-1f1a-4d12-bc68-e44ab8b63594	Public Overture website; no usable Overture email. First-party public contact crawl required; no inference.				overture:05fba038-1f1a-4d12-bc68-e44ab8b63594	crosbiegroup.com	7097223800	atlantic property management ltd	St John's	Canada	PERMISSIVE	domain:crosbiegroup.com
	A	91	Avon	USA	Cornerstone Managed Properties		property_management	33699 Lear Industrial Pkwy	(440) 937-3777								overture:1845ecf4-944e-40aa-bac6-947447e98cb6	2026-08-15T22:23:34.561259Z		Canonical queue drain | fit A | GitHub MASTER dedupe passed	http://www.cornerstonemanagedproperties.com										Permissive	Qualification	https://explore.overturemaps.org/#id=1845ecf4-944e-40aa-bac6-947447e98cb6	Public Overture website; no usable Overture email. First-party public contact crawl required; no inference.				overture:1845ecf4-944e-40aa-bac6-947447e98cb6	cornerstonemanagedproperties.com	4409373777	cornerstone managed properties	Avon	USA	PERMISSIVE	domain:cornerstonemanagedproperties.com
	A	91	Ontario	USA	Real Property Management Midwest		property_management	2059 Park Avenue West	4192169646								overture:7a4c584c-c51b-4282-b974-3d8715c634a9	2026-08-15T22:23:34.561259Z		Canonical queue drain | fit A | GitHub MASTER dedupe passed	https://www.connectionrpm.com/?cid=LSTL_RPM000223										Permissive	Qualification	https://explore.overturemaps.org/#id=7a4c584c-c51b-4282-b974-3d8715c634a9	Public Overture website; no usable Overture email. First-party public contact crawl required; no inference.				overture:7a4c584c-c51b-4282-b974-3d8715c634a9	connectionrpm.com	4192169646	real property management midwest	Ontario	USA	PERMISSIVE	domain:connectionrpm.com
	A	91	Brecksville	USA	Remax Trinity Property Management - Bob Collett		real_estate_agent	7570 Chippewa Rd	(216) 650-6915								overture:98dd1064-4ea1-43d8-8f31-6cd76bdd0b0e	2026-08-15T22:23:34.561259Z		Canonical queue drain | fit A | GitHub MASTER dedupe passed	http://www.bobcollett.com										Permissive	Qualification	https://explore.overturemaps.org/#id=98dd1064-4ea1-43d8-8f31-6cd76bdd0b0e	Public Overture website; no usable Overture email. First-party public contact crawl required; no inference.				overture:98dd1064-4ea1-43d8-8f31-6cd76bdd0b0e	bobcollett.com	2166506915	remax trinity property management bob collett	Brecksville	USA	PERMISSIVE	domain:bobcollett.com
	A	91	Columbus	USA	All County Portfolio Property Management		property_management	1733 W Lane Ave	6147687200								overture:02c26486-bd4e-444c-93fa-0bcfe759e93c	2026-08-15T22:23:34.561259Z		Canonical queue drain | fit A | GitHub MASTER dedupe passed	https://allcountyportfolio.com/										Medium	Recall-first	https://explore.overturemaps.org/#id=02c26486-bd4e-444c-93fa-0bcfe759e93c	Public Overture website; no usable Overture email. First-party public contact crawl required; no inference.				overture:02c26486-bd4e-444c-93fa-0bcfe759e93c	allcountyportfolio.com	6147687200	all county portfolio property management	Columbus	USA	MEDIUM	domain:allcountyportfolio.com
	A	91	Fairview Park	USA	All County NEO Lake Coast Property Management		property_management	22021 Brookpark Rd Ste 141	4402802100								overture:8ccf29a6-a351-49e9-af2c-095b029608ba	2026-08-15T22:23:34.561259Z		Canonical queue drain | fit A | GitHub MASTER dedupe passed	http://allcountylc.com/										Permissive	Qualification	https://explore.overturemaps.org/#id=8ccf29a6-a351-49e9-af2c-095b029608ba	Public Overture website; no usable Overture email. First-party public contact crawl required; no inference.				overture:8ccf29a6-a351-49e9-af2c-095b029608ba	allcountylc.com	4402802100	all county neo lake coast property management	Fairview Park	USA	PERMISSIVE	domain:allcountylc.com
	A	91	Yelm	USA	John L Scott- Yelm Property Management		real_estate_service	106 Plaza Dr SE Ste B1	(360) 458-4200								overture:fe089bb6-3bc1-4e95-b263-11e0bd4df7ec	2026-08-15T22:02:48.483993Z		Canonical queue drain | fit A | GitHub MASTER dedupe passed	http://yelmpropertymanagement.com										Permissive	Qualification	https://explore.overturemaps.org/#id=fe089bb6-3bc1-4e95-b263-11e0bd4df7ec	Public Overture website; no usable Overture email. First-party public contact crawl required; no inference.				overture:fe089bb6-3bc1-4e95-b263-11e0bd4df7ec	yelmpropertymanagement.com	3604584200	john l scott yelm property management	Yelm	USA	PERMISSIVE	domain:yelmpropertymanagement.com
	A	91	Chelan	USA	Stay Vacation Homes		holiday_rental_home	324 W Highland Ave	+12066079215								overture:492b516a-972d-4330-8dda-5bad6b4417ae	2026-08-15T22:02:48.483993Z		Canonical queue drain | fit A | GitHub MASTER dedupe passed	http://www.stayvacationhomes.com										Permissive	Qualification	https://explore.overturemaps.org/#id=492b516a-972d-4330-8dda-5bad6b4417ae	Public Overture website; no usable Overture email. First-party public contact crawl required; no inference.				overture:492b516a-972d-4330-8dda-5bad6b4417ae	stayvacationhomes.com	12066079215	stay vacation homes	Chelan	USA	PERMISSIVE	domain:stayvacationhomes.com
	A	91	Gig Harbor	USA	Soundview Property Management		property_management	5775 Soundview Dr Ste 102	2535146520								overture:330c338f-b652-48eb-88df-7d7fa0560f70	2026-08-15T22:02:48.483993Z		Canonical queue drain | fit A | GitHub MASTER dedupe passed	http://www.soundviewpm.com/										Permissive	Qualification	https://explore.overturemaps.org/#id=330c338f-b652-48eb-88df-7d7fa0560f70	Public Overture website; no usable Overture email. First-party public contact crawl required; no inference.				overture:330c338f-b652-48eb-88df-7d7fa0560f70	soundviewpm.com	2535146520	soundview property management	Gig Harbor	USA	PERMISSIVE	domain:soundviewpm.com
	A	91	Ste-Thérèse-de-Gaspé	Canada	Chalet du Pont Rouge		ski_resort	149 Chemin de St-Isidore	+14183852664								overture:639f5f08-ff92-47c7-860a-997b06814744	2026-08-15T22:02:48.483993Z		Canonical queue drain | fit A | GitHub MASTER dedupe passed	http://skidefondchaletpontrouge.com/										Permissive	Qualification	https://explore.overturemaps.org/#id=639f5f08-ff92-47c7-860a-997b06814744	Public Overture website; no usable Overture email. First-party public contact crawl required; no inference.				overture:639f5f08-ff92-47c7-860a-997b06814744	skidefondchaletpontrouge.com	14183852664	chalet du pont rouge	Ste-Thérèse-de-Gaspé	Canada	PERMISSIVE	domain:skidefondchaletpontrouge.com
	A	91	Clackamas	USA	Real Property Management Oregon's Finest		property_management	9142 SE Saint Helens St	5038504508								overture:cabe9cdd-fb11-4564-9d22-9adbc645de62	2026-08-15T22:02:48.483993Z		Canonical queue drain | fit A | GitHub MASTER dedupe passed	http://www.rpmoregonsfinest.com/										Permissive	Qualification	https://explore.overturemaps.org/#id=cabe9cdd-fb11-4564-9d22-9adbc645de62	Public Overture website; no usable Overture email. First-party public contact crawl required; no inference.				overture:cabe9cdd-fb11-4564-9d22-9adbc645de62	rpmoregonsfinest.com	5038504508	real property management oregon s finest	Clackamas	USA	PERMISSIVE	domain:rpmoregonsfinest.com
	A	91	Portland	USA	Real Property Management Expand			825 NE 20th Ave Ste f	9712294555								overture:58e04ebe-4083-4e50-ac5e-0cc4aaccb6ea	2026-08-15T22:02:48.483993Z		Canonical queue drain | fit A | GitHub MASTER dedupe passed	https://www.rpmexpand.com/?cid=LSTL_RPM000223										Permissive	Qualification	https://explore.overturemaps.org/#id=58e04ebe-4083-4e50-ac5e-0cc4aaccb6ea	Public Overture website; no usable Overture email. First-party public contact crawl required; no inference.				overture:58e04ebe-4083-4e50-ac5e-0cc4aaccb6ea	rpmexpand.com	9712294555	real property management expand	Portland	USA	PERMISSIVE	domain:rpmexpand.com
	A	91	Vancouver	USA	Real Property Management Authority		property_management	302 W 39th St Ste A	(360) 836-8478								overture:d47013dc-c3ed-44a7-81a9-34d59ae0517e	2026-08-15T22:02:48.483993Z		Canonical queue drain | fit A | GitHub MASTER dedupe passed	http://www.rpmauthority.com										Permissive	Qualification	https://explore.overturemaps.org/#id=d47013dc-c3ed-44a7-81a9-34d59ae0517e	Public Overture website; no usable Overture email. First-party public contact crawl required; no inference.				overture:d47013dc-c3ed-44a7-81a9-34d59ae0517e	rpmauthority.com	3608368478	real property management authority	Vancouver	USA	PERMISSIVE	domain:rpmauthority.com
	A	91	Hillsboro	USA	RoseCity Property Management Services		property_management	125 S 1st Ave 3732	9712452125								overture:b92996ad-25b5-494b-91b7-22619106ab9c	2026-08-15T22:02:48.483993Z		Canonical queue drain | fit A | GitHub MASTER dedupe passed	http://www.rosecitypm.com/										Permissive	Qualification	https://explore.overturemaps.org/#id=b92996ad-25b5-494b-91b7-22619106ab9c	Public Overture website; no usable Overture email. First-party public contact crawl required; no inference.				overture:b92996ad-25b5-494b-91b7-22619106ab9c	rosecitypm.com	9712452125	rosecity property management services	Hillsboro	USA	PERMISSIVE	domain:rosecitypm.com
	A	91	Seattle	USA	RBI Property Management		property_management	1424 11th Ave Ste 400	2067557858								overture:bbb12ba6-a5dd-4ef9-8095-77a96a026e79	2026-08-15T22:02:48.483993Z		Canonical queue drain | fit A | GitHub MASTER dedupe passed	http://rbipropertymanagement.com/										Permissive	Qualification	https://explore.overturemaps.org/#id=bbb12ba6-a5dd-4ef9-8095-77a96a026e79	Public Overture website; no usable Overture email. First-party public contact crawl required; no inference.				overture:bbb12ba6-a5dd-4ef9-8095-77a96a026e79	rbipropertymanagement.com	2067557858	rbi property management	Seattle	USA	PERMISSIVE	domain:rbipropertymanagement.com
	A	91	Seattle	USA	Prospector Property Management		property_management	3201 1st Ave S Ste 214	2065086366								overture:a69fcb20-69de-4959-a168-367d9b0c9d43	2026-08-15T22:02:48.483993Z		Canonical queue drain | fit A | GitHub MASTER dedupe passed	http://prospectorre.com/										Permissive	Qualification	https://explore.overturemaps.org/#id=a69fcb20-69de-4959-a168-367d9b0c9d43	Public Overture website; no usable Overture email. First-party public contact crawl required; no inference.				overture:a69fcb20-69de-4959-a168-367d9b0c9d43	prospectorre.com	2065086366	prospector property management	Seattle	USA	PERMISSIVE	domain:prospectorre.com
	A	91	Edmonds	USA	Edmonds Property Management		property_management	51 W Dayton St Ste 208	(425) 744-1288								overture:5c3935ac-8d3c-4c3f-a9a5-58b7621db314	2026-08-15T22:02:48.483993Z		Canonical queue drain | fit A | GitHub MASTER dedupe passed	http://www.propertymanagementedmonds.com										High	Verified	https://explore.overturemaps.org/#id=5c3935ac-8d3c-4c3f-a9a5-58b7621db314	Public Overture website; no usable Overture email. First-party public contact crawl required; no inference.				overture:5c3935ac-8d3c-4c3f-a9a5-58b7621db314	propertymanagementedmonds.com	4257441288	edmonds property management	Edmonds	USA	HIGH	domain:propertymanagementedmonds.com
	A	91	Puyallup	USA	Property Management Group LLC		property_management	12815 Canyon Rd E Ste H	2532785800								overture:03df1efe-3795-4dbb-94eb-060d4a8a46f0	2026-08-15T22:02:48.483993Z		Canonical queue drain | fit A | GitHub MASTER dedupe passed	http://www.pmgrentalinfo.com/										Permissive	Qualification	https://explore.overturemaps.org/#id=03df1efe-3795-4dbb-94eb-060d4a8a46f0	Public Overture website; no usable Overture email. First-party public contact crawl required; no inference.				overture:03df1efe-3795-4dbb-94eb-060d4a8a46f0	pmgrentalinfo.com	2532785800	property management group llc	Puyallup	USA	PERMISSIVE	domain:pmgrentalinfo.com
	A	91	Portland	USA	Peterkort Property Management		property_management	9755 SW Barnes Rd	+15035465632								overture:407c4cd3-45c0-46f0-9444-88e71a60b6e2	2026-08-15T22:02:48.483993Z		Canonical queue drain | fit A | GitHub MASTER dedupe passed	http://www.peterkort.com										Permissive	Qualification	https://explore.overturemaps.org/#id=407c4cd3-45c0-46f0-9444-88e71a60b6e2	Public Overture website; no usable Overture email. First-party public contact crawl required; no inference.				overture:407c4cd3-45c0-46f0-9444-88e71a60b6e2	peterkort.com	15035465632	peterkort property management	Portland	USA	PERMISSIVE	domain:peterkort.com
	A	91	Ocean Shores	USA	At The Beach Rentals		holiday_rental_home	881 Point Brown Ave NE	+13602894297								overture:e9d91646-e4b6-4430-9e1b-6890f35b8d56	2026-08-15T22:02:48.483993Z		Canonical queue drain | fit A | GitHub MASTER dedupe passed	http://oceanshoreswa.com/										High	Verified	https://explore.overturemaps.org/#id=e9d91646-e4b6-4430-9e1b-6890f35b8d56	Public Overture website; no usable Overture email. First-party public contact crawl required; no inference.				overture:e9d91646-e4b6-4430-9e1b-6890f35b8d56	oceanshoreswa.com	13602894297	at the beach rentals	Ocean Shores	USA	HIGH	domain:oceanshoreswa.com
	A	91	Edmonds	USA	Miller Laine Property Management		property_management	100 2nd Ave S Ste 200	4252505559								overture:317ea5a3-ee3b-4f2b-939e-33f61b1d81a4	2026-08-15T22:02:48.483993Z		Canonical queue drain | fit A | GitHub MASTER dedupe passed	http://www.millerlainepm.com/										Permissive	Qualification	https://explore.overturemaps.org/#id=317ea5a3-ee3b-4f2b-939e-33f61b1d81a4	Public Overture website; no usable Overture email. First-party public contact crawl required; no inference.				overture:317ea5a3-ee3b-4f2b-939e-33f61b1d81a4	millerlainepm.com	4252505559	miller laine property management	Edmonds	USA	PERMISSIVE	domain:millerlainepm.com
	A	91	Mountain Home	USA	Anchor B Property Management		property_management	1410 American Legion Blvd	+12085901391								overture:12e36e9c-49f8-4b76-86d6-5afe71b3e000	2026-08-15T22:02:48.483993Z		Canonical queue drain | fit A | GitHub MASTER dedupe passed	https://klee4re.com										Permissive	Qualification	https://explore.overturemaps.org/#id=12e36e9c-49f8-4b76-86d6-5afe71b3e000	Public Overture website; no usable Overture email. First-party public contact crawl required; no inference.				overture:12e36e9c-49f8-4b76-86d6-5afe71b3e000	klee4re.com	12085901391	anchor b property management	Mountain Home	USA	PERMISSIVE	domain:klee4re.com
	A	91	Monroe	USA	REMAX Legacy Property Management		real_estate_agent	1129 W Main St	+14257378676								overture:47d8c44e-d178-45a8-9c30-b01bd4ab332e	2026-08-15T22:02:48.483993Z		Canonical queue drain | fit A | GitHub MASTER dedupe passed	http://www.isellsnohomishcounty.com										Permissive	Qualification	https://explore.overturemaps.org/#id=47d8c44e-d178-45a8-9c30-b01bd4ab332e	Public Overture website; no usable Overture email. First-party public contact crawl required; no inference.				overture:47d8c44e-d178-45a8-9c30-b01bd4ab332e	isellsnohomishcounty.com	14257378676	remax legacy property management	Monroe	USA	PERMISSIVE	domain:isellsnohomishcounty.com
	A	91	Redmond	USA	Junwell Property Management Company		property_management	7345 164th Ave NE	+18772513888								overture:b0a12aa5-1244-4daf-99db-514fca8b1a9f	2026-08-15T22:02:48.483993Z		Canonical queue drain | fit A | GitHub MASTER dedupe passed	http://www.formpropertysolutions.com/										Permissive	Qualification	https://explore.overturemaps.org/#id=b0a12aa5-1244-4daf-99db-514fca8b1a9f	Public Overture website; no usable Overture email. First-party public contact crawl required; no inference.				overture:b0a12aa5-1244-4daf-99db-514fca8b1a9f	formpropertysolutions.com	18772513888	junwell property management company	Redmond	USA	PERMISSIVE	domain:formpropertysolutions.com
	A	91	Tacoma	USA	Encompass Property Management		property_management	223 N J St	3603405390								overture:c7c64c43-85aa-4627-828b-2bb62db06cc6	2026-08-15T22:02:48.483993Z		Canonical queue drain | fit A | GitHub MASTER dedupe passed	https://epmflats.com/										Permissive	Qualification	https://explore.overturemaps.org/#id=c7c64c43-85aa-4627-828b-2bb62db06cc6	Public Overture website; no usable Overture email. First-party public contact crawl required; no inference.				overture:c7c64c43-85aa-4627-828b-2bb62db06cc6	epmflats.com	3603405390	encompass property management	Tacoma	USA	PERMISSIVE	domain:epmflats.com
	A	91	Kirkland	USA	Coldwell Banker Bain - Property Management		property_management	550 Kirkland Way	+14256024150								overture:d8cff28a-30c3-4a51-baf0-a3d7f1112129	2026-08-15T22:02:48.483993Z		Canonical queue drain | fit A | GitHub MASTER dedupe passed	http://www.coldwellbankerbain.com/kirkland										Permissive	Qualification	https://explore.overturemaps.org/#id=d8cff28a-30c3-4a51-baf0-a3d7f1112129	Public Overture website; no usable Overture email. First-party public contact crawl required; no inference.				overture:d8cff28a-30c3-4a51-baf0-a3d7f1112129	coldwellbankerbain.com	14256024150	coldwell banker bain property management	Kirkland	USA	PERMISSIVE	domain:coldwellbankerbain.com
	A	91	Camano Island	USA	Camano Island Waterfront Vacation Rental		holiday_rental_home	1417 S Beach Dr	+13603870783								overture:6b4f76d2-18e2-46f4-94e3-6aca34f27ec5	2026-08-15T22:02:48.483993Z		Canonical queue drain | fit A | GitHub MASTER dedupe passed	http://www.camanocabin.com										Permissive	Qualification	https://explore.overturemaps.org/#id=6b4f76d2-18e2-46f4-94e3-6aca34f27ec5	Public Overture website; no usable Overture email. First-party public contact crawl required; no inference.				overture:6b4f76d2-18e2-46f4-94e3-6aca34f27ec5	camanocabin.com	13603870783	camano island waterfront vacation rental	Camano Island	USA	PERMISSIVE	domain:camanocabin.com
	A	91	Victoria	Canada	Bayside Haven Vacation Home		holiday_rental_home	1211 HWY-205	+19025954308								overture:7903a724-12da-443b-bf41-b1b921a061dd	2026-08-15T22:02:48.483993Z		Canonical queue drain | fit A | GitHub MASTER dedupe passed	http://www.baysidehaven.com/										Permissive	Qualification	https://explore.overturemaps.org/#id=7903a724-12da-443b-bf41-b1b921a061dd	Public Overture website; no usable Overture email. First-party public contact crawl required; no inference.				overture:7903a724-12da-443b-bf41-b1b921a061dd	baysidehaven.com	19025954308	bayside haven vacation home	Victoria	Canada	PERMISSIVE	domain:baysidehaven.com
	A	91	Seattle	USA	Apple Property Management		property_management	3050 15th Ave W	2069536890								overture:392e7a51-e5af-4062-90d5-fcfff7bee481	2026-08-15T22:02:48.483993Z		Canonical queue drain | fit A | GitHub MASTER dedupe passed	http://applepropertymanagement.com/										Medium	Recall-first	https://explore.overturemaps.org/#id=392e7a51-e5af-4062-90d5-fcfff7bee481	Public Overture website; no usable Overture email. First-party public contact crawl required; no inference.				overture:392e7a51-e5af-4062-90d5-fcfff7bee481	applepropertymanagement.com	2069536890	apple property management	Seattle	USA	MEDIUM	domain:applepropertymanagement.com
	A	91	Meridian	USA	All County® Treasure Valley Property Management		property_management	3597 Monarch Sky Lane Ste 240 ice #285	2082965700								overture:920b86d7-0bbc-44b4-9b17-294b55ccf310	2026-08-15T22:02:48.483993Z		Canonical queue drain | fit A | GitHub MASTER dedupe passed	http://allcountytv.com/										Permissive	Qualification	https://explore.overturemaps.org/#id=920b86d7-0bbc-44b4-9b17-294b55ccf310	Public Overture website; no usable Overture email. First-party public contact crawl required; no inference.				overture:920b86d7-0bbc-44b4-9b17-294b55ccf310	allcountytv.com	2082965700	all county treasure valley property management	Meridian	USA	PERMISSIVE	domain:allcountytv.com
	A	91	Kodiak	USA	Puffin Place Vacation Rental		holiday_rental_home	3641 Puffin Dr	+19072062298								overture:830cdb0b-9742-4493-9ee0-a514077723c6	2026-08-15T21:55:14.084160Z		Canonical queue drain | fit A | GitHub MASTER dedupe passed	http://www.KodiakAlaskaVacationRental.com/										High	Verified	https://explore.overturemaps.org/#id=830cdb0b-9742-4493-9ee0-a514077723c6	Public Overture website; no usable Overture email. First-party public contact crawl required; no inference.				overture:830cdb0b-9742-4493-9ee0-a514077723c6	kodiakalaskavacationrental.com	19072062298	puffin place vacation rental	Kodiak	USA	HIGH	domain:kodiakalaskavacationrental.com
	A	91	Toronto	Canada	Wilston Property Management Inc.		property_management	718 Wilson Ave, Suite 500 B	4166334724								overture:874eb301-c7b3-4fb9-a3e8-50b1154fa0e0	2026-08-15T21:54:08.063683Z		Canonical queue drain | fit A | GitHub MASTER dedupe passed	http://wilstonpropertymanagement.ca/										Permissive	Qualification	https://explore.overturemaps.org/#id=874eb301-c7b3-4fb9-a3e8-50b1154fa0e0	Public Overture website; no usable Overture email. First-party public contact crawl required; no inference.				overture:874eb301-c7b3-4fb9-a3e8-50b1154fa0e0	wilstonpropertymanagement.ca	4166334724	wilston property management inc	Toronto	Canada	PERMISSIVE	domain:wilstonpropertymanagement.ca
	A	91	Taberg	USA	Wellnesste Lodge and Cabin Rentals		hotel	9340 Coal Hill Rd	(315) 336-5771								overture:061d3f7d-22c8-4f5f-a940-bd7a32d34cb8	2026-08-15T21:54:08.063683Z		Canonical queue drain | fit A | GitHub MASTER dedupe passed	http://www.wellnesste.com										Permissive	Qualification	https://explore.overturemaps.org/#id=061d3f7d-22c8-4f5f-a940-bd7a32d34cb8	Public Overture website; no usable Overture email. First-party public contact crawl required; no inference.				overture:061d3f7d-22c8-4f5f-a940-bd7a32d34cb8	wellnesste.com	3153365771	wellnesste lodge and cabin rentals	Taberg	USA	PERMISSIVE	domain:wellnesste.com
	A	91	York	USA	Inch & Co. Property Management		landscaping	2950 Lewisberry Rd	7178481579								overture:c6bd059e-9be6-4ec8-874e-8408ffe44512	2026-08-15T21:54:08.063683Z		Canonical queue drain | fit A | GitHub MASTER dedupe passed	http://www.weareipm.com/										Permissive	Qualification	https://explore.overturemaps.org/#id=c6bd059e-9be6-4ec8-874e-8408ffe44512	Public Overture website; no usable Overture email. First-party public contact crawl required; no inference.				overture:c6bd059e-9be6-4ec8-874e-8408ffe44512	weareipm.com	7178481579	inch co property management	York	USA	PERMISSIVE	domain:weareipm.com
	A	91	Binghamton	USA	Vista Property Management		property_management	2 Hawley St	+16077224469								overture:0c687ae6-c8b9-4afc-9dbb-4eba2ab32b5a	2026-08-15T21:54:08.063683Z		Canonical queue drain | fit A | GitHub MASTER dedupe passed	http://www.vistapropertymanagement.com/										High	Verified	https://explore.overturemaps.org/#id=0c687ae6-c8b9-4afc-9dbb-4eba2ab32b5a	Public Overture website; no usable Overture email. First-party public contact crawl required; no inference.				overture:0c687ae6-c8b9-4afc-9dbb-4eba2ab32b5a	vistapropertymanagement.com	16077224469	vista property management	Binghamton	USA	HIGH	domain:vistapropertymanagement.com
	A	91	Niagara Falls	USA	Life Is Good Vacation Rental		hotel	759 4th St	(716) 930-0107								overture:69a0a969-7a76-4651-8634-313934387e3f	2026-08-15T21:54:08.063683Z		Canonical queue drain | fit A | GitHub MASTER dedupe passed	http://www.vacationhomesniagarafalls.com										High	Verified	https://explore.overturemaps.org/#id=69a0a969-7a76-4651-8634-313934387e3f	Public Overture website; no usable Overture email. First-party public contact crawl required; no inference.				overture:69a0a969-7a76-4651-8634-313934387e3f	vacationhomesniagarafalls.com	7169300107	life is good vacation rental	Niagara Falls	USA	HIGH	domain:vacationhomesniagarafalls.com
	A	91	Belleville	Canada	Sentinel Property Management		property_management	247 John St	(613) 966-9079								overture:019bcbd3-f624-475d-a7c1-82c98b2ea501	2026-08-15T21:54:08.063683Z		Canonical queue drain | fit A | GitHub MASTER dedupe passed	http://www.utahsentinelgroup.com										Permissive	Qualification	https://explore.overturemaps.org/#id=019bcbd3-f624-475d-a7c1-82c98b2ea501	Public Overture website; no usable Overture email. First-party public contact crawl required; no inference.				overture:019bcbd3-f624-475d-a7c1-82c98b2ea501	utahsentinelgroup.com	6139669079	sentinel property management	Belleville	Canada	PERMISSIVE	domain:utahsentinelgroup.com
	A	91	Bushkill	USA	The Villas at Tree Tops		resort	River Rd	(570) 588-9500								overture:a209cd34-bbf0-4eaf-af88-90d863d6e10b	2026-08-15T21:54:08.063683Z		Canonical queue drain | fit A | GitHub MASTER dedupe passed	http://treetopsfairwayvillas.com										Permissive	Qualification	https://explore.overturemaps.org/#id=a209cd34-bbf0-4eaf-af88-90d863d6e10b	Public Overture website; no usable Overture email. First-party public contact crawl required; no inference.				overture:a209cd34-bbf0-4eaf-af88-90d863d6e10b	treetopsfairwayvillas.com	5705889500	the villas at tree tops	Bushkill	USA	PERMISSIVE	domain:treetopsfairwayvillas.com
	A	91	Maple	Canada	Simerra Property Management		property_management	9519 Keele St	(905) 417-6853								overture:1b51a9af-e6ff-4c73-86b7-629638e916b8	2026-08-15T21:54:08.063683Z		Canonical queue drain | fit A | GitHub MASTER dedupe passed	http://simerra.com										Permissive	Qualification	https://explore.overturemaps.org/#id=1b51a9af-e6ff-4c73-86b7-629638e916b8	Public Overture website; no usable Overture email. First-party public contact crawl required; no inference.				overture:1b51a9af-e6ff-4c73-86b7-629638e916b8	simerra.com	9054176853	simerra property management	Maple	Canada	PERMISSIVE	domain:simerra.com
	A	91	North York	Canada	Sayland Property Management		property_management	220 Duncan Mill Rd # 616	(416) 445-4500								overture:96445e43-f2ac-4240-8794-2da22ae610da	2026-08-15T21:54:08.063683Z		Canonical queue drain | fit A | GitHub MASTER dedupe passed	http://www.sayland.com										Permissive	Qualification	https://explore.overturemaps.org/#id=96445e43-f2ac-4240-8794-2da22ae610da	Public Overture website; no usable Overture email. First-party public contact crawl required; no inference.				overture:96445e43-f2ac-4240-8794-2da22ae610da	sayland.com	4164454500	sayland property management	North York	Canada	PERMISSIVE	domain:sayland.com
	A	91	Hamilton	Canada	Professional Property Management Inc		real_estate_agent	1570 King St E	(905) 547-3849								overture:ce976b04-a050-4e62-bee6-e07d5621d6f7	2026-08-15T21:54:08.063683Z		Canonical queue drain | fit A | GitHub MASTER dedupe passed	http://professionalpropertymanagementinc.com										Permissive	Qualification	https://explore.overturemaps.org/#id=ce976b04-a050-4e62-bee6-e07d5621d6f7	Public Overture website; no usable Overture email. First-party public contact crawl required; no inference.				overture:ce976b04-a050-4e62-bee6-e07d5621d6f7	professionalpropertymanagementinc.com	9055473849	professional property management inc	Hamilton	Canada	PERMISSIVE	domain:professionalpropertymanagementinc.com
	A	91	Susquehanna Twp	USA	Pristine Property Management		property_management	2400 Park Dr	+18332976021								overture:a8ffc6b3-5eb3-4842-88c1-5cd86250a9c2	2026-08-15T21:54:08.063683Z		Canonical queue drain | fit A | GitHub MASTER dedupe passed	http://pristine-property.com/										Permissive	Qualification	https://explore.overturemaps.org/#id=a8ffc6b3-5eb3-4842-88c1-5cd86250a9c2	Public Overture website; no usable Overture email. First-party public contact crawl required; no inference.				overture:a8ffc6b3-5eb3-4842-88c1-5cd86250a9c2	pristine-property.com	18332976021	pristine property management	Susquehanna Twp	USA	PERMISSIVE	domain:pristine-property.com
	A	91	Hamilton	Canada	Premium Plus Real Property Management		property_management	762 Upper James St # 210	(289) 239-7172								overture:204c7adf-21fd-4e5a-8d79-a8abf879c682	2026-08-15T21:54:08.063683Z		Canonical queue drain | fit A | GitHub MASTER dedupe passed	http://premiumplusinvestments.ca										Permissive	Qualification	https://explore.overturemaps.org/#id=204c7adf-21fd-4e5a-8d79-a8abf879c682	Public Overture website; no usable Overture email. First-party public contact crawl required; no inference.				overture:204c7adf-21fd-4e5a-8d79-a8abf879c682	premiumplusinvestments.ca	2892397172	premium plus real property management	Hamilton	Canada	PERMISSIVE	domain:premiumplusinvestments.ca
	A	91	Philadelphia	USA	Property Management International Greater Philadelphia		property_management	3600 Welsh Rd	+12159953093								overture:a6b9be9d-c44e-4a1d-86d9-e83e8d781d79	2026-08-15T21:54:08.063683Z		Canonical queue drain | fit A | GitHub MASTER dedupe passed	https://www.philadelphiapropertymanagementitnl.com/										Medium	Recall-first	https://explore.overturemaps.org/#id=a6b9be9d-c44e-4a1d-86d9-e83e8d781d79	Public Overture website; no usable Overture email. First-party public contact crawl required; no inference.				overture:a6b9be9d-c44e-4a1d-86d9-e83e8d781d79	philadelphiapropertymanagementitnl.com	12159953093	property management international greater philadelphia	Philadelphia	USA	MEDIUM	domain:philadelphiapropertymanagementitnl.com
	A	91	Markham	Canada	Pal Max Property Management Inc		herb_and_spice_store	3950 14th Ave Suite 403	(905) 944-8989								overture:dfa13bbd-bcb7-491b-949e-a48fe5ad3101	2026-08-15T21:54:08.063683Z		Canonical queue drain | fit A | GitHub MASTER dedupe passed	http://www.pal-max.com										Permissive	Qualification	https://explore.overturemaps.org/#id=dfa13bbd-bcb7-491b-949e-a48fe5ad3101	Public Overture website; no usable Overture email. First-party public contact crawl required; no inference.				overture:dfa13bbd-bcb7-491b-949e-a48fe5ad3101	pal-max.com	9059448989	pal max property management inc	Markham	Canada	PERMISSIVE	domain:pal-max.com
	A	91	Tunkhannock	USA	OBX Property Management, LLC.		property_management	27 Aldovin Rd	+15708368050								overture:7291529e-d454-45f5-b98c-d8e038b8cb62	2026-08-15T21:54:08.063683Z		Canonical queue drain | fit A | GitHub MASTER dedupe passed	http://www.obxpropertymanagement.com/										Permissive	Qualification	https://explore.overturemaps.org/#id=7291529e-d454-45f5-b98c-d8e038b8cb62	Public Overture website; no usable Overture email. First-party public contact crawl required; no inference.				overture:7291529e-d454-45f5-b98c-d8e038b8cb62	obxpropertymanagement.com	15708368050	obx property management llc	Tunkhannock	USA	PERMISSIVE	domain:obxpropertymanagement.com
	A	91	Edwards	USA	Rus-tic :appropriate for the country cabin rentals		cabin	784 River Rd	+13025408258								overture:07f8e685-47d2-4608-a16b-b5a3ea25fa49	2026-08-15T21:54:08.063683Z		Canonical queue drain | fit A | GitHub MASTER dedupe passed	http://nyfamilycabins.com/										High	Verified	https://explore.overturemaps.org/#id=07f8e685-47d2-4608-a16b-b5a3ea25fa49	Public Overture website; no usable Overture email. First-party public contact crawl required; no inference.				overture:07f8e685-47d2-4608-a16b-b5a3ea25fa49	nyfamilycabins.com	13025408258	rus tic appropriate for the country cabin rentals	Edwards	USA	HIGH	domain:nyfamilycabins.com
	A	91	Scarborough	Canada	Kins Property Management		property_management	2671 Markham Rd B201	(416) 754-2658								overture:8e5cf885-c7bb-405e-a178-e70ffb59c861	2026-08-15T21:54:08.063683Z		Canonical queue drain | fit A | GitHub MASTER dedupe passed	http://kinsmanagement.com										Permissive	Qualification	https://explore.overturemaps.org/#id=8e5cf885-c7bb-405e-a178-e70ffb59c861	Public Overture website; no usable Overture email. First-party public contact crawl required; no inference.				overture:8e5cf885-c7bb-405e-a178-e70ffb59c861	kinsmanagement.com	4167542658	kins property management	Scarborough	Canada	PERMISSIVE	domain:kinsmanagement.com
	A	91	Kingston	Canada	Touchstone Property Management		property_management	276 Kingsdale Ave	+16135313456								overture:a95deba2-20c7-45ce-9aeb-be4d06b578cc	2026-08-15T21:54:08.063683Z		Canonical queue drain | fit A | GitHub MASTER dedupe passed	http://www.kingstonrental.ca										Permissive	Qualification	https://explore.overturemaps.org/#id=a95deba2-20c7-45ce-9aeb-be4d06b578cc	Public Overture website; no usable Overture email. First-party public contact crawl required; no inference.				overture:a95deba2-20c7-45ce-9aeb-be4d06b578cc	kingstonrental.ca	16135313456	touchstone property management	Kingston	Canada	PERMISSIVE	domain:kingstonrental.ca
	A	91	Toronto	Canada	MLS Group Property Management		professional_service	48A Cawthra Ave	(437) 448-7145								overture:dacbf8b9-b11d-48b5-971d-fdc97f013265	2026-08-15T21:54:08.063683Z		Canonical queue drain | fit A | GitHub MASTER dedupe passed	http://keynestcanada.com										Permissive	Qualification	https://explore.overturemaps.org/#id=dacbf8b9-b11d-48b5-971d-fdc97f013265	Public Overture website; no usable Overture email. First-party public contact crawl required; no inference.				overture:dacbf8b9-b11d-48b5-971d-fdc97f013265	keynestcanada.com	4374487145	mls group property management	Toronto	Canada	PERMISSIVE	domain:keynestcanada.com
	A	91	Albany Twp	USA	Kinder Hawk Schoolhouse Vacation Rental		holiday_rental_home	1093 Hawk Mountain Rd	+16107566571								overture:c791fcd2-4bb3-4e85-a83b-90045c3d957c	2026-08-15T21:54:08.063683Z		Canonical queue drain | fit A | GitHub MASTER dedupe passed	http://www.kemptonvacationrentals.com/										Permissive	Qualification	https://explore.overturemaps.org/#id=c791fcd2-4bb3-4e85-a83b-90045c3d957c	Public Overture website; no usable Overture email. First-party public contact crawl required; no inference.				overture:c791fcd2-4bb3-4e85-a83b-90045c3d957c	kemptonvacationrentals.com	16107566571	kinder hawk schoolhouse vacation rental	Albany Twp	USA	PERMISSIVE	domain:kemptonvacationrentals.com
	A	91	Binghamton	USA	JJB Property Management		property_management	34 Leroy St	+16073043355								overture:99a2820c-1c66-450c-ae54-cead62f1c278	2026-08-15T21:54:08.063683Z		Canonical queue drain | fit A | GitHub MASTER dedupe passed	http://www.JJBPM.com/										Permissive	Qualification	https://explore.overturemaps.org/#id=99a2820c-1c66-450c-ae54-cead62f1c278	Public Overture website; no usable Overture email. First-party public contact crawl required; no inference.				overture:99a2820c-1c66-450c-ae54-cead62f1c278	jjbpm.com	16073043355	jjb property management	Binghamton	USA	PERMISSIVE	domain:jjbpm.com
	A	91	Doylestown	USA	JCM Property Management		property_management	30 S Main St	+12153483558								overture:d4dce159-2d0d-4773-be91-b92886097509	2026-08-15T21:54:08.063683Z		Canonical queue drain | fit A | GitHub MASTER dedupe passed	http://www.jcmpropertymanagement.com/										Permissive	Qualification	https://explore.overturemaps.org/#id=d4dce159-2d0d-4773-be91-b92886097509	Public Overture website; no usable Overture email. First-party public contact crawl required; no inference.				overture:d4dce159-2d0d-4773-be91-b92886097509	jcmpropertymanagement.com	12153483558	jcm property management	Doylestown	USA	PERMISSIVE	domain:jcmpropertymanagement.com
	A	91	York	USA	Inch and Co Property Management		property_management	2950 Lewisberry Rd	+17178481579								overture:dbdaab05-4821-4ef6-90fd-d9d92ce6aaee	2026-08-15T21:54:08.063683Z		Canonical queue drain | fit A | GitHub MASTER dedupe passed	http://www.inchpropertymanagement.com/										Medium	Recall-first	https://explore.overturemaps.org/#id=dbdaab05-4821-4ef6-90fd-d9d92ce6aaee	Public Overture website; no usable Overture email. First-party public contact crawl required; no inference.				overture:dbdaab05-4821-4ef6-90fd-d9d92ce6aaee	inchpropertymanagement.com	17178481579	inch and co property management	York	USA	MEDIUM	domain:inchpropertymanagement.com
	A	91	Toronto	Canada	Glanelm Property Management		property_management	986 St Clair Ave W	+14169751127								overture:e33e3d21-ae56-4979-99ce-b2751485dc5a	2026-08-15T21:54:08.063683Z		Canonical queue drain | fit A | GitHub MASTER dedupe passed	http://www.glanelm.com/										Permissive	Qualification	https://explore.overturemaps.org/#id=e33e3d21-ae56-4979-99ce-b2751485dc5a	Public Overture website; no usable Overture email. First-party public contact crawl required; no inference.				overture:e33e3d21-ae56-4979-99ce-b2751485dc5a	glanelm.com	14169751127	glanelm property management	Toronto	Canada	PERMISSIVE	domain:glanelm.com
	A	91	Williamsport	USA	Fish Property Management		property_management	1000 Washington Blvd	+15706519696								overture:8c62426a-bea7-4802-9700-1342b35971ca	2026-08-15T21:54:08.063683Z		Canonical queue drain | fit A | GitHub MASTER dedupe passed	http://www.fishpm.com										Permissive	Qualification	https://explore.overturemaps.org/#id=8c62426a-bea7-4802-9700-1342b35971ca	Public Overture website; no usable Overture email. First-party public contact crawl required; no inference.				overture:8c62426a-bea7-4802-9700-1342b35971ca	fishpm.com	15706519696	fish property management	Williamsport	USA	PERMISSIVE	domain:fishpm.com
	A	91	Fountain Hill	USA	Equinox Property Management		property_management	728 Delaware Ave	+16108662700								overture:3236e7dc-4399-43d8-a5d0-6aa294655770	2026-08-15T21:54:08.063683Z		Canonical queue drain | fit A | GitHub MASTER dedupe passed	http://www.equinoxmanagement.com										Medium	Recall-first	https://explore.overturemaps.org/#id=3236e7dc-4399-43d8-a5d0-6aa294655770	Public Overture website; no usable Overture email. First-party public contact crawl required; no inference.				overture:3236e7dc-4399-43d8-a5d0-6aa294655770	equinoxmanagement.com	16108662700	equinox property management	Fountain Hill	USA	MEDIUM	domain:equinoxmanagement.com
	A	91	Doylestown	USA	Keyrenter BuxMont Property Management		property_management	87 N Broad St	+12674055500								overture:a481009c-22d0-46cd-8104-345c4ee5cabe	2026-08-15T21:54:08.063683Z		Canonical queue drain | fit A | GitHub MASTER dedupe passed	https://secure.e2rm.com/registrant/TeamFundraisingPage.aspx?teamID=1042352										Permissive	Qualification	https://explore.overturemaps.org/#id=a481009c-22d0-46cd-8104-345c4ee5cabe	Public Overture website; no usable Overture email. First-party public contact crawl required; no inference.				overture:a481009c-22d0-46cd-8104-345c4ee5cabe	e2rm.com	12674055500	keyrenter buxmont property management	Doylestown	USA	PERMISSIVE	domain:e2rm.com
	A	91	Crystal Beach	Canada	Crystal Beach Holiday Home: Clean & Affordable		cabin	326 Lincoln Rd W	4167064230								overture:7b65d295-d5d8-4ee5-88aa-d6938119428a	2026-08-15T21:54:08.063683Z		Canonical queue drain | fit A | GitHub MASTER dedupe passed	http://www.crystalbeachontario.com/										Permissive	Qualification	https://explore.overturemaps.org/#id=7b65d295-d5d8-4ee5-88aa-d6938119428a	Public Overture website; no usable Overture email. First-party public contact crawl required; no inference.				overture:7b65d295-d5d8-4ee5-88aa-d6938119428a	crystalbeachontario.com	4167064230	crystal beach holiday home clean affordable	Crystal Beach	Canada	PERMISSIVE	domain:crystalbeachontario.com
	A	91	St Catharines	Canada	Chown Property Management Inc		property_management	13 Raymond St	(905) 685-9868								overture:19872403-cb1f-4cd5-8e6a-da04ffeca44b	2026-08-15T21:54:08.063683Z		Canonical queue drain | fit A | GitHub MASTER dedupe passed	http://chownmanagement.ca										Permissive	Qualification	https://explore.overturemaps.org/#id=19872403-cb1f-4cd5-8e6a-da04ffeca44b	Public Overture website; no usable Overture email. First-party public contact crawl required; no inference.				overture:19872403-cb1f-4cd5-8e6a-da04ffeca44b	chownmanagement.ca	9056859868	chown property management inc	St Catharines	Canada	PERMISSIVE	domain:chownmanagement.ca
	A	91	Kawartha Lakes	Canada	Bell Vacation Rentals		holiday_rental_home	Wychwood Cres	+19054240789								overture:a298e2e6-1bf4-4dfa-a226-4ec265be2184	2026-08-15T21:54:08.063683Z		Canonical queue drain | fit A | GitHub MASTER dedupe passed	http://www.bellvacationrentals.com/										High	Verified	https://explore.overturemaps.org/#id=a298e2e6-1bf4-4dfa-a226-4ec265be2184	Public Overture website; no usable Overture email. First-party public contact crawl required; no inference.				overture:a298e2e6-1bf4-4dfa-a226-4ec265be2184	bellvacationrentals.com	19054240789	bell vacation rentals	Kawartha Lakes	Canada	HIGH	domain:bellvacationrentals.com
	A	91	Ottawa	Canada	Vibe Property Management & Services		property_management	185 Hopewell Ave	6139835404								overture:bb1ca813-1452-4074-903f-f5f114af53a7	2026-08-15T21:45:27.786289Z		Canonical queue drain | fit A | GitHub MASTER dedupe passed	http://www.vibeproperties.ca/										Permissive	Qualification	https://explore.overturemaps.org/#id=bb1ca813-1452-4074-903f-f5f114af53a7	Public Overture website; no usable Overture email. First-party public contact crawl required; no inference.				overture:bb1ca813-1452-4074-903f-f5f114af53a7	vibeproperties.ca	6139835404	vibe property management services	Ottawa	Canada	PERMISSIVE	domain:vibeproperties.ca
	A	91	Minneapolis	USA	Twin Cities Home Rental Property Management			2751 Hennepin Ave Ste 46	6122086985								overture:868709a4-62d1-411d-83ef-843b27387265	2026-08-15T21:45:27.786289Z		Canonical queue drain | fit A | GitHub MASTER dedupe passed	http://www.twincitieshomerental.com/										Permissive	Qualification	https://explore.overturemaps.org/#id=868709a4-62d1-411d-83ef-843b27387265	Public Overture website; no usable Overture email. First-party public contact crawl required; no inference.				overture:868709a4-62d1-411d-83ef-843b27387265	twincitieshomerental.com	6122086985	twin cities home rental property management	Minneapolis	USA	PERMISSIVE	domain:twincitieshomerental.com
	A	91	Ottawa	Canada	Premiere Property Management Associates		property_management	2049 Meadowbrook Rd	+16132363902								overture:55326da1-03ab-40c4-a06c-a219bd839e97	2026-08-15T21:45:27.786289Z		Canonical queue drain | fit A | GitHub MASTER dedupe passed	https://ppma.ca/										Medium	Recall-first	https://explore.overturemaps.org/#id=55326da1-03ab-40c4-a06c-a219bd839e97	Public Overture website; no usable Overture email. First-party public contact crawl required; no inference.				overture:55326da1-03ab-40c4-a06c-a219bd839e97	ppma.ca	16132363902	premiere property management associates	Ottawa	Canada	MEDIUM	domain:ppma.ca
	A	91	Gravenhurst	Canada	Muskoka Property Management Home & Cottage		property_management	1026 Pineneedle Point Rd	(705) 687-0785								overture:3fcc3a44-4455-419e-bfa1-97f00a8401b8	2026-08-15T21:45:27.786289Z		Canonical queue drain | fit A | GitHub MASTER dedupe passed	http://muskoka.biz										Permissive	Qualification	https://explore.overturemaps.org/#id=3fcc3a44-4455-419e-bfa1-97f00a8401b8	Public Overture website; no usable Overture email. First-party public contact crawl required; no inference.				overture:3fcc3a44-4455-419e-bfa1-97f00a8401b8	muskoka.biz	7056870785	muskoka property management home cottage	Gravenhurst	Canada	PERMISSIVE	domain:muskoka.biz
	A	91	Ames	USA	Jensen Property Management		property_management	4611 Mortensen Rd	+15152332752								overture:3cd27ad7-0cb4-4c5b-a4a9-267f30fa6ed6	2026-08-15T21:45:27.786289Z		Canonical queue drain | fit A | GitHub MASTER dedupe passed	http://jensengroupiowa.net/										Permissive	Qualification	https://explore.overturemaps.org/#id=3cd27ad7-0cb4-4c5b-a4a9-267f30fa6ed6	Public Overture website; no usable Overture email. First-party public contact crawl required; no inference.				overture:3cd27ad7-0cb4-4c5b-a4a9-267f30fa6ed6	jensengroupiowa.net	15152332752	jensen property management	Ames	USA	PERMISSIVE	domain:jensengroupiowa.net
	A	91	Ottawa	Canada	Capital Integral Property Management		property_management	904 Lady Ellen Pl	6137221232								overture:ac0f5a43-07ca-49d2-9799-fefdc92263b8	2026-08-15T21:45:27.786289Z		Canonical queue drain | fit A | GitHub MASTER dedupe passed	https://www.cimanagement.ca/										Permissive	Qualification	https://explore.overturemaps.org/#id=ac0f5a43-07ca-49d2-9799-fefdc92263b8	Public Overture website; no usable Overture email. First-party public contact crawl required; no inference.				overture:ac0f5a43-07ca-49d2-9799-fefdc92263b8	cimanagement.ca	6137221232	capital integral property management	Ottawa	Canada	PERMISSIVE	domain:cimanagement.ca
	A	91	Ottawa	Canada	Atmore Property Management			317 Catherine Street	6132626377								overture:733b283a-d1f0-4c3f-876a-dbf30fa5eeda	2026-08-15T21:45:27.786289Z		Canonical queue drain | fit A | GitHub MASTER dedupe passed	https://www.atmore.ca/										Permissive	Qualification	https://explore.overturemaps.org/#id=733b283a-d1f0-4c3f-876a-dbf30fa5eeda	Public Overture website; no usable Overture email. First-party public contact crawl required; no inference.				overture:733b283a-d1f0-4c3f-876a-dbf30fa5eeda	atmore.ca	6132626377	atmore property management	Ottawa	Canada	PERMISSIVE	domain:atmore.ca
	A	91	Missoula	USA	Wilma Condo Vacation Rental		holiday_rental_home	131 S Higgins Ave	+14065309075								overture:aa740fbc-5ff7-4635-8291-cb12b999b96f	2026-08-15T21:36:07.460068Z		Canonical queue drain | fit A | GitHub MASTER dedupe passed	http://www.wilmacondo.com										Permissive	Qualification	https://explore.overturemaps.org/#id=aa740fbc-5ff7-4635-8291-cb12b999b96f	Public Overture website; no usable Overture email. First-party public contact crawl required; no inference.				overture:aa740fbc-5ff7-4635-8291-cb12b999b96f	wilmacondo.com	14065309075	wilma condo vacation rental	Missoula	USA	PERMISSIVE	domain:wilmacondo.com
	A	91	Missoula	USA	Summit Property Management		property_management	500 N Higgins Ave	+14065493929								overture:dfd404ed-8143-4597-8099-33a93eff2182	2026-08-15T21:36:07.460068Z		Canonical queue drain | fit A | GitHub MASTER dedupe passed	http://www.rentspm.com										Permissive	Qualification	https://explore.overturemaps.org/#id=dfd404ed-8143-4597-8099-33a93eff2182	Public Overture website; no usable Overture email. First-party public contact crawl required; no inference.				overture:dfd404ed-8143-4597-8099-33a93eff2182	rentspm.com	14065493929	summit property management	Missoula	USA	PERMISSIVE	domain:rentspm.com
	A	91	Bozeman	USA	Byrd Property Management		property_management	2245 W Koch St Ste B	4065872524								overture:1cb8b46f-3d17-4dfe-94ce-11966503417c	2026-08-15T21:36:07.460068Z		Canonical queue drain | fit A | GitHub MASTER dedupe passed	http://byrdrentals.com/										Permissive	Qualification	https://explore.overturemaps.org/#id=1cb8b46f-3d17-4dfe-94ce-11966503417c	Public Overture website; no usable Overture email. First-party public contact crawl required; no inference.				overture:1cb8b46f-3d17-4dfe-94ce-11966503417c	byrdrentals.com	4065872524	byrd property management	Bozeman	USA	PERMISSIVE	domain:byrdrentals.com
	A	91	Great Falls	USA	Big Sky Property Management		real_estate_service	Holiday Inn-Great Falls, 1100 5th St S	+14065193378								overture:23a08579-7a16-441e-aceb-1a9ed70e200e	2026-08-15T21:36:07.460068Z		Canonical queue drain | fit A | GitHub MASTER dedupe passed	http://www.bigskypropertymgmt.com/										Permissive	Qualification	https://explore.overturemaps.org/#id=23a08579-7a16-441e-aceb-1a9ed70e200e	Public Overture website; no usable Overture email. First-party public contact crawl required; no inference.				overture:23a08579-7a16-441e-aceb-1a9ed70e200e	bigskypropertymgmt.com	14065193378	big sky property management	Great Falls	USA	PERMISSIVE	domain:bigskypropertymgmt.com
	A	91	Spokane	USA	HomeRiver Group Spokane Property Management		property_management	1330 N Washington St	+15094659052								overture:9a95d507-7d21-4a98-b75f-1e2c53e219e9	2026-08-15T21:33:52.707510Z		Canonical queue drain | fit A | GitHub MASTER dedupe passed	https://www.spokane-propertymanagement.com/										Permissive	Qualification	https://explore.overturemaps.org/#id=9a95d507-7d21-4a98-b75f-1e2c53e219e9	Public Overture website; no usable Overture email. First-party public contact crawl required; no inference.				overture:9a95d507-7d21-4a98-b75f-1e2c53e219e9	spokane-propertymanagement.com	15094659052	homeriver group spokane property management	Spokane	USA	PERMISSIVE	domain:spokane-propertymanagement.com
	A	91	Spokane Valley	USA	Real Property Management Spokane County		real_estate_agent	213 N University Rd	(509) 999-1987								overture:b07683ad-db68-48ac-933d-82028004515e	2026-08-15T21:33:52.707510Z		Canonical queue drain | fit A | GitHub MASTER dedupe passed	https://www.rpmspokane.com										Permissive	Qualification	https://explore.overturemaps.org/#id=b07683ad-db68-48ac-933d-82028004515e	Public Overture website; no usable Overture email. First-party public contact crawl required; no inference.				overture:b07683ad-db68-48ac-933d-82028004515e	rpmspokane.com	5099991987	real property management spokane county	Spokane Valley	USA	PERMISSIVE	domain:rpmspokane.com
	A	91	Pendleton	USA	Bachmeier Property Management		property_management	301 SW 6th St	+15412151770								overture:0c1e13b7-eed2-4d37-8471-530eb26f58b7	2026-08-15T21:33:52.707510Z		Canonical queue drain | fit A | GitHub MASTER dedupe passed	http://Rent97801.com/										Permissive	Qualification	https://explore.overturemaps.org/#id=0c1e13b7-eed2-4d37-8471-530eb26f58b7	Public Overture website; no usable Overture email. First-party public contact crawl required; no inference.				overture:0c1e13b7-eed2-4d37-8471-530eb26f58b7	rent97801.com	15412151770	bachmeier property management	Pendleton	USA	PERMISSIVE	domain:rent97801.com
	A	91	Halifax	Canada	Port City Property Management Ltd		property_management	Russell St	(902) 483-2884								overture:32566eef-88cd-46cb-8b44-db29f401924b	2026-08-15T21:33:52.707510Z		Canonical queue drain | fit A | GitHub MASTER dedupe passed	http://www.portcity.ca										Permissive	Qualification	https://explore.overturemaps.org/#id=32566eef-88cd-46cb-8b44-db29f401924b	Public Overture website; no usable Overture email. First-party public contact crawl required; no inference.				overture:32566eef-88cd-46cb-8b44-db29f401924b	portcity.ca	9024832884	port city property management ltd	Halifax	Canada	PERMISSIVE	domain:portcity.ca
	A	91	Halifax	Canada	Page Property Management		apartment	7071 Bayers Rd Suite 4007	9024666686								overture:d0b69c4d-f176-4ded-817b-1863b3b875cc	2026-08-15T21:33:52.707510Z		Canonical queue drain | fit A | GitHub MASTER dedupe passed	https://www.pagepm.ca/										Permissive	Qualification	https://explore.overturemaps.org/#id=d0b69c4d-f176-4ded-817b-1863b3b875cc	Public Overture website; no usable Overture email. First-party public contact crawl required; no inference.				overture:d0b69c4d-f176-4ded-817b-1863b3b875cc	pagepm.ca	9024666686	page property management	Halifax	Canada	PERMISSIVE	domain:pagepm.ca
	A	91	Hayden	USA	Lakeside Property Management, LLC.		property_management	579 W Hayden Ave	2086409690								overture:8aef1bac-9589-44bf-8a7b-7117421b85a5	2026-08-15T21:33:52.707510Z		Canonical queue drain | fit A | GitHub MASTER dedupe passed	http://www.lakesidepropertymgmt.com/										Permissive	Qualification	https://explore.overturemaps.org/#id=8aef1bac-9589-44bf-8a7b-7117421b85a5	Public Overture website; no usable Overture email. First-party public contact crawl required; no inference.				overture:8aef1bac-9589-44bf-8a7b-7117421b85a5	lakesidepropertymgmt.com	2086409690	lakeside property management llc	Hayden	USA	PERMISSIVE	domain:lakesidepropertymgmt.com
	A	91	Spokane Valley	USA	Extant Property Management		real_estate_investment	12904 E Nora Ave	+15092585000								overture:b6de75bf-0802-4633-8238-524e13dfd8cb	2026-08-15T21:33:52.707510Z		Canonical queue drain | fit A | GitHub MASTER dedupe passed	http://www.extantrealty.com										Permissive	Qualification	https://explore.overturemaps.org/#id=b6de75bf-0802-4633-8238-524e13dfd8cb	Public Overture website; no usable Overture email. First-party public contact crawl required; no inference.				overture:b6de75bf-0802-4633-8238-524e13dfd8cb	extantrealty.com	15092585000	extant property management	Spokane Valley	USA	PERMISSIVE	domain:extantrealty.com
	A	91	Lunenburg	Canada	The Old Barn Vacation Rental		cabin	920 Heckmans Island Road	9027040604								overture:8c5b4db6-72f6-4022-a8b2-b8c68d9b97b2	2026-08-15T21:33:52.707510Z		Canonical queue drain | fit A | GitHub MASTER dedupe passed	http://www.oldbarn.capebreton.vacations/										Medium	Recall-first	https://explore.overturemaps.org/#id=8c5b4db6-72f6-4022-a8b2-b8c68d9b97b2	Public Overture website; no usable Overture email. First-party public contact crawl required; no inference.				overture:8c5b4db6-72f6-4022-a8b2-b8c68d9b97b2	capebreton.vacations	9027040604	the old barn vacation rental	Lunenburg	Canada	MEDIUM	domain:capebreton.vacations
	A	91	Newport	USA	Brookside Acres Vacation Rental		holiday_rental_home	22610 E Blanchard Rd	+15094474176								overture:2cb8d4f1-b25d-41e9-bad3-282e84833d00	2026-08-15T21:33:52.707510Z		Canonical queue drain | fit A | GitHub MASTER dedupe passed	http://www.brooksideacresvacationrental.com/										Permissive	Qualification	https://explore.overturemaps.org/#id=2cb8d4f1-b25d-41e9-bad3-282e84833d00	Public Overture website; no usable Overture email. First-party public contact crawl required; no inference.				overture:2cb8d4f1-b25d-41e9-bad3-282e84833d00	brooksideacresvacationrental.com	15094474176	brookside acres vacation rental	Newport	USA	PERMISSIVE	domain:brooksideacresvacationrental.com
	A	91	Williston	USA	Williston Rentals & Property Management, Inc.		rental_service	2321 2nd Ave W	7017703410								overture:59d12668-820c-4366-a513-05e8c2ce4ff9	2026-08-15T21:31:28.279046Z		Canonical queue drain | fit A | GitHub MASTER dedupe passed	http://willistonsalesandrentals.com/										Permissive	Qualification	https://explore.overturemaps.org/#id=59d12668-820c-4366-a513-05e8c2ce4ff9	Public Overture website; no usable Overture email. First-party public contact crawl required; no inference.				overture:59d12668-820c-4366-a513-05e8c2ce4ff9	willistonsalesandrentals.com	7017703410	williston rentals property management inc	Williston	USA	PERMISSIVE	domain:willistonsalesandrentals.com
	A	91	Sunriver	USA	Sunriver Vacation Home		hotel	10 Pine Ridge Ln	+18583358560								overture:ee78f955-b7de-4bf3-89e1-477ff272ae38	2026-08-15T21:31:28.279046Z		Canonical queue drain | fit A | GitHub MASTER dedupe passed	http://www.sunrivervacationhome.com/										Medium	Recall-first	https://explore.overturemaps.org/#id=ee78f955-b7de-4bf3-89e1-477ff272ae38	Public Overture website; no usable Overture email. First-party public contact crawl required; no inference.				overture:ee78f955-b7de-4bf3-89e1-477ff272ae38	sunrivervacationhome.com	18583358560	sunriver vacation home	Sunriver	USA	MEDIUM	domain:sunrivervacationhome.com
	A	91	Bend	USA	Vernon Property Management		property_management	319 SE Logsden St Ste 101	5413220183								overture:a0e87d1b-3502-4d6e-925f-7ad412ffad3c	2026-08-15T21:31:28.279046Z		Canonical queue drain | fit A | GitHub MASTER dedupe passed	http://rentalsinbend.com/										Permissive	Qualification	https://explore.overturemaps.org/#id=a0e87d1b-3502-4d6e-925f-7ad412ffad3c	Public Overture website; no usable Overture email. First-party public contact crawl required; no inference.				overture:a0e87d1b-3502-4d6e-925f-7ad412ffad3c	rentalsinbend.com	5413220183	vernon property management	Bend	USA	PERMISSIVE	domain:rentalsinbend.com
	A	91	Bismarck	USA	Parkway Property Management		property_management	1001 Gateway Ave	+17012236676								overture:04e2d032-fa9e-4b36-bc97-1d5c45bd6453	2026-08-15T21:31:28.279046Z		Canonical queue drain | fit A | GitHub MASTER dedupe passed	http://www.parkwaymanagement.com/										Medium	Recall-first	https://explore.overturemaps.org/#id=04e2d032-fa9e-4b36-bc97-1d5c45bd6453	Public Overture website; no usable Overture email. First-party public contact crawl required; no inference.				overture:04e2d032-fa9e-4b36-bc97-1d5c45bd6453	parkwaymanagement.com	17012236676	parkway property management	Bismarck	USA	MEDIUM	domain:parkwaymanagement.com
	A	91	Eugene	USA	Mc Ivers Property Management			3361 Marvin Dr	5413020962								overture:87995034-bee6-4e42-94e5-8ec8982f5dcd	2026-08-15T21:31:28.279046Z		Canonical queue drain | fit A | GitHub MASTER dedupe passed	http://mciverspm.com/										Permissive	Qualification	https://explore.overturemaps.org/#id=87995034-bee6-4e42-94e5-8ec8982f5dcd	Public Overture website; no usable Overture email. First-party public contact crawl required; no inference.				overture:87995034-bee6-4e42-94e5-8ec8982f5dcd	mciverspm.com	5413020962	mc ivers property management	Eugene	USA	PERMISSIVE	domain:mciverspm.com
	A	91	Ashland	USA	McCracken Property Management		property_management	208 Oak St	+15416314090								overture:f96b5320-5041-4199-80f6-f0b2034f5ef3	2026-08-15T21:31:28.279046Z		Canonical queue drain | fit A | GitHub MASTER dedupe passed	http://McCrackenVacationRentals.com/										High	Verified	https://explore.overturemaps.org/#id=f96b5320-5041-4199-80f6-f0b2034f5ef3	Public Overture website; no usable Overture email. First-party public contact crawl required; no inference.				overture:f96b5320-5041-4199-80f6-f0b2034f5ef3	mccrackenvacationrentals.com	15416314090	mccracken property management	Ashland	USA	HIGH	domain:mccrackenvacationrentals.com
	A	91	Bend	USA	Bend's Magnolia House Vacation Rental		holiday_rental_home	1541 NW 8th St	+13602138968								overture:1f03ed55-2958-41ff-a43f-69e4bbdd1f28	2026-08-15T21:31:28.279046Z		Canonical queue drain | fit A | GitHub MASTER dedupe passed	https://www.magnoliahousebendor.com/										High	Verified	https://explore.overturemaps.org/#id=1f03ed55-2958-41ff-a43f-69e4bbdd1f28	Public Overture website; no usable Overture email. First-party public contact crawl required; no inference.				overture:1f03ed55-2958-41ff-a43f-69e4bbdd1f28	magnoliahousebendor.com	13602138968	bend s magnolia house vacation rental	Bend	USA	HIGH	domain:magnoliahousebendor.com
	A	91	Grants Pass	USA	Grants Pass Property Management Inc		property_management	431 NE 7th St	5414768967								overture:a7b76942-6a7d-4ca2-96fd-1376ab7f7643	2026-08-15T21:31:28.279046Z		Canonical queue drain | fit A | GitHub MASTER dedupe passed	http://www.gpproperty.com/										High	Verified	https://explore.overturemaps.org/#id=a7b76942-6a7d-4ca2-96fd-1376ab7f7643	Public Overture website; no usable Overture email. First-party public contact crawl required; no inference.				overture:a7b76942-6a7d-4ca2-96fd-1376ab7f7643	gpproperty.com	5414768967	grants pass property management inc	Grants Pass	USA	HIGH	domain:gpproperty.com
	A	91	Calgary	Canada	ESTATEVIEW Real Estate & Property Management		property_management	4656 Westwinds Drive Northeast #601	4034000000								overture:25b6ad40-1f30-4ba0-83fa-bb853cbb2254	2026-08-15T21:31:28.279046Z		Canonical queue drain | fit A | GitHub MASTER dedupe passed	https://www.estateview.ca/										Permissive	Qualification	https://explore.overturemaps.org/#id=25b6ad40-1f30-4ba0-83fa-bb853cbb2254	Public Overture website; no usable Overture email. First-party public contact crawl required; no inference.				overture:25b6ad40-1f30-4ba0-83fa-bb853cbb2254	estateview.ca	4034000000	estateview real estate property management	Calgary	Canada	PERMISSIVE	domain:estateview.ca
	A	91	Reedsport	USA	Cozy Cattail Vacation Rentals		holiday_rental_home	315 Blue Heron Ln	+15412714222								overture:3f947b94-669c-4fb3-8ad4-e839f394c147	2026-08-15T21:31:28.279046Z		Canonical queue drain | fit A | GitHub MASTER dedupe passed	http://www.CozyCattail.com/										High	Verified	https://explore.overturemaps.org/#id=3f947b94-669c-4fb3-8ad4-e839f394c147	Public Overture website; no usable Overture email. First-party public contact crawl required; no inference.				overture:3f947b94-669c-4fb3-8ad4-e839f394c147	cozycattail.com	15412714222	cozy cattail vacation rentals	Reedsport	USA	HIGH	domain:cozycattail.com
	A	91	Medford	USA	Choice One Property Management, LLC		property_management	315 Boardman St	5416228270								overture:a9dbee2e-4853-4ef4-a298-a9573adcad46	2026-08-15T21:31:28.279046Z		Canonical queue drain | fit A | GitHub MASTER dedupe passed	http://choiceonepm.com/										Permissive	Qualification	https://explore.overturemaps.org/#id=a9dbee2e-4853-4ef4-a298-a9573adcad46	Public Overture website; no usable Overture email. First-party public contact crawl required; no inference.				overture:a9dbee2e-4853-4ef4-a298-a9573adcad46	choiceonepm.com	5416228270	choice one property management llc	Medford	USA	PERMISSIVE	domain:choiceonepm.com
	A	91	Fairbanks	USA	Property Management NextHome Arctic Sun Fairbanks		property_management	600 3rd St	+19074567368								overture:c076f6e9-a973-4646-99b6-6fd50780b856	2026-08-15T21:23:12.867365Z		Canonical queue drain | fit A | GitHub MASTER dedupe passed	http://www.NextHomeArcticSun.com/										High	Verified	https://explore.overturemaps.org/#id=c076f6e9-a973-4646-99b6-6fd50780b856	Public Overture website; no usable Overture email. First-party public contact crawl required; no inference.				overture:c076f6e9-a973-4646-99b6-6fd50780b856	nexthomearcticsun.com	19074567368	property management nexthome arctic sun fairbanks	Fairbanks	USA	HIGH	domain:nexthomearcticsun.com
	A	91	Iron Mountain	USA	Edgewater Resort Country Log Cabin Rentals		cabin	N4128 N US Highway 2	+19067746244								overture:8dfc1305-00b8-4e77-b21d-49ce789b9a31	2026-08-15T21:23:12.867365Z		Canonical queue drain | fit A | GitHub MASTER dedupe passed	http://www.edgewaterresortmi.com/										Permissive	Qualification	https://explore.overturemaps.org/#id=8dfc1305-00b8-4e77-b21d-49ce789b9a31	Public Overture website; no usable Overture email. First-party public contact crawl required; no inference.				overture:8dfc1305-00b8-4e77-b21d-49ce789b9a31	edgewaterresortmi.com	19067746244	edgewater resort country log cabin rentals	Iron Mountain	USA	PERMISSIVE	domain:edgewaterresortmi.com
	A	91	Anchorage	USA	Alaska Property Managers		property_management	400 W Tudor Rd	+19077432576								overture:c7c9076d-447a-4fe6-b92e-1e20ba99524d	2026-08-15T21:23:12.867365Z		Canonical queue drain | fit A | GitHub MASTER dedupe passed	http://akpropertymanagers.com/										Permissive	Qualification	https://explore.overturemaps.org/#id=c7c9076d-447a-4fe6-b92e-1e20ba99524d	Public Overture website; no usable Overture email. First-party public contact crawl required; no inference.				overture:c7c9076d-447a-4fe6-b92e-1e20ba99524d	akpropertymanagers.com	19077432576	alaska property managers	Anchorage	USA	PERMISSIVE	domain:akpropertymanagers.com
	A	91	Gordon	USA	Sandhills Land & Property Management		property_management	304 E US Highway 20	+13082820715								overture:e0eaa724-998a-47ec-917a-2eecfe5f075a	2026-08-15T20:54:38.233463Z		Canonical queue drain | fit A | GitHub MASTER dedupe passed	http://www.sandhillsland.com										Permissive	Qualification	https://explore.overturemaps.org/#id=e0eaa724-998a-47ec-917a-2eecfe5f075a	Public Overture website; no usable Overture email. First-party public contact crawl required; no inference.				overture:e0eaa724-998a-47ec-917a-2eecfe5f075a	sandhillsland.com	13082820715	sandhills land property management	Gordon	USA	PERMISSIVE	domain:sandhillsland.com
	A	91	Upton	USA	Windsong Gardens		cabin	154 Thistle St	+12075332315								overture:08e1f12c-f410-4297-9b60-484853614ab1	2026-08-15T20:37:12.311529Z		Canonical queue drain | fit A | GitHub MASTER dedupe passed	http://www.windsonggardens.com										High	Verified	https://explore.overturemaps.org/#id=08e1f12c-f410-4297-9b60-484853614ab1	Public Overture website; no usable Overture email. First-party public contact crawl required; no inference.				overture:08e1f12c-f410-4297-9b60-484853614ab1	windsonggardens.com	12075332315	windsong gardens	Upton	USA	HIGH	domain:windsonggardens.com
	A	91	Tamworth	USA	White Birch Property Management		property_management	129 Ossipee Lake Rd	+16033329112								overture:1aca5525-0d83-476f-a496-8402d169d159	2026-08-15T20:37:12.311529Z		Canonical queue drain | fit A | GitHub MASTER dedupe passed	https://www.whitebirchproperty.com/										Medium	Recall-first	https://explore.overturemaps.org/#id=1aca5525-0d83-476f-a496-8402d169d159	Public Overture website; no usable Overture email. First-party public contact crawl required; no inference.				overture:1aca5525-0d83-476f-a496-8402d169d159	whitebirchproperty.com	16033329112	white birch property management	Tamworth	USA	MEDIUM	domain:whitebirchproperty.com
	A	91	Eatontown	USA	Wentworth Property Management Corp.		property_management	21 Christopher Way	7327289690								overture:28f2d1d2-13fc-43f0-99e0-7a9cd4a351e7	2026-08-15T20:37:12.311529Z		Canonical queue drain | fit A | GitHub MASTER dedupe passed	http://www.wentworthmgt.com/										Permissive	Qualification	https://explore.overturemaps.org/#id=28f2d1d2-13fc-43f0-99e0-7a9cd4a351e7	Public Overture website; no usable Overture email. First-party public contact crawl required; no inference.				overture:28f2d1d2-13fc-43f0-99e0-7a9cd4a351e7	wentworthmgt.com	7327289690	wentworth property management corp	Eatontown	USA	PERMISSIVE	domain:wentworthmgt.com
	A	91	Keyport	USA	VRI Property Management		property_management	55 W Front St	+17322851153								overture:0f762552-7555-4b76-8612-cb74fe13d1a7	2026-08-15T20:37:12.311529Z		Canonical queue drain | fit A | GitHub MASTER dedupe passed	https://vrimanagement.com/										Permissive	Qualification	https://explore.overturemaps.org/#id=0f762552-7555-4b76-8612-cb74fe13d1a7	Public Overture website; no usable Overture email. First-party public contact crawl required; no inference.				overture:0f762552-7555-4b76-8612-cb74fe13d1a7	vrimanagement.com	17322851153	vri property management	Keyport	USA	PERMISSIVE	domain:vrimanagement.com
	A	91	Staten Island	USA	Real Property Management Genies		real_estate_agent	4295 Arthur Kill Road, Ste. 203	(347) 983-1664								overture:bd84c352-8c10-47dc-8408-68837baeeb48	2026-08-15T20:37:12.311529Z		Canonical queue drain | fit A | GitHub MASTER dedupe passed	https://www.rpmgenies.com										Permissive	Qualification	https://explore.overturemaps.org/#id=bd84c352-8c10-47dc-8408-68837baeeb48	Public Overture website; no usable Overture email. First-party public contact crawl required; no inference.				overture:bd84c352-8c10-47dc-8408-68837baeeb48	rpmgenies.com	3479831664	real property management genies	Staten Island	USA	PERMISSIVE	domain:rpmgenies.com
	A	91	Pequannock	USA	Real Property Management Anello		real_estate_agent	50 State Rt 23	(973) 694-3455								overture:0ac6f141-bff0-408f-b226-1c61655fc0d7	2026-08-15T20:37:12.311529Z		Canonical queue drain | fit A | GitHub MASTER dedupe passed	https://www.rpmanello.com										Permissive	Qualification	https://explore.overturemaps.org/#id=0ac6f141-bff0-408f-b226-1c61655fc0d7	Public Overture website; no usable Overture email. First-party public contact crawl required; no inference.				overture:0ac6f141-bff0-408f-b226-1c61655fc0d7	rpmanello.com	9736943455	real property management anello	Pequannock	USA	PERMISSIVE	domain:rpmanello.com
	A	91	Verona	USA	New Jersey Property Management		property_management	13 Rockland Ter Ste 200	9734337561								overture:8dc85f9b-57e4-4145-9b80-d2bfa90f9036	2026-08-15T20:37:12.311529Z		Canonical queue drain | fit A | GitHub MASTER dedupe passed	http://propertymgmtsvs.com/										Permissive	Qualification	https://explore.overturemaps.org/#id=8dc85f9b-57e4-4145-9b80-d2bfa90f9036	Public Overture website; no usable Overture email. First-party public contact crawl required; no inference.				overture:8dc85f9b-57e4-4145-9b80-d2bfa90f9036	propertymgmtsvs.com	9734337561	new jersey property management	Verona	USA	PERMISSIVE	domain:propertymgmtsvs.com
	A	91	Ewing Twp	USA	Princeton Property Management		property_management	200 Princeton South Corporate Ctr	+16094939060								overture:b0264f73-9091-4118-a6b9-168ae55dbdf5	2026-08-15T20:37:12.311529Z		Canonical queue drain | fit A | GitHub MASTER dedupe passed	http://www.ppm-usa.com/										Medium	Recall-first	https://explore.overturemaps.org/#id=b0264f73-9091-4118-a6b9-168ae55dbdf5	Public Overture website; no usable Overture email. First-party public contact crawl required; no inference.				overture:b0264f73-9091-4118-a6b9-168ae55dbdf5	ppm-usa.com	16094939060	princeton property management	Ewing Twp	USA	MEDIUM	domain:ppm-usa.com
	A	91	Southampton	USA	PCH Builders & Property Management		property_management	71 Hill St	+16312838200								overture:f952e86d-1db4-4959-ad40-75c3af22cc14	2026-08-15T20:37:12.311529Z		Canonical queue drain | fit A | GitHub MASTER dedupe passed	http://www.pchinc.com/										Permissive	Qualification	https://explore.overturemaps.org/#id=f952e86d-1db4-4959-ad40-75c3af22cc14	Public Overture website; no usable Overture email. First-party public contact crawl required; no inference.				overture:f952e86d-1db4-4959-ad40-75c3af22cc14	pchinc.com	16312838200	pch builders property management	Southampton	USA	PERMISSIVE	domain:pchinc.com
	A	91	Fall River	USA	North South Property Management and Rentals		property_management	671 Laurel St	5085963615								overture:a5446104-6b4f-4090-846b-04ac5b0ecc5b	2026-08-15T20:37:12.311529Z		Canonical queue drain | fit A | GitHub MASTER dedupe passed	https://northsouthpropertymanagementma.com/										Permissive	Qualification	https://explore.overturemaps.org/#id=a5446104-6b4f-4090-846b-04ac5b0ecc5b	Public Overture website; no usable Overture email. First-party public contact crawl required; no inference.				overture:a5446104-6b4f-4090-846b-04ac5b0ecc5b	northsouthpropertymanagementma.com	5085963615	north south property management and rentals	Fall River	USA	PERMISSIVE	domain:northsouthpropertymanagementma.com
	A	91	Bridgeport	USA	Navarino Property Management		property_management	1023 Main St # 2	(203) 989-2424								overture:01b136d1-6512-4451-b61b-e74df9def732	2026-08-15T20:37:12.311529Z		Canonical queue drain | fit A | GitHub MASTER dedupe passed	https://www.navarinoproperty.com										Permissive	Qualification	https://explore.overturemaps.org/#id=01b136d1-6512-4451-b61b-e74df9def732	Public Overture website; no usable Overture email. First-party public contact crawl required; no inference.				overture:01b136d1-6512-4451-b61b-e74df9def732	navarinoproperty.com	2039892424	navarino property management	Bridgeport	USA	PERMISSIVE	domain:navarinoproperty.com
	A	91	New Rochelle	USA	Comfort Homes and Property Management		property_management	358 North Ave	+19142789900								overture:b9e2c279-513f-4aa2-b60a-e1f23d293342	2026-08-15T20:37:12.311529Z		Canonical queue drain | fit A | GitHub MASTER dedupe passed	http://www.mycomforthomesrentals.com/										Medium	Recall-first	https://explore.overturemaps.org/#id=b9e2c279-513f-4aa2-b60a-e1f23d293342	Public Overture website; no usable Overture email. First-party public contact crawl required; no inference.				overture:b9e2c279-513f-4aa2-b60a-e1f23d293342	mycomforthomesrentals.com	19142789900	comfort homes and property management	New Rochelle	USA	MEDIUM	domain:mycomforthomesrentals.com
	A	91	Southampton	USA	Morley Property Management		property_management	38 Hampton Rd	+16312877191								overture:04b23da0-89a8-49fb-b1ae-8c58ae443518	2026-08-15T20:37:12.311529Z		Canonical queue drain | fit A | GitHub MASTER dedupe passed	http://www.morleypm.com										Medium	Recall-first	https://explore.overturemaps.org/#id=04b23da0-89a8-49fb-b1ae-8c58ae443518	Public Overture website; no usable Overture email. First-party public contact crawl required; no inference.				overture:04b23da0-89a8-49fb-b1ae-8c58ae443518	morleypm.com	16312877191	morley property management	Southampton	USA	MEDIUM	domain:morleypm.com
	A	91	Plainville	USA	L.E. Property Management LLC		property_management	56 Neal Ct Ste 1A	8605178357								overture:3978abcf-c762-4863-b8f3-a1c18c90d6be	2026-08-15T20:37:12.311529Z		Canonical queue drain | fit A | GitHub MASTER dedupe passed	http://lepropertymanagement.net/										Permissive	Qualification	https://explore.overturemaps.org/#id=3978abcf-c762-4863-b8f3-a1c18c90d6be	Public Overture website; no usable Overture email. First-party public contact crawl required; no inference.				overture:3978abcf-c762-4863-b8f3-a1c18c90d6be	lepropertymanagement.net	8605178357	l e property management llc	Plainville	USA	PERMISSIVE	domain:lepropertymanagement.net
	A	91	Oyster Bay	USA	Jack Property Management		property_management	420 Jericho Tpke	+15165130334								overture:f4c02c7f-bb4d-47bc-8678-e27cc8530106	2026-08-15T20:37:12.311529Z		Canonical queue drain | fit A | GitHub MASTER dedupe passed	http://jakpropertymanagement.com										Permissive	Qualification	https://explore.overturemaps.org/#id=f4c02c7f-bb4d-47bc-8678-e27cc8530106	Public Overture website; no usable Overture email. First-party public contact crawl required; no inference.				overture:f4c02c7f-bb4d-47bc-8678-e27cc8530106	jakpropertymanagement.com	15165130334	jack property management	Oyster Bay	USA	PERMISSIVE	domain:jakpropertymanagement.com
	A	91	Intervale	USA	Forbes Property Management Services Inc.			259 Intervale Cross Rd	6033563326								overture:16bbddcc-b935-4594-a4e5-b544a5715e18	2026-08-15T20:37:12.311529Z		Canonical queue drain | fit A | GitHub MASTER dedupe passed	http://www.forbespropertymanagementservices.com/?utm_source=NEXT&utm_medium=Google_appt										Permissive	Qualification	https://explore.overturemaps.org/#id=16bbddcc-b935-4594-a4e5-b544a5715e18	Public Overture website; no usable Overture email. First-party public contact crawl required; no inference.				overture:16bbddcc-b935-4594-a4e5-b544a5715e18	forbespropertymanagementservices.com	6033563326	forbes property management services inc	Intervale	USA	PERMISSIVE	domain:forbespropertymanagementservices.com
	A	91	North Brunswick	USA	First Property Management Solution		property_management	525 Milltown Rd	+17329375080								overture:48f244dd-65e2-4e01-949b-6be3463e8e1d	2026-08-15T20:37:12.311529Z		Canonical queue drain | fit A | GitHub MASTER dedupe passed	http://www.firstpropertyms.com/										Permissive	Qualification	https://explore.overturemaps.org/#id=48f244dd-65e2-4e01-949b-6be3463e8e1d	Public Overture website; no usable Overture email. First-party public contact crawl required; no inference.				overture:48f244dd-65e2-4e01-949b-6be3463e8e1d	firstpropertyms.com	17329375080	first property management solution	North Brunswick	USA	PERMISSIVE	domain:firstpropertyms.com
	A	91	North Brunswick	USA	Executive Property Management		property_management	408 Towne Centre Dr	(732) 821-3224								overture:9603bb77-8b2d-4991-985f-f96429f6ba53	2026-08-15T20:37:12.311529Z		Canonical queue drain | fit A | GitHub MASTER dedupe passed	http://www.epmwebsite.com										Permissive	Qualification	https://explore.overturemaps.org/#id=9603bb77-8b2d-4991-985f-f96429f6ba53	Public Overture website; no usable Overture email. First-party public contact crawl required; no inference.				overture:9603bb77-8b2d-4991-985f-f96429f6ba53	epmwebsite.com	7328213224	executive property management	North Brunswick	USA	PERMISSIVE	domain:epmwebsite.com
	A	91	Athol	USA	Beremco Property Management		property_management	183 Main St	(978) 249-8132								overture:129b6800-7eb2-4b4a-a036-88234e57e716	2026-08-15T20:37:12.311529Z		Canonical queue drain | fit A | GitHub MASTER dedupe passed	https://collegedegreeauthority.com										Permissive	Qualification	https://explore.overturemaps.org/#id=129b6800-7eb2-4b4a-a036-88234e57e716	Public Overture website; no usable Overture email. First-party public contact crawl required; no inference.				overture:129b6800-7eb2-4b4a-a036-88234e57e716	collegedegreeauthority.com	9782498132	beremco property management	Athol	USA	PERMISSIVE	domain:collegedegreeauthority.com
	A	91	Dennis Port	USA	Coldwell Banker Martha Murray Real Estate		holiday_rental_home	63 Lower County Rd	+15083942114								overture:e20497c8-df9f-4166-82e3-45ab7b835804	2026-08-15T20:37:12.311529Z		Canonical queue drain | fit A | GitHub MASTER dedupe passed	http://www.coldwellbankermarthamurray.com										High	Verified	https://explore.overturemaps.org/#id=e20497c8-df9f-4166-82e3-45ab7b835804	Public Overture website; no usable Overture email. First-party public contact crawl required; no inference.				overture:e20497c8-df9f-4166-82e3-45ab7b835804	coldwellbankermarthamurray.com	15083942114	coldwell banker martha murray real estate	Dennis Port	USA	HIGH	domain:coldwellbankermarthamurray.com
	A	91	North Attleboro	USA	Cd Property Management		property_management	500 E Washington St Unit 33	(508) 699-4476								overture:d90ce921-90f5-4df8-a066-da73306f11c3	2026-08-15T20:37:12.311529Z		Canonical queue drain | fit A | GitHub MASTER dedupe passed	http://cdpropertyinc.com										Permissive	Qualification	https://explore.overturemaps.org/#id=d90ce921-90f5-4df8-a066-da73306f11c3	Public Overture website; no usable Overture email. First-party public contact crawl required; no inference.				overture:d90ce921-90f5-4df8-a066-da73306f11c3	cdpropertyinc.com	5086994476	cd property management	North Attleboro	USA	PERMISSIVE	domain:cdpropertyinc.com
	A	91	West Dover	USA	Carinthia Base Lodge		ski_resort	Handle Road	(802) 464-2151								overture:83b12254-129a-4d88-833c-87871ca450a5	2026-08-15T20:37:12.311529Z		Canonical queue drain | fit A | GitHub MASTER dedupe passed	http://carinthiaparks.com										Permissive	Qualification	https://explore.overturemaps.org/#id=83b12254-129a-4d88-833c-87871ca450a5	Public Overture website; no usable Overture email. First-party public contact crawl required; no inference.				overture:83b12254-129a-4d88-833c-87871ca450a5	carinthiaparks.com	8024642151	carinthia base lodge	West Dover	USA	PERMISSIVE	domain:carinthiaparks.com
	A	91	Lake Katrine	USA	Brigham Place Vacation Rental by Rock Star Rodeo		holiday_rental_home	234 N Brigham Ln	+18458024580								overture:b117550b-b6fb-477e-905b-930cc96e34e7	2026-08-15T20:37:12.311529Z		Canonical queue drain | fit A | GitHub MASTER dedupe passed	https://www.brighamplace.com/										Permissive	Qualification	https://explore.overturemaps.org/#id=b117550b-b6fb-477e-905b-930cc96e34e7	Public Overture website; no usable Overture email. First-party public contact crawl required; no inference.				overture:b117550b-b6fb-477e-905b-930cc96e34e7	brighamplace.com	18458024580	brigham place vacation rental by rock star rodeo	Lake Katrine	USA	PERMISSIVE	domain:brighamplace.com
	A	91	Saint John	Canada	BirdDog Property Management		property_management	152 Westmorland Rd	+15066588727								overture:2dfc66ea-6ad0-40f0-9d63-7f911c39cd28	2026-08-15T20:37:12.311529Z		Canonical queue drain | fit A | GitHub MASTER dedupe passed	http://Www.birddogprop.com/										Permissive	Qualification	https://explore.overturemaps.org/#id=2dfc66ea-6ad0-40f0-9d63-7f911c39cd28	Public Overture website; no usable Overture email. First-party public contact crawl required; no inference.				overture:2dfc66ea-6ad0-40f0-9d63-7f911c39cd28	birddogprop.com	15066588727	birddog property management	Saint John	Canada	PERMISSIVE	domain:birddogprop.com
	A	91	New York	USA	Bhuiyan Property Management		property_management	550 Manor Rd	+13474506805								overture:62879b97-918c-48fc-a66c-e4eeb5363db2	2026-08-15T20:37:12.311529Z		Canonical queue drain | fit A | GitHub MASTER dedupe passed	http://bhuiyan.link/management										Medium	Recall-first	https://explore.overturemaps.org/#id=62879b97-918c-48fc-a66c-e4eeb5363db2	Public Overture website; no usable Overture email. First-party public contact crawl required; no inference.				overture:62879b97-918c-48fc-a66c-e4eeb5363db2	bhuiyan.link	13474506805	bhuiyan property management	New York	USA	MEDIUM	domain:bhuiyan.link
	A	91	Beverly	USA	All County® Select Property Management		property_management	12 Oak St	9787048200								overture:2dd88aa3-a6ce-4789-b7b5-8180dc2a1fca	2026-08-15T20:37:12.311529Z		Canonical queue drain | fit A | GitHub MASTER dedupe passed	https://www.allcountyselect.com/										Permissive	Qualification	https://explore.overturemaps.org/#id=2dd88aa3-a6ce-4789-b7b5-8180dc2a1fca	Public Overture website; no usable Overture email. First-party public contact crawl required; no inference.				overture:2dd88aa3-a6ce-4789-b7b5-8180dc2a1fca	allcountyselect.com	9787048200	all county select property management	Beverly	USA	PERMISSIVE	domain:allcountyselect.com
	A	91	Worcester	USA	7 Hills Property Management		property_management	1 Kelley Sq	+15083404700								overture:bb2aaf0c-8e2e-433b-9400-2bcb264de0b0	2026-08-15T20:37:12.311529Z		Canonical queue drain | fit A | GitHub MASTER dedupe passed	http://www.7hillspropertymanagement.com										Permissive	Qualification	https://explore.overturemaps.org/#id=bb2aaf0c-8e2e-433b-9400-2bcb264de0b0	Public Overture website; no usable Overture email. First-party public contact crawl required; no inference.				overture:bb2aaf0c-8e2e-433b-9400-2bcb264de0b0	7hillspropertymanagement.com	15083404700	7 hills property management	Worcester	USA	PERMISSIVE	domain:7hillspropertymanagement.com
	A	91	Great Barrington	USA	Lake Buel Summer Vacation Rental		lodging	24 Downs Rd									overture:23a4ae76-e8e4-49c8-975f-24875fd623aa	2026-08-15T20:37:12.311529Z		Canonical queue drain | fit A | GitHub MASTER dedupe passed	http://24downsroad.com/				https://www.facebook.com/profile.php/						Medium	Recall-first	https://explore.overturemaps.org/#id=23a4ae76-e8e4-49c8-975f-24875fd623aa; https://24downsroad.com/	Public Overture website; no usable Overture email. First-party public contact crawl required; no inference.				overture:23a4ae76-e8e4-49c8-975f-24875fd623aa	24downsroad.com		lake buel summer vacation rental	Great Barrington	USA	MEDIUM	domain:24downsroad.com
	A	91	Boston	USA	Clarendon Residences		resort	140 Clarendon St	6175855690								overture:6c9788f5-4684-49ba-8e22-ebb590fc1751	2026-08-15T20:37:12.311529Z		Canonical queue drain | fit A | GitHub MASTER dedupe passed	http://www.140clarendon.com/										Permissive	Qualification	https://explore.overturemaps.org/#id=6c9788f5-4684-49ba-8e22-ebb590fc1751	Public Overture website; no usable Overture email. First-party public contact crawl required; no inference.				overture:6c9788f5-4684-49ba-8e22-ebb590fc1751	140clarendon.com	6175855690	clarendon residences	Boston	USA	PERMISSIVE	domain:140clarendon.com
	A	91	Raurimu	New Zealand	Slalom Lodge		ski_resort	Kaiteke Rd	07 892 2855								overture:8c6b3ba3-90a9-4940-bf89-d0cb03e59ac3	2026-08-15T19:40:38.286135Z		Canonical queue drain | fit A | GitHub MASTER dedupe passed	http://www.slalomlodge.co.nz										Permissive	Qualification	https://explore.overturemaps.org/#id=8c6b3ba3-90a9-4940-bf89-d0cb03e59ac3	Public Overture website; no usable Overture email. First-party public contact crawl required; no inference.				overture:8c6b3ba3-90a9-4940-bf89-d0cb03e59ac3	slalomlodge.co.nz	078922855	slalom lodge	Raurimu	New Zealand	PERMISSIVE	domain:slalomlodge.co.nz
	A	91	Rotorua	New Zealand	Rotorua Holiday Home		holiday_rental_home	Operiana Street	+6421357352								overture:3338ca24-464a-4131-a576-8c6d2c4040a0	2026-08-15T19:40:38.286135Z		Canonical queue drain | fit A | GitHub MASTER dedupe passed	http://rotoruaholidayhome.co/										High	Verified	https://explore.overturemaps.org/#id=3338ca24-464a-4131-a576-8c6d2c4040a0	Public Overture website; no usable Overture email. First-party public contact crawl required; no inference.				overture:3338ca24-464a-4131-a576-8c6d2c4040a0	rotoruaholidayhome.co	6421357352	rotorua holiday home	Rotorua	New Zealand	HIGH	domain:rotoruaholidayhome.co
	A	91	Taupo	New Zealand	Quest Taupo Serviced Apartments		hotel	61 Kaimanawa St	+6479298579								overture:36e60cb8-c034-4be7-9479-558550cbbf60	2026-08-15T19:40:38.286135Z		Canonical queue drain | fit A | GitHub MASTER dedupe passed	http://www.questtaupo.nz/										High	Verified	https://explore.overturemaps.org/#id=36e60cb8-c034-4be7-9479-558550cbbf60	Public Overture website; no usable Overture email. First-party public contact crawl required; no inference.				overture:36e60cb8-c034-4be7-9479-558550cbbf60	questtaupo.nz	6479298579	quest taupo serviced apartments	Taupo	New Zealand	HIGH	domain:questtaupo.nz
	A	91	Tauranga	New Zealand	Classic Property Management		real_estate_service	160 Seventeenth Avenue	0508 777 789								overture:5e6f4f9b-5796-4a2f-810f-21d774aaf321	2026-08-15T19:40:38.286135Z		Canonical queue drain | fit A | GitHub MASTER dedupe passed	https://www.classicpropertymanagement.co.nz										Permissive	Qualification	https://explore.overturemaps.org/#id=5e6f4f9b-5796-4a2f-810f-21d774aaf321	Public Overture website; no usable Overture email. First-party public contact crawl required; no inference.				overture:5e6f4f9b-5796-4a2f-810f-21d774aaf321	classicpropertymanagement.co.nz	0508777789	classic property management	Tauranga	New Zealand	PERMISSIVE	domain:classicpropertymanagement.co.nz
	A	91	Búðardal	Iceland	Vogur Country Lodge		hotel	371 Fellströnd									osm:way:537281656	2026-08-15T19:22:45.537577Z		Canonical queue drain | fit A | GitHub MASTER dedupe passed	https://vogur.org/	vogur@vogur.org									Permissive	Qualification	https://www.openstreetmap.org/way/537281656; https://vogur.org/	Public OSM tourism/contact tags via official Geofabrik extract; no inference. Public business email recovered from first-party website; no inference.				osm:way:537281656	vogur.org		vogur country lodge	Búðardal	Iceland	PERMISSIVE	domain:vogur.org
	A	91	Melbourne	Australia	Quest Southbank		service_apartment	12-16 Kavanagh St	+61396945600								overture:026b21d6-bcdf-4c9c-8922-3ecdfade6e52	2026-08-15T19:22:45.537577Z		Canonical queue drain | fit A | GitHub MASTER dedupe passed	http://www.questsouthbank.com.au/										High	Verified	https://explore.overturemaps.org/#id=026b21d6-bcdf-4c9c-8922-3ecdfade6e52	Public Overture website; no usable Overture email. First-party public contact crawl required; no inference.				overture:026b21d6-bcdf-4c9c-8922-3ecdfade6e52	questsouthbank.com.au	61396945600	quest southbank	Melbourne	Australia	HIGH	domain:questsouthbank.com.au
	A	91	Melbourne	Australia	Quest on Dorcas		lodging	8 Dorcas St	+61396981500								overture:4593c1fc-5cff-45e5-a42f-60838cb10d19	2026-08-15T19:22:45.537577Z		Canonical queue drain | fit A | GitHub MASTER dedupe passed	http://www.questondorcas.com.au										High	Verified	https://explore.overturemaps.org/#id=4593c1fc-5cff-45e5-a42f-60838cb10d19	Public Overture website; no usable Overture email. First-party public contact crawl required; no inference.				overture:4593c1fc-5cff-45e5-a42f-60838cb10d19	questondorcas.com.au	61396981500	quest on dorcas	Melbourne	Australia	HIGH	domain:questondorcas.com.au
	A	91	Melbourne	Australia	Quest Melbourne Airport		service_apartment	Quest Melbourne Airport, 20 Annandale Rd	+61383408400								overture:7aaa447a-135b-45e3-9417-afb0df651558	2026-08-15T19:22:45.537577Z		Canonical queue drain | fit A | GitHub MASTER dedupe passed	http://www.questmelbourneairport.com.au/										High	Verified	https://explore.overturemaps.org/#id=7aaa447a-135b-45e3-9417-afb0df651558	Public Overture website; no usable Overture email. First-party public contact crawl required; no inference.				overture:7aaa447a-135b-45e3-9417-afb0df651558	questmelbourneairport.com.au	61383408400	quest melbourne airport	Melbourne	Australia	HIGH	domain:questmelbourneairport.com.au
	A	91	Echuca	Australia	Quest Echuca Apartment Hotel		service_apartment	25-29 Heygarth St	+61354813900								overture:2a7adb1e-4268-4b84-a068-96faa9ee2461	2026-08-15T19:22:45.537577Z		Canonical queue drain | fit A | GitHub MASTER dedupe passed	http://questechuca.com.au/										High	Verified	https://explore.overturemaps.org/#id=2a7adb1e-4268-4b84-a068-96faa9ee2461	Public Overture website; no usable Overture email. First-party public contact crawl required; no inference.				overture:2a7adb1e-4268-4b84-a068-96faa9ee2461	questechuca.com.au	61354813900	quest echuca apartment hotel	Echuca	Australia	HIGH	domain:questechuca.com.au
	A	91	Torquay	Australia	Ocean Edge Holiday Rentals - Airbnb Property Management		holiday_rental_home										overture:7d4bd6f4-2be4-4f64-ab64-9e4a23ff2ff1	2026-08-15T19:22:45.537577Z		Canonical queue drain | fit A | GitHub MASTER dedupe passed	https://linkin.bio/oceanedge		https://linkin.bio/contact/								Permissive	Qualification	https://explore.overturemaps.org/#id=7d4bd6f4-2be4-4f64-ab64-9e4a23ff2ff1	Public Overture website; no usable Overture email. First-party public contact crawl required; no inference.				overture:7d4bd6f4-2be4-4f64-ab64-9e4a23ff2ff1	linkin.bio		ocean edge holiday rentals airbnb property management	Torquay	Australia	PERMISSIVE	domain:linkin.bio
	A	91	Laugar	Iceland	Hótel Laugar		hotel										osm:node:826724946	2026-08-15T19:22:45.537577Z		Canonical queue drain | fit A | GitHub MASTER dedupe passed	https://hotellaugar.is/	hotellaugar@hotellaugar.is									High	Verified	https://www.openstreetmap.org/node/826724946	Public OSM tourism/contact tags via official Geofabrik extract; no inference.				osm:node:826724946	hotellaugar.is		hotel laugar	Laugar	Iceland	HIGH	domain:hotellaugar.is
	A	91	Melbourne	Australia	Cooper Property Management		property_management	4 Ferguson St	+61402223718								overture:d8c9387b-ab8d-45e6-8656-d3d20a026613	2026-08-15T19:22:45.537577Z		Canonical queue drain | fit A | GitHub MASTER dedupe passed	http://www.cooperre.com/										Permissive	Qualification	https://explore.overturemaps.org/#id=d8c9387b-ab8d-45e6-8656-d3d20a026613	Public Overture website; no usable Overture email. First-party public contact crawl required; no inference.				overture:d8c9387b-ab8d-45e6-8656-d3d20a026613	cooperre.com	61402223718	cooper property management	Melbourne	Australia	PERMISSIVE	domain:cooperre.com
	A	91	malta	Malta	Port View Guesthouse		hotel	18 Triq il-Luzzu									osm:way:1165343610	2026-08-15T19:13:26.294070Z		Canonical queue drain | fit A | GitHub MASTER dedupe passed	http://portview.com/	info@portview.com									High	Verified	https://www.openstreetmap.org/way/1165343610	Public OSM tourism/contact tags via official Geofabrik extract; no inference.				osm:way:1165343610	portview.com		port view guesthouse	malta	Malta	HIGH	domain:portview.com
	A	91	Ordino	Andorra	Hotel Santa Bàrbara Ordino		hotel	1 Carrer Major									osm:node:12478110092	2026-08-15T19:13:26.294070Z		Canonical queue drain | fit A | GitHub MASTER dedupe passed	https://hotelstabarbara.com/	info@hotelstabarbara.com									Medium	Recall-first	https://www.openstreetmap.org/node/12478110092; https://hotelstabarbara.com/	Public OSM tourism/contact tags via official Geofabrik extract; no inference. Public business email recovered from first-party website; no inference.				osm:node:12478110092	hotelstabarbara.com		hotel santa barbara ordino	Ordino	Andorra	MEDIUM	domain:hotelstabarbara.com
	A	91	Whangaparaoa	New Zealand	Ray White Hibiscus Property Management			9/49 Rawhiti Road	094281927								overture:62a8de2d-2814-4b88-83ff-ca754261d445	2026-08-15T18:57:23.320158Z		Canonical queue drain | fit A | GitHub MASTER dedupe passed	https://rwhibiscuspm.co.nz/										High	Verified	https://explore.overturemaps.org/#id=62a8de2d-2814-4b88-83ff-ca754261d445	Public Overture website; no usable Overture email. First-party public contact crawl required; no inference.				overture:62a8de2d-2814-4b88-83ff-ca754261d445	rwhibiscuspm.co.nz	094281927	ray white hibiscus property management	Whangaparaoa	New Zealand	HIGH	domain:rwhibiscuspm.co.nz
	A	91	Warkworth	New Zealand	Rodney Rental Management		property_management	11 Neville St	+6421412791								overture:1c740a3b-9f8f-498b-b1f3-a19a1dd21e4e	2026-08-15T18:57:23.320158Z		Canonical queue drain | fit A | GitHub MASTER dedupe passed	https://remaxwarkworth.nz/										Permissive	Qualification	https://explore.overturemaps.org/#id=1c740a3b-9f8f-498b-b1f3-a19a1dd21e4e	Public Overture website; no usable Overture email. First-party public contact crawl required; no inference.				overture:1c740a3b-9f8f-498b-b1f3-a19a1dd21e4e	remaxwarkworth.nz	6421412791	rodney rental management	Warkworth	New Zealand	PERMISSIVE	domain:remaxwarkworth.nz
	A	91	Auckland	New Zealand	Redwood Park Serviced Apartments		hotel	621 Swanson Rd	+6421711411								overture:de9935d8-918e-4337-823f-8c14f7bd42f9	2026-08-15T18:57:23.320158Z		Canonical queue drain | fit A | GitHub MASTER dedupe passed	http://www.redwoodpark.co.nz/										Permissive	Qualification	https://explore.overturemaps.org/#id=de9935d8-918e-4337-823f-8c14f7bd42f9	Public Overture website; no usable Overture email. First-party public contact crawl required; no inference.				overture:de9935d8-918e-4337-823f-8c14f7bd42f9	redwoodpark.co.nz	6421711411	redwood park serviced apartments	Auckland	New Zealand	PERMISSIVE	domain:redwoodpark.co.nz
	A	91	Shepparton	Australia	Quest Shepparton Apartment Hotels		hotel	177-183 Welsford St	+61358144800								overture:8ac4f425-7653-4dde-9790-cad2c15e6be2	2026-08-15T18:57:23.320158Z		Canonical queue drain | fit A | GitHub MASTER dedupe passed	http://www.questshepparton.com.au										High	Verified	https://explore.overturemaps.org/#id=8ac4f425-7653-4dde-9790-cad2c15e6be2	Public Overture website; no usable Overture email. First-party public contact crawl required; no inference.				overture:8ac4f425-7653-4dde-9790-cad2c15e6be2	questshepparton.com.au	61358144800	quest shepparton apartment hotels	Shepparton	Australia	HIGH	domain:questshepparton.com.au
	A	91	Melbourne	Australia	Quest Frankston Apartment Hotels		hotel	377 Nepean Hwy	+61387961000								overture:78883994-de1c-4e0f-bf22-1a34d89ac010	2026-08-15T18:57:23.320158Z		Canonical queue drain | fit A | GitHub MASTER dedupe passed	http://www.questfrankston.com.au/										High	Verified	https://explore.overturemaps.org/#id=78883994-de1c-4e0f-bf22-1a34d89ac010	Public Overture website; no usable Overture email. First-party public contact crawl required; no inference.				overture:78883994-de1c-4e0f-bf22-1a34d89ac010	questfrankston.com.au	61387961000	quest frankston apartment hotels	Melbourne	Australia	HIGH	domain:questfrankston.com.au
	A	91	Bunbury	Australia	Quest Bunbury		service_apartment	14 Lyons Cv	+61897220777								overture:50177a1f-3f5f-4752-b237-f807012edff3	2026-08-15T18:57:23.320158Z		Canonical queue drain | fit A | GitHub MASTER dedupe passed	http://www.questbunbury.com.au										High	Verified	https://explore.overturemaps.org/#id=50177a1f-3f5f-4752-b237-f807012edff3	Public Overture website; no usable Overture email. First-party public contact crawl required; no inference.				overture:50177a1f-3f5f-4752-b237-f807012edff3	questbunbury.com.au	61897220777	quest bunbury	Bunbury	Australia	HIGH	domain:questbunbury.com.au
	A	91	Bunbury	Australia	Just Property Management		building_supply_store	1/19 Stirling St	(08) 9791 8855								overture:a06a093a-ac76-462d-8e9b-316fff32db19	2026-08-15T18:57:23.320158Z		Canonical queue drain | fit A | GitHub MASTER dedupe passed	http://justpropertymanagement.com.au										Permissive	Qualification	https://explore.overturemaps.org/#id=a06a093a-ac76-462d-8e9b-316fff32db19	Public Overture website; no usable Overture email. First-party public contact crawl required; no inference.				overture:a06a093a-ac76-462d-8e9b-316fff32db19	justpropertymanagement.com.au	0897918855	just property management	Bunbury	Australia	PERMISSIVE	domain:justpropertymanagement.com.au
	A	91	Perth	Australia	Guardian Property and Asset Management		property_management	2A Walcott St	+61893715132								overture:7141935b-d00a-4622-aad7-bfe97acb2032	2026-08-15T18:57:23.320158Z		Canonical queue drain | fit A | GitHub MASTER dedupe passed	http://www.guardianproperty.net.au										Permissive	Qualification	https://explore.overturemaps.org/#id=7141935b-d00a-4622-aad7-bfe97acb2032	Public Overture website; no usable Overture email. First-party public contact crawl required; no inference.				overture:7141935b-d00a-4622-aad7-bfe97acb2032	guardianproperty.net.au	61893715132	guardian property and asset management	Perth	Australia	PERMISSIVE	domain:guardianproperty.net.au
	A	91	Darwin	Australia	C2 Esplanade Serviced Apartments		hotel	102 Esplanade	+61889411969								overture:1a3dec1e-d186-492e-a521-976e538e9e2d	2026-08-15T18:57:23.320158Z		Canonical queue drain | fit A | GitHub MASTER dedupe passed	http://www.c2esplanade.com.au										Permissive	Qualification	https://explore.overturemaps.org/#id=1a3dec1e-d186-492e-a521-976e538e9e2d	Public Overture website; no usable Overture email. First-party public contact crawl required; no inference.				overture:1a3dec1e-d186-492e-a521-976e538e9e2d	c2esplanade.com.au	61889411969	c2 esplanade serviced apartments	Darwin	Australia	PERMISSIVE	domain:c2esplanade.com.au
	A	91	Hotham Heights	Australia	CSIR Ski Lodge, Mt Hotham		ski_resort	Rangers Apartments, 1 Great Alpine Rd	+61357593502								overture:a4d64298-e6c5-49c0-87d3-e4f945fbf141	2026-08-15T18:57:23.320158Z		Canonical queue drain | fit A | GitHub MASTER dedupe passed	http://www.csirski.asn.au/										Permissive	Qualification	https://explore.overturemaps.org/#id=a4d64298-e6c5-49c0-87d3-e4f945fbf141	Public Overture website; no usable Overture email. First-party public contact crawl required; no inference.				overture:a4d64298-e6c5-49c0-87d3-e4f945fbf141	asn.au	61357593502	csir ski lodge mt hotham	Hotham Heights	Australia	PERMISSIVE	domain:asn.au
	A	91	Melbourne	Australia	Camberwell Green Serviced Apartments		retirement_home	12-14 Hunter Rd	+61398886133								overture:5d541e44-9add-46dc-82b7-aa33de54b2bf	2026-08-15T18:57:23.320158Z		Canonical queue drain | fit A | GitHub MASTER dedupe passed	https://www.allity.com.au/locations/camberwell-green-aged-care										Permissive	Qualification	https://explore.overturemaps.org/#id=5d541e44-9add-46dc-82b7-aa33de54b2bf	Public Overture website; no usable Overture email. First-party public contact crawl required; no inference.				overture:5d541e44-9add-46dc-82b7-aa33de54b2bf	allity.com.au	61398886133	camberwell green serviced apartments	Melbourne	Australia	PERMISSIVE	domain:allity.com.au
	A	91	Mackay	Australia	360 Property Management		property_management	258 Shakespeare Street	0749441360								overture:3b093c5b-6086-4c68-90b1-6fd5a0450bb9	2026-08-15T18:45:57.853833Z		Canonical queue drain | fit A | GitHub MASTER dedupe passed	http://www.360pm.com.au/										Permissive	Qualification	https://explore.overturemaps.org/#id=3b093c5b-6086-4c68-90b1-6fd5a0450bb9	Public Overture website; no usable Overture email. First-party public contact crawl required; no inference.				overture:3b093c5b-6086-4c68-90b1-6fd5a0450bb9	360pm.com.au	0749441360	360 property management	Mackay	Australia	PERMISSIVE	domain:360pm.com.au
	A	91	Dubbo	Australia	Quest Apartments		hotel	22 Bultje St	+61258098600								overture:599284bc-7674-4423-aa06-889d44202ec5	2026-08-15T18:44:13.114631Z		Canonical queue drain | fit A | GitHub MASTER dedupe passed	http://www.questdubbo.com.au										High	Verified	https://explore.overturemaps.org/#id=599284bc-7674-4423-aa06-889d44202ec5	Public Overture website; no usable Overture email. First-party public contact crawl required; no inference.				overture:599284bc-7674-4423-aa06-889d44202ec5	questdubbo.com.au	61258098600	quest apartments	Dubbo	Australia	HIGH	domain:questdubbo.com.au
	A	91	Christchurch	New Zealand	Unity Property Management		property_management	351 Riccarton Rd	+6433887171								overture:4f5e848a-adb2-4b61-b177-5273da0b2d73	2026-08-15T17:41:47.330305Z		Canonical queue drain | fit A | GitHub MASTER dedupe passed	https://unityproperty.co.nz/										Permissive	Qualification	https://explore.overturemaps.org/#id=4f5e848a-adb2-4b61-b177-5273da0b2d73	Public Overture website; no usable Overture email. First-party public contact crawl required; no inference.				overture:4f5e848a-adb2-4b61-b177-5273da0b2d73	unityproperty.co.nz	6433887171	unity property management	Christchurch	New Zealand	PERMISSIVE	domain:unityproperty.co.nz
	A	91	Middlegate	NF	Jacaranda Park Holiday Cottages		hotel	49 Cutters Corn Rd	+672323883								overture:f3719fee-cc28-494c-a744-d78523ebb359	2026-08-15T17:41:47.330305Z		Canonical queue drain | fit A | GitHub MASTER dedupe passed	http://www.jacarandapark.nlk.nf/										Permissive	Qualification	https://explore.overturemaps.org/#id=f3719fee-cc28-494c-a744-d78523ebb359	Public Overture website; no usable Overture email. First-party public contact crawl required; no inference.				overture:f3719fee-cc28-494c-a744-d78523ebb359	nlk.nf	672323883	jacaranda park holiday cottages	Middlegate	NF	PERMISSIVE	domain:nlk.nf
	A	91	Wellington	New Zealand	KITT Property Management (Wellington)		property_management	G14/1 Clyde Quay Wharf, Herd Street	0800548876								overture:b1b4bb4c-40b8-4e2f-bd59-fea430a9096b	2026-08-15T17:41:47.330305Z		Canonical queue drain | fit A | GitHub MASTER dedupe passed	https://kitt.co.nz/wellington/										Permissive	Qualification	https://explore.overturemaps.org/#id=b1b4bb4c-40b8-4e2f-bd59-fea430a9096b	Public Overture website; no usable Overture email. First-party public contact crawl required; no inference.				overture:b1b4bb4c-40b8-4e2f-bd59-fea430a9096b	kitt.co.nz	0800548876	kitt property management wellington	Wellington	New Zealand	PERMISSIVE	domain:kitt.co.nz
	A	91	Wellington	New Zealand	Polished Property Management		property_management	162 Willis Street									overture:2c12a2c9-4229-4902-8a23-38f98d2cc343	2026-08-15T17:41:47.330305Z		Canonical queue drain | fit A | GitHub MASTER dedupe passed	http://www.clo.co.nz		https://clo.co.nz/contact-us/								Permissive	Qualification	https://explore.overturemaps.org/#id=2c12a2c9-4229-4902-8a23-38f98d2cc343	Public Overture website; no usable Overture email. First-party public contact crawl required; no inference.				overture:2c12a2c9-4229-4902-8a23-38f98d2cc343	clo.co.nz		polished property management	Wellington	New Zealand	PERMISSIVE	domain:clo.co.nz
	A	91	Nelson	New Zealand	Willow Avenue Nelson Holiday Rental		hotel	19A Willow Ave	+6421803468								overture:54028062-5694-451d-b864-2e2f1eb77ede	2026-08-15T17:41:47.330305Z		Canonical queue drain | fit A | GitHub MASTER dedupe passed	http://nelsonholidayrental.blogspot.co.nz/										High	Verified	https://explore.overturemaps.org/#id=54028062-5694-451d-b864-2e2f1eb77ede	Public Overture website; no usable Overture email. First-party public contact crawl required; no inference.				overture:54028062-5694-451d-b864-2e2f1eb77ede	blogspot.co.nz	6421803468	willow avenue nelson holiday rental	Nelson	New Zealand	HIGH	domain:blogspot.co.nz
	A	91	Christchurch	New Zealand	A1 Property Managers		property_management	200 Fendalton Rd	+6433517643								overture:e4e343c6-9778-42b3-b17c-87ae3e901fa5	2026-08-15T17:41:47.330305Z		Canonical queue drain | fit A | GitHub MASTER dedupe passed	http://www.a1propertymanagers.co.nz/										Permissive	Qualification	https://explore.overturemaps.org/#id=e4e343c6-9778-42b3-b17c-87ae3e901fa5	Public Overture website; no usable Overture email. First-party public contact crawl required; no inference.				overture:e4e343c6-9778-42b3-b17c-87ae3e901fa5	a1propertymanagers.co.nz	6433517643	a1 property managers	Christchurch	New Zealand	PERMISSIVE	domain:a1propertymanagers.co.nz
	A	91	Christchurch	New Zealand	Lotus Property Management		property_management	51 Nancy Ave	+6433888444								overture:922aca63-85e3-4b84-94a4-08a7ed95e1aa	2026-08-15T17:41:47.330305Z		Canonical queue drain | fit A | GitHub MASTER dedupe passed	http://www.3888444.co.nz/										Permissive	Qualification	https://explore.overturemaps.org/#id=922aca63-85e3-4b84-94a4-08a7ed95e1aa	Public Overture website; no usable Overture email. First-party public contact crawl required; no inference.				overture:922aca63-85e3-4b84-94a4-08a7ed95e1aa	3888444.co.nz	6433888444	lotus property management	Christchurch	New Zealand	PERMISSIVE	domain:3888444.co.nz
	A	91	Queenstown	New Zealand	Property Management Specialists		real_estate_agent	19 Onslow Road,Lake Hayes Estate	027 333 9022								overture:813cc266-991f-4590-b452-167cab932257	2026-08-15T17:21:32.102346Z		Canonical queue drain | fit A | GitHub MASTER dedupe passed	https://www.propertymanagementspecialists.co.nz										Permissive	Qualification	https://explore.overturemaps.org/#id=813cc266-991f-4590-b452-167cab932257	Public Overture website; no usable Overture email. First-party public contact crawl required; no inference.				overture:813cc266-991f-4590-b452-167cab932257	propertymanagementspecialists.co.nz	0273339022	property management specialists	Queenstown	New Zealand	PERMISSIVE	domain:propertymanagementspecialists.co.nz
	A	91	Pyrmont	Australia	The Star Grand Hotel & Residences		resort	80 Pyrmont Street	0297779000								overture:2842a78c-0019-45a4-a3c8-f884f9b2c36f	2026-08-15T17:07:20.232699Z		Canonical queue drain | fit A | GitHub MASTER dedupe passed	https://www.star.com.au/sydney/hotels-and-spa/the-star-grand-residences										High	Verified	https://explore.overturemaps.org/#id=2842a78c-0019-45a4-a3c8-f884f9b2c36f	Public Overture website; no usable Overture email. First-party public contact crawl required; no inference.				overture:2842a78c-0019-45a4-a3c8-f884f9b2c36f	star.com.au	0297779000	the star grand hotel residences	Pyrmont	Australia	HIGH	domain:star.com.au
	A	91	Old Bar	Australia	Sea Change Holiday Cottage		hotel	21 Bryan St	+61265532929								overture:14bd2b12-97fc-44ff-8f45-be71947413da	2026-08-15T17:07:20.232699Z		Canonical queue drain | fit A | GitHub MASTER dedupe passed	http://www.seachangeholiday.com										Permissive	Qualification	https://explore.overturemaps.org/#id=14bd2b12-97fc-44ff-8f45-be71947413da	Public Overture website; no usable Overture email. First-party public contact crawl required; no inference.				overture:14bd2b12-97fc-44ff-8f45-be71947413da	seachangeholiday.com	61265532929	sea change holiday cottage	Old Bar	Australia	PERMISSIVE	domain:seachangeholiday.com
	A	91	Newcastle	Australia	Quest Newcastle West Apartment Hotel		service_apartment	787 Hunter St	+61249203400								overture:d2d0a928-6265-4190-9eeb-44458541e10f	2026-08-15T17:07:20.232699Z		Canonical queue drain | fit A | GitHub MASTER dedupe passed	http://www.questnewcastlewest.com.au/										High	Verified	https://explore.overturemaps.org/#id=d2d0a928-6265-4190-9eeb-44458541e10f	Public Overture website; no usable Overture email. First-party public contact crawl required; no inference.				overture:d2d0a928-6265-4190-9eeb-44458541e10f	questnewcastlewest.com.au	61249203400	quest newcastle west apartment hotel	Newcastle	Australia	HIGH	domain:questnewcastlewest.com.au
	A	91	Newcastle	Australia	Quest Newcastle Apartment Hotel		service_apartment	575 Hunter St	+61249288000								overture:c38b2847-ac3e-4a85-9f85-543a4ff458ec	2026-08-15T17:07:20.232699Z		Canonical queue drain | fit A | GitHub MASTER dedupe passed	http://questnewcastle.com.au/										High	Verified	https://explore.overturemaps.org/#id=c38b2847-ac3e-4a85-9f85-543a4ff458ec	Public Overture website; no usable Overture email. First-party public contact crawl required; no inference.				overture:c38b2847-ac3e-4a85-9f85-543a4ff458ec	questnewcastle.com.au	61249288000	quest newcastle apartment hotel	Newcastle	Australia	HIGH	domain:questnewcastle.com.au
	A	91	Sydney	Australia	Quest Apartment Hotel		service_apartment	Quest Apartments, 1 Rennie Rd	+61246224900								overture:036b908d-befd-4377-9ee0-7d74a4786bc3	2026-08-15T17:07:20.232699Z		Canonical queue drain | fit A | GitHub MASTER dedupe passed	http://www.questcampbelltown.com.au/										High	Verified	https://explore.overturemaps.org/#id=036b908d-befd-4377-9ee0-7d74a4786bc3	Public Overture website; no usable Overture email. First-party public contact crawl required; no inference.				overture:036b908d-befd-4377-9ee0-7d74a4786bc3	questcampbelltown.com.au	61246224900	quest apartment hotel	Sydney	Australia	HIGH	domain:questcampbelltown.com.au
	A	91	Central Coast	Australia	Property Central Erina Property Management		real_estate_service	247 The Entrance Rd	+61243856423								overture:790cf71d-341c-4aa5-9b06-9020bb64d5b9	2026-08-15T17:07:20.232699Z		Canonical queue drain | fit A | GitHub MASTER dedupe passed	http://www.propertycentral.com.au/										Permissive	Qualification	https://explore.overturemaps.org/#id=790cf71d-341c-4aa5-9b06-9020bb64d5b9	Public Overture website; no usable Overture email. First-party public contact crawl required; no inference.				overture:790cf71d-341c-4aa5-9b06-9020bb64d5b9	propertycentral.com.au	61243856423	property central erina property management	Central Coast	Australia	PERMISSIVE	domain:propertycentral.com.au
	A	91	Bellevue Hill	Australia	Management Co Property Management Specialists			112 Bellevue Rd	0488563131								overture:36e7f786-3db0-4485-ad05-f6f81c58bb4d	2026-08-15T17:07:20.232699Z		Canonical queue drain | fit A | GitHub MASTER dedupe passed	https://mcopm.com.au/										Permissive	Qualification	https://explore.overturemaps.org/#id=36e7f786-3db0-4485-ad05-f6f81c58bb4d	Public Overture website; no usable Overture email. First-party public contact crawl required; no inference.				overture:36e7f786-3db0-4485-ad05-f6f81c58bb4d	mcopm.com.au	0488563131	management co property management specialists	Bellevue Hill	Australia	PERMISSIVE	domain:mcopm.com.au
	A	91	Katoomba	Australia	Mountain Top Holiday Home		cottage	42 Merriwa St	+61247823933								overture:234b0160-f05f-48b6-b5a3-a1f918d4c7a4	2026-08-15T17:07:20.232699Z		Canonical queue drain | fit A | GitHub MASTER dedupe passed	http://www.katoombacottages.com.au										High	Verified	https://explore.overturemaps.org/#id=234b0160-f05f-48b6-b5a3-a1f918d4c7a4	Public Overture website; no usable Overture email. First-party public contact crawl required; no inference.				overture:234b0160-f05f-48b6-b5a3-a1f918d4c7a4	katoombacottages.com.au	61247823933	mountain top holiday home	Katoomba	Australia	HIGH	domain:katoombacottages.com.au
	A	91	Neutral Bay	Australia	Investment Property Managers		property_management	121 Military Rd Suite 5	(02) 8969 6977								overture:080e421e-e508-413f-8770-482a9ca1aa4f	2026-08-15T17:07:20.232699Z		Canonical queue drain | fit A | GitHub MASTER dedupe passed	http://www.ipmanagers.com.au										Permissive	Qualification	https://explore.overturemaps.org/#id=080e421e-e508-413f-8770-482a9ca1aa4f	Public Overture website; no usable Overture email. First-party public contact crawl required; no inference.				overture:080e421e-e508-413f-8770-482a9ca1aa4f	ipmanagers.com.au	0289696977	investment property managers	Neutral Bay	Australia	PERMISSIVE	domain:ipmanagers.com.au
	A	91	Emu Plains	Australia	Nepean River Holiday Village		ski_resort	Mackellar St	(02) 4735 4425								overture:ee5fc2ed-1c34-4e31-b784-ccf7b65df1cf	2026-08-15T17:07:20.232699Z		Canonical queue drain | fit A | GitHub MASTER dedupe passed	http://www.hvgroup.com.au										High	Verified	https://explore.overturemaps.org/#id=ee5fc2ed-1c34-4e31-b784-ccf7b65df1cf	Public Overture website; no usable Overture email. First-party public contact crawl required; no inference.				overture:ee5fc2ed-1c34-4e31-b784-ccf7b65df1cf	hvgroup.com.au	0247354425	nepean river holiday village	Emu Plains	Australia	HIGH	domain:hvgroup.com.au
	A	91	Mareeba	Australia	INVEST Property Management			219A Byrnes St	0740924040								overture:e234ea6d-a3ce-4936-8639-f8dedb529d7d	2026-08-15T17:07:20.232699Z		Canonical queue drain | fit A | GitHub MASTER dedupe passed	https://www.4880.com.au/										Permissive	Qualification	https://explore.overturemaps.org/#id=e234ea6d-a3ce-4936-8639-f8dedb529d7d	Public Overture website; no usable Overture email. First-party public contact crawl required; no inference.				overture:e234ea6d-a3ce-4936-8639-f8dedb529d7d	4880.com.au	0740924040	invest property management	Mareeba	Australia	PERMISSIVE	domain:4880.com.au
	A	91	Townsville	Australia	Meraki Property Management		property_management	49 Thuringowa Dr	+61747212391								overture:1c42af89-29ed-4d60-8245-d832eba64ed1	2026-08-15T17:07:20.232699Z		Canonical queue drain | fit A | GitHub MASTER dedupe passed	https://www.2apply.com.au/Agency/MerakiProperty										Permissive	Qualification	https://explore.overturemaps.org/#id=1c42af89-29ed-4d60-8245-d832eba64ed1	Public Overture website; no usable Overture email. First-party public contact crawl required; no inference.				overture:1c42af89-29ed-4d60-8245-d832eba64ed1	2apply.com.au	61747212391	meraki property management	Townsville	Australia	PERMISSIVE	domain:2apply.com.au
	A	91	Brisbane	Australia	Quest Woolloongabba		service_apartment	130 Logan Rd	+61738733000								overture:ece3bd4d-d48e-449d-8692-8b7d4d7b0ef6	2026-08-15T17:02:35.610607Z		Canonical queue drain | fit A | GitHub MASTER dedupe passed	http://www.questwoolloongabba.com.au										High	Verified	https://explore.overturemaps.org/#id=ece3bd4d-d48e-449d-8692-8b7d4d7b0ef6	Public Overture website; no usable Overture email. First-party public contact crawl required; no inference.				overture:ece3bd4d-d48e-449d-8692-8b7d4d7b0ef6	questwoolloongabba.com.au	61738733000	quest woolloongabba	Brisbane	Australia	HIGH	domain:questwoolloongabba.com.au
	A	91	Toowoomba	Australia	Quest Toowoomba Apartment Hotel		hotel	133 Margaret St	+61746902222								overture:f8b13e13-1fdb-4e89-ab60-68b74a67ee9c	2026-08-15T17:02:35.610607Z		Canonical queue drain | fit A | GitHub MASTER dedupe passed	http://www.questtoowoomba.com.au/										High	Verified	https://explore.overturemaps.org/#id=f8b13e13-1fdb-4e89-ab60-68b74a67ee9c	Public Overture website; no usable Overture email. First-party public contact crawl required; no inference.				overture:f8b13e13-1fdb-4e89-ab60-68b74a67ee9c	questtoowoomba.com.au	61746902222	quest toowoomba apartment hotel	Toowoomba	Australia	HIGH	domain:questtoowoomba.com.au
	A	91	Adelaide	Australia	Quest on Franklin		service_apartment	74 Franklin St	+61881137500								overture:3ea17f3f-f186-4e51-b19f-41b2e339a4ab	2026-08-15T17:02:35.610607Z		Canonical queue drain | fit A | GitHub MASTER dedupe passed	http://www.questonfranklin.com.au/										High	Verified	https://explore.overturemaps.org/#id=3ea17f3f-f186-4e51-b19f-41b2e339a4ab	Public Overture website; no usable Overture email. First-party public contact crawl required; no inference.				overture:3ea17f3f-f186-4e51-b19f-41b2e339a4ab	questonfranklin.com.au	61881137500	quest on franklin	Adelaide	Australia	HIGH	domain:questonfranklin.com.au
	A	91	Gold Coast	Australia	Gold Coast Luxury Holiday Homes		hotel	550 The Panorama	+61434556162								overture:fcb1fb24-9ef9-45d7-ad43-f9a57ebfd2d9	2026-08-15T17:02:35.610607Z		Canonical queue drain | fit A | GitHub MASTER dedupe passed	http://www.goldcoastluxuryholidayhomes.com										Medium	Recall-first	https://explore.overturemaps.org/#id=fcb1fb24-9ef9-45d7-ad43-f9a57ebfd2d9	Public Overture website; no usable Overture email. First-party public contact crawl required; no inference.				overture:fcb1fb24-9ef9-45d7-ad43-f9a57ebfd2d9	goldcoastluxuryholidayhomes.com	61434556162	gold coast luxury holiday homes	Gold Coast	Australia	MEDIUM	domain:goldcoastluxuryholidayhomes.com
	A	91	Surfers Paradise	Australia	Gold Coast Holiday Rentals		travel_agent	3142 Surfers Paradise Blvd	(07) 5539 8553								overture:f6ff773e-77dd-4fdc-8c5d-695aeba2f307	2026-08-15T17:02:35.610607Z		Canonical queue drain | fit A | GitHub MASTER dedupe passed	http://www.gchr.com.au										High	Verified	https://explore.overturemaps.org/#id=f6ff773e-77dd-4fdc-8c5d-695aeba2f307	Public Overture website; no usable Overture email. First-party public contact crawl required; no inference.				overture:f6ff773e-77dd-4fdc-8c5d-695aeba2f307	gchr.com.au	0755398553	gold coast holiday rentals	Surfers Paradise	Australia	HIGH	domain:gchr.com.au
	A	91	Woolloongabba	Australia	Commercial Property Management		property_management	217 Logan Rd	0413879079								overture:13a468ba-dd81-4675-94bf-e1cb0b342d75	2026-08-15T17:02:35.610607Z		Canonical queue drain | fit A | GitHub MASTER dedupe passed	https://www.commercial-property-management.com/										Permissive	Qualification	https://explore.overturemaps.org/#id=13a468ba-dd81-4675-94bf-e1cb0b342d75	Public Overture website; no usable Overture email. First-party public contact crawl required; no inference.				overture:13a468ba-dd81-4675-94bf-e1cb0b342d75	commercial-property-management.com	0413879079	commercial property management	Woolloongabba	Australia	PERMISSIVE	domain:commercial-property-management.com
	A	91	Frederiksberg	Denmark	CEJ Property Management		property_management	Nitivej 6	+4533338282								overture:95801bb2-9b1e-437e-b174-81432ee7a0f2	2026-08-15T16:22:34.976639Z		Canonical queue drain | fit A | GitHub MASTER dedupe passed	http://www.cejudlejning.dk/										Permissive	Qualification	https://explore.overturemaps.org/#id=95801bb2-9b1e-437e-b174-81432ee7a0f2	Public Overture website; no usable Overture email. First-party public contact crawl required; no inference.				overture:95801bb2-9b1e-437e-b174-81432ee7a0f2	cejudlejning.dk	4533338282	cej property management	Frederiksberg	Denmark	PERMISSIVE	domain:cejudlejning.dk
	A	91	Vesilahti	Finland	Kinnari Holiday Cottages		cottage	Särkisaarentie 111	+358400739501								overture:a279015f-72a0-421d-aaf4-863e16f4d4fa	2026-08-15T16:00:47.263084Z		Canonical queue drain | fit A | GitHub MASTER dedupe passed	http://www.kinnarinlomamokit.fi/										Permissive	Qualification	https://explore.overturemaps.org/#id=a279015f-72a0-421d-aaf4-863e16f4d4fa	Public Overture website; no usable Overture email. First-party public contact crawl required; no inference.				overture:a279015f-72a0-421d-aaf4-863e16f4d4fa	kinnarinlomamokit.fi	358400739501	kinnari holiday cottages	Vesilahti	Finland	PERMISSIVE	domain:kinnarinlomamokit.fi
	A	91	Haverfordwest	United Kingdom	Nolton Haven Holiday Cottages		holiday_rental_home	Sycamore Lodge, Nolton Haven	01437710263								overture:1aabce32-786b-409d-a534-e97381ce2d20	2026-08-15T15:58:41.539997Z		Canonical queue drain | fit A | GitHub MASTER dedupe passed	http://www.noltonhaven.co.uk/										High	Verified	https://explore.overturemaps.org/#id=1aabce32-786b-409d-a534-e97381ce2d20	Public Overture website; no usable Overture email. First-party public contact crawl required; no inference.				overture:1aabce32-786b-409d-a534-e97381ce2d20	noltonhaven.co.uk	01437710263	nolton haven holiday cottages	Haverfordwest	United Kingdom	HIGH	domain:noltonhaven.co.uk
	A	91	Newquay	United Kingdom	Bullpen Cottage - Holiday Rental		holiday_rental_home	Bullpen Cottage	+447912603291								overture:fca6a114-70b1-45b9-82e7-f23dd8d25bf5	2026-08-15T15:58:41.539997Z		Canonical queue drain | fit A | GitHub MASTER dedupe passed	http://www.lowertrewincefarm.co.uk/										Permissive	Qualification	https://explore.overturemaps.org/#id=fca6a114-70b1-45b9-82e7-f23dd8d25bf5	Public Overture website; no usable Overture email. First-party public contact crawl required; no inference.				overture:fca6a114-70b1-45b9-82e7-f23dd8d25bf5	lowertrewincefarm.co.uk	447912603291	bullpen cottage holiday rental	Newquay	United Kingdom	PERMISSIVE	domain:lowertrewincefarm.co.uk
	A	91	Kuusamo	Finland	Mökki Rukalta/ Holiday Rental Ruka Kuusamo		hotel	Kesäjärventie 9									overture:0413ce7c-bdb1-4a3f-b766-1966f698970f	2026-08-15T15:58:41.539997Z		Canonical queue drain | fit A | GitHub MASTER dedupe passed	http://www.kelokallas1.fi/				https://www.facebook.com/M%C3%B6kki-Rukalta-Holiday-Rental-Ruka-Kuusamo-1692271694359184/						High	Verified	https://explore.overturemaps.org/#id=0413ce7c-bdb1-4a3f-b766-1966f698970f; https://www.kelokallas1.fi/	Public Overture website; no usable Overture email. First-party public contact crawl required; no inference.				overture:0413ce7c-bdb1-4a3f-b766-1966f698970f	kelokallas1.fi		mokki rukalta holiday rental ruka kuusamo	Kuusamo	Finland	HIGH	domain:kelokallas1.fi
	A	91	Dublin 3	Ireland	Dublin Property Management		rental_service	6 Malahide Road	018560500								overture:798936c1-c96e-46cd-92ee-de54e72d52b6	2026-08-15T15:58:41.539997Z		Canonical queue drain | fit A | GitHub MASTER dedupe passed	http://www.dpmres.ie/										Permissive	Qualification	https://explore.overturemaps.org/#id=798936c1-c96e-46cd-92ee-de54e72d52b6	Public Overture website; no usable Overture email. First-party public contact crawl required; no inference.				overture:798936c1-c96e-46cd-92ee-de54e72d52b6	dpmres.ie	018560500	dublin property management	Dublin 3	Ireland	PERMISSIVE	domain:dpmres.ie
	A	91	Porthleven	United Kingdom	Cornish Property Management		property_management	Harbour Head	01326 563404								overture:3c5d15fa-d642-4104-b05e-727b34aa81bb	2026-08-15T15:58:41.539997Z		Canonical queue drain | fit A | GitHub MASTER dedupe passed	http://www.cornishpropertymanagement.co.uk										Permissive	Qualification	https://explore.overturemaps.org/#id=3c5d15fa-d642-4104-b05e-727b34aa81bb	Public Overture website; no usable Overture email. First-party public contact crawl required; no inference.				overture:3c5d15fa-d642-4104-b05e-727b34aa81bb	cornishpropertymanagement.co.uk	01326563404	cornish property management	Porthleven	United Kingdom	PERMISSIVE	domain:cornishpropertymanagement.co.uk
	A	91	Newquay	United Kingdom	Crantock West Pentire Self catering Holidays		holiday_rental_home	West Pentire	+441637831168								overture:a4dde8ae-b97e-4305-ad3b-07cb3e4e64ef	2026-08-15T15:58:41.539997Z		Canonical queue drain | fit A | GitHub MASTER dedupe passed	http://atlanticviewonline.co.uk/										Permissive	Qualification	https://explore.overturemaps.org/#id=a4dde8ae-b97e-4305-ad3b-07cb3e4e64ef	Public Overture website; no usable Overture email. First-party public contact crawl required; no inference.				overture:a4dde8ae-b97e-4305-ad3b-07cb3e4e64ef	atlanticviewonline.co.uk	441637831168	crantock west pentire self catering holidays	Newquay	United Kingdom	PERMISSIVE	domain:atlanticviewonline.co.uk
	A	91	Kamperland	Netherlands	Zeeland Holiday Rentals		holiday_rental_home	De Banjaard	+31345532427								overture:00441ebb-7b95-4d24-a411-388c14667f5f	2026-08-15T15:56:07.598368Z		Canonical queue drain | fit A | GitHub MASTER dedupe passed	http://www.vakantie-huis-zeeland.nl/										Medium	Recall-first	https://explore.overturemaps.org/#id=00441ebb-7b95-4d24-a411-388c14667f5f	Public Overture website; no usable Overture email. First-party public contact crawl required; no inference.				overture:00441ebb-7b95-4d24-a411-388c14667f5f	vakantie-huis-zeeland.nl	31345532427	zeeland holiday rentals	Kamperland	Netherlands	MEDIUM	domain:vakantie-huis-zeeland.nl
	A	91	Kemmel	Belgium	Trilogie Aparthotel & Gasterij		holiday_rental_home	Reningelststraat 23	0475 38 63 86								overture:534b388e-a803-49c4-82d4-e8e56940374e	2026-08-15T15:56:07.598368Z		Canonical queue drain | fit A | GitHub MASTER dedupe passed	https://www.trilogie-kemmel.be										High	Verified	https://explore.overturemaps.org/#id=534b388e-a803-49c4-82d4-e8e56940374e	Public Overture website; no usable Overture email. First-party public contact crawl required; no inference.				overture:534b388e-a803-49c4-82d4-e8e56940374e	trilogie-kemmel.be	0475386386	trilogie aparthotel gasterij	Kemmel	Belgium	HIGH	domain:trilogie-kemmel.be
	A	91	Zingst	Germany	Steigenberger Aparthotel Zingst		hotel	Seestr. 54	04938 232850								overture:c2a625c2-aa62-48d1-b81e-0438ce1edfd4	2026-08-15T15:56:07.598368Z		Canonical queue drain | fit A | GitHub MASTER dedupe passed	https://www.steigenberger.com										High	Verified	https://explore.overturemaps.org/#id=c2a625c2-aa62-48d1-b81e-0438ce1edfd4	Public Overture website; no usable Overture email. First-party public contact crawl required; no inference.				overture:c2a625c2-aa62-48d1-b81e-0438ce1edfd4	steigenberger.com	04938232850	steigenberger aparthotel zingst	Zingst	Germany	HIGH	domain:steigenberger.com
	A	91	Dresden	Germany	Pension Leutewitz		hotel	Wilhelm-Müller-Straße 1	+493514212034								overture:e8cf76fb-dc19-48cd-af17-73528127377b	2026-08-15T15:56:07.598368Z		Canonical queue drain | fit A | GitHub MASTER dedupe passed	https://www.pension-dresden.eu/										Permissive	Qualification	https://explore.overturemaps.org/#id=e8cf76fb-dc19-48cd-af17-73528127377b	Public Overture website; no usable Overture email. First-party public contact crawl required; no inference.				overture:e8cf76fb-dc19-48cd-af17-73528127377b	pension-dresden.eu	493514212034	pension leutewitz	Dresden	Germany	PERMISSIVE	domain:pension-dresden.eu
	A	91	Schwerin	Germany	Aparthotel am Heidensee		hotel	Buchenweg 19	+49385512654								overture:dea0ee34-2627-4976-928f-0e545a6ca986	2026-08-15T15:56:07.598368Z		Canonical queue drain | fit A | GitHub MASTER dedupe passed	http://www.marina-nord.de/										High	Verified	https://explore.overturemaps.org/#id=dea0ee34-2627-4976-928f-0e545a6ca986	Public Overture website; no usable Overture email. First-party public contact crawl required; no inference.				overture:dea0ee34-2627-4976-928f-0e545a6ca986	marina-nord.de	49385512654	aparthotel am heidensee	Schwerin	Germany	HIGH	domain:marina-nord.de
	A	91	Kortgene	Netherlands	Holiday Home Valentijn		holiday_rental_home	Klaverhoek 6	+31113450123								overture:5cc569ff-b685-4900-b3e0-15704320c447	2026-08-15T15:56:07.598368Z		Canonical queue drain | fit A | GitHub MASTER dedupe passed	https://www.huurkalender.nl/vacancy/holidayhome-valentijn-16340.html?type=iframe&lang=nl										Permissive	Qualification	https://explore.overturemaps.org/#id=5cc569ff-b685-4900-b3e0-15704320c447	Public Overture website; no usable Overture email. First-party public contact crawl required; no inference.				overture:5cc569ff-b685-4900-b3e0-15704320c447	huurkalender.nl	31113450123	holiday home valentijn	Kortgene	Netherlands	PERMISSIVE	domain:huurkalender.nl
	A	91	Děčín	Czechia	Aparthotel Faust		hotel	U Plovárny 43/9	+420774411109								overture:43567462-4bcf-4e7e-8088-e09b083217a4	2026-08-15T15:56:07.598368Z		Canonical queue drain | fit A | GitHub MASTER dedupe passed	http://www.hotelfaust.cz										Permissive	Qualification	https://explore.overturemaps.org/#id=43567462-4bcf-4e7e-8088-e09b083217a4	Public Overture website; no usable Overture email. First-party public contact crawl required; no inference.				overture:43567462-4bcf-4e7e-8088-e09b083217a4	hotelfaust.cz	420774411109	aparthotel faust	Děčín	Czechia	PERMISSIVE	domain:hotelfaust.cz
	A	91	Berlin	Germany	Aparthotel Guzulka		resort	Alt-Rudow 1	030720151900								overture:e7fb3d6a-7f8b-4113-9d32-88428667f002	2026-08-15T15:56:07.598368Z		Canonical queue drain | fit A | GitHub MASTER dedupe passed	http://www.aviv-berlin.de/										Permissive	Qualification	https://explore.overturemaps.org/#id=e7fb3d6a-7f8b-4113-9d32-88428667f002	Public Overture website; no usable Overture email. First-party public contact crawl required; no inference.				overture:e7fb3d6a-7f8b-4113-9d32-88428667f002	aviv-berlin.de	030720151900	aparthotel guzulka	Berlin	Germany	PERMISSIVE	domain:aviv-berlin.de
	A	91	Antwerpen	Belgium	Aparthotel Van Hecke		service_apartment	Nationalestraat 88	+32473816360								overture:ce3d8718-f32f-49ef-8838-cb51c8d59600	2026-08-15T15:56:07.598368Z		Canonical queue drain | fit A | GitHub MASTER dedupe passed	http://www.apartmentsvanhecke.be/										Permissive	Qualification	https://explore.overturemaps.org/#id=ce3d8718-f32f-49ef-8838-cb51c8d59600	Public Overture website; no usable Overture email. First-party public contact crawl required; no inference.				overture:ce3d8718-f32f-49ef-8838-cb51c8d59600	apartmentsvanhecke.be	32473816360	aparthotel van hecke	Antwerpen	Belgium	PERMISSIVE	domain:apartmentsvanhecke.be
	A	91	Scheveningen	Netherlands	Ambassade Arene Aparthotel		hotel	Berkenbosch Blokstraat 9	+31703060123								overture:0b079ea9-6a22-4d55-8c25-e5640d70fbf7	2026-08-15T15:56:07.598368Z		Canonical queue drain | fit A | GitHub MASTER dedupe passed	http://www.aaahotel.nl/										Permissive	Qualification	https://explore.overturemaps.org/#id=0b079ea9-6a22-4d55-8c25-e5640d70fbf7	Public Overture website; no usable Overture email. First-party public contact crawl required; no inference.				overture:0b079ea9-6a22-4d55-8c25-e5640d70fbf7	aaahotel.nl	31703060123	ambassade arene aparthotel	Scheveningen	Netherlands	PERMISSIVE	domain:aaahotel.nl
	A	91	World-Atlas::western-europe::24-32::lane=site-recovery	Iceland	Eldhraun Holiday Home		hotel		+3546596800								overture:fa94ffd0-af38-4b1d-8645-98cb3b58e05e	2026-08-15T15:50:15.513369Z		Canonical queue drain | fit A | GitHub MASTER dedupe passed	http://www.eldhraunguesthouse.is/										Permissive	Qualification	https://explore.overturemaps.org/#id=fa94ffd0-af38-4b1d-8645-98cb3b58e05e	Public Overture website; no usable Overture email. First-party public contact crawl required; no inference.				overture:fa94ffd0-af38-4b1d-8645-98cb3b58e05e	eldhraunguesthouse.is	3546596800	eldhraun holiday home	World-Atlas::western-europe::24-32::lane=site-recovery	Iceland	PERMISSIVE	domain:eldhraunguesthouse.is
	A	91	Aviemore	United Kingdom	Aviemore Accommodation - Gilstrua Self Catering Cottage		hotel	Callart Road	+447799618027								overture:fb65e81d-d1b9-47e5-a7fd-88038d1ac1eb	2026-08-15T15:38:55.023861Z		Canonical queue drain | fit A | GitHub MASTER dedupe passed	http://www.stayinaviemore.co.uk/										Permissive	Qualification	https://explore.overturemaps.org/#id=fb65e81d-d1b9-47e5-a7fd-88038d1ac1eb	Public Overture website; no usable Overture email. First-party public contact crawl required; no inference.				overture:fb65e81d-d1b9-47e5-a7fd-88038d1ac1eb	stayinaviemore.co.uk	447799618027	aviemore accommodation gilstrua self catering cottage	Aviemore	United Kingdom	PERMISSIVE	domain:stayinaviemore.co.uk
	A	91	Aviemore	United Kingdom	Silverglades Holiday Homes		ranch	Reception, Silverglades Holiday Homes	0800614836								overture:0104632f-8a6a-4c13-9b51-13050bb944e1	2026-08-15T15:38:55.023861Z		Canonical queue drain | fit A | GitHub MASTER dedupe passed	http://www.silverglades.co.uk/										High	Verified	https://explore.overturemaps.org/#id=0104632f-8a6a-4c13-9b51-13050bb944e1	Public Overture website; no usable Overture email. First-party public contact crawl required; no inference.				overture:0104632f-8a6a-4c13-9b51-13050bb944e1	silverglades.co.uk	0800614836	silverglades holiday homes	Aviemore	United Kingdom	HIGH	domain:silverglades.co.uk
	A	91	Bracadale	United Kingdom	Isle of Skye Meadle Holiday Cottages		cottage	Meadle Struan Isle of Skye	+441470572216								overture:ee03ced4-41c4-425f-9866-73109936d90d	2026-08-15T15:38:55.023861Z		Canonical queue drain | fit A | GitHub MASTER dedupe passed	http://www.self-catering-carbost-skye.co.uk/										Permissive	Qualification	https://explore.overturemaps.org/#id=ee03ced4-41c4-425f-9866-73109936d90d	Public Overture website; no usable Overture email. First-party public contact crawl required; no inference.				overture:ee03ced4-41c4-425f-9866-73109936d90d	self-catering-carbost-skye.co.uk	441470572216	isle of skye meadle holiday cottages	Bracadale	United Kingdom	PERMISSIVE	domain:self-catering-carbost-skye.co.uk
	A	91	Beauly	United Kingdom	Ruilick holiday cottages Beauly		hotel	Ruilick	+441463782898								overture:46805d7c-35a0-4d8b-a0c2-025cf1ddf64a	2026-08-15T15:38:55.023861Z		Canonical queue drain | fit A | GitHub MASTER dedupe passed	http://ruilickholidaycottages.co.uk/										High	Verified	https://explore.overturemaps.org/#id=46805d7c-35a0-4d8b-a0c2-025cf1ddf64a	Public Overture website; no usable Overture email. First-party public contact crawl required; no inference.				overture:46805d7c-35a0-4d8b-a0c2-025cf1ddf64a	ruilickholidaycottages.co.uk	441463782898	ruilick holiday cottages beauly	Beauly	United Kingdom	HIGH	domain:ruilickholidaycottages.co.uk
	A	91	Falkirk	United Kingdom	Richardson Property Management		property_management	20 Meeks Road	01324867567								overture:6e091755-4f56-4178-98e4-705bda75bf86	2026-08-15T15:38:55.023861Z		Canonical queue drain | fit A | GitHub MASTER dedupe passed	http://www.rpmlettings.co.uk/										Permissive	Qualification	https://explore.overturemaps.org/#id=6e091755-4f56-4178-98e4-705bda75bf86	Public Overture website; no usable Overture email. First-party public contact crawl required; no inference.				overture:6e091755-4f56-4178-98e4-705bda75bf86	rpmlettings.co.uk	01324867567	richardson property management	Falkirk	United Kingdom	PERMISSIVE	domain:rpmlettings.co.uk
	A	91	Hamilton	United Kingdom	Miller Property Management		property_management	Suite 2.2 Waverley House, Caird Park	01698283456								overture:9b68650d-b6d6-4d09-9d49-1cf2efb64dcb	2026-08-15T15:38:55.023861Z		Canonical queue drain | fit A | GitHub MASTER dedupe passed	http://millermanagement.co.uk/										Permissive	Qualification	https://explore.overturemaps.org/#id=9b68650d-b6d6-4d09-9d49-1cf2efb64dcb	Public Overture website; no usable Overture email. First-party public contact crawl required; no inference.				overture:9b68650d-b6d6-4d09-9d49-1cf2efb64dcb	millermanagement.co.uk	01698283456	miller property management	Hamilton	United Kingdom	PERMISSIVE	domain:millermanagement.co.uk
	A	91	Võru vald	Estonia	Kuningatalu Holiday Home		hotel	Roosisaare Küla, Võru Vald, Kuningatalu	+3725289100								overture:c198e839-7ea9-45bc-a952-10f6600920ae	2026-08-15T15:38:55.023861Z		Canonical queue drain | fit A | GitHub MASTER dedupe passed	http://www.kuningatalu.ee										Permissive	Qualification	https://explore.overturemaps.org/#id=c198e839-7ea9-45bc-a952-10f6600920ae	Public Overture website; no usable Overture email. First-party public contact crawl required; no inference.				overture:c198e839-7ea9-45bc-a952-10f6600920ae	kuningatalu.ee	3725289100	kuningatalu holiday home	Võru vald	Estonia	PERMISSIVE	domain:kuningatalu.ee
	A	91	Innerleithen	United Kingdom	Innerhaven self catering in Innerleithen		hotel	2a Leithen Road	+441896888096								overture:df547802-443b-42ff-8ef7-c8d12367400b	2026-08-15T15:38:55.023861Z		Canonical queue drain | fit A | GitHub MASTER dedupe passed	http://www.innerhaven.co.uk										Permissive	Qualification	https://explore.overturemaps.org/#id=df547802-443b-42ff-8ef7-c8d12367400b	Public Overture website; no usable Overture email. First-party public contact crawl required; no inference.				overture:df547802-443b-42ff-8ef7-c8d12367400b	innerhaven.co.uk	441896888096	innerhaven self catering in innerleithen	Innerleithen	United Kingdom	PERMISSIVE	domain:innerhaven.co.uk
	A	91	Dalkeith	United Kingdom	Rathan House B&B/Self Catering		bed_and_breakfast	45 Eskbank Rd	0131 663 3291								overture:1d38c4f8-acf1-4d0d-97bc-05d5f21ec470	2026-08-15T15:38:55.023861Z		Canonical queue drain | fit A | GitHub MASTER dedupe passed	http://www.guesthouse-at-eskbank.co.uk										High	Verified	https://explore.overturemaps.org/#id=1d38c4f8-acf1-4d0d-97bc-05d5f21ec470	Public Overture website; no usable Overture email. First-party public contact crawl required; no inference.				overture:1d38c4f8-acf1-4d0d-97bc-05d5f21ec470	guesthouse-at-eskbank.co.uk	01316633291	rathan house b b self catering	Dalkeith	United Kingdom	HIGH	domain:guesthouse-at-eskbank.co.uk
	A	91	Kelso	United Kingdom	Edenmouth Holiday Cottages Now closed		hotel	Edenmouth Farm	+441890830391								overture:cd03f840-019f-4458-8785-53e0eb7dcfdc	2026-08-15T15:38:55.023861Z		Canonical queue drain | fit A | GitHub MASTER dedupe passed	http://www.edenmouth.co.uk/										Permissive	Qualification	https://explore.overturemaps.org/#id=cd03f840-019f-4458-8785-53e0eb7dcfdc	Public Overture website; no usable Overture email. First-party public contact crawl required; no inference.				overture:cd03f840-019f-4458-8785-53e0eb7dcfdc	edenmouth.co.uk	441890830391	edenmouth holiday cottages now closed	Kelso	United Kingdom	PERMISSIVE	domain:edenmouth.co.uk
	A	91	Alexandria	United Kingdom	East Cambusmoon Holiday Cottages		hotel	East Cambusmoon Farm	+447905093997								overture:e88a24d1-db4d-43fa-b2f1-00e5d38f44b3	2026-08-15T15:38:55.023861Z		Canonical queue drain | fit A | GitHub MASTER dedupe passed	http://www.eastcambusmoon.com										High	Verified	https://explore.overturemaps.org/#id=e88a24d1-db4d-43fa-b2f1-00e5d38f44b3	Public Overture website; no usable Overture email. First-party public contact crawl required; no inference.				overture:e88a24d1-db4d-43fa-b2f1-00e5d38f44b3	eastcambusmoon.com	447905093997	east cambusmoon holiday cottages	Alexandria	United Kingdom	HIGH	domain:eastcambusmoon.com
	A	91	Elgin	United Kingdom	Carden Self Catering		hotel	The Old Steadings, Alves	01343850222								overture:482b88af-e25f-4c7d-8f81-40c338231b91	2026-08-15T15:38:55.023861Z		Canonical queue drain | fit A | GitHub MASTER dedupe passed	http://www.carden.co.uk/										Permissive	Qualification	https://explore.overturemaps.org/#id=482b88af-e25f-4c7d-8f81-40c338231b91	Public Overture website; no usable Overture email. First-party public contact crawl required; no inference.				overture:482b88af-e25f-4c7d-8f81-40c338231b91	carden.co.uk	01343850222	carden self catering	Elgin	United Kingdom	PERMISSIVE	domain:carden.co.uk
	A	91	Isle Of Skye	United Kingdom	Brae Fasach Furnished Holiday Let		guest_house	Brae Fasach	01470592732								overture:ac855895-d0f6-4fe3-9f7a-088809a05bfb	2026-08-15T15:38:55.023861Z		Canonical queue drain | fit A | GitHub MASTER dedupe passed	https://braefasach.co.uk/										Permissive	Qualification	https://explore.overturemaps.org/#id=ac855895-d0f6-4fe3-9f7a-088809a05bfb	Public Overture website; no usable Overture email. First-party public contact crawl required; no inference.				overture:ac855895-d0f6-4fe3-9f7a-088809a05bfb	braefasach.co.uk	01470592732	brae fasach furnished holiday let	Isle Of Skye	United Kingdom	PERMISSIVE	domain:braefasach.co.uk
	A	91	Dumfries and Galloway	United Kingdom	Boreland Farm Self Catering Cottage		hotel		+441387820287								overture:4fecca47-7752-431d-b106-9a08f944e1b3	2026-08-15T15:38:55.023861Z		Canonical queue drain | fit A | GitHub MASTER dedupe passed	http://www.borelandfarm.co.uk/										Medium	Recall-first	https://explore.overturemaps.org/#id=4fecca47-7752-431d-b106-9a08f944e1b3	Public Overture website; no usable Overture email. First-party public contact crawl required; no inference.				overture:4fecca47-7752-431d-b106-9a08f944e1b3	borelandfarm.co.uk	441387820287	boreland farm self catering cottage	Dumfries and Galloway	United Kingdom	MEDIUM	domain:borelandfarm.co.uk
	A	91	Lockerbie	United Kingdom	Bonshawbrae Self-Catering Cottage		self_catering_accommodation	Kirtlebridge	07808422143								overture:a66cda0b-9594-4e8e-8a18-e6cd6eedd9dc	2026-08-15T15:38:55.023861Z		Canonical queue drain | fit A | GitHub MASTER dedupe passed	http://www.bonshawbrae.co.uk/										High	Verified	https://explore.overturemaps.org/#id=a66cda0b-9594-4e8e-8a18-e6cd6eedd9dc	Public Overture website; no usable Overture email. First-party public contact crawl required; no inference.				overture:a66cda0b-9594-4e8e-8a18-e6cd6eedd9dc	bonshawbrae.co.uk	07808422143	bonshawbrae self catering cottage	Lockerbie	United Kingdom	HIGH	domain:bonshawbrae.co.uk
	A	91	Stirling	United Kingdom	Bastion Property Management Ltd.			Upper Craigs	01786449704								overture:b5c94273-2602-4b05-9720-930dc93aa679	2026-08-15T15:38:55.023861Z		Canonical queue drain | fit A | GitHub MASTER dedupe passed	http://www.bastionpropertymanagement.com/										High	Verified	https://explore.overturemaps.org/#id=b5c94273-2602-4b05-9720-930dc93aa679	Public Overture website; no usable Overture email. First-party public contact crawl required; no inference.				overture:b5c94273-2602-4b05-9720-930dc93aa679	bastionpropertymanagement.com	01786449704	bastion property management ltd	Stirling	United Kingdom	HIGH	domain:bastionpropertymanagement.com
	A	91	Sinzig	Germany	Maravilla Beauty Spa Hotel & Restaurant		resort	Hauptstr. 158	0264240000								overture:3b1dc6f6-6da4-4cc9-b19d-7c6274e5f454	2026-08-15T15:36:03.266313Z		Canonical queue drain | fit A | GitHub MASTER dedupe passed	http://www.maravilla-spa.de/										High	Verified	https://explore.overturemaps.org/#id=3b1dc6f6-6da4-4cc9-b19d-7c6274e5f454	Public Overture website; no usable Overture email. First-party public contact crawl required; no inference.				overture:3b1dc6f6-6da4-4cc9-b19d-7c6274e5f454	maravilla-spa.de	0264240000	maravilla beauty spa hotel restaurant	Sinzig	Germany	HIGH	domain:maravilla-spa.de
	A	91	Holten	Netherlands	Vacation Rental Huis van Oranje		travel_and_transportation	Postweg 74	06 53252722								overture:c2accdd2-02cc-4e43-a6a6-df39a491d893	2026-08-15T15:36:03.266313Z		Canonical queue drain | fit A | GitHub MASTER dedupe passed	http://liberasol.com										Permissive	Qualification	https://explore.overturemaps.org/#id=c2accdd2-02cc-4e43-a6a6-df39a491d893	Public Overture website; no usable Overture email. First-party public contact crawl required; no inference.				overture:c2accdd2-02cc-4e43-a6a6-df39a491d893	liberasol.com	0653252722	vacation rental huis van oranje	Holten	Netherlands	PERMISSIVE	domain:liberasol.com
	A	91	Władysławowo	Poland	De Rosse Residence Aparthotel		holiday_rental_home	ulica Aleksandra de Rosse 15	+48725200454								overture:393b3b92-9980-45c6-8bb8-2e83d0427af8	2026-08-15T15:36:03.266313Z		Canonical queue drain | fit A | GitHub MASTER dedupe passed	https://www.holiresort.pl/kup-apartament/										High	Verified	https://explore.overturemaps.org/#id=393b3b92-9980-45c6-8bb8-2e83d0427af8	Public Overture website; no usable Overture email. First-party public contact crawl required; no inference.				overture:393b3b92-9980-45c6-8bb8-2e83d0427af8	holiresort.pl	48725200454	de rosse residence aparthotel	Władysławowo	Poland	HIGH	domain:holiresort.pl
	A	91	Essen	Germany	Rautenberg Property Management		property_management	Auf dem Loh 25	+492015718618								overture:87a0971c-c06e-48bb-8465-3f799a0f6a11	2026-08-15T15:36:03.266313Z		Canonical queue drain | fit A | GitHub MASTER dedupe passed	http://www.h-rautenberg.de										Permissive	Qualification	https://explore.overturemaps.org/#id=87a0971c-c06e-48bb-8465-3f799a0f6a11	Public Overture website; no usable Overture email. First-party public contact crawl required; no inference.				overture:87a0971c-c06e-48bb-8465-3f799a0f6a11	h-rautenberg.de	492015718618	rautenberg property management	Essen	Germany	PERMISSIVE	domain:h-rautenberg.de
	A	91	Köln	Germany	GZ Aparthotel		hotel	Venloer Straße 39	+492215694684								overture:053dda2b-e566-403e-bacf-bfa7f48382c2	2026-08-15T15:36:03.266313Z		Canonical queue drain | fit A | GitHub MASTER dedupe passed	http://www.gz-hotel.de/										Permissive	Qualification	https://explore.overturemaps.org/#id=053dda2b-e566-403e-bacf-bfa7f48382c2	Public Overture website; no usable Overture email. First-party public contact crawl required; no inference.				overture:053dda2b-e566-403e-bacf-bfa7f48382c2	gz-hotel.de	492215694684	gz aparthotel	Köln	Germany	PERMISSIVE	domain:gz-hotel.de
	A	91	KARWIA	Poland	Holiday Homes 777		hotel	ks. B. LEWIŃSKIEGO 28A	662691414								overture:dd0c0f59-7cc5-4f0e-967e-3e1886172f22	2026-08-15T15:36:03.266313Z		Canonical queue drain | fit A | GitHub MASTER dedupe passed	http://www.domkiwkarwi.pl/										High	Verified	https://explore.overturemaps.org/#id=dd0c0f59-7cc5-4f0e-967e-3e1886172f22	Public Overture website; no usable Overture email. First-party public contact crawl required; no inference.				overture:dd0c0f59-7cc5-4f0e-967e-3e1886172f22	domkiwkarwi.pl	662691414	holiday homes 777	KARWIA	Poland	HIGH	domain:domkiwkarwi.pl
	A	91	Borkum	Germany	Aparthotel Domizil		hotel	Westerstr.15	04922 919100								overture:63f73ddf-0ef4-4fbf-835b-a67c4827c026	2026-08-15T15:36:03.266313Z		Canonical queue drain | fit A | GitHub MASTER dedupe passed	https://www.borkum-insel.de										High	Verified	https://explore.overturemaps.org/#id=63f73ddf-0ef4-4fbf-835b-a67c4827c026	Public Overture website; no usable Overture email. First-party public contact crawl required; no inference.				overture:63f73ddf-0ef4-4fbf-835b-a67c4827c026	borkum-insel.de	04922919100	aparthotel domizil	Borkum	Germany	HIGH	domain:borkum-insel.de
	A	91	Hürth	Germany	Aparthotel Boarding House Burgpark		service_apartment	Bachstraße 12	+49223398600								overture:dae35b13-bdbd-4847-853d-451bc9528aba	2026-08-15T15:36:03.266313Z		Canonical queue drain | fit A | GitHub MASTER dedupe passed	http://www.boardinghouse-burgpark.de										High	Verified	https://explore.overturemaps.org/#id=dae35b13-bdbd-4847-853d-451bc9528aba	Public Overture website; no usable Overture email. First-party public contact crawl required; no inference.				overture:dae35b13-bdbd-4847-853d-451bc9528aba	boardinghouse-burgpark.de	49223398600	aparthotel boarding house burgpark	Hürth	Germany	HIGH	domain:boardinghouse-burgpark.de
	A	91	Köln	Germany	Assetando Property Management GmbH		real_estate_service	Jakob-Kaiser-Str. 13	0221 78801255								overture:23bc1c79-2745-4b9e-a52f-efc8d055ba99	2026-08-15T15:36:03.266313Z		Canonical queue drain | fit A | GitHub MASTER dedupe passed	http://www.assetando.de										Permissive	Qualification	https://explore.overturemaps.org/#id=23bc1c79-2745-4b9e-a52f-efc8d055ba99	Public Overture website; no usable Overture email. First-party public contact crawl required; no inference.				overture:23bc1c79-2745-4b9e-a52f-efc8d055ba99	assetando.de	022178801255	assetando property management gmbh	Köln	Germany	PERMISSIVE	domain:assetando.de
	A	91	Kraków	Poland	Daniel Griffin Aparthotel		hotel	ulica Starowiślna 22	+48124210660								overture:0fb06c4a-4982-4ca3-9589-a2a48aa65f81	2026-08-15T15:36:03.266313Z		Canonical queue drain | fit A | GitHub MASTER dedupe passed	http://arteryhotels.pl/daniel-griffin										Medium	Recall-first	https://explore.overturemaps.org/#id=0fb06c4a-4982-4ca3-9589-a2a48aa65f81	Public Overture website; no usable Overture email. First-party public contact crawl required; no inference.				overture:0fb06c4a-4982-4ca3-9589-a2a48aa65f81	arteryhotels.pl	48124210660	daniel griffin aparthotel	Kraków	Poland	MEDIUM	domain:arteryhotels.pl
	A	91	Kraków	Poland	Aparthotel Pergamin		hotel	ulica Długa 26	+48795510262								overture:d5b81d6d-5b7d-41b4-a95a-83a3677cd018	2026-08-15T15:36:03.266313Z		Canonical queue drain | fit A | GitHub MASTER dedupe passed	https://www.aparthotelpergamin.pl/										High	Verified	https://explore.overturemaps.org/#id=d5b81d6d-5b7d-41b4-a95a-83a3677cd018	Public Overture website; no usable Overture email. First-party public contact crawl required; no inference.				overture:d5b81d6d-5b7d-41b4-a95a-83a3677cd018	aparthotelpergamin.pl	48795510262	aparthotel pergamin	Kraków	Poland	HIGH	domain:aparthotelpergamin.pl
	A	91	Oyten	Germany	Aparthotel Höper		hotel	Hauptstraße 62	+49420759690								overture:3c6bb843-67e5-4674-ba31-0e4a0ef96011	2026-08-15T15:36:03.266313Z		Canonical queue drain | fit A | GitHub MASTER dedupe passed	http://www.aparthotel-hoeper.de										High	Verified	https://explore.overturemaps.org/#id=3c6bb843-67e5-4674-ba31-0e4a0ef96011	Public Overture website; no usable Overture email. First-party public contact crawl required; no inference.				overture:3c6bb843-67e5-4674-ba31-0e4a0ef96011	aparthotel-hoeper.de	49420759690	aparthotel hoper	Oyten	Germany	HIGH	domain:aparthotel-hoeper.de
	A	91	Padstow	United Kingdom	Yellow Sands Self Catering Apartments		hotel	Harlyn Bay	01208895022								overture:968dbf2f-eb24-4677-939d-7fd286dee87f	2026-08-15T15:11:34.048480Z		Canonical queue drain | fit A | GitHub MASTER dedupe passed	http://www.yellowsands.net/										Medium	Recall-first	https://explore.overturemaps.org/#id=968dbf2f-eb24-4677-939d-7fd286dee87f	Public Overture website; no usable Overture email. First-party public contact crawl required; no inference.				overture:968dbf2f-eb24-4677-939d-7fd286dee87f	yellowsands.net	01208895022	yellow sands self catering apartments	Padstow	United Kingdom	MEDIUM	domain:yellowsands.net
	A	91	Holsworthy	United Kingdom	Villavin Farm Holiday Cottages		holiday_rental_home	Villavin Farm	+441409254581								overture:25aa275a-2f18-454c-baf5-fcf70dae48c2	2026-08-15T15:11:34.048480Z		Canonical queue drain | fit A | GitHub MASTER dedupe passed	http://www.villavincrafts.co.uk										High	Verified	https://explore.overturemaps.org/#id=25aa275a-2f18-454c-baf5-fcf70dae48c2	Public Overture website; no usable Overture email. First-party public contact crawl required; no inference.				overture:25aa275a-2f18-454c-baf5-fcf70dae48c2	villavincrafts.co.uk	441409254581	villavin farm holiday cottages	Holsworthy	United Kingdom	HIGH	domain:villavincrafts.co.uk
	A	91	Newbridge on Wye	United Kingdom	Vicarage Holiday Homes		hotel	The Old Vicarage	+441597860385								overture:7d679b69-cfd4-4a2d-80f8-0e099e1c06bd	2026-08-15T15:11:34.048480Z		Canonical queue drain | fit A | GitHub MASTER dedupe passed	http://www.vicarageholidayhomes.co.uk										Permissive	Qualification	https://explore.overturemaps.org/#id=7d679b69-cfd4-4a2d-80f8-0e099e1c06bd	Public Overture website; no usable Overture email. First-party public contact crawl required; no inference.				overture:7d679b69-cfd4-4a2d-80f8-0e099e1c06bd	vicarageholidayhomes.co.uk	441597860385	vicarage holiday homes	Newbridge on Wye	United Kingdom	PERMISSIVE	domain:vicarageholidayhomes.co.uk
	A	91	Plymouth	United Kingdom	Trundlewood Property Management		real_estate_service	4 Molesworth Road, Stoke	01752558877								overture:4ae2b2c3-1b29-482c-b249-9debdf7c26c5	2026-08-15T15:11:34.048480Z		Canonical queue drain | fit A | GitHub MASTER dedupe passed	http://www.trundlewoodproperty.co.uk/										Permissive	Qualification	https://explore.overturemaps.org/#id=4ae2b2c3-1b29-482c-b249-9debdf7c26c5	Public Overture website; no usable Overture email. First-party public contact crawl required; no inference.				overture:4ae2b2c3-1b29-482c-b249-9debdf7c26c5	trundlewoodproperty.co.uk	01752558877	trundlewood property management	Plymouth	United Kingdom	PERMISSIVE	domain:trundlewoodproperty.co.uk
	A	91	Whitby	United Kingdom	The Whitby Pearl - Holiday Let		hotel	7 Church Square	+441287658330								overture:434a31b4-6cbf-4ec6-9176-34215b8cba74	2026-08-15T15:11:34.048480Z		Canonical queue drain | fit A | GitHub MASTER dedupe passed	http://thewhitbypearl.com/										High	Verified	https://explore.overturemaps.org/#id=434a31b4-6cbf-4ec6-9176-34215b8cba74	Public Overture website; no usable Overture email. First-party public contact crawl required; no inference.				overture:434a31b4-6cbf-4ec6-9176-34215b8cba74	thewhitbypearl.com	441287658330	the whitby pearl holiday let	Whitby	United Kingdom	HIGH	domain:thewhitbypearl.com
	A	91	Osmotherley	United Kingdom	Swainstye Farm Holiday Cottages		cottage	Swainstye Farm, Osmotherley	+441609883134								overture:b9edfb86-16c0-491b-840a-edca51a36dce	2026-08-15T15:11:34.048480Z		Canonical queue drain | fit A | GitHub MASTER dedupe passed	http://www.swainstyefarm.co.uk										High	Verified	https://explore.overturemaps.org/#id=b9edfb86-16c0-491b-840a-edca51a36dce	Public Overture website; no usable Overture email. First-party public contact crawl required; no inference.				overture:b9edfb86-16c0-491b-840a-edca51a36dce	swainstyefarm.co.uk	441609883134	swainstye farm holiday cottages	Osmotherley	United Kingdom	HIGH	domain:swainstyefarm.co.uk
	A	91	Wadebridge	United Kingdom	St. Moritz Self Catering Villas Cornwall		resort	St Moritz Ct, Trebetherick	01208862242								overture:16ae8d97-445f-4b12-a925-96b1ec8944da	2026-08-15T15:11:34.048480Z		Canonical queue drain | fit A | GitHub MASTER dedupe passed	http://www.stmoritzvillas.co.uk/										High	Verified	https://explore.overturemaps.org/#id=16ae8d97-445f-4b12-a925-96b1ec8944da	Public Overture website; no usable Overture email. First-party public contact crawl required; no inference.				overture:16ae8d97-445f-4b12-a925-96b1ec8944da	stmoritzvillas.co.uk	01208862242	st moritz self catering villas cornwall	Wadebridge	United Kingdom	HIGH	domain:stmoritzvillas.co.uk
	A	91	World-Atlas::western-europe::22-35::lane=site-recovery	United Kingdom	Beacons Ride and Gallop Holiday Cottages		hotel		+447919408889								overture:8f781b9d-5b91-48fa-b60f-a00b1ac673df	2026-08-15T15:11:34.048480Z		Canonical queue drain | fit A | GitHub MASTER dedupe passed	http://www.stayinthebeacons.co.uk/										Permissive	Qualification	https://explore.overturemaps.org/#id=8f781b9d-5b91-48fa-b60f-a00b1ac673df	Public Overture website; no usable Overture email. First-party public contact crawl required; no inference.				overture:8f781b9d-5b91-48fa-b60f-a00b1ac673df	stayinthebeacons.co.uk	447919408889	beacons ride and gallop holiday cottages	World-Atlas::western-europe::22-35::lane=site-recovery	United Kingdom	PERMISSIVE	domain:stayinthebeacons.co.uk
	A	91	Berrynarbor, Devon	United Kingdom	Smythen Farm Holiday Cottages		holiday_rental_home	Sterridge Valley	01271 882875								overture:629966c8-d9f7-4e70-859a-1b0ae2a745e6	2026-08-15T15:11:34.048480Z		Canonical queue drain | fit A | GitHub MASTER dedupe passed	http://www.smythenfarmholidaycottages.co.uk										Permissive	Qualification	https://explore.overturemaps.org/#id=629966c8-d9f7-4e70-859a-1b0ae2a745e6	Public Overture website; no usable Overture email. First-party public contact crawl required; no inference.				overture:629966c8-d9f7-4e70-859a-1b0ae2a745e6	smythenfarmholidaycottages.co.uk	01271882875	smythen farm holiday cottages	Berrynarbor, Devon	United Kingdom	PERMISSIVE	domain:smythenfarmholidaycottages.co.uk
	A	91	Penarth	United Kingdom	Rochefort-Shugar Residential Property Management		apartment	28 Hickman Road	02920702200								overture:d38d939c-c299-4743-b421-9a921c583cbc	2026-08-15T15:11:34.048480Z		Canonical queue drain | fit A | GitHub MASTER dedupe passed	http://www.rochefortshugar.com/										Permissive	Qualification	https://explore.overturemaps.org/#id=d38d939c-c299-4743-b421-9a921c583cbc	Public Overture website; no usable Overture email. First-party public contact crawl required; no inference.				overture:d38d939c-c299-4743-b421-9a921c583cbc	rochefortshugar.com	02920702200	rochefort shugar residential property management	Penarth	United Kingdom	PERMISSIVE	domain:rochefortshugar.com
	A	91	Lincoln	United Kingdom	Tattershall Lakes Holiday Home Ownership			Tattershall Lakes	+447496220007								overture:7c335c74-4de1-4416-898a-fc87307f2363	2026-08-15T15:11:34.048480Z		Canonical queue drain | fit A | GitHub MASTER dedupe passed	https://forms.office.com/e/zPFM08A7yM										Permissive	Qualification	https://explore.overturemaps.org/#id=7c335c74-4de1-4416-898a-fc87307f2363	Public Overture website; no usable Overture email. First-party public contact crawl required; no inference.				overture:7c335c74-4de1-4416-898a-fc87307f2363	office.com	447496220007	tattershall lakes holiday home ownership	Lincoln	United Kingdom	PERMISSIVE	domain:office.com
	A	91	Exmouth	United Kingdom	Newmans Holiday Homes		pet_boarding	72 Cranford Avenue	01395224066								overture:ea78076e-1dc9-4454-97e3-dcede94762b1	2026-08-15T15:11:34.048480Z		Canonical queue drain | fit A | GitHub MASTER dedupe passed	http://www.newhols.com/										High	Verified	https://explore.overturemaps.org/#id=ea78076e-1dc9-4454-97e3-dcede94762b1	Public Overture website; no usable Overture email. First-party public contact crawl required; no inference.				overture:ea78076e-1dc9-4454-97e3-dcede94762b1	newhols.com	01395224066	newmans holiday homes	Exmouth	United Kingdom	HIGH	domain:newhols.com
	A	91	Sandiacre	United Kingdom	Midland Property Management		property_management	138 Stanton Rd	0115 939 2025								overture:bb681cf3-b617-4fb7-a262-96e7511916b6	2026-08-15T15:11:34.048480Z		Canonical queue drain | fit A | GitHub MASTER dedupe passed	http://www.mpm-group.co.uk										Permissive	Qualification	https://explore.overturemaps.org/#id=bb681cf3-b617-4fb7-a262-96e7511916b6	Public Overture website; no usable Overture email. First-party public contact crawl required; no inference.				overture:bb681cf3-b617-4fb7-a262-96e7511916b6	mpm-group.co.uk	01159392025	midland property management	Sandiacre	United Kingdom	PERMISSIVE	domain:mpm-group.co.uk
	A	91	Cardiff	United Kingdom	Short Stay Cardiff		holiday_rental_home	20 Richmond Road	+442920909090								overture:25c56c67-10f2-4cc0-9536-f65bf2cb7b0e	2026-08-15T15:11:34.048480Z		Canonical queue drain | fit A | GitHub MASTER dedupe passed	http://www.letting.property/										Medium	Recall-first	https://explore.overturemaps.org/#id=25c56c67-10f2-4cc0-9536-f65bf2cb7b0e	Public Overture website; no usable Overture email. First-party public contact crawl required; no inference.				overture:25c56c67-10f2-4cc0-9536-f65bf2cb7b0e	letting.property	442920909090	short stay cardiff	Cardiff	United Kingdom	MEDIUM	domain:letting.property
	A	91	Lincoln	United Kingdom	Jubilee Farm Holiday Cottages Lincoln		hotel	Gb	+441522681241								overture:2a961f98-eea5-4bd5-8a29-8c3a493ab3fe	2026-08-15T15:11:34.048480Z		Canonical queue drain | fit A | GitHub MASTER dedupe passed	http://www.jubileecottages.co.uk										Permissive	Qualification	https://explore.overturemaps.org/#id=2a961f98-eea5-4bd5-8a29-8c3a493ab3fe	Public Overture website; no usable Overture email. First-party public contact crawl required; no inference.				overture:2a961f98-eea5-4bd5-8a29-8c3a493ab3fe	jubileecottages.co.uk	441522681241	jubilee farm holiday cottages lincoln	Lincoln	United Kingdom	PERMISSIVE	domain:jubileecottages.co.uk
	A	91	Newport	United Kingdom	Jax & Rose Property Management		property_management	33 Stow Park Circle	+441633546423								overture:6a914fd2-6040-4ace-bc13-cbee407ee580	2026-08-15T15:11:34.048480Z		Canonical queue drain | fit A | GitHub MASTER dedupe passed	http://www.jaxrose.com/										Permissive	Qualification	https://explore.overturemaps.org/#id=6a914fd2-6040-4ace-bc13-cbee407ee580	Public Overture website; no usable Overture email. First-party public contact crawl required; no inference.				overture:6a914fd2-6040-4ace-bc13-cbee407ee580	jaxrose.com	441633546423	jax rose property management	Newport	United Kingdom	PERMISSIVE	domain:jaxrose.com
	A	91	Buxton	United Kingdom	Hulmes Vale Farm Holiday Cottages		hotel	Tideswell Moor Hulmes Vale Farm	+441298873098								overture:99800dac-6d06-4ce9-ac88-588852ae4e95	2026-08-15T15:11:34.048480Z		Canonical queue drain | fit A | GitHub MASTER dedupe passed	http://www.hulmesvalefarmcottages.co.uk										Permissive	Qualification	https://explore.overturemaps.org/#id=99800dac-6d06-4ce9-ac88-588852ae4e95	Public Overture website; no usable Overture email. First-party public contact crawl required; no inference.				overture:99800dac-6d06-4ce9-ac88-588852ae4e95	hulmesvalefarmcottages.co.uk	441298873098	hulmes vale farm holiday cottages	Buxton	United Kingdom	PERMISSIVE	domain:hulmesvalefarmcottages.co.uk
	A	91	Leeds	United Kingdom	The Collection, Serviced Apartments & Self Catering		holiday_rental_home	23 Clarendon Road	+447468498274								overture:6a3d7738-4eb5-4658-9abe-299ca04181d4	2026-08-15T15:11:34.048480Z		Canonical queue drain | fit A | GitHub MASTER dedupe passed	http://www.heritage.apartments/										Permissive	Qualification	https://explore.overturemaps.org/#id=6a3d7738-4eb5-4658-9abe-299ca04181d4	Public Overture website; no usable Overture email. First-party public contact crawl required; no inference.				overture:6a3d7738-4eb5-4658-9abe-299ca04181d4	heritage.apartments	447468498274	the collection serviced apartments self catering	Leeds	United Kingdom	PERMISSIVE	domain:heritage.apartments
	A	91	Llangwm	United Kingdom	Great Nash Farm Holiday Cottages		holiday_rental_home	Great Nash Farm	+447971605174								overture:8e24103a-e7fd-433b-a16d-7f64ff7e3630	2026-08-15T15:11:34.048480Z		Canonical queue drain | fit A | GitHub MASTER dedupe passed	http://www.greatnashfarm.co.uk/										Permissive	Qualification	https://explore.overturemaps.org/#id=8e24103a-e7fd-433b-a16d-7f64ff7e3630	Public Overture website; no usable Overture email. First-party public contact crawl required; no inference.				overture:8e24103a-e7fd-433b-a16d-7f64ff7e3630	greatnashfarm.co.uk	447971605174	great nash farm holiday cottages	Llangwm	United Kingdom	PERMISSIVE	domain:greatnashfarm.co.uk
	A	91	Hereford	United Kingdom	Gattimer Lodge		holiday_rental_home	Gattimer Lodge at Barnfields, Dorstone	+441981550717								overture:98f13ec8-8c31-42b5-bfff-854929958e0d	2026-08-15T15:11:34.048480Z		Canonical queue drain | fit A | GitHub MASTER dedupe passed	http://www.gattimerlodge.com/										Medium	Recall-first	https://explore.overturemaps.org/#id=98f13ec8-8c31-42b5-bfff-854929958e0d	Public Overture website; no usable Overture email. First-party public contact crawl required; no inference.				overture:98f13ec8-8c31-42b5-bfff-854929958e0d	gattimerlodge.com	441981550717	gattimer lodge	Hereford	United Kingdom	MEDIUM	domain:gattimerlodge.com
	A	91	Torquay	United Kingdom	Easylet Property Management UK		condominium	4a Tor Hill Rd	01803 212816								overture:67f2ee46-049e-4a0e-816a-1aefac77eee6	2026-08-15T15:11:34.048480Z		Canonical queue drain | fit A | GitHub MASTER dedupe passed	http://www.easyletagents.co.uk										Permissive	Qualification	https://explore.overturemaps.org/#id=67f2ee46-049e-4a0e-816a-1aefac77eee6	Public Overture website; no usable Overture email. First-party public contact crawl required; no inference.				overture:67f2ee46-049e-4a0e-816a-1aefac77eee6	easyletagents.co.uk	01803212816	easylet property management uk	Torquay	United Kingdom	PERMISSIVE	domain:easyletagents.co.uk
	A	91	Yelverton	United Kingdom	Construction and Property Management Services		professional_service	17 Grange Rd	07802 726493								overture:b59f4668-6c5b-4f80-bdcc-2a818f63da93	2026-08-15T15:11:34.048480Z		Canonical queue drain | fit A | GitHub MASTER dedupe passed	https://www.cpmservicesplymouth.co.uk										Permissive	Qualification	https://explore.overturemaps.org/#id=b59f4668-6c5b-4f80-bdcc-2a818f63da93	Public Overture website; no usable Overture email. First-party public contact crawl required; no inference.				overture:b59f4668-6c5b-4f80-bdcc-2a818f63da93	cpmservicesplymouth.co.uk	07802726493	construction and property management services	Yelverton	United Kingdom	PERMISSIVE	domain:cpmservicesplymouth.co.uk
	A	91	Looe	United Kingdom	Marthys Holiday Home & Hot Tub Looe Cornwall			Polperro Road	01503264869								overture:900885f5-0c53-4437-99b1-ad152775a88f	2026-08-15T15:11:34.048480Z		Canonical queue drain | fit A | GitHub MASTER dedupe passed	http://www.cornwall.love/										Medium	Recall-first	https://explore.overturemaps.org/#id=900885f5-0c53-4437-99b1-ad152775a88f	Public Overture website; no usable Overture email. First-party public contact crawl required; no inference.				overture:900885f5-0c53-4437-99b1-ad152775a88f	cornwall.love	01503264869	marthys holiday home hot tub looe cornwall	Looe	United Kingdom	MEDIUM	domain:cornwall.love
	A	91	World-Atlas::western-europe::22-35::lane=site-recovery	United Kingdom	Old Newham Farm Holiday Cottages		cottage		+441840230470								overture:89324d7e-3504-48e7-9bf6-da6758706124	2026-08-15T15:11:34.048480Z		Canonical queue drain | fit A | GitHub MASTER dedupe passed	http://www.cornish-farm-cottage.co.uk/index.php										Permissive	Qualification	https://explore.overturemaps.org/#id=89324d7e-3504-48e7-9bf6-da6758706124	Public Overture website; no usable Overture email. First-party public contact crawl required; no inference.				overture:89324d7e-3504-48e7-9bf6-da6758706124	cornish-farm-cottage.co.uk	441840230470	old newham farm holiday cottages	World-Atlas::western-europe::22-35::lane=site-recovery	United Kingdom	PERMISSIVE	domain:cornish-farm-cottage.co.uk
	A	91	Llanfairpwllgwyngyll	United Kingdom	Coastal Property Management		homeowner_association	Lon Las	01248715390								overture:5076c3ed-1493-4d41-af38-4e6dc1e52a86	2026-08-15T15:11:34.048480Z		Canonical queue drain | fit A | GitHub MASTER dedupe passed	http://www.coastalpropertymanagement.co.uk/										Permissive	Qualification	https://explore.overturemaps.org/#id=5076c3ed-1493-4d41-af38-4e6dc1e52a86	Public Overture website; no usable Overture email. First-party public contact crawl required; no inference.				overture:5076c3ed-1493-4d41-af38-4e6dc1e52a86	coastalpropertymanagement.co.uk	01248715390	coastal property management	Llanfairpwllgwyngyll	United Kingdom	PERMISSIVE	domain:coastalpropertymanagement.co.uk
	A	91	High Peak	United Kingdom	Churnbarn Holiday Let		holiday_rental_home	Maynestone Road, Chinley	+447747067711								overture:2c8c8c98-f6c4-4a80-96ba-32c69a368acb	2026-08-15T15:11:34.048480Z		Canonical queue drain | fit A | GitHub MASTER dedupe passed	http://www.churnbarn.co.uk/										Permissive	Qualification	https://explore.overturemaps.org/#id=2c8c8c98-f6c4-4a80-96ba-32c69a368acb	Public Overture website; no usable Overture email. First-party public contact crawl required; no inference.				overture:2c8c8c98-f6c4-4a80-96ba-32c69a368acb	churnbarn.co.uk	447747067711	churnbarn holiday let	High Peak	United Kingdom	PERMISSIVE	domain:churnbarn.co.uk
	A	91	York	United Kingdom	Church View		bed_and_breakfast	87 The Village	+441904400403								overture:acb245be-0bec-4dd9-999b-e9671c8fab68	2026-08-15T15:11:34.048480Z		Canonical queue drain | fit A | GitHub MASTER dedupe passed	http://www.churchviewyork.co.uk/										Permissive	Qualification	https://explore.overturemaps.org/#id=acb245be-0bec-4dd9-999b-e9671c8fab68	Public Overture website; no usable Overture email. First-party public contact crawl required; no inference.				overture:acb245be-0bec-4dd9-999b-e9671c8fab68	churchviewyork.co.uk	441904400403	church view	York	United Kingdom	PERMISSIVE	domain:churchviewyork.co.uk
	A	91	Taunton	United Kingdom	Kingston Property Management		real_estate_agent	22 The Crescent Unit 2	01823 353553								overture:b2df741f-9a00-4c19-b27d-1f460fbcb508	2026-08-15T15:11:34.048480Z		Canonical queue drain | fit A | GitHub MASTER dedupe passed	http://www.castlemoat.co.uk										Permissive	Qualification	https://explore.overturemaps.org/#id=b2df741f-9a00-4c19-b27d-1f460fbcb508	Public Overture website; no usable Overture email. First-party public contact crawl required; no inference.				overture:b2df741f-9a00-4c19-b27d-1f460fbcb508	castlemoat.co.uk	01823353553	kingston property management	Taunton	United Kingdom	PERMISSIVE	domain:castlemoat.co.uk
	A	91	Camelford	United Kingdom	Butterwell Barn		hotel		+441840261307								overture:f4738fa8-bda7-4bfc-a974-bd243b58bbcd	2026-08-15T15:11:34.048480Z		Canonical queue drain | fit A | GitHub MASTER dedupe passed	http://www.butterwellbarn.co.uk/										Permissive	Qualification	https://explore.overturemaps.org/#id=f4738fa8-bda7-4bfc-a974-bd243b58bbcd	Public Overture website; no usable Overture email. First-party public contact crawl required; no inference.				overture:f4738fa8-bda7-4bfc-a974-bd243b58bbcd	butterwellbarn.co.uk	441840261307	butterwell barn	Camelford	United Kingdom	PERMISSIVE	domain:butterwellbarn.co.uk
	A	91	Staveley-in-Cartmel	United Kingdom	Brunt Knott Farm Holiday Cottages		cabin	Brunt Knott Farm	01539 821030								overture:b78396a1-a486-4fe2-86b9-0409753a43ed	2026-08-15T15:11:34.048480Z		Canonical queue drain | fit A | GitHub MASTER dedupe passed	http://www.bruntknottcottages.co.uk										Permissive	Qualification	https://explore.overturemaps.org/#id=b78396a1-a486-4fe2-86b9-0409753a43ed	Public Overture website; no usable Overture email. First-party public contact crawl required; no inference.				overture:b78396a1-a486-4fe2-86b9-0409753a43ed	bruntknottcottages.co.uk	01539821030	brunt knott farm holiday cottages	Staveley-in-Cartmel	United Kingdom	PERMISSIVE	domain:bruntknottcottages.co.uk
	A	91	Staithes	United Kingdom	Boulby Grange Holiday Cottages		holiday_rental_home	Boulby Grange	+447515378394								overture:dcb299b2-82dd-4b14-9494-dcfe5696cea2	2026-08-15T15:11:34.048480Z		Canonical queue drain | fit A | GitHub MASTER dedupe passed	http://www.boulbygrangecottages.co.uk/										High	Verified	https://explore.overturemaps.org/#id=dcb299b2-82dd-4b14-9494-dcfe5696cea2	Public Overture website; no usable Overture email. First-party public contact crawl required; no inference.				overture:dcb299b2-82dd-4b14-9494-dcfe5696cea2	boulbygrangecottages.co.uk	447515378394	boulby grange holiday cottages	Staithes	United Kingdom	HIGH	domain:boulbygrangecottages.co.uk
	A	91	Grantham	United Kingdom	Belvoir Property Management		property_management	The Old Court House, 60A London Road	01476584900								overture:22868506-0f96-435e-a643-2136ffd4a27a	2026-08-15T15:11:34.048480Z		Canonical queue drain | fit A | GitHub MASTER dedupe passed	http://www.belvoirfranchise.com/										Permissive	Qualification	https://explore.overturemaps.org/#id=22868506-0f96-435e-a643-2136ffd4a27a	Public Overture website; no usable Overture email. First-party public contact crawl required; no inference.				overture:22868506-0f96-435e-a643-2136ffd4a27a	belvoirfranchise.com	01476584900	belvoir property management	Grantham	United Kingdom	PERMISSIVE	domain:belvoirfranchise.com
	A	91	Stockton-on-Tees	United Kingdom	Alexander James Property Management		property_management	5 Rowan Road	+441642936937								overture:9ec1db90-083d-430f-b693-e0e7a820beaa	2026-08-15T15:11:34.048480Z		Canonical queue drain | fit A | GitHub MASTER dedupe passed	http://www.ajpm.co.uk										Permissive	Qualification	https://explore.overturemaps.org/#id=9ec1db90-083d-430f-b693-e0e7a820beaa	Public Overture website; no usable Overture email. First-party public contact crawl required; no inference.				overture:9ec1db90-083d-430f-b693-e0e7a820beaa	ajpm.co.uk	441642936937	alexander james property management	Stockton-on-Tees	United Kingdom	PERMISSIVE	domain:ajpm.co.uk
	A	91	Leeds	United Kingdom	Watson and Watson Property Management		property_management	166 Peel Street	+447523059082								overture:8724a985-a4f9-48fd-b329-9ff24617744f	2026-08-15T15:11:34.048480Z		Canonical queue drain | fit A | GitHub MASTER dedupe passed	http://acevirtualassistance.com/										Medium	Recall-first	https://explore.overturemaps.org/#id=8724a985-a4f9-48fd-b329-9ff24617744f	Public Overture website; no usable Overture email. First-party public contact crawl required; no inference.				overture:8724a985-a4f9-48fd-b329-9ff24617744f	acevirtualassistance.com	447523059082	watson and watson property management	Leeds	United Kingdom	MEDIUM	domain:acevirtualassistance.com
	A	91	Colyton	United Kingdom	Whitwell Farm Self Catering Cottages		hotel	Whitwell Lane, Colyford	+441297553803								overture:5e0767ed-b48e-4497-99a1-3f6c87c738c2	2026-08-15T15:11:34.048480Z		Canonical queue drain | fit A | GitHub MASTER dedupe passed	http://www.a5star.co.uk										Permissive	Qualification	https://explore.overturemaps.org/#id=5e0767ed-b48e-4497-99a1-3f6c87c738c2	Public Overture website; no usable Overture email. First-party public contact crawl required; no inference.				overture:5e0767ed-b48e-4497-99a1-3f6c87c738c2	a5star.co.uk	441297553803	whitwell farm self catering cottages	Colyton	United Kingdom	PERMISSIVE	domain:a5star.co.uk
	A	91	Danville	USA	VIP Property Management		property_management	317 W Main St	+18592361852								overture:aa50c083-eec7-4274-9f5e-8febd46cc91c	2026-08-15T15:05:00.092762Z		Canonical queue drain | fit A | GitHub MASTER dedupe passed	http://vipdanville.com										Permissive	Qualification	https://explore.overturemaps.org/#id=aa50c083-eec7-4274-9f5e-8febd46cc91c	Public Overture website; no usable Overture email. First-party public contact crawl required; no inference.				overture:aa50c083-eec7-4274-9f5e-8febd46cc91c	vipdanville.com	18592361852	vip property management	Danville	USA	PERMISSIVE	domain:vipdanville.com
	A	91	Tulsa	USA	HomeRiver Group Tulsa Property Management		property_management	8018 S Memorial Dr	9185165131								overture:b8daee30-9737-4fad-9a73-4a52576f2f6e	2026-08-15T15:05:00.092762Z		Canonical queue drain | fit A | GitHub MASTER dedupe passed	https://www.tulsa-propertymanagement.com/										Permissive	Qualification	https://explore.overturemaps.org/#id=b8daee30-9737-4fad-9a73-4a52576f2f6e	Public Overture website; no usable Overture email. First-party public contact crawl required; no inference.				overture:b8daee30-9737-4fad-9a73-4a52576f2f6e	tulsa-propertymanagement.com	9185165131	homeriver group tulsa property management	Tulsa	USA	PERMISSIVE	domain:tulsa-propertymanagement.com
	A	91	Nutter Fort	USA	Trinity Property Management		property_management	1401 Buckhannon Pike	+13046243775								overture:75d38d2e-bef0-4315-89d0-fc7ae6a57093	2026-08-15T15:05:00.092762Z		Canonical queue drain | fit A | GitHub MASTER dedupe passed	http://www.tpmwv.com/										Permissive	Qualification	https://explore.overturemaps.org/#id=75d38d2e-bef0-4315-89d0-fc7ae6a57093	Public Overture website; no usable Overture email. First-party public contact crawl required; no inference.				overture:75d38d2e-bef0-4315-89d0-fc7ae6a57093	tpmwv.com	13046243775	trinity property management	Nutter Fort	USA	PERMISSIVE	domain:tpmwv.com
	A	91	Oklahoma City	USA	Oakwood Property Management		property_management	3901 S Portland Ave	+14056043173								overture:252d889a-dda9-4893-a8fb-ab9e1981d90e	2026-08-15T15:05:00.092762Z		Canonical queue drain | fit A | GitHub MASTER dedupe passed	http://www.tjpropertymanagement.com/										Permissive	Qualification	https://explore.overturemaps.org/#id=252d889a-dda9-4893-a8fb-ab9e1981d90e	Public Overture website; no usable Overture email. First-party public contact crawl required; no inference.				overture:252d889a-dda9-4893-a8fb-ab9e1981d90e	tjpropertymanagement.com	14056043173	oakwood property management	Oklahoma City	USA	PERMISSIVE	domain:tjpropertymanagement.com
	A	91	Cleveland	USA	The Suits Group - Ocoee Realty & Property Management		real_estate_agent	5005 N Lee Hwy	+14235922222								overture:fc36a192-8efd-44e8-9fba-93c72e8da780	2026-08-15T15:05:00.092762Z		Canonical queue drain | fit A | GitHub MASTER dedupe passed	https://thesuitsgroup.com/										Permissive	Qualification	https://explore.overturemaps.org/#id=fc36a192-8efd-44e8-9fba-93c72e8da780	Public Overture website; no usable Overture email. First-party public contact crawl required; no inference.				overture:fc36a192-8efd-44e8-9fba-93c72e8da780	thesuitsgroup.com	14235922222	the suits group ocoee realty property management	Cleveland	USA	PERMISSIVE	domain:thesuitsgroup.com
	A	91	Claremore	USA	Green Property Management		property_management	17211 S 4170 Rd	+19183420840								overture:6757a248-982c-4ef7-b9d0-9e58872c1463	2026-08-15T15:05:00.092762Z		Canonical queue drain | fit A | GitHub MASTER dedupe passed	http://rentalclaremore.com/										Permissive	Qualification	https://explore.overturemaps.org/#id=6757a248-982c-4ef7-b9d0-9e58872c1463	Public Overture website; no usable Overture email. First-party public contact crawl required; no inference.				overture:6757a248-982c-4ef7-b9d0-9e58872c1463	rentalclaremore.com	19183420840	green property management	Claremore	USA	PERMISSIVE	domain:rentalclaremore.com
	A	91	Winchester	USA	Professional Solutions Property Management		property_management	122 Bane Pl	+18597494017								overture:c0b7cc83-9e1d-4a1b-93f2-05144b1de8a4	2026-08-15T15:05:00.092762Z		Canonical queue drain | fit A | GitHub MASTER dedupe passed	https://www.pspm-ky.com/										Permissive	Qualification	https://explore.overturemaps.org/#id=c0b7cc83-9e1d-4a1b-93f2-05144b1de8a4	Public Overture website; no usable Overture email. First-party public contact crawl required; no inference.				overture:c0b7cc83-9e1d-4a1b-93f2-05144b1de8a4	pspm-ky.com	18597494017	professional solutions property management	Winchester	USA	PERMISSIVE	domain:pspm-ky.com
	A	91	Derby	USA	Panther Property Management		property_management	421 N Baltimore Ave Ste #	3168660677								overture:e09f8620-c16a-45f7-b5df-d50d43986439	2026-08-15T15:05:00.092762Z		Canonical queue drain | fit A | GitHub MASTER dedupe passed	http://www.ppmderby.com/										Medium	Recall-first	https://explore.overturemaps.org/#id=e09f8620-c16a-45f7-b5df-d50d43986439	Public Overture website; no usable Overture email. First-party public contact crawl required; no inference.				overture:e09f8620-c16a-45f7-b5df-d50d43986439	ppmderby.com	3168660677	panther property management	Derby	USA	MEDIUM	domain:ppmderby.com
	A	91	Oklahoma City	USA	Lu-Ray Property Management		real_estate_agent	5300 N Bryant Ave	+14055100751								overture:17455848-611f-4a11-9a02-aa6c289d2e89	2026-08-15T15:05:00.092762Z		Canonical queue drain | fit A | GitHub MASTER dedupe passed	http://www.okc-edm4rent.com/										Permissive	Qualification	https://explore.overturemaps.org/#id=17455848-611f-4a11-9a02-aa6c289d2e89	Public Overture website; no usable Overture email. First-party public contact crawl required; no inference.				overture:17455848-611f-4a11-9a02-aa6c289d2e89	okc-edm4rent.com	14055100751	lu ray property management	Oklahoma City	USA	PERMISSIVE	domain:okc-edm4rent.com
	A	91	Parkersburg	USA	Hometown Property Management		property_management	3501 Emerson Ave	+13044814168								overture:f7661e0f-f469-4d96-8b6c-24f229e668ff	2026-08-15T15:05:00.092762Z		Canonical queue drain | fit A | GitHub MASTER dedupe passed	http://hometownrealestateassociates.com										Permissive	Qualification	https://explore.overturemaps.org/#id=f7661e0f-f469-4d96-8b6c-24f229e668ff	Public Overture website; no usable Overture email. First-party public contact crawl required; no inference.				overture:f7661e0f-f469-4d96-8b6c-24f229e668ff	hometownrealestateassociates.com	13044814168	hometown property management	Parkersburg	USA	PERMISSIVE	domain:hometownrealestateassociates.com
	A	91	Moore	USA	Right Way Realty & Property Management		real_estate_agent	2100 N Eastern Ave #7	4052595551								overture:d7c78f69-f1e0-40b1-b54b-ec7642cacba0	2026-08-15T15:05:00.092762Z		Canonical queue drain | fit A | GitHub MASTER dedupe passed	http://homesearchinokc.com/										Permissive	Qualification	https://explore.overturemaps.org/#id=d7c78f69-f1e0-40b1-b54b-ec7642cacba0	Public Overture website; no usable Overture email. First-party public contact crawl required; no inference.				overture:d7c78f69-f1e0-40b1-b54b-ec7642cacba0	homesearchinokc.com	4052595551	right way realty property management	Moore	USA	PERMISSIVE	domain:homesearchinokc.com
	A	91	Walton	USA	Holiday homes		corporate_or_business_office	11007 Dixie Hwy	(859) 283-2300								overture:82224c9a-127a-49a8-9cc9-2460b17addfb	2026-08-15T15:05:00.092762Z		Canonical queue drain | fit A | GitHub MASTER dedupe passed	http://www.holiday-homes.com										Medium	Recall-first	https://explore.overturemaps.org/#id=82224c9a-127a-49a8-9cc9-2460b17addfb	Public Overture website; no usable Overture email. First-party public contact crawl required; no inference.				overture:82224c9a-127a-49a8-9cc9-2460b17addfb	holiday-homes.com	8592832300	holiday homes	Walton	USA	MEDIUM	domain:holiday-homes.com
	A	91	Oklahoma City	USA	Armstrong Property Management-Providence Realty		property_management	4420 E I-240 Service Rd	+14052048215								overture:29e6f06d-7a62-4f69-b70d-5835333919d5	2026-08-15T15:05:00.092762Z		Canonical queue drain | fit A | GitHub MASTER dedupe passed	http://www.ArmstrongRealEstateOKC.com/										Medium	Recall-first	https://explore.overturemaps.org/#id=29e6f06d-7a62-4f69-b70d-5835333919d5	Public Overture website; no usable Overture email. First-party public contact crawl required; no inference.				overture:29e6f06d-7a62-4f69-b70d-5835333919d5	armstrongrealestateokc.com	14052048215	armstrong property management providence realty	Oklahoma City	USA	MEDIUM	domain:armstrongrealestateokc.com
	A	91	Centerville	USA	Agora Realty Property Management		real_estate_agent	Top Floor, 1436 Yankee Park Pl Suite D,	(937) 218-1900								overture:3784b40e-32a4-4e60-8541-4d0145f0cc4b	2026-08-15T15:05:00.092762Z		Canonical queue drain | fit A | GitHub MASTER dedupe passed	https://www.agorarealtypropertymanagement.com										Permissive	Qualification	https://explore.overturemaps.org/#id=3784b40e-32a4-4e60-8541-4d0145f0cc4b	Public Overture website; no usable Overture email. First-party public contact crawl required; no inference.				overture:3784b40e-32a4-4e60-8541-4d0145f0cc4b	agorarealtypropertymanagement.com	9372181900	agora realty property management	Centerville	USA	PERMISSIVE	domain:agorarealtypropertymanagement.com
	A	91	Victoria	USA	Rentals Victoria - Property Management in South Texas		property_management	5215 N Navarro St	+13615732244								overture:1dc80c81-a35f-4f30-9ae4-be90247f8175	2026-08-15T14:58:08.629204Z		Canonical queue drain | fit A | GitHub MASTER dedupe passed	http://victoriatxrealestate.com										Permissive	Qualification	https://explore.overturemaps.org/#id=1dc80c81-a35f-4f30-9ae4-be90247f8175	Public Overture website; no usable Overture email. First-party public contact crawl required; no inference.				overture:1dc80c81-a35f-4f30-9ae4-be90247f8175	victoriatxrealestate.com	13615732244	rentals victoria property management in south texas	Victoria	USA	PERMISSIVE	domain:victoriatxrealestate.com
	A	91	South Padre Island	USA	Gulf Oasis		hotel	3800 Padre Blvd									overture:10d24092-7a65-41d1-aad7-622a844aa48d	2026-08-15T14:58:08.629204Z		Canonical queue drain | fit A | GitHub MASTER dedupe passed	http://www.vacationrentalsouthpadre.com/		https://book.vacationrentalsouthpadre.com/contact								Permissive	Qualification	https://explore.overturemaps.org/#id=10d24092-7a65-41d1-aad7-622a844aa48d	Public Overture website; no usable Overture email. First-party public contact crawl required; no inference.				overture:10d24092-7a65-41d1-aad7-622a844aa48d	vacationrentalsouthpadre.com		gulf oasis	South Padre Island	USA	PERMISSIVE	domain:vacationrentalsouthpadre.com
	A	91	Corpus Christi	USA	Real Property Management Shoreline		real_estate_agent	5350 S Staples St Ste 345B	(361) 885-0500								overture:11bbf2f8-e1eb-42ce-8a29-df968722de6a	2026-08-15T14:58:08.629204Z		Canonical queue drain | fit A | GitHub MASTER dedupe passed	https://www.rpmshoreline.com										Permissive	Qualification	https://explore.overturemaps.org/#id=11bbf2f8-e1eb-42ce-8a29-df968722de6a	Public Overture website; no usable Overture email. First-party public contact crawl required; no inference.				overture:11bbf2f8-e1eb-42ce-8a29-df968722de6a	rpmshoreline.com	3618850500	real property management shoreline	Corpus Christi	USA	PERMISSIVE	domain:rpmshoreline.com
	A	91	Houston	USA	Goodland Property Management		property_management	4645 Wild Indigo St	+17139611717								overture:87386618-d394-4520-8cce-78753c864c91	2026-08-15T14:58:08.629204Z		Canonical queue drain | fit A | GitHub MASTER dedupe passed	http://www.goodlandproperties.com										Permissive	Qualification	https://explore.overturemaps.org/#id=87386618-d394-4520-8cce-78753c864c91	Public Overture website; no usable Overture email. First-party public contact crawl required; no inference.				overture:87386618-d394-4520-8cce-78753c864c91	goodlandproperties.com	17139611717	goodland property management	Houston	USA	PERMISSIVE	domain:goodlandproperties.com
	A	91	Houston	USA	The Dragonfly Property Management		property_management	11211 Katy Fwy	+18324042030								overture:cde6bf01-dad7-4345-adfe-c632467f25a8	2026-08-15T14:58:08.629204Z		Canonical queue drain | fit A | GitHub MASTER dedupe passed	http://www.donovanpropertiestexas.com/										Permissive	Qualification	https://explore.overturemaps.org/#id=cde6bf01-dad7-4345-adfe-c632467f25a8	Public Overture website; no usable Overture email. First-party public contact crawl required; no inference.				overture:cde6bf01-dad7-4345-adfe-c632467f25a8	donovanpropertiestexas.com	18324042030	the dragonfly property management	Houston	USA	PERMISSIVE	domain:donovanpropertiestexas.com
	A	91	Katy	USA	All County® Prime Property Management		property_management	26077 Nelson Way Ste 304	8325102800								overture:820c2620-0fc3-4fd8-9894-7cd3ec09907b	2026-08-15T14:58:08.629204Z		Canonical queue drain | fit A | GitHub MASTER dedupe passed	http://allcountyprime.com/										Permissive	Qualification	https://explore.overturemaps.org/#id=820c2620-0fc3-4fd8-9894-7cd3ec09907b	Public Overture website; no usable Overture email. First-party public contact crawl required; no inference.				overture:820c2620-0fc3-4fd8-9894-7cd3ec09907b	allcountyprime.com	8325102800	all county prime property management	Katy	USA	PERMISSIVE	domain:allcountyprime.com
	A	91	Crawfordville	USA	Key Property Management		property_management	2931 Crawfordville Hwy	+18509269595								overture:7a1bfe42-8387-4a26-97c7-6ab11ce21c8e	2026-08-15T14:45:08.836038Z		Canonical queue drain | fit A | GitHub MASTER dedupe passed	http://www.wip.sale/										Permissive	Qualification	https://explore.overturemaps.org/#id=7a1bfe42-8387-4a26-97c7-6ab11ce21c8e	Public Overture website; no usable Overture email. First-party public contact crawl required; no inference.				overture:7a1bfe42-8387-4a26-97c7-6ab11ce21c8e	wip.sale	18509269595	key property management	Crawfordville	USA	PERMISSIVE	domain:wip.sale
	A	91	Hot Springs Village	USA	Vacation Rentals, Inc.		holiday_rental_home	3819 N Highway 7	(866) 386-6478								overture:f2130e74-0fe0-454f-a2af-fd47024cc302	2026-08-15T14:45:08.836038Z		Canonical queue drain | fit A | GitHub MASTER dedupe passed	http://vacationrentalsinc.net										Permissive	Qualification	https://explore.overturemaps.org/#id=f2130e74-0fe0-454f-a2af-fd47024cc302	Public Overture website; no usable Overture email. First-party public contact crawl required; no inference.				overture:f2130e74-0fe0-454f-a2af-fd47024cc302	vacationrentalsinc.net	8663866478	vacation rentals inc	Hot Springs Village	USA	PERMISSIVE	domain:vacationrentalsinc.net
	A	91	Dallas	USA	UAH Property Management		property_management	300 S Saint Paul St	(469) 227-9014								overture:df8dfee5-b0cc-4eef-aac7-d28c3bcb13dc	2026-08-15T14:45:08.836038Z		Canonical queue drain | fit A | GitHub MASTER dedupe passed	http://www.uahmgt.com										Permissive	Qualification	https://explore.overturemaps.org/#id=df8dfee5-b0cc-4eef-aac7-d28c3bcb13dc	Public Overture website; no usable Overture email. First-party public contact crawl required; no inference.				overture:df8dfee5-b0cc-4eef-aac7-d28c3bcb13dc	uahmgt.com	4692279014	uah property management	Dallas	USA	PERMISSIVE	domain:uahmgt.com
	A	91	Mansfield	USA	Teixeira Property Management		property_management	202 N Main St	+18178189039								overture:1788ccc5-a365-42ab-af37-31e4a19e6468	2026-08-15T14:45:08.836038Z		Canonical queue drain | fit A | GitHub MASTER dedupe passed	http://www.teixeirapm.com										Permissive	Qualification	https://explore.overturemaps.org/#id=1788ccc5-a365-42ab-af37-31e4a19e6468	Public Overture website; no usable Overture email. First-party public contact crawl required; no inference.				overture:1788ccc5-a365-42ab-af37-31e4a19e6468	teixeirapm.com	18178189039	teixeira property management	Mansfield	USA	PERMISSIVE	domain:teixeirapm.com
	A	91	Jacksonville	USA	Supra Property Management		property_management	3653 Regent Blvd	+19048006575								overture:e96374c4-f342-4ff9-864b-302a47d3876d	2026-08-15T14:45:08.836038Z		Canonical queue drain | fit A | GitHub MASTER dedupe passed	http://Suprapropertymanagement.com/										Permissive	Qualification	https://explore.overturemaps.org/#id=e96374c4-f342-4ff9-864b-302a47d3876d	Public Overture website; no usable Overture email. First-party public contact crawl required; no inference.				overture:e96374c4-f342-4ff9-864b-302a47d3876d	suprapropertymanagement.com	19048006575	supra property management	Jacksonville	USA	PERMISSIVE	domain:suprapropertymanagement.com
	A	91	Fort Worth	USA	Specialized Property Management		property_management	8851 Camp Bowie W	+18177321394								overture:9cb881de-8349-454e-9d0e-36aee0bd96cd	2026-08-15T14:45:08.836038Z		Canonical queue drain | fit A | GitHub MASTER dedupe passed	https://specializedfortworth.com/										Permissive	Qualification	https://explore.overturemaps.org/#id=9cb881de-8349-454e-9d0e-36aee0bd96cd	Public Overture website; no usable Overture email. First-party public contact crawl required; no inference.				overture:9cb881de-8349-454e-9d0e-36aee0bd96cd	specializedfortworth.com	18177321394	specialized property management	Fort Worth	USA	PERMISSIVE	domain:specializedfortworth.com
	A	91	Dallas	USA	Specialized Property Management Dallas		property_management	5720 Lbj Fwy Ste 400	9722331888								overture:43a092e2-3346-48ea-ac8d-39eecbe249bd	2026-08-15T14:45:08.836038Z		Canonical queue drain | fit A | GitHub MASTER dedupe passed	https://www.specializeddallas.com/										Medium	Recall-first	https://explore.overturemaps.org/#id=43a092e2-3346-48ea-ac8d-39eecbe249bd	Public Overture website; no usable Overture email. First-party public contact crawl required; no inference.				overture:43a092e2-3346-48ea-ac8d-39eecbe249bd	specializeddallas.com	9722331888	specialized property management dallas	Dallas	USA	MEDIUM	domain:specializeddallas.com
	A	91	Fernandina Beach	USA	Sand dollar villas		resort	3056 S Fletcher Ave	(904) 310-6715								overture:bf4442c7-2d71-4edb-90aa-cc298efd4b45	2026-08-15T14:45:08.836038Z		Canonical queue drain | fit A | GitHub MASTER dedupe passed	http://www.sanddollarvillas.com										Permissive	Qualification	https://explore.overturemaps.org/#id=bf4442c7-2d71-4edb-90aa-cc298efd4b45	Public Overture website; no usable Overture email. First-party public contact crawl required; no inference.				overture:bf4442c7-2d71-4edb-90aa-cc298efd4b45	sanddollarvillas.com	9043106715	sand dollar villas	Fernandina Beach	USA	PERMISSIVE	domain:sanddollarvillas.com
	A	91	Jacksonville	USA	Real Property Management Nexus		real_estate_agent	12574 Flagler Center Blvd Ste 101	(904) 578-7500								overture:77de2d05-2da1-4ec6-9a1a-be642351c8e5	2026-08-15T14:45:08.836038Z		Canonical queue drain | fit A | GitHub MASTER dedupe passed	https://www.rpmnexus.com										Permissive	Qualification	https://explore.overturemaps.org/#id=77de2d05-2da1-4ec6-9a1a-be642351c8e5	Public Overture website; no usable Overture email. First-party public contact crawl required; no inference.				overture:77de2d05-2da1-4ec6-9a1a-be642351c8e5	rpmnexus.com	9045787500	real property management nexus	Jacksonville	USA	PERMISSIVE	domain:rpmnexus.com
	A	91	Trophy Club	USA	Real Property Management Five Star		real_estate_agent	99 Trophy Club Dr Ste 104	(682) 831-1300								overture:d0d1d015-4853-4099-978e-40ba3f210b92	2026-08-15T14:45:08.836038Z		Canonical queue drain | fit A | GitHub MASTER dedupe passed	https://www.rpmfivestar.com										Permissive	Qualification	https://explore.overturemaps.org/#id=d0d1d015-4853-4099-978e-40ba3f210b92	Public Overture website; no usable Overture email. First-party public contact crawl required; no inference.				overture:d0d1d015-4853-4099-978e-40ba3f210b92	rpmfivestar.com	6828311300	real property management five star	Trophy Club	USA	PERMISSIVE	domain:rpmfivestar.com
	A	91	Mansfield	USA	Real Property Management Cowtown		real_estate_agent	1275 N Main St	(817) 984-8400								overture:ea943588-c886-4b20-9b86-a8fafd1f71b3	2026-08-15T14:45:08.836038Z		Canonical queue drain | fit A | GitHub MASTER dedupe passed	https://www.rpmcowtown.com										Permissive	Qualification	https://explore.overturemaps.org/#id=ea943588-c886-4b20-9b86-a8fafd1f71b3	Public Overture website; no usable Overture email. First-party public contact crawl required; no inference.				overture:ea943588-c886-4b20-9b86-a8fafd1f71b3	rpmcowtown.com	8179848400	real property management cowtown	Mansfield	USA	PERMISSIVE	domain:rpmcowtown.com
	A	91	Jasper	USA	Real Property Management Ascent		real_estate_agent	309 E Milam St	(409) 384-4337								overture:6338d87e-27d4-4fa8-9921-bc735337886f	2026-08-15T14:45:08.836038Z		Canonical queue drain | fit A | GitHub MASTER dedupe passed	https://www.rpmascent.com										Permissive	Qualification	https://explore.overturemaps.org/#id=6338d87e-27d4-4fa8-9921-bc735337886f	Public Overture website; no usable Overture email. First-party public contact crawl required; no inference.				overture:6338d87e-27d4-4fa8-9921-bc735337886f	rpmascent.com	4093844337	real property management ascent	Jasper	USA	PERMISSIVE	domain:rpmascent.com
	A	91	Austin	USA	Capitol Area Property Management		property_management	1501 W North Loop Blvd Apt 101	(512) 420-9926								overture:80ae7e61-4d9b-4f15-b669-484497dca733	2026-08-15T14:45:08.836038Z		Canonical queue drain | fit A | GitHub MASTER dedupe passed	http://propertymanagement.bz										Permissive	Qualification	https://explore.overturemaps.org/#id=80ae7e61-4d9b-4f15-b669-484497dca733	Public Overture website; no usable Overture email. First-party public contact crawl required; no inference.				overture:80ae7e61-4d9b-4f15-b669-484497dca733	propertymanagement.bz	5124209926	capitol area property management	Austin	USA	PERMISSIVE	domain:propertymanagement.bz
	A	91	Killeen	USA	Monarch Property Management		property_management	5107 James Loop	+12545267746								overture:ca23d087-7900-4910-a1d4-30b5820b6899	2026-08-15T14:45:08.836038Z		Canonical queue drain | fit A | GitHub MASTER dedupe passed	http://www.MonarchRealtyPM.com/										Permissive	Qualification	https://explore.overturemaps.org/#id=ca23d087-7900-4910-a1d4-30b5820b6899	Public Overture website; no usable Overture email. First-party public contact crawl required; no inference.				overture:ca23d087-7900-4910-a1d4-30b5820b6899	monarchrealtypm.com	12545267746	monarch property management	Killeen	USA	PERMISSIVE	domain:monarchrealtypm.com
	A	91	North Little Rock	USA	McKimmey Rental Property Management		property_management	5317 John F Kennedy Blvd	+15016761758								overture:9b313369-87a9-4645-aa00-1c48391b38bc	2026-08-15T14:45:08.836038Z		Canonical queue drain | fit A | GitHub MASTER dedupe passed	http://www.mckimmeyrents.com/										Medium	Recall-first	https://explore.overturemaps.org/#id=9b313369-87a9-4645-aa00-1c48391b38bc	Public Overture website; no usable Overture email. First-party public contact crawl required; no inference.				overture:9b313369-87a9-4645-aa00-1c48391b38bc	mckimmeyrents.com	15016761758	mckimmey rental property management	North Little Rock	USA	MEDIUM	domain:mckimmeyrents.com
	A	91	Georgetown	USA	Mars Hill Realty Group - Residential Sales, Property Management and Investment		real_estate_agent	1627 Williams Dr	5125549594								overture:6a2a00d9-127e-47e7-9872-e56ddd07d0cb	2026-08-15T14:45:08.836038Z		Canonical queue drain | fit A | GitHub MASTER dedupe passed	http://www.marshillrealty.com/										High	Verified	https://explore.overturemaps.org/#id=6a2a00d9-127e-47e7-9872-e56ddd07d0cb	Public Overture website; no usable Overture email. First-party public contact crawl required; no inference.				overture:6a2a00d9-127e-47e7-9872-e56ddd07d0cb	marshillrealty.com	5125549594	mars hill realty group residential sales property management and investment	Georgetown	USA	HIGH	domain:marshillrealty.com
	A	91	Dallas	USA	Leaders Property Management		property_management	7798 Spring Valley Rd	2143506400								overture:3b2d89e3-f9cd-4010-884a-5cd72df98ecf	2026-08-15T14:45:08.836038Z		Canonical queue drain | fit A | GitHub MASTER dedupe passed	http://leaderscorporation.com/										Permissive	Qualification	https://explore.overturemaps.org/#id=3b2d89e3-f9cd-4010-884a-5cd72df98ecf	Public Overture website; no usable Overture email. First-party public contact crawl required; no inference.				overture:3b2d89e3-f9cd-4010-884a-5cd72df98ecf	leaderscorporation.com	2143506400	leaders property management	Dallas	USA	PERMISSIVE	domain:leaderscorporation.com
