	A	91	Winter Park	USA	Winter Park Vacation Rentals		holiday_rental_home	79050 Main St	+19702363862								overture:e8303e81-d854-4ee5-9de3-f6b097420d70	2026-08-15T14:37:02.161687Z		Canonical queue drain | fit A | GitHub MASTER dedupe passed	https://www.winterparklodging.com			https://www.instagram.com/vacasa/							High	Verified	https://explore.overturemaps.org/#id=e8303e81-d854-4ee5-9de3-f6b097420d70; https://www.vacasa.com/usa/Colorado/Winter-Park?partnerid=1748	Public Overture website; no usable Overture email. First-party public contact crawl required; no inference.				overture:e8303e81-d854-4ee5-9de3-f6b097420d70	winterparklodging.com	19702363862	winter park vacation rentals	Winter Park	USA	HIGH	domain:winterparklodging.com
	A	91	Negril	Jamaica	The Spa Retreat Boutique Hotel		resort	West End Rd	(876) 399-3772								overture:a779b1f0-20d7-4f95-b600-99fa4d428a0d	2026-08-15T14:37:02.161687Z		Canonical queue drain | fit A | GitHub MASTER dedupe passed	http://www.thespajamaica.com			https://www.instagram.com/spadayretreat/							Medium	Recall-first	https://explore.overturemaps.org/#id=a779b1f0-20d7-4f95-b600-99fa4d428a0d; https://www.thespadayretreat.ca/	Public Overture website; no usable Overture email. First-party public contact crawl required; no inference.				overture:a779b1f0-20d7-4f95-b600-99fa4d428a0d	thespajamaica.com	8763993772	the spa retreat boutique hotel	Negril	Jamaica	MEDIUM	domain:thespajamaica.com
	A	91	Bardez	India	The Chimes Holiday Rentals, Goa		holiday_rental_home	Siolim	+918451864044								overture:a473ee05-8ad9-403b-906c-5547171839ca	2026-08-15T14:37:02.161687Z		Canonical queue drain | fit A | GitHub MASTER dedupe passed	http://www.thechimesgoa.com/	bookthechimes@gmail.com									Permissive	Qualification	https://explore.overturemaps.org/#id=a473ee05-8ad9-403b-906c-5547171839ca	Public Overture site+email; zero-HTTP V6 cheap-screen. Final MASTER dedupe/QA required.				overture:a473ee05-8ad9-403b-906c-5547171839ca	thechimesgoa.com	918451864044	the chimes holiday rentals goa	Bardez	India	PERMISSIVE	domain:thechimesgoa.com
	A	91	Thane	India	Surabhi Realtors and Property Management Consultants		appraisal_service	High Land Park, 9 Highland Park Road	+919322505040								overture:4fb471a4-ff22-4952-99a1-39f235d76717	2026-08-15T14:37:02.161687Z		Canonical queue drain | fit A | GitHub MASTER dedupe passed	http://www.surabhirealtors.com/	info@surabhirealtors.com									Permissive	Qualification	https://explore.overturemaps.org/#id=4fb471a4-ff22-4952-99a1-39f235d76717	Public Overture site+email; zero-HTTP V6 cheap-screen. Final MASTER dedupe/QA required.				overture:4fb471a4-ff22-4952-99a1-39f235d76717	surabhirealtors.com	919322505040	surabhi realtors and property management consultants	Thane	India	PERMISSIVE	domain:surabhirealtors.com
	A	91	Panvel Sub-District	India	SK Holiday Home "Resort"		hotel	bandhanwadi, near yusuf meher ali centre, karnala, panvel-goa highway	+918286222244								overture:e0cdc28b-1b81-406c-9c21-d96f2b3dbb42	2026-08-15T14:37:02.161687Z		Canonical queue drain | fit A | GitHub MASTER dedupe passed	http://www.skholidays.com/	svk1970@gmail.com									Permissive	Qualification	https://explore.overturemaps.org/#id=e0cdc28b-1b81-406c-9c21-d96f2b3dbb42	Public Overture site+email; zero-HTTP V6 cheap-screen. Final MASTER dedupe/QA required.				overture:e0cdc28b-1b81-406c-9c21-d96f2b3dbb42	skholidays.com	918286222244	sk holiday home resort	Panvel Sub-District	India	PERMISSIVE	domain:skholidays.com
	A	91	Vasai	India	Good Deals Property Consultant		property_management		+918329505166								overture:169e0a42-87e3-4c58-8940-c339ee6930a6	2026-08-15T14:37:02.161687Z		Canonical queue drain | fit A | GitHub MASTER dedupe passed	http://www.shreejiproperty.in/	jatin.adroit@gmail.com									Permissive	Qualification	https://explore.overturemaps.org/#id=169e0a42-87e3-4c58-8940-c339ee6930a6	Public Overture site+email; zero-HTTP V6 cheap-screen. Final MASTER dedupe/QA required.				overture:169e0a42-87e3-4c58-8940-c339ee6930a6	shreejiproperty.in	918329505166	good deals property consultant	Vasai	India	PERMISSIVE	domain:shreejiproperty.in
	A	91	Candolim	India	Seashell Suites And Villas		resort	Pintos Vaddo	076206 54411								overture:886df247-cd37-435d-8691-7b52e721f16d	2026-08-15T14:37:02.161687Z		Canonical queue drain | fit A | GitHub MASTER dedupe passed	http://www.seashellvillasgoa.com	res@seashellvillasgoa.com									Permissive	Qualification	https://explore.overturemaps.org/#id=886df247-cd37-435d-8691-7b52e721f16d	Public Overture site+email; zero-HTTP V6 cheap-screen. Final MASTER dedupe/QA required.				overture:886df247-cd37-435d-8691-7b52e721f16d	seashellvillasgoa.com	07620654411	seashell suites and villas	Candolim	India	PERMISSIVE	domain:seashellvillasgoa.com
	A	91	Crested Butte	USA	PR Property Management Inc		property_management	350 Country Club Dr	+19703496281								overture:21ffff7e-c21b-4742-a0b3-9fdb9a837aa8	2026-08-15T14:37:02.161687Z		Canonical queue drain | fit A | GitHub MASTER dedupe passed	http://www.prproperty.com/		https://www.prproperty.com/crested-butte-vacation-rental-contact-us/								Permissive	Qualification	https://explore.overturemaps.org/#id=21ffff7e-c21b-4742-a0b3-9fdb9a837aa8	Public Overture website; no usable Overture email. First-party public contact crawl required; no inference.				overture:21ffff7e-c21b-4742-a0b3-9fdb9a837aa8	prproperty.com	19703496281	pr property management inc	Crested Butte	USA	PERMISSIVE	domain:prproperty.com
	A	91	Mumbai	India	Shree Swamy Samarth Property Consultant		property_management	Shop No 15, Anubhav Apartment, Zaver Road, Mulund West	+919768006960								overture:1e6c5613-e78e-4e91-9e97-14a562f9c35e	2026-08-15T14:37:02.161687Z		Canonical queue drain | fit A | GitHub MASTER dedupe passed	http://www.powerproperty.in/	powerproperty9@gmail.com									Permissive	Qualification	https://explore.overturemaps.org/#id=1e6c5613-e78e-4e91-9e97-14a562f9c35e	Public Overture site+email; zero-HTTP V6 cheap-screen. Final MASTER dedupe/QA required.				overture:1e6c5613-e78e-4e91-9e97-14a562f9c35e	powerproperty.in	919768006960	shree swamy samarth property consultant	Mumbai	India	PERMISSIVE	domain:powerproperty.in
	A	91	Alibag	India	Nana's Holiday Home		hotel		+919820238747								overture:75e78d95-dd12-4370-90a4-f678e936acbd	2026-08-15T14:37:02.161687Z		Canonical queue drain | fit A | GitHub MASTER dedupe passed	http://www.nanasholiday.com/	atul2718@gmail.com									Permissive	Qualification	https://explore.overturemaps.org/#id=75e78d95-dd12-4370-90a4-f678e936acbd	Public Overture site+email; zero-HTTP V6 cheap-screen. Final MASTER dedupe/QA required.				overture:75e78d95-dd12-4370-90a4-f678e936acbd	nanasholiday.com	919820238747	nana s holiday home	Alibag	India	PERMISSIVE	domain:nanasholiday.com
	A	91	Vail	USA	Mountain Valley Property Management		property_management	4592 Streamside Cir E Unit B	9704764464								overture:308c85d8-a996-408d-a16e-39f59ef72cf4	2026-08-15T14:37:02.161687Z		Canonical queue drain | fit A | GitHub MASTER dedupe passed	http://www.mvpmvail.com/			https://www.instagram.com/mtnvalleyco/							Permissive	Qualification	https://explore.overturemaps.org/#id=308c85d8-a996-408d-a16e-39f59ef72cf4; https://mtnvalley.com/	Public Overture website; no usable Overture email. First-party public contact crawl required; no inference.				overture:308c85d8-a996-408d-a16e-39f59ef72cf4	mvpmvail.com	9704764464	mountain valley property management	Vail	USA	PERMISSIVE	domain:mvpmvail.com
	A	91	Lakewood	USA	MHT Property Management		property_management	165 S Union Blvd	+13033252644								overture:68883b4c-d324-48e7-b114-edb4ae766a99	2026-08-15T14:37:02.161687Z		Canonical queue drain | fit A | GitHub MASTER dedupe passed	https://mhtpropertymanagement.co/		https://mhtpropertymanagement.co/about-us								Permissive	Qualification	https://explore.overturemaps.org/#id=68883b4c-d324-48e7-b114-edb4ae766a99	Public Overture website; no usable Overture email. First-party public contact crawl required; no inference.				overture:68883b4c-d324-48e7-b114-edb4ae766a99	mhtpropertymanagement.co	13033252644	mht property management	Lakewood	USA	PERMISSIVE	domain:mhtpropertymanagement.co
	A	91	Medellín	Colombia	Luxury Rentals Colombia		hotel	Calle 9A 38-26	+573046250831								overture:67aa9d0b-c168-436e-a981-d136ef8aefb0	2026-08-15T14:37:02.161687Z		Canonical queue drain | fit A | GitHub MASTER dedupe passed	http://www.luxuryrentalscolombia.com/		http://www.luxuryrentalscolombia.com/contact								Permissive	Qualification	https://explore.overturemaps.org/#id=67aa9d0b-c168-436e-a981-d136ef8aefb0	Public Overture website; no usable Overture email. First-party public contact crawl required; no inference.				overture:67aa9d0b-c168-436e-a981-d136ef8aefb0	luxuryrentalscolombia.com	573046250831	luxury rentals colombia	Medellín	Colombia	PERMISSIVE	domain:luxuryrentalscolombia.com
	A	91	Dahanu	India	Krishnashray Property Management		real_estate_service	114 , Ganesh Guest House Chinchani	+919860994384								overture:1aa055d1-43ba-415e-a2d6-e7934410912d	2026-08-15T14:37:02.161687Z		Canonical queue drain | fit A | GitHub MASTER dedupe passed	http://www.krishnashraypropertymanagement.com/	krishnashraypropertymanagement@gmail.com									Permissive	Qualification	https://explore.overturemaps.org/#id=1aa055d1-43ba-415e-a2d6-e7934410912d	Public Overture site+email; zero-HTTP V6 cheap-screen. Final MASTER dedupe/QA required.				overture:1aa055d1-43ba-415e-a2d6-e7934410912d	krishnashraypropertymanagement.com	919860994384	krishnashray property management	Dahanu	India	PERMISSIVE	domain:krishnashraypropertymanagement.com
	A	91	Konkan Division	India	Koyari Vacation Home		holiday_rental_home	Phadke, Ghar Kramank 80, Gawkar Wadi, Post, Gimavi, Taluka	+918262928697								overture:6c3a7ec7-0612-40ec-a94b-d03b3dd75a9f	2026-08-15T14:37:02.161687Z		Canonical queue drain | fit A | GitHub MASTER dedupe passed	http://www.koyari.in/	phadkepune@gmail.com									Permissive	Qualification	https://explore.overturemaps.org/#id=6c3a7ec7-0612-40ec-a94b-d03b3dd75a9f	Public Overture site+email; zero-HTTP V6 cheap-screen. Final MASTER dedupe/QA required.				overture:6c3a7ec7-0612-40ec-a94b-d03b3dd75a9f	koyari.in	918262928697	koyari vacation home	Konkan Division	India	PERMISSIVE	domain:koyari.in
	A	91	Dillon	USA	Silver Mill 8241, Keystone, Colorado Vacation Rental		holiday_rental_home	140 Ida Belle Dr									overture:c8cd7d33-cdc1-43c3-9c1f-47712a25a547	2026-08-15T14:37:02.161687Z		Canonical queue drain | fit A | GitHub MASTER dedupe passed	https://www.keystonemountaincondo.com/		https://www.keystonemountaincondo.com/contact.html		https://www.facebook.com/silvermill8241/						High	Verified	https://explore.overturemaps.org/#id=c8cd7d33-cdc1-43c3-9c1f-47712a25a547; https://www.keystonemountaincondo.com/	Public Overture website; no usable Overture email. First-party public contact crawl required; no inference.				overture:c8cd7d33-cdc1-43c3-9c1f-47712a25a547	keystonemountaincondo.com		silver mill 8241 keystone colorado vacation rental	Dillon	USA	HIGH	domain:keystonemountaincondo.com
	A	91	Konkan Division	India	Zamba Holiday Home		holiday_rental_home	Gat no 79, Road	+919921440220								overture:8d76d242-4559-4634-95be-bd20f7117182	2026-08-15T14:37:02.161687Z		Canonical queue drain | fit A | GitHub MASTER dedupe passed	https://insider.in/winterfire-jam-musical-night-camping-nov30-2019/event	zambaholidayhome@gmail.com									Permissive	Qualification	https://explore.overturemaps.org/#id=8d76d242-4559-4634-95be-bd20f7117182	Public Overture site+email; zero-HTTP V6 cheap-screen. Final MASTER dedupe/QA required.				overture:8d76d242-4559-4634-95be-bd20f7117182	insider.in	919921440220	zamba holiday home	Konkan Division	India	PERMISSIVE	domain:insider.in
	A	91	Bardez	India	Prince Santosh Holiday Homes		lodging	Shiv Santosh Sadan, 403, Calangute - Anjuna Rd, opposite Shree Chauranginath Temple	+919960209951								overture:60cb3f4b-1156-47a1-8267-fef912cfcdf6	2026-08-15T14:37:02.161687Z		Canonical queue drain | fit A | GitHub MASTER dedupe passed	http://www.goindo.in/	santosh.divkar@yahoo.com									Permissive	Qualification	https://explore.overturemaps.org/#id=60cb3f4b-1156-47a1-8267-fef912cfcdf6	Public Overture site+email; zero-HTTP V6 cheap-screen. Final MASTER dedupe/QA required.				overture:60cb3f4b-1156-47a1-8267-fef912cfcdf6	goindo.in	919960209951	prince santosh holiday homes	Bardez	India	PERMISSIVE	domain:goindo.in
	A	91	Mumbai	India	Domonica Holiday Homes		holiday_rental_home	Gorai, Manori - Gorai Rd	+917045357450								overture:14c50df3-8f35-42cb-8a5d-cf1238acdf87	2026-08-15T14:37:02.161687Z		Canonical queue drain | fit A | GitHub MASTER dedupe passed	https://www.domonicaholidayhomes.com/	domonicaholidayhomes@gmail.com									Permissive	Qualification	https://explore.overturemaps.org/#id=14c50df3-8f35-42cb-8a5d-cf1238acdf87	Public Overture site+email; zero-HTTP V6 cheap-screen. Final MASTER dedupe/QA required.				overture:14c50df3-8f35-42cb-8a5d-cf1238acdf87	domonicaholidayhomes.com	917045357450	domonica holiday homes	Mumbai	India	PERMISSIVE	domain:domonicaholidayhomes.com
	A	91	Navi Mumbai	India	Primo Mansion Serviced Apartment		hotel	TRISHUL TERRACESS ANNEXE, plot 32, sector 20, koperkhairane	+919833800310								overture:41ec655a-dc76-4315-8860-ef97d5d5bce2	2026-08-15T14:37:02.161687Z		Canonical queue drain | fit A | GitHub MASTER dedupe passed	http://primomansion.blogspot.in/	primomansion@gmail.com									High	Verified	https://explore.overturemaps.org/#id=41ec655a-dc76-4315-8860-ef97d5d5bce2	Public Overture site+email; zero-HTTP V6 cheap-screen. Final MASTER dedupe/QA required.				overture:41ec655a-dc76-4315-8860-ef97d5d5bce2	blogspot.in	919833800310	primo mansion serviced apartment	Navi Mumbai	India	HIGH	domain:blogspot.in
	A	91	Speightstown	Barbados	G3 Whitesands		holiday_rental_home	Sand St	+12462301900								overture:8c55ca7c-666b-4c4f-90da-20a1362854d8	2026-08-15T14:37:02.161687Z		Canonical queue drain | fit A | GitHub MASTER dedupe passed	http://www.barbadosvacationsrental.com/		https://www.barbadosvacationsrental.com/contact								Permissive	Qualification	https://explore.overturemaps.org/#id=8c55ca7c-666b-4c4f-90da-20a1362854d8	Public Overture website; no usable Overture email. First-party public contact crawl required; no inference.				overture:8c55ca7c-666b-4c4f-90da-20a1362854d8	barbadosvacationsrental.com	12462301900	g3 whitesands	Speightstown	Barbados	PERMISSIVE	domain:barbadosvacationsrental.com
	A	91	Nashik Sub-District	India	Sai Anand Serviced Apartments		historic_site	Wavre Nagar, Kamathwade, Trimbak Road	+919921540000								overture:1ec2bad0-a08a-4e09-87fa-c29aaa2c7774	2026-08-15T14:37:02.161687Z		Canonical queue drain | fit A | GitHub MASTER dedupe passed	http://www.anandhomes.com/	saianand.homes@gmail.com									Permissive	Qualification	https://explore.overturemaps.org/#id=1ec2bad0-a08a-4e09-87fa-c29aaa2c7774	Public Overture site+email; zero-HTTP V6 cheap-screen. Final MASTER dedupe/QA required.				overture:1ec2bad0-a08a-4e09-87fa-c29aaa2c7774	anandhomes.com	919921540000	sai anand serviced apartments	Nashik Sub-District	India	PERMISSIVE	domain:anandhomes.com
	A	91	Patan	India	Forest Escape Resort Koyna		hotel	at post: Goshatwadi, Taluka- Patan, Dist: Satara, Goshatwadi 415206	+917420001521								overture:5a37d0fb-c08f-4b50-bf30-beb01e134e6f	2026-08-15T14:37:02.161687Z		Canonical queue drain | fit A | GitHub MASTER dedupe passed	http://www.agreenhotels.com/	agreenpune@gmail.com									Permissive	Qualification	https://explore.overturemaps.org/#id=5a37d0fb-c08f-4b50-bf30-beb01e134e6f	Public Overture site+email; zero-HTTP V6 cheap-screen. Final MASTER dedupe/QA required.				overture:5a37d0fb-c08f-4b50-bf30-beb01e134e6f	agreenhotels.com	917420001521	forest escape resort koyna	Patan	India	PERMISSIVE	domain:agreenhotels.com
	A	91	Destin	USA	White Sands Vacation Homes		holiday_rental_home		+15402269197								overture:cef590ee-390b-4605-9b95-d12b0ff04c15	2026-08-15T14:26:22.331630Z		Canonical queue drain | fit A | GitHub MASTER dedupe passed	https://www.whitesandsvacationhomes.com/			https://www.instagram.com/teepublic/							Permissive	Qualification	https://explore.overturemaps.org/#id=cef590ee-390b-4605-9b95-d12b0ff04c15; https://demoslotpgsoft.top/	Public Overture website; no usable Overture email. First-party public contact crawl required; no inference.				overture:cef590ee-390b-4605-9b95-d12b0ff04c15	whitesandsvacationhomes.com	15402269197	white sands vacation homes	Destin	USA	PERMISSIVE	domain:whitesandsvacationhomes.com
	A	91	Huntsville	USA	Valley Homes Realty & Property Management		real_estate_service	2101 Clinton Ave W	+12566659996								overture:6d092692-b0ec-456f-ae11-028d93e27fc5	2026-08-15T14:26:22.331630Z		Canonical queue drain | fit A | GitHub MASTER dedupe passed	http://valleyhomeshuntsville.com/		https://valleyhomeshuntsville.com/contact								Permissive	Qualification	https://explore.overturemaps.org/#id=6d092692-b0ec-456f-ae11-028d93e27fc5	Public Overture website; no usable Overture email. First-party public contact crawl required; no inference.				overture:6d092692-b0ec-456f-ae11-028d93e27fc5	valleyhomeshuntsville.com	12566659996	valley homes realty property management	Huntsville	USA	PERMISSIVE	domain:valleyhomeshuntsville.com
	A	91	Panama City Beach	USA	Tidewater Beachcomber Resort Condo Rentals		holiday_rental_home	17104 Front Beach Rd	+18503125805								overture:b39032f5-a69b-4752-914b-ca69f8996c82	2026-08-15T14:26:22.331630Z		Canonical queue drain | fit A | GitHub MASTER dedupe passed	https://tidewater-panama-city-beach.com/				https://www.facebook.com/Tidewater.PCB/						High	Verified	https://explore.overturemaps.org/#id=b39032f5-a69b-4752-914b-ca69f8996c82; https://tidewater-panama-city-beach.com/	Public Overture website; no usable Overture email. First-party public contact crawl required; no inference.				overture:b39032f5-a69b-4752-914b-ca69f8996c82	tidewater-panama-city-beach.com	18503125805	tidewater beachcomber resort condo rentals	Panama City Beach	USA	HIGH	domain:tidewater-panama-city-beach.com
	A	91	Miramar Beach	USA	Miramar Beach Destin Vacation Rental		holiday_rental_home	147 Gulf Side Way	+17705527377								overture:3ec67ab3-a839-4305-968b-721a04db5adf	2026-08-15T14:26:22.331630Z		Canonical queue drain | fit A | GitHub MASTER dedupe passed	http://www.thedestinvacation.com		http://www.thedestinvacation.com/contact								Permissive	Qualification	https://explore.overturemaps.org/#id=3ec67ab3-a839-4305-968b-721a04db5adf	Public Overture website; no usable Overture email. First-party public contact crawl required; no inference.				overture:3ec67ab3-a839-4305-968b-721a04db5adf	thedestinvacation.com	17705527377	miramar beach destin vacation rental	Miramar Beach	USA	PERMISSIVE	domain:thedestinvacation.com
	A	91	Panama City Beach	USA	Sunbird Beach Resort Condo Rentals		holiday_rental_home	9840 S Thomas Dr	+18507337755								overture:cf330e09-c8e2-4437-a8a4-94bf5c7e7b12	2026-08-15T14:26:22.331630Z		Canonical queue drain | fit A | GitHub MASTER dedupe passed	https://sunbird-panama-city-beach.com/?l=%28Sunbird				https://www.facebook.com/Sunbird.PCB/						High	Verified	https://explore.overturemaps.org/#id=cf330e09-c8e2-4437-a8a4-94bf5c7e7b12; https://sunbird-panama-city-beach.com/?l=%28Sunbird	Public Overture website; no usable Overture email. First-party public contact crawl required; no inference.				overture:cf330e09-c8e2-4437-a8a4-94bf5c7e7b12	sunbird-panama-city-beach.com	18507337755	sunbird beach resort condo rentals	Panama City Beach	USA	HIGH	domain:sunbird-panama-city-beach.com
	A	91	Panama City Beach	USA	Splash Beach Resort & Water Slide Park Condo Rentals		holiday_rental_home	17737 Front Beach Rd	+18507337762								overture:ec606c1c-8ec2-42d0-a503-6ef7f3fa820a	2026-08-15T14:26:22.331630Z		Canonical queue drain | fit A | GitHub MASTER dedupe passed	https://splash-panama-city-beach.com/?l=%28Splash				https://www.facebook.com/Splash.Rentals.PCB/						High	Verified	https://explore.overturemaps.org/#id=ec606c1c-8ec2-42d0-a503-6ef7f3fa820a; https://splash-panama-city-beach.com/?l=%28Splash	Public Overture website; no usable Overture email. First-party public contact crawl required; no inference.				overture:ec606c1c-8ec2-42d0-a503-6ef7f3fa820a	splash-panama-city-beach.com	18507337762	splash beach resort water slide park condo rentals	Panama City Beach	USA	HIGH	domain:splash-panama-city-beach.com
	A	91	Panama City Beach	USA	Beachscapes Vacation Rentals		holiday_rental_home	13800 Panama City Beach Pkwy	+18509197263								overture:070b5829-f5e4-42f2-9a2a-131cd3ff8a65	2026-08-15T14:26:22.331630Z		Canonical queue drain | fit A | GitHub MASTER dedupe passed	https://snowbirdescapes.com/						https://snowbirdescapes.com/snowbird-beach-rentals				Permissive	Qualification	https://explore.overturemaps.org/#id=070b5829-f5e4-42f2-9a2a-131cd3ff8a65	Public Overture website; no usable Overture email. First-party public contact crawl required; no inference.				overture:070b5829-f5e4-42f2-9a2a-131cd3ff8a65	snowbirdescapes.com	18509197263	beachscapes vacation rentals	Panama City Beach	USA	PERMISSIVE	domain:snowbirdescapes.com
	A	91	Fairhope	USA	Rob Copeland Property Management			50 Greeno Rd S Ste C	2519284224								overture:eeb274bb-9db5-48e9-8bbf-92d4ab53cdbc	2026-08-15T14:26:22.331630Z		Canonical queue drain | fit A | GitHub MASTER dedupe passed	http://robcopeland.com/		http://robcopeland.com/contact								Permissive	Qualification	https://explore.overturemaps.org/#id=eeb274bb-9db5-48e9-8bbf-92d4ab53cdbc	Public Overture website; no usable Overture email. First-party public contact crawl required; no inference.				overture:eeb274bb-9db5-48e9-8bbf-92d4ab53cdbc	robcopeland.com	2519284224	rob copeland property management	Fairhope	USA	PERMISSIVE	domain:robcopeland.com
	A	91	Oxford	USA	Rebel Realty & Property Management		property_management	2084 Old Taylor Rd	+16625136262								overture:39c137e9-ab2d-4930-93a7-f1f8f659ca09	2026-08-15T14:26:22.331630Z		Canonical queue drain | fit A | GitHub MASTER dedupe passed	http://www.rebelrealty.com/		http://www.rebelrealty.com/contact								Permissive	Qualification	https://explore.overturemaps.org/#id=39c137e9-ab2d-4930-93a7-f1f8f659ca09	Public Overture website; no usable Overture email. First-party public contact crawl required; no inference.				overture:39c137e9-ab2d-4930-93a7-f1f8f659ca09	rebelrealty.com	16625136262	rebel realty property management	Oxford	USA	PERMISSIVE	domain:rebelrealty.com
	A	91	Pensacola	USA	Ocean Breeze Condo Rentals Of Perdido Key		holiday_rental_home	14623 Perdido Key Dr	+15615781785								overture:5cbc36a9-4c6e-487a-8191-2c42cc84a453	2026-08-15T14:26:22.331630Z		Canonical queue drain | fit A | GitHub MASTER dedupe passed	http://perdidoperfectvacationrentals.com/		http://perdidoperfectvacationrentals.com/contact								Permissive	Qualification	https://explore.overturemaps.org/#id=5cbc36a9-4c6e-487a-8191-2c42cc84a453	Public Overture website; no usable Overture email. First-party public contact crawl required; no inference.				overture:5cbc36a9-4c6e-487a-8191-2c42cc84a453	perdidoperfectvacationrentals.com	15615781785	ocean breeze condo rentals of perdido key	Pensacola	USA	PERMISSIVE	domain:perdidoperfectvacationrentals.com
	A	91	Panama City Beach	USA	Panama City Beach Vacation Rental		hotel	8817 Thomas Dr	+18502332188								overture:c7d4215e-b614-4851-9a43-2932c62cf84b	2026-08-15T14:26:22.331630Z		Canonical queue drain | fit A | GitHub MASTER dedupe passed	https://www.panamacitybeachflvacationrentals.com/top-of-the-gulf/			https://www.instagram.com/vacasa/							High	Verified	https://explore.overturemaps.org/#id=c7d4215e-b614-4851-9a43-2932c62cf84b; https://www.vacasa.com/usa/Florida/Panama-City-Beach/	Public Overture website; no usable Overture email. First-party public contact crawl required; no inference.				overture:c7d4215e-b614-4851-9a43-2932c62cf84b	panamacitybeachflvacationrentals.com	18502332188	panama city beach vacation rental	Panama City Beach	USA	HIGH	domain:panamacitybeachflvacationrentals.com
	A	91	Biloxi	USA	Next Step Property Management		property_management	280 Rue Petit Bois	+12282033412								overture:fab7a0e3-4c80-4724-bb3f-a0efaf5d3171	2026-08-15T14:26:22.331630Z		Canonical queue drain | fit A | GitHub MASTER dedupe passed	https://nextsteppropertymanagement.com/		https://nextsteppropertymanagement.com/contact								Permissive	Qualification	https://explore.overturemaps.org/#id=fab7a0e3-4c80-4724-bb3f-a0efaf5d3171	Public Overture website; no usable Overture email. First-party public contact crawl required; no inference.				overture:fab7a0e3-4c80-4724-bb3f-a0efaf5d3171	nextsteppropertymanagement.com	12282033412	next step property management	Biloxi	USA	PERMISSIVE	domain:nextsteppropertymanagement.com
	A	91	Athens	USA	Newton Property Management		property_management	15380 Greenfield Dr	2562332800								overture:f8634f50-db6b-44bc-805a-ff54813d979f	2026-08-15T14:26:22.331630Z		Canonical queue drain | fit A | GitHub MASTER dedupe passed	https://www.newtonrental.com/		https://newtonrental.com/about/								Medium	Recall-first	https://explore.overturemaps.org/#id=f8634f50-db6b-44bc-805a-ff54813d979f	Public Overture website; no usable Overture email. First-party public contact crawl required; no inference.				overture:f8634f50-db6b-44bc-805a-ff54813d979f	newtonrental.com	2562332800	newton property management	Athens	USA	MEDIUM	domain:newtonrental.com
	A	91	Miramar Beach	USA	Old Florida Charm Vacation Rental		holiday_rental_home	251 Tang O Mar Dr	+19704068165								overture:71aa4ae1-5151-4f02-b62c-cc78d196dd43	2026-08-15T14:26:22.331630Z		Canonical queue drain | fit A | GitHub MASTER dedupe passed	https://modernbeachvacationrentals.com/rentals/old-florida-charm		https://modernbeachvacationrentals.com/contact								Permissive	Qualification	https://explore.overturemaps.org/#id=71aa4ae1-5151-4f02-b62c-cc78d196dd43	Public Overture website; no usable Overture email. First-party public contact crawl required; no inference.				overture:71aa4ae1-5151-4f02-b62c-cc78d196dd43	modernbeachvacationrentals.com	19704068165	old florida charm vacation rental	Miramar Beach	USA	PERMISSIVE	domain:modernbeachvacationrentals.com
	A	91	Gulf Shores	USA	Meyer Vacation Rentals		vacation_rental_agent	1585 Gulf Shores Pkwy	2519687516								overture:5675678d-5029-40f3-b93e-cfa9b71e5b3f	2026-08-15T14:26:22.331630Z		Canonical queue drain | fit A | GitHub MASTER dedupe passed	http://www.meyerre.com/			https://www.instagram.com/stay_avari/							Permissive	Qualification	https://explore.overturemaps.org/#id=5675678d-5029-40f3-b93e-cfa9b71e5b3f; https://www.stayavari.com/destinations/alabama/gulf-shores	Public Overture website; no usable Overture email. First-party public contact crawl required; no inference.				overture:5675678d-5029-40f3-b93e-cfa9b71e5b3f	meyerre.com	2519687516	meyer vacation rentals	Gulf Shores	USA	PERMISSIVE	domain:meyerre.com
	A	91	Birmingham	USA	Mega Agent Rental Management		property_management	2635 Valleydale Rd #200	2052671520								overture:3c72629d-164c-487e-bcc9-50bf059a226d	2026-08-15T14:26:22.331630Z		Canonical queue drain | fit A | GitHub MASTER dedupe passed	http://www.megaagentrentals.com/		http://www.megaagentrentals.com/contact								Permissive	Qualification	https://explore.overturemaps.org/#id=3c72629d-164c-487e-bcc9-50bf059a226d	Public Overture website; no usable Overture email. First-party public contact crawl required; no inference.				overture:3c72629d-164c-487e-bcc9-50bf059a226d	megaagentrentals.com	2052671520	mega agent rental management	Birmingham	USA	PERMISSIVE	domain:megaagentrentals.com
	A	91	San Juan	Puerto Rico	654 Plaza by Las Brisas Property Management		real_estate_service	654 Avenida Luis Muñoz Rivera									overture:6527a657-bf10-4802-8bfd-6b63ca9f0a9e	2026-08-15T14:26:22.331630Z		Canonical queue drain | fit A | GitHub MASTER dedupe passed	http://www.lasbrisasproperty.com/properties	info@lasbrisasproperty.com					https://www.lasbrisasproperty.com/properties				High	Verified	https://explore.overturemaps.org/#id=6527a657-bf10-4802-8bfd-6b63ca9f0a9e; https://www.lasbrisasproperty.com/properties	Public Overture website; no usable Overture email. First-party public contact crawl required; no inference. Public business email recovered from first-party website; no inference.				overture:6527a657-bf10-4802-8bfd-6b63ca9f0a9e	lasbrisasproperty.com		654 plaza by las brisas property management	San Juan	Puerto Rico	HIGH	domain:lasbrisasproperty.com
	A	91	Montgomery	USA	Kyser Property Management Co		real_estate_service	2257 Taylor Rd	+13348342073								overture:3b554d03-73e5-4a7c-b363-8394c40b3bc6	2026-08-15T14:26:22.331630Z		Canonical queue drain | fit A | GitHub MASTER dedupe passed	http://www.kyserproperties.com/		http://www.kyserproperties.com/contact								Permissive	Qualification	https://explore.overturemaps.org/#id=3b554d03-73e5-4a7c-b363-8394c40b3bc6	Public Overture website; no usable Overture email. First-party public contact crawl required; no inference.				overture:3b554d03-73e5-4a7c-b363-8394c40b3bc6	kyserproperties.com	13348342073	kyser property management co	Montgomery	USA	PERMISSIVE	domain:kyserproperties.com
	A	91	Huntsville	USA	Huntsville Alabama Property Management		property_management	7738 Madison Blvd	+12564001400								overture:7e1fca4e-f0db-415a-b6b2-5921649d50c8	2026-08-15T14:26:22.331630Z		Canonical queue drain | fit A | GitHub MASTER dedupe passed	http://huntsvillealabamapm.com/		http://huntsvillealabamapm.com/contact								Permissive	Qualification	https://explore.overturemaps.org/#id=7e1fca4e-f0db-415a-b6b2-5921649d50c8	Public Overture website; no usable Overture email. First-party public contact crawl required; no inference.				overture:7e1fca4e-f0db-415a-b6b2-5921649d50c8	huntsvillealabamapm.com	12564001400	huntsville alabama property management	Huntsville	USA	PERMISSIVE	domain:huntsvillealabamapm.com
	A	91	gulfport	USA	Geek Vacation Rentals - Gulfport Condo Rentals		vacation_rental_agent	2252 Beach Dr Ste 2106	2286048221								overture:cf686ed1-1379-4889-8503-cada41281927	2026-08-15T14:26:22.331630Z		Canonical queue drain | fit A | GitHub MASTER dedupe passed	http://www.geekvacationrentals.com/						https://geekvacationrentals.com/styles.css?v=1754390382				High	Verified	https://explore.overturemaps.org/#id=cf686ed1-1379-4889-8503-cada41281927	Public Overture website; no usable Overture email. First-party public contact crawl required; no inference.				overture:cf686ed1-1379-4889-8503-cada41281927	geekvacationrentals.com	2286048221	geek vacation rentals gulfport condo rentals	gulfport	USA	HIGH	domain:geekvacationrentals.com
	A	91	Gulf Shores	USA	Stineway Beach		holiday_rental_home		+18009597326								overture:7bf03133-1430-438b-847d-f58c0747664e	2026-08-15T14:26:22.331630Z		Canonical queue drain | fit A | GitHub MASTER dedupe passed	http://www.fortmorganpropertymanagement.com/vacation-rentals/rental/8146/			https://www.instagram.com/reedvacationrentals/							High	Verified	https://explore.overturemaps.org/#id=7bf03133-1430-438b-847d-f58c0747664e; https://www.gulfrentals.com/fort-morgan-beach-rentals?utm_source=FMPM_redirect&utm_medium=referral	Public Overture website; no usable Overture email. First-party public contact crawl required; no inference.				overture:7bf03133-1430-438b-847d-f58c0747664e	fortmorganpropertymanagement.com	18009597326	stineway beach	Gulf Shores	USA	HIGH	domain:fortmorganpropertymanagement.com
	A	91	Pensacola	USA	Flightline Realty & Property Management LLC		property_management	700 S Palafox St	+18507764902								overture:bb4f1e1d-de46-4e9e-a509-9cff0d621d9e	2026-08-15T14:26:22.331630Z		Canonical queue drain | fit A | GitHub MASTER dedupe passed	http://www.flightlinerealtypensacola.com/		https://flightlinerealtypensacola.com/about/								Medium	Recall-first	https://explore.overturemaps.org/#id=bb4f1e1d-de46-4e9e-a509-9cff0d621d9e	Public Overture website; no usable Overture email. First-party public contact crawl required; no inference.				overture:bb4f1e1d-de46-4e9e-a509-9cff0d621d9e	flightlinerealtypensacola.com	18507764902	flightline realty property management llc	Pensacola	USA	MEDIUM	domain:flightlinerealtypensacola.com
	A	91	Panama City Beach	USA	Emerald Beach Resort Condo Rentals		holiday_rental_home	14698 Front Beach Rd	+18506967875								overture:46d7a173-c016-4899-a831-bdfa32fec989	2026-08-15T14:26:22.331630Z		Canonical queue drain | fit A | GitHub MASTER dedupe passed	https://emerald-beach-panama-city-beach.com/?l=%28Emerald				https://www.facebook.com/Emerald.PCB/						High	Verified	https://explore.overturemaps.org/#id=46d7a173-c016-4899-a831-bdfa32fec989; https://emerald-beach-panama-city-beach.com/?l=%28Emerald	Public Overture website; no usable Overture email. First-party public contact crawl required; no inference.				overture:46d7a173-c016-4899-a831-bdfa32fec989	emerald-beach-panama-city-beach.com	18506967875	emerald beach resort condo rentals	Panama City Beach	USA	HIGH	domain:emerald-beach-panama-city-beach.com
	A	91	Destin	USA	Naturewalk at Seagrove Vacation Rentals		holiday_rental_home	Sandgrass Blvd	+18503128750								overture:b5ab6d8e-3350-43b8-baf7-25e71c02201d	2026-08-15T14:26:22.331630Z		Canonical queue drain | fit A | GitHub MASTER dedupe passed	http://destin30arentals.com/		http://destin30arentals.com/contact								Permissive	Qualification	https://explore.overturemaps.org/#id=b5ab6d8e-3350-43b8-baf7-25e71c02201d	Public Overture website; no usable Overture email. First-party public contact crawl required; no inference.				overture:b5ab6d8e-3350-43b8-baf7-25e71c02201d	destin30arentals.com	18503128750	naturewalk at seagrove vacation rentals	Destin	USA	PERMISSIVE	domain:destin30arentals.com
	A	91	Gautier	USA	Villas of Hickory Hills		resort	7900 Martin Bluff Rd	(228) 497-5150								overture:23b6f9a3-ad7f-45d9-87ca-89e2af1ce4ac	2026-08-15T14:26:22.331630Z		Canonical queue drain | fit A | GitHub MASTER dedupe passed	http://crownresortsltd.com		http://crownresortsltd.com/contact								Permissive	Qualification	https://explore.overturemaps.org/#id=23b6f9a3-ad7f-45d9-87ca-89e2af1ce4ac	Public Overture website; no usable Overture email. First-party public contact crawl required; no inference.				overture:23b6f9a3-ad7f-45d9-87ca-89e2af1ce4ac	crownresortsltd.com	2284975150	villas of hickory hills	Gautier	USA	PERMISSIVE	domain:crownresortsltd.com
	A	91	San Juan	Puerto Rico	Caribbean Vacation Rentals		cabin	151 Calle de San Francisco	+17877250458								overture:a2ded9a6-afef-4e6b-860a-58b4a571bfa2	2026-08-15T14:26:22.331630Z		Canonical queue drain | fit A | GitHub MASTER dedupe passed	http://Www.caribbeanbreezestays.com/		https://www.caribbeanbreezestays.com:443/contact								Permissive	Qualification	https://explore.overturemaps.org/#id=a2ded9a6-afef-4e6b-860a-58b4a571bfa2	Public Overture website; no usable Overture email. First-party public contact crawl required; no inference.				overture:a2ded9a6-afef-4e6b-860a-58b4a571bfa2	caribbeanbreezestays.com	17877250458	caribbean vacation rentals	San Juan	Puerto Rico	PERMISSIVE	domain:caribbeanbreezestays.com
	A	91	Pensacola	USA	Joanna Bradford, Realtor/Property Manager-Navy to Navy Homes Pensacola		property_management	3000 Langley Ave	+18506025699								overture:c8004862-b9f8-47fd-8537-9a11dde87c3a	2026-08-15T14:26:22.331630Z		Canonical queue drain | fit A | GitHub MASTER dedupe passed	http://www.850HEROES.com/			https://www.instagram.com/homesforheroes/							Permissive	Qualification	https://explore.overturemaps.org/#id=c8004862-b9f8-47fd-8537-9a11dde87c3a; https://www.homesforheroes.com	Public Overture website; no usable Overture email. First-party public contact crawl required; no inference.				overture:c8004862-b9f8-47fd-8537-9a11dde87c3a	850heroes.com	18506025699	joanna bradford realtor property manager navy to navy homes pensacola	Pensacola	USA	PERMISSIVE	domain:850heroes.com
	A	91	Santa Rosa Beach	USA	30A Escapes Vacation Rentals		holiday_rental_home	639 Serenoa Rd	+18509307305								overture:6e475289-c99f-4ad5-bb18-fec6fd2a2f47	2026-08-15T14:26:22.331630Z		Canonical queue drain | fit A | GitHub MASTER dedupe passed	http://30aescapes.net/sunshine			https://www.instagram.com/30aescapes/							High	Verified	https://explore.overturemaps.org/#id=6e475289-c99f-4ad5-bb18-fec6fd2a2f47; https://www.30aescapes.com/?__trackcampaign=1SCM167L	Public Overture website; no usable Overture email. First-party public contact crawl required; no inference.				overture:6e475289-c99f-4ad5-bb18-fec6fd2a2f47	30aescapes.net	18509307305	30a escapes vacation rentals	Santa Rosa Beach	USA	HIGH	domain:30aescapes.net
	A	91	San Diego	USA	Whole Life Property Management San Diego		property_management	3887 Pell Pl Unit 104	4803269233								overture:76dd2196-c36f-4be6-9641-73ac3bdc3251	2026-08-15T14:21:59.696412Z		Canonical queue drain | fit A | GitHub MASTER dedupe passed	http://wlpropertymanagementsandiego.com/		https://wlpropertymanagementsandiego.com/contact								Permissive	Qualification	https://explore.overturemaps.org/#id=76dd2196-c36f-4be6-9641-73ac3bdc3251	Public Overture website; no usable Overture email. First-party public contact crawl required; no inference.				overture:76dd2196-c36f-4be6-9641-73ac3bdc3251	wlpropertymanagementsandiego.com	4803269233	whole life property management san diego	San Diego	USA	PERMISSIVE	domain:wlpropertymanagementsandiego.com
	A	91	Ladera Ranch	USA	White House Property Management		property_management	27702 Crown Valley Pkwy Ste D4-254	8669360090								overture:777a09ad-19dd-45b8-8a3a-de4ef9287d8f	2026-08-15T14:21:59.696412Z		Canonical queue drain | fit A | GitHub MASTER dedupe passed	http://www.whpminc.com/		http://www.whpminc.com/contact								Permissive	Qualification	https://explore.overturemaps.org/#id=777a09ad-19dd-45b8-8a3a-de4ef9287d8f	Public Overture website; no usable Overture email. First-party public contact crawl required; no inference.				overture:777a09ad-19dd-45b8-8a3a-de4ef9287d8f	whpminc.com	8669360090	white house property management	Ladera Ranch	USA	PERMISSIVE	domain:whpminc.com
	A	91	Puerto Vallarta	Mexico	Villa Vallardin Luxury Villa Rental Puerto Vallarta Mexico		holiday_rental_home	Avenida Paseo del Marlín 145A	+13107709014								overture:39d99948-46e3-47b1-959c-19a2d2e032a6	2026-08-15T14:21:59.696412Z		Canonical queue drain | fit A | GitHub MASTER dedupe passed	https://VillaVallardin.com/						https://villavallardin.com/feed/				High	Verified	https://explore.overturemaps.org/#id=39d99948-46e3-47b1-959c-19a2d2e032a6	Public Overture website; no usable Overture email. First-party public contact crawl required; no inference.				overture:39d99948-46e3-47b1-959c-19a2d2e032a6	villavallardin.com	13107709014	villa vallardin luxury villa rental puerto vallarta mexico	Puerto Vallarta	Mexico	HIGH	domain:villavallardin.com
	A	91	Puerto Vallarta	Mexico	Vallarta Vacation Rentals		holiday_rental_home	Aquíles Serdán 194	3222222323								overture:f090d3ce-0acc-4a08-8150-92525b5ccd63	2026-08-15T14:21:59.696412Z		Canonical queue drain | fit A | GitHub MASTER dedupe passed	http://vallartavacationrentals.com/			https://www.instagram.com/vallartashores/							High	Verified	https://explore.overturemaps.org/#id=f090d3ce-0acc-4a08-8150-92525b5ccd63; https://vallartashores.com/	Public Overture website; no usable Overture email. First-party public contact crawl required; no inference.				overture:f090d3ce-0acc-4a08-8150-92525b5ccd63	vallartavacationrentals.com	3222222323	vallarta vacation rentals	Puerto Vallarta	Mexico	HIGH	domain:vallartavacationrentals.com
	A	91	Encinitas	USA	Trinity Property Management		property_management	120 Birmingham Dr	+17604871130								overture:b18bc709-ff4c-424d-b2d8-83a512f67132	2026-08-15T14:21:59.696412Z		Canonical queue drain | fit A | GitHub MASTER dedupe passed	http://www.trinitypropertymanagement.com/			https://www.instagram.com/trinityproperty/							Permissive	Qualification	https://explore.overturemaps.org/#id=b18bc709-ff4c-424d-b2d8-83a512f67132; https://www.localproperties.homes/	Public Overture website; no usable Overture email. First-party public contact crawl required; no inference.				overture:b18bc709-ff4c-424d-b2d8-83a512f67132	trinitypropertymanagement.com	17604871130	trinity property management	Encinitas	USA	PERMISSIVE	domain:trinitypropertymanagement.com
	A	91	Yucaipa	USA	Sherry Anderegg Property Management		property_management	32829 Yucaipa Blvd	+19093632888								overture:c01f3441-eb82-4753-8f3a-4a26e8ab8ecb	2026-08-15T14:21:59.696412Z		Canonical queue drain | fit A | GitHub MASTER dedupe passed	http://www.sherryanderegg.com/			https://www.instagram.com/coldwellbankerkivettteeters/							Permissive	Qualification	https://explore.overturemaps.org/#id=c01f3441-eb82-4753-8f3a-4a26e8ab8ecb; https://cbkt.com/cbkt-rentals	Public Overture website; no usable Overture email. First-party public contact crawl required; no inference.				overture:c01f3441-eb82-4753-8f3a-4a26e8ab8ecb	sherryanderegg.com	19093632888	sherry anderegg property management	Yucaipa	USA	PERMISSIVE	domain:sherryanderegg.com
	A	91	Lakeside	USA	Sentry Property Management		self_storage_facility	13542 Highway 8 Business	+16194433077								overture:be0d0887-6a25-41b1-9c9f-b4249ac841f1	2026-08-15T14:21:59.696412Z		Canonical queue drain | fit A | GitHub MASTER dedupe passed	http://www.sentrypm.net/		http://sentrypm.net/wp-content/plugins/very-simple-contact-form/css/vscf-style.css?ver=5.7.17								Permissive	Qualification	https://explore.overturemaps.org/#id=be0d0887-6a25-41b1-9c9f-b4249ac841f1	Public Overture website; no usable Overture email. First-party public contact crawl required; no inference.				overture:be0d0887-6a25-41b1-9c9f-b4249ac841f1	sentrypm.net	16194433077	sentry property management	Lakeside	USA	PERMISSIVE	domain:sentrypm.net
	A	91	New Orleans	USA	Satsuma Property Management			8117 Oak St Unit 201	5047081470								overture:2860e033-bad6-4c3e-a74c-f27d4a7a1f9c	2026-08-15T14:21:59.696412Z		Canonical queue drain | fit A | GitHub MASTER dedupe passed	https://www.satsumamanagement.com/		https://www.satsumamanagement.com/about/								Permissive	Qualification	https://explore.overturemaps.org/#id=2860e033-bad6-4c3e-a74c-f27d4a7a1f9c	Public Overture website; no usable Overture email. First-party public contact crawl required; no inference.				overture:2860e033-bad6-4c3e-a74c-f27d4a7a1f9c	satsumamanagement.com	5047081470	satsuma property management	New Orleans	USA	PERMISSIVE	domain:satsumamanagement.com
	A	91	Oceanside	USA	Oceanside Vacation Rentals		holiday_rental_home	400 N Cleveland St	+17607178158								overture:edad8d3c-9663-4960-9cac-83abd9056b10	2026-08-15T14:21:59.696412Z		Canonical queue drain | fit A | GitHub MASTER dedupe passed	http://sanmiguel313.com/		https://sanmiguel313.com/contact-us/								Permissive	Qualification	https://explore.overturemaps.org/#id=edad8d3c-9663-4960-9cac-83abd9056b10	Public Overture website; no usable Overture email. First-party public contact crawl required; no inference.				overture:edad8d3c-9663-4960-9cac-83abd9056b10	sanmiguel313.com	17607178158	oceanside vacation rentals	Oceanside	USA	PERMISSIVE	domain:sanmiguel313.com
	A	91	El Cajon	USA	Hoban Property Management		property_management	215 W Lexington Ave	+16194421665								overture:99ab0e17-8b12-4244-8788-41587ffad62a	2026-08-15T14:21:59.696412Z		Canonical queue drain | fit A | GitHub MASTER dedupe passed	https://www.rentalsinsandiego.com/		https://www.rentalsinsandiego.com/contact/								High	Verified	https://explore.overturemaps.org/#id=99ab0e17-8b12-4244-8788-41587ffad62a	Public Overture website; no usable Overture email. First-party public contact crawl required; no inference.				overture:99ab0e17-8b12-4244-8788-41587ffad62a	rentalsinsandiego.com	16194421665	hoban property management	El Cajon	USA	HIGH	domain:rentalsinsandiego.com
	A	91	La Huerta	Mexico	Punta Serena Villas and Spa		resort	Km 20 Carret Federal 200	+523153515020								overture:a1cb9401-057a-4266-b23b-cdcf814ba919	2026-08-15T14:21:59.696412Z		Canonical queue drain | fit A | GitHub MASTER dedupe passed	http://www.puntaserena.com		http://www.puntaserena.com/contact								Permissive	Qualification	https://explore.overturemaps.org/#id=a1cb9401-057a-4266-b23b-cdcf814ba919	Public Overture website; no usable Overture email. First-party public contact crawl required; no inference.				overture:a1cb9401-057a-4266-b23b-cdcf814ba919	puntaserena.com	523153515020	punta serena villas and spa	La Huerta	Mexico	PERMISSIVE	domain:puntaserena.com
	A	91	Puerto Vallarta	Mexico	Marival Residences Luxury Resort Puerto Vallarta All Inclusive		hotel	Boulevard Francisco Medina Ascencio 2477									overture:9332cc0c-c2ac-4b94-88bb-7188e54154e7	2026-08-15T14:21:59.696412Z		Canonical queue drain | fit A | GitHub MASTER dedupe passed	http://marival-residences-luxury-all-inclusive.puertovallartaresorthotels.com/en/		https://www.puertovallartaresorthotels.com/en/				https://www.puertovallartaresorthotels.com/en/type/villas-24/				High	Verified	https://explore.overturemaps.org/#id=9332cc0c-c2ac-4b94-88bb-7188e54154e7	Public Overture website; no usable Overture email. First-party public contact crawl required; no inference.				overture:9332cc0c-c2ac-4b94-88bb-7188e54154e7	puertovallartaresorthotels.com		marival residences luxury resort puerto vallarta all inclusive	Puerto Vallarta	Mexico	HIGH	domain:puertovallartaresorthotels.com
	A	91	Temecula	USA	P M Property Management		property_management	28715 Via Montezuma	+19516764570								overture:11f97394-831a-47dd-acef-a9a170881dc7	2026-08-15T14:21:59.696412Z		Canonical queue drain | fit A | GitHub MASTER dedupe passed	http://www.pmpropertymanagement.com/		http://www.pmpropertymanagement.com/contactus.html								Permissive	Qualification	https://explore.overturemaps.org/#id=11f97394-831a-47dd-acef-a9a170881dc7	Public Overture website; no usable Overture email. First-party public contact crawl required; no inference.				overture:11f97394-831a-47dd-acef-a9a170881dc7	pmpropertymanagement.com	19516764570	p m property management	Temecula	USA	PERMISSIVE	domain:pmpropertymanagement.com
	A	91	Palm Desert	USA	Xepco Property Management Palm Desert		property_management	73700 Dinah Shore Dr Ste 104	7606872400								overture:aac5e01e-53a3-4b3a-8147-37c4c1da243f	2026-08-15T14:21:59.696412Z		Canonical queue drain | fit A | GitHub MASTER dedupe passed	https://palmdesertpropertymanagement.com/			https://www.instagram.com/coachella_valley_pm/							High	Verified	https://explore.overturemaps.org/#id=aac5e01e-53a3-4b3a-8147-37c4c1da243f; https://www.palmspringspropertymanagement.com/	Public Overture website; no usable Overture email. First-party public contact crawl required; no inference.				overture:aac5e01e-53a3-4b3a-8147-37c4c1da243f	palmdesertpropertymanagement.com	7606872400	xepco property management palm desert	Palm Desert	USA	HIGH	domain:palmdesertpropertymanagement.com
	A	91	Oceanside	USA	On-The-Sand.com Vacation Rentals		vacation_rental_agent	999 N Pacific St	7609408337								overture:caef2971-9156-4718-a85f-605fc5100927	2026-08-15T14:21:59.696412Z		Canonical queue drain | fit A | GitHub MASTER dedupe passed	http://www.on-the-sand.com/			https://www.instagram.com/onthesandvacations/							High	Verified	https://explore.overturemaps.org/#id=caef2971-9156-4718-a85f-605fc5100927; https://www.onthesandvacations.com/	Public Overture website; no usable Overture email. First-party public contact crawl required; no inference.				overture:caef2971-9156-4718-a85f-605fc5100927	on-the-sand.com	7609408337	on the sand com vacation rentals	Oceanside	USA	HIGH	domain:on-the-sand.com
	A	91	Temecula	USA	Old West Temecula Wine Country Vacation Rental		holiday_rental_home	Glen Oaks Rd	+19092625358								overture:3e156a76-8263-4104-ab4d-65fccd273d0d	2026-08-15T14:21:59.696412Z		Canonical queue drain | fit A | GitHub MASTER dedupe passed	https://www.oldwesttemecula.com/		https://www.oldwesttemecula.com/about								High	Verified	https://explore.overturemaps.org/#id=3e156a76-8263-4104-ab4d-65fccd273d0d	Public Overture website; no usable Overture email. First-party public contact crawl required; no inference.				overture:3e156a76-8263-4104-ab4d-65fccd273d0d	oldwesttemecula.com	19092625358	old west temecula wine country vacation rental	Temecula	USA	HIGH	domain:oldwesttemecula.com
	A	91	San Diego	USA	OB Sands Property Management		property_management	2468 Historic Decatur Rd	+16192237368								overture:08a4dfb4-0808-48fd-9e1d-76f681987696	2026-08-15T14:21:59.696412Z		Canonical queue drain | fit A | GitHub MASTER dedupe passed	http://www.obsandspropertymanagement.com/			https://www.instagram.com/eng_willin_properties/							Medium	Recall-first	https://explore.overturemaps.org/#id=08a4dfb4-0808-48fd-9e1d-76f681987696; https://www.engproperties.com/	Public Overture website; no usable Overture email. First-party public contact crawl required; no inference.				overture:08a4dfb4-0808-48fd-9e1d-76f681987696	obsandspropertymanagement.com	16192237368	ob sands property management	San Diego	USA	MEDIUM	domain:obsandspropertymanagement.com
	A	91	Cabo San Lucas	Mexico	Naya Homes - Property Management Los Cabos			Miguel Angel Herrera Libertad	6249800509								overture:3482f565-dec6-42b6-b05e-a3ea064bfcec	2026-08-15T14:21:59.696412Z		Canonical queue drain | fit A | GitHub MASTER dedupe passed	http://nayahomes.co/			https://www.instagram.com/nayahomesmx/							High	Verified	https://explore.overturemaps.org/#id=3482f565-dec6-42b6-b05e-a3ea064bfcec; https://nayahomes.com/	Public Overture website; no usable Overture email. First-party public contact crawl required; no inference.				overture:3482f565-dec6-42b6-b05e-a3ea064bfcec	nayahomes.co	6249800509	naya homes property management los cabos	Cabo San Lucas	Mexico	HIGH	domain:nayahomes.co
	A	91	El Cajon	USA	Mpm Realty Mejia Property Management		property_management	1730 Peerless Dr	(619) 593-3620								overture:19c67126-4d00-485d-9a1d-3533b6b79c4f	2026-08-15T14:21:59.696412Z		Canonical queue drain | fit A | GitHub MASTER dedupe passed	http://www.mpmrealty.com		https://www.mpmrealty.com/contact-us								Medium	Recall-first	https://explore.overturemaps.org/#id=19c67126-4d00-485d-9a1d-3533b6b79c4f	Public Overture website; no usable Overture email. First-party public contact crawl required; no inference.				overture:19c67126-4d00-485d-9a1d-3533b6b79c4f	mpmrealty.com	6195933620	mpm realty mejia property management	El Cajon	USA	MEDIUM	domain:mpmrealty.com
	A	91	San Diego	USA	Metrowealth Property Management		property_management	11526 Sorrento Valley Rd Ste J	8582254800								overture:d5bdd40e-8d5d-4ef6-93c2-43bcb58df9f7	2026-08-15T14:21:59.696412Z		Canonical queue drain | fit A | GitHub MASTER dedupe passed	http://www.metrowealth.net/		http://www.metrowealth.net/contact-us/								Permissive	Qualification	https://explore.overturemaps.org/#id=d5bdd40e-8d5d-4ef6-93c2-43bcb58df9f7	Public Overture website; no usable Overture email. First-party public contact crawl required; no inference.				overture:d5bdd40e-8d5d-4ef6-93c2-43bcb58df9f7	metrowealth.net	8582254800	metrowealth property management	San Diego	USA	PERMISSIVE	domain:metrowealth.net
	A	91	Puerto Vallarta	Mexico	Marival Residences Luxury Resort Nuevo Vallarta		hotel	Avenida Paseo de la Marina 53	+528007746168								overture:5daa9d63-489a-4e29-b309-f221913466e5	2026-08-15T14:21:59.696412Z		Canonical queue drain | fit A | GitHub MASTER dedupe passed	http://www.marivalresidences.com			https://www.instagram.com/marivalresorts/							High	Verified	https://explore.overturemaps.org/#id=5daa9d63-489a-4e29-b309-f221913466e5; https://marivalresorts.com/	Public Overture website; no usable Overture email. First-party public contact crawl required; no inference.				overture:5daa9d63-489a-4e29-b309-f221913466e5	marivalresidences.com	528007746168	marival residences luxury resort nuevo vallarta	Puerto Vallarta	Mexico	HIGH	domain:marivalresidences.com
	A	91	Indian Wells	USA	Desert Destinations La Quinta Vacation Homes		vacation_rental_agent	75270 US Highway 111 Ste 200	7607733000								overture:28edfb79-f625-4027-8ef3-d757e7dcc474	2026-08-15T14:21:59.696412Z		Canonical queue drain | fit A | GitHub MASTER dedupe passed	http://www.lqvacations.com/		http://www.lqvacations.com/contact-us								Permissive	Qualification	https://explore.overturemaps.org/#id=28edfb79-f625-4027-8ef3-d757e7dcc474	Public Overture website; no usable Overture email. First-party public contact crawl required; no inference.				overture:28edfb79-f625-4027-8ef3-d757e7dcc474	lqvacations.com	7607733000	desert destinations la quinta vacation homes	Indian Wells	USA	PERMISSIVE	domain:lqvacations.com
	A	91	Compostela	Mexico	La Casa Mariposa - Vacation Rentals		holiday_rental_home	Orquídeas 12	+14035853691								overture:3606f83c-a461-4893-8e39-650ccc8e0f9f	2026-08-15T14:21:59.696412Z		Canonical queue drain | fit A | GitHub MASTER dedupe passed	http://lacasamariposa.life/		https://lacasamariposa.life/contact								Permissive	Qualification	https://explore.overturemaps.org/#id=3606f83c-a461-4893-8e39-650ccc8e0f9f	Public Overture website; no usable Overture email. First-party public contact crawl required; no inference.				overture:3606f83c-a461-4893-8e39-650ccc8e0f9f	lacasamariposa.life	14035853691	la casa mariposa vacation rentals	Compostela	Mexico	PERMISSIVE	domain:lacasamariposa.life
	A	91	Saint George	USA	Keyrenter Property Management St. George		property_management	1224 S River Rd Ste B-205	4354146600								overture:f7148027-4c4d-4569-bb01-114a5ae078f1	2026-08-15T14:21:59.696412Z		Canonical queue drain | fit A | GitHub MASTER dedupe passed	https://keyrenterstgeorge.com/		https://www.keyrenterstgeorge.com/contact								Permissive	Qualification	https://explore.overturemaps.org/#id=f7148027-4c4d-4569-bb01-114a5ae078f1	Public Overture website; no usable Overture email. First-party public contact crawl required; no inference.				overture:f7148027-4c4d-4569-bb01-114a5ae078f1	keyrenterstgeorge.com	4354146600	keyrenter property management st george	Saint George	USA	PERMISSIVE	domain:keyrenterstgeorge.com
	A	91	San Diego	USA	Keyrenter San Diego Property Management		property_management	1455 Frazee Rd Ste 500	6194044000								overture:db11dfad-2999-4928-bad7-94cac2c70102	2026-08-15T14:21:59.696412Z		Canonical queue drain | fit A | GitHub MASTER dedupe passed	https://keyrentersandiego.com/		https://keyrentersandiego.com/contact								Permissive	Qualification	https://explore.overturemaps.org/#id=db11dfad-2999-4928-bad7-94cac2c70102	Public Overture website; no usable Overture email. First-party public contact crawl required; no inference.				overture:db11dfad-2999-4928-bad7-94cac2c70102	keyrentersandiego.com	6194044000	keyrenter san diego property management	San Diego	USA	PERMISSIVE	domain:keyrentersandiego.com
	A	91	Newport Beach	USA	Keyrenter Newport Beach Property Management			260 Newport Center Dr	9494043000								overture:f2def8b7-00d1-4ba2-93b8-03c01d4d4726	2026-08-15T14:21:59.696412Z		Canonical queue drain | fit A | GitHub MASTER dedupe passed	https://www.keyrenternewportbeach.com/		https://www.keyrenternewportbeach.com/contact								Permissive	Qualification	https://explore.overturemaps.org/#id=f2def8b7-00d1-4ba2-93b8-03c01d4d4726	Public Overture website; no usable Overture email. First-party public contact crawl required; no inference.				overture:f2def8b7-00d1-4ba2-93b8-03c01d4d4726	keyrenternewportbeach.com	9494043000	keyrenter newport beach property management	Newport Beach	USA	PERMISSIVE	domain:keyrenternewportbeach.com
	A	91	San Diego	USA	Integrity Plus Property Management		property_management	3601 Adams Ave	6195464999								overture:9ab84e8d-a157-486d-845c-ae16ebefa60c	2026-08-15T14:21:59.696412Z		Canonical queue drain | fit A | GitHub MASTER dedupe passed	http://integrityppm.com/			https://www.instagram.com/TAWONBET/							Permissive	Qualification	https://explore.overturemaps.org/#id=9ab84e8d-a157-486d-845c-ae16ebefa60c; https://haleyreedofficial.com/	Public Overture website; no usable Overture email. First-party public contact crawl required; no inference.				overture:9ab84e8d-a157-486d-845c-ae16ebefa60c	integrityppm.com	6195464999	integrity plus property management	San Diego	USA	PERMISSIVE	domain:integrityppm.com
	A	91	New Orleans	USA	Greatmen Cottage Vacation Rental Home		vacation_rental_agent	3421 Dauphine St	2127297566								overture:cbea0a0e-b4c2-43be-a713-f8d8484ef986	2026-08-15T14:21:59.696412Z		Canonical queue drain | fit A | GitHub MASTER dedupe passed	https://www.greatmencottage.com/			https://www.instagram.com/neworleansbestthingstodo/							High	Verified	https://explore.overturemaps.org/#id=cbea0a0e-b4c2-43be-a713-f8d8484ef986; https://www.houfy.com/lodging/greatmen-cottage-vacation-rental-home/10946	Public Overture website; no usable Overture email. First-party public contact crawl required; no inference.				overture:cbea0a0e-b4c2-43be-a713-f8d8484ef986	greatmencottage.com	2127297566	greatmen cottage vacation rental home	New Orleans	USA	HIGH	domain:greatmencottage.com
	A	91	Carlsbad	USA	Giving Tree Property Management		property_management	2647 Gateway Rd Ste 105	(858) 350-7575								overture:151b15b2-800f-4244-a830-f8662c661f96	2026-08-15T14:21:59.696412Z		Canonical queue drain | fit A | GitHub MASTER dedupe passed	http://www.givingtreepm.com			https://www.instagram.com/givingtreeSD/							Medium	Recall-first	https://explore.overturemaps.org/#id=151b15b2-800f-4244-a830-f8662c661f96; https://givingtreepropertymanagement.com/	Public Overture website; no usable Overture email. First-party public contact crawl required; no inference.				overture:151b15b2-800f-4244-a830-f8662c661f96	givingtreepm.com	8583507575	giving tree property management	Carlsbad	USA	MEDIUM	domain:givingtreepm.com
	A	91	Galveston	USA	Gary Greene Vacation Rentals		vacation_rental_agent	13450 Termini San Luis Pass Rd	4099443220								overture:2e3a21bd-26ee-464f-94b5-d0e42e90d325	2026-08-15T14:21:59.696412Z		Canonical queue drain | fit A | GitHub MASTER dedupe passed	http://www.garygreenevacationrentals.com/			https://www.instagram.com/rysonvacationrentals/							Permissive	Qualification	https://explore.overturemaps.org/#id=2e3a21bd-26ee-464f-94b5-d0e42e90d325; https://galvestontxbeachrental.com/	Public Overture website; no usable Overture email. First-party public contact crawl required; no inference.				overture:2e3a21bd-26ee-464f-94b5-d0e42e90d325	garygreenevacationrentals.com	4099443220	gary greene vacation rentals	Galveston	USA	PERMISSIVE	domain:garygreenevacationrentals.com
	A	91	San Diego	USA	Countywide Real Estate & Property Management, inc		real_estate_service	2615 Camino del Rio S	+16195212056								overture:0e9b4f39-2c68-48ea-a2a0-e6c22de7987e	2026-08-15T14:21:59.696412Z		Canonical queue drain | fit A | GitHub MASTER dedupe passed	http://www.countywideescrow.com/		https://www.countywideescrow.com/contact								Permissive	Qualification	https://explore.overturemaps.org/#id=0e9b4f39-2c68-48ea-a2a0-e6c22de7987e	Public Overture website; no usable Overture email. First-party public contact crawl required; no inference.				overture:0e9b4f39-2c68-48ea-a2a0-e6c22de7987e	countywideescrow.com	16195212056	countywide real estate property management inc	San Diego	USA	PERMISSIVE	domain:countywideescrow.com
	A	91	Murrieta	USA	Cid Property Management		property_management	41811 Ivy St	+19516989099								overture:72fcfe05-4120-42e6-aaa5-528e28d08be4	2026-08-15T14:21:59.696412Z		Canonical queue drain | fit A | GitHub MASTER dedupe passed	http://cidpmi.com		http://cidpmi.com/contact								Permissive	Qualification	https://explore.overturemaps.org/#id=72fcfe05-4120-42e6-aaa5-528e28d08be4	Public Overture website; no usable Overture email. First-party public contact crawl required; no inference.				overture:72fcfe05-4120-42e6-aaa5-528e28d08be4	cidpmi.com	19516989099	cid property management	Murrieta	USA	PERMISSIVE	domain:cidpmi.com
	A	91	Cardiff	USA	BETTER Vacation Rentals-Office		vacation_rental_agent	1645 Haydn Dr	7602302734								overture:f0f47310-75c4-4560-9de8-c6beeabd9f8d	2026-08-15T14:21:59.696412Z		Canonical queue drain | fit A | GitHub MASTER dedupe passed	http://www.bettervacationrentals.com/		http://www.bettervacationrentals.com/contact								Permissive	Qualification	https://explore.overturemaps.org/#id=f0f47310-75c4-4560-9de8-c6beeabd9f8d	Public Overture website; no usable Overture email. First-party public contact crawl required; no inference.				overture:f0f47310-75c4-4560-9de8-c6beeabd9f8d	bettervacationrentals.com	7602302734	better vacation rentals office	Cardiff	USA	PERMISSIVE	domain:bettervacationrentals.com
	A	91	San Clemente	USA	Beachside Vacation Rentals		vacation_rental_agent	160 Avenida Granada	9493405726								overture:97d95539-cd5f-45ae-8cce-f140486d39eb	2026-08-15T14:21:59.696412Z		Canonical queue drain | fit A | GitHub MASTER dedupe passed	http://www.beachsidevacationrentals.net/#gjEARV			https://www.instagram.com/vacasa/							Permissive	Qualification	https://explore.overturemaps.org/#id=97d95539-cd5f-45ae-8cce-f140486d39eb; https://www.vacasa.com/usa/California/San-Clemente?partnerid=171#gjEARV	Public Overture website; no usable Overture email. First-party public contact crawl required; no inference.				overture:97d95539-cd5f-45ae-8cce-f140486d39eb	beachsidevacationrentals.net	9493405726	beachside vacation rentals	San Clemente	USA	PERMISSIVE	domain:beachsidevacationrentals.net
	A	91	San Diego	USA	Meridian Property Management		property_management	10650 Scripps Ranch Blvd Ste 106	8585787284								overture:ddfea5d9-d15d-4a61-86ce-b4483d0e2bee	2026-08-15T14:21:59.696412Z		Canonical queue drain | fit A | GitHub MASTER dedupe passed	http://www.ampropman.com/		https://www.ampropman.com:443/contact								Permissive	Qualification	https://explore.overturemaps.org/#id=ddfea5d9-d15d-4a61-86ce-b4483d0e2bee	Public Overture website; no usable Overture email. First-party public contact crawl required; no inference.				overture:ddfea5d9-d15d-4a61-86ce-b4483d0e2bee	ampropman.com	8585787284	meridian property management	San Diego	USA	PERMISSIVE	domain:ampropman.com
	A	91	San Diego	USA	710 Beach Rentals		vacation_rental_agent	4990 Mission Blvd	8585983137								overture:2eeaaca4-ab97-462a-8b17-0da2b79d68fa	2026-08-15T14:21:59.696412Z		Canonical queue drain | fit A | GitHub MASTER dedupe passed	https://www.710beachrentals.com/			https://www.instagram.com/vacasa/							High	Verified	https://explore.overturemaps.org/#id=2eeaaca4-ab97-462a-8b17-0da2b79d68fa; https://www.vacasa.com/usa/California/San-Diego/	Public Overture website; no usable Overture email. First-party public contact crawl required; no inference.				overture:2eeaaca4-ab97-462a-8b17-0da2b79d68fa	710beachrentals.com	8585983137	710 beach rentals	San Diego	USA	HIGH	domain:710beachrentals.com
	A	91	West End	Honduras	Vivaro Roatan - Beachfront - 5 Bedroom - Luxury - Private Beach		vacation_rental_agent	Mangrove Bight Road									overture:c2f70f11-286c-401a-9090-b7fb411d2394	2026-08-15T14:21:17.118446Z		Canonical queue drain | fit A | GitHub MASTER dedupe passed	http://www.vivaroroatan.com/	vivaroroatan@gmail.com					https://vivaroroatan.com:443/book				High	Verified	https://explore.overturemaps.org/#id=c2f70f11-286c-401a-9090-b7fb411d2394; https://vivaroroatan.com:443/	Public Overture website; no usable Overture email. First-party public contact crawl required; no inference. Public business email recovered from first-party website; no inference.				overture:c2f70f11-286c-401a-9090-b7fb411d2394	vivaroroatan.com		vivaro roatan beachfront 5 bedroom luxury private beach	West End	Honduras	HIGH	domain:vivaroroatan.com
	A	91	Sandy Bay	Honduras	Turtle Casa Roatan Vacation Rental		real_estate_service	E Sandy Bay Beach Road	+18086396848								overture:2ed8e9c9-2ab2-4259-be25-59464459b1a9	2026-08-15T14:21:17.118446Z		Canonical queue drain | fit A | GitHub MASTER dedupe passed	http://www.turtlecasa.com/			https://www.instagram.com/turtlecasa/							High	Verified	https://explore.overturemaps.org/#id=2ed8e9c9-2ab2-4259-be25-59464459b1a9; https://turtlecasaroatan.com/	Public Overture website; no usable Overture email. First-party public contact crawl required; no inference.				overture:2ed8e9c9-2ab2-4259-be25-59464459b1a9	turtlecasa.com	18086396848	turtle casa roatan vacation rental	Sandy Bay	Honduras	HIGH	domain:turtlecasa.com
	A	91	Avalon	USA	7 Mile Property Management		property_management	2710 Dune Dr	+16099671722								overture:dbd34ef3-f622-446e-890a-bf4a6b613282	2026-08-15T14:21:17.118446Z		Canonical queue drain | fit A | GitHub MASTER dedupe passed	http://7milepropertymanagement.com/cgi-sys/suspendedpage.cgi		http://7milepropertymanagement.com/contact								Permissive	Qualification	https://explore.overturemaps.org/#id=dbd34ef3-f622-446e-890a-bf4a6b613282	Public Overture website; no usable Overture email. First-party public contact crawl required; no inference.				overture:dbd34ef3-f622-446e-890a-bf4a6b613282	7milepropertymanagement.com	16099671722	7 mile property management	Avalon	USA	PERMISSIVE	domain:7milepropertymanagement.com
	A	91	Ocean City	USA	425 Wesley/Ocean City NJ Vacation Rental		holiday_rental_home	425 Wesley Ave	+15704121434								overture:cc236fbf-04bf-42f1-a626-d5cd5e4f153a	2026-08-15T14:21:17.118446Z		Canonical queue drain | fit A | GitHub MASTER dedupe passed	http://www.425Wesley.com/		http://www.425Wesley.com/								Permissive	Qualification	https://explore.overturemaps.org/#id=cc236fbf-04bf-42f1-a626-d5cd5e4f153a	Public Overture website; no usable Overture email. First-party public contact crawl required; no inference.				overture:cc236fbf-04bf-42f1-a626-d5cd5e4f153a	425wesley.com	15704121434	425 wesley ocean city nj vacation rental	Ocean City	USA	PERMISSIVE	domain:425wesley.com
	A	91	Kansas City	USA	Yarco Property Management		property_management	7920 Ward Pkwy	+18165614240								overture:592883bd-d842-45ed-b4da-0093bf3f6c81	2026-08-15T14:19:54.498739Z		Canonical queue drain | fit A | GitHub MASTER dedupe passed	https://www.yarco.com/		https://www.yarco.com/contact								Permissive	Qualification	https://explore.overturemaps.org/#id=592883bd-d842-45ed-b4da-0093bf3f6c81	Public Overture website; no usable Overture email. First-party public contact crawl required; no inference.				overture:592883bd-d842-45ed-b4da-0093bf3f6c81	yarco.com	18165614240	yarco property management	Kansas City	USA	PERMISSIVE	domain:yarco.com
	A	91	Key West	USA	Key West Vacation Rentals		cabin	1001 Whitehead St	3052969292								overture:6ed02b4d-7b6c-4628-a6e7-8c838e2adcdd	2026-08-15T14:19:54.498739Z		Canonical queue drain | fit A | GitHub MASTER dedupe passed	http://www.vacationrentalskeywest.com/			https://www.instagram.com/sevenkeysvacations/							High	Verified	https://explore.overturemaps.org/#id=6ed02b4d-7b6c-4628-a6e7-8c838e2adcdd; https://www.sevenkeysvacations.com	Public Overture website; no usable Overture email. First-party public contact crawl required; no inference.				overture:6ed02b4d-7b6c-4628-a6e7-8c838e2adcdd	vacationrentalskeywest.com	3052969292	key west vacation rentals	Key West	USA	HIGH	domain:vacationrentalskeywest.com
	A	91	Springfield	USA	Pro X Property Management Springfield		property_management	3100 S National Ave	+14173606876								overture:3f512ae4-07a4-4196-b1ad-cac39e1e8c1c	2026-08-15T14:19:54.498739Z		Canonical queue drain | fit A | GitHub MASTER dedupe passed	https://app.tenantturner.com/listings/proxpropertymanagementspringfield1		https://app.tenantturner.com/signin?path=%2Fcontact								Permissive	Qualification	https://explore.overturemaps.org/#id=3f512ae4-07a4-4196-b1ad-cac39e1e8c1c	Public Overture website; no usable Overture email. First-party public contact crawl required; no inference.				overture:3f512ae4-07a4-4196-b1ad-cac39e1e8c1c	tenantturner.com	14173606876	pro x property management springfield	Springfield	USA	PERMISSIVE	domain:tenantturner.com
	A	91	Fayetteville	USA	Real Property Management First Choice - Northwest Arkansas		real_estate_agent	2928 N. McKee Cr., Suite 106	(479) 582-9310								overture:982110cb-16da-4e78-b574-f42fb0d9fcaa	2026-08-15T14:19:54.498739Z		Canonical queue drain | fit A | GitHub MASTER dedupe passed	https://www.rpmnwa.com			https://www.instagram.com/rpmfirstchoicear/							Permissive	Qualification	https://explore.overturemaps.org/#id=982110cb-16da-4e78-b574-f42fb0d9fcaa; https://www.rpmfirstchoice.com/	Public Overture website; no usable Overture email. First-party public contact crawl required; no inference.				overture:982110cb-16da-4e78-b574-f42fb0d9fcaa	rpmnwa.com	4795829310	real property management first choice northwest arkansas	Fayetteville	USA	PERMISSIVE	domain:rpmnwa.com
	A	91	Jonesboro	USA	Rock Residential Property Management		property_management	1407 Marketplace Dr Ste 1	8708193050								overture:a35cd2c4-50c0-4302-a538-5300264f82bc	2026-08-15T14:19:54.498739Z		Canonical queue drain | fit A | GitHub MASTER dedupe passed	https://www.rockresidential.com/		https://www.rockresidential.com/contact								Permissive	Qualification	https://explore.overturemaps.org/#id=a35cd2c4-50c0-4302-a538-5300264f82bc	Public Overture website; no usable Overture email. First-party public contact crawl required; no inference.				overture:a35cd2c4-50c0-4302-a538-5300264f82bc	rockresidential.com	8708193050	rock residential property management	Jonesboro	USA	PERMISSIVE	domain:rockresidential.com
	A	91	Marathon	USA	Casa de Addison Vacation Rentals		vacation_rental_agent	5303 Ocean Ter	7866717528								overture:7f4ca26c-c1cb-4077-a3bd-c25ee1ece341	2026-08-15T14:19:54.498739Z		Canonical queue drain | fit A | GitHub MASTER dedupe passed	http://www.rentalsinmarathon.com/		http://www.rentalsinmarathon.com/contact								Permissive	Qualification	https://explore.overturemaps.org/#id=7f4ca26c-c1cb-4077-a3bd-c25ee1ece341	Public Overture website; no usable Overture email. First-party public contact crawl required; no inference.				overture:7f4ca26c-c1cb-4077-a3bd-c25ee1ece341	rentalsinmarathon.com	7866717528	casa de addison vacation rentals	Marathon	USA	PERMISSIVE	domain:rentalsinmarathon.com
	A	91	Lake Ozark	USA	Regatta Bay Vacation Rentals		hotel	116 Regatta Bay Cir	+15732800576								overture:f1988ded-e7f8-4798-bb44-e12ab7845698	2026-08-15T14:19:54.498739Z		Canonical queue drain | fit A | GitHub MASTER dedupe passed	http://PinnacleVacationRentals.com/		http://PinnacleVacationRentals.com/contact								Permissive	Qualification	https://explore.overturemaps.org/#id=f1988ded-e7f8-4798-bb44-e12ab7845698	Public Overture website; no usable Overture email. First-party public contact crawl required; no inference.				overture:f1988ded-e7f8-4798-bb44-e12ab7845698	pinnaclevacationrentals.com	15732800576	regatta bay vacation rentals	Lake Ozark	USA	PERMISSIVE	domain:pinnaclevacationrentals.com
	A	91	Russellville	USA	Natural State Property Management		property_management	503 S Arkansas Ave	4799685158								overture:2ecf6d8b-5c52-4f47-bee2-f860571e9e08	2026-08-15T14:19:54.498739Z		Canonical queue drain | fit A | GitHub MASTER dedupe passed	https://www.naturalstatepropertymanagement.com/	info.naturalstatepm@gmail.com									Medium	Recall-first	https://explore.overturemaps.org/#id=2ecf6d8b-5c52-4f47-bee2-f860571e9e08; https://www.naturalstatepropertymanagement.com/	Public Overture website; no usable Overture email. First-party public contact crawl required; no inference. Public business email recovered from first-party website; no inference.				overture:2ecf6d8b-5c52-4f47-bee2-f860571e9e08	naturalstatepropertymanagement.com	4799685158	natural state property management	Russellville	USA	MEDIUM	domain:naturalstatepropertymanagement.com
	A	91	Fayetteville	USA	CSL Properties, LLC Property Management		property_management	1200 E Joyce Blvd	+14792250496								overture:a501af92-87b3-43ea-a17e-ae790f12da0e	2026-08-15T14:19:54.498739Z		Canonical queue drain | fit A | GitHub MASTER dedupe passed	http://www.managenwa.com/		https://www.managenwa.com/about-us/								Permissive	Qualification	https://explore.overturemaps.org/#id=a501af92-87b3-43ea-a17e-ae790f12da0e	Public Overture website; no usable Overture email. First-party public contact crawl required; no inference.				overture:a501af92-87b3-43ea-a17e-ae790f12da0e	managenwa.com	14792250496	csl properties llc property management	Fayetteville	USA	PERMISSIVE	domain:managenwa.com
	A	91	Kansas City	USA	Landmark Property Management		real_estate_agent	12820 Locust St	(816) 886-9080								overture:53a77ed1-f406-46cf-9e67-0e55415d7221	2026-08-15T14:19:54.498739Z		Canonical queue drain | fit A | GitHub MASTER dedupe passed	http://landmark-propertymanagement.com		http://landmark-propertymanagement.com/contact								Permissive	Qualification	https://explore.overturemaps.org/#id=53a77ed1-f406-46cf-9e67-0e55415d7221	Public Overture website; no usable Overture email. First-party public contact crawl required; no inference.				overture:53a77ed1-f406-46cf-9e67-0e55415d7221	landmark-propertymanagement.com	8168869080	landmark property management	Kansas City	USA	PERMISSIVE	domain:landmark-propertymanagement.com
	A	91	Lake Ozark	USA	Golden Horseshoe Condo Rentals		holiday_rental_home	38 Golden Dr	+15733652642								overture:3248a14f-06c8-4df1-afd8-ec1382000f72	2026-08-15T14:19:54.498739Z		Canonical queue drain | fit A | GitHub MASTER dedupe passed	http://www.lakeresort.com/				https://www.facebook.com/profile.php/						High	Verified	https://explore.overturemaps.org/#id=3248a14f-06c8-4df1-afd8-ec1382000f72; https://lakeresort.com/	Public Overture website; no usable Overture email. First-party public contact crawl required; no inference.				overture:3248a14f-06c8-4df1-afd8-ec1382000f72	lakeresort.com	15733652642	golden horseshoe condo rentals	Lake Ozark	USA	HIGH	domain:lakeresort.com
	A	91	St. Charles	USA	Keyrenter St. Charles, Property Management		real_estate_agent	5377 State Hwy N, Ste 322	(636) 707-2000								overture:5bd5e19c-2245-4f7d-8815-28040fdafd4d	2026-08-15T14:19:54.498739Z		Canonical queue drain | fit A | GitHub MASTER dedupe passed	https://keyrenterstcharles.com		https://www.keyrenterstcharles.com/contact								Permissive	Qualification	https://explore.overturemaps.org/#id=5bd5e19c-2245-4f7d-8815-28040fdafd4d	Public Overture website; no usable Overture email. First-party public contact crawl required; no inference.				overture:5bd5e19c-2245-4f7d-8815-28040fdafd4d	keyrenterstcharles.com	6367072000	keyrenter st charles property management	St. Charles	USA	PERMISSIVE	domain:keyrenterstcharles.com
	A	91	Overland Park	USA	Keyrenter Property Management Overland Park			6701 W 64th St Ste 312	9139545555								overture:f4a3ee2e-1bd0-4514-901a-c63be003797d	2026-08-15T14:19:54.498739Z		Canonical queue drain | fit A | GitHub MASTER dedupe passed	https://keyrenteroverlandpark.com/		https://keyrenteroverlandpark.com/contact								Permissive	Qualification	https://explore.overturemaps.org/#id=f4a3ee2e-1bd0-4514-901a-c63be003797d	Public Overture website; no usable Overture email. First-party public contact crawl required; no inference.				overture:f4a3ee2e-1bd0-4514-901a-c63be003797d	keyrenteroverlandpark.com	9139545555	keyrenter property management overland park	Overland Park	USA	PERMISSIVE	domain:keyrenteroverlandpark.com
	A	91	Kansas City	USA	Keyrenter Kansas City North Property Management		property_management	4218 Roanoke Rd	+18165610622								overture:bc2708e8-8cfa-4cce-8d02-54efd37d9b31	2026-08-15T14:19:54.498739Z		Canonical queue drain | fit A | GitHub MASTER dedupe passed	https://keyrenterkansascitynorth.com/		https://www.keyrenterkansascitynorth.com/contact								Permissive	Qualification	https://explore.overturemaps.org/#id=bc2708e8-8cfa-4cce-8d02-54efd37d9b31	Public Overture website; no usable Overture email. First-party public contact crawl required; no inference.				overture:bc2708e8-8cfa-4cce-8d02-54efd37d9b31	keyrenterkansascitynorth.com	18165610622	keyrenter kansas city north property management	Kansas City	USA	PERMISSIVE	domain:keyrenterkansascitynorth.com
	A	91	Fayetteville	USA	Keyrenter Arkansas Property Management		property_management	4762 Castlewood Ln	4796621800								overture:fb0977c2-c41f-448a-afbe-61a972b69e30	2026-08-15T14:19:54.498739Z		Canonical queue drain | fit A | GitHub MASTER dedupe passed	https://keyrenterarkansas.com/		https://keyrenterarkansas.com/contact								Permissive	Qualification	https://explore.overturemaps.org/#id=fb0977c2-c41f-448a-afbe-61a972b69e30	Public Overture website; no usable Overture email. First-party public contact crawl required; no inference.				overture:fb0977c2-c41f-448a-afbe-61a972b69e30	keyrenterarkansas.com	4796621800	keyrenter arkansas property management	Fayetteville	USA	PERMISSIVE	domain:keyrenterarkansas.com
	A	91	Islamorada	USA	Island Management Vacation Rentals		holiday_rental_home	81579 Old Hwy	+13058421151								overture:70079b3b-197c-4364-8453-79b86952b794	2026-08-15T14:19:54.498739Z		Canonical queue drain | fit A | GitHub MASTER dedupe passed	http://www.islandmanagementrentals.com/			https://www.instagram.com/wix/							High	Verified	https://explore.overturemaps.org/#id=70079b3b-197c-4364-8453-79b86952b794; https://www.paradisefloridakeysrentals.com/	Public Overture website; no usable Overture email. First-party public contact crawl required; no inference.				overture:70079b3b-197c-4364-8453-79b86952b794	islandmanagementrentals.com	13058421151	island management vacation rentals	Islamorada	USA	HIGH	domain:islandmanagementrentals.com
	A	91	Overland Park	USA	SG Property Management		property_management	7111 W 151st St	+19134852423								overture:c2184f3c-64bb-4e69-b897-da0dd6a456da	2026-08-15T14:19:54.498739Z		Canonical queue drain | fit A | GitHub MASTER dedupe passed	http://www.encoreturf.com/			https://www.instagram.com/mindseyesports/							Permissive	Qualification	https://explore.overturemaps.org/#id=c2184f3c-64bb-4e69-b897-da0dd6a456da; https://mindseyesports.com/	Public Overture website; no usable Overture email. First-party public contact crawl required; no inference.				overture:c2184f3c-64bb-4e69-b897-da0dd6a456da	encoreturf.com	19134852423	sg property management	Overland Park	USA	PERMISSIVE	domain:encoreturf.com
	A	91	Mexico	USA	Bizzy Realty & Property Management		real_estate_agent	310 W Monroe St	(573) 581-9999								overture:3cfe4d68-cbc9-417c-b796-4400c5693f8c	2026-08-15T14:19:54.498739Z		Canonical queue drain | fit A | GitHub MASTER dedupe passed	http://bizzymanagement.com		http://bizzymanagement.com/contact								Permissive	Qualification	https://explore.overturemaps.org/#id=3cfe4d68-cbc9-417c-b796-4400c5693f8c	Public Overture website; no usable Overture email. First-party public contact crawl required; no inference.				overture:3cfe4d68-cbc9-417c-b796-4400c5693f8c	bizzymanagement.com	5735819999	bizzy realty property management	Mexico	USA	PERMISSIVE	domain:bizzymanagement.com
	A	91	Kansas City	USA	Arrow Realty Network- Real Estate & Property Management		real_estate_agent	1100 W Cambridge Circle Dr Ste 500	8554621169								overture:57b75e32-4c63-4794-b8fb-970d6b2e25ee	2026-08-15T14:19:54.498739Z		Canonical queue drain | fit A | GitHub MASTER dedupe passed	http://www.arrowrealtynetwork.com/		http://www.arrowrealtynetwork.com/contact								Permissive	Qualification	https://explore.overturemaps.org/#id=57b75e32-4c63-4794-b8fb-970d6b2e25ee	Public Overture website; no usable Overture email. First-party public contact crawl required; no inference.				overture:57b75e32-4c63-4794-b8fb-970d6b2e25ee	arrowrealtynetwork.com	8554621169	arrow realty network real estate property management	Kansas City	USA	PERMISSIVE	domain:arrowrealtynetwork.com
	A	91	Hazelwood	USA	Alliance Property Management		property_management	7220 N Lindbergh Blvd	+13144984925								overture:c0291694-1560-42c6-8f18-36a460d78eee	2026-08-15T14:19:54.498739Z		Canonical queue drain | fit A | GitHub MASTER dedupe passed	http://apmstl.com	office@apmstl.com									Permissive	Qualification	https://explore.overturemaps.org/#id=c0291694-1560-42c6-8f18-36a460d78eee; https://www.apmstl.com/	Public Overture website; no usable Overture email. First-party public contact crawl required; no inference. Public business email recovered from first-party website; no inference.				overture:c0291694-1560-42c6-8f18-36a460d78eee	apmstl.com	13144984925	alliance property management	Hazelwood	USA	PERMISSIVE	domain:apmstl.com
	A	91	Columbia	USA	Assured Property Management LLC		property_management	2316 Industrial Dr	5738150063								overture:d8a33c88-2b90-41b5-bee1-d86b308f81ec	2026-08-15T14:19:54.498739Z		Canonical queue drain | fit A | GitHub MASTER dedupe passed	http://apmrentals.com/		http://apmrentals.com/contact								Permissive	Qualification	https://explore.overturemaps.org/#id=d8a33c88-2b90-41b5-bee1-d86b308f81ec	Public Overture website; no usable Overture email. First-party public contact crawl required; no inference.				overture:d8a33c88-2b90-41b5-bee1-d86b308f81ec	apmrentals.com	5738150063	assured property management llc	Columbia	USA	PERMISSIVE	domain:apmrentals.com
	A	91	Bentonville	USA	AMRR Property Management: Northwest Arkansas		property_management	240 S Main St	+14793066483								overture:c80b2002-3047-4666-93a5-efbf55217bd0	2026-08-15T14:19:54.498739Z		Canonical queue drain | fit A | GitHub MASTER dedupe passed	http://www.amrrpm.com/		https://www.amrrpm.com/about-us								Medium	Recall-first	https://explore.overturemaps.org/#id=c80b2002-3047-4666-93a5-efbf55217bd0	Public Overture website; no usable Overture email. First-party public contact crawl required; no inference.				overture:c80b2002-3047-4666-93a5-efbf55217bd0	amrrpm.com	14793066483	amrr property management northwest arkansas	Bentonville	USA	MEDIUM	domain:amrrpm.com
	A	91	Acapulco de Juárez	Mexico	Fiesta Americana Acapulco Villas		resort	Av Costera Miguel Alemán No.97, Fracc	8005045000								overture:e578abde-59b5-4c0c-8e12-8320214c045d	2026-08-15T14:19:54.498739Z		Canonical queue drain | fit A | GitHub MASTER dedupe passed	https://www.fiestamericana.com/hoteles-y-resorts/fiesta-americana-acapulco-villas			https://www.instagram.com/fiestamericana/							High	Verified	https://explore.overturemaps.org/#id=e578abde-59b5-4c0c-8e12-8320214c045d; https://www.fiestamericanatravelty.com/fiesta-americana/hoteles/fiesta-americana-acapulco-villas	Public Overture website; no usable Overture email. First-party public contact crawl required; no inference.				overture:e578abde-59b5-4c0c-8e12-8320214c045d	fiestamericana.com	8005045000	fiesta americana acapulco villas	Acapulco de Juárez	Mexico	HIGH	domain:fiestamericana.com
	A	91	Markt Schwaben	Germany	Z.E.U.S. Property Management GmbH		property_management	Trappentreustr. 8	081217719883								overture:d75272f4-622d-499a-8f97-ec80da3d8238	2026-08-15T14:16:16.296920Z		Canonical queue drain | fit A | GitHub MASTER dedupe passed	https://zeus-pm.de/	info@zeus-pm.de									Permissive	Qualification	https://explore.overturemaps.org/#id=d75272f4-622d-499a-8f97-ec80da3d8238; https://zeus-pm.de/	Public Overture website; no usable Overture email. First-party public contact crawl required; no inference. Public business email recovered from first-party website; no inference.				overture:d75272f4-622d-499a-8f97-ec80da3d8238	zeus-pm.de	081217719883	z e u s property management gmbh	Markt Schwaben	Germany	PERMISSIVE	domain:zeus-pm.de
	A	91	Saint Petersburg	USA	Wise Property Management		property_management	970 Lake Carillon Dr Ste 300	8139685665								overture:138de923-5740-43d8-ada3-c354504ef150	2026-08-15T14:16:16.296920Z		Canonical queue drain | fit A | GitHub MASTER dedupe passed	http://www.wisepropertymanagement.com/		https://wisepropertymanagement.com/about/								Permissive	Qualification	https://explore.overturemaps.org/#id=138de923-5740-43d8-ada3-c354504ef150	Public Overture website; no usable Overture email. First-party public contact crawl required; no inference.				overture:138de923-5740-43d8-ada3-c354504ef150	wisepropertymanagement.com	8139685665	wise property management	Saint Petersburg	USA	PERMISSIVE	domain:wisepropertymanagement.com
	A	91	Fort Lauderdale	USA	Grasshoppers Commercial Property Management		property_management	6300 NE 1st Ave Ste 102b	9549826360								overture:bba56641-c9a2-4cdc-9357-718480d53777	2026-08-15T14:16:16.296920Z		Canonical queue drain | fit A | GitHub MASTER dedupe passed	http://www.wehoponit.com/		http://www.wehoponit.com/contact								Permissive	Qualification	https://explore.overturemaps.org/#id=bba56641-c9a2-4cdc-9357-718480d53777	Public Overture website; no usable Overture email. First-party public contact crawl required; no inference.				overture:bba56641-c9a2-4cdc-9357-718480d53777	wehoponit.com	9549826360	grasshoppers commercial property management	Fort Lauderdale	USA	PERMISSIVE	domain:wehoponit.com
	A	91	Sanibel	USA	Waterstone Resorts & Vacation Homes		hotel	1177 Causeway Blvd	+12394721498								overture:b4fb75e2-4026-4aed-90ca-dc50c5d50d35	2026-08-15T14:16:16.296920Z		Canonical queue drain | fit A | GitHub MASTER dedupe passed	http://www.waterstoneresorts.com/			https://www.instagram.com/royalshell/							Permissive	Qualification	https://explore.overturemaps.org/#id=b4fb75e2-4026-4aed-90ca-dc50c5d50d35; https://www.royalshell.com/	Public Overture website; no usable Overture email. First-party public contact crawl required; no inference.				overture:b4fb75e2-4026-4aed-90ca-dc50c5d50d35	waterstoneresorts.com	12394721498	waterstone resorts vacation homes	Sanibel	USA	PERMISSIVE	domain:waterstoneresorts.com
	A	91	Orlando	USA	Sheraton Vistana Resort Villas, Lake Buena Vista/Orlando		resort	8801 Vistana Centre Dr	+14072393100								overture:49aa39dd-0154-4acd-aea1-b2c2f420b327	2026-08-15T14:16:16.296920Z		Canonical queue drain | fit A | GitHub MASTER dedupe passed	https://www.vistana.com			https://www.instagram.com/themarriottvacationclubs/							High	Verified	https://explore.overturemaps.org/#id=49aa39dd-0154-4acd-aea1-b2c2f420b327; https://www.marriottvacationclubs.com/	Public Overture website; no usable Overture email. First-party public contact crawl required; no inference.				overture:49aa39dd-0154-4acd-aea1-b2c2f420b327	vistana.com	14072393100	sheraton vistana resort villas lake buena vista orlando	Orlando	USA	HIGH	domain:vistana.com
	A	91	Castiadas	Italy	Villas Resort Hotel & Spa		resort	Viale dei Platani 8	070 991 9028								overture:10e8dd76-ee5f-49c7-9962-daca67f19278	2026-08-15T14:16:16.296920Z		Canonical queue drain | fit A | GitHub MASTER dedupe passed	https://www.villasresort.it		https://www.villasresort.it/contact								Permissive	Qualification	https://explore.overturemaps.org/#id=10e8dd76-ee5f-49c7-9962-daca67f19278	Public Overture website; no usable Overture email. First-party public contact crawl required; no inference.				overture:10e8dd76-ee5f-49c7-9962-daca67f19278	villasresort.it	0709919028	villas resort hotel spa	Castiadas	Italy	PERMISSIVE	domain:villasresort.it
	A	91	Isla Holbox	Mexico	Villas HM Paraíso del Mar		resort	Avda. Plutarco Elias, s/n Isla Holbox Holbox Q.R MX	9848752062								overture:65afac27-9df2-4266-a19a-629bc79395fd	2026-08-15T14:16:16.296920Z		Canonical queue drain | fit A | GitHub MASTER dedupe passed	http://www.villashmparaisodelmar.com/			https://www.instagram.com/hmhotels/							High	Verified	https://explore.overturemaps.org/#id=65afac27-9df2-4266-a19a-629bc79395fd; https://www.hmhotels.com/villas-hm-paraiso-del-mar/	Public Overture website; no usable Overture email. First-party public contact crawl required; no inference.				overture:65afac27-9df2-4266-a19a-629bc79395fd	villashmparaisodelmar.com	9848752062	villas hm paraiso del mar	Isla Holbox	Mexico	HIGH	domain:villashmparaisodelmar.com
	A	91	Jupiter	USA	VERSA Property Management		property_management	661 University Blvd	+18773541380								overture:5b82c4cb-a74a-4800-acbe-ad697d4d6cd1	2026-08-15T14:16:16.296920Z		Canonical queue drain | fit A | GitHub MASTER dedupe passed	http://VersaPM.com/			https://www.instagram.com/rendinahre/							Permissive	Qualification	https://explore.overturemaps.org/#id=5b82c4cb-a74a-4800-acbe-ad697d4d6cd1; https://rendina.com/	Public Overture website; no usable Overture email. First-party public contact crawl required; no inference.				overture:5b82c4cb-a74a-4800-acbe-ad697d4d6cd1	versapm.com	18773541380	versa property management	Jupiter	USA	PERMISSIVE	domain:versapm.com
	A	91	Vero Beach	USA	Vero Vacation Rental		vacation_rental_agent	646 Honeysuckle Ln	7724945041								overture:a1ad8a53-ce43-422c-99e7-41b302df7e1f	2026-08-15T14:16:16.296920Z		Canonical queue drain | fit A | GitHub MASTER dedupe passed	https://www.verovacationrental.com/						https://www.verovacationrental.com/book				High	Verified	https://explore.overturemaps.org/#id=a1ad8a53-ce43-422c-99e7-41b302df7e1f	Public Overture website; no usable Overture email. First-party public contact crawl required; no inference.				overture:a1ad8a53-ce43-422c-99e7-41b302df7e1f	verovacationrental.com	7724945041	vero vacation rental	Vero Beach	USA	HIGH	domain:verovacationrental.com
	A	91	Naples	USA	VILLA BELLY - Vacation Home Naples		holiday_rental_home	2218 Queens Blvd	+12399203636								overture:4eea6963-094f-498f-9ea9-d0bc84cf3aeb	2026-08-15T14:16:16.296920Z		Canonical queue drain | fit A | GitHub MASTER dedupe passed	http://vacation-naples.com/		https://www.vacation-naples.com/about/								Medium	Recall-first	https://explore.overturemaps.org/#id=4eea6963-094f-498f-9ea9-d0bc84cf3aeb	Public Overture website; no usable Overture email. First-party public contact crawl required; no inference.				overture:4eea6963-094f-498f-9ea9-d0bc84cf3aeb	vacation-naples.com	12399203636	villa belly vacation home naples	Naples	USA	MEDIUM	domain:vacation-naples.com
	A	91	Aventura	USA	US FLORIDA PROPERTY MANAGEMENT - Aventura			17971 Biscayne Blvd Ste 221	7865712691								overture:39e74ca3-8ea0-4617-abfa-8e7ecd3c60a1	2026-08-15T14:16:16.296920Z		Canonical queue drain | fit A | GitHub MASTER dedupe passed	https://www.us-florida-property-management.com/		https://www.us-florida-property-management.com/contact								Permissive	Qualification	https://explore.overturemaps.org/#id=39e74ca3-8ea0-4617-abfa-8e7ecd3c60a1	Public Overture website; no usable Overture email. First-party public contact crawl required; no inference.				overture:39e74ca3-8ea0-4617-abfa-8e7ecd3c60a1	us-florida-property-management.com	7865712691	us florida property management aventura	Aventura	USA	PERMISSIVE	domain:us-florida-property-management.com
	A	91	Miami	USA	Urban Key Property Management		property_management	5966 S Dixie Hwy	+17862394929								overture:5da21e1a-be7f-4b73-9f83-c8d3e31bddc9	2026-08-15T14:16:16.296920Z		Canonical queue drain | fit A | GitHub MASTER dedupe passed	http://urbankeypm.com/		https://urbankeypm.com/contact								Permissive	Qualification	https://explore.overturemaps.org/#id=5da21e1a-be7f-4b73-9f83-c8d3e31bddc9	Public Overture website; no usable Overture email. First-party public contact crawl required; no inference.				overture:5da21e1a-be7f-4b73-9f83-c8d3e31bddc9	urbankeypm.com	17862394929	urban key property management	Miami	USA	PERMISSIVE	domain:urbankeypm.com
	A	91	Jupiter	USA	Triton Property Management			900 E Indiantown Rd Ste 210	5612506565								overture:075afaf9-c7c5-4b9a-883e-50036fb99d8a	2026-08-15T14:16:16.296920Z		Canonical queue drain | fit A | GitHub MASTER dedupe passed	http://www.tritoncam.com/contact/		https://www.tritoncam.com/contact-us/								Medium	Recall-first	https://explore.overturemaps.org/#id=075afaf9-c7c5-4b9a-883e-50036fb99d8a	Public Overture website; no usable Overture email. First-party public contact crawl required; no inference.				overture:075afaf9-c7c5-4b9a-883e-50036fb99d8a	tritoncam.com	5612506565	triton property management	Jupiter	USA	MEDIUM	domain:tritoncam.com
	A	91	Brno	Czechia	Campea aparthotel		hotel	Studentská 797/1	+420720968750								overture:1222b895-930f-4a9e-94d9-fdf7cb914ad1	2026-08-15T14:16:16.296920Z		Canonical queue drain | fit A | GitHub MASTER dedupe passed	https://campea.tripcombined.com/						https://campea.tripcombined.com/book				Medium	Recall-first	https://explore.overturemaps.org/#id=1222b895-930f-4a9e-94d9-fdf7cb914ad1	Public Overture website; no usable Overture email. First-party public contact crawl required; no inference.				overture:1222b895-930f-4a9e-94d9-fdf7cb914ad1	tripcombined.com	420720968750	campea aparthotel	Brno	Czechia	MEDIUM	domain:tripcombined.com
	A	91	De Leon Springs	USA	Tri-County Property Management		property_management	5645 Johnson Lake Rd	+13868042700								overture:b648655a-d937-4f98-9118-a5f52da0bd00	2026-08-15T14:16:16.296920Z		Canonical queue drain | fit A | GitHub MASTER dedupe passed	http://tricountylandscape.net/		https://www.tricountylandscape.net/index.php/contact-us/								Permissive	Qualification	https://explore.overturemaps.org/#id=b648655a-d937-4f98-9118-a5f52da0bd00	Public Overture website; no usable Overture email. First-party public contact crawl required; no inference.				overture:b648655a-d937-4f98-9118-a5f52da0bd00	tricountylandscape.net	13868042700	tri county property management	De Leon Springs	USA	PERMISSIVE	domain:tricountylandscape.net
	A	91	Isla Mujeres	Mexico	La Pasion		bed_and_breakfast	M193 Lot 11 La Gloria (Carib side near Isla 33 Condos)	+529982056030								overture:3a2e8f49-1e7d-4075-a99a-db2f296da42c	2026-08-15T14:16:16.296920Z		Canonical queue drain | fit A | GitHub MASTER dedupe passed	http://www.travelislamujeres.com/		http://www.travelislamujeres.com/contact								Permissive	Qualification	https://explore.overturemaps.org/#id=3a2e8f49-1e7d-4075-a99a-db2f296da42c	Public Overture website; no usable Overture email. First-party public contact crawl required; no inference.				overture:3a2e8f49-1e7d-4075-a99a-db2f296da42c	travelislamujeres.com	529982056030	la pasion	Isla Mujeres	Mexico	PERMISSIVE	domain:travelislamujeres.com
	A	91	Coral Springs	USA	Top Professional Property Management		property_management	10100 W Sample Rd	+17548121567								overture:f0017baa-27b8-4467-a9d2-b1ef26b62cae	2026-08-15T14:16:16.296920Z		Canonical queue drain | fit A | GitHub MASTER dedupe passed	http://www.topprofessionalpropertymgmt.com/		http://www.topprofessionalpropertymgmt.com/contact								Permissive	Qualification	https://explore.overturemaps.org/#id=f0017baa-27b8-4467-a9d2-b1ef26b62cae	Public Overture website; no usable Overture email. First-party public contact crawl required; no inference.				overture:f0017baa-27b8-4467-a9d2-b1ef26b62cae	topprofessionalpropertymgmt.com	17548121567	top professional property management	Coral Springs	USA	PERMISSIVE	domain:topprofessionalpropertymgmt.com
	A	91	Sarasota	USA	Timberwoods Vacation Villas		resort	3609 Yellow Pine Ct	(941) 312-5934								overture:9d23658a-16fb-4a98-821d-fae9bc68ca8b	2026-08-15T14:16:16.296920Z		Canonical queue drain | fit A | GitHub MASTER dedupe passed	http://www.timberwoods.com		http://www.timberwoods.com/contact								Permissive	Qualification	https://explore.overturemaps.org/#id=9d23658a-16fb-4a98-821d-fae9bc68ca8b	Public Overture website; no usable Overture email. First-party public contact crawl required; no inference.				overture:9d23658a-16fb-4a98-821d-fae9bc68ca8b	timberwoods.com	9413125934	timberwoods vacation villas	Sarasota	USA	PERMISSIVE	domain:timberwoods.com
	A	91	Fort Lauderdale	USA	Sunny Florida Vacation Homes		vacation_rental_agent	2787 E Oakland Park Blvd	9542261449								overture:0130a318-aa7b-4bb3-a70e-8cdd7b813dba	2026-08-15T14:16:16.296920Z		Canonical queue drain | fit A | GitHub MASTER dedupe passed	https://sunnyfloridavacationhomes.com/		https://sunnyfloridavacationhomes.com/contact								Permissive	Qualification	https://explore.overturemaps.org/#id=0130a318-aa7b-4bb3-a70e-8cdd7b813dba	Public Overture website; no usable Overture email. First-party public contact crawl required; no inference.				overture:0130a318-aa7b-4bb3-a70e-8cdd7b813dba	sunnyfloridavacationhomes.com	9542261449	sunny florida vacation homes	Fort Lauderdale	USA	PERMISSIVE	domain:sunnyfloridavacationhomes.com
	A	91	Davenport	USA	Watersong		hotel	191 Orange Cosmos Blvd	+18634246200								overture:2aa11e13-d7e1-465e-a7af-0a525c063266	2026-08-15T14:16:16.296920Z		Canonical queue drain | fit A | GitHub MASTER dedupe passed	http://www.sunbreeze-at-watersong.com		http://www.sunbreeze-at-watersong.com/contact								Permissive	Qualification	https://explore.overturemaps.org/#id=2aa11e13-d7e1-465e-a7af-0a525c063266	Public Overture website; no usable Overture email. First-party public contact crawl required; no inference.				overture:2aa11e13-d7e1-465e-a7af-0a525c063266	sunbreeze-at-watersong.com	18634246200	watersong	Davenport	USA	PERMISSIVE	domain:sunbreeze-at-watersong.com
	A	91	Placida	USA	Stephinie Futch, Realtor/ Property Manager		property_management	8725 Placida Rd	+19416627451								overture:5616d12a-1762-4263-b199-5b04842e6e68	2026-08-15T14:16:16.296920Z		Canonical queue drain | fit A | GitHub MASTER dedupe passed	https://stephiniefutch.com/		https://www.stephiniefutch.com/9/about/9								Medium	Recall-first	https://explore.overturemaps.org/#id=5616d12a-1762-4263-b199-5b04842e6e68	Public Overture website; no usable Overture email. First-party public contact crawl required; no inference.				overture:5616d12a-1762-4263-b199-5b04842e6e68	stephiniefutch.com	19416627451	stephinie futch realtor property manager	Placida	USA	MEDIUM	domain:stephiniefutch.com
	A	91	Holzkirchen	Germany	Stellar Real Estate Property Management		property_management	Rudolf-Diesel-Ring 27	08024 464340								overture:7175a409-062d-466c-a82f-3bb391c09fdb	2026-08-15T14:16:16.296920Z		Canonical queue drain | fit A | GitHub MASTER dedupe passed	https://www.stellar-pm.de	info@stellar-pm.de									Permissive	Qualification	https://explore.overturemaps.org/#id=7175a409-062d-466c-a82f-3bb391c09fdb; https://stellar-pm.de/	Public Overture website; no usable Overture email. First-party public contact crawl required; no inference. Public business email recovered from first-party website; no inference.				overture:7175a409-062d-466c-a82f-3bb391c09fdb	stellar-pm.de	08024464340	stellar real estate property management	Holzkirchen	Germany	PERMISSIVE	domain:stellar-pm.de
	A	91	Kissimmee	USA	Starmark Vacation Homes		holiday_rental_home	1012 Emmett St Ste A	(863) 588-4600								overture:d2f41578-c3ba-4325-aa18-d3f33c498936	2026-08-15T14:16:16.296920Z		Canonical queue drain | fit A | GitHub MASTER dedupe passed	https://www.starmarkvacationhomes.com		https://www.starmarkvacationhomes.com/contact								Permissive	Qualification	https://explore.overturemaps.org/#id=d2f41578-c3ba-4325-aa18-d3f33c498936	Public Overture website; no usable Overture email. First-party public contact crawl required; no inference.				overture:d2f41578-c3ba-4325-aa18-d3f33c498936	starmarkvacationhomes.com	8635884600	starmark vacation homes	Kissimmee	USA	PERMISSIVE	domain:starmarkvacationhomes.com
	A	91	Englewood	USA	Starfish Villas Vacation Rental		holiday_rental_home	1677 Manor Rd	+15089824169								overture:ae6ea989-e160-4ad9-bfbe-47cf8e207918	2026-08-15T14:16:16.296920Z		Canonical queue drain | fit A | GitHub MASTER dedupe passed	http://starfish-villas.org/		https://starfish-villas.org/								High	Verified	https://explore.overturemaps.org/#id=ae6ea989-e160-4ad9-bfbe-47cf8e207918	Public Overture website; no usable Overture email. First-party public contact crawl required; no inference.				overture:ae6ea989-e160-4ad9-bfbe-47cf8e207918	starfish-villas.org	15089824169	starfish villas vacation rental	Englewood	USA	HIGH	domain:starfish-villas.org
	A	91	Maitland	USA	Southwest Property Management of Central Florida		property_management	610 N Wymore Rd	+14076561081								overture:a7ddacd3-f8bd-41d9-b35a-263634885ec1	2026-08-15T14:16:16.296920Z		Canonical queue drain | fit A | GitHub MASTER dedupe passed	http://www.southwestpropertymanagement.com/		https://southwestpropertymanagement.com/index.php/contact/								Permissive	Qualification	https://explore.overturemaps.org/#id=a7ddacd3-f8bd-41d9-b35a-263634885ec1	Public Overture website; no usable Overture email. First-party public contact crawl required; no inference.				overture:a7ddacd3-f8bd-41d9-b35a-263634885ec1	southwestpropertymanagement.com	14076561081	southwest property management of central florida	Maitland	USA	PERMISSIVE	domain:southwestpropertymanagement.com
	A	91	marco island	USA	South Seas West Beachfront Condo - Luxury Marco Island Beach Rentals		vacation_rental_agent	320 seaview Ct Apt 811	2392058648								overture:27b4eb54-3e10-49bc-9cd6-a2e56a4c102c	2026-08-15T14:16:16.296920Z		Canonical queue drain | fit A | GitHub MASTER dedupe passed	https://www.southseaswest.co/		https://www.southseaswest.co								High	Verified	https://explore.overturemaps.org/#id=27b4eb54-3e10-49bc-9cd6-a2e56a4c102c	Public Overture website; no usable Overture email. First-party public contact crawl required; no inference.				overture:27b4eb54-3e10-49bc-9cd6-a2e56a4c102c	southseaswest.co	2392058648	south seas west beachfront condo luxury marco island beach rentals	marco island	USA	HIGH	domain:southseaswest.co
	A	91	Naples	USA	Southern Property Management		real_estate_agent	465 Bayfront Pl	(239) 649-4297								overture:1fc63f30-95a1-4a46-aec8-8e8c2481198c	2026-08-15T14:16:16.296920Z		Canonical queue drain | fit A | GitHub MASTER dedupe passed	https://www.southernpropertymgt.com/home		https://www.southernpropertymgt.com/contact-us/								Permissive	Qualification	https://explore.overturemaps.org/#id=1fc63f30-95a1-4a46-aec8-8e8c2481198c	Public Overture website; no usable Overture email. First-party public contact crawl required; no inference.				overture:1fc63f30-95a1-4a46-aec8-8e8c2481198c	southernpropertymgt.com	2396494297	southern property management	Naples	USA	PERMISSIVE	domain:southernpropertymgt.com
	A	91	Sarasota	USA	Siesta Sunsets Vacation Rentals		holiday_rental_home	1016 Crescent St	(941) 400-4079								overture:74c10fe6-4b4c-45d6-ae5f-030333cd944a	2026-08-15T14:16:16.296920Z		Canonical queue drain | fit A | GitHub MASTER dedupe passed	http://www.siestasunvillas.com		https://www.siestasunvillas.com/about-us								High	Verified	https://explore.overturemaps.org/#id=74c10fe6-4b4c-45d6-ae5f-030333cd944a	Public Overture website; no usable Overture email. First-party public contact crawl required; no inference.				overture:74c10fe6-4b4c-45d6-ae5f-030333cd944a	siestasunvillas.com	9414004079	siesta sunsets vacation rentals	Sarasota	USA	HIGH	domain:siestasunvillas.com
	A	91	München	Germany	Serviced Apartments 24		apartment	Vesaliusstr. 16b	0898911550								overture:3d2b4850-f18f-4c4c-a86a-307be359c5ff	2026-08-15T14:16:16.296920Z		Canonical queue drain | fit A | GitHub MASTER dedupe passed	http://www.serviced-apartments.eu/						https://serviced-apartments.eu/feed/				High	Verified	https://explore.overturemaps.org/#id=3d2b4850-f18f-4c4c-a86a-307be359c5ff	Public Overture website; no usable Overture email. First-party public contact crawl required; no inference.				overture:3d2b4850-f18f-4c4c-a86a-307be359c5ff	serviced-apartments.eu	0898911550	serviced apartments 24	München	Germany	HIGH	domain:serviced-apartments.eu
	A	91	Sonnberg	Austria	SENHOOG LUXURY HOLIDAY HOMES		hotel	Sonnberg 124	+4946518865904								overture:5aa61234-db0d-448c-953c-8bc6817d8327	2026-08-15T14:16:16.296920Z		Canonical queue drain | fit A | GitHub MASTER dedupe passed	https://www.senhoog.com/chalet-leogang/			https://www.instagram.com/senhoog/							High	Verified	https://explore.overturemaps.org/#id=5aa61234-db0d-448c-953c-8bc6817d8327; https://www.senhoog.com/chalet-leogang	Public Overture website; no usable Overture email. First-party public contact crawl required; no inference.				overture:5aa61234-db0d-448c-953c-8bc6817d8327	senhoog.com	4946518865904	senhoog luxury holiday homes	Sonnberg	Austria	HIGH	domain:senhoog.com
	A	91	Inglis	USA	Cabin Rentals Scooter Haven		rv_park	19350 SE Butler Rd	+13524475267								overture:77b3fcf0-dd88-4559-ac0c-dd3a7464e193	2026-08-15T14:16:16.296920Z		Canonical queue drain | fit A | GitHub MASTER dedupe passed	http://www.scooterhavencountryclub.com/default.html		http://www.scooterhavencountryclub.com/contact								Permissive	Qualification	https://explore.overturemaps.org/#id=77b3fcf0-dd88-4559-ac0c-dd3a7464e193	Public Overture website; no usable Overture email. First-party public contact crawl required; no inference.				overture:77b3fcf0-dd88-4559-ac0c-dd3a7464e193	scooterhavencountryclub.com	13524475267	cabin rentals scooter haven	Inglis	USA	PERMISSIVE	domain:scooterhavencountryclub.com
	A	91	Rheinau	Germany	Black Forest Holiday Home Im Birkenweg		holiday_rental_home	Birkenweg 2	+497615191684								overture:880fb3e3-f744-4a7b-a591-2a949086dd32	2026-08-15T14:16:16.296920Z		Canonical queue drain | fit A | GitHub MASTER dedupe passed	http://schwarzwald-ferienhaus-imbirkenweg.de/		https://schwarzwald-ferienhaus-imbirkenweg.de/preise-anfrage/kontakt.html								High	Verified	https://explore.overturemaps.org/#id=880fb3e3-f744-4a7b-a591-2a949086dd32	Public Overture website; no usable Overture email. First-party public contact crawl required; no inference.				overture:880fb3e3-f744-4a7b-a591-2a949086dd32	schwarzwald-ferienhaus-imbirkenweg.de	497615191684	black forest holiday home im birkenweg	Rheinau	Germany	HIGH	domain:schwarzwald-ferienhaus-imbirkenweg.de
	A	91	Miami	USA	SAR Property Management		property_management	5805 Blue Lagoon Dr	+17029240681								overture:8cc28220-f4e0-4749-8065-93e3b45cc11f	2026-08-15T14:16:16.296920Z		Canonical queue drain | fit A | GitHub MASTER dedupe passed	https://sarpropertymanagement.com/			https://www.instagram.com/sarapartmentcapital/							Permissive	Qualification	https://explore.overturemaps.org/#id=8cc28220-f4e0-4749-8065-93e3b45cc11f; https://sarpropertymanagement.com/	Public Overture website; no usable Overture email. First-party public contact crawl required; no inference.				overture:8cc28220-f4e0-4749-8065-93e3b45cc11f	sarpropertymanagement.com	17029240681	sar property management	Miami	USA	PERMISSIVE	domain:sarpropertymanagement.com
	A	91	Seminole	USA	Sandy Beach Vacation Rentals LLC		vacation_rental_agent	7655 Starkey Rd	7272909520								overture:77cc7a32-a0d1-41bd-a433-ecec5d08b646	2026-08-15T14:16:16.296920Z		Canonical queue drain | fit A | GitHub MASTER dedupe passed	http://www.sandybeachvacationsfl.com/			https://www.instagram.com/sandybeachvacationsfl/							High	Verified	https://explore.overturemaps.org/#id=77cc7a32-a0d1-41bd-a433-ecec5d08b646; https://www.sbvr.com/	Public Overture website; no usable Overture email. First-party public contact crawl required; no inference.				overture:77cc7a32-a0d1-41bd-a433-ecec5d08b646	sandybeachvacationsfl.com	7272909520	sandy beach vacation rentals llc	Seminole	USA	HIGH	domain:sandybeachvacationsfl.com
	A	91	Tulum	Mexico	Sanara Hotels and Residences		resort	Km 8.1 Carretera Tulum - Cancún BOCA PAILA	+13109336408								overture:b555720f-b9b3-4008-9734-e70d42447a55	2026-08-15T14:16:16.296920Z		Canonical queue drain | fit A | GitHub MASTER dedupe passed	http://www.sanaratulum.com			https://www.instagram.com/daniellahunter/							High	Verified	https://explore.overturemaps.org/#id=b555720f-b9b3-4008-9734-e70d42447a55; https://www.sanaracollective.com/	Public Overture website; no usable Overture email. First-party public contact crawl required; no inference.				overture:b555720f-b9b3-4008-9734-e70d42447a55	sanaratulum.com	13109336408	sanara hotels and residences	Tulum	Mexico	HIGH	domain:sanaratulum.com
	A	91	Sarasota	USA	Red Property Management		property_management	555 S Osprey Ave	+19419544044								overture:32ac6aaa-050a-4f7e-bc7c-c952aa4a1071	2026-08-15T14:16:16.296920Z		Canonical queue drain | fit A | GitHub MASTER dedupe passed	https://redcommercialgroup.com/		https://redcommercialgroup.com/about-us/								Permissive	Qualification	https://explore.overturemaps.org/#id=32ac6aaa-050a-4f7e-bc7c-c952aa4a1071	Public Overture website; no usable Overture email. First-party public contact crawl required; no inference.				overture:32ac6aaa-050a-4f7e-bc7c-c952aa4a1071	redcommercialgroup.com	19419544044	red property management	Sarasota	USA	PERMISSIVE	domain:redcommercialgroup.com
	A	91	Wellington	USA	Real Property Management Sunstate Wellington		real_estate_agent	12161 Ken Adams Way Ste 110-R1	(561) 244-2155								overture:e44b2826-c9ba-4be7-b23b-3c9292939434	2026-08-15T14:16:16.296920Z		Canonical queue drain | fit A | GitHub MASTER dedupe passed	https://www.realpropertypbc.com			https://www.instagram.com/realpropertymgmtsunstate/							Permissive	Qualification	https://explore.overturemaps.org/#id=e44b2826-c9ba-4be7-b23b-3c9292939434; https://www.rpmsunstate.com/	Public Overture website; no usable Overture email. First-party public contact crawl required; no inference.				overture:e44b2826-c9ba-4be7-b23b-3c9292939434	realpropertypbc.com	5612442155	real property management sunstate wellington	Wellington	USA	PERMISSIVE	domain:realpropertypbc.com
	A	91	Pembroke Pines	USA	RCA Realty Group - Property Management Division		property_management	1806 N Flamingo Rd	+18557402300								overture:fbda99d3-3e38-4ad7-b743-5fa83bfc1e2c	2026-08-15T14:16:16.296920Z		Canonical queue drain | fit A | GitHub MASTER dedupe passed	https://rcarealtygroup.net/linkinthebio			https://www.instagram.com/rcarealtygroup/							Permissive	Qualification	https://explore.overturemaps.org/#id=fbda99d3-3e38-4ad7-b743-5fa83bfc1e2c; https://rcarealtygroup.net/linkinthebio	Public Overture website; no usable Overture email. First-party public contact crawl required; no inference.				overture:fbda99d3-3e38-4ad7-b743-5fa83bfc1e2c	rcarealtygroup.net	18557402300	rca realty group property management division	Pembroke Pines	USA	PERMISSIVE	domain:rcarealtygroup.net
	A	91	Orlando	USA	Pynguin Property Management		property_management	6735 Conroy Rd Ste 311	(407) 656-8600								overture:90bb5d0a-a3bf-40f8-a7a7-760ac7eab489	2026-08-15T14:16:16.296920Z		Canonical queue drain | fit A | GitHub MASTER dedupe passed	http://pynguin.com		https://pynguin.com/contact								Permissive	Qualification	https://explore.overturemaps.org/#id=90bb5d0a-a3bf-40f8-a7a7-760ac7eab489	Public Overture website; no usable Overture email. First-party public contact crawl required; no inference.				overture:90bb5d0a-a3bf-40f8-a7a7-760ac7eab489	pynguin.com	4076568600	pynguin property management	Orlando	USA	PERMISSIVE	domain:pynguin.com
	A	91	Celebration	USA	Property Management XD		property_management	215 Celebration Pl Ste 520	4079901515								overture:1838049c-7167-41f1-aa50-778b1285b9e3	2026-08-15T14:16:16.296920Z		Canonical queue drain | fit A | GitHub MASTER dedupe passed	http://www.propertymanagementxd.com/		http://www.propertymanagementxd.com/contact								Permissive	Qualification	https://explore.overturemaps.org/#id=1838049c-7167-41f1-aa50-778b1285b9e3	Public Overture website; no usable Overture email. First-party public contact crawl required; no inference.				overture:1838049c-7167-41f1-aa50-778b1285b9e3	propertymanagementxd.com	4079901515	property management xd	Celebration	USA	PERMISSIVE	domain:propertymanagementxd.com
	A	91	Lake Mary	USA	Property Management Store		property_management	255 Primera Blvd Ste 160	(407) 349-3284								overture:24b74e3a-f78c-456d-8383-90ef948d0e93	2026-08-15T14:16:16.296920Z		Canonical queue drain | fit A | GitHub MASTER dedupe passed	https://propertymanagementstore.com		https://propertymanagementstore.com/contact								Permissive	Qualification	https://explore.overturemaps.org/#id=24b74e3a-f78c-456d-8383-90ef948d0e93	Public Overture website; no usable Overture email. First-party public contact crawl required; no inference.				overture:24b74e3a-f78c-456d-8383-90ef948d0e93	propertymanagementstore.com	4073493284	property management store	Lake Mary	USA	PERMISSIVE	domain:propertymanagementstore.com
	A	91	Clearwater	USA	Prime Vacation Rentals			1465 S Fort Harrison Ave 204	7278654159								overture:770e4d89-1726-4837-a348-7becff3c929e	2026-08-15T14:16:16.296920Z		Canonical queue drain | fit A | GitHub MASTER dedupe passed	http://www.primevacationrentals.com/		http://www.primevacationrentals.com/contact								Permissive	Qualification	https://explore.overturemaps.org/#id=770e4d89-1726-4837-a348-7becff3c929e	Public Overture website; no usable Overture email. First-party public contact crawl required; no inference.				overture:770e4d89-1726-4837-a348-7becff3c929e	primevacationrentals.com	7278654159	prime vacation rentals	Clearwater	USA	PERMISSIVE	domain:primevacationrentals.com
	A	91	Clearwater	USA	Linda Casa		motel	1770 N Fort Harrison Ave	+17272397694								overture:36d31fc5-118d-4104-be8e-3af5723298c9	2026-08-15T14:16:16.296920Z		Canonical queue drain | fit A | GitHub MASTER dedupe passed	http://www.precisionpropertymanagement.net		http://www.precisionpropertymanagement.net/contact								Permissive	Qualification	https://explore.overturemaps.org/#id=36d31fc5-118d-4104-be8e-3af5723298c9	Public Overture website; no usable Overture email. First-party public contact crawl required; no inference.				overture:36d31fc5-118d-4104-be8e-3af5723298c9	precisionpropertymanagement.net	17272397694	linda casa	Clearwater	USA	PERMISSIVE	domain:precisionpropertymanagement.net
	A	91	Kissimmee	USA	Disney family home		holiday_rental_home	2748 Lido Key Dr	+19045141747								overture:020991b0-b529-4f6b-8fc3-c46ad67182dd	2026-08-15T14:16:16.296920Z		Canonical queue drain | fit A | GitHub MASTER dedupe passed	https://www.ponte-vedra-florida.com/kissimmee/?location_area_id=17719		https://ponte-vedra-florida.com/about-us/								High	Verified	https://explore.overturemaps.org/#id=020991b0-b529-4f6b-8fc3-c46ad67182dd	Public Overture website; no usable Overture email. First-party public contact crawl required; no inference.				overture:020991b0-b529-4f6b-8fc3-c46ad67182dd	ponte-vedra-florida.com	19045141747	disney family home	Kissimmee	USA	HIGH	domain:ponte-vedra-florida.com
	A	91	Sarasota	USA	Polaris Property Management		real_estate_agent	8437 Tuttle Ave	(941) 321-2370								overture:2494fe6e-9f10-4f30-a838-da065296e41a	2026-08-15T14:16:16.296920Z		Canonical queue drain | fit A | GitHub MASTER dedupe passed	https://www.polarismgmt.com		https://www.polarismgmt.com/contact								Permissive	Qualification	https://explore.overturemaps.org/#id=2494fe6e-9f10-4f30-a838-da065296e41a	Public Overture website; no usable Overture email. First-party public contact crawl required; no inference.				overture:2494fe6e-9f10-4f30-a838-da065296e41a	polarismgmt.com	9413212370	polaris property management	Sarasota	USA	PERMISSIVE	domain:polarismgmt.com
	A	91	Tampa	USA	Plant Property Management		property_management	4026 Henderson Blvd Ste A	(813) 773-4776								overture:f33f7991-3f83-46ae-848f-6e9ea3625775	2026-08-15T14:16:16.296920Z		Canonical queue drain | fit A | GitHub MASTER dedupe passed	http://www.plantpropertymanagement.com		https://www.plantpropertymanagement.com/contact								Permissive	Qualification	https://explore.overturemaps.org/#id=f33f7991-3f83-46ae-848f-6e9ea3625775	Public Overture website; no usable Overture email. First-party public contact crawl required; no inference.				overture:f33f7991-3f83-46ae-848f-6e9ea3625775	plantpropertymanagement.com	8137734776	plant property management	Tampa	USA	PERMISSIVE	domain:plantpropertymanagement.com
	A	91	Cape Coral	USA	Paramount Property Management		property_management	1715 Cape Coral Pkwy W	+12392012676								overture:98634ffc-0729-4975-9d7d-3bf772070606	2026-08-15T14:16:16.296920Z		Canonical queue drain | fit A | GitHub MASTER dedupe passed	https://paramountvacationrentals.com/index.aspx		https://paramountvacationrentals.com/contactus.aspx								Medium	Recall-first	https://explore.overturemaps.org/#id=98634ffc-0729-4975-9d7d-3bf772070606	Public Overture website; no usable Overture email. First-party public contact crawl required; no inference.				overture:98634ffc-0729-4975-9d7d-3bf772070606	paramountvacationrentals.com	12392012676	paramount property management	Cape Coral	USA	MEDIUM	domain:paramountvacationrentals.com
	A	91	Naples	USA	Paramont Property Management		property_management	5629 Strand Blvd Ste 412	2397343200								overture:14a77bf5-63ad-4355-9976-47dc1ac3e141	2026-08-15T14:16:16.296920Z		Canonical queue drain | fit A | GitHub MASTER dedupe passed	http://paramontproperty.com/		https://paramontproperty.com/								High	Verified	https://explore.overturemaps.org/#id=14a77bf5-63ad-4355-9976-47dc1ac3e141	Public Overture website; no usable Overture email. First-party public contact crawl required; no inference.				overture:14a77bf5-63ad-4355-9976-47dc1ac3e141	paramontproperty.com	2397343200	paramont property management	Naples	USA	HIGH	domain:paramontproperty.com
	A	91	Indian Shores	USA	Florida Lifestyle Vacation Rentals		vacation_rental_agent	19713 Gulf Blvd	7275932000								overture:79e87937-9c88-4827-b623-087b6c32c131	2026-08-15T14:16:16.296920Z		Canonical queue drain | fit A | GitHub MASTER dedupe passed	http://www.ourcondo.com/		https://www.ourcondo.com/contact								Permissive	Qualification	https://explore.overturemaps.org/#id=79e87937-9c88-4827-b623-087b6c32c131	Public Overture website; no usable Overture email. First-party public contact crawl required; no inference.				overture:79e87937-9c88-4827-b623-087b6c32c131	ourcondo.com	7275932000	florida lifestyle vacation rentals	Indian Shores	USA	PERMISSIVE	domain:ourcondo.com
	A	91	Orlando	USA	Property Management/Realtor		property_management	1801 Cook Ave	+14077152848								overture:10efdb5f-a317-49a1-a58e-84970a3ffbdc	2026-08-15T14:16:16.296920Z		Canonical queue drain | fit A | GitHub MASTER dedupe passed	http://www.orlandolinda.com/			https://www.instagram.com/donasherandassociates/							Permissive	Qualification	https://explore.overturemaps.org/#id=10efdb5f-a317-49a1-a58e-84970a3ffbdc; https://www.donasher.com	Public Overture website; no usable Overture email. First-party public contact crawl required; no inference.				overture:10efdb5f-a317-49a1-a58e-84970a3ffbdc	orlandolinda.com	14077152848	property management realtor	Orlando	USA	PERMISSIVE	domain:orlandolinda.com
	A	91	Kissimmee	USA	Compass Bay Orlando ( Disney )		holiday_rental_home	5073 Dominica Dr	+12392657021								overture:2994d796-a218-4507-854a-e4d010c79a6b	2026-08-15T14:16:16.296920Z		Canonical queue drain | fit A | GitHub MASTER dedupe passed	https://www.orlando-vacationhomerental.com/compass-bay-resort			https://www.instagram.com/vistacayorlandoovh360/							High	Verified	https://explore.overturemaps.org/#id=2994d796-a218-4507-854a-e4d010c79a6b; https://vistacayorlando.com/	Public Overture website; no usable Overture email. First-party public contact crawl required; no inference.				overture:2994d796-a218-4507-854a-e4d010c79a6b	orlando-vacationhomerental.com	12392657021	compass bay orlando disney	Kissimmee	USA	HIGH	domain:orlando-vacationhomerental.com
	A	91	Davenport	USA	Wexford Way Holiday Home At Championsgate		hotel	1427 Wexford Way									overture:a089db37-a199-4e04-bbba-8da1a8810b99	2026-08-15T14:16:16.296920Z		Canonical queue drain | fit A | GitHub MASTER dedupe passed	http://wexford-way-holiday-home-at-championsgate-davenport.nochi.com/		https://nochi.com/about_us.html				https://nochi.com/vacation-rentals/us				High	Verified	https://explore.overturemaps.org/#id=a089db37-a199-4e04-bbba-8da1a8810b99	Public Overture website; no usable Overture email. First-party public contact crawl required; no inference.				overture:a089db37-a199-4e04-bbba-8da1a8810b99	nochi.com		wexford way holiday home at championsgate	Davenport	USA	HIGH	domain:nochi.com
	A	91	St Augustine	USA	New World Realty and Property Management		real_estate_service	3275 US-1 S	+19046691073								overture:42151e3e-9522-4bfd-bf1b-c5e4af1ecee4	2026-08-15T14:16:16.296920Z		Canonical queue drain | fit A | GitHub MASTER dedupe passed	http://www.newworldrealty.com/		https://newworldrealty.com/index.php/contact/								Permissive	Qualification	https://explore.overturemaps.org/#id=42151e3e-9522-4bfd-bf1b-c5e4af1ecee4	Public Overture website; no usable Overture email. First-party public contact crawl required; no inference.				overture:42151e3e-9522-4bfd-bf1b-c5e4af1ecee4	newworldrealty.com	19046691073	new world realty and property management	St Augustine	USA	PERMISSIVE	domain:newworldrealty.com
	A	91	Key Largo	USA	Moonbay Key Largo Vacation Rentals		resort	104350 Overseas Highway Moon Bay A-407	(305) 453-9916								overture:60c31d13-3a6c-429b-8b67-e708bd4e038e	2026-08-15T14:16:16.296920Z		Canonical queue drain | fit A | GitHub MASTER dedupe passed	http://moonbay.net		https://moonbay.net/contact								Permissive	Qualification	https://explore.overturemaps.org/#id=60c31d13-3a6c-429b-8b67-e708bd4e038e	Public Overture website; no usable Overture email. First-party public contact crawl required; no inference.				overture:60c31d13-3a6c-429b-8b67-e708bd4e038e	moonbay.net	3054539916	moonbay key largo vacation rentals	Key Largo	USA	PERMISSIVE	domain:moonbay.net
	A	91	Απολλώνιοι	Greece	Monodentri - wooden & stone traditional villas		resort	Vassiliki									overture:ca18bcac-a7a4-4afb-a5cb-bb6c2e080027	2026-08-15T14:16:16.296920Z		Canonical queue drain | fit A | GitHub MASTER dedupe passed	http://www.monodentri.com/		https://www.monodentri.com/contact/				https://www.monodentri.com/the-villas/				High	Verified	https://explore.overturemaps.org/#id=ca18bcac-a7a4-4afb-a5cb-bb6c2e080027	Public Overture website; no usable Overture email. First-party public contact crawl required; no inference.				overture:ca18bcac-a7a4-4afb-a5cb-bb6c2e080027	monodentri.com		monodentri wooden stone traditional villas	Απολλώνιοι	Greece	HIGH	domain:monodentri.com
	A	91	Milano	Italy	Residence Portello Milano - MICASAS Serviced Apartments		condominium	Via Mosè Bianchi, 75	0272147936								overture:0ef38f8a-12b1-4a7b-bb7e-fa28583cdafd	2026-08-15T14:16:16.296920Z		Canonical queue drain | fit A | GitHub MASTER dedupe passed	https://micasas.it/residence-portello-milano/			https://www.instagram.com/mi.casas/							High	Verified	https://explore.overturemaps.org/#id=0ef38f8a-12b1-4a7b-bb7e-fa28583cdafd; https://www.residenceportello.it/	Public Overture website; no usable Overture email. First-party public contact crawl required; no inference.				overture:0ef38f8a-12b1-4a7b-bb7e-fa28583cdafd	micasas.it	0272147936	residence portello milano micasas serviced apartments	Milano	Italy	HIGH	domain:micasas.it
	A	91	Miami	USA	Miami Beach Luxury Rentals		holiday_rental_home	1040 Biscayne Blvd	+19176621699								overture:8454f188-53de-4cef-b9aa-cc0856a95eb6	2026-08-15T14:16:16.296920Z		Canonical queue drain | fit A | GitHub MASTER dedupe passed	http://www.miamibeachluxuryrentals.com/		http://www.miamibeachluxuryrentals.com/contact								Permissive	Qualification	https://explore.overturemaps.org/#id=8454f188-53de-4cef-b9aa-cc0856a95eb6	Public Overture website; no usable Overture email. First-party public contact crawl required; no inference.				overture:8454f188-53de-4cef-b9aa-cc0856a95eb6	miamibeachluxuryrentals.com	19176621699	miami beach luxury rentals	Miami	USA	PERMISSIVE	domain:miamibeachluxuryrentals.com
	A	91	Miami	USA	Fidelity Property Management		property_management	1722 SW 84th Ct	(305) 264-9727								overture:d564327e-3d9e-4f13-9ca7-d173a0397d59	2026-08-15T14:16:16.296920Z		Canonical queue drain | fit A | GitHub MASTER dedupe passed	http://www.magnyc.com		https://www.magnyc.com:443/contact								Permissive	Qualification	https://explore.overturemaps.org/#id=d564327e-3d9e-4f13-9ca7-d173a0397d59	Public Overture website; no usable Overture email. First-party public contact crawl required; no inference.				overture:d564327e-3d9e-4f13-9ca7-d173a0397d59	magnyc.com	3052649727	fidelity property management	Miami	USA	PERMISSIVE	domain:magnyc.com
	A	91	Fort Myers Beach	USA	Luxury Vacation Rentals of Fort Myers Beach		vacation_rental_agent	276 Carolina Ave	2392816402								overture:695ae23f-d1e5-45f5-b804-2817be3de63c	2026-08-15T14:16:16.296920Z		Canonical queue drain | fit A | GitHub MASTER dedupe passed	https://luxuryvacationrentalsfl.com/			https://www.instagram.com/roelensvacations/							High	Verified	https://explore.overturemaps.org/#id=695ae23f-d1e5-45f5-b804-2817be3de63c; https://www.roelensvacations.com/	Public Overture website; no usable Overture email. First-party public contact crawl required; no inference.				overture:695ae23f-d1e5-45f5-b804-2817be3de63c	luxuryvacationrentalsfl.com	2392816402	luxury vacation rentals of fort myers beach	Fort Myers Beach	USA	HIGH	domain:luxuryvacationrentalsfl.com
	A	91	La Paz	Mexico	Baja Sea Property Management		property_management	Avenida Revolución de 1910 1090	+526121271112								overture:205b4ff0-f1e1-4a94-a0fe-79e91483e787	2026-08-15T14:16:16.296920Z		Canonical queue drain | fit A | GitHub MASTER dedupe passed	http://www.lapazdreamhomes.com/		http://www.lapazdreamhomes.com/contact								Permissive	Qualification	https://explore.overturemaps.org/#id=205b4ff0-f1e1-4a94-a0fe-79e91483e787	Public Overture website; no usable Overture email. First-party public contact crawl required; no inference.				overture:205b4ff0-f1e1-4a94-a0fe-79e91483e787	lapazdreamhomes.com	526121271112	baja sea property management	La Paz	Mexico	PERMISSIVE	domain:lapazdreamhomes.com
	A	91	Vero Beach	USA	Keystone Property Management Group		property_management	780 US Highway 1	+17725697928								overture:9b838292-a5f4-4a60-b97a-a6610cd5371e	2026-08-15T14:16:16.296920Z		Canonical queue drain | fit A | GitHub MASTER dedupe passed	http://www.kpmgcommunitycare.com/		https://www.kpmgcommunitycare.com/contact/								Medium	Recall-first	https://explore.overturemaps.org/#id=9b838292-a5f4-4a60-b97a-a6610cd5371e	Public Overture website; no usable Overture email. First-party public contact crawl required; no inference.				overture:9b838292-a5f4-4a60-b97a-a6610cd5371e	kpmgcommunitycare.com	17725697928	keystone property management group	Vero Beach	USA	MEDIUM	domain:kpmgcommunitycare.com
	A	91	Largo	USA	KMG Property Management and Construction Services		property_management	6271 147th Ave N	+17276122337								overture:9daf8c08-47f0-4aba-b37a-0d6d3211e662	2026-08-15T14:16:16.296920Z		Canonical queue drain | fit A | GitHub MASTER dedupe passed	http://Kmgproperty.com/		https://kmgproperty.com/contact-us								Medium	Recall-first	https://explore.overturemaps.org/#id=9daf8c08-47f0-4aba-b37a-0d6d3211e662	Public Overture website; no usable Overture email. First-party public contact crawl required; no inference.				overture:9daf8c08-47f0-4aba-b37a-0d6d3211e662	kmgproperty.com	17276122337	kmg property management and construction services	Largo	USA	MEDIUM	domain:kmgproperty.com
	A	91	Zephyrhills	USA	JEROME PROPERTY MANAGEMENT llc		property_management	4833 Coral St	8137781882								overture:bf10de91-6808-4e31-9a7b-585cf1e72a9e	2026-08-15T14:16:16.296920Z		Canonical queue drain | fit A | GitHub MASTER dedupe passed	https://jeromepropertymanagement.com/		https://www.jeromepropertymanagement.com/contact-us								Permissive	Qualification	https://explore.overturemaps.org/#id=bf10de91-6808-4e31-9a7b-585cf1e72a9e	Public Overture website; no usable Overture email. First-party public contact crawl required; no inference.				overture:bf10de91-6808-4e31-9a7b-585cf1e72a9e	jeromepropertymanagement.com	8137781882	jerome property management llc	Zephyrhills	USA	PERMISSIVE	domain:jeromepropertymanagement.com
	A	91	Sanford	USA	JDL Property Management Inc			3182 Eastgrove Terrace	4074940031								overture:3b9aece4-8caf-42dc-8e6f-7fa6d9b7b81e	2026-08-15T14:16:16.296920Z		Canonical queue drain | fit A | GitHub MASTER dedupe passed	http://www.jdlpropertymanagement.com/		http://www.jdlpropertymanagement.com/contact								Permissive	Qualification	https://explore.overturemaps.org/#id=3b9aece4-8caf-42dc-8e6f-7fa6d9b7b81e	Public Overture website; no usable Overture email. First-party public contact crawl required; no inference.				overture:3b9aece4-8caf-42dc-8e6f-7fa6d9b7b81e	jdlpropertymanagement.com	4074940031	jdl property management inc	Sanford	USA	PERMISSIVE	domain:jdlpropertymanagement.com
	A	91	Pompano Beach	USA	Integrated Property Management		property_management	2600 NE 14th Ave	9546358786								overture:b093fa8d-3aaa-4892-90f0-e0f7e7a17336	2026-08-15T14:16:16.296920Z		Canonical queue drain | fit A | GitHub MASTER dedupe passed	http://integratedpropertymanagement.com/		http://integratedpropertymanagement.com/contact								Permissive	Qualification	https://explore.overturemaps.org/#id=b093fa8d-3aaa-4892-90f0-e0f7e7a17336	Public Overture website; no usable Overture email. First-party public contact crawl required; no inference.				overture:b093fa8d-3aaa-4892-90f0-e0f7e7a17336	integratedpropertymanagement.com	9546358786	integrated property management	Pompano Beach	USA	PERMISSIVE	domain:integratedpropertymanagement.com
	A	91	Villasimius	Italy	iH Hotels Villasimius Le Zagare Resort		resort	Via del Giardino Azzurro 8	070791581								overture:f62e1e48-d6c3-405b-b02b-a08ee0425f59	2026-08-15T14:16:16.296920Z		Canonical queue drain | fit A | GitHub MASTER dedupe passed	https://www.ih-hotels.com/it/i-nostri-aberghi/sardegna/ih-hotels-villasimius-le-zagare-resort.html		https://www.ih-hotels.com/contact								Permissive	Qualification	https://explore.overturemaps.org/#id=f62e1e48-d6c3-405b-b02b-a08ee0425f59	Public Overture website; no usable Overture email. First-party public contact crawl required; no inference.				overture:f62e1e48-d6c3-405b-b02b-a08ee0425f59	ih-hotels.com	070791581	ih hotels villasimius le zagare resort	Villasimius	Italy	PERMISSIVE	domain:ih-hotels.com
	A	91	Naples	USA	Equitable Property Management Florida		property_management	14854 Toscana Way	+12398255242								overture:8fbcbdec-4fe2-44a0-9953-7a00d2d553b4	2026-08-15T14:16:16.296920Z		Canonical queue drain | fit A | GitHub MASTER dedupe passed	http://www.ibisgroupfl.com		http://www.ibisgroupfl.com/contact								Permissive	Qualification	https://explore.overturemaps.org/#id=8fbcbdec-4fe2-44a0-9953-7a00d2d553b4	Public Overture website; no usable Overture email. First-party public contact crawl required; no inference.				overture:8fbcbdec-4fe2-44a0-9953-7a00d2d553b4	ibisgroupfl.com	12398255242	equitable property management florida	Naples	USA	PERMISSIVE	domain:ibisgroupfl.com
	A	91	Kinsau	Germany	Oberland Holiday Homes			Herzogstraße 5A	+491701939764								overture:c8a33565-f597-438d-aefa-4e61ae745751	2026-08-15T14:16:16.296920Z		Canonical queue drain | fit A | GitHub MASTER dedupe passed	https://oberland-holidayhomes.holiduhost.com/			https://www.instagram.com/oberland_holidayhomes/							Medium	Recall-first	https://explore.overturemaps.org/#id=c8a33565-f597-438d-aefa-4e61ae745751; https://oberland-holidayhomes.holiduhost.com/	Public Overture website; no usable Overture email. First-party public contact crawl required; no inference.				overture:c8a33565-f597-438d-aefa-4e61ae745751	holiduhost.com	491701939764	oberland holiday homes	Kinsau	Germany	MEDIUM	domain:holiduhost.com
	A	91	Rijeka	Croatia	HOLIDAY HOME d.o.o.		travel_agent	Užarska 17 /3	051 740 040								overture:d361640b-8768-4b45-9eb7-1bf29181cb17	2026-08-15T14:16:16.296920Z		Canonical queue drain | fit A | GitHub MASTER dedupe passed	http://www.holiday-home.org/hr			https://www.instagram.com/holidayhomenet/							High	Verified	https://explore.overturemaps.org/#id=d361640b-8768-4b45-9eb7-1bf29181cb17; https://www.holidayhome.net/hr/?aid=35447	Public Overture website; no usable Overture email. First-party public contact crawl required; no inference.				overture:d361640b-8768-4b45-9eb7-1bf29181cb17	holiday-home.org	051740040	holiday home d o o	Rijeka	Croatia	HIGH	domain:holiday-home.org
	A	91	Rauris	Austria	Hochalmbahnen Chalets Rauris		ski_resort	Maislaufeldweg 1	+436507153443								overture:504585e8-757c-48dc-9558-36688a75ecc5	2026-08-15T14:16:16.296920Z		Canonical queue drain | fit A | GitHub MASTER dedupe passed	https://hochalmbahnen-chalets.at/						https://hochalmbahnen-chalets.at/chalets-apartments/				High	Verified	https://explore.overturemaps.org/#id=504585e8-757c-48dc-9558-36688a75ecc5	Public Overture website; no usable Overture email. First-party public contact crawl required; no inference.				overture:504585e8-757c-48dc-9558-36688a75ecc5	hochalmbahnen-chalets.at	436507153443	hochalmbahnen chalets rauris	Rauris	Austria	HIGH	domain:hochalmbahnen-chalets.at
	A	91	Satellite Beach	USA	Paradise Property Management		corporate_or_business_office	1413 South Patrick Dr #9	(321) 779-8841								overture:5bb7984c-ccfb-4dfa-9d72-da0741dcd8d5	2026-08-15T14:16:16.296920Z		Canonical queue drain | fit A | GitHub MASTER dedupe passed	https://www.hamptonandhampton.com		https://www.hamptonandhampton.com/about-us								Permissive	Qualification	https://explore.overturemaps.org/#id=5bb7984c-ccfb-4dfa-9d72-da0741dcd8d5	Public Overture website; no usable Overture email. First-party public contact crawl required; no inference.				overture:5bb7984c-ccfb-4dfa-9d72-da0741dcd8d5	hamptonandhampton.com	3217798841	paradise property management	Satellite Beach	USA	PERMISSIVE	domain:hamptonandhampton.com
	A	91	Zweisimmen	Switzerland	Rinderberg		ski_resort										overture:0e32e3cc-6c03-4f12-b8e2-380e03b1d30a	2026-08-15T14:16:16.296920Z		Canonical queue drain | fit A | GitHub MASTER dedupe passed	http://www.hamiltonlodge.ch/		https://www.hamiltonlodge.ch/contact				https://www.hamiltonlodge.ch/book.html				Permissive	Qualification	https://explore.overturemaps.org/#id=0e32e3cc-6c03-4f12-b8e2-380e03b1d30a	Public Overture website; no usable Overture email. First-party public contact crawl required; no inference.				overture:0e32e3cc-6c03-4f12-b8e2-380e03b1d30a	hamiltonlodge.ch		rinderberg	Zweisimmen	Switzerland	PERMISSIVE	domain:hamiltonlodge.ch
	A	91	Tampa	USA	Graystone Property Management			7825 N Dale Mabry Highway Ste 204	8136002966								overture:506c8d0f-0452-49b4-98b6-0b869ef4c6bc	2026-08-15T14:16:16.296920Z		Canonical queue drain | fit A | GitHub MASTER dedupe passed	https://graystoneig.com/property-management		https://graystoneig.com/contact								Medium	Recall-first	https://explore.overturemaps.org/#id=506c8d0f-0452-49b4-98b6-0b869ef4c6bc	Public Overture website; no usable Overture email. First-party public contact crawl required; no inference.				overture:506c8d0f-0452-49b4-98b6-0b869ef4c6bc	graystoneig.com	8136002966	graystone property management	Tampa	USA	MEDIUM	domain:graystoneig.com
	A	91	Fort Lauderdale	USA	South-East Florida Luxury Rentals		holiday_rental_home	621 Cordova Rd	+19543361400								overture:c12404e9-3dab-4df5-9878-1042623480dd	2026-08-15T14:16:16.296920Z		Canonical queue drain | fit A | GitHub MASTER dedupe passed	http://www.GlennGovotRealtor.com/		https://www.glenngovotrealtor.com/9/about_me/9								Permissive	Qualification	https://explore.overturemaps.org/#id=c12404e9-3dab-4df5-9878-1042623480dd	Public Overture website; no usable Overture email. First-party public contact crawl required; no inference.				overture:c12404e9-3dab-4df5-9878-1042623480dd	glenngovotrealtor.com	19543361400	south east florida luxury rentals	Fort Lauderdale	USA	PERMISSIVE	domain:glenngovotrealtor.com
	A	91	MIAMI	USA	Ganesh Property Management		property_management	2929 SW third Ave	7863931523								overture:c9c8340c-5ef7-4b29-9c30-2e3cdbe0f819	2026-08-15T14:16:16.296920Z		Canonical queue drain | fit A | GitHub MASTER dedupe passed	http://www.ganeshpropertymanagement.com/		http://www.ganeshpropertymanagement.com/contact								Permissive	Qualification	https://explore.overturemaps.org/#id=c9c8340c-5ef7-4b29-9c30-2e3cdbe0f819	Public Overture website; no usable Overture email. First-party public contact crawl required; no inference.				overture:c9c8340c-5ef7-4b29-9c30-2e3cdbe0f819	ganeshpropertymanagement.com	7863931523	ganesh property management	MIAMI	USA	PERMISSIVE	domain:ganeshpropertymanagement.com
	A	91	Clermont	USA	Florida Property Management Experts		property_management	234 Mohawk Rd	+13522417000								overture:a703bd14-91eb-448a-9c0a-9b101065ca2b	2026-08-15T14:16:16.296920Z		Canonical queue drain | fit A | GitHub MASTER dedupe passed	http://www.fpmerentals.com		http://www.fpmerentals.com/contact								Permissive	Qualification	https://explore.overturemaps.org/#id=a703bd14-91eb-448a-9c0a-9b101065ca2b	Public Overture website; no usable Overture email. First-party public contact crawl required; no inference.				overture:a703bd14-91eb-448a-9c0a-9b101065ca2b	fpmerentals.com	13522417000	florida property management experts	Clermont	USA	PERMISSIVE	domain:fpmerentals.com
	A	91	Langenargen	Germany	Vacation Rental Tuniswald		holiday_rental_home	Pappelweg 2	+4975433028176								overture:dc0cd198-72be-4759-87a9-0f8080564336	2026-08-15T14:16:16.296920Z		Canonical queue drain | fit A | GitHub MASTER dedupe passed	http://www.ferienwohnung-am-tuniswald.de		https://www.ferienwohnung-am-tuniswald.de/about/								Permissive	Qualification	https://explore.overturemaps.org/#id=dc0cd198-72be-4759-87a9-0f8080564336	Public Overture website; no usable Overture email. First-party public contact crawl required; no inference.				overture:dc0cd198-72be-4759-87a9-0f8080564336	ferienwohnung-am-tuniswald.de	4975433028176	vacation rental tuniswald	Langenargen	Germany	PERMISSIVE	domain:ferienwohnung-am-tuniswald.de
	A	91	Rablà	Italy	Familienaparthotel Heidi		hotel	Tschigatstraße 2	394 7396 7400								overture:5dd4b5b7-ac46-420e-b847-7e0dbfdeb97f	2026-08-15T14:16:16.296920Z		Canonical queue drain | fit A | GitHub MASTER dedupe passed	http://www.familienhotel-heidi.it			https://www.instagram.com/amaris_suites/							Permissive	Qualification	https://explore.overturemaps.org/#id=5dd4b5b7-ac46-420e-b847-7e0dbfdeb97f; https://www.amaris-suites.com/	Public Overture website; no usable Overture email. First-party public contact crawl required; no inference.				overture:5dd4b5b7-ac46-420e-b847-7e0dbfdeb97f	familienhotel-heidi.it	39473967400	familienaparthotel heidi	Rablà	Italy	PERMISSIVE	domain:familienhotel-heidi.it
	A	91	Doral	USA	ES Quantum Property Management		property_management	8200 NW 41st St	+17869669364								overture:1327b030-71f7-4264-9601-6107b011c670	2026-08-15T14:16:16.296920Z		Canonical queue drain | fit A | GitHub MASTER dedupe passed	https://esquantumpm.com/		https://esquantumpm.com/contact								Permissive	Qualification	https://explore.overturemaps.org/#id=1327b030-71f7-4264-9601-6107b011c670	Public Overture website; no usable Overture email. First-party public contact crawl required; no inference.				overture:1327b030-71f7-4264-9601-6107b011c670	esquantumpm.com	17869669364	es quantum property management	Doral	USA	PERMISSIVE	domain:esquantumpm.com
	A	91	Daytona Beach	USA	Jamie "JC" Correia - Realtor & Property Manager		property_management	1300 Citizens Blvd	+13862223733								overture:82f018cc-0078-49fe-b5b3-b9e6c9055da1	2026-08-15T14:16:16.296920Z		Canonical queue drain | fit A | GitHub MASTER dedupe passed	https://www.erarents.com/		https://www.erarents.com/contact-us								Medium	Recall-first	https://explore.overturemaps.org/#id=82f018cc-0078-49fe-b5b3-b9e6c9055da1	Public Overture website; no usable Overture email. First-party public contact crawl required; no inference.				overture:82f018cc-0078-49fe-b5b3-b9e6c9055da1	erarents.com	13862223733	jamie jc correia realtor property manager	Daytona Beach	USA	MEDIUM	domain:erarents.com
	A	91	Palm Harbor	USA	Elite Property Management Services		property_management	36181 E Lake Rd S	7274006850								overture:3728d3e3-4924-4198-9427-0180c6c57b68	2026-08-15T14:16:16.296920Z		Canonical queue drain | fit A | GitHub MASTER dedupe passed	http://www.elitepms.com/		https://elitepms.com/about/								Permissive	Qualification	https://explore.overturemaps.org/#id=3728d3e3-4924-4198-9427-0180c6c57b68	Public Overture website; no usable Overture email. First-party public contact crawl required; no inference.				overture:3728d3e3-4924-4198-9427-0180c6c57b68	elitepms.com	7274006850	elite property management services	Palm Harbor	USA	PERMISSIVE	domain:elitepms.com
	A	91	Zakopane	Poland	Aparthotel Delta Zakopane		hotel	Na Wilcznik 5A	18 200 11 77								overture:6bb14fef-c17f-4330-991c-5e7dd253cf9a	2026-08-15T14:16:16.296920Z		Canonical queue drain | fit A | GitHub MASTER dedupe passed	http://strony.eholiday.pl/www,ld2175.html			https://www.instagram.com/nocowaniepl/							High	Verified	https://explore.overturemaps.org/#id=6bb14fef-c17f-4330-991c-5e7dd253cf9a; https://www.nocowanie.pl/noclegi/zakopane/hotele/63211/	Public Overture website; no usable Overture email. First-party public contact crawl required; no inference.				overture:6bb14fef-c17f-4330-991c-5e7dd253cf9a	eholiday.pl	182001177	aparthotel delta zakopane	Zakopane	Poland	HIGH	domain:eholiday.pl
	A	91	Mittelberg	Austria	Muizengat Appartement		holiday_rental_home	Wildentalstraße 3	+31653706792								overture:5a019501-5c81-4cf5-87cf-c547c8c3123b	2026-08-15T14:16:16.296920Z		Canonical queue drain | fit A | GitHub MASTER dedupe passed	http://Www.edelweissappartementen.nl/			https://www.instagram.com/edelweissappartementen/							High	Verified	https://explore.overturemaps.org/#id=5a019501-5c81-4cf5-87cf-c547c8c3123b; https://edelweiss424.nl/	Public Overture website; no usable Overture email. First-party public contact crawl required; no inference.				overture:5a019501-5c81-4cf5-87cf-c547c8c3123b	edelweissappartementen.nl	31653706792	muizengat appartement	Mittelberg	Austria	HIGH	domain:edelweissappartementen.nl
	A	91	Cape Coral	USA	Douglas Realty Property Management		professional_sport_team	4821 Coronado Pkwy	2395426906								overture:7d6a4134-6b13-43a2-af92-de34ab3b0db2	2026-08-15T14:16:16.296920Z		Canonical queue drain | fit A | GitHub MASTER dedupe passed	http://www.douglasrealty.net/		https://www.douglasrealty.net/contact								Permissive	Qualification	https://explore.overturemaps.org/#id=7d6a4134-6b13-43a2-af92-de34ab3b0db2	Public Overture website; no usable Overture email. First-party public contact crawl required; no inference.				overture:7d6a4134-6b13-43a2-af92-de34ab3b0db2	douglasrealty.net	2395426906	douglas realty property management	Cape Coral	USA	PERMISSIVE	domain:douglasrealty.net
	A	91	West Palm Beach	USA	Distinctive Property Management Services Inc		property_management	100 S Dixie Hwy	+15617662195								overture:59085181-6397-4691-9136-896bf6c91c3a	2026-08-15T14:16:16.296920Z		Canonical queue drain | fit A | GitHub MASTER dedupe passed	https://distinctivepm.com/		https://distinctivepm.com/contact								Permissive	Qualification	https://explore.overturemaps.org/#id=59085181-6397-4691-9136-896bf6c91c3a	Public Overture website; no usable Overture email. First-party public contact crawl required; no inference.				overture:59085181-6397-4691-9136-896bf6c91c3a	distinctivepm.com	15617662195	distinctive property management services inc	West Palm Beach	USA	PERMISSIVE	domain:distinctivepm.com
	A	91	Orlando	USA	Grande Villas Resort		resort	12118 Turtle Cay Cir	4072382300								overture:964ba67b-2279-4720-af6d-20dec17a7144	2026-08-15T14:16:16.296920Z		Canonical queue drain | fit A | GitHub MASTER dedupe passed	https://www.diamondresortsandhotels.com/Home/Branding?brs=PropertyBrand&brp=CPV&brr=http%3A%2F%2Fwww.grandevillasresort.com%2F&mkc=BINGUS#utm_source=bing&utm_medium=business-listing&utm_campaign=bingus_no-special-offe_0918&utm_content=about-us-web-link		https://www.diamondresortsandhotels.com/Error404.htm?aspxerrorpath=/contact								High	Verified	https://explore.overturemaps.org/#id=964ba67b-2279-4720-af6d-20dec17a7144	Public Overture website; no usable Overture email. First-party public contact crawl required; no inference.				overture:964ba67b-2279-4720-af6d-20dec17a7144	diamondresortsandhotels.com	4072382300	grande villas resort	Orlando	USA	HIGH	domain:diamondresortsandhotels.com
	A	91	Crystal River	USA	Crystal River Waterfront Lodge - Vacation Rental		lodging	11275 W Pool Ct	+17277445173								overture:ef878120-49b0-4f44-a5fd-1b864f2456ab	2026-08-15T14:16:16.296920Z		Canonical queue drain | fit A | GitHub MASTER dedupe passed	http://www.CrystalRiverWaterfrontLodge.com/		http://www.CrystalRiverWaterfrontLodge.com/contact								Permissive	Qualification	https://explore.overturemaps.org/#id=ef878120-49b0-4f44-a5fd-1b864f2456ab	Public Overture website; no usable Overture email. First-party public contact crawl required; no inference.				overture:ef878120-49b0-4f44-a5fd-1b864f2456ab	crystalriverwaterfrontlodge.com	17277445173	crystal river waterfront lodge vacation rental	Crystal River	USA	PERMISSIVE	domain:crystalriverwaterfrontlodge.com
	A	91	Milano	Italy	Contempora Serviced Apartments		property_management	Viale Elvezia, 10A	+393315992424								overture:716b8243-83f3-46fa-92d3-3f84713b5fe0	2026-08-15T14:16:16.296920Z		Canonical queue drain | fit A | GitHub MASTER dedupe passed	http://www.contempora.apartments/			https://www.instagram.com/contempora_srl/							High	Verified	https://explore.overturemaps.org/#id=716b8243-83f3-46fa-92d3-3f84713b5fe0; https://www.contemporaresidencemilano.apartments/en/	Public Overture website; no usable Overture email. First-party public contact crawl required; no inference.				overture:716b8243-83f3-46fa-92d3-3f84713b5fe0	contempora.apartments	393315992424	contempora serviced apartments	Milano	Italy	HIGH	domain:contempora.apartments
	A	91	Saint Petersburg	USA	Compass Vacation Rentals		rental_service	5901 Sun Blvd Ste 105	7278667368								overture:d860b2ae-1ee0-4ce4-aa18-ed39a51b4f02	2026-08-15T14:16:16.296920Z		Canonical queue drain | fit A | GitHub MASTER dedupe passed	http://www.compassrentals.com/			https://www.instagram.com/hosthomehhi/							Permissive	Qualification	https://explore.overturemaps.org/#id=d860b2ae-1ee0-4ce4-aa18-ed39a51b4f02; https://myfldestination.com/	Public Overture website; no usable Overture email. First-party public contact crawl required; no inference.				overture:d860b2ae-1ee0-4ce4-aa18-ed39a51b4f02	compassrentals.com	7278667368	compass vacation rentals	Saint Petersburg	USA	PERMISSIVE	domain:compassrentals.com
	A	91	Wien	Austria	Chez Cliché Serviced Apartments - Naglergasse		bed_and_breakfast	Naglergasse 19	0699 45192395								overture:b3365135-0d8c-4d92-9a95-563154b402dd	2026-08-15T14:16:16.296920Z		Canonical queue drain | fit A | GitHub MASTER dedupe passed	http://www.chez-cliche.com		http://www.chez-cliche.com/contact								Permissive	Qualification	https://explore.overturemaps.org/#id=b3365135-0d8c-4d92-9a95-563154b402dd	Public Overture website; no usable Overture email. First-party public contact crawl required; no inference.				overture:b3365135-0d8c-4d92-9a95-563154b402dd	chez-cliche.com	069945192395	chez cliche serviced apartments naglergasse	Wien	Austria	PERMISSIVE	domain:chez-cliche.com
	A	91	Champagny-en-Vanoise	France	Chalet du Site Nordique		ski_resort	72 Le Dzé	+33479221274								overture:cd6d0c83-459b-4ba5-9aef-d15a217ebca7	2026-08-15T14:16:16.296920Z		Canonical queue drain | fit A | GitHub MASTER dedupe passed	http://www.champagny.com/			https://www.instagram.com/la_plagne/							High	Verified	https://explore.overturemaps.org/#id=cd6d0c83-459b-4ba5-9aef-d15a217ebca7; https://www.la-plagne.com/champagny-en-vanoise	Public Overture website; no usable Overture email. First-party public contact crawl required; no inference.				overture:cd6d0c83-459b-4ba5-9aef-d15a217ebca7	champagny.com	33479221274	chalet du site nordique	Champagny-en-Vanoise	France	HIGH	domain:champagny.com
	A	91	Wildschönau	Austria	Ski chalets in Niederau		ski_resort	Wiesweg 298									overture:0f7f6203-f9c9-44ba-9e87-ab0cdd686f2a	2026-08-15T14:16:16.296920Z		Canonical queue drain | fit A | GitHub MASTER dedupe passed	http://www.chaletsniederau.com/		http://www.chaletsniederau.com/english/enquiry.html				http://www.chaletsniederau.com/english/accommodation.html				High	Verified	https://explore.overturemaps.org/#id=0f7f6203-f9c9-44ba-9e87-ab0cdd686f2a	Public Overture website; no usable Overture email. First-party public contact crawl required; no inference.				overture:0f7f6203-f9c9-44ba-9e87-ab0cdd686f2a	chaletsniederau.com		ski chalets in niederau	Wildschönau	Austria	HIGH	domain:chaletsniederau.com
	A	91	Miami	USA	CDMP Property Management Services		property_management	5701 Biscayne Blvd	+17865107004								overture:64764d47-3594-4323-822b-120023421f9c	2026-08-15T14:16:16.296920Z		Canonical queue drain | fit A | GitHub MASTER dedupe passed	http://www.cdmpmanagement.com/		https://www.cdmpmanagement.com/about-us								Medium	Recall-first	https://explore.overturemaps.org/#id=64764d47-3594-4323-822b-120023421f9c	Public Overture website; no usable Overture email. First-party public contact crawl required; no inference.				overture:64764d47-3594-4323-822b-120023421f9c	cdmpmanagement.com	17865107004	cdmp property management services	Miami	USA	MEDIUM	domain:cdmpmanagement.com
	A	91	Prémanon	France	au chalet de la Dole		ski_resort	6497 route blanche	+33603068278								overture:68c13f8b-251a-493d-86a7-7dd96f097f22	2026-08-15T14:16:16.296920Z		Canonical queue drain | fit A | GitHub MASTER dedupe passed	http://cabanesdutrappeur.com/			https://www.instagram.com/cabanesdutrappeur/							High	Verified	https://explore.overturemaps.org/#id=68c13f8b-251a-493d-86a7-7dd96f097f22; https://cariboulocation.com/	Public Overture website; no usable Overture email. First-party public contact crawl required; no inference.				overture:68c13f8b-251a-493d-86a7-7dd96f097f22	cabanesdutrappeur.com	33603068278	au chalet de la dole	Prémanon	France	HIGH	domain:cabanesdutrappeur.com
	A	91	Lech	Austria	Bühlhof Lech - serviced apartments		educational_camp	Strass 328	055832859								overture:0c656008-823a-4afe-afa9-e0f86f73b96a	2026-08-15T14:16:16.296920Z		Canonical queue drain | fit A | GitHub MASTER dedupe passed	https://www.buehlhof.com/	office@buehlhof.com									Permissive	Qualification	https://explore.overturemaps.org/#id=0c656008-823a-4afe-afa9-e0f86f73b96a; https://www.buehlhof.com/	Public Overture website; no usable Overture email. First-party public contact crawl required; no inference. Public business email recovered from first-party website; no inference.				overture:0c656008-823a-4afe-afa9-e0f86f73b96a	buehlhof.com	055832859	buhlhof lech serviced apartments	Lech	Austria	PERMISSIVE	domain:buehlhof.com
	A	91	Regensburg	Germany	BTT Serviced Apartments		service_apartment	Hochweg 83	+49941307030								overture:b2a14f07-bdfa-4239-8c88-1ca97692f35b	2026-08-15T14:16:16.296920Z		Canonical queue drain | fit A | GitHub MASTER dedupe passed	http://www.btt-serviced-apartments.de						https://www.btt-serviced-apartments.de/DSE/251015_DSE_www.btt-serviced-apartments.de_IH.pdf				Medium	Recall-first	https://explore.overturemaps.org/#id=b2a14f07-bdfa-4239-8c88-1ca97692f35b	Public Overture website; no usable Overture email. First-party public contact crawl required; no inference.				overture:b2a14f07-bdfa-4239-8c88-1ca97692f35b	btt-serviced-apartments.de	49941307030	btt serviced apartments	Regensburg	Germany	MEDIUM	domain:btt-serviced-apartments.de
	A	91	Balatonfüred	Hungary	Bruckner Villa Apartment		hotel	Bél Mátyás utca 6	+3687341868								overture:92f5350c-e36b-4134-8de3-9651d65b38fd	2026-08-15T14:16:16.296920Z		Canonical queue drain | fit A | GitHub MASTER dedupe passed	http://www.brucknervilla.hu						http://www.brucknervilla.hu/erdeklodes.htm				High	Verified	https://explore.overturemaps.org/#id=92f5350c-e36b-4134-8de3-9651d65b38fd	Public Overture website; no usable Overture email. First-party public contact crawl required; no inference.				overture:92f5350c-e36b-4134-8de3-9651d65b38fd	brucknervilla.hu	3687341868	bruckner villa apartment	Balatonfüred	Hungary	HIGH	domain:brucknervilla.hu
	A	91	Tampa	USA	Brokers International Commercial Real Estate & Property Management		commercial_real_estate	400 N Ashley Dr Ste 1900	8135497653								overture:e500c9b7-f158-4ae5-b522-3057e111f646	2026-08-15T14:16:16.296920Z		Canonical queue drain | fit A | GitHub MASTER dedupe passed	http://brokersinternationalrealestate.com/		https://brokersinternationalrealestate.com/about/								Permissive	Qualification	https://explore.overturemaps.org/#id=e500c9b7-f158-4ae5-b522-3057e111f646	Public Overture website; no usable Overture email. First-party public contact crawl required; no inference.				overture:e500c9b7-f158-4ae5-b522-3057e111f646	brokersinternationalrealestate.com	8135497653	brokers international commercial real estate property management	Tampa	USA	PERMISSIVE	domain:brokersinternationalrealestate.com
	A	91	Titusville	USA	Brevard Property Management & Sales		property_management	1540 W Shelley Pl	3212258771								overture:24905bff-bf0d-4b37-9cd7-0fbec05b0756	2026-08-15T14:16:16.296920Z		Canonical queue drain | fit A | GitHub MASTER dedupe passed	https://brevardpms.com/	johndoe@gmail.com									Permissive	Qualification	https://explore.overturemaps.org/#id=24905bff-bf0d-4b37-9cd7-0fbec05b0756; https://brevardpms.com/	Public Overture website; no usable Overture email. First-party public contact crawl required; no inference. Public business email recovered from first-party website; no inference.				overture:24905bff-bf0d-4b37-9cd7-0fbec05b0756	brevardpms.com	3212258771	brevard property management sales	Titusville	USA	PERMISSIVE	domain:brevardpms.com
	A	91	Playa del Carmen	Mexico	Blue Diamond Luxury Boutique		resort	Carretera Federal 307 Km 298	8887740040								overture:2c18be71-e371-447c-9fb3-c68a1e60da83	2026-08-15T14:16:16.296920Z		Canonical queue drain | fit A | GitHub MASTER dedupe passed	https://www.bluediamondluxuryboutiquehotel.com/			https://www.instagram.com/bluediamondwellnessresort/							High	Verified	https://explore.overturemaps.org/#id=2c18be71-e371-447c-9fb3-c68a1e60da83; https://www.bluediamondwellnessresort.com/	Public Overture website; no usable Overture email. First-party public contact crawl required; no inference.				overture:2c18be71-e371-447c-9fb3-c68a1e60da83	bluediamondluxuryboutiquehotel.com	8887740040	blue diamond luxury boutique	Playa del Carmen	Mexico	HIGH	domain:bluediamondluxuryboutiquehotel.com
	A	91	Playa del Carmen	Mexico	Blue Diamond Luxury Boutique - All Inclusive Adults Only		resort	Carretera Chetumal-Puerto Juárez Km 298	9842064100								overture:2278e6c7-4835-4332-bae4-65e0122965f0	2026-08-15T14:16:16.296920Z		Canonical queue drain | fit A | GitHub MASTER dedupe passed	http://bluediamondluxuryboutique.com/		https://bluediamondluxuryboutique.com/contact								Permissive	Qualification	https://explore.overturemaps.org/#id=2278e6c7-4835-4332-bae4-65e0122965f0	Public Overture website; no usable Overture email. First-party public contact crawl required; no inference.				overture:2278e6c7-4835-4332-bae4-65e0122965f0	bluediamondluxuryboutique.com	9842064100	blue diamond luxury boutique all inclusive adults only	Playa del Carmen	Mexico	PERMISSIVE	domain:bluediamondluxuryboutique.com
	A	91	St Augustine Beach	USA	St. Augustine Beach & Tennis Resort Unit 631		holiday_rental_home	8 Ocean Trace Rd	+18882712681								overture:e32d58b9-cd2a-4897-8d6e-1ae9ab63db1c	2026-08-15T14:16:16.296920Z		Canonical queue drain | fit A | GitHub MASTER dedupe passed	http://beachandtennisfl.com			https://www.instagram.com/teepublic/							Permissive	Qualification	https://explore.overturemaps.org/#id=e32d58b9-cd2a-4897-8d6e-1ae9ab63db1c; https://datahk2020.org/	Public Overture website; no usable Overture email. First-party public contact crawl required; no inference.				overture:e32d58b9-cd2a-4897-8d6e-1ae9ab63db1c	beachandtennisfl.com	18882712681	st augustine beach tennis resort unit 631	St Augustine Beach	USA	PERMISSIVE	domain:beachandtennisfl.com
	A	91	West Palm Beach	USA	Custom Property Management, Inc.		property_management	2328 S Congress Ave	+15616498585								overture:21ebca03-c662-46a4-84f6-9ec3e2ac0125	2026-08-15T14:16:16.296920Z		Canonical queue drain | fit A | GitHub MASTER dedupe passed	http://www.banyanproperty.com/		http://www.banyanproperty.com/contact								Permissive	Qualification	https://explore.overturemaps.org/#id=21ebca03-c662-46a4-84f6-9ec3e2ac0125	Public Overture website; no usable Overture email. First-party public contact crawl required; no inference.				overture:21ebca03-c662-46a4-84f6-9ec3e2ac0125	banyanproperty.com	15616498585	custom property management inc	West Palm Beach	USA	PERMISSIVE	domain:banyanproperty.com
	A	91	Zell am Harmersbach	Germany	ApartHotel Eckwaldblick		hotel	Rebhalde 1	+497835634036								overture:e4f139f2-3d98-4929-8e12-90c64f846c5a	2026-08-15T14:16:16.296920Z		Canonical queue drain | fit A | GitHub MASTER dedupe passed	http://baeren-hotels.de		http://baeren-hotels.de/contact								Permissive	Qualification	https://explore.overturemaps.org/#id=e4f139f2-3d98-4929-8e12-90c64f846c5a	Public Overture website; no usable Overture email. First-party public contact crawl required; no inference.				overture:e4f139f2-3d98-4929-8e12-90c64f846c5a	baeren-hotels.de	497835634036	aparthotel eckwaldblick	Zell am Harmersbach	Germany	PERMISSIVE	domain:baeren-hotels.de
	A	91	Spring Hill	USA	Auro Property Management		property_management	5327 Commercial Way	+13525935920								overture:d7de0bc7-dfe2-4852-b4e2-14d1cdf13885	2026-08-15T14:16:16.296920Z		Canonical queue drain | fit A | GitHub MASTER dedupe passed	http://auropropertymanagement.com		http://auropropertymanagement.com/cgi-sys/suspendedpage.cgi								Permissive	Qualification	https://explore.overturemaps.org/#id=d7de0bc7-dfe2-4852-b4e2-14d1cdf13885	Public Overture website; no usable Overture email. First-party public contact crawl required; no inference.				overture:d7de0bc7-dfe2-4852-b4e2-14d1cdf13885	auropropertymanagement.com	13525935920	auro property management	Spring Hill	USA	PERMISSIVE	domain:auropropertymanagement.com
	A	91	Balatonlelle	Hungary	Balatonlelle Apartment		hotel	Takács Sándor utca 6	+36706352378								overture:aaf67231-99b9-40cc-8202-b867fd5cefab	2026-08-15T14:16:16.296920Z		Canonical queue drain | fit A | GitHub MASTER dedupe passed	http://www.balatonihet.atw.hu/		http://www.balatonihet.atw.hu/contact								Permissive	Qualification	https://explore.overturemaps.org/#id=aaf67231-99b9-40cc-8202-b867fd5cefab	Public Overture website; no usable Overture email. First-party public contact crawl required; no inference.				overture:aaf67231-99b9-40cc-8202-b867fd5cefab	atw.hu	36706352378	balatonlelle apartment	Balatonlelle	Hungary	PERMISSIVE	domain:atw.hu
	A	91	Bradenton	USA	At the HELM Property Management		property_management	8106 Cortez Rd W	+19417828307								overture:003830a1-619f-4f17-a754-3733889d14c8	2026-08-15T14:16:16.296920Z		Canonical queue drain | fit A | GitHub MASTER dedupe passed	http://www.atthehelmfl.com/		https://www.atthehelmfl.com/contact-us								Permissive	Qualification	https://explore.overturemaps.org/#id=003830a1-619f-4f17-a754-3733889d14c8	Public Overture website; no usable Overture email. First-party public contact crawl required; no inference.				overture:003830a1-619f-4f17-a754-3733889d14c8	atthehelmfl.com	19417828307	at the helm property management	Bradenton	USA	PERMISSIVE	domain:atthehelmfl.com
	A	91	Brienz	Switzerland	Chemihüttli Apartment		hotel	Axalphornweg 10	+41798761955								overture:1b1160c0-797e-4d25-a8ef-e02b1fe3f97c	2026-08-15T14:16:16.296920Z		Canonical queue drain | fit A | GitHub MASTER dedupe passed	http://www.apartments-axalp.ch/		https://www.apartments-axalp.ch/about/								Permissive	Qualification	https://explore.overturemaps.org/#id=1b1160c0-797e-4d25-a8ef-e02b1fe3f97c	Public Overture website; no usable Overture email. First-party public contact crawl required; no inference.				overture:1b1160c0-797e-4d25-a8ef-e02b1fe3f97c	apartments-axalp.ch	41798761955	chemihuttli apartment	Brienz	Switzerland	PERMISSIVE	domain:apartments-axalp.ch
	A	91	Sankt Moritz	Switzerland	Chesa Surpunt Self-Check-In Apartment		hotel	Via Surpunt 26	+41798847836								overture:a734c86d-6dfa-4dad-9736-9e9c981a633f	2026-08-15T14:16:16.296920Z		Canonical queue drain | fit A | GitHub MASTER dedupe passed	http://www.apartment7500.ch/athlete/			https://www.instagram.com/ppmstmoritz/							High	Verified	https://explore.overturemaps.org/#id=a734c86d-6dfa-4dad-9736-9e9c981a633f; https://www.ppmstmoritz.com/	Public Overture website; no usable Overture email. First-party public contact crawl required; no inference.				overture:a734c86d-6dfa-4dad-9736-9e9c981a633f	apartment7500.ch	41798847836	chesa surpunt self check in apartment	Sankt Moritz	Switzerland	HIGH	domain:apartment7500.ch
	A	91	Pregrada	Croatia	Holiday home Sunrise Hill		holiday_rental_home	Bušin 57	+385981334414								overture:564edbb8-c269-42b3-ad57-84a50af823ab	2026-08-15T14:16:16.296920Z		Canonical queue drain | fit A | GitHub MASTER dedupe passed	https://www.apartmaninfo.hr/kuce-za-odmor/pregrada/sunrise-hill/6657			https://www.instagram.com/holidayhomesunrisehill/							High	Verified	https://explore.overturemaps.org/#id=564edbb8-c269-42b3-ad57-84a50af823ab; https://laganini.com/hr/smjestaj/pregrada/sunrise-hill-6657	Public Overture website; no usable Overture email. First-party public contact crawl required; no inference.				overture:564edbb8-c269-42b3-ad57-84a50af823ab	apartmaninfo.hr	385981334414	holiday home sunrise hill	Pregrada	Croatia	HIGH	domain:apartmaninfo.hr
	A	91	Porto	Portugal	Aparthotel Oporto Anselmo		hotel	R. de Anselmo Braancamp, 163	917 504 018								overture:563b86a0-ef11-4ccc-a07f-735efb29e95b	2026-08-15T14:16:16.296920Z		Canonical queue drain | fit A | GitHub MASTER dedupe passed	http://www.aparthoteloportoanselmo.com		http://www.aparthoteloportoanselmo.com/contact								High	Verified	https://explore.overturemaps.org/#id=563b86a0-ef11-4ccc-a07f-735efb29e95b	Public Overture website; no usable Overture email. First-party public contact crawl required; no inference.				overture:563b86a0-ef11-4ccc-a07f-735efb29e95b	aparthoteloportoanselmo.com	917504018	aparthotel oporto anselmo	Porto	Portugal	HIGH	domain:aparthoteloportoanselmo.com
	A	91	Bad Füssing	Germany	Gästehaus-Aparthotel Grabner		bed_and_breakfast	Bachstraße 35	+4985319530								overture:8c31bd97-3aba-4ad7-a223-9fb164c1da82	2026-08-15T14:16:16.296920Z		Canonical queue drain | fit A | GitHub MASTER dedupe passed	http://www.aparthotel-grabner.de/			https://www.instagram.com/hotelgrabner/							High	Verified	https://explore.overturemaps.org/#id=8c31bd97-3aba-4ad7-a223-9fb164c1da82; https://www.gaestehaus-grabner.de/	Public Overture website; no usable Overture email. First-party public contact crawl required; no inference.				overture:8c31bd97-3aba-4ad7-a223-9fb164c1da82	aparthotel-grabner.de	4985319530	gastehaus aparthotel grabner	Bad Füssing	Germany	HIGH	domain:aparthotel-grabner.de
	A	91	Bad Bellingen	Germany	Aparthotel Badblick		hotel	Rheinstr. 4	0763581090								overture:d570aca5-a432-44d5-be0c-5ac206643cc4	2026-08-15T14:16:16.296920Z		Canonical queue drain | fit A | GitHub MASTER dedupe passed	http://www.aparthotel-badblick.de/		http://www.aparthotel-badblick.de/contact								Permissive	Qualification	https://explore.overturemaps.org/#id=d570aca5-a432-44d5-be0c-5ac206643cc4	Public Overture website; no usable Overture email. First-party public contact crawl required; no inference.				overture:d570aca5-a432-44d5-be0c-5ac206643cc4	aparthotel-badblick.de	0763581090	aparthotel badblick	Bad Bellingen	Germany	PERMISSIVE	domain:aparthotel-badblick.de
	A	91	Bad Birnbach	Germany	Am Sonnenhügel		hotel	Am Aunhamer Berg 1	+4985639700								overture:f017998c-6637-42f6-9c79-77d0a46d2ac9	2026-08-15T14:16:16.296920Z		Canonical queue drain | fit A | GitHub MASTER dedupe passed	http://www.aparthotel-bad-birnbach.de/		https://www.aparthotel-bad-birnbach.de/wp-content/plugins/contact-form-7/includes/css/styles.css?ver=6.1.6								High	Verified	https://explore.overturemaps.org/#id=f017998c-6637-42f6-9c79-77d0a46d2ac9	Public Overture website; no usable Overture email. First-party public contact crawl required; no inference.				overture:f017998c-6637-42f6-9c79-77d0a46d2ac9	aparthotel-bad-birnbach.de	4985639700	am sonnenhugel	Bad Birnbach	Germany	HIGH	domain:aparthotel-bad-birnbach.de
	A	91	Tamarac	USA	Angel Property Management		property_management	6635 W Commercial Blvd Ste 200	(954) 324-1199								overture:e0bb243d-8656-48a7-8f08-acc3c1e204a4	2026-08-15T14:16:16.296920Z		Canonical queue drain | fit A | GitHub MASTER dedupe passed	http://angelpm.com		http://angelpm.com/contact								Permissive	Qualification	https://explore.overturemaps.org/#id=e0bb243d-8656-48a7-8f08-acc3c1e204a4	Public Overture website; no usable Overture email. First-party public contact crawl required; no inference.				overture:e0bb243d-8656-48a7-8f08-acc3c1e204a4	angelpm.com	9543241199	angel property management	Tamarac	USA	PERMISSIVE	domain:angelpm.com
	A	91	Naples	USA	American Property Management Services		property_management	8825 Tamiami Trl E	(239) 774-0105								overture:8f72c6d5-2f53-4416-bcf6-e080dc204943	2026-08-15T14:16:16.296920Z		Canonical queue drain | fit A | GitHub MASTER dedupe passed	http://www.americanpropertymanagementservices.com		https://americanpropertymanagementservices.com								Permissive	Qualification	https://explore.overturemaps.org/#id=8f72c6d5-2f53-4416-bcf6-e080dc204943	Public Overture website; no usable Overture email. First-party public contact crawl required; no inference.				overture:8f72c6d5-2f53-4416-bcf6-e080dc204943	americanpropertymanagementservices.com	2397740105	american property management services	Naples	USA	PERMISSIVE	domain:americanpropertymanagementservices.com
	A	91	Davos	Switzerland	Ferienwohnung Davos - Aparthotel Allod Park		hotel	Kurgartenstrasse 1	+41814137073								overture:5a0498ec-31b3-41a0-8347-b64d6e975cfd	2026-08-15T14:16:16.296920Z		Canonical queue drain | fit A | GitHub MASTER dedupe passed	http://allodpark.ch/			https://www.instagram.com/restaurantallodpark/							Permissive	Qualification	https://explore.overturemaps.org/#id=5a0498ec-31b3-41a0-8347-b64d6e975cfd; https://allod-park.ch/	Public Overture website; no usable Overture email. First-party public contact crawl required; no inference.				overture:5a0498ec-31b3-41a0-8347-b64d6e975cfd	allodpark.ch	41814137073	ferienwohnung davos aparthotel allod park	Davos	Switzerland	PERMISSIVE	domain:allodpark.ch
	A	91	Port Charlotte	USA	All In One Property Management		property_management	18071 Lake Worth Blvd	9417660780								overture:d0bba9d3-8a95-4586-9636-cff74015245e	2026-08-15T14:16:16.296920Z		Canonical queue drain | fit A | GitHub MASTER dedupe passed	http://www.allinonepropertymanagement.com/		http://www.allinonepropertymanagement.com/contact								Permissive	Qualification	https://explore.overturemaps.org/#id=d0bba9d3-8a95-4586-9636-cff74015245e	Public Overture website; no usable Overture email. First-party public contact crawl required; no inference.				overture:d0bba9d3-8a95-4586-9636-cff74015245e	allinonepropertymanagement.com	9417660780	all in one property management	Port Charlotte	USA	PERMISSIVE	domain:allinonepropertymanagement.com
	A	91	Madrid	Spain	AGISA General Property Management SA		property_management	Calle de la Virgen de Lourdes, 38	+34914031477								overture:16abb178-92e6-4862-b07c-8a5252ad7979	2026-08-15T14:16:16.296920Z		Canonical queue drain | fit A | GitHub MASTER dedupe passed	http://www.agisa.es		http://www.agisa.es/contact								Permissive	Qualification	https://explore.overturemaps.org/#id=16abb178-92e6-4862-b07c-8a5252ad7979	Public Overture website; no usable Overture email. First-party public contact crawl required; no inference.				overture:16abb178-92e6-4862-b07c-8a5252ad7979	agisa.es	34914031477	agisa general property management sa	Madrid	Spain	PERMISSIVE	domain:agisa.es
	A	91	Orlando	USA	Absolut Realty Inc and Property Management		real_estate_agent	7130 S Orange Blossom Trl Ste 130	4079827097								overture:5ddfb57c-3401-4772-a486-9fd6fd9cc94d	2026-08-15T14:16:16.296920Z		Canonical queue drain | fit A | GitHub MASTER dedupe passed	http://www.absolutrealty4u.com/		http://www.absolutrealty4u.com/contact.html								Permissive	Qualification	https://explore.overturemaps.org/#id=5ddfb57c-3401-4772-a486-9fd6fd9cc94d	Public Overture website; no usable Overture email. First-party public contact crawl required; no inference.				overture:5ddfb57c-3401-4772-a486-9fd6fd9cc94d	absolutrealty4u.com	4079827097	absolut realty inc and property management	Orlando	USA	PERMISSIVE	domain:absolutrealty4u.com
	A	91	La Paz	Mexico	Wolf Property Management and Vacation Rentals		property_management	Los Barriles s/n-Local 6	+526241248171								overture:75828395-274a-493a-9d28-6d8319ff901d	2026-08-15T14:15:03Z		Canonical queue drain | fit A | GitHub MASTER dedupe passed	http://www.wolf-baja.com/	info@wolf-pm.com									Permissive	Qualification	https://explore.overturemaps.org/#id=75828395-274a-493a-9d28-6d8319ff901d; https://www.wolf-baja.com/	Public Overture website; no usable Overture email. First-party public contact crawl required; no inference.				overture:75828395-274a-493a-9d28-6d8319ff901d	wolf-baja.com	526241248171	wolf property management and vacation rentals	La Paz	Mexico	PERMISSIVE	domain:wolf-baja.com
	A	91	Cape Coral	USA	Villa Sauvage - Cape Coral Luxury Vacation Home		holiday_rental_home	2807 SW 47th Ter	+12392149497								overture:9d42cdd1-0192-4842-ba67-363b86ae9bfa	2026-08-15T14:11:37Z		Canonical queue drain | fit A | GitHub MASTER dedupe passed	http://www.villasauvage.com/						http://villasauvage.com/				High	Verified	https://explore.overturemaps.org/#id=9d42cdd1-0192-4842-ba67-363b86ae9bfa	Public Overture website; no usable Overture email. First-party public contact crawl required; no inference.				overture:9d42cdd1-0192-4842-ba67-363b86ae9bfa	villasauvage.com	12392149497	villa sauvage cape coral luxury vacation home	Cape Coral	USA	HIGH	domain:villasauvage.com
	A	91	Clermont	USA	Tropical Oasis Vacation Rental		holiday_rental_home	304 Summer Place Loop									overture:76264283-7b26-4921-9222-307033507ecd	2026-08-15T14:11:37Z		Canonical queue drain | fit A | GitHub MASTER dedupe passed	http://www.tropicaloasisorlando.com/				https://www.facebook.com/tropicaloasisorlando/		https://www.tropicaloasisorlando.com:443/book				High	Verified	https://explore.overturemaps.org/#id=76264283-7b26-4921-9222-307033507ecd; https://www.tropicaloasisorlando.com:443/	Public Overture website; no usable Overture email. First-party public contact crawl required; no inference.				overture:76264283-7b26-4921-9222-307033507ecd	tropicaloasisorlando.com		tropical oasis vacation rental	Clermont	USA	HIGH	domain:tropicaloasisorlando.com
	A	91	Cartagena	Spain	Villasol Inmobiliaria		vacation_rental_agent	Avenida Nueva Cartagena, 28	968529287								overture:cd1013c4-6bcf-43e2-aed0-cfb7460164df	2026-08-15T14:09:12.953897Z		Canonical queue drain | fit A | GitHub MASTER dedupe passed	http://www.villasol.es/			https://www.instagram.com/carmensanchez_villasol/							High	Verified	https://explore.overturemaps.org/#id=cd1013c4-6bcf-43e2-aed0-cfb7460164df; https://www.villasolinmobiliaria.es/	Public Overture website; no usable Overture email. First-party public contact crawl required; no inference.				overture:cd1013c4-6bcf-43e2-aed0-cfb7460164df	villasol.es	968529287	villasol inmobiliaria	Cartagena	Spain	HIGH	domain:villasol.es
	A	91	Sant Josep de sa Talaia	Spain	Aparthotel Puerto Vadella		hotel	Castedefells 22	+34971808070								overture:e5180da5-d36c-424a-aa9f-0c96ff4351d3	2026-08-15T14:09:12.953897Z		Canonical queue drain | fit A | GitHub MASTER dedupe passed	http://vadella.com		http://vadella.com/contact								Permissive	Qualification	https://explore.overturemaps.org/#id=e5180da5-d36c-424a-aa9f-0c96ff4351d3	Public Overture website; no usable Overture email. First-party public contact crawl required; no inference.				overture:e5180da5-d36c-424a-aa9f-0c96ff4351d3	vadella.com	34971808070	aparthotel puerto vadella	Sant Josep de sa Talaia	Spain	PERMISSIVE	domain:vadella.com
	A	91	Colonia de Sant Jordi	Spain	Universal Aparthotel Villa Marquesa		resort	Avenida Primavera, s/n,	971655100								overture:16b1e7a8-0f9e-4b98-aff6-96f63e902a45	2026-08-15T14:09:12.953897Z		Canonical queue drain | fit A | GitHub MASTER dedupe passed	http://www.universalhotels.es/			https://www.instagram.com/universalbeachhotels/							High	Verified	https://explore.overturemaps.org/#id=16b1e7a8-0f9e-4b98-aff6-96f63e902a45; https://www.universalbeachhotels.com	Public Overture website; no usable Overture email. First-party public contact crawl required; no inference.				overture:16b1e7a8-0f9e-4b98-aff6-96f63e902a45	universalhotels.es	971655100	universal aparthotel villa marquesa	Colonia de Sant Jordi	Spain	HIGH	domain:universalhotels.es
	A	91	Eivissa	Spain	Cabau S'Argamassa Villas		vacation_rental_agent	Avinguda de s'Argamassa, 103	971331225								overture:a89e484a-8a97-43cf-8a5b-2b9eb39a5b52	2026-08-15T14:09:12.953897Z		Canonical queue drain | fit A | GitHub MASTER dedupe passed	http://sargamassavillas.com/			https://www.instagram.com/sargamassavillas/							High	Verified	https://explore.overturemaps.org/#id=a89e484a-8a97-43cf-8a5b-2b9eb39a5b52; https://cabauhotels.com/sargamassa-villas/	Public Overture website; no usable Overture email. First-party public contact crawl required; no inference.				overture:a89e484a-8a97-43cf-8a5b-2b9eb39a5b52	sargamassavillas.com	971331225	cabau s argamassa villas	Eivissa	Spain	HIGH	domain:sargamassavillas.com
	A	91	Pollença	Spain	Bahia Pollença Aparthotel		hotel	Carrer del Noguer, 1	+34971864800								overture:96843399-769f-4d33-999a-db962fde4bd6	2026-08-15T14:09:12.953897Z		Canonical queue drain | fit A | GitHub MASTER dedupe passed	http://www.ponenthotels.com/			https://www.instagram.com/ponentmar/							High	Verified	https://explore.overturemaps.org/#id=96843399-769f-4d33-999a-db962fde4bd6; http://www.ponentmar.com/en/	Public Overture website; no usable Overture email. First-party public contact crawl required; no inference.				overture:96843399-769f-4d33-999a-db962fde4bd6	ponenthotels.com	34971864800	bahia pollenca aparthotel	Pollença	Spain	HIGH	domain:ponenthotels.com
	A	91	Mijas	Spain	Lange Property Management		real_estate_service	Avenida de Méjico, 14	+34667545490								overture:08bdcaad-9f19-40e2-8bde-2480b10c101a	2026-08-15T14:09:12.953897Z		Canonical queue drain | fit A | GitHub MASTER dedupe passed	http://www.pmlange.com/		https://booking.pmlange.com/contact								Permissive	Qualification	https://explore.overturemaps.org/#id=08bdcaad-9f19-40e2-8bde-2480b10c101a	Public Overture website; no usable Overture email. First-party public contact crawl required; no inference.				overture:08bdcaad-9f19-40e2-8bde-2480b10c101a	pmlange.com	34667545490	lange property management	Mijas	Spain	PERMISSIVE	domain:pmlange.com
	A	91	Πάφος	Cyprus	Cyprus holiday rental, Paphos		holiday_rental_home	Sotirakou markrides									overture:6ac0402e-8887-44a8-b95d-e1ed61aafadb	2026-08-15T14:09:12.953897Z		Canonical queue drain | fit A | GitHub MASTER dedupe passed	http://www.paphosholidayhome.co.uk/		https://www.paphosholidayhome.co.uk/booking/				https://www.paphosholidayhome.co.uk/booking/				High	Verified	https://explore.overturemaps.org/#id=6ac0402e-8887-44a8-b95d-e1ed61aafadb	Public Overture website; no usable Overture email. First-party public contact crawl required; no inference.				overture:6ac0402e-8887-44a8-b95d-e1ed61aafadb	paphosholidayhome.co.uk		cyprus holiday rental paphos	Πάφος	Cyprus	HIGH	domain:paphosholidayhome.co.uk
	A	91	Ötüken	Cyprus	Noyanlar Holiday Homes		hotel	Doktorlar Sitesi Yanı, Long Beach	+905338500712								overture:7c0e5b48-7b7f-4696-ac22-178bf733bebc	2026-08-15T14:09:12.953897Z		Canonical queue drain | fit A | GitHub MASTER dedupe passed	http://www.noyanlarholidays.com/		http://www.noyanlarholidays.com/contact								Permissive	Qualification	https://explore.overturemaps.org/#id=7c0e5b48-7b7f-4696-ac22-178bf733bebc	Public Overture website; no usable Overture email. First-party public contact crawl required; no inference.				overture:7c0e5b48-7b7f-4696-ac22-178bf733bebc	noyanlarholidays.com	905338500712	noyanlar holiday homes	Ötüken	Cyprus	PERMISSIVE	domain:noyanlarholidays.com
	A	91	Vila Real de Santo António	Portugal	Aparthotel Guadiana		hotel	Avenida Infante Dom Henrique 10	+351281530530								overture:c38261bf-ddfb-4d03-aa95-29dac74f2b24	2026-08-15T14:09:12.953897Z		Canonical queue drain | fit A | GitHub MASTER dedupe passed	http://www.mdgrouphotels.com/		https://www.mdgrouphotels.com/Contactos.htm								Permissive	Qualification	https://explore.overturemaps.org/#id=c38261bf-ddfb-4d03-aa95-29dac74f2b24	Public Overture website; no usable Overture email. First-party public contact crawl required; no inference.				overture:c38261bf-ddfb-4d03-aa95-29dac74f2b24	mdgrouphotels.com	351281530530	aparthotel guadiana	Vila Real de Santo António	Portugal	PERMISSIVE	domain:mdgrouphotels.com
	A	91	Marbella	Spain	Masadian Student & Vacation Rentals		property_management	Urb. Los Naranjos de Marbella									overture:f1e0d0a8-9e43-4938-8ded-f1825652f1bf	2026-08-15T14:09:12.953897Z		Canonical queue drain | fit A | GitHub MASTER dedupe passed	http://masadian.com/	info@masadian.com	http://masadian.com/about								Medium	Recall-first	https://explore.overturemaps.org/#id=f1e0d0a8-9e43-4938-8ded-f1825652f1bf; http://masadian.com/	Public Overture website; no usable Overture email. First-party public contact crawl required; no inference. Public business email recovered from first-party website; no inference.				overture:f1e0d0a8-9e43-4938-8ded-f1825652f1bf	masadian.com		masadian student vacation rentals	Marbella	Spain	MEDIUM	domain:masadian.com
	A	91	S'arracó	Spain	Maletz Property Management			Carrer Porvenir, 29	671472707								overture:83c7a2ee-81e8-47a1-8ff8-7179dd72376c	2026-08-15T14:09:12.953897Z		Canonical queue drain | fit A | GitHub MASTER dedupe passed	https://www.maletz.es/	info@maletz.es									Permissive	Qualification	https://explore.overturemaps.org/#id=83c7a2ee-81e8-47a1-8ff8-7179dd72376c; https://www.maletz.es/	Public Overture website; no usable Overture email. First-party public contact crawl required; no inference. Public business email recovered from first-party website; no inference.				overture:83c7a2ee-81e8-47a1-8ff8-7179dd72376c	maletz.es	671472707	maletz property management	S'arracó	Spain	PERMISSIVE	domain:maletz.es
	A	91	Ibiza	Spain	Luxury Holiday Villas Ibiza		vacation_rental_agent	Avinguda 8 d'Agost 39	617031310								overture:00e64b5c-f565-419e-bb88-9dfd35626ca5	2026-08-15T14:09:12.953897Z		Canonical queue drain | fit A | GitHub MASTER dedupe passed	http://www.luxuryholidayvillasibiza.com/		http://www.luxuryholidayvillasibiza.com/contact								Permissive	Qualification	https://explore.overturemaps.org/#id=00e64b5c-f565-419e-bb88-9dfd35626ca5	Public Overture website; no usable Overture email. First-party public contact crawl required; no inference.				overture:00e64b5c-f565-419e-bb88-9dfd35626ca5	luxuryholidayvillasibiza.com	617031310	luxury holiday villas ibiza	Ibiza	Spain	PERMISSIVE	domain:luxuryholidayvillasibiza.com
	A	91	Sertã	Portugal	Casa Lerryn Holiday Home AL57901		lodging	Estrada da Prodessoura 3	+351961794587								overture:2585b878-e6d8-47ea-b3ea-0aa9d9859ee6	2026-08-15T14:09:12.953897Z		Canonical queue drain | fit A | GitHub MASTER dedupe passed	https://www.livroreclamacoes.pt/inicio/		https://www.livroreclamacoes.pt/Inicio/								Permissive	Qualification	https://explore.overturemaps.org/#id=2585b878-e6d8-47ea-b3ea-0aa9d9859ee6	Public Overture website; no usable Overture email. First-party public contact crawl required; no inference.				overture:2585b878-e6d8-47ea-b3ea-0aa9d9859ee6	livroreclamacoes.pt	351961794587	casa lerryn holiday home al57901	Sertã	Portugal	PERMISSIVE	domain:livroreclamacoes.pt
	A	91	Αγία Νάπα	Cyprus	Lantiana Napa Aparthotel		hotel	Nestoras, Οδός Ευάγγελου Φλωράκη 8	+35723722219								overture:87afc7eb-ed0b-4aac-8077-7aa08fd53b9e	2026-08-15T14:09:12.953897Z		Canonical queue drain | fit A | GitHub MASTER dedupe passed	http://www.lantiananapa.com/		http://www.lantiananapa.com/contact								Permissive	Qualification	https://explore.overturemaps.org/#id=87afc7eb-ed0b-4aac-8077-7aa08fd53b9e	Public Overture website; no usable Overture email. First-party public contact crawl required; no inference.				overture:87afc7eb-ed0b-4aac-8077-7aa08fd53b9e	lantiananapa.com	35723722219	lantiana napa aparthotel	Αγία Νάπα	Cyprus	PERMISSIVE	domain:lantiananapa.com
	A	91	Lagoa	Portugal	Lagoa Hotel		hotel	N125	+351282380130								overture:9040001d-b78e-4aa6-88a8-0dfd7f71dd5c	2026-08-15T14:09:12.953897Z		Canonical queue drain | fit A | GitHub MASTER dedupe passed	https://www.lagoahotel.pt/			https://www.instagram.com/carvoeirogardenhotel/							High	Verified	https://explore.overturemaps.org/#id=9040001d-b78e-4aa6-88a8-0dfd7f71dd5c; https://www.gschotels.com/lagoa-apartment/	Public Overture website; no usable Overture email. First-party public contact crawl required; no inference.				overture:9040001d-b78e-4aa6-88a8-0dfd7f71dd5c	lagoahotel.pt	351282380130	lagoa hotel	Lagoa	Portugal	HIGH	domain:lagoahotel.pt
	A	91	Έδεσσα	Greece	Voras Chalet Alt.2050		ski_resort	Χιονοδρομικό κέντρο Βόρας-Καϊμάκτσαλαν	+306948377500								overture:ad6ceea6-fb02-4c23-8d39-cc5e27251745	2026-08-15T14:09:12.953897Z		Canonical queue drain | fit A | GitHub MASTER dedupe passed	http://www.kaimaktsalan.gr/				https://www.facebook.com/kaimaktsalan.gr/						Medium	Recall-first	https://explore.overturemaps.org/#id=ad6ceea6-fb02-4c23-8d39-cc5e27251745; https://kaimaktsalan.gr/	Public Overture website; no usable Overture email. First-party public contact crawl required; no inference.				overture:ad6ceea6-fb02-4c23-8d39-cc5e27251745	kaimaktsalan.gr	306948377500	voras chalet alt 2050	Έδεσσα	Greece	MEDIUM	domain:kaimaktsalan.gr
	A	91	נתניה	IL	Israel Property Care and IPC Vacation Rentals		holiday_rental_home	הסחלב 61	+972502138702								overture:183e1c2c-3c91-4462-9b1c-158475b9c2e0	2026-08-15T14:09:12.953897Z		Canonical queue drain | fit A | GitHub MASTER dedupe passed	http://www.IsraelPropertyCare.com/					https://wa.me/9720502138702					High	Verified	https://explore.overturemaps.org/#id=183e1c2c-3c91-4462-9b1c-158475b9c2e0	Public Overture website; no usable Overture email. First-party public contact crawl required; no inference.				overture:183e1c2c-3c91-4462-9b1c-158475b9c2e0	israelpropertycare.com	972502138702	israel property care and ipc vacation rentals	נתניה	IL	HIGH	domain:israelpropertycare.com
	A	91	Carretera Loma de Sancti Petri, s	Spain	Aparthotel ILUNION Sancti Petri		resort	Carretera Loma de Sancti Petri, s/n, 11139, Cádiz	956498490								overture:52f9ebce-d2bc-4222-b3b8-3c5b43b97923	2026-08-15T14:09:12.953897Z		Canonical queue drain | fit A | GitHub MASTER dedupe passed	https://www.ilunionsanctipetri.com/?utm_source=bing&utm_medium=organic&utm_campaign=bing_places&utm_content=tartessus&partner=8019			https://www.instagram.com/ilunionhotels/							High	Verified	https://explore.overturemaps.org/#id=52f9ebce-d2bc-4222-b3b8-3c5b43b97923; https://www.ilunionhotels.com/hoteles/ilunion-sancti-petri?utm_source=bing&utm_medium=organic&utm_campaign=bing_places&utm_content=tartessus&partner=8019	Public Overture website; no usable Overture email. First-party public contact crawl required; no inference.				overture:52f9ebce-d2bc-4222-b3b8-3c5b43b97923	ilunionsanctipetri.com	956498490	aparthotel ilunion sancti petri	Carretera Loma de Sancti Petri, s	Spain	HIGH	domain:ilunionsanctipetri.com
	A	91	Sant Josep de sa Talaia	Spain	iHouseibiza | Ibiza Villas for Rent | Luxury Properties		resort	Calle de lugo, 14 B	685610793								overture:d5838930-56c6-45b1-8c30-c6e4fd6e4880	2026-08-15T14:09:12.953897Z		Canonical queue drain | fit A | GitHub MASTER dedupe passed	https://ihouseibiza.com/	info@ihouseibiza.com									High	Verified	https://explore.overturemaps.org/#id=d5838930-56c6-45b1-8c30-c6e4fd6e4880; https://ihouseibiza.com/	Public Overture website; no usable Overture email. First-party public contact crawl required; no inference. Public business email recovered from first-party website; no inference.				overture:d5838930-56c6-45b1-8c30-c6e4fd6e4880	ihouseibiza.com	685610793	ihouseibiza ibiza villas for rent luxury properties	Sant Josep de sa Talaia	Spain	HIGH	domain:ihouseibiza.com
	A	91	Lisboa	Portugal	Lisbon Airport Suites		hotel	Rua Vila de Catió 399	+351912338691								overture:4bedbf4d-0686-4a90-9c04-708b0e2004f8	2026-08-15T14:09:12.953897Z		Canonical queue drain | fit A | GitHub MASTER dedupe passed	http://lacharmingrooms.housesquat.com/		http://lacharmingrooms.housesquat.com/contact								Permissive	Qualification	https://explore.overturemaps.org/#id=4bedbf4d-0686-4a90-9c04-708b0e2004f8	Public Overture website; no usable Overture email. First-party public contact crawl required; no inference.				overture:4bedbf4d-0686-4a90-9c04-708b0e2004f8	housesquat.com	351912338691	lisbon airport suites	Lisboa	Portugal	PERMISSIVE	domain:housesquat.com
	A	91	Sant Llorenç des Cardassar	Spain	Aparthotel Be Live la Calita		hotel	Carrer Castell, 5	+34871114190								overture:deb6269a-33ee-463a-8f1e-2bd5452deb1c	2026-08-15T14:09:12.953897Z		Canonical queue drain | fit A | GitHub MASTER dedupe passed	http://www.hotelesoasis.com/hotel/Spain/Majorca/88/Oasis_La_Calita.html		http://www.hotelesoasis.com/contact								Permissive	Qualification	https://explore.overturemaps.org/#id=deb6269a-33ee-463a-8f1e-2bd5452deb1c	Public Overture website; no usable Overture email. First-party public contact crawl required; no inference.				overture:deb6269a-33ee-463a-8f1e-2bd5452deb1c	hotelesoasis.com	34871114190	aparthotel be live la calita	Sant Llorenç des Cardassar	Spain	PERMISSIVE	domain:hotelesoasis.com
	A	91	הרצליה	IL	Herzliya Marina apartments for sale, rent and for short term rentals		real_estate_service	השונית 2	+972544421444								overture:89541c8a-d62c-492e-b7ba-5d91785cebd8	2026-08-15T14:09:12.953897Z		Canonical queue drain | fit A | GitHub MASTER dedupe passed	http://www.herzliya-marina.com/			https://www.instagram.com/herzliyamarina/							High	Verified	https://explore.overturemaps.org/#id=89541c8a-d62c-492e-b7ba-5d91785cebd8; https://www.aayafit-marina.co.il/	Public Overture website; no usable Overture email. First-party public contact crawl required; no inference.				overture:89541c8a-d62c-492e-b7ba-5d91785cebd8	herzliya-marina.com	972544421444	herzliya marina apartments for sale rent and for short term rentals	הרצליה	IL	HIGH	domain:herzliya-marina.com
	A	91	Fuengirola	Spain	Fuengirola Holiday Let		holiday_rental_home	Calle Málaga	+34633131066								overture:76e235e2-a167-4301-943d-b6fec2a984ad	2026-08-15T14:09:12.953897Z		Canonical queue drain | fit A | GitHub MASTER dedupe passed	http://www.fuengirolasun.com/		http://www.fuengirolasun.com/contact								Permissive	Qualification	https://explore.overturemaps.org/#id=76e235e2-a167-4301-943d-b6fec2a984ad	Public Overture website; no usable Overture email. First-party public contact crawl required; no inference.				overture:76e235e2-a167-4301-943d-b6fec2a984ad	fuengirolasun.com	34633131066	fuengirola holiday let	Fuengirola	Spain	PERMISSIVE	domain:fuengirolasun.com
	A	91	Capdepera	Spain	Viva Cala Mesquida Resort Aparthotel		resort	Urbanizacion Cala Mesquida s/n	971565699								overture:65dda860-f2bd-40ed-b24c-d3636c8a00d8	2026-08-15T14:09:12.953897Z		Canonical queue drain | fit A | GitHub MASTER dedupe passed	http://www.viva-cala-mesquida-resort.findhotel.co/		http://www.viva-cala-mesquida-resort.findhotel.co/contact								Permissive	Qualification	https://explore.overturemaps.org/#id=65dda860-f2bd-40ed-b24c-d3636c8a00d8	Public Overture website; no usable Overture email. First-party public contact crawl required; no inference.				overture:65dda860-f2bd-40ed-b24c-d3636c8a00d8	findhotel.co	971565699	viva cala mesquida resort aparthotel	Capdepera	Spain	PERMISSIVE	domain:findhotel.co
	A	91	Alicante	Spain	Aparthotel Alicante Hills		resort	Glorieta Reino Unido, 6	965113245								overture:bb560a64-de13-4bf8-afeb-cda5f2412732	2026-08-15T14:09:12.953897Z		Canonical queue drain | fit A | GitHub MASTER dedupe passed	http://www.exehotels.com/hoteles-en-espana.html			https://www.instagram.com/eurostarshotels/							High	Verified	https://explore.overturemaps.org/#id=bb560a64-de13-4bf8-afeb-cda5f2412732; https://www.eurostarshotels.com/marcas/exe-hotels	Public Overture website; no usable Overture email. First-party public contact crawl required; no inference.				overture:bb560a64-de13-4bf8-afeb-cda5f2412732	exehotels.com	965113245	aparthotel alicante hills	Alicante	Spain	HIGH	domain:exehotels.com
	A	91	القاهرة	Egypt	Equity Short-Stay		hotel_supply_service	AUC Ave, New Cairo 1, Cairo Governorate 4727203	+201211145222								overture:0f10859b-579b-45c6-8ad1-2c4fe707b384	2026-08-15T14:09:12.953897Z		Canonical queue drain | fit A | GitHub MASTER dedupe passed	https://equityshortstay.com/		https://equityshortstay.com/contact								Medium	Recall-first	https://explore.overturemaps.org/#id=0f10859b-579b-45c6-8ad1-2c4fe707b384	Public Overture website; no usable Overture email. First-party public contact crawl required; no inference.				overture:0f10859b-579b-45c6-8ad1-2c4fe707b384	equityshortstay.com	201211145222	equity short stay	القاهرة	Egypt	MEDIUM	domain:equityshortstay.com
	A	91	Marbella	Spain	Coral Beach Aparthotel		resort	Urb. Coral Beach, Ctra. Nacional 340, Km. 176	+34952775000								overture:41cd7bf3-998f-4317-b52a-4781d56a7b42	2026-08-15T14:09:12.953897Z		Canonical queue drain | fit A | GitHub MASTER dedupe passed	http://www.coralbeach-marbella.com			https://www.instagram.com/coralbeachapartments/							High	Verified	https://explore.overturemaps.org/#id=41cd7bf3-998f-4317-b52a-4781d56a7b42; https://www.coralbeach.es/es/	Public Overture website; no usable Overture email. First-party public contact crawl required; no inference.				overture:41cd7bf3-998f-4317-b52a-4781d56a7b42	coralbeach-marbella.com	34952775000	coral beach aparthotel	Marbella	Spain	HIGH	domain:coralbeach-marbella.com
	A	91	Λάρνακα	Cyprus	Ch. Kyzis Property Management		property_management	Οδός Ζακύνθου 4	+35770001333								overture:fca0d212-601e-43dc-8fa8-fe4c024a15af	2026-08-15T14:09:12.953897Z		Canonical queue drain | fit A | GitHub MASTER dedupe passed	https://chkyzispropertymanagement.com/		https://chkyzispropertymanagement.com/contact								Permissive	Qualification	https://explore.overturemaps.org/#id=fca0d212-601e-43dc-8fa8-fe4c024a15af	Public Overture website; no usable Overture email. First-party public contact crawl required; no inference.				overture:fca0d212-601e-43dc-8fa8-fe4c024a15af	chkyzispropertymanagement.com	35770001333	ch kyzis property management	Λάρνακα	Cyprus	PERMISSIVE	domain:chkyzispropertymanagement.com
	A	91	Alhaurín el Grande	Spain	Casa Sunflower Luxury Villa with pool Malaga, Spain. Holiday let		hotel	El Toro de Sierra Gorda, Carretera Coín, 7									overture:6f69236a-ca0f-45e9-8698-42412933882f	2026-08-15T14:09:12.953897Z		Canonical queue drain | fit A | GitHub MASTER dedupe passed	http://www.casasunflower.com/	bryan@casasunflower.com	https://casasunflower.com/contact								High	Verified	https://explore.overturemaps.org/#id=6f69236a-ca0f-45e9-8698-42412933882f; https://casasunflower.com	Public Overture website; no usable Overture email. First-party public contact crawl required; no inference. Public business email recovered from first-party website; no inference.				overture:6f69236a-ca0f-45e9-8698-42412933882f	casasunflower.com		casa sunflower luxury villa with pool malaga spain holiday let	Alhaurín el Grande	Spain	HIGH	domain:casasunflower.com
	A	91	Lagoa	Portugal	Casa Jackson - Carvoeiro, Algarve, Portugal Holiday Rental - Sleeps 6		holiday_rental_home	Quinta do Sol									overture:8333ed44-c6f6-4cb5-881c-5a69b3363229	2026-08-15T14:09:12.953897Z		Canonical queue drain | fit A | GitHub MASTER dedupe passed	http://Casajackson.co.uk/		https://casajackson.co.uk/about-us		https://www.facebook.com/281033666156717/						High	Verified	https://explore.overturemaps.org/#id=8333ed44-c6f6-4cb5-881c-5a69b3363229; https://casajackson.co.uk/	Public Overture website; no usable Overture email. First-party public contact crawl required; no inference.				overture:8333ed44-c6f6-4cb5-881c-5a69b3363229	casajackson.co.uk		casa jackson carvoeiro algarve portugal holiday rental sleeps 6	Lagoa	Portugal	HIGH	domain:casajackson.co.uk
	A	91	Komuna e Shtërpcës / Opština Štrpce	XK	Brezovica Villas		resort	73000 Rruga e Brezovicës	+38349858662								overture:e4119690-9392-4992-9171-8a6bedc8335c	2026-08-15T14:09:12.953897Z		Canonical queue drain | fit A | GitHub MASTER dedupe passed	http://www.brezovicavillas.info/		http://www.brezovicavillas.info/contact								Permissive	Qualification	https://explore.overturemaps.org/#id=e4119690-9392-4992-9171-8a6bedc8335c	Public Overture website; no usable Overture email. First-party public contact crawl required; no inference.				overture:e4119690-9392-4992-9171-8a6bedc8335c	brezovicavillas.info	38349858662	brezovica villas	Komuna e Shtërpcës / Opština Štrpce	XK	PERMISSIVE	domain:brezovicavillas.info
	A	91	القاهرة الجديدة	Egypt	Capital Vision Property Management		real_estate_service	مدينة الرحاب - المبنى الادارى - الدور الارضى مكتب رقم ١١	+201145001113								overture:fb9f5b24-18dd-4409-82a4-92602708188a	2026-08-15T14:09:12.953897Z		Canonical queue drain | fit A | GitHub MASTER dedupe passed	https://www.aqaregypt.com/		https://aqaregypt.com/contact								Permissive	Qualification	https://explore.overturemaps.org/#id=fb9f5b24-18dd-4409-82a4-92602708188a	Public Overture website; no usable Overture email. First-party public contact crawl required; no inference.				overture:fb9f5b24-18dd-4409-82a4-92602708188a	aqaregypt.com	201145001113	capital vision property management	القاهرة الجديدة	Egypt	PERMISSIVE	domain:aqaregypt.com
	A	91	Sagres	Portugal	Aparthotel Navigator		hotel	R. Infante D. Henrique	282 624 354								overture:cbb5d4d4-d58b-4aa9-a59a-5d7389a72f1e	2026-08-15T14:09:12.953897Z		Canonical queue drain | fit A | GitHub MASTER dedupe passed	http://www.aparthotelnavigator.com			https://www.instagram.com/carvoeirogardenhotel/							High	Verified	https://explore.overturemaps.org/#id=cbb5d4d4-d58b-4aa9-a59a-5d7389a72f1e; https://www.gschotels.com/navigator-beach/	Public Overture website; no usable Overture email. First-party public contact crawl required; no inference.				overture:cbb5d4d4-d58b-4aa9-a59a-5d7389a72f1e	aparthotelnavigator.com	282624354	aparthotel navigator	Sagres	Portugal	HIGH	domain:aparthotelnavigator.com
	A	91	Estepona	Spain	Aaron Property Management		property_management	Centro Comercial Diana, Bloque 1 Planta Alta Numero 17	711079887								overture:566ded4c-08ea-4f55-b100-b4a2b81f8700	2026-08-15T14:09:12.953897Z		Canonical queue drain | fit A | GitHub MASTER dedupe passed	http://www.aaronpm.es/			https://www.instagram.com/aaronpropertymanagementsl/							High	Verified	https://explore.overturemaps.org/#id=566ded4c-08ea-4f55-b100-b4a2b81f8700; https://www.robbinspropertymanagement.es/	Public Overture website; no usable Overture email. First-party public contact crawl required; no inference.				overture:566ded4c-08ea-4f55-b100-b4a2b81f8700	aaronpm.es	711079887	aaron property management	Estepona	Spain	HIGH	domain:aaronpm.es
	A	91	Ibiza	Spain	7Pines Grand Villas		resort	Carrer Puig Delfín	971195200								overture:6fb61c90-ae23-46d6-8f3d-4d96f91f6147	2026-08-15T14:09:12.953897Z		Canonical queue drain | fit A | GitHub MASTER dedupe passed	https://7pines-villas.com/						https://7pines-villas.com/de/home				High	Verified	https://explore.overturemaps.org/#id=6fb61c90-ae23-46d6-8f3d-4d96f91f6147	Public Overture website; no usable Overture email. First-party public contact crawl required; no inference.				overture:6fb61c90-ae23-46d6-8f3d-4d96f91f6147	7pines-villas.com	971195200	7pines grand villas	Ibiza	Spain	HIGH	domain:7pines-villas.com
	A	91	Περιφέρεια Ιονίων Νήσων	Greece	Asteraki Aparthotel		hotel		+302661091988								overture:ccb052c1-97e7-49d6-99a8-3a37d090829e	2026-08-15T14:06:10.593801Z		Canonical queue drain | fit A | GitHub MASTER dedupe passed	http://www.hotel-asteraki.gr/		https://www.hotel-asteraki.gr/en/contact								High	Verified	https://explore.overturemaps.org/#id=ccb052c1-97e7-49d6-99a8-3a37d090829e	Public Overture website; no usable Overture email. First-party public contact crawl required; no inference.				overture:ccb052c1-97e7-49d6-99a8-3a37d090829e	hotel-asteraki.gr	302661091988	asteraki aparthotel	Περιφέρεια Ιονίων Νήσων	Greece	HIGH	domain:hotel-asteraki.gr
	A	91	Φαίακες	Greece	Annaliza ApartHotel Corfu		hotel	Pyrgi- Ag. Marcos	+302661093551								overture:7af33c28-49d1-458e-b4cb-4ad3b74aeea1	2026-08-15T14:06:10.593801Z		Canonical queue drain | fit A | GitHub MASTER dedupe passed	http://www.annaliza-corfu.com/		https://www.annaliza-corfu.com/en/contact								High	Verified	https://explore.overturemaps.org/#id=7af33c28-49d1-458e-b4cb-4ad3b74aeea1	Public Overture website; no usable Overture email. First-party public contact crawl required; no inference.				overture:7af33c28-49d1-458e-b4cb-4ad3b74aeea1	annaliza-corfu.com	302661093551	annaliza aparthotel corfu	Φαίακες	Greece	HIGH	domain:annaliza-corfu.com
	A	91	Los Angeles	USA	Westbluff Realty and Silicon Beach Property Management		real_estate_agent	8726 S Sepulveda Blvd Ste D1841	3107384779								overture:7a1ef0a1-a819-43e4-9ef6-d05f1a271f8b	2026-08-15T14:05:02.091731Z		Canonical queue drain | fit A | GitHub MASTER dedupe passed	http://www.westbluffrealty.com/		http://www.westbluffrealty.com/contact								Permissive	Qualification	https://explore.overturemaps.org/#id=7a1ef0a1-a819-43e4-9ef6-d05f1a271f8b	Public Overture website; no usable Overture email. First-party public contact crawl required; no inference.				overture:7a1ef0a1-a819-43e4-9ef6-d05f1a271f8b	westbluffrealty.com	3107384779	westbluff realty and silicon beach property management	Los Angeles	USA	PERMISSIVE	domain:westbluffrealty.com
	A	91	Santa Clarita	USA	Verified Property Management		property_management	22777 Lyons Ave	+16612541776								overture:747804f7-f413-4911-8051-18a32e224e43	2026-08-15T14:05:02.091731Z		Canonical queue drain | fit A | GitHub MASTER dedupe passed	https://verifiedpm.com/		https://verifiedpm.com/about/								Permissive	Qualification	https://explore.overturemaps.org/#id=747804f7-f413-4911-8051-18a32e224e43	Public Overture website; no usable Overture email. First-party public contact crawl required; no inference.				overture:747804f7-f413-4911-8051-18a32e224e43	verifiedpm.com	16612541776	verified property management	Santa Clarita	USA	PERMISSIVE	domain:verifiedpm.com
	A	91	Lemnos	Greece	Varos Village Boutique Hotel		resort	Varos	2254031728								overture:4dbfd269-565f-4231-aec5-b2120daa9d09	2026-08-15T14:05:02.091731Z		Canonical queue drain | fit A | GitHub MASTER dedupe passed	http://www.varosvillage.com/		http://www.varosvillage.com/contact								Permissive	Qualification	https://explore.overturemaps.org/#id=4dbfd269-565f-4231-aec5-b2120daa9d09	Public Overture website; no usable Overture email. First-party public contact crawl required; no inference.				overture:4dbfd269-565f-4231-aec5-b2120daa9d09	varosvillage.com	2254031728	varos village boutique hotel	Lemnos	Greece	PERMISSIVE	domain:varosvillage.com
	A	91	Sorrento	Italy	Grimaldi Guest Apartment		hotel	Via Santa Lucia, 12	+393384288881								overture:8cbf62e0-03bd-4607-868c-0d2a08df87d2	2026-08-15T14:05:02.091731Z		Canonical queue drain | fit A | GitHub MASTER dedupe passed	http://urly.it/3f3-_		https://urly.it/								High	Verified	https://explore.overturemaps.org/#id=8cbf62e0-03bd-4607-868c-0d2a08df87d2	Public Overture website; no usable Overture email. First-party public contact crawl required; no inference.				overture:8cbf62e0-03bd-4607-868c-0d2a08df87d2	urly.it	393384288881	grimaldi guest apartment	Sorrento	Italy	HIGH	domain:urly.it
	A	91	Варна	Bulgaria	Twins Palace ApartHotel		hotel	Fourty five	+35952983943								overture:b8231995-4866-4726-b441-bdbc6f795382	2026-08-15T14:05:02.091731Z		Canonical queue drain | fit A | GitHub MASTER dedupe passed	http://www.twinspalace.com/						http://www.twinspalace.com/ajax/addtohomescreen.css				Permissive	Qualification	https://explore.overturemaps.org/#id=b8231995-4866-4726-b441-bdbc6f795382	Public Overture website; no usable Overture email. First-party public contact crawl required; no inference.				overture:b8231995-4866-4726-b441-bdbc6f795382	twinspalace.com	35952983943	twins palace aparthotel	Варна	Bulgaria	PERMISSIVE	domain:twinspalace.com
	A	91	Simi Valley	USA	Tri-Counties Property Management		property_management	543 Country Club Drive b402	8055842688								overture:a842c17a-05e2-4ae0-ad37-e37daea4a989	2026-08-15T14:05:02.091731Z		Canonical queue drain | fit A | GitHub MASTER dedupe passed	http://tricountiespm.com/		https://www.tricountiespm.com/fine/real/estate/contact								Permissive	Qualification	https://explore.overturemaps.org/#id=a842c17a-05e2-4ae0-ad37-e37daea4a989	Public Overture website; no usable Overture email. First-party public contact crawl required; no inference.				overture:a842c17a-05e2-4ae0-ad37-e37daea4a989	tricountiespm.com	8055842688	tri counties property management	Simi Valley	USA	PERMISSIVE	domain:tricountiespm.com
	A	91	Manhattan Beach	USA	TMC Property Management		property_management	Manhattan Beach Blvd	+13105467777								overture:fdf1c747-57df-41da-8f80-436238f33f0b	2026-08-15T14:05:02.091731Z		Canonical queue drain | fit A | GitHub MASTER dedupe passed	http://www.tmcproperty.com/						https://www.tmcproperty.com/rentals				Permissive	Qualification	https://explore.overturemaps.org/#id=fdf1c747-57df-41da-8f80-436238f33f0b	Public Overture website; no usable Overture email. First-party public contact crawl required; no inference.				overture:fdf1c747-57df-41da-8f80-436238f33f0b	tmcproperty.com	13105467777	tmc property management	Manhattan Beach	USA	PERMISSIVE	domain:tmcproperty.com
	A	91	Tehachapi	USA	Advanced Property Management		real_estate_agent	20693 CA-202	(661) 823-5400								overture:b8d33ecf-b1a4-433d-b9a8-be9951b9d40d	2026-08-15T14:05:02.091731Z		Canonical queue drain | fit A | GitHub MASTER dedupe passed	https://www.tehachapiforrent.com			https://www.instagram.com/screm_inc/							Permissive	Qualification	https://explore.overturemaps.org/#id=b8d33ecf-b1a4-433d-b9a8-be9951b9d40d; https://screm.com/tehachapi-valley-management-services/	Public Overture website; no usable Overture email. First-party public contact crawl required; no inference.				overture:b8d33ecf-b1a4-433d-b9a8-be9951b9d40d	tehachapiforrent.com	6618235400	advanced property management	Tehachapi	USA	PERMISSIVE	domain:tehachapiforrent.com
	A	91	Wautoma	USA	Detjens Deluxe Vacation Rentals		hotel	W6433 Buttercup Ave	+19207873925								overture:70896ccf-38db-4703-98de-2819df44db5e	2026-08-15T14:05:02.091731Z		Canonical queue drain | fit A | GitHub MASTER dedupe passed	http://www.stayatddvr.com		https://www.stayatddvr.com/contact								Permissive	Qualification	https://explore.overturemaps.org/#id=70896ccf-38db-4703-98de-2819df44db5e	Public Overture website; no usable Overture email. First-party public contact crawl required; no inference.				overture:70896ccf-38db-4703-98de-2819df44db5e	stayatddvr.com	19207873925	detjens deluxe vacation rentals	Wautoma	USA	PERMISSIVE	domain:stayatddvr.com
	A	91	Lahaina	USA	Westin Ka'anapali Ocean Resort Villas North		resort	170 Kai Ala Dr	(808) 667-3200								overture:a706328b-07f4-45a5-a419-96b9552855d1	2026-08-15T14:05:02.091731Z		Canonical queue drain | fit A | GitHub MASTER dedupe passed	http://www.starwoodvacationnetwork.com/villa-collection/the-westin-kaanapali-ocean-resort-villas-north/overview/overview			https://www.instagram.com/themarriottvacationclubs/							High	Verified	https://explore.overturemaps.org/#id=a706328b-07f4-45a5-a419-96b9552855d1; https://www.marriottvacationclubs.com/	Public Overture website; no usable Overture email. First-party public contact crawl required; no inference.				overture:a706328b-07f4-45a5-a419-96b9552855d1	starwoodvacationnetwork.com	8086673200	westin ka anapali ocean resort villas north	Lahaina	USA	HIGH	domain:starwoodvacationnetwork.com
	A	91	Petrovac	Montenegro	Holiday Home Marija		holiday_rental_home	Brda bb	+38267668048								overture:4ff79a5c-4b2e-458b-847e-04010594b20d	2026-08-15T14:05:02.091731Z		Canonical queue drain | fit A | GitHub MASTER dedupe passed	https://www.stannadan.me/me/offerrooms/497/MARIA--1571948/			https://www.instagram.com/envato/							Permissive	Qualification	https://explore.overturemaps.org/#id=4ff79a5c-4b2e-458b-847e-04010594b20d; https://www.bonnas.se/	Public Overture website; no usable Overture email. First-party public contact crawl required; no inference.				overture:4ff79a5c-4b2e-458b-847e-04010594b20d	stannadan.me	38267668048	holiday home marija	Petrovac	Montenegro	PERMISSIVE	domain:stannadan.me
	A	91	Westlake Village	USA	Vibe Property Management		property_management	31320 Via Colinas	+18059792540								overture:d6db17a4-0ad2-48f0-a2e8-af9485765b6d	2026-08-15T14:05:02.091731Z		Canonical queue drain | fit A | GitHub MASTER dedupe passed	http://SGAssociatesPM.com/			https://www.instagram.com/vibemanagementpm/							Medium	Recall-first	https://explore.overturemaps.org/#id=d6db17a4-0ad2-48f0-a2e8-af9485765b6d; https://vibemanagementpm.com	Public Overture website; no usable Overture email. First-party public contact crawl required; no inference.				overture:d6db17a4-0ad2-48f0-a2e8-af9485765b6d	sgassociatespm.com	18059792540	vibe property management	Westlake Village	USA	MEDIUM	domain:sgassociatespm.com
	A	91	Carson	USA	Seascape Rentals Property Management		property_management	330 W Gardena Blvd	+13105405140								overture:f533d0ad-d641-4692-8b1f-aef8213a5de4	2026-08-15T14:05:02.091731Z		Canonical queue drain | fit A | GitHub MASTER dedupe passed	http://seascape-rentals.com/		http://seascape-rentals.com/contact								Permissive	Qualification	https://explore.overturemaps.org/#id=f533d0ad-d641-4692-8b1f-aef8213a5de4	Public Overture website; no usable Overture email. First-party public contact crawl required; no inference.				overture:f533d0ad-d641-4692-8b1f-aef8213a5de4	seascape-rentals.com	13105405140	seascape rentals property management	Carson	USA	PERMISSIVE	domain:seascape-rentals.com
	A	91	Santa Barbara	USA	Santa Barbara Property Management		property_management	219 W Carrillo St	+18057068008								overture:820b661d-7b3f-4d0c-9947-efa0b31b3f8f	2026-08-15T14:05:02.091731Z		Canonical queue drain | fit A | GitHub MASTER dedupe passed	https://www.santabarbarapropertymanagement.com/		https://www.santabarbarapropertymanagement.com/about-us								Medium	Recall-first	https://explore.overturemaps.org/#id=820b661d-7b3f-4d0c-9947-efa0b31b3f8f	Public Overture website; no usable Overture email. First-party public contact crawl required; no inference.				overture:820b661d-7b3f-4d0c-9947-efa0b31b3f8f	santabarbarapropertymanagement.com	18057068008	santa barbara property management	Santa Barbara	USA	MEDIUM	domain:santabarbarapropertymanagement.com
	A	91	Sherman Oaks	USA	Real Property Management South San Fernando Valley		property_management	15130 Ventura Blvd, Ste 206	8189057306								overture:db25c3dc-5d30-46fc-8e7d-e4fccd774439	2026-08-15T14:05:02.091731Z		Canonical queue drain | fit A | GitHub MASTER dedupe passed	https://www.rpmsouthsfv.com/?cid=LSTL_RPM000223		https://www.rpmsouthsfv.com/about-us								Permissive	Qualification	https://explore.overturemaps.org/#id=db25c3dc-5d30-46fc-8e7d-e4fccd774439	Public Overture website; no usable Overture email. First-party public contact crawl required; no inference.				overture:db25c3dc-5d30-46fc-8e7d-e4fccd774439	rpmsouthsfv.com	8189057306	real property management south san fernando valley	Sherman Oaks	USA	PERMISSIVE	domain:rpmsouthsfv.com
	A	91	Cedar Rapids	USA	Reserve Property Management		real_estate_agent	725 1st Ave SW	+13193831340								overture:a5942ce4-4ece-423e-8eee-6f42caf40b43	2026-08-15T14:05:02.091731Z		Canonical queue drain | fit A | GitHub MASTER dedupe passed	http://reservepmiowa.com/		https://www.reservepmiowa.com/about-us								Medium	Recall-first	https://explore.overturemaps.org/#id=a5942ce4-4ece-423e-8eee-6f42caf40b43	Public Overture website; no usable Overture email. First-party public contact crawl required; no inference.				overture:a5942ce4-4ece-423e-8eee-6f42caf40b43	reservepmiowa.com	13193831340	reserve property management	Cedar Rapids	USA	MEDIUM	domain:reservepmiowa.com
	A	91	Costa Mesa	USA	Arnel & Affiliates		property_management	949 S Coast Dr	+17144815100								overture:c63539f8-30b6-4d96-8f79-5f218762e677	2026-08-15T14:05:02.091731Z		Canonical queue drain | fit A | GitHub MASTER dedupe passed	http://www.rentarnel.com/		https://www.rentarnel.com/contactus								Permissive	Qualification	https://explore.overturemaps.org/#id=c63539f8-30b6-4d96-8f79-5f218762e677	Public Overture website; no usable Overture email. First-party public contact crawl required; no inference.				overture:c63539f8-30b6-4d96-8f79-5f218762e677	rentarnel.com	17144815100	arnel affiliates	Costa Mesa	USA	PERMISSIVE	domain:rentarnel.com
	A	91	Glendale	USA	Reliance Property Management		property_management	401 N Brand Blvd	+18183343040								overture:87b3171f-8604-40e2-8981-105e08f6a7b8	2026-08-15T14:05:02.091731Z		Canonical queue drain | fit A | GitHub MASTER dedupe passed	http://www.relianceinc.us/		https://relianceinc.us/about-us/								Permissive	Qualification	https://explore.overturemaps.org/#id=87b3171f-8604-40e2-8981-105e08f6a7b8	Public Overture website; no usable Overture email. First-party public contact crawl required; no inference.				overture:87b3171f-8604-40e2-8981-105e08f6a7b8	relianceinc.us	18183343040	reliance property management	Glendale	USA	PERMISSIVE	domain:relianceinc.us
	A	91	Davenport	USA	MillTown Realty Property Management		property_management	2310 Jersey Ridge Rd	+15638881517								overture:88fb5d48-7aa0-40a8-99a4-1f1b56cdbcc7	2026-08-15T14:05:02.091731Z		Canonical queue drain | fit A | GitHub MASTER dedupe passed	http://qchomerentals.com/		https://www.qchomerentals.com/about-us								Medium	Recall-first	https://explore.overturemaps.org/#id=88fb5d48-7aa0-40a8-99a4-1f1b56cdbcc7	Public Overture website; no usable Overture email. First-party public contact crawl required; no inference.				overture:88fb5d48-7aa0-40a8-99a4-1f1b56cdbcc7	qchomerentals.com	15638881517	milltown realty property management	Davenport	USA	MEDIUM	domain:qchomerentals.com
	A	91	Redondo Beach	USA	Riviera Property Management		property_management	2308 Artesia Blvd	+13109376388								overture:a33ef353-8081-4ed6-89e4-676b2383a54c	2026-08-15T14:05:02.091731Z		Canonical queue drain | fit A | GitHub MASTER dedupe passed	http://propertymanagerredondobeach.com/			https://www.instagram.com/rivieramanagement/							High	Verified	https://explore.overturemaps.org/#id=a33ef353-8081-4ed6-89e4-676b2383a54c; https://www.rmrealtyservices.com/	Public Overture website; no usable Overture email. First-party public contact crawl required; no inference.				overture:a33ef353-8081-4ed6-89e4-676b2383a54c	propertymanagerredondobeach.com	13109376388	riviera property management	Redondo Beach	USA	HIGH	domain:propertymanagerredondobeach.com
	A	91	Playa Del Rey	USA	Matilla Group Property Management		apartment	225 Culver Blvd	3103069005								overture:37f00d11-81ee-454d-8181-1a8311268d84	2026-08-15T14:05:02.091731Z		Canonical queue drain | fit A | GitHub MASTER dedupe passed	http://www.propertymanagementinmarinadelreyca.com/		https://www.propertymanagementinmarinadelreyca.com/about/								Permissive	Qualification	https://explore.overturemaps.org/#id=37f00d11-81ee-454d-8181-1a8311268d84	Public Overture website; no usable Overture email. First-party public contact crawl required; no inference.				overture:37f00d11-81ee-454d-8181-1a8311268d84	propertymanagementinmarinadelreyca.com	3103069005	matilla group property management	Playa Del Rey	USA	PERMISSIVE	domain:propertymanagementinmarinadelreyca.com
	A	91	Los Angeles	USA	Property Management Group of Sherman Oaks		property_management	15021 Ventura Blvd	+18188692650								overture:62a7878b-4f04-4c71-a421-02014829d587	2026-08-15T14:05:02.091731Z		Canonical queue drain | fit A | GitHub MASTER dedupe passed	http://www.propertymanagementgroupshermanoaks.com/		https://www.propertymanagementgroupshermanoaks.com/about-us/								Medium	Recall-first	https://explore.overturemaps.org/#id=62a7878b-4f04-4c71-a421-02014829d587	Public Overture website; no usable Overture email. First-party public contact crawl required; no inference.				overture:62a7878b-4f04-4c71-a421-02014829d587	propertymanagementgroupshermanoaks.com	18188692650	property management group of sherman oaks	Los Angeles	USA	MEDIUM	domain:propertymanagementgroupshermanoaks.com
	A	91	Laguna Niguel	USA	Precise Property Management		property_management	28202 Cabot Rd Ste 300	9499511722								overture:6cc61f0a-b6a8-4ce8-8e2f-58890341e8cc	2026-08-15T14:05:02.091731Z		Canonical queue drain | fit A | GitHub MASTER dedupe passed	http://www.preciseprop.com/		http://www.preciseprop.com/contact								Permissive	Qualification	https://explore.overturemaps.org/#id=6cc61f0a-b6a8-4ce8-8e2f-58890341e8cc	Public Overture website; no usable Overture email. First-party public contact crawl required; no inference.				overture:6cc61f0a-b6a8-4ce8-8e2f-58890341e8cc	preciseprop.com	9499511722	precise property management	Laguna Niguel	USA	PERMISSIVE	domain:preciseprop.com
	A	91	Inglewood	USA	Professional Property Managers		property_management	1618 Centinela Ave	(323) 212-4119								overture:f2ae3b33-12b0-4edb-85eb-65299edb8e57	2026-08-15T14:05:02.091731Z		Canonical queue drain | fit A | GitHub MASTER dedupe passed	https://ppmiservices.net		https://ppmiservices.net/contact								Permissive	Qualification	https://explore.overturemaps.org/#id=f2ae3b33-12b0-4edb-85eb-65299edb8e57	Public Overture website; no usable Overture email. First-party public contact crawl required; no inference.				overture:f2ae3b33-12b0-4edb-85eb-65299edb8e57	ppmiservices.net	3232124119	professional property managers	Inglewood	USA	PERMISSIVE	domain:ppmiservices.net
	A	91	Waunakee	USA	Prairie Stone Property Management		property_management	102 N Holiday Dr	+16085761775								overture:a88e4f47-9f39-4a42-a678-be9fd7d2d79c	2026-08-15T14:05:02.091731Z		Canonical queue drain | fit A | GitHub MASTER dedupe passed	https://www.pleasanthillplace.com/		https://www.pleasanthillplace.com/contact-us								Permissive	Qualification	https://explore.overturemaps.org/#id=a88e4f47-9f39-4a42-a678-be9fd7d2d79c	Public Overture website; no usable Overture email. First-party public contact crawl required; no inference.				overture:a88e4f47-9f39-4a42-a678-be9fd7d2d79c	pleasanthillplace.com	16085761775	prairie stone property management	Waunakee	USA	PERMISSIVE	domain:pleasanthillplace.com
	A	91	Cedar Rapids	USA	Parkway Property Management, LLC		property_management	3998 Westdale Pkwy SW	+13197394041								overture:3f6b6648-8557-464b-87b8-21b2840648e4	2026-08-15T14:05:02.091731Z		Canonical queue drain | fit A | GitHub MASTER dedupe passed	http://www.parkwaywest.com/		https://parkwaywest.com/contact/								Permissive	Qualification	https://explore.overturemaps.org/#id=3f6b6648-8557-464b-87b8-21b2840648e4	Public Overture website; no usable Overture email. First-party public contact crawl required; no inference.				overture:3f6b6648-8557-464b-87b8-21b2840648e4	parkwaywest.com	13197394041	parkway property management llc	Cedar Rapids	USA	PERMISSIVE	domain:parkwaywest.com
	A	91	Kihei	USA	Our Maui Condos | Kihei & Wailea Vacation Rentals		vacation_rental_agent	10 Wailea Ekolu Pl	9709481701								overture:e2f2ea2c-b6e8-4b1d-85c7-d45ba15abc3d	2026-08-15T14:05:02.091731Z		Canonical queue drain | fit A | GitHub MASTER dedupe passed	https://www.ourmauicondos.net/			https://www.instagram.com/ourmauicondos/							High	Verified	https://explore.overturemaps.org/#id=e2f2ea2c-b6e8-4b1d-85c7-d45ba15abc3d; https://www.ourmauicondos.com/	Public Overture website; no usable Overture email. First-party public contact crawl required; no inference.				overture:e2f2ea2c-b6e8-4b1d-85c7-d45ba15abc3d	ourmauicondos.net	9709481701	our maui condos kihei wailea vacation rentals	Kihei	USA	HIGH	domain:ourmauicondos.net
	A	91	Newport Beach	USA	Orange Coast Property Management		property_management	4 Corporate Plaza Dr	+19498369535								overture:fdd1ffd9-0c5c-4a50-a5de-82218df2aaf4	2026-08-15T14:05:02.091731Z		Canonical queue drain | fit A | GitHub MASTER dedupe passed	http://www.orangecoastpropertymanagement.com/			https://www.instagram.com/firstteam/							Permissive	Qualification	https://explore.overturemaps.org/#id=fdd1ffd9-0c5c-4a50-a5de-82218df2aaf4; https://firstteam.com/property-management	Public Overture website; no usable Overture email. First-party public contact crawl required; no inference.				overture:fdd1ffd9-0c5c-4a50-a5de-82218df2aaf4	orangecoastpropertymanagement.com	19498369535	orange coast property management	Newport Beach	USA	PERMISSIVE	domain:orangecoastpropertymanagement.com
	A	91	Oia Santorini	Greece	Oia Sunset Villas & Swinging Sunset villa, Santorini		resort	Oia	2286071876								overture:57d2e04e-78a8-400a-9a4e-9d25770ef0d9	2026-08-15T14:05:02.091731Z		Canonical queue drain | fit A | GitHub MASTER dedupe passed	http://www.oiasunsetvillas.com/		http://www.oiasunsetvillas.com/contact								Permissive	Qualification	https://explore.overturemaps.org/#id=57d2e04e-78a8-400a-9a4e-9d25770ef0d9	Public Overture website; no usable Overture email. First-party public contact crawl required; no inference.				overture:57d2e04e-78a8-400a-9a4e-9d25770ef0d9	oiasunsetvillas.com	2286071876	oia sunset villas swinging sunset villa santorini	Oia Santorini	Greece	PERMISSIVE	domain:oiasunsetvillas.com
	A	91	Vir	Croatia	Number One Apartment		hotel	Put Bunara 21	+385994563479								overture:6bed2494-78ba-47a9-b10c-161cc19e214c	2026-08-15T14:05:02.091731Z		Canonical queue drain | fit A | GitHub MASTER dedupe passed	http://www.numberone-vir.com/		https://numberone-vir.com/wp-content/plugins/contact-form-7/includes/css/styles.css?ver=5.9.5								High	Verified	https://explore.overturemaps.org/#id=6bed2494-78ba-47a9-b10c-161cc19e214c	Public Overture website; no usable Overture email. First-party public contact crawl required; no inference.				overture:6bed2494-78ba-47a9-b10c-161cc19e214c	numberone-vir.com	385994563479	number one apartment	Vir	Croatia	HIGH	domain:numberone-vir.com
	A	91	Los Angeles	USA	CALI Property Management		property_management	2707 W Avenue 30	+13238633268								overture:fa46b659-eb1d-4e86-8709-70314f238de2	2026-08-15T14:05:02.091731Z		Canonical queue drain | fit A | GitHub MASTER dedupe passed	http://www.njproperty.com/	sales@njproperty.com									Permissive	Qualification	https://explore.overturemaps.org/#id=fa46b659-eb1d-4e86-8709-70314f238de2; http://www.njproperty.com/	Public Overture website; no usable Overture email. First-party public contact crawl required; no inference. Public business email recovered from first-party website; no inference.				overture:fa46b659-eb1d-4e86-8709-70314f238de2	njproperty.com	13238633268	cali property management	Los Angeles	USA	PERMISSIVE	domain:njproperty.com
	A	91	Glendale	USA	MyAgentAlain - Real Estate Sales & Property Management		real_estate_agent	343 W Cypress St	+18188390443								overture:3bdf3b24-5b15-40fa-b4c8-bca6fffe0e4a	2026-08-15T14:05:02.091731Z		Canonical queue drain | fit A | GitHub MASTER dedupe passed	http://www.MyAgentAlain.com/		https://www.myagentalain.com/contact								Permissive	Qualification	https://explore.overturemaps.org/#id=3bdf3b24-5b15-40fa-b4c8-bca6fffe0e4a	Public Overture website; no usable Overture email. First-party public contact crawl required; no inference.				overture:3bdf3b24-5b15-40fa-b4c8-bca6fffe0e4a	myagentalain.com	18188390443	myagentalain real estate sales property management	Glendale	USA	PERMISSIVE	domain:myagentalain.com
	A	91	Northridge	USA	Modern Property Management		property_management	10551 Melvin Ave	(800) 886-0501								overture:0d722c76-ab7c-4f24-abfa-bdaee98125ef	2026-08-15T14:05:02.091731Z		Canonical queue drain | fit A | GitHub MASTER dedupe passed	http://www.modernpropertymtg.com	sue@modernpropertymtg.com									Medium	Recall-first	https://explore.overturemaps.org/#id=0d722c76-ab7c-4f24-abfa-bdaee98125ef; https://www.modernpropertymtg.com/	Public Overture website; no usable Overture email. First-party public contact crawl required; no inference. Public business email recovered from first-party website; no inference.				overture:0d722c76-ab7c-4f24-abfa-bdaee98125ef	modernpropertymtg.com	8008860501	modern property management	Northridge	USA	MEDIUM	domain:modernpropertymtg.com
	A	91	Lahaina	USA	Maui Life Realty Maui Vacation Rentals		property_management	3350 Lower Honoapiilani Rd Ste 102	8082830940								overture:fbd230fc-d343-4716-9d83-8ff7897ac09a	2026-08-15T14:05:02.091731Z		Canonical queue drain | fit A | GitHub MASTER dedupe passed	https://mauiliferealty.com/			https://www.instagram.com/mauiliferealty/							High	Verified	https://explore.overturemaps.org/#id=fbd230fc-d343-4716-9d83-8ff7897ac09a; https://mauilifevacations.com/	Public Overture website; no usable Overture email. First-party public contact crawl required; no inference.				overture:fbd230fc-d343-4716-9d83-8ff7897ac09a	mauiliferealty.com	8082830940	maui life realty maui vacation rentals	Lahaina	USA	HIGH	domain:mauiliferealty.com
	A	91	Несебър	Bulgaria	Aparthotel Rutland Bay		holiday_rental_home	Aparthotel Rutland Bay	+359880410462								overture:5a8521e5-04dd-46a7-aaca-67b0c2d23ec7	2026-08-15T14:05:02.091731Z		Canonical queue drain | fit A | GitHub MASTER dedupe passed	http://rutlandbay.manifo.com/		http://rutlandbay.manifo.com/contact								Permissive	Qualification	https://explore.overturemaps.org/#id=5a8521e5-04dd-46a7-aaca-67b0c2d23ec7	Public Overture website; no usable Overture email. First-party public contact crawl required; no inference.				overture:5a8521e5-04dd-46a7-aaca-67b0c2d23ec7	manifo.com	359880410462	aparthotel rutland bay	Несебър	Bulgaria	PERMISSIVE	domain:manifo.com
	A	91	Lahaina	USA	Mahana Condo Rentals, Mahana Resort, Kaanapali, Maui		holiday_rental_home	110 Kaanapali Shores Pl	+18338088111								overture:b9d52486-eced-489f-9f3b-f93d3d459391	2026-08-15T14:05:02.091731Z		Canonical queue drain | fit A | GitHub MASTER dedupe passed	http://www.mahanacondovacations.com/		https://www.mahanacondovacations.com/contact-us.html								High	Verified	https://explore.overturemaps.org/#id=b9d52486-eced-489f-9f3b-f93d3d459391	Public Overture website; no usable Overture email. First-party public contact crawl required; no inference.				overture:b9d52486-eced-489f-9f3b-f93d3d459391	mahanacondovacations.com	18338088111	mahana condo rentals mahana resort kaanapali maui	Lahaina	USA	HIGH	domain:mahanacondovacations.com
	A	91	San Michele Salentino	Italy	La Casina - Salento Vacation Rental		restaurant	Via Ettore Tagliaferro 112	389 127 7437								overture:ffbabd7c-8cf2-424f-b143-acb367ac76db	2026-08-15T14:05:02.091731Z		Canonical queue drain | fit A | GitHub MASTER dedupe passed	http://www.lacasinadanetta.com			https://www.instagram.com/la.casina/							High	Verified	https://explore.overturemaps.org/#id=ffbabd7c-8cf2-424f-b143-acb367ac76db; https://www.lacasinadanetta.it/	Public Overture website; no usable Overture email. First-party public contact crawl required; no inference.				overture:ffbabd7c-8cf2-424f-b143-acb367ac76db	lacasinadanetta.com	3891277437	la casina salento vacation rental	San Michele Salentino	Italy	HIGH	domain:lacasinadanetta.com
	A	91	Los Angeles	USA	Thrifty Property Management		property_management	725 S Figueroa St	+12134893039								overture:49e0b5bf-ea85-4a0b-82e0-610066eb4e27	2026-08-15T14:05:02.091731Z		Canonical queue drain | fit A | GitHub MASTER dedupe passed	http://www.kristamicro.com/		http://www.kristamicro.com/contact								Permissive	Qualification	https://explore.overturemaps.org/#id=49e0b5bf-ea85-4a0b-82e0-610066eb4e27	Public Overture website; no usable Overture email. First-party public contact crawl required; no inference.				overture:49e0b5bf-ea85-4a0b-82e0-610066eb4e27	kristamicro.com	12134893039	thrifty property management	Los Angeles	USA	PERMISSIVE	domain:kristamicro.com
	A	91	Stewartstown	Ireland	Kingsmills Self Catering Cottages		hotel	62 Ballynargan Rd	028 8673 7106								overture:66ab3347-1cb4-499e-81a3-05b2d114c972	2026-08-15T14:05:02.091731Z		Canonical queue drain | fit A | GitHub MASTER dedupe passed	http://www.kingsmillscottages.com		http://www.kingsmillscottages.com/contact-us.html								Medium	Recall-first	https://explore.overturemaps.org/#id=66ab3347-1cb4-499e-81a3-05b2d114c972	Public Overture website; no usable Overture email. First-party public contact crawl required; no inference.				overture:66ab3347-1cb4-499e-81a3-05b2d114c972	kingsmillscottages.com	02886737106	kingsmills self catering cottages	Stewartstown	Ireland	MEDIUM	domain:kingsmillscottages.com
	A	91	Rockford	USA	Kingdom Realty & Property Management		property_management	5301 E State St	+18159859562								overture:829472fd-7a7c-4f4c-a235-4913373cdd11	2026-08-15T14:05:02.091731Z		Canonical queue drain | fit A | GitHub MASTER dedupe passed	http://www.kingdomrealty.us/		http://www.kingdomrealty.us/contact								Permissive	Qualification	https://explore.overturemaps.org/#id=829472fd-7a7c-4f4c-a235-4913373cdd11	Public Overture website; no usable Overture email. First-party public contact crawl required; no inference.				overture:829472fd-7a7c-4f4c-a235-4913373cdd11	kingdomrealty.us	18159859562	kingdom realty property management	Rockford	USA	PERMISSIVE	domain:kingdomrealty.us
	A	91	Los Angeles	USA	K & B Property Management		property_management	10433 National Blvd	+13105595138								overture:da49f8aa-4714-4e49-9f7e-20b678cd9848	2026-08-15T14:05:02.091731Z		Canonical queue drain | fit A | GitHub MASTER dedupe passed	https://kbrents.com/		https://kbrents.com/contact/								Permissive	Qualification	https://explore.overturemaps.org/#id=da49f8aa-4714-4e49-9f7e-20b678cd9848	Public Overture website; no usable Overture email. First-party public contact crawl required; no inference.				overture:da49f8aa-4714-4e49-9f7e-20b678cd9848	kbrents.com	13105595138	k b property management	Los Angeles	USA	PERMISSIVE	domain:kbrents.com
	A	91	Hawthorne	USA	JRealty Property Management		real_estate_agent	13234 Prairie Ave	(888) 868-6156								overture:2f11f884-ed1d-4f64-9166-c16e476ead27	2026-08-15T14:05:02.091731Z		Canonical queue drain | fit A | GitHub MASTER dedupe passed	https://www.jrealty.org		https://www.jrealty.org/about								Permissive	Qualification	https://explore.overturemaps.org/#id=2f11f884-ed1d-4f64-9166-c16e476ead27	Public Overture website; no usable Overture email. First-party public contact crawl required; no inference.				overture:2f11f884-ed1d-4f64-9166-c16e476ead27	jrealty.org	8888686156	jrealty property management	Hawthorne	USA	PERMISSIVE	domain:jrealty.org
	A	91	Iowa City	USA	Heritage Property Management		property_management	220 E Market St	+13193518404								overture:f5500e1e-2264-4c59-9dfd-35d567edac9f	2026-08-15T14:05:02.091731Z		Canonical queue drain | fit A | GitHub MASTER dedupe passed	http://www.heritagepropertymanagement.com/		http://www.heritagepropertymanagement.com/contact								Permissive	Qualification	https://explore.overturemaps.org/#id=f5500e1e-2264-4c59-9dfd-35d567edac9f	Public Overture website; no usable Overture email. First-party public contact crawl required; no inference.				overture:f5500e1e-2264-4c59-9dfd-35d567edac9f	heritagepropertymanagement.com	13193518404	heritage property management	Iowa City	USA	PERMISSIVE	domain:heritagepropertymanagement.com
	A	91	City of Industry	USA	Golden West Property Management		property_management	18558 Gale Ave Ste 258	6264640241								overture:f316b42c-c066-4104-8776-aba5bf2d6aea	2026-08-15T14:05:02.091731Z		Canonical queue drain | fit A | GitHub MASTER dedupe passed	https://goldenwestpm.com/						https://www.goldenwestpm.com/ourportfolio				Permissive	Qualification	https://explore.overturemaps.org/#id=f316b42c-c066-4104-8776-aba5bf2d6aea	Public Overture website; no usable Overture email. First-party public contact crawl required; no inference.				overture:f316b42c-c066-4104-8776-aba5bf2d6aea	goldenwestpm.com	6264640241	golden west property management	City of Industry	USA	PERMISSIVE	domain:goldenwestpm.com
	A	91	Upland	USA	Price Property Management		property_management	140 S Euclid Ave	+19099850539								overture:7a90dbcc-a915-40b8-acee-35d5ec5e6eb5	2026-08-15T14:05:02.091731Z		Canonical queue drain | fit A | GitHub MASTER dedupe passed	https://pricehomes.glide.page/		https://pricehomes.glide.page/contact								Permissive	Qualification	https://explore.overturemaps.org/#id=7a90dbcc-a915-40b8-acee-35d5ec5e6eb5	Public Overture website; no usable Overture email. First-party public contact crawl required; no inference.				overture:7a90dbcc-a915-40b8-acee-35d5ec5e6eb5	glide.page	19099850539	price property management	Upland	USA	PERMISSIVE	domain:glide.page
	A	91	Lake Forest	USA	Freedom Property Management		property_management	11 Orchard	+19495845712								overture:d2b4f027-8181-481e-b056-d2bd9456c149	2026-08-15T14:05:02.091731Z		Canonical queue drain | fit A | GitHub MASTER dedupe passed	http://www.freedompropertymanagement.net/				https://www.facebook.com/FreedomPropertyManagement/						Medium	Recall-first	https://explore.overturemaps.org/#id=d2b4f027-8181-481e-b056-d2bd9456c149; https://www.freedompropertymanagement.net/	Public Overture website; no usable Overture email. First-party public contact crawl required; no inference.				overture:d2b4f027-8181-481e-b056-d2bd9456c149	freedompropertymanagement.net	19495845712	freedom property management	Lake Forest	USA	MEDIUM	domain:freedompropertymanagement.net
	A	91	Tomislavgrad	Bosnia and Herzegovina	Forest Blidinje - Holiday home		holiday_rental_home	Svinjača Blidinje	+38763163715								overture:8cd6a768-a33a-4e1a-b1b3-783b220cd938	2026-08-15T14:05:02.091731Z		Canonical queue drain | fit A | GitHub MASTER dedupe passed	https://forest.ba/		https://forest.ba/contact								Permissive	Qualification	https://explore.overturemaps.org/#id=8cd6a768-a33a-4e1a-b1b3-783b220cd938	Public Overture website; no usable Overture email. First-party public contact crawl required; no inference.				overture:8cd6a768-a33a-4e1a-b1b3-783b220cd938	forest.ba	38763163715	forest blidinje holiday home	Tomislavgrad	Bosnia and Herzegovina	PERMISSIVE	domain:forest.ba
	A	91	Cedar Rapids	USA	EPIC Property Management		property_management	3343 Southgate Ct SW	+13199813242								overture:39110a07-1736-4078-b910-7471607c117a	2026-08-15T14:05:02.091731Z		Canonical queue drain | fit A | GitHub MASTER dedupe passed	http://Epicsourceiowa.com/		http://Epicsourceiowa.com/contact								Permissive	Qualification	https://explore.overturemaps.org/#id=39110a07-1736-4078-b910-7471607c117a	Public Overture website; no usable Overture email. First-party public contact crawl required; no inference.				overture:39110a07-1736-4078-b910-7471607c117a	epicsourceiowa.com	13199813242	epic property management	Cedar Rapids	USA	PERMISSIVE	domain:epicsourceiowa.com
	A	91	Enniskillen	Ireland	The Garden House Self Catering Cottage		guest_house	Lettermoney Rd, Ballinamallard	02890849833								overture:0b0c6482-8c3e-4766-b874-f81f246ff34e	2026-08-15T14:05:02.091731Z		Canonical queue drain | fit A | GitHub MASTER dedupe passed	http://www.enniskillenholidaycottage.co.uk/		http://www.enniskillenholidaycottage.co.uk/contact								Permissive	Qualification	https://explore.overturemaps.org/#id=0b0c6482-8c3e-4766-b874-f81f246ff34e	Public Overture website; no usable Overture email. First-party public contact crawl required; no inference.				overture:0b0c6482-8c3e-4766-b874-f81f246ff34e	enniskillenholidaycottage.co.uk	02890849833	the garden house self catering cottage	Enniskillen	Ireland	PERMISSIVE	domain:enniskillenholidaycottage.co.uk
	A	91	Kells	Ireland	Edenvale Holiday Cottages		cabin	128 Steeple Rd	07850 375365								overture:655aac14-b802-416e-acc1-7b3afa60ca0e	2026-08-15T14:05:02.091731Z		Canonical queue drain | fit A | GitHub MASTER dedupe passed	http://www.edenvaleholidaycottages.co.uk		http://www.edenvaleholidaycottages.co.uk/contact-edenvale.html								High	Verified	https://explore.overturemaps.org/#id=655aac14-b802-416e-acc1-7b3afa60ca0e	Public Overture website; no usable Overture email. First-party public contact crawl required; no inference.				overture:655aac14-b802-416e-acc1-7b3afa60ca0e	edenvaleholidaycottages.co.uk	07850375365	edenvale holiday cottages	Kells	Ireland	HIGH	domain:edenvaleholidaycottages.co.uk
	A	91	Torrance	USA	Crystal Property Management		property_management	2370 W Carson St	+13105331322								overture:dfdca097-5b6c-4af0-9d33-bb22f09f9702	2026-08-15T14:05:02.091731Z		Canonical queue drain | fit A | GitHub MASTER dedupe passed	http://www.crystalpropertymanagement.com		http://www.crystalpropertymanagement.com/contact								Permissive	Qualification	https://explore.overturemaps.org/#id=dfdca097-5b6c-4af0-9d33-bb22f09f9702	Public Overture website; no usable Overture email. First-party public contact crawl required; no inference.				overture:dfdca097-5b6c-4af0-9d33-bb22f09f9702	crystalpropertymanagement.com	13105331322	crystal property management	Torrance	USA	PERMISSIVE	domain:crystalpropertymanagement.com
	A	91	Simi Valley	USA	Cr Property Management Co.		property_management	4195 Valley Fair St Ste 105	(805) 527-7322								overture:9a80ca7c-6794-4a52-b85c-0bfe9d24baa6	2026-08-15T14:05:02.091731Z		Canonical queue drain | fit A | GitHub MASTER dedupe passed	http://www.crpropertymanagementcompany.com		http://www.crpropertymanagementcompany.com/contact								Permissive	Qualification	https://explore.overturemaps.org/#id=9a80ca7c-6794-4a52-b85c-0bfe9d24baa6	Public Overture website; no usable Overture email. First-party public contact crawl required; no inference.				overture:9a80ca7c-6794-4a52-b85c-0bfe9d24baa6	crpropertymanagementcompany.com	8055277322	cr property management co	Simi Valley	USA	PERMISSIVE	domain:crpropertymanagementcompany.com
	A	91	Los Angeles, CA	USA	Conrad Property Management		property_management	16055 Ventura Blvd	3102288369								overture:3a01b894-08a2-4025-b8e6-3ecfa7cd4b7d	2026-08-15T14:05:02.091731Z		Canonical queue drain | fit A | GitHub MASTER dedupe passed	http://conradpropertymanagement.com/		https://conradpropertymanagement.com/contact/								Permissive	Qualification	https://explore.overturemaps.org/#id=3a01b894-08a2-4025-b8e6-3ecfa7cd4b7d	Public Overture website; no usable Overture email. First-party public contact crawl required; no inference.				overture:3a01b894-08a2-4025-b8e6-3ecfa7cd4b7d	conradpropertymanagement.com	3102288369	conrad property management	Los Angeles, CA	USA	PERMISSIVE	domain:conradpropertymanagement.com
	A	91	Janesville	USA	Wisconsin Property Managers		property_management	12 S Pontiac Dr	+16085541490								overture:61a33665-1356-41f3-9f98-6939d54c6fc0	2026-08-15T14:05:02.091731Z		Canonical queue drain | fit A | GitHub MASTER dedupe passed	https://www.canva.com/design/DAG_piG6O5I/rpstq4zrALjk9S9p8B5iJQ/view?utm_content=DAG_piG6O5I&utm_campaign=designshare&utm_medium=link2&utm_source=uniquelinks&utlId=hb82ab806b7		https://www.canva.com/about/								Permissive	Qualification	https://explore.overturemaps.org/#id=61a33665-1356-41f3-9f98-6939d54c6fc0	Public Overture website; no usable Overture email. First-party public contact crawl required; no inference.				overture:61a33665-1356-41f3-9f98-6939d54c6fc0	canva.com	16085541490	wisconsin property managers	Janesville	USA	PERMISSIVE	domain:canva.com
	A	91	Ballyclare	Ireland	Brackenwood Property Management Services		property_management	12 Mill Rd	028 9332 4178								overture:632f5d2d-ff6e-460f-8459-3a07fe022e0c	2026-08-15T14:05:02.091731Z		Canonical queue drain | fit A | GitHub MASTER dedupe passed	http://www.brackenwoodproperty.co.uk				https://www.facebook.com/wix/						Permissive	Qualification	https://explore.overturemaps.org/#id=632f5d2d-ff6e-460f-8459-3a07fe022e0c; https://www.brackenwoodproperty.co.uk/	Public Overture website; no usable Overture email. First-party public contact crawl required; no inference.				overture:632f5d2d-ff6e-460f-8459-3a07fe022e0c	brackenwoodproperty.co.uk	02893324178	brackenwood property management services	Ballyclare	Ireland	PERMISSIVE	domain:brackenwoodproperty.co.uk
	A	91	Madison	USA	Bethany Baty Property Management		property_management	Dane County Job Center, 1819 Aberg Ave	+16084595294								overture:2633956b-4d8f-419b-8825-8f75621596fc	2026-08-15T14:05:02.091731Z		Canonical queue drain | fit A | GitHub MASTER dedupe passed	http://BethanyBatyReal.com/		http://BethanyBatyReal.com/contact								Permissive	Qualification	https://explore.overturemaps.org/#id=2633956b-4d8f-419b-8825-8f75621596fc	Public Overture website; no usable Overture email. First-party public contact crawl required; no inference.				overture:2633956b-4d8f-419b-8825-8f75621596fc	bethanybatyreal.com	16084595294	bethany baty property management	Madison	USA	PERMISSIVE	domain:bethanybatyreal.com
	A	91	Los Angeles	USA	Bell Property Management		property_management	21550 Oxnard St	+18187041879								overture:8b2204a6-1541-4a94-a5a4-5af5922fcf4b	2026-08-15T14:05:02.091731Z		Canonical queue drain | fit A | GitHub MASTER dedupe passed	http://www.bell-prop.com/		https://bell-prop.com/contact/								Permissive	Qualification	https://explore.overturemaps.org/#id=8b2204a6-1541-4a94-a5a4-5af5922fcf4b	Public Overture website; no usable Overture email. First-party public contact crawl required; no inference.				overture:8b2204a6-1541-4a94-a5a4-5af5922fcf4b	bell-prop.com	18187041879	bell property management	Los Angeles	USA	PERMISSIVE	domain:bell-prop.com
	A	91	Bakersfield	USA	Bakersfield Property Management		real_estate_service	1656 Oak St	+16618611597								overture:836540e4-d3c7-47eb-a3f0-a734fb6bc0ec	2026-08-15T14:05:02.091731Z		Canonical queue drain | fit A | GitHub MASTER dedupe passed	http://www.bakersfieldpropertymanagement.net/		https://bakersfieldpropertymanagement.net/contact								Permissive	Qualification	https://explore.overturemaps.org/#id=836540e4-d3c7-47eb-a3f0-a734fb6bc0ec	Public Overture website; no usable Overture email. First-party public contact crawl required; no inference.				overture:836540e4-d3c7-47eb-a3f0-a734fb6bc0ec	bakersfieldpropertymanagement.net	16618611597	bakersfield property management	Bakersfield	USA	PERMISSIVE	domain:bakersfieldpropertymanagement.net
	A	91	Calabasas	USA	AVR Property Management		property_management	4500 Park Granada Ste 202	8182220190								overture:7373dc8c-3496-46b9-bcd4-d947ff123e75	2026-08-15T14:05:02.091731Z		Canonical queue drain | fit A | GitHub MASTER dedupe passed	http://www.avrpropertymanagement.com/		http://www.avrpropertymanagement.com/contact								Permissive	Qualification	https://explore.overturemaps.org/#id=7373dc8c-3496-46b9-bcd4-d947ff123e75	Public Overture website; no usable Overture email. First-party public contact crawl required; no inference.				overture:7373dc8c-3496-46b9-bcd4-d947ff123e75	avrpropertymanagement.com	8182220190	avr property management	Calabasas	USA	PERMISSIVE	domain:avrpropertymanagement.com
	A	91	Bakersfield	USA	At Home Property Management		property_management	1400 Chester Ave	+16613261190								overture:f037c041-4a56-45b2-a236-01fbf600ac7b	2026-08-15T14:05:02.091731Z		Canonical queue drain | fit A | GitHub MASTER dedupe passed	http://www.athomepropertymanagement.com/		https://www.athomepropertymanagement.com/about-us								Permissive	Qualification	https://explore.overturemaps.org/#id=f037c041-4a56-45b2-a236-01fbf600ac7b	Public Overture website; no usable Overture email. First-party public contact crawl required; no inference.				overture:f037c041-4a56-45b2-a236-01fbf600ac7b	athomepropertymanagement.com	16613261190	at home property management	Bakersfield	USA	PERMISSIVE	domain:athomepropertymanagement.com
	A	91	Bukowina Tatrzańska	Poland	Aparthotel Tatrzanski SPA		hotel	ulica Kaniówka 31C	+48880108057								overture:dc4c461e-c418-4c51-ac07-c60454f23aac	2026-08-15T14:05:02.091731Z		Canonical queue drain | fit A | GitHub MASTER dedupe passed	https://aparthotel-tatrzanski.pl/	kontakt@aparthotel-tatrzanski.pl									High	Verified	https://explore.overturemaps.org/#id=dc4c461e-c418-4c51-ac07-c60454f23aac; https://aparthotel-tatrzanski.pl/	Public Overture website; no usable Overture email. First-party public contact crawl required; no inference. Public business email recovered from first-party website; no inference.				overture:dc4c461e-c418-4c51-ac07-c60454f23aac	aparthotel-tatrzanski.pl	48880108057	aparthotel tatrzanski spa	Bukowina Tatrzańska	Poland	HIGH	domain:aparthotel-tatrzanski.pl
	A	91	Travnik	Bosnia and Herzegovina	Aparthotel Amna		hotel	Babanovac Bosnia And Herzegovina	+38762110250								overture:c3d5d7b7-8a85-4ad2-8a22-0679c39443b0	2026-08-15T14:05:02.091731Z		Canonical queue drain | fit A | GitHub MASTER dedupe passed	http://www.amna-vlasic.com/		https://www.amna-vlasic.com/contact/								Permissive	Qualification	https://explore.overturemaps.org/#id=c3d5d7b7-8a85-4ad2-8a22-0679c39443b0	Public Overture website; no usable Overture email. First-party public contact crawl required; no inference.				overture:c3d5d7b7-8a85-4ad2-8a22-0679c39443b0	amna-vlasic.com	38762110250	aparthotel amna	Travnik	Bosnia and Herzegovina	PERMISSIVE	domain:amna-vlasic.com
	A	91	Tustin	USA	AK Property Management		property_management	17802 Irvine Blvd	+17143893800								overture:abad8142-5829-46f9-b278-cd123aa4105a	2026-08-15T14:05:02.091731Z		Canonical queue drain | fit A | GitHub MASTER dedupe passed	https://www.akproperties.net		https://www.akproperties.net/about-us								Permissive	Qualification	https://explore.overturemaps.org/#id=abad8142-5829-46f9-b278-cd123aa4105a	Public Overture website; no usable Overture email. First-party public contact crawl required; no inference.				overture:abad8142-5829-46f9-b278-cd123aa4105a	akproperties.net	17143893800	ak property management	Tustin	USA	PERMISSIVE	domain:akproperties.net
	A	91	Созопол	Bulgaria	Agora Property Management		property_management	Улица София 18	+359889920209								overture:c6dadc4c-270a-4166-9b8f-1a32bfc926a3	2026-08-15T14:05:02.091731Z		Canonical queue drain | fit A | GitHub MASTER dedupe passed	http://www.agorapm.bg/				https://www.facebook.com/agorapm/						Permissive	Qualification	https://explore.overturemaps.org/#id=c6dadc4c-270a-4166-9b8f-1a32bfc926a3; https://agorapm.bg/	Public Overture website; no usable Overture email. First-party public contact crawl required; no inference.				overture:c6dadc4c-270a-4166-9b8f-1a32bfc926a3	agorapm.bg	359889920209	agora property management	Созопол	Bulgaria	PERMISSIVE	domain:agorapm.bg
	A	91	Huntington Beach	USA	A-Creative Property Management		property_management	16152 Beach Blvd	+17148428080								overture:0e9cad17-0159-4a08-acea-b2436d30748c	2026-08-15T14:05:02.091731Z		Canonical queue drain | fit A | GitHub MASTER dedupe passed	http://www.acpm1.com/		https://www.acpm1.com/about-us/								Permissive	Qualification	https://explore.overturemaps.org/#id=0e9cad17-0159-4a08-acea-b2436d30748c	Public Overture website; no usable Overture email. First-party public contact crawl required; no inference.				overture:0e9cad17-0159-4a08-acea-b2436d30748c	acpm1.com	17148428080	a creative property management	Huntington Beach	USA	PERMISSIVE	domain:acpm1.com
	A	91	Atascadero	USA	Academe Real Estate and Property Management		property_management	6575 Morro Rd	8054610888								overture:dafcd097-a26c-4c5a-a7bc-088cd18f437d	2026-08-15T14:05:02.091731Z		Canonical queue drain | fit A | GitHub MASTER dedupe passed	http://www.academerealestate.com/		https://www.academerealestate.com/contact-us								Permissive	Qualification	https://explore.overturemaps.org/#id=dafcd097-a26c-4c5a-a7bc-088cd18f437d	Public Overture website; no usable Overture email. First-party public contact crawl required; no inference.				overture:dafcd097-a26c-4c5a-a7bc-088cd18f437d	academerealestate.com	8054610888	academe real estate and property management	Atascadero	USA	PERMISSIVE	domain:academerealestate.com
	A	91	Honolulu	USA	Paradise Vacation Rental Services, Inc.		real_estate_agent	201 Ohua Ave	+18082225128								overture:5f8174fb-7d6d-4e77-b06e-7a59dd6601df	2026-08-15T13:58:45.147161Z		Canonical queue drain | fit A | GitHub MASTER dedupe passed	http://Paradisevacationshi.com/		http://Paradisevacationshi.com/contact								Permissive	Qualification	https://explore.overturemaps.org/#id=5f8174fb-7d6d-4e77-b06e-7a59dd6601df	Public Overture website; no usable Overture email. First-party public contact crawl required; no inference.				overture:5f8174fb-7d6d-4e77-b06e-7a59dd6601df	paradisevacationshi.com	18082225128	paradise vacation rental services inc	Honolulu	USA	PERMISSIVE	domain:paradisevacationshi.com
	A	91	Honolulu	USA	Luxury Rentals Oahu, Inc.		property_management	1441 Kapiolani Blvd Ste 1115	8086643317								overture:141e2c0f-ecb8-4d4d-811d-888d544c7e4a	2026-08-15T13:58:45.147161Z		Canonical queue drain | fit A | GitHub MASTER dedupe passed	https://www.luxuryrentalsoahu.com/		https://www.luxuryrentalsoahu.com/contact								Permissive	Qualification	https://explore.overturemaps.org/#id=141e2c0f-ecb8-4d4d-811d-888d544c7e4a	Public Overture website; no usable Overture email. First-party public contact crawl required; no inference.				overture:141e2c0f-ecb8-4d4d-811d-888d544c7e4a	luxuryrentalsoahu.com	8086643317	luxury rentals oahu inc	Honolulu	USA	PERMISSIVE	domain:luxuryrentalsoahu.com
	A	91	Kapolei	USA	Ko Olina Villa Rentals		hotel	92-1000 Koio Dr	(415) 484-8378								overture:dafd82f6-041b-4c59-befa-9c688f8cac30	2026-08-15T13:58:45.147161Z		Canonical queue drain | fit A | GitHub MASTER dedupe passed	http://www.koolinavillarentals.com		http://www.koolinavillarentals.com/contact								Permissive	Qualification	https://explore.overturemaps.org/#id=dafd82f6-041b-4c59-befa-9c688f8cac30	Public Overture website; no usable Overture email. First-party public contact crawl required; no inference.				overture:dafd82f6-041b-4c59-befa-9c688f8cac30	koolinavillarentals.com	4154848378	ko olina villa rentals	Kapolei	USA	PERMISSIVE	domain:koolinavillarentals.com
	A	91	Princeville	USA	Ahh! Aloha Kauai Vacation Rentals		hotel	4126 Liholiho Rd	+18002159880								overture:1d92e694-5393-4e0e-91b3-79b546c08f22	2026-08-15T13:58:45.147161Z		Canonical queue drain | fit A | GitHub MASTER dedupe passed	https://www.kauai-vacations-ahh.com/			https://www.instagram.com/arrivedrentals/							Permissive	Qualification	https://explore.overturemaps.org/#id=1d92e694-5393-4e0e-91b3-79b546c08f22; https://arrivednow.com/	Public Overture website; no usable Overture email. First-party public contact crawl required; no inference.				overture:1d92e694-5393-4e0e-91b3-79b546c08f22	kauai-vacations-ahh.com	18002159880	ahh aloha kauai vacation rentals	Princeville	USA	PERMISSIVE	domain:kauai-vacations-ahh.com
	A	91	Honolulu	USA	Jonny Beez Honolulu Maintenance & Vacation Rental Services		handyman	8th Ave, 758 Kapahulu Ave Ste 100	8086331046								overture:7005132f-05ab-4e3a-8db3-f6426fe58a1e	2026-08-15T13:58:45.147161Z		Canonical queue drain | fit A | GitHub MASTER dedupe passed	http://www.jonnybeez.com/	jonnybeezhonolulu@gmail.com									High	Verified	https://explore.overturemaps.org/#id=7005132f-05ab-4e3a-8db3-f6426fe58a1e; https://www.jonnybeez.com/	Public Overture website; no usable Overture email. First-party public contact crawl required; no inference. Public business email recovered from first-party website; no inference.				overture:7005132f-05ab-4e3a-8db3-f6426fe58a1e	jonnybeez.com	8086331046	jonny beez honolulu maintenance vacation rental services	Honolulu	USA	HIGH	domain:jonnybeez.com
	A	91	Honolulu	USA	HappyDoors Property Management		property_management	1253 S Beretania St Ste 233	8088004152								overture:a41ae312-8875-4889-8e68-0bc5c79946c2	2026-08-15T13:58:45.147161Z		Canonical queue drain | fit A | GitHub MASTER dedupe passed	http://www.happydoorspropertymanagement.com/		https://www.happydoorspropertymanagement.com/contact/								High	Verified	https://explore.overturemaps.org/#id=a41ae312-8875-4889-8e68-0bc5c79946c2	Public Overture website; no usable Overture email. First-party public contact crawl required; no inference.				overture:a41ae312-8875-4889-8e68-0bc5c79946c2	happydoorspropertymanagement.com	8088004152	happydoors property management	Honolulu	USA	HIGH	domain:happydoorspropertymanagement.com
	A	91	Breckenridge	USA	Season's Dreams Breckenridge Vacation Homes		vacation_rental_agent	PO Box 1118	9704533813								overture:25753ed7-4b27-45ab-b94d-e17485ff37fd	2026-08-15T13:57:19.273253Z		Canonical queue drain | fit A | GitHub MASTER dedupe passed	http://www.yourbreckrental.com/		http://www.yourbreckrental.com/contact								Permissive	Qualification	https://explore.overturemaps.org/#id=25753ed7-4b27-45ab-b94d-e17485ff37fd	Public Overture website; no usable Overture email. First-party public contact crawl required; no inference.				overture:25753ed7-4b27-45ab-b94d-e17485ff37fd	yourbreckrental.com	9704533813	season s dreams breckenridge vacation homes	Breckenridge	USA	PERMISSIVE	domain:yourbreckrental.com
	A	91	San Mateo	USA	Woodlake Anchor Property Management		property_management	520 Peninsula Ave	+16503751596								overture:440fad23-ef5c-463d-a4a0-07e85677cf87	2026-08-15T13:57:19.273253Z		Canonical queue drain | fit A | GitHub MASTER dedupe passed	http://www.woodlakeanchor.net/		https://www.woodlakeanchor.net/contact-us								Medium	Recall-first	https://explore.overturemaps.org/#id=440fad23-ef5c-463d-a4a0-07e85677cf87	Public Overture website; no usable Overture email. First-party public contact crawl required; no inference.				overture:440fad23-ef5c-463d-a4a0-07e85677cf87	woodlakeanchor.net	16503751596	woodlake anchor property management	San Mateo	USA	MEDIUM	domain:woodlakeanchor.net
	A	91	Bewdley	United Kingdom	Luxury Safari Lodges		resort	West Midland Safari Park	01299 402114								overture:8edc5b82-31f9-46f3-9660-84c495168cfc	2026-08-15T13:57:19.273253Z		Canonical queue drain | fit A | GitHub MASTER dedupe passed	https://www.wmsp.co.uk/lodges/			https://www.instagram.com/WestMidSafari/							High	Verified	https://explore.overturemaps.org/#id=8edc5b82-31f9-46f3-9660-84c495168cfc; https://www.safari-lodges.co.uk	Public Overture website; no usable Overture email. First-party public contact crawl required; no inference.				overture:8edc5b82-31f9-46f3-9660-84c495168cfc	wmsp.co.uk	01299402114	luxury safari lodges	Bewdley	United Kingdom	HIGH	domain:wmsp.co.uk
	A	91	Shrewsbury	United Kingdom	Wisteria Holiday Cottages		hotel	Ryton, Nr Dorrington	+447813786859								overture:659989a8-f4f8-4244-b93f-aed2c1e1dc56	2026-08-15T13:57:19.273253Z		Canonical queue drain | fit A | GitHub MASTER dedupe passed	http://www.wisteriacottages.co.uk/		http://www.wisteriacottages.co.uk/contact								Permissive	Qualification	https://explore.overturemaps.org/#id=659989a8-f4f8-4244-b93f-aed2c1e1dc56	Public Overture website; no usable Overture email. First-party public contact crawl required; no inference.				overture:659989a8-f4f8-4244-b93f-aed2c1e1dc56	wisteriacottages.co.uk	447813786859	wisteria holiday cottages	Shrewsbury	United Kingdom	PERMISSIVE	domain:wisteriacottages.co.uk
	A	91	Niton	United Kingdom	Wight Property Management		corporate_or_business_office	Vine Cottage	07930049463								overture:39f5ae6d-128a-43b7-b5d7-c1665a452e42	2026-08-15T13:57:19.273253Z		Canonical queue drain | fit A | GitHub MASTER dedupe passed	https://www.wightpropertymanagement.co.uk/	wightpropertym@gmail.com									High	Verified	https://explore.overturemaps.org/#id=39f5ae6d-128a-43b7-b5d7-c1665a452e42; https://www.wightpropertymanagement.co.uk/	Public Overture website; no usable Overture email. First-party public contact crawl required; no inference. Public business email recovered from first-party website; no inference.				overture:39f5ae6d-128a-43b7-b5d7-c1665a452e42	wightpropertymanagement.co.uk	07930049463	wight property management	Niton	United Kingdom	HIGH	domain:wightpropertymanagement.co.uk
	A	91	Axbridge	United Kingdom	Webbington Farm Holiday Cottages		motel	Barton Road, Webbington, Nr	01934750207								overture:06a770e3-6f0c-48b0-916d-8915dac5378b	2026-08-15T13:57:19.273253Z		Canonical queue drain | fit A | GitHub MASTER dedupe passed	http://www.webbingtonfarm.co.uk/			https://www.instagram.com/webbingtonfarmcottages/							High	Verified	https://explore.overturemaps.org/#id=06a770e3-6f0c-48b0-916d-8915dac5378b; https://webbingtonfarmholidaycottages.co.uk/	Public Overture website; no usable Overture email. First-party public contact crawl required; no inference.				overture:06a770e3-6f0c-48b0-916d-8915dac5378b	webbingtonfarm.co.uk	01934750207	webbington farm holiday cottages	Axbridge	United Kingdom	HIGH	domain:webbingtonfarm.co.uk
	A	91	Healdsburg	USA	WC Lodging Vacation Rentals		vacation_rental_agent	2095 Redwood Dr	7073046467								overture:e4027a30-c06b-4203-b2f6-4da4ad6d4ea3	2026-08-15T13:57:19.273253Z		Canonical queue drain | fit A | GitHub MASTER dedupe passed	https://wclodging.com/			https://www.instagram.com/wclodging/							High	Verified	https://explore.overturemaps.org/#id=e4027a30-c06b-4203-b2f6-4da4ad6d4ea3; https://www.liennacollective.com/	Public Overture website; no usable Overture email. First-party public contact crawl required; no inference.				overture:e4027a30-c06b-4203-b2f6-4da4ad6d4ea3	wclodging.com	7073046467	wc lodging vacation rentals	Healdsburg	USA	HIGH	domain:wclodging.com
	A	91	Castro Valley	USA	Walsh Property Management		property_management	6811 Villareal Dr	+15105811173								overture:06a43cbd-b3ab-48c9-916f-04727e9634d8	2026-08-15T13:57:19.273253Z		Canonical queue drain | fit A | GitHub MASTER dedupe passed	http://www.walshpm.com		http://www.walshpm.com/contact								Permissive	Qualification	https://explore.overturemaps.org/#id=06a43cbd-b3ab-48c9-916f-04727e9634d8	Public Overture website; no usable Overture email. First-party public contact crawl required; no inference.				overture:06a43cbd-b3ab-48c9-916f-04727e9634d8	walshpm.com	15105811173	walsh property management	Castro Valley	USA	PERMISSIVE	domain:walshpm.com
	A	91	Αθήνα	Greece	Vitruvius Property Management		property_management	Κανάρη 11	+306936846329								overture:769a5cd6-6866-4075-b3b9-b561292ea1a9	2026-08-15T13:57:19.273253Z		Canonical queue drain | fit A | GitHub MASTER dedupe passed	https://vitruvius-investments.com/			https://www.instagram.com/vitruviusdevelopment/							Permissive	Qualification	https://explore.overturemaps.org/#id=769a5cd6-6866-4075-b3b9-b561292ea1a9; https://www.vitruvius-development.com/	Public Overture website; no usable Overture email. First-party public contact crawl required; no inference.				overture:769a5cd6-6866-4075-b3b9-b561292ea1a9	vitruvius-investments.com	306936846329	vitruvius property management	Αθήνα	Greece	PERMISSIVE	domain:vitruvius-investments.com
	A	91	Twickenham	United Kingdom	Violet Property Management		property_management	73c High Street	+442036489328								overture:7a30a282-3719-42cf-b670-37b78a761d3b	2026-08-15T13:57:19.273253Z		Canonical queue drain | fit A | GitHub MASTER dedupe passed	http://www.violetproperty.com/		http://www.violetproperty.com/contact								Permissive	Qualification	https://explore.overturemaps.org/#id=7a30a282-3719-42cf-b670-37b78a761d3b	Public Overture website; no usable Overture email. First-party public contact crawl required; no inference.				overture:7a30a282-3719-42cf-b670-37b78a761d3b	violetproperty.com	442036489328	violet property management	Twickenham	United Kingdom	PERMISSIVE	domain:violetproperty.com
	A	91	Cary	USA	Oakcrest Property Management		real_estate_agent	1135 Kildaire Farm Rd Ste 200	(919) 228-4948								overture:037b02bf-7c3d-45f8-a417-27f283245c1f	2026-08-15T13:57:19.273253Z		Canonical queue drain | fit A | GitHub MASTER dedupe passed	https://victory.rentals/rental-rate-estimate		https://victory.rentals/contact								Permissive	Qualification	https://explore.overturemaps.org/#id=037b02bf-7c3d-45f8-a417-27f283245c1f	Public Overture website; no usable Overture email. First-party public contact crawl required; no inference.				overture:037b02bf-7c3d-45f8-a417-27f283245c1f	victory.rentals	9192284948	oakcrest property management	Cary	USA	PERMISSIVE	domain:victory.rentals
	A	91	Leadville	USA	Traverse Leadville - Modern Property Management		property_management	115 W 6th St Ste 100	7207592013								overture:10f912d2-0be6-4b1a-99f9-c995f30d30ed	2026-08-15T13:57:19.273253Z		Canonical queue drain | fit A | GitHub MASTER dedupe passed	https://traversehospitality.com/leadville-colorado-vacation-rentals/			https://www.instagram.com/booktraverse/							High	Verified	https://explore.overturemaps.org/#id=10f912d2-0be6-4b1a-99f9-c995f30d30ed; https://www.booktraverse.com/leadville	Public Overture website; no usable Overture email. First-party public contact crawl required; no inference.				overture:10f912d2-0be6-4b1a-99f9-c995f30d30ed	traversehospitality.com	7207592013	traverse leadville modern property management	Leadville	USA	HIGH	domain:traversehospitality.com
	A	91	Leigh On Sea	United Kingdom	Trailfrance Holiday Let		holiday_rental_home	69 Highlands Boulevard	07967955607								overture:cc8d1841-7a93-4e5e-9b04-236a4b0f14a2	2026-08-15T13:57:19.273253Z		Canonical queue drain | fit A | GitHub MASTER dedupe passed	http://www.trailfrance.com/		http://www.trailfrance.com/contact								Permissive	Qualification	https://explore.overturemaps.org/#id=cc8d1841-7a93-4e5e-9b04-236a4b0f14a2	Public Overture website; no usable Overture email. First-party public contact crawl required; no inference.				overture:cc8d1841-7a93-4e5e-9b04-236a4b0f14a2	trailfrance.com	07967955607	trailfrance holiday let	Leigh On Sea	United Kingdom	PERMISSIVE	domain:trailfrance.com
	A	91	Grays Thurrock	United Kingdom	Callahans Property Management Co		property_management	60 Orsett Rd	01375 384155								overture:2d623427-1fcc-4571-a66e-6343239ba123	2026-08-15T13:57:19.273253Z		Canonical queue drain | fit A | GitHub MASTER dedupe passed	http://www.thurrockindependent.com		https://thurrockindependent.com/about-thurrock/								Permissive	Qualification	https://explore.overturemaps.org/#id=2d623427-1fcc-4571-a66e-6343239ba123	Public Overture website; no usable Overture email. First-party public contact crawl required; no inference.				overture:2d623427-1fcc-4571-a66e-6343239ba123	thurrockindependent.com	01375384155	callahans property management co	Grays Thurrock	United Kingdom	PERMISSIVE	domain:thurrockindependent.com
	A	91	Eagle River	USA	Ojibwa Waters Vacation Rental Home		rv_park	3997 Ojibwa Dr	+18663086434								overture:9c5e9ef8-c633-4e66-92fa-edeab4982a4f	2026-08-15T13:57:19.273253Z		Canonical queue drain | fit A | GitHub MASTER dedupe passed	http://bookings.thecongercollection.com/Unit/Details/137280			https://www.instagram.com/vacasa/							Permissive	Qualification	https://explore.overturemaps.org/#id=9c5e9ef8-c633-4e66-92fa-edeab4982a4f; https://www.vacasa.com/usa/Wisconsin/Eagle-River?partnerid=146	Public Overture website; no usable Overture email. First-party public contact crawl required; no inference.				overture:9c5e9ef8-c633-4e66-92fa-edeab4982a4f	thecongercollection.com	18663086434	ojibwa waters vacation rental home	Eagle River	USA	PERMISSIVE	domain:thecongercollection.com
	A	91	Ascot	United Kingdom	Tenerife Holiday Homes		travel_and_transportation	The Galleries	0845 680 0354								overture:47f7c52f-2d56-436d-b898-aad41763b30b	2026-08-15T13:57:19.273253Z		Canonical queue drain | fit A | GitHub MASTER dedupe passed	http://www.tenerife-hols.co.uk				https://www.facebook.com/Plesk/						Permissive	Qualification	https://explore.overturemaps.org/#id=47f7c52f-2d56-436d-b898-aad41763b30b; https://www.tenerife-hols.co.uk/	Public Overture website; no usable Overture email. First-party public contact crawl required; no inference.				overture:47f7c52f-2d56-436d-b898-aad41763b30b	tenerife-hols.co.uk	08456800354	tenerife holiday homes	Ascot	United Kingdom	PERMISSIVE	domain:tenerife-hols.co.uk
	A	91	Kinston	USA	Tarheel Property Management of ENC		property_management	414 N Queen St	+12529334278								overture:9f0a68fb-e114-4d14-b2a6-053fefaba949	2026-08-15T13:57:19.273253Z		Canonical queue drain | fit A | GitHub MASTER dedupe passed	http://tarheelpman.com/				https://www.facebook.com/profile.php/						Permissive	Qualification	https://explore.overturemaps.org/#id=9f0a68fb-e114-4d14-b2a6-053fefaba949; https://www.tarheelpman.com/	Public Overture website; no usable Overture email. First-party public contact crawl required; no inference.				overture:9f0a68fb-e114-4d14-b2a6-053fefaba949	tarheelpman.com	12529334278	tarheel property management of enc	Kinston	USA	PERMISSIVE	domain:tarheelpman.com
	A	91	England-Wales-Scotland-Core::g12of3x2::lane=site-recovery	United Kingdom	Sywell Grange Holiday Cottages		holiday_rental_home	Holcot Lane	+441604644609								overture:1402730c-310b-470b-8a1a-0c42cb4ccb21	2026-08-15T13:57:19.273253Z		Canonical queue drain | fit A | GitHub MASTER dedupe passed	http://www.sywellgrange.co.uk	enquiries@sywellgrange.co.uk									Medium	Recall-first	https://explore.overturemaps.org/#id=1402730c-310b-470b-8a1a-0c42cb4ccb21; https://www.sywellgrange.co.uk/	Public Overture website; no usable Overture email. First-party public contact crawl required; no inference. Public business email recovered from first-party website; no inference.				overture:1402730c-310b-470b-8a1a-0c42cb4ccb21	sywellgrange.co.uk	441604644609	sywell grange holiday cottages	England-Wales-Scotland-Core::g12of3x2::lane=site-recovery	United Kingdom	MEDIUM	domain:sywellgrange.co.uk
	A	91	Horsham	United Kingdom	Sussex Holiday Cottages		hotel	Kerves Lane, Rudgwick	+447730620365								overture:26b91c14-8cb4-462b-b4c4-0b8ae738937e	2026-08-15T13:57:19.273253Z		Canonical queue drain | fit A | GitHub MASTER dedupe passed	http://www.sussexholidaycottages.com/			https://www.instagram.com/walnutescapes/							High	Verified	https://explore.overturemaps.org/#id=26b91c14-8cb4-462b-b4c4-0b8ae738937e; https://www.walnutescapes.co.uk/	Public Overture website; no usable Overture email. First-party public contact crawl required; no inference.				overture:26b91c14-8cb4-462b-b4c4-0b8ae738937e	sussexholidaycottages.com	447730620365	sussex holiday cottages	Horsham	United Kingdom	HIGH	domain:sussexholidaycottages.com
	A	91	Herstmonceux	United Kingdom	Stoneacre Lodge Self Catering Accommodation		bed_and_breakfast	Stoneacre New Road	01323833971								overture:fed16eb8-b39e-4ae7-842c-445203c42590	2026-08-15T13:57:19.273253Z		Canonical queue drain | fit A | GitHub MASTER dedupe passed	http://www.stoneacrelodge.co.uk/				https://www.facebook.com/Plesk/						Permissive	Qualification	https://explore.overturemaps.org/#id=fed16eb8-b39e-4ae7-842c-445203c42590; http://www.stoneacrelodge.co.uk/	Public Overture website; no usable Overture email. First-party public contact crawl required; no inference.				overture:fed16eb8-b39e-4ae7-842c-445203c42590	stoneacrelodge.co.uk	01323833971	stoneacre lodge self catering accommodation	Herstmonceux	United Kingdom	PERMISSIVE	domain:stoneacrelodge.co.uk
	A	91	Saint Germain	USA	Stepaway Vacation Rentals			306 Wi-70	7158917286								overture:652711e7-14db-4b53-803a-2599e6a1f54b	2026-08-15T13:57:19.273253Z		Canonical queue drain | fit A | GitHub MASTER dedupe passed	https://www.stepawayvacationrentals.com/		https://www.stepawayvacationrentals.com/contact								Permissive	Qualification	https://explore.overturemaps.org/#id=652711e7-14db-4b53-803a-2599e6a1f54b	Public Overture website; no usable Overture email. First-party public contact crawl required; no inference.				overture:652711e7-14db-4b53-803a-2599e6a1f54b	stepawayvacationrentals.com	7158917286	stepaway vacation rentals	Saint Germain	USA	PERMISSIVE	domain:stepawayvacationrentals.com
	A	91	Thunder Bay	USA	Steen Property Management Inc		real_estate_agent	815 Norah Cres	(807) 346-5690								overture:1e3acf94-6c78-4d74-bbb1-98d550733463	2026-08-15T13:57:19.273253Z		Canonical queue drain | fit A | GitHub MASTER dedupe passed	http://www.steenproperty.com		http://www.steenproperty.com/contact								Permissive	Qualification	https://explore.overturemaps.org/#id=1e3acf94-6c78-4d74-bbb1-98d550733463	Public Overture website; no usable Overture email. First-party public contact crawl required; no inference.				overture:1e3acf94-6c78-4d74-bbb1-98d550733463	steenproperty.com	8073465690	steen property management inc	Thunder Bay	USA	PERMISSIVE	domain:steenproperty.com
	A	91	Broadway	United Kingdom	Stanton Court Holiday Cottages		hotel	Stanton Ct	+441386584527								overture:4a473589-462c-4458-8c80-2072ee8e7b38	2026-08-15T13:57:19.273253Z		Canonical queue drain | fit A | GitHub MASTER dedupe passed	http://www.stantoncourt.co.uk		https://www.stantoncourt.co.uk/contact								Permissive	Qualification	https://explore.overturemaps.org/#id=4a473589-462c-4458-8c80-2072ee8e7b38	Public Overture website; no usable Overture email. First-party public contact crawl required; no inference.				overture:4a473589-462c-4458-8c80-2072ee8e7b38	stantoncourt.co.uk	441386584527	stanton court holiday cottages	Broadway	United Kingdom	PERMISSIVE	domain:stantoncourt.co.uk
	A	91	Bournemouth	United Kingdom	Stallion Property Management		property_management	18 Christchurch Road	+441202287351								overture:5e12d3bb-85d9-4aab-9ffe-426c72203c57	2026-08-15T13:57:19.273253Z		Canonical queue drain | fit A | GitHub MASTER dedupe passed	https://stallionpropertymanagement.co.uk/						https://stallionpropertymanagement.co.uk/our-portfolio/				Permissive	Qualification	https://explore.overturemaps.org/#id=5e12d3bb-85d9-4aab-9ffe-426c72203c57	Public Overture website; no usable Overture email. First-party public contact crawl required; no inference.				overture:5e12d3bb-85d9-4aab-9ffe-426c72203c57	stallionpropertymanagement.co.uk	441202287351	stallion property management	Bournemouth	United Kingdom	PERMISSIVE	domain:stallionpropertymanagement.co.uk
	A	91	Huntingdon	United Kingdom	Spring Cottage Self Catering Wrens Nest & Badgers Set		hotel	Coulson Way	+447710167071								overture:a6494483-734d-41d8-be2c-c7d112386294	2026-08-15T13:57:19.273253Z		Canonical queue drain | fit A | GitHub MASTER dedupe passed	http://www.springcottagealconbury.co.uk/		https://www.springcottagealconbury.co.uk/about-us/								High	Verified	https://explore.overturemaps.org/#id=a6494483-734d-41d8-be2c-c7d112386294	Public Overture website; no usable Overture email. First-party public contact crawl required; no inference.				overture:a6494483-734d-41d8-be2c-c7d112386294	springcottagealconbury.co.uk	447710167071	spring cottage self catering wrens nest badgers set	Huntingdon	United Kingdom	HIGH	domain:springcottagealconbury.co.uk
	A	91	SAN LEANDRO	USA	Speedway At Bayfair Property Management Office		property_management	15555 E 14TH ST, Suite 350	(510) 590-3037								overture:1b598ead-8d4f-484b-8084-18246ebb2139	2026-08-15T13:57:19.273253Z		Canonical queue drain | fit A | GitHub MASTER dedupe passed	https://www.speedwayatbayfair.com		https://www.speedwayatbayfair.com/contact								Permissive	Qualification	https://explore.overturemaps.org/#id=1b598ead-8d4f-484b-8084-18246ebb2139	Public Overture website; no usable Overture email. First-party public contact crawl required; no inference.				overture:1b598ead-8d4f-484b-8084-18246ebb2139	speedwayatbayfair.com	5105903037	speedway at bayfair property management office	SAN LEANDRO	USA	PERMISSIVE	domain:speedwayatbayfair.com
	A	91	Reidsville	USA	Southeastern Property Management		property_management	513 S Main St	+13363944564								overture:fecda3b8-8bb6-4bd5-aec3-e6424f4e743f	2026-08-15T13:57:19.273253Z		Canonical queue drain | fit A | GitHub MASTER dedupe passed	http://www.southeasternpropertymanagement.com		http://www.southeasternpropertymanagement.com/contact								Permissive	Qualification	https://explore.overturemaps.org/#id=fecda3b8-8bb6-4bd5-aec3-e6424f4e743f	Public Overture website; no usable Overture email. First-party public contact crawl required; no inference.				overture:fecda3b8-8bb6-4bd5-aec3-e6424f4e743f	southeasternpropertymanagement.com	13363944564	southeastern property management	Reidsville	USA	PERMISSIVE	domain:southeasternpropertymanagement.com
	A	91	Somerset	USA	Somerset Property Management		real_estate_service	2221 50th St	+14106511972								overture:3c15a19b-47e1-4114-bfdb-6cf2fa25302f	2026-08-15T13:57:19.273253Z		Canonical queue drain | fit A | GitHub MASTER dedupe passed	http://somersetpropertymanagement.com		http://somersetpropertymanagement.com/contact								Permissive	Qualification	https://explore.overturemaps.org/#id=3c15a19b-47e1-4114-bfdb-6cf2fa25302f	Public Overture website; no usable Overture email. First-party public contact crawl required; no inference.				overture:3c15a19b-47e1-4114-bfdb-6cf2fa25302f	somersetpropertymanagement.com	14106511972	somerset property management	Somerset	USA	PERMISSIVE	domain:somersetpropertymanagement.com
	A	91	Breckenridge	USA	Ski Country Resorts		vacation_rental_agent	213 N Main St	9704534474								overture:4c254ded-6e20-4367-9f16-e38baba1db6d	2026-08-15T13:57:19.273253Z		Canonical queue drain | fit A | GitHub MASTER dedupe passed	http://www.skicountry.com/		https://www.skicountry.com/contact								Permissive	Qualification	https://explore.overturemaps.org/#id=4c254ded-6e20-4367-9f16-e38baba1db6d	Public Overture website; no usable Overture email. First-party public contact crawl required; no inference.				overture:4c254ded-6e20-4367-9f16-e38baba1db6d	skicountry.com	9704534474	ski country resorts	Breckenridge	USA	PERMISSIVE	domain:skicountry.com
	A	91	Ironwood	USA	ABR Active Backwoods Retreat		ski_resort	9699 W Pioneer Rd	(906) 932-3502								overture:b2fecf82-10e8-46f9-8ed3-0188ebc46718	2026-08-15T13:57:19.273253Z		Canonical queue drain | fit A | GitHub MASTER dedupe passed	http://skiabr.com			https://www.instagram.com/abrtrailsfoundation/							High	Verified	https://explore.overturemaps.org/#id=b2fecf82-10e8-46f9-8ed3-0188ebc46718; https://abrtrails.com/	Public Overture website; no usable Overture email. First-party public contact crawl required; no inference.				overture:b2fecf82-10e8-46f9-8ed3-0188ebc46718	skiabr.com	9069323502	abr active backwoods retreat	Ironwood	USA	HIGH	domain:skiabr.com
	A	91	San Jose	USA	PF Property Management Plus Inc		property_management	5985 Almaden Expy	4082648028								overture:ab41eed9-0a92-4cdd-b3c4-3860d5f2d57a	2026-08-15T13:57:19.273253Z		Canonical queue drain | fit A | GitHub MASTER dedupe passed	http://www.siliconvalleyrents.com/		https://siliconvalleyrents.com/ContactMeInformationFrameless								Permissive	Qualification	https://explore.overturemaps.org/#id=ab41eed9-0a92-4cdd-b3c4-3860d5f2d57a	Public Overture website; no usable Overture email. First-party public contact crawl required; no inference.				overture:ab41eed9-0a92-4cdd-b3c4-3860d5f2d57a	siliconvalleyrents.com	4082648028	pf property management plus inc	San Jose	USA	PERMISSIVE	domain:siliconvalleyrents.com
	A	91	San Jose	USA	Silicon Valley Property Management Group		property_management	1900 Camden Ave	+14085595649								overture:d7941cfb-a65d-40e6-8df4-38719a8d4f4f	2026-08-15T13:57:19.273253Z		Canonical queue drain | fit A | GitHub MASTER dedupe passed	http://www.siliconvalleypropertymanagementgroup.com/		https://siliconvalleypropertymanagementgroup.com/about-us/								Permissive	Qualification	https://explore.overturemaps.org/#id=d7941cfb-a65d-40e6-8df4-38719a8d4f4f	Public Overture website; no usable Overture email. First-party public contact crawl required; no inference.				overture:d7941cfb-a65d-40e6-8df4-38719a8d4f4f	siliconvalleypropertymanagementgroup.com	14085595649	silicon valley property management group	San Jose	USA	PERMISSIVE	domain:siliconvalleypropertymanagementgroup.com
	A	91	Columbia-Shuswap	Canada	Eagleview Cottages		cottage	3322 Eagle Bay Rd	+17789007078								overture:da27da62-e0d7-4117-8360-f9547f5082dd	2026-08-15T13:57:19.273253Z		Canonical queue drain | fit A | GitHub MASTER dedupe passed	http://www.shuswap.net/eaglev.ew		http://www.shuswap.net/contact								Permissive	Qualification	https://explore.overturemaps.org/#id=da27da62-e0d7-4117-8360-f9547f5082dd	Public Overture website; no usable Overture email. First-party public contact crawl required; no inference.				overture:da27da62-e0d7-4117-8360-f9547f5082dd	shuswap.net	17789007078	eagleview cottages	Columbia-Shuswap	Canada	PERMISSIVE	domain:shuswap.net
	A	91	Milton Keynes	United Kingdom	Shortletting Serviced Apartments Milton Keynes - Theatre Dis			Lower Twelfth Street	01908410410								overture:3a3d2de0-a0a3-4abf-be2b-a18793e9017f	2026-08-15T13:57:19.273253Z		Canonical queue drain | fit A | GitHub MASTER dedupe passed	http://www.shortletting.com/		http://www.shortletting.com/contact								Permissive	Qualification	https://explore.overturemaps.org/#id=3a3d2de0-a0a3-4abf-be2b-a18793e9017f	Public Overture website; no usable Overture email. First-party public contact crawl required; no inference.				overture:3a3d2de0-a0a3-4abf-be2b-a18793e9017f	shortletting.com	01908410410	shortletting serviced apartments milton keynes theatre dis	Milton Keynes	United Kingdom	PERMISSIVE	domain:shortletting.com
	A	91	Santa Cruz	USA	Shoreline Property Management		property_management	1100 Water St Ste 1A	(831) 426-8013								overture:83c1e665-a270-460d-9af4-4c3cdd277678	2026-08-15T13:57:19.273253Z		Canonical queue drain | fit A | GitHub MASTER dedupe passed	http://www.shorelinepropertymanagement.com		https://shorelinepropertymanagement.com/contact-us/								Permissive	Qualification	https://explore.overturemaps.org/#id=83c1e665-a270-460d-9af4-4c3cdd277678	Public Overture website; no usable Overture email. First-party public contact crawl required; no inference.				overture:83c1e665-a270-460d-9af4-4c3cdd277678	shorelinepropertymanagement.com	8314268013	shoreline property management	Santa Cruz	USA	PERMISSIVE	domain:shorelinepropertymanagement.com
	A	91	Sturminster Newton	United Kingdom	Shire Lettings & Property Management		real_estate_service	6 Westminster Cottages, Ring Street	01963363108								overture:086314df-8c60-4d96-af74-859e5540a65f	2026-08-15T13:57:19.273253Z		Canonical queue drain | fit A | GitHub MASTER dedupe passed	http://www.shirelettings.co.uk/		http://www.shirelettings.co.uk/contact								Permissive	Qualification	https://explore.overturemaps.org/#id=086314df-8c60-4d96-af74-859e5540a65f	Public Overture website; no usable Overture email. First-party public contact crawl required; no inference.				overture:086314df-8c60-4d96-af74-859e5540a65f	shirelettings.co.uk	01963363108	shire lettings property management	Sturminster Newton	United Kingdom	PERMISSIVE	domain:shirelettings.co.uk
	A	91	Calgary	Canada	Shape Property Management			901 64 Ave NE	4032747024								overture:74c11b1b-6cab-48dc-a5a3-1f0774153de2	2026-08-15T13:57:19.273253Z		Canonical queue drain | fit A | GitHub MASTER dedupe passed	http://www.shapeproperties.com/			https://www.instagram.com/shapeproperties_/							Permissive	Qualification	https://explore.overturemaps.org/#id=74c11b1b-6cab-48dc-a5a3-1f0774153de2; https://shape.ca	Public Overture website; no usable Overture email. First-party public contact crawl required; no inference.				overture:74c11b1b-6cab-48dc-a5a3-1f0774153de2	shapeproperties.com	4032747024	shape property management	Calgary	Canada	PERMISSIVE	domain:shapeproperties.com
	A	91	Lymington	United Kingdom	Shorefield Holidays		holiday_rental_home	Head Office, Shorefield Rd	+441590648300								overture:ed06736d-c785-4c03-8b49-2cb026b87b8b	2026-08-15T13:57:19.273253Z		Canonical queue drain | fit A | GitHub MASTER dedupe passed	https://sfhols.com/home			https://www.instagram.com/shorefieldholidays/							High	Verified	https://explore.overturemaps.org/#id=ed06736d-c785-4c03-8b49-2cb026b87b8b; https://www.shorefield.co.uk/?utm_source=facebook&utm_medium=social&utm_campaign=SFHols%20FB%20profile	Public Overture website; no usable Overture email. First-party public contact crawl required; no inference.				overture:ed06736d-c785-4c03-8b49-2cb026b87b8b	sfhols.com	441590648300	shorefield holidays	Lymington	United Kingdom	HIGH	domain:sfhols.com
	A	91	Harrow	United Kingdom	Park House Serviced Apartments		hotel	34-38 Pinner Road	+442038087777								overture:9a3695a2-34bf-4fff-8033-3b3a435b0e5f	2026-08-15T13:57:19.273253Z		Canonical queue drain | fit A | GitHub MASTER dedupe passed	http://www.seo.co.uk		http://www.seo.co.uk/contact								Permissive	Qualification	https://explore.overturemaps.org/#id=9a3695a2-34bf-4fff-8033-3b3a435b0e5f	Public Overture website; no usable Overture email. First-party public contact crawl required; no inference.				overture:9a3695a2-34bf-4fff-8033-3b3a435b0e5f	seo.co.uk	442038087777	park house serviced apartments	Harrow	United Kingdom	PERMISSIVE	domain:seo.co.uk
	A	91	The Sea Ranch	USA	Vacation Rentals at Sea Ranch Lodge			60 Sea Walk Dr Suite B	7077854805								overture:505abb19-1b1b-404a-858e-7817f46ffb21	2026-08-15T13:57:19.273253Z		Canonical queue drain | fit A | GitHub MASTER dedupe passed	http://www.searanchlodge.com/		https://www.searanchlodge.com/about-us/								High	Verified	https://explore.overturemaps.org/#id=505abb19-1b1b-404a-858e-7817f46ffb21	Public Overture website; no usable Overture email. First-party public contact crawl required; no inference.				overture:505abb19-1b1b-404a-858e-7817f46ffb21	searanchlodge.com	7077854805	vacation rentals at sea ranch lodge	The Sea Ranch	USA	HIGH	domain:searanchlodge.com
	A	91	Sandpoint	Canada	Sandpointers Vacation Rentals		vacation_rental_agent	204 N 4th	2086275184								overture:69974852-b09b-4444-9a0a-3b1f900c4810	2026-08-15T13:57:19.273253Z		Canonical queue drain | fit A | GitHub MASTER dedupe passed	http://sandpointers.com/		https://sandpointers.com/contact-us								High	Verified	https://explore.overturemaps.org/#id=69974852-b09b-4444-9a0a-3b1f900c4810	Public Overture website; no usable Overture email. First-party public contact crawl required; no inference.				overture:69974852-b09b-4444-9a0a-3b1f900c4810	sandpointers.com	2086275184	sandpointers vacation rentals	Sandpoint	Canada	HIGH	domain:sandpointers.com
	A	91	London	United Kingdom	SAMAS Property Management		property_management	388 Neasden Lane North									overture:34cf4d64-e3aa-4108-90ea-ef3b915a49e1	2026-08-15T13:57:19.273253Z		Canonical queue drain | fit A | GitHub MASTER dedupe passed	http://www.samas.uk/		https://www.samas.uk	https://www.instagram.com/samas_pm/							Permissive	Qualification	https://explore.overturemaps.org/#id=34cf4d64-e3aa-4108-90ea-ef3b915a49e1; https://www.samas.uk/	Public Overture website; no usable Overture email. First-party public contact crawl required; no inference.				overture:34cf4d64-e3aa-4108-90ea-ef3b915a49e1	samas.uk		samas property management	London	United Kingdom	PERMISSIVE	domain:samas.uk
	A	91	Salida	USA	Salida Cabin Rentals		hotel	8705 CR-224	+17192215091								overture:cdb388e5-3594-44a2-aa41-00012a8281ff	2026-08-15T13:57:19.273253Z		Canonical queue drain | fit A | GitHub MASTER dedupe passed	http://salidacabin.com/		http://salidacabin.com/contact								Permissive	Qualification	https://explore.overturemaps.org/#id=cdb388e5-3594-44a2-aa41-00012a8281ff	Public Overture website; no usable Overture email. First-party public contact crawl required; no inference.				overture:cdb388e5-3594-44a2-aa41-00012a8281ff	salidacabin.com	17192215091	salida cabin rentals	Salida	USA	PERMISSIVE	domain:salidacabin.com
	A	91	Bristol	United Kingdom	SACO The Serviced Apartment Company - Head Office		hotel	Sixth Floor Embassy House, Queen's Avenue	01179706999								overture:f4f31229-f8b7-461e-9637-3bc4673a49af	2026-08-15T13:57:19.273253Z		Canonical queue drain | fit A | GitHub MASTER dedupe passed	https://www.sacoapartments.com/			https://www.instagram.com/lockehotels/							High	Verified	https://explore.overturemaps.org/#id=f4f31229-f8b7-461e-9637-3bc4673a49af; https://www.lockeliving.com/en	Public Overture website; no usable Overture email. First-party public contact crawl required; no inference.				overture:f4f31229-f8b7-461e-9637-3bc4673a49af	sacoapartments.com	01179706999	saco the serviced apartment company head office	Bristol	United Kingdom	HIGH	domain:sacoapartments.com
	A	91	Novato	USA	Real Property Management SonoMarin		real_estate_agent	250 Bel Marin Keys Blvd Ste D3	(415) 404-1544								overture:12b57937-d026-4852-8076-3750440a4699	2026-08-15T13:57:19.273253Z		Canonical queue drain | fit A | GitHub MASTER dedupe passed	https://www.rpmsonomarin.com			https://www.instagram.com/rpmBay.Area/							Permissive	Qualification	https://explore.overturemaps.org/#id=12b57937-d026-4852-8076-3750440a4699; https://www.rpmbayarea.com/	Public Overture website; no usable Overture email. First-party public contact crawl required; no inference.				overture:12b57937-d026-4852-8076-3750440a4699	rpmsonomarin.com	4154041544	real property management sonomarin	Novato	USA	PERMISSIVE	domain:rpmsonomarin.com
	A	91	San Jose	USA	Real Property Management Select San Jose		property_management	1060 Willow St Ste 5	4085260900								overture:0762d6b2-909f-425e-94f4-701a35fc3013	2026-08-15T13:57:19.273253Z		Canonical queue drain | fit A | GitHub MASTER dedupe passed	https://rpmsanjose.com/			https://www.instagram.com/rpmBay.Area/							Permissive	Qualification	https://explore.overturemaps.org/#id=0762d6b2-909f-425e-94f4-701a35fc3013; https://www.rpmbayarea.com/	Public Overture website; no usable Overture email. First-party public contact crawl required; no inference.				overture:0762d6b2-909f-425e-94f4-701a35fc3013	rpmsanjose.com	4085260900	real property management select san jose	San Jose	USA	PERMISSIVE	domain:rpmsanjose.com
	A	91	Cedar City	USA	Real Property Management Cedar City		property_management	209 S Main St	+14355861777								overture:f2c7b7ae-ed15-44dc-8dd4-ce7fac095e25	2026-08-15T13:57:19.273253Z		Canonical queue drain | fit A | GitHub MASTER dedupe passed	https://www.rpmcedarcity.com/?cid=LSTL_RPM000183		https://www.rpmcedarcity.com/about-us								Permissive	Qualification	https://explore.overturemaps.org/#id=f2c7b7ae-ed15-44dc-8dd4-ce7fac095e25	Public Overture website; no usable Overture email. First-party public contact crawl required; no inference.				overture:f2c7b7ae-ed15-44dc-8dd4-ce7fac095e25	rpmcedarcity.com	14355861777	real property management cedar city	Cedar City	USA	PERMISSIVE	domain:rpmcedarcity.com
	A	91	Peterborough	United Kingdom	Renaissance Property Management		real_estate_agent	39 & 40 Aston Business Park Unit 39-40	0844 414 7191								overture:5cf1c17e-39eb-4994-b6f5-c6688e857c17	2026-08-15T13:57:19.273253Z		Canonical queue drain | fit A | GitHub MASTER dedupe passed	http://www.rpm.org.uk		http://www.rpm.org.uk/contact								Permissive	Qualification	https://explore.overturemaps.org/#id=5cf1c17e-39eb-4994-b6f5-c6688e857c17	Public Overture website; no usable Overture email. First-party public contact crawl required; no inference.				overture:5cf1c17e-39eb-4994-b6f5-c6688e857c17	rpm.org.uk	08444147191	renaissance property management	Peterborough	United Kingdom	PERMISSIVE	domain:rpm.org.uk
	A	91	Loutrá Killínis	Greece	Grecotel Mandola Rosa Suites & Villas		resort		2623 064400								overture:9cfc4228-03bf-4a5b-9767-2d5856326726	2026-08-15T13:57:19.273253Z		Canonical queue drain | fit A | GitHub MASTER dedupe passed	https://www.rivieraolympia.com/mandolarosa.html			https://www.instagram.com/mandolarosa/							High	Verified	https://explore.overturemaps.org/#id=9cfc4228-03bf-4a5b-9767-2d5856326726; https://www.grecotel.com/mandolarosa/	Public Overture website; no usable Overture email. First-party public contact crawl required; no inference.				overture:9cfc4228-03bf-4a5b-9767-2d5856326726	rivieraolympia.com	2623064400	grecotel mandola rosa suites villas	Loutrá Killínis	Greece	HIGH	domain:rivieraolympia.com
	A	91	Kittrell	USA	Rogers Group Property Management		property_management	4783 Raleigh Rd	2524929385								overture:58a2ab2a-cff7-4122-a4f5-7605899c7177	2026-08-15T13:57:19.273253Z		Canonical queue drain | fit A | GitHub MASTER dedupe passed	http://www.rentnc.net/?utm_source=NEXT&utm_medium=Google		https://www.rentnc.net/contact-us								Medium	Recall-first	https://explore.overturemaps.org/#id=58a2ab2a-cff7-4122-a4f5-7605899c7177	Public Overture website; no usable Overture email. First-party public contact crawl required; no inference.				overture:58a2ab2a-cff7-4122-a4f5-7605899c7177	rentnc.net	2524929385	rogers group property management	Kittrell	USA	MEDIUM	domain:rentnc.net
	A	91	Wareham	United Kingdom	Regal Holiday Homes		corporate_or_business_office	Sandford Lane	01929 557850								overture:404a0357-baf6-42c6-80c6-a055399a3133	2026-08-15T13:57:19.273253Z		Canonical queue drain | fit A | GitHub MASTER dedupe passed	http://www.regalholidayhomes.com			https://www.instagram.com/theomargroup/							Medium	Recall-first	https://explore.overturemaps.org/#id=404a0357-baf6-42c6-80c6-a055399a3133; https://www.omar.co.uk/about-us/our-brands/regal/	Public Overture website; no usable Overture email. First-party public contact crawl required; no inference.				overture:404a0357-baf6-42c6-80c6-a055399a3133	regalholidayhomes.com	01929557850	regal holiday homes	Wareham	United Kingdom	MEDIUM	domain:regalholidayhomes.com
	A	91	Salisbury	United Kingdom	Redhouse Residential Sales Lettings & Property Management		real_estate_agent	31 Salt Lane	01722567174								overture:d032b0cd-b4fd-488f-b54e-d4c2fd3a4258	2026-08-15T13:57:19.273253Z		Canonical queue drain | fit A | GitHub MASTER dedupe passed	http://www.redhouseresidential.com/		http://www.redhouseresidential.com/contact								Permissive	Qualification	https://explore.overturemaps.org/#id=d032b0cd-b4fd-488f-b54e-d4c2fd3a4258	Public Overture website; no usable Overture email. First-party public contact crawl required; no inference.				overture:d032b0cd-b4fd-488f-b54e-d4c2fd3a4258	redhouseresidential.com	01722567174	redhouse residential sales lettings property management	Salisbury	United Kingdom	PERMISSIVE	domain:redhouseresidential.com
	A	91	Apex	USA	Element Property Management		property_management	1617 Center St	+19196282524								overture:60105027-b144-48b6-af68-a9e26f12fafd	2026-08-15T13:57:19.273253Z		Canonical queue drain | fit A | GitHub MASTER dedupe passed	https://raleighdurhamrentals.com/						https://raleighdurhamrentals.com/feed/				Medium	Recall-first	https://explore.overturemaps.org/#id=60105027-b144-48b6-af68-a9e26f12fafd	Public Overture website; no usable Overture email. First-party public contact crawl required; no inference.				overture:60105027-b144-48b6-af68-a9e26f12fafd	raleighdurhamrentals.com	19196282524	element property management	Apex	USA	MEDIUM	domain:raleighdurhamrentals.com
	A	91	Olds	Canada	Pro A Property Management		property_management	5410 46 St	+14038720373								overture:eccdc879-cc97-418c-8ce8-c96d6a2ef9d8	2026-08-15T13:57:19.273253Z		Canonical queue drain | fit A | GitHub MASTER dedupe passed	http://proamanagement.ca/		https://www.proamanagement.ca/about-5								Permissive	Qualification	https://explore.overturemaps.org/#id=eccdc879-cc97-418c-8ce8-c96d6a2ef9d8	Public Overture website; no usable Overture email. First-party public contact crawl required; no inference.				overture:eccdc879-cc97-418c-8ce8-c96d6a2ef9d8	proamanagement.ca	14038720373	pro a property management	Olds	Canada	PERMISSIVE	domain:proamanagement.ca
	A	91	London	United Kingdom	Premier UK Property Management		property_management	91 Mortimer St	020 7323 2136								overture:489cc8b4-a195-4cf6-9802-bb4151919568	2026-08-15T13:57:19.273253Z		Canonical queue drain | fit A | GitHub MASTER dedupe passed	http://www.premier-ukproperty.com	info@premier-ukproperty.com									High	Verified	https://explore.overturemaps.org/#id=489cc8b4-a195-4cf6-9802-bb4151919568; https://www.premier-ukproperty.com/	Public Overture website; no usable Overture email. First-party public contact crawl required; no inference. Public business email recovered from first-party website; no inference.				overture:489cc8b4-a195-4cf6-9802-bb4151919568	premier-ukproperty.com	02073232136	premier uk property management	London	United Kingdom	HIGH	domain:premier-ukproperty.com
	A	91	Santa Cruz	USA	Portola Property Management		property_management	21500 E Cliff Dr	(831) 475-1355								overture:7ded486f-b9be-4e2c-9753-44ec3f8cd1b4	2026-08-15T13:57:19.273253Z		Canonical queue drain | fit A | GitHub MASTER dedupe passed	http://portolapropertymanagement.com		http://portolapropertymanagement.com/contact								Permissive	Qualification	https://explore.overturemaps.org/#id=7ded486f-b9be-4e2c-9753-44ec3f8cd1b4	Public Overture website; no usable Overture email. First-party public contact crawl required; no inference.				overture:7ded486f-b9be-4e2c-9753-44ec3f8cd1b4	portolapropertymanagement.com	8314751355	portola property management	Santa Cruz	USA	PERMISSIVE	domain:portolapropertymanagement.com
	A	91	Southend-On-Sea	United Kingdom	Pier View Self Catering Luxury Apartments		bed_and_breakfast	5 Royal Terrace	01702437900								overture:1c30c8dc-edc6-4290-97ef-5a22767f37a4	2026-08-15T13:57:19.273253Z		Canonical queue drain | fit A | GitHub MASTER dedupe passed	http://www.pierviewluxuryapartments.co.uk/		http://www.pierviewluxuryapartments.co.uk/contact								Permissive	Qualification	https://explore.overturemaps.org/#id=1c30c8dc-edc6-4290-97ef-5a22767f37a4	Public Overture website; no usable Overture email. First-party public contact crawl required; no inference.				overture:1c30c8dc-edc6-4290-97ef-5a22767f37a4	pierviewluxuryapartments.co.uk	01702437900	pier view self catering luxury apartments	Southend-On-Sea	United Kingdom	PERMISSIVE	domain:pierviewluxuryapartments.co.uk
	A	91	Bracknell	United Kingdom	Parking & Property Management		parking	Ocean House, The Ring 12th Floor	020 7100 2929								overture:d7e4abdd-c75d-425f-869c-d19d794920f3	2026-08-15T13:57:19.273253Z		Canonical queue drain | fit A | GitHub MASTER dedupe passed	http://www.parkingandpropertymanagement.co.uk		https://www.parkingandpropertymanagement.co.uk/contact-us								Permissive	Qualification	https://explore.overturemaps.org/#id=d7e4abdd-c75d-425f-869c-d19d794920f3	Public Overture website; no usable Overture email. First-party public contact crawl required; no inference.				overture:d7e4abdd-c75d-425f-869c-d19d794920f3	parkingandpropertymanagement.co.uk	02071002929	parking property management	Bracknell	United Kingdom	PERMISSIVE	domain:parkingandpropertymanagement.co.uk
	A	91	Emsworth	United Kingdom	Pallant Holiday Lettings		cabin	15 North St	01243 375893								overture:e4000500-0644-4da9-bb76-a8b5958b1a3b	2026-08-15T13:57:19.273253Z		Canonical queue drain | fit A | GitHub MASTER dedupe passed	http://www.pallantholidaylets.co.uk			https://www.instagram.com/henryadamsholidays/							High	Verified	https://explore.overturemaps.org/#id=e4000500-0644-4da9-bb76-a8b5958b1a3b; https://henryadamsholidaycottages.co.uk/	Public Overture website; no usable Overture email. First-party public contact crawl required; no inference.				overture:e4000500-0644-4da9-bb76-a8b5958b1a3b	pallantholidaylets.co.uk	01243375893	pallant holiday lettings	Emsworth	United Kingdom	HIGH	domain:pallantholidaylets.co.uk
	A	91	Thunder Bay	USA	O'Shea Property Management		property_management	106 Cumberland St N	+18073453671								overture:1f329bc2-1901-46d4-a407-79ebdad3d7c3	2026-08-15T13:57:19.273253Z		Canonical queue drain | fit A | GitHub MASTER dedupe passed	http://osheapropertymanagement.com/		https://osheapropertymanagement.com/contact								Permissive	Qualification	https://explore.overturemaps.org/#id=1f329bc2-1901-46d4-a407-79ebdad3d7c3	Public Overture website; no usable Overture email. First-party public contact crawl required; no inference.				overture:1f329bc2-1901-46d4-a407-79ebdad3d7c3	osheapropertymanagement.com	18073453671	o shea property management	Thunder Bay	USA	PERMISSIVE	domain:osheapropertymanagement.com
	A	91	Edenbridge	United Kingdom	Taylour House Self-Catering		cabin	69 High Street	01233280333								overture:d8b89acd-7db9-4045-a09f-91b9a7576b4b	2026-08-15T13:57:19.273253Z		Canonical queue drain | fit A | GitHub MASTER dedupe passed	http://www.oldhouseholidays.co.uk/		http://www.oldhouseholidays.co.uk/contact								Permissive	Qualification	https://explore.overturemaps.org/#id=d8b89acd-7db9-4045-a09f-91b9a7576b4b	Public Overture website; no usable Overture email. First-party public contact crawl required; no inference.				overture:d8b89acd-7db9-4045-a09f-91b9a7576b4b	oldhouseholidays.co.uk	01233280333	taylour house self catering	Edenbridge	United Kingdom	PERMISSIVE	domain:oldhouseholidays.co.uk
	A	91	Longhope	United Kingdom	The Old Farm Holiday Cottages		hotel	Barrel Lane	+441452830252								overture:eff17bcc-2817-451b-bcc1-99dfe8d87a0b	2026-08-15T13:57:19.273253Z		Canonical queue drain | fit A | GitHub MASTER dedupe passed	http://www.oldfarmcottages.co.uk		http://www.oldfarmcottages.co.uk/contact								Permissive	Qualification	https://explore.overturemaps.org/#id=eff17bcc-2817-451b-bcc1-99dfe8d87a0b	Public Overture website; no usable Overture email. First-party public contact crawl required; no inference.				overture:eff17bcc-2817-451b-bcc1-99dfe8d87a0b	oldfarmcottages.co.uk	441452830252	the old farm holiday cottages	Longhope	United Kingdom	PERMISSIVE	domain:oldfarmcottages.co.uk
	A	91	Santa Cruz	USA	Santa Cruz Vacation Rentals		hotel	1600 W Cliff Dr	+14086930160								overture:80df98eb-2744-4735-a9db-253fc5eb1a2e	2026-08-15T13:57:19.273253Z		Canonical queue drain | fit A | GitHub MASTER dedupe passed	http://www.OceanFrontHouse.com/	inquiries@oceanfronthouse.com									High	Verified	https://explore.overturemaps.org/#id=80df98eb-2744-4735-a9db-253fc5eb1a2e; http://www.OceanFrontHouse.com/	Public Overture website; no usable Overture email. First-party public contact crawl required; no inference. Public business email recovered from first-party website; no inference.				overture:80df98eb-2744-4735-a9db-253fc5eb1a2e	oceanfronthouse.com	14086930160	santa cruz vacation rentals	Santa Cruz	USA	HIGH	domain:oceanfronthouse.com
	A	91	Barcelona	Spain	Consell de Cent Apartment		hotel	Carrer del Consell de Cent, 315	+34667740600								overture:9575fe57-403c-46a7-b210-fffb55a8d442	2026-08-15T13:57:19.273253Z		Canonical queue drain | fit A | GitHub MASTER dedupe passed	http://nightsinnbarcelona.com/		http://nightsinnbarcelona.com/contact								Permissive	Qualification	https://explore.overturemaps.org/#id=9575fe57-403c-46a7-b210-fffb55a8d442	Public Overture website; no usable Overture email. First-party public contact crawl required; no inference.				overture:9575fe57-403c-46a7-b210-fffb55a8d442	nightsinnbarcelona.com	34667740600	consell de cent apartment	Barcelona	Spain	PERMISSIVE	domain:nightsinnbarcelona.com
	A	91	Billingshurst	United Kingdom	New Hill Farm Holiday Cottages		holiday_rental_home	New Road									overture:65c0b62f-1f6e-49f7-9d43-1d25e54d27d4	2026-08-15T13:57:19.273253Z		Canonical queue drain | fit A | GitHub MASTER dedupe passed	http://www.newhill.co.uk/		https://www.newhill.co.uk/about-us				https://www.newhill.co.uk/accommodation/thebothy-2bedrooms				Medium	Recall-first	https://explore.overturemaps.org/#id=65c0b62f-1f6e-49f7-9d43-1d25e54d27d4	Public Overture website; no usable Overture email. First-party public contact crawl required; no inference.				overture:65c0b62f-1f6e-49f7-9d43-1d25e54d27d4	newhill.co.uk		new hill farm holiday cottages	Billingshurst	United Kingdom	MEDIUM	domain:newhill.co.uk
	A	91	Brockenhurst	United Kingdom	New Forest Holiday Lets		lodging	8 Brookley Rd	01590 622449								overture:428d1907-8601-4d41-b893-43637b7b2267	2026-08-15T13:57:19.273253Z		Canonical queue drain | fit A | GitHub MASTER dedupe passed	http://newforestholidaylets.co.uk			https://www.instagram.com/teepublic/							Permissive	Qualification	https://explore.overturemaps.org/#id=428d1907-8601-4d41-b893-43637b7b2267; https://oceans13mtsieeebergen.org/	Public Overture website; no usable Overture email. First-party public contact crawl required; no inference.				overture:428d1907-8601-4d41-b893-43637b7b2267	newforestholidaylets.co.uk	01590622449	new forest holiday lets	Brockenhurst	United Kingdom	PERMISSIVE	domain:newforestholidaylets.co.uk
	A	91	St George	USA	N&C Property Management		property_management	1240 E 100 S	+14359867405								overture:d25c66d2-ecd3-4e69-ab38-0554b857c19c	2026-08-15T13:57:19.273253Z		Canonical queue drain | fit A | GitHub MASTER dedupe passed	http://ncpmutah.com/		http://ncpmutah.com/contact								Permissive	Qualification	https://explore.overturemaps.org/#id=d25c66d2-ecd3-4e69-ab38-0554b857c19c	Public Overture website; no usable Overture email. First-party public contact crawl required; no inference.				overture:d25c66d2-ecd3-4e69-ab38-0554b857c19c	ncpmutah.com	14359867405	n c property management	St George	USA	PERMISSIVE	domain:ncpmutah.com
	A	91	Whitefish	Canada	Montana's Best Vacation Rentals		holiday_rental_home	233 2nd St E	(406) 420-3003								overture:2b25ca2c-b8f6-4a82-bfc7-bbc058de5869	2026-08-15T13:57:19.273253Z		Canonical queue drain | fit A | GitHub MASTER dedupe passed	http://www.montanasbestrentals.com			https://www.instagram.com/vacasa/							High	Verified	https://explore.overturemaps.org/#id=2b25ca2c-b8f6-4a82-bfc7-bbc058de5869; https://www.vacasa.com/usa/montana/whitefish	Public Overture website; no usable Overture email. First-party public contact crawl required; no inference.				overture:2b25ca2c-b8f6-4a82-bfc7-bbc058de5869	montanasbestrentals.com	4064203003	montana s best vacation rentals	Whitefish	Canada	HIGH	domain:montanasbestrentals.com
	A	91	Snodland	United Kingdom	Maidstone & Medway Property Management		real_estate_agent	8 Freelands Rd	01634 243998								overture:d82dd471-3272-40d6-8eed-0fe86fcbdcf4	2026-08-15T13:57:19.273253Z		Canonical queue drain | fit A | GitHub MASTER dedupe passed	http://www.mmpm.co.uk		http://www.mmpm.co.uk/contact.html								Permissive	Qualification	https://explore.overturemaps.org/#id=d82dd471-3272-40d6-8eed-0fe86fcbdcf4	Public Overture website; no usable Overture email. First-party public contact crawl required; no inference.				overture:d82dd471-3272-40d6-8eed-0fe86fcbdcf4	mmpm.co.uk	01634243998	maidstone medway property management	Snodland	United Kingdom	PERMISSIVE	domain:mmpm.co.uk
	A	91	Wolverton Mill	United Kingdom	Millbank Property Management		property_management	35 Turneys Dr	01908 317044								overture:81afe07d-4ef0-47d8-825b-dad7af53e56a	2026-08-15T13:57:19.273253Z		Canonical queue drain | fit A | GitHub MASTER dedupe passed	http://www.millbankpropertymanagement.com		https://www.millbankpropertymanagement.com/about-us								Permissive	Qualification	https://explore.overturemaps.org/#id=81afe07d-4ef0-47d8-825b-dad7af53e56a	Public Overture website; no usable Overture email. First-party public contact crawl required; no inference.				overture:81afe07d-4ef0-47d8-825b-dad7af53e56a	millbankpropertymanagement.com	01908317044	millbank property management	Wolverton Mill	United Kingdom	PERMISSIVE	domain:millbankpropertymanagement.com
	A	91	Washington	USA	Metropolitan Property Management		real_estate_agent	327 N Market St	2529460110								overture:c3f642f2-7555-415e-9d24-af8cf89e9666	2026-08-15T13:57:19.273253Z		Canonical queue drain | fit A | GitHub MASTER dedupe passed	http://metroprop.org/		https://www.metroprop.org/about								Medium	Recall-first	https://explore.overturemaps.org/#id=c3f642f2-7555-415e-9d24-af8cf89e9666	Public Overture website; no usable Overture email. First-party public contact crawl required; no inference.				overture:c3f642f2-7555-415e-9d24-af8cf89e9666	metroprop.org	2529460110	metropolitan property management	Washington	USA	MEDIUM	domain:metroprop.org
	A	91	Abingdon	United Kingdom	MCS Lettings & Property Management		property_management	11 Ock St	01235 533585								overture:6e97de3d-14a1-4497-b0a6-48fb6fb4531c	2026-08-15T13:57:19.273253Z		Canonical queue drain | fit A | GitHub MASTER dedupe passed	http://www.mcslettings.co.uk		https://www.mcslettings.co.uk/contact								Permissive	Qualification	https://explore.overturemaps.org/#id=6e97de3d-14a1-4497-b0a6-48fb6fb4531c	Public Overture website; no usable Overture email. First-party public contact crawl required; no inference.				overture:6e97de3d-14a1-4497-b0a6-48fb6fb4531c	mcslettings.co.uk	01235533585	mcs lettings property management	Abingdon	United Kingdom	PERMISSIVE	domain:mcslettings.co.uk
	A	91	London	United Kingdom	Mayfair House Serviced Apartments		hotel	22-28 Shepherd Street	+442074910000								overture:0e59f8ff-f838-4908-b2d1-443d9bd276b9	2026-08-15T13:57:19.273253Z		Canonical queue drain | fit A | GitHub MASTER dedupe passed	http://www.mayfair-house.com/		https://www.mayfair-house.com/contact								Permissive	Qualification	https://explore.overturemaps.org/#id=0e59f8ff-f838-4908-b2d1-443d9bd276b9	Public Overture website; no usable Overture email. First-party public contact crawl required; no inference.				overture:0e59f8ff-f838-4908-b2d1-443d9bd276b9	mayfair-house.com	442074910000	mayfair house serviced apartments	London	United Kingdom	PERMISSIVE	domain:mayfair-house.com
	A	91	Union City	USA	Max Property Management		property_management	3982 Horner St	+15105050702								overture:9805057e-c4a1-4f45-af9d-e67aaa8ca589	2026-08-15T13:57:19.273253Z		Canonical queue drain | fit A | GitHub MASTER dedupe passed	http://www.maxpropertymanagement.com/		https://www.maxpropertymanagement.com/contact-us								Permissive	Qualification	https://explore.overturemaps.org/#id=9805057e-c4a1-4f45-af9d-e67aaa8ca589	Public Overture website; no usable Overture email. First-party public contact crawl required; no inference.				overture:9805057e-c4a1-4f45-af9d-e67aaa8ca589	maxpropertymanagement.com	15105050702	max property management	Union City	USA	PERMISSIVE	domain:maxpropertymanagement.com
	A	91	Ramsgate	United Kingdom	Martin Holiday Homes		cabin	21 Avebury Ave	01843 592945								overture:78a49512-f1d3-43d2-a8f9-5c2c4b17c15a	2026-08-15T13:57:19.273253Z		Canonical queue drain | fit A | GitHub MASTER dedupe passed	http://www.martinholidays.co.uk	info@martinholidays.co.uk									High	Verified	https://explore.overturemaps.org/#id=78a49512-f1d3-43d2-a8f9-5c2c4b17c15a; https://www.martinholidays.co.uk/	Public Overture website; no usable Overture email. First-party public contact crawl required; no inference. Public business email recovered from first-party website; no inference.				overture:78a49512-f1d3-43d2-a8f9-5c2c4b17c15a	martinholidays.co.uk	01843592945	martin holiday homes	Ramsgate	United Kingdom	HIGH	domain:martinholidays.co.uk
	A	91	Kelowna	Canada	Manteo Waterfront Hotel & Villas		resort	3762 Lakeshore Rd	2508601031								overture:9fa47a26-028f-4c3c-909e-0fd97e185f61	2026-08-15T13:57:19.273253Z		Canonical queue drain | fit A | GitHub MASTER dedupe passed	http://www.manteo.com/		https://www.manteo.com/contact								High	Verified	https://explore.overturemaps.org/#id=9fa47a26-028f-4c3c-909e-0fd97e185f61	Public Overture website; no usable Overture email. First-party public contact crawl required; no inference.				overture:9fa47a26-028f-4c3c-909e-0fd97e185f61	manteo.com	2508601031	manteo waterfront hotel villas	Kelowna	Canada	HIGH	domain:manteo.com
	A	91	London	United Kingdom	Maitrise Suites Apartment Hotel		service_apartment	50-54 Broadway	+442087993850								overture:793a6e64-dc84-4bd4-a7f1-022a538dbf73	2026-08-15T13:57:19.273253Z		Canonical queue drain | fit A | GitHub MASTER dedupe passed	https://www.maitrisesuiteslondon.co.uk		https://www.maitrisesuiteslondon.co.uk/contact								Permissive	Qualification	https://explore.overturemaps.org/#id=793a6e64-dc84-4bd4-a7f1-022a538dbf73	Public Overture website; no usable Overture email. First-party public contact crawl required; no inference.				overture:793a6e64-dc84-4bd4-a7f1-022a538dbf73	maitrisesuiteslondon.co.uk	442087993850	maitrise suites apartment hotel	London	United Kingdom	PERMISSIVE	domain:maitrisesuiteslondon.co.uk
	A	91	London	United Kingdom	Square Mile Property Management		real_estate_service	5A Sandys Row	02073929111								overture:729ce2c7-aba7-498e-a2d8-d18d16ca5694	2026-08-15T13:57:19.273253Z		Canonical queue drain | fit A | GitHub MASTER dedupe passed	http://www.m2pm.com/		http://www.m2pm.com/contact								Permissive	Qualification	https://explore.overturemaps.org/#id=729ce2c7-aba7-498e-a2d8-d18d16ca5694	Public Overture website; no usable Overture email. First-party public contact crawl required; no inference.				overture:729ce2c7-aba7-498e-a2d8-d18d16ca5694	m2pm.com	02073929111	square mile property management	London	United Kingdom	PERMISSIVE	domain:m2pm.com
	A	91	London	United Kingdom	Serviced Apartment London		real_estate_service	124 Prince Of Wales Drive	02033274142								overture:5d776c3d-13a5-4e28-9c96-f5c0ddb747b2	2026-08-15T13:57:19.273253Z		Canonical queue drain | fit A | GitHub MASTER dedupe passed	http://www.luxap.co.uk/		http://www.luxap.co.uk/								Permissive	Qualification	https://explore.overturemaps.org/#id=5d776c3d-13a5-4e28-9c96-f5c0ddb747b2	Public Overture website; no usable Overture email. First-party public contact crawl required; no inference.				overture:5d776c3d-13a5-4e28-9c96-f5c0ddb747b2	luxap.co.uk	02033274142	serviced apartment london	London	United Kingdom	PERMISSIVE	domain:luxap.co.uk
	A	91	Náfplio	Greece	NAFOS Nafplio boutique collection of private residences		holiday_rental_home	Δρομισιάς	+306936940118								overture:1fc4785a-3a74-41c4-8faa-7ce11bee2e09	2026-08-15T13:57:19.273253Z		Canonical queue drain | fit A | GitHub MASTER dedupe passed	https://nafos-villanafplio.lovable.app/		https://nafos-villanafplio.lovable.app/contact								Medium	Recall-first	https://explore.overturemaps.org/#id=1fc4785a-3a74-41c4-8faa-7ce11bee2e09	Public Overture website; no usable Overture email. First-party public contact crawl required; no inference.				overture:1fc4785a-3a74-41c4-8faa-7ce11bee2e09	lovable.app	306936940118	nafos nafplio boutique collection of private residences	Náfplio	Greece	MEDIUM	domain:lovable.app
	A	91	Greece-Islands-Mainland-Premium::g11of2x2::lane=site-recovery	Greece	Lotus Center Aparthotel		bed_and_breakfast		21 0325 0242								overture:30bb87d8-dcea-4dc1-919b-564bf4ecfb98	2026-08-15T13:57:19.273253Z		Canonical queue drain | fit A | GitHub MASTER dedupe passed	http://www.lotuscenter.gr		https://lotuscenter.gr/contact-us/								Permissive	Qualification	https://explore.overturemaps.org/#id=30bb87d8-dcea-4dc1-919b-564bf4ecfb98	Public Overture website; no usable Overture email. First-party public contact crawl required; no inference.				overture:30bb87d8-dcea-4dc1-919b-564bf4ecfb98	lotuscenter.gr	2103250242	lotus center aparthotel	Greece-Islands-Mainland-Premium::g11of2x2::lane=site-recovery	Greece	PERMISSIVE	domain:lotuscenter.gr
	A	91	London	United Kingdom	London Plaza Serviced Apartments		hotel	32 Inverness Terrace	020 7727 8916								overture:2066ae00-3b4c-4d66-830d-b66bd3886954	2026-08-15T13:57:19.273253Z		Canonical queue drain | fit A | GitHub MASTER dedupe passed	http://www.london-house.com		http://www.london-house.com/contact								Permissive	Qualification	https://explore.overturemaps.org/#id=2066ae00-3b4c-4d66-830d-b66bd3886954	Public Overture website; no usable Overture email. First-party public contact crawl required; no inference.				overture:2066ae00-3b4c-4d66-830d-b66bd3886954	london-house.com	02077278916	london plaza serviced apartments	London	United Kingdom	PERMISSIVE	domain:london-house.com
	A	91	London	United Kingdom	Lodge Drive Serviced Apartments		hotel	8 Lodge Dr	020 8351 5060								overture:27efa454-1bda-45dd-bbf0-12853eac0066	2026-08-15T13:57:19.273253Z		Canonical queue drain | fit A | GitHub MASTER dedupe passed	http://www.lodgedriveapartments.co.uk		http://www.lodgedriveapartments.co.uk/contact								Permissive	Qualification	https://explore.overturemaps.org/#id=27efa454-1bda-45dd-bbf0-12853eac0066	Public Overture website; no usable Overture email. First-party public contact crawl required; no inference.				overture:27efa454-1bda-45dd-bbf0-12853eac0066	lodgedriveapartments.co.uk	02083515060	lodge drive serviced apartments	London	United Kingdom	PERMISSIVE	domain:lodgedriveapartments.co.uk
	A	91	Kings Ash	United Kingdom	Little Kings Ash Farm Holiday Cottages		hotel	Kings Close	01494 837549								overture:64b4fbfd-ad7b-42db-959f-c3c9c2348feb	2026-08-15T13:57:19.273253Z		Canonical queue drain | fit A | GitHub MASTER dedupe passed	http://www.littlekingsashfarm.co.uk		https://www.littlekingsashfarm.co.uk/cgi-sys/suspendedpage.cgi								Permissive	Qualification	https://explore.overturemaps.org/#id=64b4fbfd-ad7b-42db-959f-c3c9c2348feb	Public Overture website; no usable Overture email. First-party public contact crawl required; no inference.				overture:64b4fbfd-ad7b-42db-959f-c3c9c2348feb	littlekingsashfarm.co.uk	01494837549	little kings ash farm holiday cottages	Kings Ash	United Kingdom	PERMISSIVE	domain:littlekingsashfarm.co.uk
	A	91	Libby	Canada	Town & Country Property Management		commercial_real_estate	317 California Ave	(406) 293-7559								overture:23481122-d705-4da5-9ed3-b096d56bba54	2026-08-15T13:57:19.273253Z		Canonical queue drain | fit A | GitHub MASTER dedupe passed	http://www.libbyproperties.com			https://www.instagram.com/libbyrentals/							Permissive	Qualification	https://explore.overturemaps.org/#id=23481122-d705-4da5-9ed3-b096d56bba54; https://townandcountrypropertymanagement.com/	Public Overture website; no usable Overture email. First-party public contact crawl required; no inference.				overture:23481122-d705-4da5-9ed3-b096d56bba54	libbyproperties.com	4062937559	town country property management	Libby	Canada	PERMISSIVE	domain:libbyproperties.com
	A	91	Northfleet	United Kingdom	LevelUP Property Management		real_estate_agent	Unit F14, Lower Rd	01322 907033								overture:78594e96-1ce6-4252-8624-a9ba66bc950c	2026-08-15T13:57:19.273253Z		Canonical queue drain | fit A | GitHub MASTER dedupe passed	http://leveluppropertymanagement.com		http://leveluppropertymanagement.com/contact								Permissive	Qualification	https://explore.overturemaps.org/#id=78594e96-1ce6-4252-8624-a9ba66bc950c	Public Overture website; no usable Overture email. First-party public contact crawl required; no inference.				overture:78594e96-1ce6-4252-8624-a9ba66bc950c	leveluppropertymanagement.com	01322907033	levelup property management	Northfleet	United Kingdom	PERMISSIVE	domain:leveluppropertymanagement.com
	A	91	Hemel Hempstead	United Kingdom	Letting Serviced Apartments		apartment_agent	6 Sheppards Yard, Figtree Hill	01442894642								overture:10fc10cf-dc4f-40ac-a26d-6a8488209e60	2026-08-15T13:57:19.273253Z		Canonical queue drain | fit A | GitHub MASTER dedupe passed	http://www.lettingservicedapartments.co.uk/		https://www.lettingservicedapartments.co.uk/booking-enquiry.html								High	Verified	https://explore.overturemaps.org/#id=10fc10cf-dc4f-40ac-a26d-6a8488209e60	Public Overture website; no usable Overture email. First-party public contact crawl required; no inference.				overture:10fc10cf-dc4f-40ac-a26d-6a8488209e60	lettingservicedapartments.co.uk	01442894642	letting serviced apartments	Hemel Hempstead	United Kingdom	HIGH	domain:lettingservicedapartments.co.uk
	A	91	Bristol	United Kingdom	The Chatfield Apartment BS1 1RT - By L'Avenir Properties Serviced Apartments		apartment_agent	Chatfield House, 1A Marsh Street	01633894293								overture:af9c4464-068d-442f-8e7f-4f9e5937a635	2026-08-15T13:57:19.273253Z		Canonical queue drain | fit A | GitHub MASTER dedupe passed	https://www.lavenirproperties.com/		https://www.lavenirproperties.com/contact								Permissive	Qualification	https://explore.overturemaps.org/#id=af9c4464-068d-442f-8e7f-4f9e5937a635	Public Overture website; no usable Overture email. First-party public contact crawl required; no inference.				overture:af9c4464-068d-442f-8e7f-4f9e5937a635	lavenirproperties.com	01633894293	the chatfield apartment bs1 1rt by l avenir properties serviced apartments	Bristol	United Kingdom	PERMISSIVE	domain:lavenirproperties.com
	A	91	Bexhill-on-sea	United Kingdom	Lacon Property Management		real_estate_agent	1 Bidwell Ave	01424 219848								overture:cafafd0e-cb69-4a85-a3ca-427169e300e6	2026-08-15T13:57:19.273253Z		Canonical queue drain | fit A | GitHub MASTER dedupe passed	http://www.laconpropertymanagement.co.uk	laconproperty@gmail.com									Permissive	Qualification	https://explore.overturemaps.org/#id=cafafd0e-cb69-4a85-a3ca-427169e300e6; https://laconpropertymanagement.co.uk/	Public Overture website; no usable Overture email. First-party public contact crawl required; no inference. Public business email recovered from first-party website; no inference.				overture:cafafd0e-cb69-4a85-a3ca-427169e300e6	laconpropertymanagement.co.uk	01424219848	lacon property management	Bexhill-on-sea	United Kingdom	PERMISSIVE	domain:laconpropertymanagement.co.uk
	A	91	Κέα	Greece	Porto Koundouros Villas		resort	Παραλία Κούνδουρου	2288 031111								overture:56dd485d-607a-4244-99f4-97476af8c60f	2026-08-15T13:57:19.273253Z		Canonical queue drain | fit A | GitHub MASTER dedupe passed	http://www.koundouros.gr			https://www.instagram.com/portokoundouros_beachvillas/							High	Verified	https://explore.overturemaps.org/#id=56dd485d-607a-4244-99f4-97476af8c60f; https://portokoundouros.gr/	Public Overture website; no usable Overture email. First-party public contact crawl required; no inference.				overture:56dd485d-607a-4244-99f4-97476af8c60f	koundouros.gr	2288031111	porto koundouros villas	Κέα	Greece	HIGH	domain:koundouros.gr
	A	91	Hertford	United Kingdom	Knight Property Management		rental_service	58 Riversmeet	01992308181								overture:ba77a0b5-d5f8-479b-ab5a-b65a2aa11647	2026-08-15T13:57:19.273253Z		Canonical queue drain | fit A | GitHub MASTER dedupe passed	http://www.knightpropertymanagement.co.uk/			https://www.instagram.com/knight_property_management/							High	Verified	https://explore.overturemaps.org/#id=ba77a0b5-d5f8-479b-ab5a-b65a2aa11647; https://www.knightpm.co.uk/	Public Overture website; no usable Overture email. First-party public contact crawl required; no inference.				overture:ba77a0b5-d5f8-479b-ab5a-b65a2aa11647	knightpropertymanagement.co.uk	01992308181	knight property management	Hertford	United Kingdom	HIGH	domain:knightpropertymanagement.co.uk
	A	91	Westcliff-on-Sea	United Kingdom	Kinggs Management Ltd		property_management	399 London Road	+441702436316								overture:55f69660-2c1f-4495-9ad5-4820314e6858	2026-08-15T13:57:19.273253Z		Canonical queue drain | fit A | GitHub MASTER dedupe passed	http://www.kinggsproperties.co.uk		http://www.kinggsproperties.co.uk/contact								Permissive	Qualification	https://explore.overturemaps.org/#id=55f69660-2c1f-4495-9ad5-4820314e6858	Public Overture website; no usable Overture email. First-party public contact crawl required; no inference.				overture:55f69660-2c1f-4495-9ad5-4820314e6858	kinggsproperties.co.uk	441702436316	kinggs management ltd	Westcliff-on-Sea	United Kingdom	PERMISSIVE	domain:kinggsproperties.co.uk
	A	91	Greensboro	USA	Keyrenter Triad Property Management			516 W Friendly Ave 1st Floor	3366007368								overture:1f75ce54-065a-4723-b56f-5d8dc464dfd7	2026-08-15T13:57:19.273253Z		Canonical queue drain | fit A | GitHub MASTER dedupe passed	https://keyrentertriad.com/		https://keyrentertriad.com/contact								Permissive	Qualification	https://explore.overturemaps.org/#id=1f75ce54-065a-4723-b56f-5d8dc464dfd7	Public Overture website; no usable Overture email. First-party public contact crawl required; no inference.				overture:1f75ce54-065a-4723-b56f-5d8dc464dfd7	keyrentertriad.com	3366007368	keyrenter triad property management	Greensboro	USA	PERMISSIVE	domain:keyrentertriad.com
	A	91	Ketchikan	Canada	Almost Home Vacation Rentals Ketchikan, Alaska		bed_and_breakfast	412 D-1 Loop Rd	+19072475337								overture:2e6f7081-7e89-4e90-bbeb-8d68801210d5	2026-08-15T13:57:19.273253Z		Canonical queue drain | fit A | GitHub MASTER dedupe passed	http://Ketchikan-Lodging.Com/		http://Ketchikan-Lodging.Com/reservations								Permissive	Qualification	https://explore.overturemaps.org/#id=2e6f7081-7e89-4e90-bbeb-8d68801210d5	Public Overture website; no usable Overture email. First-party public contact crawl required; no inference.				overture:2e6f7081-7e89-4e90-bbeb-8d68801210d5	ketchikan-lodging.com	19072475337	almost home vacation rentals ketchikan alaska	Ketchikan	Canada	PERMISSIVE	domain:ketchikan-lodging.com
	A	91	Solihull	United Kingdom	H K Property Management		real_estate_agent	15 Boscobel Rd	01564 702623								overture:274f9bb5-6c07-491c-b57d-47b4a8745a5b	2026-08-15T13:57:19.273253Z		Canonical queue drain | fit A | GitHub MASTER dedupe passed	http://kennellypm.co.uk		http://kennellypm.co.uk/contact								Permissive	Qualification	https://explore.overturemaps.org/#id=274f9bb5-6c07-491c-b57d-47b4a8745a5b	Public Overture website; no usable Overture email. First-party public contact crawl required; no inference.				overture:274f9bb5-6c07-491c-b57d-47b4a8745a5b	kennellypm.co.uk	01564702623	h k property management	Solihull	United Kingdom	PERMISSIVE	domain:kennellypm.co.uk
	A	91	Buckden	United Kingdom	Keeleys Lettings & Property Management		property_management	25 Silver St	01480 811313								overture:7674dd61-fdb9-46f0-b6ec-ba662f63f609	2026-08-15T13:57:19.273253Z		Canonical queue drain | fit A | GitHub MASTER dedupe passed	http://www.keeleys.info		http://www.keeleys.info/								Permissive	Qualification	https://explore.overturemaps.org/#id=7674dd61-fdb9-46f0-b6ec-ba662f63f609	Public Overture website; no usable Overture email. First-party public contact crawl required; no inference.				overture:7674dd61-fdb9-46f0-b6ec-ba662f63f609	keeleys.info	01480811313	keeleys lettings property management	Buckden	United Kingdom	PERMISSIVE	domain:keeleys.info
	A	91	Norwich	United Kingdom	JSM Property Management & Residential Lettings		property_management	Eloise House, 14 St	01603 630671								overture:93ed0e13-77dc-4790-b8e8-a151fbe297f2	2026-08-15T13:57:19.273253Z		Canonical queue drain | fit A | GitHub MASTER dedupe passed	http://www.jsmproperty.com		http://www.jsmproperty.com/contact								Permissive	Qualification	https://explore.overturemaps.org/#id=93ed0e13-77dc-4790-b8e8-a151fbe297f2	Public Overture website; no usable Overture email. First-party public contact crawl required; no inference.				overture:93ed0e13-77dc-4790-b8e8-a151fbe297f2	jsmproperty.com	01603630671	jsm property management residential lettings	Norwich	United Kingdom	PERMISSIVE	domain:jsmproperty.com
	A	91	Jenner	USA	Jenner Vacation Rentals			10439 Highway 1 Ste B	7078659905								overture:b29ee892-117e-414a-90af-21e7ac51d899	2026-08-15T13:57:19.273253Z		Canonical queue drain | fit A | GitHub MASTER dedupe passed	http://www.jennervacationrentals.com/			https://www.instagram.com/SPY77/							Permissive	Qualification	https://explore.overturemaps.org/#id=b29ee892-117e-414a-90af-21e7ac51d899; https://spy77yabuy.com/	Public Overture website; no usable Overture email. First-party public contact crawl required; no inference.				overture:b29ee892-117e-414a-90af-21e7ac51d899	jennervacationrentals.com	7078659905	jenner vacation rentals	Jenner	USA	PERMISSIVE	domain:jennervacationrentals.com
	A	91	Southampton	United Kingdom	J C M Property Management Ltd.			60 Britannia Gardens	01489786353								overture:c0703beb-d6c6-4c25-a325-4613d64d274e	2026-08-15T13:57:19.273253Z		Canonical queue drain | fit A | GitHub MASTER dedupe passed	http://www.jcmproperties.com/		http://www.jcmproperties.com/contact								Permissive	Qualification	https://explore.overturemaps.org/#id=c0703beb-d6c6-4c25-a325-4613d64d274e	Public Overture website; no usable Overture email. First-party public contact crawl required; no inference.				overture:c0703beb-d6c6-4c25-a325-4613d64d274e	jcmproperties.com	01489786353	j c m property management ltd	Southampton	United Kingdom	PERMISSIVE	domain:jcmproperties.com
	A	91	Shanklin	United Kingdom	Island Holiday Homes		pet_boarding	37 Regent St	01983866455								overture:b605a982-9e98-463e-a386-28dec9bd5a21	2026-08-15T13:57:19.273253Z		Canonical queue drain | fit A | GitHub MASTER dedupe passed	https://island-holiday-homes.net/			https://www.instagram.com/islandholidayhomes/							High	Verified	https://explore.overturemaps.org/#id=b605a982-9e98-463e-a386-28dec9bd5a21; https://www.islandholidayhomes.co.uk/	Public Overture website; no usable Overture email. First-party public contact crawl required; no inference.				overture:b605a982-9e98-463e-a386-28dec9bd5a21	island-holiday-homes.net	01983866455	island holiday homes	Shanklin	United Kingdom	HIGH	domain:island-holiday-homes.net
	A	91	Oxford	United Kingdom	Ireson-Bailey Property Management		building_contractor	40 Magdalen Road	07743275187								overture:bc127b0a-b294-43ee-b169-17061bf65b12	2026-08-15T13:57:19.273253Z		Canonical queue drain | fit A | GitHub MASTER dedupe passed	http://www.iresonbailey.co.uk/			https://www.instagram.com/iresonbaileyltd/							Permissive	Qualification	https://explore.overturemaps.org/#id=bc127b0a-b294-43ee-b169-17061bf65b12; https://www.ireson-bailey.co.uk/	Public Overture website; no usable Overture email. First-party public contact crawl required; no inference.				overture:bc127b0a-b294-43ee-b169-17061bf65b12	iresonbailey.co.uk	07743275187	ireson bailey property management	Oxford	United Kingdom	PERMISSIVE	domain:iresonbailey.co.uk
	A	91	Kidlington	United Kingdom	Intelligent Property Management And Letting		property_management	12 Banbury Road, First Floor	01993811111								overture:335605ad-feff-4d73-a2ee-c365995a505d	2026-08-15T13:57:19.273253Z		Canonical queue drain | fit A | GitHub MASTER dedupe passed	http://www.intelligent-property.co.uk/		http://www.intelligent-property.co.uk/contact								Permissive	Qualification	https://explore.overturemaps.org/#id=335605ad-feff-4d73-a2ee-c365995a505d	Public Overture website; no usable Overture email. First-party public contact crawl required; no inference.				overture:335605ad-feff-4d73-a2ee-c365995a505d	intelligent-property.co.uk	01993811111	intelligent property management and letting	Kidlington	United Kingdom	PERMISSIVE	domain:intelligent-property.co.uk
	A	91	NAPA	USA	Property Management In Napa CA Services			1601 Lincoln Ave	7073348582								overture:adf3e146-2fac-4655-a4e6-28f753406c47	2026-08-15T13:57:19.273253Z		Canonical queue drain | fit A | GitHub MASTER dedupe passed	http://propertymanagement.innapaca.com/		http://propertymanagement.innapaca.com/contact								Permissive	Qualification	https://explore.overturemaps.org/#id=adf3e146-2fac-4655-a4e6-28f753406c47	Public Overture website; no usable Overture email. First-party public contact crawl required; no inference.				overture:adf3e146-2fac-4655-a4e6-28f753406c47	innapaca.com	7073348582	property management in napa ca services	NAPA	USA	PERMISSIVE	domain:innapaca.com
	A	91	Whitefish	Canada	I Love Whitefish Vacation Rentals		holiday_rental_home	231 1st St	+18888717856								overture:a1dcb31e-641e-4bf5-9720-70fde199254f	2026-08-15T13:57:19.273253Z		Canonical queue drain | fit A | GitHub MASTER dedupe passed	https://ilovewhitefish.com			https://www.instagram.com/gostaymt/							High	Verified	https://explore.overturemaps.org/#id=a1dcb31e-641e-4bf5-9720-70fde199254f; https://www.staymontana.com/	Public Overture website; no usable Overture email. First-party public contact crawl required; no inference.				overture:a1dcb31e-641e-4bf5-9720-70fde199254f	ilovewhitefish.com	18888717856	i love whitefish vacation rentals	Whitefish	Canada	HIGH	domain:ilovewhitefish.com
	A	91	Neal's Green	United Kingdom	Hope Property Managements		property_management	Ricoh Arena Phoenix Way	024 7622 1311								overture:d0f46507-2363-4545-900b-9f7155618b0a	2026-08-15T13:57:19.273253Z		Canonical queue drain | fit A | GitHub MASTER dedupe passed	http://www.hpmcov.co.uk		http://www.hpmcov.co.uk/contact								Permissive	Qualification	https://explore.overturemaps.org/#id=d0f46507-2363-4545-900b-9f7155618b0a	Public Overture website; no usable Overture email. First-party public contact crawl required; no inference.				overture:d0f46507-2363-4545-900b-9f7155618b0a	hpmcov.co.uk	02476221311	hope property managements	Neal's Green	United Kingdom	PERMISSIVE	domain:hpmcov.co.uk
	A	91	Norwich	United Kingdom	Norwich ApartHotel		service_apartment	17 Colegate	+441603477522								overture:0ce676fd-79e8-4f36-9616-6aa7c9d87f41	2026-08-15T13:57:19.273253Z		Canonical queue drain | fit A | GitHub MASTER dedupe passed	http://hospitalitynorfolk.com/					https://api.whatsapp.com/send?phone=447788457595					High	Verified	https://explore.overturemaps.org/#id=0ce676fd-79e8-4f36-9616-6aa7c9d87f41	Public Overture website; no usable Overture email. First-party public contact crawl required; no inference.				overture:0ce676fd-79e8-4f36-9616-6aa7c9d87f41	hospitalitynorfolk.com	441603477522	norwich aparthotel	Norwich	United Kingdom	HIGH	domain:hospitalitynorfolk.com
	A	91	Christchurch	United Kingdom	Brook End Luxury Self Catering		lodge	136 Stony Lane, Burton	01202252572								overture:fddda79d-6817-4999-9510-d3d60c37fae6	2026-08-15T13:57:19.273253Z		Canonical queue drain | fit A | GitHub MASTER dedupe passed	https://www.hornbeams.net/		https://www.hornbeams.net/about-us.html								Medium	Recall-first	https://explore.overturemaps.org/#id=fddda79d-6817-4999-9510-d3d60c37fae6	Public Overture website; no usable Overture email. First-party public contact crawl required; no inference.				overture:fddda79d-6817-4999-9510-d3d60c37fae6	hornbeams.net	01202252572	brook end luxury self catering	Christchurch	United Kingdom	MEDIUM	domain:hornbeams.net
	A	91	Thetford	United Kingdom	Holly Farm Cottages		hotel	Holly Farm, High Common	+441362821468								overture:88b9976e-c222-4bba-a273-712731b4070c	2026-08-15T13:57:19.273253Z		Canonical queue drain | fit A | GitHub MASTER dedupe passed	http://www.hollyfarmcottages.co.uk/		http://www.hollyfarmcottages.co.uk/contact								Permissive	Qualification	https://explore.overturemaps.org/#id=88b9976e-c222-4bba-a273-712731b4070c	Public Overture website; no usable Overture email. First-party public contact crawl required; no inference.				overture:88b9976e-c222-4bba-a273-712731b4070c	hollyfarmcottages.co.uk	441362821468	holly farm cottages	Thetford	United Kingdom	PERMISSIVE	domain:hollyfarmcottages.co.uk
	A	91	Bury St. Edmunds	United Kingdom	Holiday Rental Agency		cabin	9 Guildhall St	0844 332 0127								overture:1487cfbb-c8dd-452f-9c38-b17a9922d2e6	2026-08-15T13:57:19.273253Z		Canonical queue drain | fit A | GitHub MASTER dedupe passed	http://www.holidayrentalagency.com		http://www.holidayrentalagency.com/contact								Permissive	Qualification	https://explore.overturemaps.org/#id=1487cfbb-c8dd-452f-9c38-b17a9922d2e6	Public Overture website; no usable Overture email. First-party public contact crawl required; no inference.				overture:1487cfbb-c8dd-452f-9c38-b17a9922d2e6	holidayrentalagency.com	08443320127	holiday rental agency	Bury St. Edmunds	United Kingdom	PERMISSIVE	domain:holidayrentalagency.com
	A	91	Golden	Canada	Harnett's Holiday Home		hotel	1678 Golden Donald Upper Rd	(403) 969-1114								overture:0196bce8-2494-40a7-a3a1-96fd07aea270	2026-08-15T13:57:19.273253Z		Canonical queue drain | fit A | GitHub MASTER dedupe passed	http://www.holidayhome.ca		http://www.holidayhome.ca/contact								Permissive	Qualification	https://explore.overturemaps.org/#id=0196bce8-2494-40a7-a3a1-96fd07aea270	Public Overture website; no usable Overture email. First-party public contact crawl required; no inference.				overture:0196bce8-2494-40a7-a3a1-96fd07aea270	holidayhome.ca	4039691114	harnett s holiday home	Golden	Canada	PERMISSIVE	domain:holidayhome.ca
	A	91	Canvey Island	United Kingdom	Heale Property Management		property_management	87 High Street	+441268515121								overture:a9f1dfe5-403d-4bb0-af5f-2d1daa935904	2026-08-15T13:57:19.273253Z		Canonical queue drain | fit A | GitHub MASTER dedupe passed	http://www.healeproperty.co.uk/		https://healeproperty.co.uk/about.php								Permissive	Qualification	https://explore.overturemaps.org/#id=a9f1dfe5-403d-4bb0-af5f-2d1daa935904	Public Overture website; no usable Overture email. First-party public contact crawl required; no inference.				overture:a9f1dfe5-403d-4bb0-af5f-2d1daa935904	healeproperty.co.uk	441268515121	heale property management	Canvey Island	United Kingdom	PERMISSIVE	domain:healeproperty.co.uk
	A	91	Bristol	United Kingdom	Hanover Property Management		assisted_living_facility	The Grange, Saville Rd	0117 968 3814								overture:3a52db80-ad73-4923-b16e-633221a6b775	2026-08-15T13:57:19.273253Z		Canonical queue drain | fit A | GitHub MASTER dedupe passed	http://www.hanover.org.uk			https://www.instagram.com/anchorlaterlife/							Medium	Recall-first	https://explore.overturemaps.org/#id=3a52db80-ad73-4923-b16e-633221a6b775; https://www.anchor.org.uk/	Public Overture website; no usable Overture email. First-party public contact crawl required; no inference.				overture:3a52db80-ad73-4923-b16e-633221a6b775	hanover.org.uk	01179683814	hanover property management	Bristol	United Kingdom	MEDIUM	domain:hanover.org.uk
	A	91	Lymington	United Kingdom	Halcyon Holiday Cottages		cabin	101 Ramley Rd	07515 881329								overture:a4623d69-5cee-4ba5-be08-42f7fbdb8494	2026-08-15T13:57:19.273253Z		Canonical queue drain | fit A | GitHub MASTER dedupe passed	http://www.halcyonholidaycottages.co.uk						http://www.halcyonholidaycottages.co.uk/Halcyan.css				High	Verified	https://explore.overturemaps.org/#id=a4623d69-5cee-4ba5-be08-42f7fbdb8494	Public Overture website; no usable Overture email. First-party public contact crawl required; no inference.				overture:a4623d69-5cee-4ba5-be08-42f7fbdb8494	halcyonholidaycottages.co.uk	07515881329	halcyon holiday cottages	Lymington	United Kingdom	HIGH	domain:halcyonholidaycottages.co.uk
	A	91	Evesham	United Kingdom	Grosvenor Business & Property Management Services			14 Overbrook	01386 760456								overture:bf74643a-3e34-4dad-bea0-f8d9954a5b43	2026-08-15T13:57:19.273253Z		Canonical queue drain | fit A | GitHub MASTER dedupe passed	http://www.grosvenormanagement.co.uk		http://www.grosvenormanagement.co.uk/contact								Permissive	Qualification	https://explore.overturemaps.org/#id=bf74643a-3e34-4dad-bea0-f8d9954a5b43	Public Overture website; no usable Overture email. First-party public contact crawl required; no inference.				overture:bf74643a-3e34-4dad-bea0-f8d9954a5b43	grosvenormanagement.co.uk	01386760456	grosvenor business property management services	Evesham	United Kingdom	PERMISSIVE	domain:grosvenormanagement.co.uk
	A	91	Leominster	United Kingdom	Forge Holiday Cottages		hotel	2&3 Forge Cottages, Staunton-on-Arrow, Leominster, Herefordshire									overture:fe6e25cf-e288-46e2-a8b0-6a77d7f23caa	2026-08-15T13:57:19.273253Z		Canonical queue drain | fit A | GitHub MASTER dedupe passed	https://forge-holidaycottages.co.uk/		https://forge-holidaycottages.co.uk/contact/				https://forge-holidaycottages.co.uk/accommodations/				High	Verified	https://explore.overturemaps.org/#id=fe6e25cf-e288-46e2-a8b0-6a77d7f23caa	Public Overture website; no usable Overture email. First-party public contact crawl required; no inference.				overture:fe6e25cf-e288-46e2-a8b0-6a77d7f23caa	forge-holidaycottages.co.uk		forge holiday cottages	Leominster	United Kingdom	HIGH	domain:forge-holidaycottages.co.uk
	A	91	Bishop's Stortford	United Kingdom	First Property Management		property_management	33 Church Manor	01279 659965								overture:5e068b77-a35d-4299-9286-935182495795	2026-08-15T13:57:19.273253Z		Canonical queue drain | fit A | GitHub MASTER dedupe passed	http://www.firstpropertymanagement.co.uk		http://www.firstpropertymanagement.co.uk/contact								Permissive	Qualification	https://explore.overturemaps.org/#id=5e068b77-a35d-4299-9286-935182495795	Public Overture website; no usable Overture email. First-party public contact crawl required; no inference.				overture:5e068b77-a35d-4299-9286-935182495795	firstpropertymanagement.co.uk	01279659965	first property management	Bishop's Stortford	United Kingdom	PERMISSIVE	domain:firstpropertymanagement.co.uk
	A	91	Fayetteville	USA	Peery's Property Management		property_management	5135 Morganton Rd Ste 104	9104248878								overture:ccf20395-4b03-4569-b6a2-88253229b9a2	2026-08-15T13:57:19.273253Z		Canonical queue drain | fit A | GitHub MASTER dedupe passed	http://fayncrentals.com/						https://www.fayncrentals.com/feed/atom				Medium	Recall-first	https://explore.overturemaps.org/#id=ccf20395-4b03-4569-b6a2-88253229b9a2	Public Overture website; no usable Overture email. First-party public contact crawl required; no inference.				overture:ccf20395-4b03-4569-b6a2-88253229b9a2	fayncrentals.com	9104248878	peery s property management	Fayetteville	USA	MEDIUM	domain:fayncrentals.com
	A	91	Dagenham	United Kingdom	Excel Property Management		property_management	3-4 Radio Lane	020 8709 7940								overture:0a64b94b-d08e-4cb2-bdcf-1b4fac7199a9	2026-08-15T13:57:19.273253Z		Canonical queue drain | fit A | GitHub MASTER dedupe passed	http://www.excellhomes.co.uk			https://www.instagram.com/excelltimberwindows/							Permissive	Qualification	https://explore.overturemaps.org/#id=0a64b94b-d08e-4cb2-bdcf-1b4fac7199a9; https://excelltimberwindows.co.uk/	Public Overture website; no usable Overture email. First-party public contact crawl required; no inference.				overture:0a64b94b-d08e-4cb2-bdcf-1b4fac7199a9	excellhomes.co.uk	02087097940	excel property management	Dagenham	United Kingdom	PERMISSIVE	domain:excellhomes.co.uk
	A	91	Newark	USA	Eureka Property Management		graphic_designer	39980 Eureka Dr	+15104909045								overture:78fdfeef-0ebd-4198-a1ab-accc5e62d29a	2026-08-15T13:57:19.273253Z		Canonical queue drain | fit A | GitHub MASTER dedupe passed	http://eurekaallseasons.com		https://www.eurekaallseasons.com/contact.php								Medium	Recall-first	https://explore.overturemaps.org/#id=78fdfeef-0ebd-4198-a1ab-accc5e62d29a	Public Overture website; no usable Overture email. First-party public contact crawl required; no inference.				overture:78fdfeef-0ebd-4198-a1ab-accc5e62d29a	eurekaallseasons.com	15104909045	eureka property management	Newark	USA	MEDIUM	domain:eurekaallseasons.com
	A	91	Calgary	Canada	Envision Property Management		property_management	3907 3A St NE	4032292113								overture:58e68304-943c-47bb-bb2d-26ad49911eac	2026-08-15T13:57:19.273253Z		Canonical queue drain | fit A | GitHub MASTER dedupe passed	https://envisionproperty.ca/contact-us/		https://envisionproperty.ca/about-us/								Permissive	Qualification	https://explore.overturemaps.org/#id=58e68304-943c-47bb-bb2d-26ad49911eac	Public Overture website; no usable Overture email. First-party public contact crawl required; no inference.				overture:58e68304-943c-47bb-bb2d-26ad49911eac	envisionproperty.ca	4032292113	envision property management	Calgary	Canada	PERMISSIVE	domain:envisionproperty.ca
	A	91	Cranbrook	Canada	EK Property Management		property_management	25 10th Ave S	(250) 581-0454								overture:369ba1b2-5d6b-4181-b14a-7b33972aaae6	2026-08-15T13:57:19.273253Z		Canonical queue drain | fit A | GitHub MASTER dedupe passed	https://www.ekpm.ca		https://ekpm.ca/wp-content/plugins/contact-form-7/includes/css/styles.css?ver=6.1.6								Permissive	Qualification	https://explore.overturemaps.org/#id=369ba1b2-5d6b-4181-b14a-7b33972aaae6	Public Overture website; no usable Overture email. First-party public contact crawl required; no inference.				overture:369ba1b2-5d6b-4181-b14a-7b33972aaae6	ekpm.ca	2505810454	ek property management	Cranbrook	Canada	PERMISSIVE	domain:ekpm.ca
	A	91	Wareham	United Kingdom	Durdle Door Holiday Home Sales		rv_park	Main Road	+447596565508								overture:29a9475a-4c68-490e-87bb-ad05485de9b0	2026-08-15T13:57:19.273253Z		Canonical queue drain | fit A | GitHub MASTER dedupe passed	https://durdledoor.co.uk/		https://www.durdledoor.co.uk/contact								Permissive	Qualification	https://explore.overturemaps.org/#id=29a9475a-4c68-490e-87bb-ad05485de9b0	Public Overture website; no usable Overture email. First-party public contact crawl required; no inference.				overture:29a9475a-4c68-490e-87bb-ad05485de9b0	durdledoor.co.uk	447596565508	durdle door holiday home sales	Wareham	United Kingdom	PERMISSIVE	domain:durdledoor.co.uk
	A	91	Bishop's Waltham	United Kingdom	Dunhill Property Management		property_management	3 Red Lion St	01489 892225								overture:24fe4d11-16a9-45f4-a700-87f4b76fc22d	2026-08-15T13:57:19.273253Z		Canonical queue drain | fit A | GitHub MASTER dedupe passed	http://www.dunhillproperty.co.uk			https://www.instagram.com/rightmoveuk/							High	Verified	https://explore.overturemaps.org/#id=24fe4d11-16a9-45f4-a700-87f4b76fc22d; https://www.rightmove.co.uk/estate-agents/agent/Dunhill-Property-Management/Southampton-13030.html	Public Overture website; no usable Overture email. First-party public contact crawl required; no inference.				overture:24fe4d11-16a9-45f4-a700-87f4b76fc22d	dunhillproperty.co.uk	01489892225	dunhill property management	Bishop's Waltham	United Kingdom	HIGH	domain:dunhillproperty.co.uk
	A	91	Southampton	United Kingdom	Denford Property Management		property_management	73-75 Millbrook Road East	02380386970								overture:17e2868b-b87e-4b14-9826-d2c07526f7ca	2026-08-15T13:57:19.273253Z		Canonical queue drain | fit A | GitHub MASTER dedupe passed	http://www.dpmhampshire.co.uk/		http://www.dpmhampshire.co.uk/about-us.html								Permissive	Qualification	https://explore.overturemaps.org/#id=17e2868b-b87e-4b14-9826-d2c07526f7ca	Public Overture website; no usable Overture email. First-party public contact crawl required; no inference.				overture:17e2868b-b87e-4b14-9826-d2c07526f7ca	dpmhampshire.co.uk	02380386970	denford property management	Southampton	United Kingdom	PERMISSIVE	domain:dpmhampshire.co.uk
	A	91	Dover	Canada	Evergreen by the Lake Vacation Rental Home at Dover Bay Resort		holiday_rental_home	650 Pomrankey Loop	+12085961056								overture:dc7c41d8-c6e0-4df3-8896-0ee6bda5472b	2026-08-15T13:57:19.273253Z		Canonical queue drain | fit A | GitHub MASTER dedupe passed	http://www.doverbaybungalows.com/evergreen-by-the-lake.shtml		http://www.doverbaybungalows.com/contact								Permissive	Qualification	https://explore.overturemaps.org/#id=dc7c41d8-c6e0-4df3-8896-0ee6bda5472b	Public Overture website; no usable Overture email. First-party public contact crawl required; no inference.				overture:dc7c41d8-c6e0-4df3-8896-0ee6bda5472b	doverbaybungalows.com	12085961056	evergreen by the lake vacation rental home at dover bay resort	Dover	Canada	PERMISSIVE	domain:doverbaybungalows.com
	A	91	England-Wales-Scotland-Core::g12of3x2::lane=site-recovery	United Kingdom	Dovecote Garden Holiday Cottages		hotel	Old Coach House The Lane	+441323870323								overture:c7bc274e-d76f-4311-bd05-3b5c33042a7f	2026-08-15T13:57:19.273253Z		Canonical queue drain | fit A | GitHub MASTER dedupe passed	http://www.dovecotegarden.co.uk						https://www.dovecotegarden.co.uk/holidaycottages.html				High	Verified	https://explore.overturemaps.org/#id=c7bc274e-d76f-4311-bd05-3b5c33042a7f	Public Overture website; no usable Overture email. First-party public contact crawl required; no inference.				overture:c7bc274e-d76f-4311-bd05-3b5c33042a7f	dovecotegarden.co.uk	441323870323	dovecote garden holiday cottages	England-Wales-Scotland-Core::g12of3x2::lane=site-recovery	United Kingdom	HIGH	domain:dovecotegarden.co.uk
	A	91	Durango	USA	Double R Property Management, LLC		vacation_rental_agent	44 Sheol St	8476243213								overture:042701ac-4452-4b11-a970-82a8526320e9	2026-08-15T13:57:19.273253Z		Canonical queue drain | fit A | GitHub MASTER dedupe passed	http://www.doublerpropertymanagement.com/		http://www.doublerpropertymanagement.com/contact								Permissive	Qualification	https://explore.overturemaps.org/#id=042701ac-4452-4b11-a970-82a8526320e9	Public Overture website; no usable Overture email. First-party public contact crawl required; no inference.				overture:042701ac-4452-4b11-a970-82a8526320e9	doublerpropertymanagement.com	8476243213	double r property management llc	Durango	USA	PERMISSIVE	domain:doublerpropertymanagement.com
	A	91	Norwich	United Kingdom	Feathers dogs holiday home		bar	25 Firs Road	+447803311753								overture:ab230e3d-9a2b-453e-a31b-2b28c4138de7	2026-08-15T13:57:19.273253Z		Canonical queue drain | fit A | GitHub MASTER dedupe passed	http://dogbuddy.com/JWYZY		https://uk.dogbuddy.com/about								Permissive	Qualification	https://explore.overturemaps.org/#id=ab230e3d-9a2b-453e-a31b-2b28c4138de7	Public Overture website; no usable Overture email. First-party public contact crawl required; no inference.				overture:ab230e3d-9a2b-453e-a31b-2b28c4138de7	dogbuddy.com	447803311753	feathers dogs holiday home	Norwich	United Kingdom	PERMISSIVE	domain:dogbuddy.com
	A	91	Bellingdon	United Kingdom	Docwra Property Management		electrician	Meadow View	01494 758585								overture:09c81ac1-63e0-414f-9a5f-358a2296949f	2026-08-15T13:57:19.273253Z		Canonical queue drain | fit A | GitHub MASTER dedupe passed	http://www.docwra.co.uk		https://www.docwra.co.uk/contact								Permissive	Qualification	https://explore.overturemaps.org/#id=09c81ac1-63e0-414f-9a5f-358a2296949f	Public Overture website; no usable Overture email. First-party public contact crawl required; no inference.				overture:09c81ac1-63e0-414f-9a5f-358a2296949f	docwra.co.uk	01494758585	docwra property management	Bellingdon	United Kingdom	PERMISSIVE	domain:docwra.co.uk
	A	91	Marden	United Kingdom	DMG Property Management		real_estate_agent	Aspect House, Pattenden Lane Suite 7	01622 831017								overture:69f91283-5bf6-4a5a-b91a-7869a63f25c1	2026-08-15T13:57:19.273253Z		Canonical queue drain | fit A | GitHub MASTER dedupe passed	http://www.dmgproperty.co.uk		https://dmgproperty.co.uk/contact								Permissive	Qualification	https://explore.overturemaps.org/#id=69f91283-5bf6-4a5a-b91a-7869a63f25c1	Public Overture website; no usable Overture email. First-party public contact crawl required; no inference.				overture:69f91283-5bf6-4a5a-b91a-7869a63f25c1	dmgproperty.co.uk	01622831017	dmg property management	Marden	United Kingdom	PERMISSIVE	domain:dmgproperty.co.uk
	A	91	Cambridge	United Kingdom	Crofton Property Management		property_management	98A Mill Road	01223566664								overture:4e290cdb-2b61-4ae5-9337-e9dc57b629f4	2026-08-15T13:57:19.273253Z		Canonical queue drain | fit A | GitHub MASTER dedupe passed	http://www.cpmltd.com/		http://www.cpmltd.com/contact								Permissive	Qualification	https://explore.overturemaps.org/#id=4e290cdb-2b61-4ae5-9337-e9dc57b629f4	Public Overture website; no usable Overture email. First-party public contact crawl required; no inference.				overture:4e290cdb-2b61-4ae5-9337-e9dc57b629f4	cpmltd.com	01223566664	crofton property management	Cambridge	United Kingdom	PERMISSIVE	domain:cpmltd.com
	A	91	Monterey	USA	Creative Property Management		corporate_or_business_office	1220 Del Monte Ave	(831) 649-3631								overture:f3b97486-9697-4602-9131-e7ff89e7a1ae	2026-08-15T13:57:19.273253Z		Canonical queue drain | fit A | GitHub MASTER dedupe passed	http://www.cpm1.us		https://www.cpm1.us/contact.html								Permissive	Qualification	https://explore.overturemaps.org/#id=f3b97486-9697-4602-9131-e7ff89e7a1ae	Public Overture website; no usable Overture email. First-party public contact crawl required; no inference.				overture:f3b97486-9697-4602-9131-e7ff89e7a1ae	cpm1.us	8316493631	creative property management	Monterey	USA	PERMISSIVE	domain:cpm1.us
	A	91	Windsor	United Kingdom	Courtyard Serviced Apartments			The Courtyard, 4 High St	01753257594								overture:5afd5043-b9cd-413f-b68e-ad74de04297f	2026-08-15T13:57:19.273253Z		Canonical queue drain | fit A | GitHub MASTER dedupe passed	http://www.courtyard-apartments-windsor.co.uk/						https://www.courtyard-apartments-windsor.co.uk/accommodation-windsor.htm				High	Verified	https://explore.overturemaps.org/#id=5afd5043-b9cd-413f-b68e-ad74de04297f	Public Overture website; no usable Overture email. First-party public contact crawl required; no inference.				overture:5afd5043-b9cd-413f-b68e-ad74de04297f	courtyard-apartments-windsor.co.uk	01753257594	courtyard serviced apartments	Windsor	United Kingdom	HIGH	domain:courtyard-apartments-windsor.co.uk
	A	91	Lloret de Mar	Spain	ApartHotel Costa Encantada		resort	Camí de Santa Cristina a Les Alegries, s/n	972368310								overture:300290b6-fce7-4548-8611-3c29880009c7	2026-08-15T13:57:19.273253Z		Canonical queue drain | fit A | GitHub MASTER dedupe passed	http://www.costaencantada.com/			https://www.instagram.com/marsolhotels/							High	Verified	https://explore.overturemaps.org/#id=300290b6-fce7-4548-8611-3c29880009c7; https://www.marsolhotels.com/es/costa-encantada-suites-resort.html	Public Overture website; no usable Overture email. First-party public contact crawl required; no inference.				overture:300290b6-fce7-4548-8611-3c29880009c7	costaencantada.com	972368310	aparthotel costa encantada	Lloret de Mar	Spain	HIGH	domain:costaencantada.com
	A	91	Farnborough	United Kingdom	Zebra Serviced Apartments		lodging	The Hub, Fowler Ave	01252 854422								overture:711bbd4f-38d5-4032-813e-42e6c1583d49	2026-08-15T13:57:19.273253Z		Canonical queue drain | fit A | GitHub MASTER dedupe passed	https://continentalapartments.co.uk/contractors-serviced-apartment		https://continentalapartments.co.uk/contact								Permissive	Qualification	https://explore.overturemaps.org/#id=711bbd4f-38d5-4032-813e-42e6c1583d49	Public Overture website; no usable Overture email. First-party public contact crawl required; no inference.				overture:711bbd4f-38d5-4032-813e-42e6c1583d49	continentalapartments.co.uk	01252854422	zebra serviced apartments	Farnborough	United Kingdom	PERMISSIVE	domain:continentalapartments.co.uk
	A	91	Calgary	Canada	Condo4Rent Property Management		property_management	8 Sunmeadows Pl SE	+14036693281								overture:268c4078-0b9a-4050-8f54-bdcf749d47e0	2026-08-15T13:57:19.273253Z		Canonical queue drain | fit A | GitHub MASTER dedupe passed	http://www.condo4rentyyc.ca/		https://www.condo4rentyyc.ca/contact								Permissive	Qualification	https://explore.overturemaps.org/#id=268c4078-0b9a-4050-8f54-bdcf749d47e0	Public Overture website; no usable Overture email. First-party public contact crawl required; no inference.				overture:268c4078-0b9a-4050-8f54-bdcf749d47e0	condo4rentyyc.ca	14036693281	condo4rent property management	Calgary	Canada	PERMISSIVE	domain:condo4rentyyc.ca
	A	91	Norwich	United Kingdom	Compass Property Management		property_management	191 Queens Rd	0843 289 3075								overture:01d31c3a-9072-4598-949c-e4589a759006	2026-08-15T13:57:19.273253Z		Canonical queue drain | fit A | GitHub MASTER dedupe passed	http://www.compasspropertymanagement.co.uk		https://www.compasspropertymanagement.co.uk/contact								Permissive	Qualification	https://explore.overturemaps.org/#id=01d31c3a-9072-4598-949c-e4589a759006	Public Overture website; no usable Overture email. First-party public contact crawl required; no inference.				overture:01d31c3a-9072-4598-949c-e4589a759006	compasspropertymanagement.co.uk	08432893075	compass property management	Norwich	United Kingdom	PERMISSIVE	domain:compasspropertymanagement.co.uk
	A	91	Birmingham	United Kingdom	Comfort Zone Serviced Apartments		hotel	180 Granville Street	01212701915								overture:d83f0384-bfc1-4597-9bc5-7ce1f55c4527	2026-08-15T13:57:19.273253Z		Canonical queue drain | fit A | GitHub MASTER dedupe passed	http://www.comfortzoneapartments.com/		http://www.comfortzoneapartments.com/contact								Permissive	Qualification	https://explore.overturemaps.org/#id=d83f0384-bfc1-4597-9bc5-7ce1f55c4527	Public Overture website; no usable Overture email. First-party public contact crawl required; no inference.				overture:d83f0384-bfc1-4597-9bc5-7ce1f55c4527	comfortzoneapartments.com	01212701915	comfort zone serviced apartments	Birmingham	United Kingdom	PERMISSIVE	domain:comfortzoneapartments.com
	A	91	Calgary	Canada	Coldwell Banker MC Property Management		property_management	4620 MacLeod Trl SW	+14037756950								overture:61afab3a-9847-4451-aa3c-0a3f923995bf	2026-08-15T13:57:19.273253Z		Canonical queue drain | fit A | GitHub MASTER dedupe passed	http://www.coldwellbankerpm.ca/		http://www.coldwellbankerpm.ca/contact								Permissive	Qualification	https://explore.overturemaps.org/#id=61afab3a-9847-4451-aa3c-0a3f923995bf	Public Overture website; no usable Overture email. First-party public contact crawl required; no inference.				overture:61afab3a-9847-4451-aa3c-0a3f923995bf	coldwellbankerpm.ca	14037756950	coldwell banker mc property management	Calgary	Canada	PERMISSIVE	domain:coldwellbankerpm.ca
	A	91	Hevingham	United Kingdom	Self Catering Caravans		holiday_rental_home	Brick Kiln Rd	0870 112 5969								overture:6677ed81-946b-492e-b6e1-792940ff3aca	2026-08-15T13:57:19.273253Z		Canonical queue drain | fit A | GitHub MASTER dedupe passed	http://www.cobbleacrelakes.co.uk			https://www.instagram.com/cobbleacrepark/							High	Verified	https://explore.overturemaps.org/#id=6677ed81-946b-492e-b6e1-792940ff3aca; https://www.cobbleacre.co.uk/	Public Overture website; no usable Overture email. First-party public contact crawl required; no inference.				overture:6677ed81-946b-492e-b6e1-792940ff3aca	cobbleacrelakes.co.uk	08701125969	self catering caravans	Hevingham	United Kingdom	HIGH	domain:cobbleacrelakes.co.uk
	A	91	Seaford	United Kingdom	Coast To Country Lettings And Property Management			2 The Courtyard Saxon Lane	01323898911								overture:471de2b8-e8eb-444e-b9d0-3a61fa688cf9	2026-08-15T13:57:19.273253Z		Canonical queue drain | fit A | GitHub MASTER dedupe passed	http://www.coasttocountrylettings.co.uk/		https://coasttocountrylettings.co.uk/								Medium	Recall-first	https://explore.overturemaps.org/#id=471de2b8-e8eb-444e-b9d0-3a61fa688cf9	Public Overture website; no usable Overture email. First-party public contact crawl required; no inference.				overture:471de2b8-e8eb-444e-b9d0-3a61fa688cf9	coasttocountrylettings.co.uk	01323898911	coast to country lettings and property management	Seaford	United Kingdom	MEDIUM	domain:coasttocountrylettings.co.uk
	A	91	Northampton	United Kingdom	Clayson Property Management		property_management	345 Wellingborough Rd	01604 628602								overture:9d514110-ec14-44ec-9a59-116d83900788	2026-08-15T13:57:19.273253Z		Canonical queue drain | fit A | GitHub MASTER dedupe passed	http://www.claysongroup.com		https://claysongroup.com/								Medium	Recall-first	https://explore.overturemaps.org/#id=9d514110-ec14-44ec-9a59-116d83900788	Public Overture website; no usable Overture email. First-party public contact crawl required; no inference.				overture:9d514110-ec14-44ec-9a59-116d83900788	claysongroup.com	01604628602	clayson property management	Northampton	United Kingdom	MEDIUM	domain:claysongroup.com
	A	91	Benfleet	United Kingdom	Charter House Property Management		real_estate_agent	Pinnacle House, 2-10, Rectory Rd	01702 513127								overture:e94f8d5d-34c3-4c65-b2ba-94ad6f06490b	2026-08-15T13:57:19.273253Z		Canonical queue drain | fit A | GitHub MASTER dedupe passed	http://www.chpm.co.uk		https://www.chpm.co.uk/about-us.html								Permissive	Qualification	https://explore.overturemaps.org/#id=e94f8d5d-34c3-4c65-b2ba-94ad6f06490b	Public Overture website; no usable Overture email. First-party public contact crawl required; no inference.				overture:e94f8d5d-34c3-4c65-b2ba-94ad6f06490b	chpm.co.uk	01702513127	charter house property management	Benfleet	United Kingdom	PERMISSIVE	domain:chpm.co.uk
	A	91	London	United Kingdom	Notting Hill		service_apartment	74 Ladbroke Grove	+442072291011								overture:6e49a2cd-ccd1-438b-b478-b468823d9a12	2026-08-15T13:57:19.273253Z		Canonical queue drain | fit A | GitHub MASTER dedupe passed	http://www.check-in-london.com			https://www.instagram.com/checkinapts/							High	Verified	https://explore.overturemaps.org/#id=6e49a2cd-ccd1-438b-b478-b468823d9a12; https://www.checkinapartments.com/	Public Overture website; no usable Overture email. First-party public contact crawl required; no inference.				overture:6e49a2cd-ccd1-438b-b478-b468823d9a12	check-in-london.com	442072291011	notting hill	London	United Kingdom	HIGH	domain:check-in-london.com
	A	91	Oxted	United Kingdom	Chartwell Lettings & Property Management			45 Stoneleigh Road	01883715261								overture:fa7f9df8-c37b-42ca-a576-ae5d7e39d27e	2026-08-15T13:57:19.273253Z		Canonical queue drain | fit A | GitHub MASTER dedupe passed	http://www.chartwelllettings.co.uk/		https://chartwelllettings.co.uk/about-us/								Permissive	Qualification	https://explore.overturemaps.org/#id=fa7f9df8-c37b-42ca-a576-ae5d7e39d27e	Public Overture website; no usable Overture email. First-party public contact crawl required; no inference.				overture:fa7f9df8-c37b-42ca-a576-ae5d7e39d27e	chartwelllettings.co.uk	01883715261	chartwell lettings property management	Oxted	United Kingdom	PERMISSIVE	domain:chartwelllettings.co.uk
	A	91	St. Margarets Bay	United Kingdom	Calais View Garden Apartment		hotel	Calais View Cottage	01304 853147								overture:310e98a2-ed83-4ca6-a1a7-c99cccd5053f	2026-08-15T13:57:19.273253Z		Canonical queue drain | fit A | GitHub MASTER dedupe passed	http://www.calaisview.co.uk		http://www.calaisview.co.uk/contact								Permissive	Qualification	https://explore.overturemaps.org/#id=310e98a2-ed83-4ca6-a1a7-c99cccd5053f	Public Overture website; no usable Overture email. First-party public contact crawl required; no inference.				overture:310e98a2-ed83-4ca6-a1a7-c99cccd5053f	calaisview.co.uk	01304853147	calais view garden apartment	St. Margarets Bay	United Kingdom	PERMISSIVE	domain:calaisview.co.uk
	A	91	Bristol	United Kingdom	Bury Hill Farm Holiday Let Bristol		hotel	Cuckoo Lane, Winterbourne Down	+447884236788								overture:9dc1f5ad-d60e-46fd-a3af-ef3bac4865c5	2026-08-15T13:57:19.273253Z		Canonical queue drain | fit A | GitHub MASTER dedupe passed	http://www.buryhillfarmbristol.com/		http://www.buryhillfarmbristol.com/contact								Permissive	Qualification	https://explore.overturemaps.org/#id=9dc1f5ad-d60e-46fd-a3af-ef3bac4865c5	Public Overture website; no usable Overture email. First-party public contact crawl required; no inference.				overture:9dc1f5ad-d60e-46fd-a3af-ef3bac4865c5	buryhillfarmbristol.com	447884236788	bury hill farm holiday let bristol	Bristol	United Kingdom	PERMISSIVE	domain:buryhillfarmbristol.com
	A	91	Chichester	United Kingdom	Bunn leisure holiday home		hotel	West Sands Lane, Chichester, PO20 9, United Kingdom	+447488357820								overture:00d7c0f6-64b4-48e6-999d-4bcb7b538bad	2026-08-15T13:57:19.273253Z		Canonical queue drain | fit A | GitHub MASTER dedupe passed	http://www.bunnleisure.co.uk			https://www.instagram.com/sealbayresort/							High	Verified	https://explore.overturemaps.org/#id=00d7c0f6-64b4-48e6-999d-4bcb7b538bad; https://cove.co.uk/holidays/resorts/seal-bay/	Public Overture website; no usable Overture email. First-party public contact crawl required; no inference.				overture:00d7c0f6-64b4-48e6-999d-4bcb7b538bad	bunnleisure.co.uk	447488357820	bunn leisure holiday home	Chichester	United Kingdom	HIGH	domain:bunnleisure.co.uk
	A	91	Brentwood	United Kingdom	Broadwalk Property Management Ltd.		property_management	First Floor, 30 Crown Street	01277204296								overture:55662019-b2c1-4637-b7a6-ee5ec83adfaa	2026-08-15T13:57:19.273253Z		Canonical queue drain | fit A | GitHub MASTER dedupe passed	http://www.broadwalkpm.co.uk/			https://www.instagram.com/TOP77/							Permissive	Qualification	https://explore.overturemaps.org/#id=55662019-b2c1-4637-b7a6-ee5ec83adfaa; https://cameradhp.com/	Public Overture website; no usable Overture email. First-party public contact crawl required; no inference.				overture:55662019-b2c1-4637-b7a6-ee5ec83adfaa	broadwalkpm.co.uk	01277204296	broadwalk property management ltd	Brentwood	United Kingdom	PERMISSIVE	domain:broadwalkpm.co.uk
	A	91	Cheltenham	United Kingdom	Paragon Serviced Apartments		hotel	Bath Rd	0845 873 2470								overture:2f81dec4-af53-40fa-b871-5a5b8556386f	2026-08-15T13:57:19.273253Z		Canonical queue drain | fit A | GitHub MASTER dedupe passed	http://www.brilliantlaundry.com		http://www.brilliantlaundry.com/contact								Permissive	Qualification	https://explore.overturemaps.org/#id=2f81dec4-af53-40fa-b871-5a5b8556386f	Public Overture website; no usable Overture email. First-party public contact crawl required; no inference.				overture:2f81dec4-af53-40fa-b871-5a5b8556386f	brilliantlaundry.com	08458732470	paragon serviced apartments	Cheltenham	United Kingdom	PERMISSIVE	domain:brilliantlaundry.com
	A	91	Peterborough	United Kingdom	Bayard Plaza Serviced Apartments Peterborough		shopping_mall	Broadway									overture:7c9d74a4-eea8-410c-ab26-7909862dc994	2026-08-15T13:57:19.273253Z		Canonical queue drain | fit A | GitHub MASTER dedupe passed	https://brightsuites.co.uk/		https://brightsuites.co.uk/accommodation/booking-ascot-house/				https://brightsuites.co.uk/serviced-accommodation/booking-ascot-house/				High	Verified	https://explore.overturemaps.org/#id=7c9d74a4-eea8-410c-ab26-7909862dc994	Public Overture website; no usable Overture email. First-party public contact crawl required; no inference.				overture:7c9d74a4-eea8-410c-ab26-7909862dc994	brightsuites.co.uk		bayard plaza serviced apartments peterborough	Peterborough	United Kingdom	HIGH	domain:brightsuites.co.uk
	A	91	Jacksonville	USA	Blue Horizon Property Management			1012 Henderson Drive	9103582892								overture:c95dabd0-2688-4eff-80cd-49b1e70cb329	2026-08-15T13:57:19.273253Z		Canonical queue drain | fit A | GitHub MASTER dedupe passed	https://www.bluehorizonpropertymanagementnc.com/		https://www.bluehorizonpropertymanagementnc.com/contact								Permissive	Qualification	https://explore.overturemaps.org/#id=c95dabd0-2688-4eff-80cd-49b1e70cb329	Public Overture website; no usable Overture email. First-party public contact crawl required; no inference.				overture:c95dabd0-2688-4eff-80cd-49b1e70cb329	bluehorizonpropertymanagementnc.com	9103582892	blue horizon property management	Jacksonville	USA	PERMISSIVE	domain:bluehorizonpropertymanagementnc.com
	A	91	Swindon	United Kingdom	Home From Home Property Management		property_management	Suite 1 Unit 2-3 Dorcan Business Village Murdock Road	01793740745								overture:cd3763f2-566c-48ae-9a1c-f5cbdfbd63c9	2026-08-15T13:57:19.273253Z		Canonical queue drain | fit A | GitHub MASTER dedupe passed	http://block-management.com/		http://block-management.com/about-us								Permissive	Qualification	https://explore.overturemaps.org/#id=cd3763f2-566c-48ae-9a1c-f5cbdfbd63c9	Public Overture website; no usable Overture email. First-party public contact crawl required; no inference.				overture:cd3763f2-566c-48ae-9a1c-f5cbdfbd63c9	block-management.com	01793740745	home from home property management	Swindon	United Kingdom	PERMISSIVE	domain:block-management.com
	A	91	London	United Kingdom	BK Property Management Services		property_management	136 Katherine Road	02084701420								overture:0fb1c500-7196-4b92-96a8-422f32270974	2026-08-15T13:57:19.273253Z		Canonical queue drain | fit A | GitHub MASTER dedupe passed	http://www.bkpropertymanagementservices.com/		http://www.bkpropertymanagementservices.com/contact								Permissive	Qualification	https://explore.overturemaps.org/#id=0fb1c500-7196-4b92-96a8-422f32270974	Public Overture website; no usable Overture email. First-party public contact crawl required; no inference.				overture:0fb1c500-7196-4b92-96a8-422f32270974	bkpropertymanagementservices.com	02084701420	bk property management services	London	United Kingdom	PERMISSIVE	domain:bkpropertymanagementservices.com
