	A	91	Raleigh	USA	Steele Property Management		property_management	867 Washington St	+19194382804								overture:0a2ae924-d0d7-4879-beea-7e36b384fda0	2026-08-15T00:58:09.532345Z		Canonical queue drain | fit A | GitHub MASTER dedupe passed	http://www.steelepropertymanagement.com/	sdahlem@steelepropertymanagement.com	https://www.steelepropertymanagement.com/about-us								High	Verified	https://explore.overturemaps.org/#id=0a2ae924-d0d7-4879-beea-7e36b384fda0	Public Overture site+email; zero-HTTP V6 cheap-screen. Final MASTER dedupe/QA required.				overture:0a2ae924-d0d7-4879-beea-7e36b384fda0	steelepropertymanagement.com	19194382804	steele property management	Raleigh	USA	HIGH	domain:steelepropertymanagement.com
	A	91	Soledad	USA	South County Property Management		property_management	155 Kidder St	+18316785212								overture:a9b1aa86-fc36-4e98-ab85-4bda6ad372b2	2026-08-15T00:58:09.532345Z		Canonical queue drain | fit A | GitHub MASTER dedupe passed	https://southcountypm.com/RealtorWebPage	pinnbroker17@gmail.com	https://southcountypm.com/ContactMeInformation								High	Verified	https://explore.overturemaps.org/#id=a9b1aa86-fc36-4e98-ab85-4bda6ad372b2	Public Overture site+email; zero-HTTP V6 cheap-screen. Final MASTER dedupe/QA required.				overture:a9b1aa86-fc36-4e98-ab85-4bda6ad372b2	southcountypm.com	18316785212	south county property management	Soledad	USA	HIGH	domain:southcountypm.com
	A	91	Morgan Hill	USA	South County Property Management		property_management	1057 Cochrane Rd	+16692912282								overture:21c3088e-46f2-4069-bc21-f0b662298ef3	2026-08-15T00:58:09.532345Z		Canonical queue drain | fit A | GitHub MASTER dedupe passed	https://southcounty-propertymanagement.com/	so.countypropertymgmt@gmail.com	https://southcounty-propertymanagement.com/about-us/								High	Verified	https://explore.overturemaps.org/#id=21c3088e-46f2-4069-bc21-f0b662298ef3	Public Overture site+email; zero-HTTP V6 cheap-screen. Final MASTER dedupe/QA required.				overture:21c3088e-46f2-4069-bc21-f0b662298ef3	southcounty-propertymanagement.com	16692912282	south county property management	Morgan Hill	USA	HIGH	domain:southcounty-propertymanagement.com
	A	91	West Sacramento	USA	Hart Property Management		property_management	1050 Triangle Ct	+19166348921								overture:f0cb1558-1f3c-41f4-abef-e8be4fb021a3	2026-08-15T00:58:09.532345Z		Canonical queue drain | fit A | GitHub MASTER dedupe passed	https://sierrahart.net	rick@sierrahart.net	https://sierrahart.net/contact/								Medium	Recall-first	https://explore.overturemaps.org/#id=f0cb1558-1f3c-41f4-abef-e8be4fb021a3	Public Overture site+email; zero-HTTP V6 cheap-screen. Final MASTER dedupe/QA required.				overture:f0cb1558-1f3c-41f4-abef-e8be4fb021a3	sierrahart.net	19166348921	hart property management	West Sacramento	USA	MEDIUM	domain:sierrahart.net
	A	91	Citrus Heights	USA	RPS Property Management		property_management	7649 Sunrise Blvd	+19168971200								overture:7f828ed6-77fc-45ae-843b-2639edc9ae46	2026-08-15T00:58:09.532345Z		Canonical queue drain | fit A | GitHub MASTER dedupe passed	https://www.rpssac.com/about-us	carole@rpssac.com	https://www.rpssac.com/about-us								High	Verified	https://explore.overturemaps.org/#id=7f828ed6-77fc-45ae-843b-2639edc9ae46	Public Overture site+email; zero-HTTP V6 cheap-screen. Final MASTER dedupe/QA required.				overture:7f828ed6-77fc-45ae-843b-2639edc9ae46	rpssac.com	19168971200	rps property management	Citrus Heights	USA	HIGH	domain:rpssac.com
	A	91	New Bern	USA	Results Property Management		property_management	1333 S Glenburnie Rd	+12526495607								overture:eb05b396-db49-4800-9120-904030d8ee6a	2026-08-15T00:58:09.532345Z		Canonical queue drain | fit A | GitHub MASTER dedupe passed	http://resultspropertymgt.com/	admin@resultspropertymgt.com	https://www.resultspropertymgt.com/about								High	Verified	https://explore.overturemaps.org/#id=eb05b396-db49-4800-9120-904030d8ee6a	Public Overture site+email; zero-HTTP V6 cheap-screen. Final MASTER dedupe/QA required.				overture:eb05b396-db49-4800-9120-904030d8ee6a	resultspropertymgt.com	12526495607	results property management	New Bern	USA	HIGH	domain:resultspropertymgt.com
	A	91	Fayetteville	USA	Stone Gables Property Management of North Carolina		property_management	1033 Appomatox Ct	+19194540542								overture:69b780d2-1b8f-4854-9a38-3b3a52cb0878	2026-08-15T00:58:09.532345Z		Canonical queue drain | fit A | GitHub MASTER dedupe passed	https://www.rentsgpm.com/	ncrealestatepro@gmail.com	https://www.rentsgpm.com/about-us								High	Verified	https://explore.overturemaps.org/#id=69b780d2-1b8f-4854-9a38-3b3a52cb0878	Public Overture site+email; zero-HTTP V6 cheap-screen. Final MASTER dedupe/QA required.				overture:69b780d2-1b8f-4854-9a38-3b3a52cb0878	rentsgpm.com	19194540542	stone gables property management of north carolina	Fayetteville	USA	HIGH	domain:rentsgpm.com
	A	91	Salt Lake City	USA	Pineview Property Management		property_management	299 S Main St	+19099670969								overture:f1b70204-9413-468d-b90e-8ea3c59ae1b7	2026-08-15T00:58:09.532345Z		Canonical queue drain | fit A | GitHub MASTER dedupe passed	http://www.rentkodiak.com/	operations@rentkodiak.com	https://rentkodiak.com/about/								High	Verified	https://explore.overturemaps.org/#id=f1b70204-9413-468d-b90e-8ea3c59ae1b7	Public Overture site+email; zero-HTTP V6 cheap-screen. Final MASTER dedupe/QA required.				overture:f1b70204-9413-468d-b90e-8ea3c59ae1b7	rentkodiak.com	19099670969	pineview property management	Salt Lake City	USA	HIGH	domain:rentkodiak.com
	A	91	Sacramento	USA	Rapid Rents Property Management Inc.		property_management	1250 Sutterville Rd	+19166285263								overture:bce1be3a-c724-45e0-889a-8ae4f8b1a61d	2026-08-15T00:58:09.532345Z		Canonical queue drain | fit A | GitHub MASTER dedupe passed	http://www.RapidRents.biz/	joecabo23@gmail.com	https://www.rapidrents.biz/Owners/About_Us								High	Verified	https://explore.overturemaps.org/#id=bce1be3a-c724-45e0-889a-8ae4f8b1a61d	Public Overture site+email; zero-HTTP V6 cheap-screen. Final MASTER dedupe/QA required.				overture:bce1be3a-c724-45e0-889a-8ae4f8b1a61d	rapidrents.biz	19166285263	rapid rents property management inc	Sacramento	USA	HIGH	domain:rapidrents.biz
	A	91	Raleigh	USA	Ammons Pittman Property Management		property_management	10224 Durant Rd	+19197905455								overture:2b8c0e38-7bf0-4f85-8fb7-b6992126971c	2026-08-15T00:58:09.532345Z		Canonical queue drain | fit A | GitHub MASTER dedupe passed	http://www.raleighrental.com/	rent@raleighrental.com	https://www.raleighrental.com/about								High	Verified	https://explore.overturemaps.org/#id=2b8c0e38-7bf0-4f85-8fb7-b6992126971c	Public Overture site+email; zero-HTTP V6 cheap-screen. Final MASTER dedupe/QA required.				overture:2b8c0e38-7bf0-4f85-8fb7-b6992126971c	raleighrental.com	19197905455	ammons pittman property management	Raleigh	USA	HIGH	domain:raleighrental.com
	A	91	Chandler	USA	PRS Property Management		property_management	4129 W Milky Way	+14808383500								overture:11598a61-05be-4941-8f57-00ed665d904e	2026-08-15T00:58:09.532345Z		Canonical queue drain | fit A | GitHub MASTER dedupe passed	http://www.prsrentals.com/	opermgr@prsrentals.com	https://prsrentals.com/contact-us-at-prs-property-management-in-chandler-az								High	Verified	https://explore.overturemaps.org/#id=11598a61-05be-4941-8f57-00ed665d904e	Public Overture site+email; zero-HTTP V6 cheap-screen. Final MASTER dedupe/QA required.				overture:11598a61-05be-4941-8f57-00ed665d904e	prsrentals.com	14808383500	prs property management	Chandler	USA	HIGH	domain:prsrentals.com
	A	91	Tucson	USA	Prestige Property Management		property_management	3205 E Grant Rd	(520) 881-0930								overture:1c4743eb-877e-435f-b8c7-ccc54d19524a	2026-08-15T00:58:09.532345Z		Canonical queue drain | fit A | GitHub MASTER dedupe passed	http://www.prestigepropertymgmt.com	sales@prestigepropertymgmt.com	https://www.prestigepropertymgmt.com/about-us								High	Verified	https://explore.overturemaps.org/#id=1c4743eb-877e-435f-b8c7-ccc54d19524a	Public Overture site+email; zero-HTTP V6 cheap-screen. Final MASTER dedupe/QA required.				overture:1c4743eb-877e-435f-b8c7-ccc54d19524a	prestigepropertymgmt.com	5208810930	prestige property management	Tucson	USA	HIGH	domain:prestigepropertymgmt.com
	A	91	Roseville	USA	Premier Property Management		property_management	300 Harding Blvd	+19169001166								overture:54b1e6a2-4eec-44f0-9cbb-d686fdb64333	2026-08-15T00:58:09.532345Z		Canonical queue drain | fit A | GitHub MASTER dedupe passed	http://www.ppmnorcal.com/	admin@ppmnorcal.com			https://www.facebook.com/ppmnorcal/						High	Verified	https://explore.overturemaps.org/#id=54b1e6a2-4eec-44f0-9cbb-d686fdb64333	Public Overture site+email; zero-HTTP V6 cheap-screen. Final MASTER dedupe/QA required.				overture:54b1e6a2-4eec-44f0-9cbb-d686fdb64333	ppmnorcal.com	19169001166	premier property management	Roseville	USA	HIGH	domain:ppmnorcal.com
	A	91	Folsom	USA	Professional Property Management		property_management	555 Oakdale St	+19163531900								overture:f9fa31c9-64ac-4e5f-9206-4700375e4df7	2026-08-15T00:58:09.532345Z		Canonical queue drain | fit A | GitHub MASTER dedupe passed	http://ppm4you.com/	deborah@ppm4you.com	https://www.ppm4you.com/about-us								High	Verified	https://explore.overturemaps.org/#id=f9fa31c9-64ac-4e5f-9206-4700375e4df7	Public Overture site+email; zero-HTTP V6 cheap-screen. Final MASTER dedupe/QA required.				overture:f9fa31c9-64ac-4e5f-9206-4700375e4df7	ppm4you.com	19163531900	professional property management	Folsom	USA	HIGH	domain:ppm4you.com
	A	91	Cottonwood Heights	USA	Property Management Service Inc		property_management	7530 S Stone Rd	+18019422886								overture:83eca2cb-aaec-4c4a-8ea4-e2a253f778e8	2026-08-15T00:58:09.532345Z		Canonical queue drain | fit A | GitHub MASTER dedupe passed	https://pmsutah.com/	rent@pmsutah.com	http://pmsutah.com/contact-us/								High	Verified	https://explore.overturemaps.org/#id=83eca2cb-aaec-4c4a-8ea4-e2a253f778e8	Public Overture site+email; zero-HTTP V6 cheap-screen. Final MASTER dedupe/QA required.				overture:83eca2cb-aaec-4c4a-8ea4-e2a253f778e8	pmsutah.com	18019422886	property management service inc	Cottonwood Heights	USA	HIGH	domain:pmsutah.com
	A	91	Greenville	USA	Pitt Property Management		property_management	108 Brownlea Dr	+12527581921								overture:f37d78bf-346a-4a2b-9c1e-4fc9420acddf	2026-08-15T00:58:09.532345Z		Canonical queue drain | fit A | GitHub MASTER dedupe passed	http://www.pittpropertymanagement.com/	info@pittpropertymanagement.com	http://www.pittpropertymanagement.com/contact-us/								High	Verified	https://explore.overturemaps.org/#id=f37d78bf-346a-4a2b-9c1e-4fc9420acddf	Public Overture site+email; zero-HTTP V6 cheap-screen. Final MASTER dedupe/QA required.				overture:f37d78bf-346a-4a2b-9c1e-4fc9420acddf	pittpropertymanagement.com	12527581921	pitt property management	Greenville	USA	HIGH	domain:pittpropertymanagement.com
	A	91	Raeford	USA	Pineland Property Management		property_management	701 Wedgefield Dr	+19109165810								overture:2453f3cb-bdd0-4af2-bbb6-ccb473a11d02	2026-08-15T00:58:09.532345Z		Canonical queue drain | fit A | GitHub MASTER dedupe passed	http://www.pinelandpropertymanagement.com/	pinelandpropertymanagement@gmail.com	https://pinelandpropertymanagement.com/contact-us/								High	Verified	https://explore.overturemaps.org/#id=2453f3cb-bdd0-4af2-bbb6-ccb473a11d02	Public Overture site+email; zero-HTTP V6 cheap-screen. Final MASTER dedupe/QA required.				overture:2453f3cb-bdd0-4af2-bbb6-ccb473a11d02	pinelandpropertymanagement.com	19109165810	pineland property management	Raeford	USA	HIGH	domain:pinelandpropertymanagement.com
	A	91	Eagle Nest	USA	Peppersauce Camp Cabin Rentals		cabin	28358 Highway 64	+15753772567								overture:8028cf1c-a517-49e4-9c47-8e32c8012597	2026-08-15T00:58:09.532345Z		Canonical queue drain | fit A | GitHub MASTER dedupe passed	http://www.peppersaucecamp.com/	reservations@peppersaucecamp.com	http://www.peppersaucecamp.com/contactus.html								High	Verified	https://explore.overturemaps.org/#id=8028cf1c-a517-49e4-9c47-8e32c8012597	Public Overture site+email; zero-HTTP V6 cheap-screen. Final MASTER dedupe/QA required.				overture:8028cf1c-a517-49e4-9c47-8e32c8012597	peppersaucecamp.com	15753772567	peppersauce camp cabin rentals	Eagle Nest	USA	HIGH	domain:peppersaucecamp.com
	A	91	Woodland	USA	Woodland Vacation Rental		cabin	647 Thomaston Hwy	+14045419556								overture:3f1d1521-de84-4111-9593-7868688d317b	2026-08-15T00:58:09.532345Z		Canonical queue drain | fit A | GitHub MASTER dedupe passed	http://www.patweb.com/woodland/	woodlandvacationrental@patweb.com			https://www.facebook.com/FlintRiverOutdoorCenter/						High	Verified	https://explore.overturemaps.org/#id=3f1d1521-de84-4111-9593-7868688d317b	Public Overture site+email; zero-HTTP V6 cheap-screen. Final MASTER dedupe/QA required.				overture:3f1d1521-de84-4111-9593-7868688d317b	patweb.com	14045419556	woodland vacation rental	Woodland	USA	HIGH	domain:patweb.com
	A	91	Scottsdale	USA	Patriot Property Management		property_management	14201 N Hayden Rd	+16025813658								overture:16584f11-90ed-4278-87e6-138b52f4a96e	2026-08-15T00:58:09.532345Z		Canonical queue drain | fit A | GitHub MASTER dedupe passed	http://patpm.com/	info@patpm.com	https://www.patpm.com/contact-us								High	Verified	https://explore.overturemaps.org/#id=16584f11-90ed-4278-87e6-138b52f4a96e	Public Overture site+email; zero-HTTP V6 cheap-screen. Final MASTER dedupe/QA required.				overture:16584f11-90ed-4278-87e6-138b52f4a96e	patpm.com	16025813658	patriot property management	Scottsdale	USA	HIGH	domain:patpm.com
	A	91	Park City	USA	Mountain Property Management		property_management	314 Main St	+14356496743								overture:afab18b0-bbae-4520-934b-8a0456920e43	2026-08-15T00:58:09.532345Z		Canonical queue drain | fit A | GitHub MASTER dedupe passed	http://www.mtnpm.com	info@mtnpm.com	https://www.mtnpm.com/about-us								High	Verified	https://explore.overturemaps.org/#id=afab18b0-bbae-4520-934b-8a0456920e43	Public Overture site+email; zero-HTTP V6 cheap-screen. Final MASTER dedupe/QA required.				overture:afab18b0-bbae-4520-934b-8a0456920e43	mtnpm.com	14356496743	mountain property management	Park City	USA	HIGH	domain:mtnpm.com
	A	91	Savannah	USA	Mopper Property Management		property_management	1650 E Victory Dr	+19122980225								overture:3a782dd4-1fa2-4640-a044-4c86e2973d1b	2026-08-15T00:58:09.532345Z		Canonical queue drain | fit A | GitHub MASTER dedupe passed	http://www.mopperpm.com/	info@mopperpm.com					https://mopperpm.com/rentals/apartments				High	Verified	https://explore.overturemaps.org/#id=3a782dd4-1fa2-4640-a044-4c86e2973d1b	Public Overture site+email; zero-HTTP V6 cheap-screen. Final MASTER dedupe/QA required.				overture:3a782dd4-1fa2-4640-a044-4c86e2973d1b	mopperpm.com	19122980225	mopper property management	Savannah	USA	HIGH	domain:mopperpm.com
	A	91	Kennesaw	USA	Mane Property Management		property_management	4290 Bells Ferry Rd NW	+14049557098								overture:67aac21d-dc5d-490e-a7fb-4671d4e7ad86	2026-08-15T00:58:09.532345Z		Canonical queue drain | fit A | GitHub MASTER dedupe passed	http://ManePM.org/	reimane.atl@gmail.com	https://manepm.org/about								High	Verified	https://explore.overturemaps.org/#id=67aac21d-dc5d-490e-a7fb-4671d4e7ad86	Public Overture site+email; zero-HTTP V6 cheap-screen. Final MASTER dedupe/QA required.				overture:67aac21d-dc5d-490e-a7fb-4671d4e7ad86	manepm.org	14049557098	mane property management	Kennesaw	USA	HIGH	domain:manepm.org
	A	91	Pueblo	USA	Keystone Property Management		property_management	601 N Main St	+17195434575								overture:2257ac35-bebf-47c9-b4f9-8dc222efbbcb	2026-08-15T00:58:09.532345Z		Canonical queue drain | fit A | GitHub MASTER dedupe passed	http://keystone-propertymanagement.com/	keystone.pm.rentals@gmail.com	https://keystone-propertymanagement.com/about-us								High	Verified	https://explore.overturemaps.org/#id=2257ac35-bebf-47c9-b4f9-8dc222efbbcb	Public Overture site+email; zero-HTTP V6 cheap-screen. Final MASTER dedupe/QA required.				overture:2257ac35-bebf-47c9-b4f9-8dc222efbbcb	keystone-propertymanagement.com	17195434575	keystone property management	Pueblo	USA	HIGH	domain:keystone-propertymanagement.com
	A	91	Springville	USA	Kasteel Property Management		property_management	1195 Spring Creek Pl	+18017871177								overture:e50db009-d2ee-4172-ab24-342fad140fd2	2026-08-15T00:58:09.532345Z		Canonical queue drain | fit A | GitHub MASTER dedupe passed	http://www.kasteelproperty.com/	jeff@kasteelproperty.com	https://kasteelproperty.com/about-us/								High	Verified	https://explore.overturemaps.org/#id=e50db009-d2ee-4172-ab24-342fad140fd2	Public Overture site+email; zero-HTTP V6 cheap-screen. Final MASTER dedupe/QA required.				overture:e50db009-d2ee-4172-ab24-342fad140fd2	kasteelproperty.com	18017871177	kasteel property management	Springville	USA	HIGH	domain:kasteelproperty.com
	A	91	Sacramento	USA	J and R Property Management		property_management	2014 28th St	+19162027436								overture:b4b781aa-eac1-4391-93e8-55ca28f0247d	2026-08-15T00:58:09.532345Z		Canonical queue drain | fit A | GitHub MASTER dedupe passed	http://jandrpropertymanager.com/	jeff@jandrpropertymanager.com	https://www.jandrpropertymanager.com/about								High	Verified	https://explore.overturemaps.org/#id=b4b781aa-eac1-4391-93e8-55ca28f0247d	Public Overture site+email; zero-HTTP V6 cheap-screen. Final MASTER dedupe/QA required.				overture:b4b781aa-eac1-4391-93e8-55ca28f0247d	jandrpropertymanager.com	19162027436	j and r property management	Sacramento	USA	HIGH	domain:jandrpropertymanager.com
	A	91	Greenville	USA	iDeal Property Management Group		property_management	214 E Arlington Blvd	+12527568488								overture:330c6211-badb-411f-bb2b-6cc0abf9346b	2026-08-15T00:58:09.532345Z		Canonical queue drain | fit A | GitHub MASTER dedupe passed	http://www.idealpropertymgmtgroup.com	idealpropertymgmt@aol.com	https://idealpropertymgmtgroup.com/about/								Medium	Recall-first	https://explore.overturemaps.org/#id=330c6211-badb-411f-bb2b-6cc0abf9346b	Public Overture site+email; zero-HTTP V6 cheap-screen. Final MASTER dedupe/QA required.				overture:330c6211-badb-411f-bb2b-6cc0abf9346b	idealpropertymgmtgroup.com	12527568488	ideal property management group	Greenville	USA	MEDIUM	domain:idealpropertymgmtgroup.com
	A	91	Danville	USA	Hauser Property Management		property_management	1225 W Main St	+14347914656								overture:9697ad57-5c8c-4958-b8aa-cfc5675ee442	2026-08-15T00:58:09.532345Z		Canonical queue drain | fit A | GitHub MASTER dedupe passed	http://www.hauserpropertymanagement.com/	triple_ej@yahoo.com			https://www.facebook.com/102785084511589/						High	Verified	https://explore.overturemaps.org/#id=9697ad57-5c8c-4958-b8aa-cfc5675ee442	Public Overture site+email; zero-HTTP V6 cheap-screen. Final MASTER dedupe/QA required.				overture:9697ad57-5c8c-4958-b8aa-cfc5675ee442	hauserpropertymanagement.com	14347914656	hauser property management	Danville	USA	HIGH	domain:hauserpropertymanagement.com
	A	91	Atlanta	USA	Fortis Property Management		property_management	2075 Powers Ferry Rd	+16787412835								overture:b0ecdce2-af39-43f4-8a95-91db9758f215	2026-08-15T00:58:09.532345Z		Canonical queue drain | fit A | GitHub MASTER dedupe passed	http://www.fortispm.com/	marketing@fortispm.com	https://fortispm.com/about-us								Medium	Recall-first	https://explore.overturemaps.org/#id=b0ecdce2-af39-43f4-8a95-91db9758f215	Public Overture site+email; zero-HTTP V6 cheap-screen. Final MASTER dedupe/QA required.				overture:b0ecdce2-af39-43f4-8a95-91db9758f215	fortispm.com	16787412835	fortis property management	Atlanta	USA	MEDIUM	domain:fortispm.com
	A	91	Atlanta	USA	Evolve Property Management		property_management	3300 Northeast Expy NE	+16786792100								overture:5145fc2a-80c7-417f-becd-a60edbf291bc	2026-08-15T00:58:09.532345Z		Canonical queue drain | fit A | GitHub MASTER dedupe passed	http://www.evolvemanagement.com/	info@evolvemanagement.com	https://www.evolvemanagement.com/contactus								Medium	Recall-first	https://explore.overturemaps.org/#id=5145fc2a-80c7-417f-becd-a60edbf291bc	Public Overture site+email; zero-HTTP V6 cheap-screen. Final MASTER dedupe/QA required.				overture:5145fc2a-80c7-417f-becd-a60edbf291bc	evolvemanagement.com	16786792100	evolve property management	Atlanta	USA	MEDIUM	domain:evolvemanagement.com
	A	91	Alpharetta	USA	Concierge Property Management		property_management	44 Milton Ave	+17704625555								overture:75782b19-dc72-43d7-b0fc-7d18166b8941	2026-08-15T00:58:09.532345Z		Canonical queue drain | fit A | GitHub MASTER dedupe passed	http://www.cpmgeorgia.com/	lisa@cpmgeorgia.com	https://cpmgeorgia.com/index.php/about/								High	Verified	https://explore.overturemaps.org/#id=75782b19-dc72-43d7-b0fc-7d18166b8941	Public Overture site+email; zero-HTTP V6 cheap-screen. Final MASTER dedupe/QA required.				overture:75782b19-dc72-43d7-b0fc-7d18166b8941	cpmgeorgia.com	17704625555	concierge property management	Alpharetta	USA	HIGH	domain:cpmgeorgia.com
	A	91	Athens	USA	Cobblestone Property Management Group		property_management	490 Barnett Shoals Rd	+17067055800								overture:82774cb6-655f-468d-9677-c040511c285e	2026-08-15T00:58:09.532345Z		Canonical queue drain | fit A | GitHub MASTER dedupe passed	http://www.cobblestonepmg.com/	info@cobblestonepmg.com	https://cobblestonepmg.com/contact-us/								High	Verified	https://explore.overturemaps.org/#id=82774cb6-655f-468d-9677-c040511c285e	Public Overture site+email; zero-HTTP V6 cheap-screen. Final MASTER dedupe/QA required.				overture:82774cb6-655f-468d-9677-c040511c285e	cobblestonepmg.com	17067055800	cobblestone property management group	Athens	USA	HIGH	domain:cobblestonepmg.com
	A	91	Sacramento	USA	Catalyst Property Management		property_management	1820 Avondale Ave	+19163171466								overture:41dfb14a-41b9-4ed2-b99b-c97013d58488	2026-08-15T00:58:09.532345Z		Canonical queue drain | fit A | GitHub MASTER dedupe passed	http://catalystpropertymgmt.com/	catalystrea@gmail.com	https://www.catalystpropertymgmt.com/about-us								High	Verified	https://explore.overturemaps.org/#id=41dfb14a-41b9-4ed2-b99b-c97013d58488	Public Overture site+email; zero-HTTP V6 cheap-screen. Final MASTER dedupe/QA required.				overture:41dfb14a-41b9-4ed2-b99b-c97013d58488	catalystpropertymgmt.com	19163171466	catalyst property management	Sacramento	USA	HIGH	domain:catalystpropertymgmt.com
	A	91	Tracy	USA	Renaissance Property Management		property_management	4600 S Tracy Blvd	+12096506971								overture:314043f1-f99d-4bb7-93e8-28c7c8eb79c4	2026-08-15T00:58:09.532345Z		Canonical queue drain | fit A | GitHub MASTER dedupe passed	http://CARE-Rentals.com/	ltan97@yahoo.com	https://www.care-rentals.com/about-us								High	Verified	https://explore.overturemaps.org/#id=314043f1-f99d-4bb7-93e8-28c7c8eb79c4	Public Overture site+email; zero-HTTP V6 cheap-screen. Final MASTER dedupe/QA required.				overture:314043f1-f99d-4bb7-93e8-28c7c8eb79c4	care-rentals.com	12096506971	renaissance property management	Tracy	USA	HIGH	domain:care-rentals.com
	A	91	Murray	USA	Capstone Property Management		property_management	4422 S Century Dr	+18013130700								overture:b9fe770d-9b1c-4e34-bd92-b2a4517136dc	2026-08-15T00:58:09.532345Z		Canonical queue drain | fit A | GitHub MASTER dedupe passed	http://capstonepm.com	kgibson@capstonepm.com	https://www.capstonepm.com/about-us/								Medium	Recall-first	https://explore.overturemaps.org/#id=b9fe770d-9b1c-4e34-bd92-b2a4517136dc	Public Overture site+email; zero-HTTP V6 cheap-screen. Final MASTER dedupe/QA required.				overture:b9fe770d-9b1c-4e34-bd92-b2a4517136dc	capstonepm.com	18013130700	capstone property management	Murray	USA	MEDIUM	domain:capstonepm.com
	A	91	Springville	USA	Blackstone Property Management PLLC		property_management	79 W 900 N	+18014738388								overture:76e82c48-4236-430d-a7f1-9447cea7a4c2	2026-08-15T00:58:09.532345Z		Canonical queue drain | fit A | GitHub MASTER dedupe passed	http://blackstoneut.com/	office@blackstoneut.com	https://blackstoneut.com/contact								High	Verified	https://explore.overturemaps.org/#id=76e82c48-4236-430d-a7f1-9447cea7a4c2	Public Overture site+email; zero-HTTP V6 cheap-screen. Final MASTER dedupe/QA required.				overture:76e82c48-4236-430d-a7f1-9447cea7a4c2	blackstoneut.com	18014738388	blackstone property management pllc	Springville	USA	HIGH	domain:blackstoneut.com
	A	91	Beaufort	USA	Beaufort Property Management		property_management	500 Carteret St	+18433792293								overture:71c3052a-f261-498c-a078-39bcd5b6d373	2026-08-15T00:58:09.532345Z		Canonical queue drain | fit A | GitHub MASTER dedupe passed	http://www.beaufortpropertymanagement.com/	beaufortpropertymanagement@gmail.com	https://www.beaufortpropertymanagement.com/contact								High	Verified	https://explore.overturemaps.org/#id=71c3052a-f261-498c-a078-39bcd5b6d373	Public Overture site+email; zero-HTTP V6 cheap-screen. Final MASTER dedupe/QA required.				overture:71c3052a-f261-498c-a078-39bcd5b6d373	beaufortpropertymanagement.com	18433792293	beaufort property management	Beaufort	USA	HIGH	domain:beaufortpropertymanagement.com
	A	91	Alamosa	USA	Century Property Management and Sales		property_management	823 Main St	+17195895744								overture:3eeea683-2ad8-46f1-8033-2b1eb238a6a1	2026-08-15T00:58:09.532345Z		Canonical queue drain | fit A | GitHub MASTER dedupe passed	http://www.alamosarentals.com	info@alamosarentals.com	http://www.alamosarentals.com/contact-us								High	Verified	https://explore.overturemaps.org/#id=3eeea683-2ad8-46f1-8033-2b1eb238a6a1	Public Overture site+email; zero-HTTP V6 cheap-screen. Final MASTER dedupe/QA required.				overture:3eeea683-2ad8-46f1-8033-2b1eb238a6a1	alamosarentals.com	17195895744	century property management and sales	Alamosa	USA	HIGH	domain:alamosarentals.com
	A	91	Marietta	USA	247 Property Management, LLC		property_management	2940 Johnson Ferry Rd	+14703480682								overture:d1c699c4-dd3b-4131-9ad9-323f429afec8	2026-08-15T00:58:09.532345Z		Canonical queue drain | fit A | GitHub MASTER dedupe passed	https://agsquaredcompanyllc.com/	agsquaredpmllc@gmail.com			https://www.facebook.com/people/AG-Squared-Property-Management-LLC/61555486437109/						High	Verified	https://explore.overturemaps.org/#id=d1c699c4-dd3b-4131-9ad9-323f429afec8	Public Overture site+email; zero-HTTP V6 cheap-screen. Final MASTER dedupe/QA required.				overture:d1c699c4-dd3b-4131-9ad9-323f429afec8	agsquaredcompanyllc.com	14703480682	247 property management llc	Marietta	USA	HIGH	domain:agsquaredcompanyllc.com
	A	91	Whitefish	Canada	Whitefish Property Management		property_management	333 Baker Ave	+14068634651								overture:034f4e15-8ab6-464a-9b92-345413d15aed	2026-08-15T00:58:09.532345Z		Canonical queue drain | fit A | GitHub MASTER dedupe passed	http://www.WhitefishPropertyManagement.com/	info@whitefishpropertymanagement.com	https://www.whitefishpropertymanagement.com/contactus								High	Verified	https://explore.overturemaps.org/#id=034f4e15-8ab6-464a-9b92-345413d15aed	Public Overture site+email; zero-HTTP V6 cheap-screen. Final MASTER dedupe/QA required.				overture:034f4e15-8ab6-464a-9b92-345413d15aed	whitefishpropertymanagement.com	14068634651	whitefish property management	Whitefish	Canada	HIGH	domain:whitefishpropertymanagement.com
	A	91	Calgary	Canada	Ultimate Property Management Inc		corporate_or_business_office	106-811 Manning Rd NE	(403) 287-3056								overture:9156cb48-191a-43a0-b8bf-3efaa24b23a5	2026-08-15T00:58:09.532345Z		Canonical queue drain | fit A | GitHub MASTER dedupe passed	http://www.ultimateproperty.ca	rona.atutubo@ultimateproperty.ca	http://www.ultimateproperty.ca/about/								Medium	Recall-first	https://explore.overturemaps.org/#id=9156cb48-191a-43a0-b8bf-3efaa24b23a5	Public Overture site+email; zero-HTTP V6 cheap-screen. Final MASTER dedupe/QA required.				overture:9156cb48-191a-43a0-b8bf-3efaa24b23a5	ultimateproperty.ca	4032873056	ultimate property management inc	Calgary	Canada	MEDIUM	domain:ultimateproperty.ca
	A	91	Kalispell	Canada	Truman Property Management		property_management	575 Sunset Blvd	+14064078256								overture:b3d45699-9870-4082-8eea-4f8cc68510c9	2026-08-15T00:58:09.532345Z		Canonical queue drain | fit A | GitHub MASTER dedupe passed	http://trumanrealestate.com/	chet@trumanrealestate.com	https://www.trumanrealestate.com/about-us								High	Verified	https://explore.overturemaps.org/#id=b3d45699-9870-4082-8eea-4f8cc68510c9	Public Overture site+email; zero-HTTP V6 cheap-screen. Final MASTER dedupe/QA required.				overture:b3d45699-9870-4082-8eea-4f8cc68510c9	trumanrealestate.com	14064078256	truman property management	Kalispell	Canada	HIGH	domain:trumanrealestate.com
	A	91	Edmonton	Canada	Riverdale Property Management		property_management	17307 106 Ave NW	+17802183121								overture:77451239-7339-49ff-8da6-5048b49ceb73	2026-08-15T00:58:09.532345Z		Canonical queue drain | fit A | GitHub MASTER dedupe passed	http://www.riverdalepm.ca/	info@riverdalepm.ca	https://riverdalepm.ca/								High	Verified	https://explore.overturemaps.org/#id=77451239-7339-49ff-8da6-5048b49ceb73	Public Overture site+email; zero-HTTP V6 cheap-screen. Final MASTER dedupe/QA required.				overture:77451239-7339-49ff-8da6-5048b49ceb73	riverdalepm.ca	17802183121	riverdale property management	Edmonton	Canada	HIGH	domain:riverdalepm.ca
	A	91	Texas City	USA	Leopold & Strahan Property Management		property_management	2925 Palmer Hwy	+14093593434								overture:cea489a6-26a5-4370-bf68-4f28d5a02688	2026-08-15T00:58:09.532345Z		Canonical queue drain | fit A | GitHub MASTER dedupe passed	http://www.leopoldstrahanmgmt.com	one_witspirit@yahoo.com	https://www.leopoldstrahanmgmt.com/about-us								High	Verified	https://explore.overturemaps.org/#id=cea489a6-26a5-4370-bf68-4f28d5a02688	Public Overture site+email; zero-HTTP V6 cheap-screen. Final MASTER dedupe/QA required.				overture:cea489a6-26a5-4370-bf68-4f28d5a02688	leopoldstrahanmgmt.com	14093593434	leopold strahan property management	Texas City	USA	HIGH	domain:leopoldstrahanmgmt.com
	A	91	Kelowna	Canada	Lake Life Property Management		property_management	1215 St Paul St	+13065803844								overture:ed542b57-de86-4db3-9252-d4c905bb712d	2026-08-15T00:58:09.532345Z		Canonical queue drain | fit A | GitHub MASTER dedupe passed	http://www.lakelifepropertymgmt.ca/	info@lakelifepropertymgmt.ca	https://lakelifepropertymgmt.ca/about								High	Verified	https://explore.overturemaps.org/#id=ed542b57-de86-4db3-9252-d4c905bb712d	Public Overture site+email; zero-HTTP V6 cheap-screen. Final MASTER dedupe/QA required.				overture:ed542b57-de86-4db3-9252-d4c905bb712d	lakelifepropertymgmt.ca	13065803844	lake life property management	Kelowna	Canada	HIGH	domain:lakelifepropertymgmt.ca
	A	91	Calgary	Canada	JP Property Management Ltd.		property_management	301 14 St NW	+15878972667								overture:46fdb50b-af3c-48a3-8efb-e947d2832d72	2026-08-15T00:58:09.532345Z		Canonical queue drain | fit A | GitHub MASTER dedupe passed	https://jpproperty.ca/	jpmgm.yyc@gmail.com	https://jpproperty.ca/about-us/								High	Verified	https://explore.overturemaps.org/#id=46fdb50b-af3c-48a3-8efb-e947d2832d72	Public Overture site+email; zero-HTTP V6 cheap-screen. Final MASTER dedupe/QA required.				overture:46fdb50b-af3c-48a3-8efb-e947d2832d72	jpproperty.ca	15878972667	jp property management ltd	Calgary	Canada	HIGH	domain:jpproperty.ca
	A	91	Hanalei	USA	Maluhia Hanalei Vacation Rental		holiday_rental_home	4495 Pilikoa St	+14153101919								overture:b3673c08-c0d1-4d8d-a7b2-1b05a8072138	2026-08-15T00:58:09.532345Z		Canonical queue drain | fit A | GitHub MASTER dedupe passed	http://hanaleivacationrental.com/	hanaleimagic@aol.com	http://hanaleivacationrental.com/contact/								High	Verified	https://explore.overturemaps.org/#id=b3673c08-c0d1-4d8d-a7b2-1b05a8072138	Public Overture site+email; zero-HTTP V6 cheap-screen. Final MASTER dedupe/QA required.				overture:b3673c08-c0d1-4d8d-a7b2-1b05a8072138	hanaleivacationrental.com	14153101919	maluhia hanalei vacation rental	Hanalei	USA	HIGH	domain:hanaleivacationrental.com
	A	91	Edmonton	Canada	Deva Rentals Property Management		property_management	5811 98 St NW	+17809841996								overture:5ef6991d-11a5-4bae-b9a3-c087c7947035	2026-08-15T00:58:09.532345Z		Canonical queue drain | fit A | GitHub MASTER dedupe passed	https://devarentals.com/	rentalsdeva@gmail.com	https://devarentals.com/client-inquiry								High	Verified	https://explore.overturemaps.org/#id=5ef6991d-11a5-4bae-b9a3-c087c7947035	Public Overture site+email; zero-HTTP V6 cheap-screen. Final MASTER dedupe/QA required.				overture:5ef6991d-11a5-4bae-b9a3-c087c7947035	devarentals.com	17809841996	deva rentals property management	Edmonton	Canada	HIGH	domain:devarentals.com
	A	91	Corpus Christi	USA	Pacesetter Steel Property Management		property_management	5034 Holly Rd	+13619924990								overture:8fb33f41-23f3-4443-bda7-6c048ff0bc16	2026-08-15T00:58:09.532345Z		Canonical queue drain | fit A | GitHub MASTER dedupe passed	http://www.corpuschristi-rentalhomes.com/	rentals@corpuschristi-rentalhomes.com					http://www.corpuschristi-rentalhomes.com/rentals/showallproperties_f				High	Verified	https://explore.overturemaps.org/#id=8fb33f41-23f3-4443-bda7-6c048ff0bc16	Public Overture site+email; zero-HTTP V6 cheap-screen. Final MASTER dedupe/QA required.				overture:8fb33f41-23f3-4443-bda7-6c048ff0bc16	corpuschristi-rentalhomes.com	13619924990	pacesetter steel property management	Corpus Christi	USA	HIGH	domain:corpuschristi-rentalhomes.com
	A	91	Kalispell	Canada	Braidwater Vacation Rental of Kalispell, Montana		holiday_rental_home	264 El Rancho Rd	+14062530138								overture:9d5a4cc8-4934-4cc4-99a0-1ff6cb436737	2026-08-15T00:58:09.532345Z		Canonical queue drain | fit A | GitHub MASTER dedupe passed	http://www.braidwaterdreams.com/	briadwaterweddings@gmail.com	https://www.braidwaterdreams.com/contact-us								High	Verified	https://explore.overturemaps.org/#id=9d5a4cc8-4934-4cc4-99a0-1ff6cb436737	Public Overture site+email; zero-HTTP V6 cheap-screen. Final MASTER dedupe/QA required.				overture:9d5a4cc8-4934-4cc4-99a0-1ff6cb436737	braidwaterdreams.com	14062530138	braidwater vacation rental of kalispell montana	Kalispell	Canada	HIGH	domain:braidwaterdreams.com
	A	91	Calgary	Canada	BOS Property Management | Sunset Properties		property_management	301 14 St NW	+14039789042								overture:b0e2957d-7d03-454b-bb73-34445c9d3967	2026-08-15T00:58:09.532345Z		Canonical queue drain | fit A | GitHub MASTER dedupe passed	http://bosmanagement.ca/	hello@bosmanagement.ca	https://bosmanagement.ca/about-us								High	Verified	https://explore.overturemaps.org/#id=b0e2957d-7d03-454b-bb73-34445c9d3967	Public Overture site+email; zero-HTTP V6 cheap-screen. Final MASTER dedupe/QA required.				overture:b0e2957d-7d03-454b-bb73-34445c9d3967	bosmanagement.ca	14039789042	bos property management sunset properties	Calgary	Canada	HIGH	domain:bosmanagement.ca
	A	91	Koloa	USA	Beachside Poipu Vacation Rental		holiday_rental_home	2221 Kuai Rd	+18086515652								overture:acc325a7-e680-4428-98ca-86161cb8cd8c	2026-08-15T00:58:09.532345Z		Canonical queue drain | fit A | GitHub MASTER dedupe passed	http://www.beachsidepoipu.com/	kathleen@beachsidepoipu.com	https://beachsidepoipu.com/about-us/								High	Verified	https://explore.overturemaps.org/#id=acc325a7-e680-4428-98ca-86161cb8cd8c	Public Overture site+email; zero-HTTP V6 cheap-screen. Final MASTER dedupe/QA required.				overture:acc325a7-e680-4428-98ca-86161cb8cd8c	beachsidepoipu.com	18086515652	beachside poipu vacation rental	Koloa	USA	HIGH	domain:beachsidepoipu.com
	A	91	Calgary	Canada	Amhurst Property Management		property_management	736 6 Ave SW	+14032370477								overture:b1181dac-626f-4d8d-bcb7-084ee4628153	2026-08-15T00:58:09.532345Z		Canonical queue drain | fit A | GitHub MASTER dedupe passed	http://www.amhurst.net	service@amhurst.net	https://www.amhurst.net/about-us/								High	Verified	https://explore.overturemaps.org/#id=b1181dac-626f-4d8d-bcb7-084ee4628153	Public Overture site+email; zero-HTTP V6 cheap-screen. Final MASTER dedupe/QA required.				overture:b1181dac-626f-4d8d-bcb7-084ee4628153	amhurst.net	14032370477	amhurst property management	Calgary	Canada	HIGH	domain:amhurst.net
	A	91	Edmonton	Canada	Adonai Property Management & Realty Inc.		property_management	10704 108 St NW	+17803991461								overture:22fc0b7f-d0fb-4d3b-b3c3-612755be0220	2026-08-15T00:58:09.532345Z		Canonical queue drain | fit A | GitHub MASTER dedupe passed	http://adonairealtypmgt.com/	management@adonairealtypmgt.com	https://adonairealtypmgt.com/about-us/								Medium	Recall-first	https://explore.overturemaps.org/#id=22fc0b7f-d0fb-4d3b-b3c3-612755be0220	Public Overture site+email; zero-HTTP V6 cheap-screen. Final MASTER dedupe/QA required.				overture:22fc0b7f-d0fb-4d3b-b3c3-612755be0220	adonairealtypmgt.com	17803991461	adonai property management realty inc	Edmonton	Canada	MEDIUM	domain:adonairealtypmgt.com
	A	91	Chandler	USA	The Phoenix Area Real Estate Property Management		property_management	2450 S Arizona Ave	+14802583438								overture:b0659146-9dad-4437-a948-3a6366b22d9e	2026-08-15T00:58:09.532345Z		Canonical queue drain | fit A | GitHub MASTER dedupe passed	http://www.thephxarea.com/	rent@thephxarea.com	https://www.thephxarea.com/contact.php								High	Verified	https://explore.overturemaps.org/#id=b0659146-9dad-4437-a948-3a6366b22d9e	Public Overture site+email; zero-HTTP V6 cheap-screen. Final MASTER dedupe/QA required.				overture:b0659146-9dad-4437-a948-3a6366b22d9e	thephxarea.com	14802583438	the phoenix area real estate property management	Chandler	USA	HIGH	domain:thephxarea.com
	A	91	Centerville	USA	Smoot Property Management		commercial_real_estate	200 W Parrish Ln	+18012952100								overture:638ab096-4ee1-41b9-a7e1-1b0fd012c994	2026-08-15T00:58:09.532345Z		Canonical queue drain | fit A | GitHub MASTER dedupe passed	http://www.smootcommercial.com/	support@smootcommercial.com	https://www.smootcommercial.com/about-us								High	Verified	https://explore.overturemaps.org/#id=638ab096-4ee1-41b9-a7e1-1b0fd012c994	Public Overture site+email; zero-HTTP V6 cheap-screen. Final MASTER dedupe/QA required.				overture:638ab096-4ee1-41b9-a7e1-1b0fd012c994	smootcommercial.com	18012952100	smoot property management	Centerville	USA	HIGH	domain:smootcommercial.com
	A	91	Raleigh	USA	Pinecrest Residential Real Estate and Property Management		property_management	5412 Ironwood Ln	+19194428694								overture:f192d64f-9651-4ab3-844e-d810d8f6559f	2026-08-15T00:58:09.532345Z		Canonical queue drain | fit A | GitHub MASTER dedupe passed	http://www.pinecrestresidential.com/	adam@pinecrestresidential.com	https://www.pinecrestresidential.com/get-in-touch								High	Verified	https://explore.overturemaps.org/#id=f192d64f-9651-4ab3-844e-d810d8f6559f	Public Overture site+email; zero-HTTP V6 cheap-screen. Final MASTER dedupe/QA required.				overture:f192d64f-9651-4ab3-844e-d810d8f6559f	pinecrestresidential.com	19194428694	pinecrest residential real estate and property management	Raleigh	USA	HIGH	domain:pinecrestresidential.com
	A	91	Castle Rock	USA	Mycasa Real Estate and Property Management		real_estate_service	482 Silbrico Way	+17202366665								overture:f530d631-75bc-4893-8d93-a742d7273c78	2026-08-15T00:58:09.532345Z		Canonical queue drain | fit A | GitHub MASTER dedupe passed	http://www.mycasa.com/	justin@mycasa.com			https://www.facebook.com/mycasarealestate/						High	Verified	https://explore.overturemaps.org/#id=f530d631-75bc-4893-8d93-a742d7273c78	Public Overture site+email; zero-HTTP V6 cheap-screen. Final MASTER dedupe/QA required.				overture:f530d631-75bc-4893-8d93-a742d7273c78	mycasa.com	17202366665	mycasa real estate and property management	Castle Rock	USA	HIGH	domain:mycasa.com
	A	91	Elk Grove	USA	Advantage Property Management & Real Estate		corporate_or_business_office	5050 Laguna Blvd #112	(916) 714-0351								overture:8e498d1c-7435-47ee-b801-ebaf07d1cf92	2026-08-15T00:58:09.532345Z		Canonical queue drain | fit A | GitHub MASTER dedupe passed	https://apm-propertymanagement.com	georgedahdouh@gmail.com	https://www.apm-propertymanagement.com/about-us								High	Verified	https://explore.overturemaps.org/#id=8e498d1c-7435-47ee-b801-ebaf07d1cf92	Public Overture site+email; zero-HTTP V6 cheap-screen. Final MASTER dedupe/QA required.				overture:8e498d1c-7435-47ee-b801-ebaf07d1cf92	apm-propertymanagement.com	9167140351	advantage property management real estate	Elk Grove	USA	HIGH	domain:apm-propertymanagement.com
	A	91	Port Aransas	USA	Costa Bahia Vacation Rental		hotel	1915 S Station St	+13614631972								overture:b71cf09e-6663-4d1e-85e8-43ceb47fda25	2026-08-15T00:58:09.532345Z		Canonical queue drain | fit A | GitHub MASTER dedupe passed	https://x.com/CostaBahia20	costabahiapa@gmail.com					https://x.com/hashtag/CostaBahiaVacationRentals				High	Verified	https://explore.overturemaps.org/#id=b71cf09e-6663-4d1e-85e8-43ceb47fda25	Public Overture site+email; zero-HTTP V6 cheap-screen. Final MASTER dedupe/QA required.				overture:b71cf09e-6663-4d1e-85e8-43ceb47fda25	x.com	13614631972	costa bahia vacation rental	Port Aransas	USA	HIGH	domain:x.com
	A	91	Calgary	Canada	KO Realty - Calgary Real Estate Brokerage & Calgary Property Management Company		real_estate_service	301 14 St NW	+14034000699								overture:d58d115a-2981-4001-969a-abee86498090	2026-08-15T00:58:09.532345Z		Canonical queue drain | fit A | GitHub MASTER dedupe passed	http://korealty.ca/	info@korealty.ca	https://korealty.ca/about/								High	Verified	https://explore.overturemaps.org/#id=d58d115a-2981-4001-969a-abee86498090	Public Overture site+email; zero-HTTP V6 cheap-screen. Final MASTER dedupe/QA required.				overture:d58d115a-2981-4001-969a-abee86498090	korealty.ca	14034000699	ko realty calgary real estate brokerage calgary property management company	Calgary	Canada	HIGH	domain:korealty.ca
	A	91	Cochrane	Canada	Kidder & Company Real Estate & Property Management		real_estate_service	124 River Ave	+14038308636								overture:de47cc7c-eccf-4f7a-9aaf-5512006c64d2	2026-08-15T00:58:09.532345Z		Canonical queue drain | fit A | GitHub MASTER dedupe passed	http://kidderandcompany.ca/	eleanor.kidder@gmail.com	https://kidderandcompany.ca/contact-us/								High	Verified	https://explore.overturemaps.org/#id=de47cc7c-eccf-4f7a-9aaf-5512006c64d2	Public Overture site+email; zero-HTTP V6 cheap-screen. Final MASTER dedupe/QA required.				overture:de47cc7c-eccf-4f7a-9aaf-5512006c64d2	kidderandcompany.ca	14038308636	kidder company real estate property management	Cochrane	Canada	HIGH	domain:kidderandcompany.ca
	A	91	Brownsville	USA	BREMCO Real Estate & Property Management		property_management	302 Kings Hwy	+19565468481								overture:11d79c28-ada5-4984-9e6b-42869007feaa	2026-08-15T00:58:09.532345Z		Canonical queue drain | fit A | GitHub MASTER dedupe passed	http://www.bremcoinc.com/	christina@bremcoinc.com	https://www.bremcoinc.com/about-us/								Medium	Recall-first	https://explore.overturemaps.org/#id=11d79c28-ada5-4984-9e6b-42869007feaa	Public Overture site+email; zero-HTTP V6 cheap-screen. Final MASTER dedupe/QA required.				overture:11d79c28-ada5-4984-9e6b-42869007feaa	bremcoinc.com	19565468481	bremco real estate property management	Brownsville	USA	MEDIUM	domain:bremcoinc.com
	A	91	Vernon	Canada	Accent Property Management		real_estate_agent	204-3304 32 Ave	(250) 542-1533								overture:dcee5dfa-cc6b-4d21-a600-c9e001b88396	2026-08-15T00:58:09.532345Z		Canonical queue drain | fit A | GitHub MASTER dedupe passed	http://www.accentpm.ca	info@accentpm.ca	https://www.accentpm.ca/contact-us/								Medium	Recall-first	https://explore.overturemaps.org/#id=dcee5dfa-cc6b-4d21-a600-c9e001b88396	Public Overture site+email; zero-HTTP V6 cheap-screen. Final MASTER dedupe/QA required.				overture:dcee5dfa-cc6b-4d21-a600-c9e001b88396	accentpm.ca	2505421533	accent property management	Vernon	Canada	MEDIUM	domain:accentpm.ca
	A	91	Nags Head	USA	Sweet Paradise Vacation Rentals OBX		holiday_rental_home	2210 S Croatan Hwy	+12525883126								overture:b43927df-8f9b-42db-8353-c4214af33bca	2026-08-15T00:58:09.532345Z		Canonical queue drain | fit A | GitHub MASTER dedupe passed	https://www.sweetparadiseobx.com/	info@sweetparadiseobx.com			https://www.facebook.com/sweetparadiseobx/						High	Verified	https://explore.overturemaps.org/#id=b43927df-8f9b-42db-8353-c4214af33bca	Public Overture site+email; zero-HTTP V6 cheap-screen. Final MASTER dedupe/QA required.				overture:b43927df-8f9b-42db-8353-c4214af33bca	sweetparadiseobx.com	12525883126	sweet paradise vacation rentals obx	Nags Head	USA	HIGH	domain:sweetparadiseobx.com
	A	91	Saltburn by the Sea	United Kingdom	Rushpool Holiday Homes		holiday_rental_home	Saltburn Ln	+441287000000								overture:11a75020-7401-4a06-aa4f-f6eba315f25d	2026-08-15T00:58:09.532345Z		Canonical queue drain | fit A | GitHub MASTER dedupe passed	http://www.rushpoolholidayhomes.co.uk/	bookings@rushpoolholidayhomes.co.uk					https://www.rushpoolholidayhomes.co.uk/chalets				High	Verified	https://explore.overturemaps.org/#id=11a75020-7401-4a06-aa4f-f6eba315f25d	Public Overture site+email; zero-HTTP V6 cheap-screen. Final MASTER dedupe/QA required.				overture:11a75020-7401-4a06-aa4f-f6eba315f25d	rushpoolholidayhomes.co.uk	441287000000	rushpool holiday homes	Saltburn by the Sea	United Kingdom	HIGH	domain:rushpoolholidayhomes.co.uk
	A	91	Arizona-Scottsdale-Sedona::g12of2x2	USA	RnB Vacation Rentals		holiday_rental_home		+19499225833								overture:daad1baf-3da5-4a16-a4bd-8399bfa535df	2026-08-15T00:58:09.532345Z		Canonical queue drain | fit A | GitHub MASTER dedupe passed	http://www.rnbvr.com/	rod@rnbvr.com			https://www.facebook.com/rnbvacationrentals/						High	Verified	https://explore.overturemaps.org/#id=daad1baf-3da5-4a16-a4bd-8399bfa535df	Public Overture site+email; zero-HTTP V6 cheap-screen. Final MASTER dedupe/QA required.				overture:daad1baf-3da5-4a16-a4bd-8399bfa535df	rnbvr.com	19499225833	rnb vacation rentals	Arizona-Scottsdale-Sedona::g12of2x2	USA	HIGH	domain:rnbvr.com
	A	91	Northallerton	United Kingdom	Parklands Holiday Homes		rv_park	Yafforth Road	+441609779140								overture:40a26436-7d15-4a5e-9b50-8d28c8736230	2026-08-15T00:58:09.532345Z		Canonical queue drain | fit A | GitHub MASTER dedupe passed	https://parklandscaravanpark.co.uk/holiday-lodges/	bucklandleisureltd@gmail.com	http://parklandscaravanpark.co.uk/contact?tr_uuid=20260815-2247-349c-bf51-feaeb873706a&fp=-3								Medium	Recall-first	https://explore.overturemaps.org/#id=40a26436-7d15-4a5e-9b50-8d28c8736230	Public Overture site+email; zero-HTTP V6 cheap-screen. Final MASTER dedupe/QA required.				overture:40a26436-7d15-4a5e-9b50-8d28c8736230	parklandscaravanpark.co.uk	441609779140	parklands holiday homes	Northallerton	United Kingdom	MEDIUM	domain:parklandscaravanpark.co.uk
	A	91	Haw River	USA	Haw River Vacation Rentals		holiday_rental_home	329 NC-49	+13363296810								overture:47b152e8-2a97-4752-b7ae-861d2926db37	2026-08-15T00:58:09.532345Z		Canonical queue drain | fit A | GitHub MASTER dedupe passed	https://www.hawrivervacationrentals.com/	cardinaladventurerentals@gmail.com	https://www.hawrivervacationrentals.com/contact								High	Verified	https://explore.overturemaps.org/#id=47b152e8-2a97-4752-b7ae-861d2926db37	Public Overture site+email; zero-HTTP V6 cheap-screen. Final MASTER dedupe/QA required.				overture:47b152e8-2a97-4752-b7ae-861d2926db37	hawrivervacationrentals.com	13363296810	haw river vacation rentals	Haw River	USA	HIGH	domain:hawrivervacationrentals.com
	A	91	Taos	USA	Taos Vacation Rentals		holiday_rental_home	526 Placitas Road	+15757585700								overture:dcbceeba-b302-45ec-b151-a42b99c897ff	2026-08-15T00:58:09.532345Z		Canonical queue drain | fit A | GitHub MASTER dedupe passed	https://blueadobe.com/	so@blueadobe.com	https://blueadobe.com/contact								High	Verified	https://explore.overturemaps.org/#id=dcbceeba-b302-45ec-b151-a42b99c897ff	Public Overture site+email; zero-HTTP V6 cheap-screen. Final MASTER dedupe/QA required.				overture:dcbceeba-b302-45ec-b151-a42b99c897ff	blueadobe.com	15757585700	taos vacation rentals	Taos	USA	HIGH	domain:blueadobe.com
	A	91	Galveston	USA	Serene Shores Galveston Vacation Rentals		lodging	Pointe West									overture:c5c2289a-ed40-4ae8-8d47-cc1298a88bd6	2026-08-15T00:58:09.532345Z		Canonical queue drain | fit A | GitHub MASTER dedupe passed	http://sereneshorestx.com/	sereneshores25730@outlook.com		https://www.instagram.com/serene.shores.galveston/	https://www.facebook.com/SereneShoresTX/						High	Verified	https://explore.overturemaps.org/#id=c5c2289a-ed40-4ae8-8d47-cc1298a88bd6; https://sereneshorestx.com/	Public Overture site+email; zero-HTTP V6 cheap-screen. Final MASTER dedupe/QA required.				overture:c5c2289a-ed40-4ae8-8d47-cc1298a88bd6	sereneshorestx.com		serene shores galveston vacation rentals	Galveston	USA	HIGH	domain:sereneshorestx.com
	A	91	Vernon	Canada	Outback Lakeside Vacation Homes		holiday_rental_home	9845 Eastside Rd	+12505455005								overture:6ce4d418-168d-40d9-964d-10b74667dfa3	2026-08-15T00:58:09.532345Z		Canonical queue drain | fit A | GitHub MASTER dedupe passed	http://www.outbacklakeside.com/	info@outbacklakeside.com					https://www.outbacklakeside.com/vacation-homes/two-bedroom-south-bay-villa				High	Verified	https://explore.overturemaps.org/#id=6ce4d418-168d-40d9-964d-10b74667dfa3	Public Overture site+email; zero-HTTP V6 cheap-screen. Final MASTER dedupe/QA required.				overture:6ce4d418-168d-40d9-964d-10b74667dfa3	outbacklakeside.com	12505455005	outback lakeside vacation homes	Vernon	Canada	HIGH	domain:outbacklakeside.com
	A	91	South Padre Island	USA	GISO Vacation Rentals		holiday_rental_home	310 Padre Blvd	+19563122161								overture:82565d4c-00ef-4c2b-9d72-8c2ff954c1bb	2026-08-15T00:58:09.532345Z		Canonical queue drain | fit A | GitHub MASTER dedupe passed	https://www.gisovacationrentals.com/	stay@gisovacationrentals.com	https://www.gisovacationrentals.com/about-us								High	Verified	https://explore.overturemaps.org/#id=82565d4c-00ef-4c2b-9d72-8c2ff954c1bb	Public Overture site+email; zero-HTTP V6 cheap-screen. Final MASTER dedupe/QA required.				overture:82565d4c-00ef-4c2b-9d72-8c2ff954c1bb	gisovacationrentals.com	19563122161	giso vacation rentals	South Padre Island	USA	HIGH	domain:gisovacationrentals.com
	A	91	Canmore	Canada	Elevé Vacation Rentals		holiday_rental_home	104 Kananaskis Way	+17782519117								overture:deca4e69-b6b3-4a33-b400-8e9a91a17ac1	2026-08-15T00:58:09.532345Z		Canonical queue drain | fit A | GitHub MASTER dedupe passed	http://elevevacation.com/	contact@elevevacation.com	https://elevevacation.com/contact								High	Verified	https://explore.overturemaps.org/#id=deca4e69-b6b3-4a33-b400-8e9a91a17ac1	Public Overture site+email; zero-HTTP V6 cheap-screen. Final MASTER dedupe/QA required.				overture:deca4e69-b6b3-4a33-b400-8e9a91a17ac1	elevevacation.com	17782519117	eleve vacation rentals	Canmore	Canada	HIGH	domain:elevevacation.com
	A	91	Fresno	USA	Parker Property Management		property_management	575 E Alluvial Ave	+15594901989								overture:603094aa-447f-43ee-a797-62bab4eb1325	2026-08-15T00:56:13Z		Canonical queue drain | fit A | GitHub MASTER dedupe passed	http://sandymoorehomes.com/	sandymoorehomes@gmail.com	https://www.sandymoorehomes.com/contact								High	Verified	https://explore.overturemaps.org/#id=603094aa-447f-43ee-a797-62bab4eb1325	Public Overture site+email; zero-HTTP V6 cheap-screen. Final MASTER dedupe/QA required.				overture:603094aa-447f-43ee-a797-62bab4eb1325	sandymoorehomes.com	15594901989	parker property management	Fresno	USA	HIGH	domain:sandymoorehomes.com
	A	91	Calgary	Canada	Prowess Property Management		property_management	500 4 Ave SW	+15875707355								overture:327e1016-cca8-48f3-b132-da9cdc016e11	2026-08-15T00:56:13Z		Canonical queue drain | fit A | GitHub MASTER dedupe passed	https://prowessproperty.ca/	info@prowessproperty.ca		https://www.instagram.com/prowessproperty/							High	Verified	https://explore.overturemaps.org/#id=327e1016-cca8-48f3-b132-da9cdc016e11; https://prowessproperty.ca/	Public Overture site+email; zero-HTTP V6 cheap-screen. Final MASTER dedupe/QA required.				overture:327e1016-cca8-48f3-b132-da9cdc016e11	prowessproperty.ca	15875707355	prowess property management	Calgary	Canada	HIGH	domain:prowessproperty.ca
	A	91	St Ives	United Kingdom	Rose Cottage Holiday Home, Lelant St Ives		cottage	Lelant									overture:2fb5c41d-6f41-4b61-826b-e94334cc9212	2026-08-15T00:53:59.669877Z		Canonical queue drain | fit A | GitHub MASTER dedupe passed	https://www.rosecottagestives.co.uk/	rosecottstives@outlook.com	https://www.rosecottagestives.co.uk/enquiries				https://www.rosecottagestives.co.uk/guestbook				High	Verified	https://explore.overturemaps.org/#id=2fb5c41d-6f41-4b61-826b-e94334cc9212	Public Overture site+email; zero-HTTP V6 cheap-screen. Final MASTER dedupe/QA required.				overture:2fb5c41d-6f41-4b61-826b-e94334cc9212	rosecottagestives.co.uk		rose cottage holiday home lelant st ives	St Ives	United Kingdom	HIGH	domain:rosecottagestives.co.uk
	A	91	Newquay	United Kingdom	Palmside No77 , Cornish Holiday Home to rent		holiday_rental_home	Trevella Park, No77 Hillside ,Crantock,									overture:ee98986f-9df0-4358-a98b-b46cb91bde74	2026-08-15T00:53:59.669877Z		Canonical queue drain | fit A | GitHub MASTER dedupe passed	http://www.palmsideviewno77.co.uk/	stayno77@gmail.com	https://www.palmsideviewno77.co.uk/contact-us		https://www.facebook.com/cornishstaticcaravannewquayholidayhome/						High	Verified	https://explore.overturemaps.org/#id=ee98986f-9df0-4358-a98b-b46cb91bde74	Public Overture site+email; zero-HTTP V6 cheap-screen. Final MASTER dedupe/QA required.				overture:ee98986f-9df0-4358-a98b-b46cb91bde74	palmsideviewno77.co.uk		palmside no77 cornish holiday home to rent	Newquay	United Kingdom	HIGH	domain:palmsideviewno77.co.uk
	A	91	Milwaukee	USA	B & L Luxury Stays		bed_and_breakfast	3444 N 44th St	(414) 418-2540								overture:92d42c0f-ed6e-472b-83da-5c78c724d4ba	2026-08-15T00:53:59.669877Z		Canonical queue drain | fit A | GitHub MASTER dedupe passed	http://b-and-l-luxury-stay.milwaukeehotelstoday.com/en	dayideb@yahoo.com					https://village-inn-53208.milwaukeehotelstoday.com/en/				High	Verified	https://explore.overturemaps.org/#id=92d42c0f-ed6e-472b-83da-5c78c724d4ba	Public Overture site+email; zero-HTTP V6 cheap-screen. Final MASTER dedupe/QA required.				overture:92d42c0f-ed6e-472b-83da-5c78c724d4ba	milwaukeehotelstoday.com	4144182540	b l luxury stays	Milwaukee	USA	HIGH	domain:milwaukeehotelstoday.com
	A	91	Truro	United Kingdom	Lantreath holiday home		cottage	18a Tredenham Road	+447985598321								overture:cae2e3ce-153e-458f-8ce1-c727f150698e	2026-08-15T00:53:59.669877Z		Canonical queue drain | fit A | GitHub MASTER dedupe passed	https://www.lantreath.com/	lucy.glover@gmail.com	https://www.lantreath.com/contact								High	Verified	https://explore.overturemaps.org/#id=cae2e3ce-153e-458f-8ce1-c727f150698e	Public Overture site+email; zero-HTTP V6 cheap-screen. Final MASTER dedupe/QA required.				overture:cae2e3ce-153e-458f-8ce1-c727f150698e	lantreath.com	447985598321	lantreath holiday home	Truro	United Kingdom	HIGH	domain:lantreath.com
	A	91	Knox	USA	The Boat House		holiday_rental_home	3205 S CR 210									overture:9feb00d6-1228-4586-b14d-00f95e40a3f2	2026-08-15T00:53:59.669877Z		Canonical queue drain | fit A | GitHub MASTER dedupe passed	http://www.greatlakestays.com/	info@greatlakestays.com	https://www.greatlakestays.com/about-us				https://www.greatlakestays.com/rentals				High	Verified	https://explore.overturemaps.org/#id=9feb00d6-1228-4586-b14d-00f95e40a3f2	Public Overture site+email; zero-HTTP V6 cheap-screen. Final MASTER dedupe/QA required.				overture:9feb00d6-1228-4586-b14d-00f95e40a3f2	greatlakestays.com		the boat house	Knox	USA	HIGH	domain:greatlakestays.com
	A	91	Chicago	USA	Andco Management, Ltd. - 601 Deming		property_management	601 W Deming Pl	+17735258040								overture:cc29d045-c2f8-47f4-83fd-90df773b80a7	2026-08-15T00:53:59.669877Z		Canonical queue drain | fit A | GitHub MASTER dedupe passed	http://www.andcomanagement.com/	rentals@andcomanagement.com	https://www.andcomanagement.com/about-us								High	Verified	https://explore.overturemaps.org/#id=cc29d045-c2f8-47f4-83fd-90df773b80a7	Public Overture site+email; zero-HTTP V6 cheap-screen. Final MASTER dedupe/QA required.				overture:cc29d045-c2f8-47f4-83fd-90df773b80a7	andcomanagement.com	17735258040	andco management ltd 601 deming	Chicago	USA	HIGH	domain:andcomanagement.com
	A	91	San Diego	USA	People Helping Others		property_management	7851 Mission Center Ct	+16192825400								overture:d5b0abe7-af51-4279-a147-adb7ea33892a	2026-08-15T00:53:59.669877Z		Canonical queue drain | fit A | GitHub MASTER dedupe passed	http://peoplehelpingothers.com/	info@peoplehelpingothers.com	https://www.peoplehelpingothers.com/about-us								High	Verified	https://explore.overturemaps.org/#id=d5b0abe7-af51-4279-a147-adb7ea33892a	Public Overture site+email; zero-HTTP V6 cheap-screen. Final MASTER dedupe/QA required.				overture:d5b0abe7-af51-4279-a147-adb7ea33892a	peoplehelpingothers.com	16192825400	people helping others	San Diego	USA	HIGH	domain:peoplehelpingothers.com
	A	91	Exeter	United Kingdom	Sams Lettings And Property Management		property_management	5 Barnfield Cres	+447577923159								overture:bc77cb9f-aca6-4305-96ba-d377dcca6aff	2026-08-15T00:53:59.669877Z		Canonical queue drain | fit A | GitHub MASTER dedupe passed	http://samslettings.com/	info@samslettings.com	https://samslettings.com/contact-faq/								High	Verified	https://explore.overturemaps.org/#id=bc77cb9f-aca6-4305-96ba-d377dcca6aff	Public Overture site+email; zero-HTTP V6 cheap-screen. Final MASTER dedupe/QA required.				overture:bc77cb9f-aca6-4305-96ba-d377dcca6aff	samslettings.com	447577923159	sams lettings and property management	Exeter	United Kingdom	HIGH	domain:samslettings.com
	A	91	Norton Shores	USA	Westshore Property Management		property_management	4265 Grand Haven Rd	+12317986430								overture:0801f2f1-2fd8-48e3-bcbb-46544256060c	2026-08-15T00:53:59.669877Z		Canonical queue drain | fit A | GitHub MASTER dedupe passed	http://www.westshorepropertymanagement.com/	rent@westshorepropertymanagement.com	https://www.westshorepropertymanagement.com/about								High	Verified	https://explore.overturemaps.org/#id=0801f2f1-2fd8-48e3-bcbb-46544256060c	Public Overture site+email; zero-HTTP V6 cheap-screen. Final MASTER dedupe/QA required.				overture:0801f2f1-2fd8-48e3-bcbb-46544256060c	westshorepropertymanagement.com	12317986430	westshore property management	Norton Shores	USA	HIGH	domain:westshorepropertymanagement.com
	A	91	Holland	USA	Waveland Property Management		property_management	44 E Lakewood Blvd	+16167961203								overture:98f043c1-06a1-4a23-be2f-fc79a621dd94	2026-08-15T00:53:59.669877Z		Canonical queue drain | fit A | GitHub MASTER dedupe passed	http://www.wavelandpm.com/	hello@wavelandpm.com	https://www.wavelandpm.com/about								High	Verified	https://explore.overturemaps.org/#id=98f043c1-06a1-4a23-be2f-fc79a621dd94	Public Overture site+email; zero-HTTP V6 cheap-screen. Final MASTER dedupe/QA required.				overture:98f043c1-06a1-4a23-be2f-fc79a621dd94	wavelandpm.com	16167961203	waveland property management	Holland	USA	HIGH	domain:wavelandpm.com
	A	91	Villa Park	USA	Vista Property Management		property_management	138 W Home Ave	+16305301122								overture:e4f1edd1-fd83-4155-8d25-56f5605461a0	2026-08-15T00:53:59.669877Z		Canonical queue drain | fit A | GitHub MASTER dedupe passed	http://www.vistapm.com	dina@vistapm.com	https://www.vistapm.com/about-us								High	Verified	https://explore.overturemaps.org/#id=e4f1edd1-fd83-4155-8d25-56f5605461a0	Public Overture site+email; zero-HTTP V6 cheap-screen. Final MASTER dedupe/QA required.				overture:e4f1edd1-fd83-4155-8d25-56f5605461a0	vistapm.com	16305301122	vista property management	Villa Park	USA	HIGH	domain:vistapm.com
	A	91	Greeley	USA	True Abundance Property Management		property_management	1115 11th Ave	+19703525732								overture:7df7a225-94e7-4911-bcae-031595682141	2026-08-15T00:53:59.669877Z		Canonical queue drain | fit A | GitHub MASTER dedupe passed	http://www.trueabundancepm.com/	tapmbeyondmgmt@gmail.com	https://www.trueabundancepm.com/contact-us								High	Verified	https://explore.overturemaps.org/#id=7df7a225-94e7-4911-bcae-031595682141	Public Overture site+email; zero-HTTP V6 cheap-screen. Final MASTER dedupe/QA required.				overture:7df7a225-94e7-4911-bcae-031595682141	trueabundancepm.com	19703525732	true abundance property management	Greeley	USA	HIGH	domain:trueabundancepm.com
	A	91	London	USA	Thorne Property Management		property_management	546 King St	+15196601904								overture:98051f82-75d4-4082-b59f-f823e102ad06	2026-08-15T00:53:59.669877Z		Canonical queue drain | fit A | GitHub MASTER dedupe passed	http://www.thorneproperty.com	info@thorneproperty.com	http://www.thorneproperty.com/about-us/								Medium	Recall-first	https://explore.overturemaps.org/#id=98051f82-75d4-4082-b59f-f823e102ad06	Public Overture site+email; zero-HTTP V6 cheap-screen. Final MASTER dedupe/QA required.				overture:98051f82-75d4-4082-b59f-f823e102ad06	thorneproperty.com	15196601904	thorne property management	London	USA	MEDIUM	domain:thorneproperty.com
	A	91	Stevensville	USA	SWM Homes Property Management		property_management	4333 Red Arrow Hwy	+12697696822								overture:1628d806-ffcd-4174-b07f-c4503738b3de	2026-08-15T00:53:59.669877Z		Canonical queue drain | fit A | GitHub MASTER dedupe passed	http://swmhomes.com/	swmhomesproperty@gmail.com			https://www.facebook.com/SWMHomesproperty/						Medium	Recall-first	https://explore.overturemaps.org/#id=1628d806-ffcd-4174-b07f-c4503738b3de	Public Overture site+email; zero-HTTP V6 cheap-screen. Final MASTER dedupe/QA required.				overture:1628d806-ffcd-4174-b07f-c4503738b3de	swmhomes.com	12697696822	swm homes property management	Stevensville	USA	MEDIUM	domain:swmhomes.com
	A	91	Boulder	USA	Sunnyside Property Management		property_management	1450 28th St Frontage Rd	+13034427773								overture:8d866d81-a398-4222-9f36-4b9d4de0a7de	2026-08-15T00:53:59.669877Z		Canonical queue drain | fit A | GitHub MASTER dedupe passed	http://www.sunnysiderental.com/	info@sunnysiderental.com	https://www.sunnysiderental.com/about-us								High	Verified	https://explore.overturemaps.org/#id=8d866d81-a398-4222-9f36-4b9d4de0a7de	Public Overture site+email; zero-HTTP V6 cheap-screen. Final MASTER dedupe/QA required.				overture:8d866d81-a398-4222-9f36-4b9d4de0a7de	sunnysiderental.com	13034427773	sunnyside property management	Boulder	USA	HIGH	domain:sunnysiderental.com
	A	91	Kenosha	USA	Success Property Management		property_management	933 Washington Rd	+12626718279								overture:eff7a6d9-4576-41a2-a693-a546f6e7e80c	2026-08-15T00:53:59.669877Z		Canonical queue drain | fit A | GitHub MASTER dedupe passed	https://successpropertymanagementllc.com/	spmwisconsin@gmail.com			https://www.facebook.com/Successrealtorspropertymanagement/						High	Verified	https://explore.overturemaps.org/#id=eff7a6d9-4576-41a2-a693-a546f6e7e80c	Public Overture site+email; zero-HTTP V6 cheap-screen. Final MASTER dedupe/QA required.				overture:eff7a6d9-4576-41a2-a693-a546f6e7e80c	successpropertymanagementllc.com	12626718279	success property management	Kenosha	USA	HIGH	domain:successpropertymanagementllc.com
	A	91	Parker	USA	Specialized Property Management		property_management	19590 E Mainstreet	+13038410456								overture:98ac42f5-8810-4338-a536-21852b2975b1	2026-08-15T00:53:59.669877Z		Canonical queue drain | fit A | GitHub MASTER dedupe passed	http://www.SPMParker.com/	hello@spmparker.com	https://www.spmparker.com/about								Medium	Recall-first	https://explore.overturemaps.org/#id=98ac42f5-8810-4338-a536-21852b2975b1	Public Overture site+email; zero-HTTP V6 cheap-screen. Final MASTER dedupe/QA required.				overture:98ac42f5-8810-4338-a536-21852b2975b1	spmparker.com	13038410456	specialized property management	Parker	USA	MEDIUM	domain:spmparker.com
	A	91	Launceston	United Kingdom	SWD Holiday Property Management Services		home_cleaning	Unit 1F, Course View, Kennards House	+441566706160								overture:25bce5c0-dbdb-48eb-838b-a985caa3e974	2026-08-15T00:53:59.669877Z		Canonical queue drain | fit A | GitHub MASTER dedupe passed	https://southwestdomestics.co.uk/	enquiries@southwestdomestics.co.uk	https://southwestdomestics.co.uk/about/								High	Verified	https://explore.overturemaps.org/#id=25bce5c0-dbdb-48eb-838b-a985caa3e974	Public Overture site+email; zero-HTTP V6 cheap-screen. Final MASTER dedupe/QA required.				overture:25bce5c0-dbdb-48eb-838b-a985caa3e974	southwestdomestics.co.uk	441566706160	swd holiday property management services	Launceston	United Kingdom	HIGH	domain:southwestdomestics.co.uk
	A	91	Loveland	USA	Scheele Property Management		property_management	1425 W 29th St	+19704430377								overture:19ffece0-ce17-46d7-bf21-4676589e7a01	2026-08-15T00:53:59.669877Z		Canonical queue drain | fit A | GitHub MASTER dedupe passed	http://www.scheelepm.com/	louisa@scheelepm.com	https://www.scheelepm.com/about								High	Verified	https://explore.overturemaps.org/#id=19ffece0-ce17-46d7-bf21-4676589e7a01	Public Overture site+email; zero-HTTP V6 cheap-screen. Final MASTER dedupe/QA required.				overture:19ffece0-ce17-46d7-bf21-4676589e7a01	scheelepm.com	19704430377	scheele property management	Loveland	USA	HIGH	domain:scheelepm.com
	A	91	Kingsville	USA	Revive Property Management		property_management	277 Cherrywood Dr	+15199843135								overture:42f3eb84-1003-470c-a43b-5af78d53d6f0	2026-08-15T00:53:59.669877Z		Canonical queue drain | fit A | GitHub MASTER dedupe passed	http://www.revivepropertymanagement.ca/	ashley@revivepropertymanagement.ca			https://www.facebook.com/1032163119971769/						High	Verified	https://explore.overturemaps.org/#id=42f3eb84-1003-470c-a43b-5af78d53d6f0	Public Overture site+email; zero-HTTP V6 cheap-screen. Final MASTER dedupe/QA required.				overture:42f3eb84-1003-470c-a43b-5af78d53d6f0	revivepropertymanagement.ca	15199843135	revive property management	Kingsville	USA	HIGH	domain:revivepropertymanagement.ca
	A	91	Grand Junction	USA	Rental Property Management		property_management	2355 Teller Ct	+19702453939								overture:23218c86-275b-4bad-b4dd-b18286bb13fa	2026-08-15T00:53:59.669877Z		Canonical queue drain | fit A | GitHub MASTER dedupe passed	http://rentalsgj.com	rebecca@rentalsgj.com					http://rentalsgj.com/mailto:rebecca@rentalsgj.com				High	Verified	https://explore.overturemaps.org/#id=23218c86-275b-4bad-b4dd-b18286bb13fa	Public Overture site+email; zero-HTTP V6 cheap-screen. Final MASTER dedupe/QA required.				overture:23218c86-275b-4bad-b4dd-b18286bb13fa	rentalsgj.com	19702453939	rental property management	Grand Junction	USA	HIGH	domain:rentalsgj.com
	A	91	Gary	USA	Property Boss - Property Management		property_management	5515 W 41st Ave	+12198016123								overture:722d4b0a-ca1d-45a9-b281-a353b438da63	2026-08-15T00:53:59.669877Z		Canonical queue drain | fit A | GitHub MASTER dedupe passed	http://Propertybossllc.com/	staff@propertybossllc.com	https://www.propertybossllc.com/contact								High	Verified	https://explore.overturemaps.org/#id=722d4b0a-ca1d-45a9-b281-a353b438da63	Public Overture site+email; zero-HTTP V6 cheap-screen. Final MASTER dedupe/QA required.				overture:722d4b0a-ca1d-45a9-b281-a353b438da63	propertybossllc.com	12198016123	property boss property management	Gary	USA	HIGH	domain:propertybossllc.com
	A	91	Chicago	USA	Primera Property Management		property_management	3958 W 55th St	+18722059090								overture:a4e6f2b9-5b8a-4f56-b844-26b4c90f8a38	2026-08-15T00:53:59.669877Z		Canonical queue drain | fit A | GitHub MASTER dedupe passed	http://www.PrimeraManagement.com/	primeramgmt@gmail.com	https://www.primeramanagement.com/about-us								High	Verified	https://explore.overturemaps.org/#id=a4e6f2b9-5b8a-4f56-b844-26b4c90f8a38	Public Overture site+email; zero-HTTP V6 cheap-screen. Final MASTER dedupe/QA required.				overture:a4e6f2b9-5b8a-4f56-b844-26b4c90f8a38	primeramanagement.com	18722059090	primera property management	Chicago	USA	HIGH	domain:primeramanagement.com
	A	91	St George	USA	Preferred Property Management		property_management	47 S 400 E	+14356735000								overture:8e56bbcd-c184-476d-91ba-331a065115e5	2026-08-15T00:53:59.669877Z		Canonical queue drain | fit A | GitHub MASTER dedupe passed	http://preferredstgeorge.com	bennettshaffer@preferredstgeorge.com	https://www.preferredstgeorge.com/about-us								High	Verified	https://explore.overturemaps.org/#id=8e56bbcd-c184-476d-91ba-331a065115e5	Public Overture site+email; zero-HTTP V6 cheap-screen. Final MASTER dedupe/QA required.				overture:8e56bbcd-c184-476d-91ba-331a065115e5	preferredstgeorge.com	14356735000	preferred property management	St George	USA	HIGH	domain:preferredstgeorge.com
	A	91	Marysvale	USA	Pauite Trail King Vacation Rental		rv_park	900 W Center St	+19517757177								overture:3446b68a-f3ba-4a51-9bd6-b4a14cad2e73	2026-08-15T00:53:59.669877Z		Canonical queue drain | fit A | GitHub MASTER dedupe passed	https://paiutetrailking.com/	dg.rzr.ut@gmail.com	https://paiutetrailking.com/contact/								High	Verified	https://explore.overturemaps.org/#id=3446b68a-f3ba-4a51-9bd6-b4a14cad2e73	Public Overture site+email; zero-HTTP V6 cheap-screen. Final MASTER dedupe/QA required.				overture:3446b68a-f3ba-4a51-9bd6-b4a14cad2e73	paiutetrailking.com	19517757177	pauite trail king vacation rental	Marysvale	USA	HIGH	domain:paiutetrailking.com
	A	91	Denver	USA	Booker PM - Run Property Management on One OS		internet_marketing_service	201 Milwaukee St	+17206057140								overture:1ee7981e-95b5-4b17-89a3-48daee1b60a9	2026-08-15T00:53:59.669877Z		Canonical queue drain | fit A | GitHub MASTER dedupe passed	https://ownerbooker.com/	hello@ownerbooker.com					https://ownerbooker.com/pricing				High	Verified	https://explore.overturemaps.org/#id=1ee7981e-95b5-4b17-89a3-48daee1b60a9	Public Overture site+email; zero-HTTP V6 cheap-screen. Final MASTER dedupe/QA required.				overture:1ee7981e-95b5-4b17-89a3-48daee1b60a9	ownerbooker.com	17206057140	booker pm run property management on one os	Denver	USA	HIGH	domain:ownerbooker.com
	A	91	Middleville	USA	NTA Property Management		property_management	650 S Broadway St	+12698231856								overture:9213a457-6dcf-4084-9a1c-7efe3c3c6da7	2026-08-15T00:53:59.669877Z		Canonical queue drain | fit A | GitHub MASTER dedupe passed	https://ntamanagement.net/	jasonb@ntamanagement.net			https://www.facebook.com/NTAPropertyManagement/						Medium	Recall-first	https://explore.overturemaps.org/#id=9213a457-6dcf-4084-9a1c-7efe3c3c6da7	Public Overture site+email; zero-HTTP V6 cheap-screen. Final MASTER dedupe/QA required.				overture:9213a457-6dcf-4084-9a1c-7efe3c3c6da7	ntamanagement.net	12698231856	nta property management	Middleville	USA	MEDIUM	domain:ntamanagement.net
	A	91	New Baltimore	USA	Next Level Property Management		property_management	35543 23 Mile Rd	+15868428951								overture:18e44b7f-464c-42af-8d21-01a4174ec1b4	2026-08-15T00:53:59.669877Z		Canonical queue drain | fit A | GitHub MASTER dedupe passed	https://nextlevelpm.net/	andrea@nextlevelpm.net	https://www.nextlevelpm.net/pages/about-us								Medium	Recall-first	https://explore.overturemaps.org/#id=18e44b7f-464c-42af-8d21-01a4174ec1b4	Public Overture site+email; zero-HTTP V6 cheap-screen. Final MASTER dedupe/QA required.				overture:18e44b7f-464c-42af-8d21-01a4174ec1b4	nextlevelpm.net	15868428951	next level property management	New Baltimore	USA	MEDIUM	domain:nextlevelpm.net
	A	91	Oak Park	USA	M & M Property Management		property_management	506 Wesley Ave	+17083867355								overture:3698edef-299d-4260-a6b8-28398f73f1d6	2026-08-15T00:53:59.669877Z		Canonical queue drain | fit A | GitHub MASTER dedupe passed	http://www.mmpropmgt.com/	info@mmpropmgt.com	https://www.mmpropmgt.com/contact-us								High	Verified	https://explore.overturemaps.org/#id=3698edef-299d-4260-a6b8-28398f73f1d6	Public Overture site+email; zero-HTTP V6 cheap-screen. Final MASTER dedupe/QA required.				overture:3698edef-299d-4260-a6b8-28398f73f1d6	mmpropmgt.com	17083867355	m m property management	Oak Park	USA	HIGH	domain:mmpropmgt.com
	A	91	Naperville	USA	Marlo Property Management		property_management	865 N Columbia St	(708) 770-0776								overture:57480a51-6c96-4a8e-a6f4-1737329ac6a7	2026-08-15T00:53:59.669877Z		Canonical queue drain | fit A | GitHub MASTER dedupe passed	https://www.marlopm.com	info@marlopm.com	https://www.marlopm.com/about-us								High	Verified	https://explore.overturemaps.org/#id=57480a51-6c96-4a8e-a6f4-1737329ac6a7	Public Overture site+email; zero-HTTP V6 cheap-screen. Final MASTER dedupe/QA required.				overture:57480a51-6c96-4a8e-a6f4-1737329ac6a7	marlopm.com	7087700776	marlo property management	Naperville	USA	HIGH	domain:marlopm.com
	A	91	Orangeville	USA	Malvern Condominium Property Management		property_management	15 Elizabeth St	+14166740001								overture:1e5cf629-763d-4f2b-9c6a-6c1224dca8db	2026-08-15T00:53:59.669877Z		Canonical queue drain | fit A | GitHub MASTER dedupe passed	http://www.malvern.ca/	mail@malvern.ca	https://malvern.ca/wp-content/plugins/contact-form-7/includes/css/styles.css?ver=6.0.3								High	Verified	https://explore.overturemaps.org/#id=1e5cf629-763d-4f2b-9c6a-6c1224dca8db	Public Overture site+email; zero-HTTP V6 cheap-screen. Final MASTER dedupe/QA required.				overture:1e5cf629-763d-4f2b-9c6a-6c1224dca8db	malvern.ca	14166740001	malvern condominium property management	Orangeville	USA	HIGH	domain:malvern.ca
	A	91	Pentwater	USA	Lakesound Vacation Rental		holiday_rental_home	8401 N Perry Ave	+12318735173								overture:59641afb-7f2a-4607-b8b5-5076fd3f6d06	2026-08-15T00:53:59.669877Z		Canonical queue drain | fit A | GitHub MASTER dedupe passed	http://www.lakesound.net/	info@lakesound.net	https://lakesound.net/contact.html								High	Verified	https://explore.overturemaps.org/#id=59641afb-7f2a-4607-b8b5-5076fd3f6d06	Public Overture site+email; zero-HTTP V6 cheap-screen. Final MASTER dedupe/QA required.				overture:59641afb-7f2a-4607-b8b5-5076fd3f6d06	lakesound.net	12318735173	lakesound vacation rental	Pentwater	USA	HIGH	domain:lakesound.net
	A	91	Oak Forest	USA	KMA Property Management		property_management	15512 Cicero Ave	+13123726703								overture:cc69885f-5d49-48e0-a96e-2fb8264fc385	2026-08-15T00:53:59.669877Z		Canonical queue drain | fit A | GitHub MASTER dedupe passed	http://www.kmapm.com/	drowland@kmapm.com	https://kmapm.com/about-us/								Medium	Recall-first	https://explore.overturemaps.org/#id=cc69885f-5d49-48e0-a96e-2fb8264fc385	Public Overture site+email; zero-HTTP V6 cheap-screen. Final MASTER dedupe/QA required.				overture:cc69885f-5d49-48e0-a96e-2fb8264fc385	kmapm.com	13123726703	kma property management	Oak Forest	USA	MEDIUM	domain:kmapm.com
	A	91	Denver	USA	JM Property Management		property_management	2475 W 26th Ave	+17204997103								overture:04dc8448-22ab-4ee5-9569-97e00d42865c	2026-08-15T00:53:59.669877Z		Canonical queue drain | fit A | GitHub MASTER dedupe passed	https://jmpropertymgmt.com/rental-search/	shannonroganrental@gmail.com	https://jmpropertymgmt.com/about/								High	Verified	https://explore.overturemaps.org/#id=04dc8448-22ab-4ee5-9569-97e00d42865c	Public Overture site+email; zero-HTTP V6 cheap-screen. Final MASTER dedupe/QA required.				overture:04dc8448-22ab-4ee5-9569-97e00d42865c	jmpropertymgmt.com	17204997103	jm property management	Denver	USA	HIGH	domain:jmpropertymgmt.com
	A	91	Sterling Heights	USA	JBC Property Management Inc		property_management	13486 Canal Rd	+15862543000								overture:64920b8c-2ac8-4a87-abd3-e4801ac7a7f1	2026-08-15T00:53:59.669877Z		Canonical queue drain | fit A | GitHub MASTER dedupe passed	http://www.jbcpropertymanagement.com/	jeff@jbcpropertymanagement.com	https://www.jbcpropertymanagement.com/about.htm								Medium	Recall-first	https://explore.overturemaps.org/#id=64920b8c-2ac8-4a87-abd3-e4801ac7a7f1	Public Overture site+email; zero-HTTP V6 cheap-screen. Final MASTER dedupe/QA required.				overture:64920b8c-2ac8-4a87-abd3-e4801ac7a7f1	jbcpropertymanagement.com	15862543000	jbc property management inc	Sterling Heights	USA	MEDIUM	domain:jbcpropertymanagement.com
	A	91	Centennial	USA	INCO Property Management & Sales		property_management	6640 S Broadway St	+13037940402								overture:b5c9cbfa-0906-4959-af89-e831639429d7	2026-08-15T00:53:59.669877Z		Canonical queue drain | fit A | GitHub MASTER dedupe passed	http://www.incopm.com/	inco@incopm.com	https://incopm.com/contact-us								High	Verified	https://explore.overturemaps.org/#id=b5c9cbfa-0906-4959-af89-e831639429d7	Public Overture site+email; zero-HTTP V6 cheap-screen. Final MASTER dedupe/QA required.				overture:b5c9cbfa-0906-4959-af89-e831639429d7	incopm.com	13037940402	inco property management sales	Centennial	USA	HIGH	domain:incopm.com
	A	91	Templeton	United Kingdom	Homelink Property Management		property_management	Allensbank holiday park Providence Hill	+441834861160								overture:fd356ccc-d600-4004-bbd8-7bd988f45381	2026-08-15T00:53:59.669877Z		Canonical queue drain | fit A | GitHub MASTER dedupe passed	http://www.homelinkproperty.co.uk/	info@homelinkproperty.co.uk	https://homelinkproperty.co.uk/about-us								High	Verified	https://explore.overturemaps.org/#id=fd356ccc-d600-4004-bbd8-7bd988f45381	Public Overture site+email; zero-HTTP V6 cheap-screen. Final MASTER dedupe/QA required.				overture:fd356ccc-d600-4004-bbd8-7bd988f45381	homelinkproperty.co.uk	441834861160	homelink property management	Templeton	United Kingdom	HIGH	domain:homelinkproperty.co.uk
	A	91	Ruidoso	USA	Mountain Home Cabin Rentals LLC		holiday_rental_home	2801 Sudderth Dr	+15756070509								overture:da318012-edfb-4856-a9e4-1e2cec1b4d84	2026-08-15T00:53:59.669877Z		Canonical queue drain | fit A | GitHub MASTER dedupe passed	https://mountainhomecabinrentals.holidayfuture.com/	mountainhomecabinrentalsnm@gmail.com	https://mountainhomecabinrentals.holidayfuture.com/about-us								High	Verified	https://explore.overturemaps.org/#id=da318012-edfb-4856-a9e4-1e2cec1b4d84	Public Overture site+email; zero-HTTP V6 cheap-screen. Final MASTER dedupe/QA required.				overture:da318012-edfb-4856-a9e4-1e2cec1b4d84	holidayfuture.com	15756070509	mountain home cabin rentals llc	Ruidoso	USA	HIGH	domain:holidayfuture.com
	A	91	Fort Collins	USA	Helix Property Management		property_management	244 Pine St	+19706326055								overture:3f7cd58d-315d-472a-9cc8-69263389e1f8	2026-08-15T00:53:59.669877Z		Canonical queue drain | fit A | GitHub MASTER dedupe passed	http://helixpropertymanagement.com/	leasing@helixpropertymanagement.com	https://www.helixpropertymanagement.com/leave-us-an-inquiry/								Medium	Recall-first	https://explore.overturemaps.org/#id=3f7cd58d-315d-472a-9cc8-69263389e1f8	Public Overture site+email; zero-HTTP V6 cheap-screen. Final MASTER dedupe/QA required.				overture:3f7cd58d-315d-472a-9cc8-69263389e1f8	helixpropertymanagement.com	19706326055	helix property management	Fort Collins	USA	MEDIUM	domain:helixpropertymanagement.com
	A	91	Lansing	USA	Garno Property Management		property_management	1500 E Michigan Ave	+15176511374								overture:33f6b050-8981-49b0-a29a-4235729b031f	2026-08-15T00:53:59.669877Z		Canonical queue drain | fit A | GitHub MASTER dedupe passed	http://www.garnorealestate.com/	garnorealestate@aol.com	http://www.garnorealestate.com/About-Us.html								High	Verified	https://explore.overturemaps.org/#id=33f6b050-8981-49b0-a29a-4235729b031f	Public Overture site+email; zero-HTTP V6 cheap-screen. Final MASTER dedupe/QA required.				overture:33f6b050-8981-49b0-a29a-4235729b031f	garnorealestate.com	15176511374	garno property management	Lansing	USA	HIGH	domain:garnorealestate.com
	A	91	London	USA	Forest City Property Management		property_management	151b York St	+15197191603								overture:1d88c948-1895-47c0-af98-49c2992444f5	2026-08-15T00:53:59.669877Z		Canonical queue drain | fit A | GitHub MASTER dedupe passed	http://www.forestcitypropertymanagement.ca/	info@forestcitypropertymanagement.ca	https://www.forestcitypropertymanagement.ca/about								High	Verified	https://explore.overturemaps.org/#id=1d88c948-1895-47c0-af98-49c2992444f5	Public Overture site+email; zero-HTTP V6 cheap-screen. Final MASTER dedupe/QA required.				overture:1d88c948-1895-47c0-af98-49c2992444f5	forestcitypropertymanagement.ca	15197191603	forest city property management	London	USA	HIGH	domain:forestcitypropertymanagement.ca
	A	91	Lorain	USA	Edge Property Management		property_management	105 Cooper Foster Park Rd W	+14409607369								overture:8f9ec631-6bd1-496e-b508-f535a1c05111	2026-08-15T00:53:59.669877Z		Canonical queue drain | fit A | GitHub MASTER dedupe passed	http://edgepropmanagement.com/	edgepropmanagement@gmail.com	https://www.edgepropmanagement.com/about-us								High	Verified	https://explore.overturemaps.org/#id=8f9ec631-6bd1-496e-b508-f535a1c05111	Public Overture site+email; zero-HTTP V6 cheap-screen. Final MASTER dedupe/QA required.				overture:8f9ec631-6bd1-496e-b508-f535a1c05111	edgepropmanagement.com	14409607369	edge property management	Lorain	USA	HIGH	domain:edgepropmanagement.com
	A	91	Lakewood	USA	Ecospace Property Management		property_management	7675 W 14th Ave	+17207357384								overture:ddad68dd-297c-4211-98f0-11f5bda1656b	2026-08-15T00:53:59.669877Z		Canonical queue drain | fit A | GitHub MASTER dedupe passed	https://www.crtmanage.com/	info@crtmanage.com	https://www.crtmanage.com/about-us								High	Verified	https://explore.overturemaps.org/#id=ddad68dd-297c-4211-98f0-11f5bda1656b	Public Overture site+email; zero-HTTP V6 cheap-screen. Final MASTER dedupe/QA required.				overture:ddad68dd-297c-4211-98f0-11f5bda1656b	crtmanage.com	17207357384	ecospace property management	Lakewood	USA	HIGH	domain:crtmanage.com
	A	91	South Holland	USA	Clear Property Management		property_management	15475 S Park Ave	+18884756090								overture:be54f1fd-3d9c-4c7e-ab58-1c23142892d1	2026-08-15T00:53:59.669877Z		Canonical queue drain | fit A | GitHub MASTER dedupe passed	http://www.clearpropmgmt.com/	admin@clearpropmgmt.com	https://clearpropmgmt.com/contact-us								Medium	Recall-first	https://explore.overturemaps.org/#id=be54f1fd-3d9c-4c7e-ab58-1c23142892d1	Public Overture site+email; zero-HTTP V6 cheap-screen. Final MASTER dedupe/QA required.				overture:be54f1fd-3d9c-4c7e-ab58-1c23142892d1	clearpropmgmt.com	18884756090	clear property management	South Holland	USA	MEDIUM	domain:clearpropmgmt.com
	A	91	Phoenix	USA	City Property Management		property_management	4645 E Cotton Gin Loop	+16024374777								overture:be71052b-d461-46d8-b8e5-c2871b719e88	2026-08-15T00:53:59.669877Z		Canonical queue drain | fit A | GitHub MASTER dedupe passed	http://www.cityproperty.com	info@cityproperty.com	https://cityproperty.com/about/								High	Verified	https://explore.overturemaps.org/#id=be71052b-d461-46d8-b8e5-c2871b719e88	Public Overture site+email; zero-HTTP V6 cheap-screen. Final MASTER dedupe/QA required.				overture:be71052b-d461-46d8-b8e5-c2871b719e88	cityproperty.com	16024374777	city property management	Phoenix	USA	HIGH	domain:cityproperty.com
	A	91	Clawson	USA	Casa Bella Property Management		property_management	850 N Crooks Rd Ste 100	(248) 655-1500								overture:98984b3b-e655-4290-8dac-f11169f7fe42	2026-08-15T00:53:59.669877Z		Canonical queue drain | fit A | GitHub MASTER dedupe passed	http://www.casabellamanagement.com	renee@casabellamanagement.com	https://www.casabellamanagement.com/contact.php								Medium	Recall-first	https://explore.overturemaps.org/#id=98984b3b-e655-4290-8dac-f11169f7fe42	Public Overture site+email; zero-HTTP V6 cheap-screen. Final MASTER dedupe/QA required.				overture:98984b3b-e655-4290-8dac-f11169f7fe42	casabellamanagement.com	2486551500	casa bella property management	Clawson	USA	MEDIUM	domain:casabellamanagement.com
	A	91	Glendale	USA	Ayantade Property Management, LLC		property_management	5464 N Port Washington Rd	+14149090197								overture:3b335bc7-c2df-41cf-940b-32798afa639c	2026-08-15T00:53:59.669877Z		Canonical queue drain | fit A | GitHub MASTER dedupe passed	http://www.ayantadepmllc.com/	2rent@ayantadepmllc.com	http://www.ayantadepmllc.com/about.html								High	Verified	https://explore.overturemaps.org/#id=3b335bc7-c2df-41cf-940b-32798afa639c	Public Overture site+email; zero-HTTP V6 cheap-screen. Final MASTER dedupe/QA required.				overture:3b335bc7-c2df-41cf-940b-32798afa639c	ayantadepmllc.com	14149090197	ayantade property management llc	Glendale	USA	HIGH	domain:ayantadepmllc.com
	A	91	Durango	USA	AREM Property Management Company		property_management	1201 Main Ave	+19702478299								overture:3c6315fb-3aae-4bb3-97bd-6b6fed2fcb5f	2026-08-15T00:53:59.669877Z		Canonical queue drain | fit A | GitHub MASTER dedupe passed	http://arempm.com/	arem@arempm.com	https://arempm.com/contact-us/								High	Verified	https://explore.overturemaps.org/#id=3c6315fb-3aae-4bb3-97bd-6b6fed2fcb5f	Public Overture site+email; zero-HTTP V6 cheap-screen. Final MASTER dedupe/QA required.				overture:3c6315fb-3aae-4bb3-97bd-6b6fed2fcb5f	arempm.com	19702478299	arem property management company	Durango	USA	HIGH	domain:arempm.com
	A	91	Phoenix	USA	Associated Property Management		property_management	3260 E Indian School Rd	+14809411077								overture:1f734153-30d6-45c3-859a-c0968604ded2	2026-08-15T00:53:59.669877Z		Canonical queue drain | fit A | GitHub MASTER dedupe passed	http://apm-management.com/	assocprop@aol.com	https://apm-management.com/contact/								Medium	Recall-first	https://explore.overturemaps.org/#id=1f734153-30d6-45c3-859a-c0968604ded2	Public Overture site+email; zero-HTTP V6 cheap-screen. Final MASTER dedupe/QA required.				overture:1f734153-30d6-45c3-859a-c0968604ded2	apm-management.com	14809411077	associated property management	Phoenix	USA	MEDIUM	domain:apm-management.com
	A	91	Hampshire	USA	A.C.T. Plumbing & Property Management		plumbing	2660 Hennig Rd	+18472278733								overture:8f7dcec7-b809-4394-9256-720210c87f5f	2026-08-15T00:53:59.669877Z		Canonical queue drain | fit A | GitHub MASTER dedupe passed	http://www.actplumbingandpm.com/	actplumbingandpropertymgmt@yahoo.com			https://www.facebook.com/ACTPlumbingandPM/						Medium	Recall-first	https://explore.overturemaps.org/#id=8f7dcec7-b809-4394-9256-720210c87f5f	Public Overture site+email; zero-HTTP V6 cheap-screen. Final MASTER dedupe/QA required.				overture:8f7dcec7-b809-4394-9256-720210c87f5f	actplumbingandpm.com	18472278733	a c t plumbing property management	Hampshire	USA	MEDIUM	domain:actplumbingandpm.com
	A	91	Shelby Twp	USA	1st Choice Realty & Property Management		property_management	51543 Van Dyke Ave	+15864199900								overture:9f50da10-aef7-4833-b61a-2414f8b353ad	2026-08-15T00:53:59.669877Z		Canonical queue drain | fit A | GitHub MASTER dedupe passed	http://www.1stchoicerpm.com/	info@1stchoicerpm.com	https://www.1stchoicerpm.com/about-us								High	Verified	https://explore.overturemaps.org/#id=9f50da10-aef7-4833-b61a-2414f8b353ad	Public Overture site+email; zero-HTTP V6 cheap-screen. Final MASTER dedupe/QA required.				overture:9f50da10-aef7-4833-b61a-2414f8b353ad	1stchoicerpm.com	15864199900	1st choice realty property management	Shelby Twp	USA	HIGH	domain:1stchoicerpm.com
	A	91	Coquitlam	Canada	Zubor Property Management		property_management	1126 Austin Ave	+16044925050								overture:56e045a3-6255-451b-b137-01647d02b0e2	2026-08-15T00:53:59.669877Z		Canonical queue drain | fit A | GitHub MASTER dedupe passed	http://zubor.ca/	for_rent@zubor.ca	https://zubor.ca/about								Medium	Recall-first	https://explore.overturemaps.org/#id=56e045a3-6255-451b-b137-01647d02b0e2	Public Overture site+email; zero-HTTP V6 cheap-screen. Final MASTER dedupe/QA required.				overture:56e045a3-6255-451b-b137-01647d02b0e2	zubor.ca	16044925050	zubor property management	Coquitlam	Canada	MEDIUM	domain:zubor.ca
	A	91	Los Angeles	USA	WestStar Property Management		property_management	18726 S Western Ave	+13103521143								overture:d9aa20d5-5a69-4c7b-a333-f5b14250f1ea	2026-08-15T00:53:59.669877Z		Canonical queue drain | fit A | GitHub MASTER dedupe passed	https://www.weststarproperty.com	info@weststarproperty.com	https://weststarproperty.com/about/								High	Verified	https://explore.overturemaps.org/#id=d9aa20d5-5a69-4c7b-a333-f5b14250f1ea	Public Overture site+email; zero-HTTP V6 cheap-screen. Final MASTER dedupe/QA required.				overture:d9aa20d5-5a69-4c7b-a333-f5b14250f1ea	weststarproperty.com	13103521143	weststar property management	Los Angeles	USA	HIGH	domain:weststarproperty.com
	A	91	Arcadia	USA	VELK Property Management Group		property_management	417 S 1st Ave	+16264458355								overture:b1c2af82-8b5a-4f2d-be56-0581d5402949	2026-08-15T00:53:59.669877Z		Canonical queue drain | fit A | GitHub MASTER dedupe passed	http://www.VELKPMG.com/	info@velkpmg.com	https://velkpmg.com/about-us/								High	Verified	https://explore.overturemaps.org/#id=b1c2af82-8b5a-4f2d-be56-0581d5402949	Public Overture site+email; zero-HTTP V6 cheap-screen. Final MASTER dedupe/QA required.				overture:b1c2af82-8b5a-4f2d-be56-0581d5402949	velkpmg.com	16264458355	velk property management group	Arcadia	USA	HIGH	domain:velkpmg.com
	A	91	Loma Linda	USA	United Property Management		property_management	10535 Anderson St	+19097962897								overture:e100b7d5-3d90-4e82-82a7-f7879c002701	2026-08-15T00:53:59.669877Z		Canonical queue drain | fit A | GitHub MASTER dedupe passed	http://www.united-pm.com/	rentupm@outlook.com	https://www.united-pm.com/contact-us								High	Verified	https://explore.overturemaps.org/#id=e100b7d5-3d90-4e82-82a7-f7879c002701	Public Overture site+email; zero-HTTP V6 cheap-screen. Final MASTER dedupe/QA required.				overture:e100b7d5-3d90-4e82-82a7-f7879c002701	united-pm.com	19097962897	united property management	Loma Linda	USA	HIGH	domain:united-pm.com
	A	91	San Juan Capistrano	USA	TSG Independent Property Management		property_management	27129 Calle Arroyo	+19494810555								overture:79088840-8c51-4cbb-ad2a-8e22929ad057	2026-08-15T00:53:59.669877Z		Canonical queue drain | fit A | GitHub MASTER dedupe passed	http://www.tsgindependent.com/	george@tsgindependent.com	https://www.tsgindependent.com/about-us/								Medium	Recall-first	https://explore.overturemaps.org/#id=79088840-8c51-4cbb-ad2a-8e22929ad057	Public Overture site+email; zero-HTTP V6 cheap-screen. Final MASTER dedupe/QA required.				overture:79088840-8c51-4cbb-ad2a-8e22929ad057	tsgindependent.com	19494810555	tsg independent property management	San Juan Capistrano	USA	MEDIUM	domain:tsgindependent.com
	A	91	Joshua Tree	USA	The Desert Lily Vacation Home		holiday_rental_home	8523 Star Ln	+17602497739								overture:c9e1c4b0-46e7-46d8-8957-0828be0225d0	2026-08-15T00:53:59.669877Z		Canonical queue drain | fit A | GitHub MASTER dedupe passed	http://www.thedesertlily.com/	info@thedesertlily.com	https://www.thedesertlily.com/contact-us								High	Verified	https://explore.overturemaps.org/#id=c9e1c4b0-46e7-46d8-8957-0828be0225d0	Public Overture site+email; zero-HTTP V6 cheap-screen. Final MASTER dedupe/QA required.				overture:c9e1c4b0-46e7-46d8-8957-0828be0225d0	thedesertlily.com	17602497739	the desert lily vacation home	Joshua Tree	USA	HIGH	domain:thedesertlily.com
	A	91	Santa Ana	USA	Structure Property Management Group		property_management	2100 E McFadden Ave	+18886959670								overture:66fcc2e3-7ecb-43f8-a5a9-33707143b675	2026-08-15T00:53:59.669877Z		Canonical queue drain | fit A | GitHub MASTER dedupe passed	https://structurepmg.com/	office@structurepmg.com	https://www.structurepmg.com/about								High	Verified	https://explore.overturemaps.org/#id=66fcc2e3-7ecb-43f8-a5a9-33707143b675	Public Overture site+email; zero-HTTP V6 cheap-screen. Final MASTER dedupe/QA required.				overture:66fcc2e3-7ecb-43f8-a5a9-33707143b675	structurepmg.com	18886959670	structure property management group	Santa Ana	USA	HIGH	domain:structurepmg.com
	A	91	San Antonio	USA	Property Management Specialists		corporate_or_business_office	1945 Lockhill Selma Rd #102	(210) 979-7865								overture:e77dd8d6-afc2-4bae-8e4f-89b7e3ed9086	2026-08-15T00:53:59.669877Z		Canonical queue drain | fit A | GitHub MASTER dedupe passed	http://www.sarenthome.com	jim@sarenthome.com	https://sarenthome.com/about/								High	Verified	https://explore.overturemaps.org/#id=e77dd8d6-afc2-4bae-8e4f-89b7e3ed9086	Public Overture site+email; zero-HTTP V6 cheap-screen. Final MASTER dedupe/QA required.				overture:e77dd8d6-afc2-4bae-8e4f-89b7e3ed9086	sarenthome.com	2109797865	property management specialists	San Antonio	USA	HIGH	domain:sarenthome.com
	A	91	Corona	USA	Saddleback Realty & Property Management		property_management	802 W Grand Blvd	+19517360991								overture:9679a883-b438-4e1d-8b07-ef1cf36bdd04	2026-08-15T00:53:59.669877Z		Canonical queue drain | fit A | GitHub MASTER dedupe passed	https://www.saddlebackhouses.com/	support@saddlebackhouses.com	https://www.saddlebackhouses.com/about-us								High	Verified	https://explore.overturemaps.org/#id=9679a883-b438-4e1d-8b07-ef1cf36bdd04	Public Overture site+email; zero-HTTP V6 cheap-screen. Final MASTER dedupe/QA required.				overture:9679a883-b438-4e1d-8b07-ef1cf36bdd04	saddlebackhouses.com	19517360991	saddleback realty property management	Corona	USA	HIGH	domain:saddlebackhouses.com
	A	91	Bellingham	Canada	RPM Property Management		property_management	424 W Bakerview Rd	+13607783518								overture:730ef089-9184-4580-81b5-84d06b7fe54e	2026-08-15T00:53:59.669877Z		Canonical queue drain | fit A | GitHub MASTER dedupe passed	http://www.rpmnw.com/	office@rpmnw.com					https://www.rpmnw.com/properties				Medium	Recall-first	https://explore.overturemaps.org/#id=730ef089-9184-4580-81b5-84d06b7fe54e	Public Overture site+email; zero-HTTP V6 cheap-screen. Final MASTER dedupe/QA required.				overture:730ef089-9184-4580-81b5-84d06b7fe54e	rpmnw.com	13607783518	rpm property management	Bellingham	Canada	MEDIUM	domain:rpmnw.com
	A	91	Chula Vista	USA	Royal Property Management		property_management	861 Anchorage Pl	+16193164242								overture:9ef9e9c6-29be-432f-98db-482e504c36d0	2026-08-15T00:53:59.669877Z		Canonical queue drain | fit A | GitHub MASTER dedupe passed	http://RoyalSanDiegoPropertyManagement.com/	lbn.rpm@gmail.com	https://www.royalsandiegopropertymanagement.com/about-us/								High	Verified	https://explore.overturemaps.org/#id=9ef9e9c6-29be-432f-98db-482e504c36d0	Public Overture site+email; zero-HTTP V6 cheap-screen. Final MASTER dedupe/QA required.				overture:9ef9e9c6-29be-432f-98db-482e504c36d0	royalsandiegopropertymanagement.com	16193164242	royal property management	Chula Vista	USA	HIGH	domain:royalsandiegopropertymanagement.com
	A	91	Hobbs	USA	Rivas Property Management		property_management	3420 N Grimes St	+15753927355								overture:cac09378-235b-4c10-8fb2-0a5791080d2c	2026-08-15T00:53:59.669877Z		Canonical queue drain | fit A | GitHub MASTER dedupe passed	http://www.rivasrealestatenm.com/	kamie@rivasrealestatenm.com	https://www.rivasrealestatenm.com/contactus/								High	Verified	https://explore.overturemaps.org/#id=cac09378-235b-4c10-8fb2-0a5791080d2c	Public Overture site+email; zero-HTTP V6 cheap-screen. Final MASTER dedupe/QA required.				overture:cac09378-235b-4c10-8fb2-0a5791080d2c	rivasrealestatenm.com	15753927355	rivas property management	Hobbs	USA	HIGH	domain:rivasrealestatenm.com
	A	91	La Mesa	USA	JD Property Management and Realty		property_management	7840 El Cajon Blvd	+16194521282								overture:03926d60-fca5-489a-904b-f3b767d515a2	2026-08-15T00:53:59.669877Z		Canonical queue drain | fit A | GitHub MASTER dedupe passed	http://www.realtybyjd.com/	josh@realtybyjd.com	https://www.realtybyjd.com/aboutus								High	Verified	https://explore.overturemaps.org/#id=03926d60-fca5-489a-904b-f3b767d515a2	Public Overture site+email; zero-HTTP V6 cheap-screen. Final MASTER dedupe/QA required.				overture:03926d60-fca5-489a-904b-f3b767d515a2	realtybyjd.com	16194521282	jd property management and realty	La Mesa	USA	HIGH	domain:realtybyjd.com
	A	91	Colwood	Canada	Raven Property Management		property_management	328 Wale Rd	+12508818866								overture:4d66344d-e4ee-486a-9e2b-2d754a42ef92	2026-08-15T00:53:59.669877Z		Canonical queue drain | fit A | GitHub MASTER dedupe passed	http://www.ravenpm.ca/	anthony@ravenpm.ca	https://ravenpm.ca/about/								High	Verified	https://explore.overturemaps.org/#id=4d66344d-e4ee-486a-9e2b-2d754a42ef92	Public Overture site+email; zero-HTTP V6 cheap-screen. Final MASTER dedupe/QA required.				overture:4d66344d-e4ee-486a-9e2b-2d754a42ef92	ravenpm.ca	12508818866	raven property management	Colwood	Canada	HIGH	domain:ravenpm.ca
	A	91	Whittier	USA	Uptown Property Management Inc		property_management	6528 Greenleaf Ave	+15624448644								overture:37a08d3c-26b8-408a-81a7-59c8494aace4	2026-08-15T00:53:59.669877Z		Canonical queue drain | fit A | GitHub MASTER dedupe passed	http://www.MyUptownPropertyManagement.com/	info.uptownmgt@gmail.com	https://www.myuptownpropertymanagement.com/about-us								High	Verified	https://explore.overturemaps.org/#id=37a08d3c-26b8-408a-81a7-59c8494aace4	Public Overture site+email; zero-HTTP V6 cheap-screen. Final MASTER dedupe/QA required.				overture:37a08d3c-26b8-408a-81a7-59c8494aace4	myuptownpropertymanagement.com	15624448644	uptown property management inc	Whittier	USA	HIGH	domain:myuptownpropertymanagement.com
	A	91	Los Angeles	USA	MCM Property Management, Inc.		property_management	4311 Wilshire Blvd	+13239510400								overture:3240bc4c-f3e4-4f54-b935-e6a017435cfe	2026-08-15T00:53:59.669877Z		Canonical queue drain | fit A | GitHub MASTER dedupe passed	http://www.mcmprop.com/	office@mcmprop.com	https://www.mcmprop.com/contact-us								High	Verified	https://explore.overturemaps.org/#id=3240bc4c-f3e4-4f54-b935-e6a017435cfe	Public Overture site+email; zero-HTTP V6 cheap-screen. Final MASTER dedupe/QA required.				overture:3240bc4c-f3e4-4f54-b935-e6a017435cfe	mcmprop.com	13239510400	mcm property management inc	Los Angeles	USA	HIGH	domain:mcmprop.com
	A	91	Oak Harbor	Canada	Luna Shores - Whidbey Island Vacation Rental		lodging	2575 W Beach Rd	+13606107007								overture:5e11dbf3-7070-4a0d-994c-12fe0e6fe706	2026-08-15T00:53:59.669877Z		Canonical queue drain | fit A | GitHub MASTER dedupe passed	http://www.LunaShores.com/	bookings@lunashores.com					http://www.lunashores.com/book-it.html				High	Verified	https://explore.overturemaps.org/#id=5e11dbf3-7070-4a0d-994c-12fe0e6fe706	Public Overture site+email; zero-HTTP V6 cheap-screen. Final MASTER dedupe/QA required.				overture:5e11dbf3-7070-4a0d-994c-12fe0e6fe706	lunashores.com	13606107007	luna shores whidbey island vacation rental	Oak Harbor	Canada	HIGH	domain:lunashores.com
	A	91	Abbotsford	Canada	Royal LePage Little Oak Property Management		property_management	2630 Bourquin Cres W	+16045047368								overture:ca7f4c1b-4c5d-400f-8b5b-acef0c930d72	2026-08-15T00:53:59.669877Z		Canonical queue drain | fit A | GitHub MASTER dedupe passed	http://www.littleoakrentals.ca/	dan@littleoakrentals.ca	https://littleoakrentals.ca/contact.html								High	Verified	https://explore.overturemaps.org/#id=ca7f4c1b-4c5d-400f-8b5b-acef0c930d72	Public Overture site+email; zero-HTTP V6 cheap-screen. Final MASTER dedupe/QA required.				overture:ca7f4c1b-4c5d-400f-8b5b-acef0c930d72	littleoakrentals.ca	16045047368	royal lepage little oak property management	Abbotsford	Canada	HIGH	domain:littleoakrentals.ca
	A	91	Huntington Beach	USA	Leap Property Management		property_management	19671 Beach Blvd	+17143992767								overture:68bed2c6-0694-49cd-b120-e89bd9849c98	2026-08-15T00:53:59.669877Z		Canonical queue drain | fit A | GitHub MASTER dedupe passed	http://www.leappm.com/	info@leappm.com	https://www.leappm.com/about-us								High	Verified	https://explore.overturemaps.org/#id=68bed2c6-0694-49cd-b120-e89bd9849c98	Public Overture site+email; zero-HTTP V6 cheap-screen. Final MASTER dedupe/QA required.				overture:68bed2c6-0694-49cd-b120-e89bd9849c98	leappm.com	17143992767	leap property management	Huntington Beach	USA	HIGH	domain:leappm.com
	A	91	Los Angeles	USA	Kape Property Management, Inc		property_management	6300 Wilshire Blvd	+18669403400								overture:3db85e03-783f-4d80-b9fd-4eeda51f6572	2026-08-15T00:53:59.669877Z		Canonical queue drain | fit A | GitHub MASTER dedupe passed	https://kapeproperties.com/	info@kapeproperties.com	https://kapeproperties.com/contact.html								High	Verified	https://explore.overturemaps.org/#id=3db85e03-783f-4d80-b9fd-4eeda51f6572	Public Overture site+email; zero-HTTP V6 cheap-screen. Final MASTER dedupe/QA required.				overture:3db85e03-783f-4d80-b9fd-4eeda51f6572	kapeproperties.com	18669403400	kape property management inc	Los Angeles	USA	HIGH	domain:kapeproperties.com
	A	91	Costa Mesa	USA	J.D. Property Management		corporate_or_business_office	3520 Cadillac Ave	(714) 751-2787								overture:9acba192-9ec9-4c10-a427-81413e142301	2026-08-15T00:53:59.669877Z		Canonical queue drain | fit A | GitHub MASTER dedupe passed	http://www.jdproperty.com	kara@jdproperty.com	https://www.jdproperty.com/contact-us/								High	Verified	https://explore.overturemaps.org/#id=9acba192-9ec9-4c10-a427-81413e142301	Public Overture site+email; zero-HTTP V6 cheap-screen. Final MASTER dedupe/QA required.				overture:9acba192-9ec9-4c10-a427-81413e142301	jdproperty.com	7147512787	j d property management	Costa Mesa	USA	HIGH	domain:jdproperty.com
	A	91	Fullerton	USA	Investors Property Management		property_management	2830 Brea Blvd	+17143985605								overture:f0d23d74-f25b-4421-882b-89021370054c	2026-08-15T00:53:59.669877Z		Canonical queue drain | fit A | GitHub MASTER dedupe passed	https://www.ipropmgmt.com/	info@ipropmgmt.com	https://www.ipropmgmt.com/about-us								High	Verified	https://explore.overturemaps.org/#id=f0d23d74-f25b-4421-882b-89021370054c	Public Overture site+email; zero-HTTP V6 cheap-screen. Final MASTER dedupe/QA required.				overture:f0d23d74-f25b-4421-882b-89021370054c	ipropmgmt.com	17143985605	investors property management	Fullerton	USA	HIGH	domain:ipropmgmt.com
	A	91	Los Angeles	USA	IProperty Management & Investments		property_management	10008 National Blvd	+13105594764								overture:1af45b40-a08a-4de5-95cd-025b69a3ccad	2026-08-15T00:53:59.669877Z		Canonical queue drain | fit A | GitHub MASTER dedupe passed	http://www.ipmi.biz/	info@ipmi.biz			https://www.facebook.com/iPropertyManagementandInvestments/						Medium	Recall-first	https://explore.overturemaps.org/#id=1af45b40-a08a-4de5-95cd-025b69a3ccad	Public Overture site+email; zero-HTTP V6 cheap-screen. Final MASTER dedupe/QA required.				overture:1af45b40-a08a-4de5-95cd-025b69a3ccad	ipmi.biz	13105594764	iproperty management investments	Los Angeles	USA	MEDIUM	domain:ipmi.biz
	A	91	Diamond Bar	USA	Ideal Property Management Inc		property_management	1930 Brea Canyon Rd	+16268292228								overture:8de1edfd-b131-47a4-8f5a-0da90df2b29b	2026-08-15T00:53:59.669877Z		Canonical queue drain | fit A | GitHub MASTER dedupe passed	http://www.ipmhome.com/	idealpminc@gmail.com	https://www.ipmhome.com/about-us								High	Verified	https://explore.overturemaps.org/#id=8de1edfd-b131-47a4-8f5a-0da90df2b29b	Public Overture site+email; zero-HTTP V6 cheap-screen. Final MASTER dedupe/QA required.				overture:8de1edfd-b131-47a4-8f5a-0da90df2b29b	ipmhome.com	16268292228	ideal property management inc	Diamond Bar	USA	HIGH	domain:ipmhome.com
	A	91	Moreno Valley	USA	iehouses Property Management		condominium	24210 Postal Ave #E, Moreno Valley CA 92553	(951) 247-2100								overture:a792e675-f5b6-4b8a-a9e9-446bdf5f5832	2026-08-15T00:53:59.669877Z		Canonical queue drain | fit A | GitHub MASTER dedupe passed	http://www.iehouses.com	drdroad@me.com	https://www.iehouses.com/company/about								High	Verified	https://explore.overturemaps.org/#id=a792e675-f5b6-4b8a-a9e9-446bdf5f5832	Public Overture site+email; zero-HTTP V6 cheap-screen. Final MASTER dedupe/QA required.				overture:a792e675-f5b6-4b8a-a9e9-446bdf5f5832	iehouses.com	9512472100	iehouses property management	Moreno Valley	USA	HIGH	domain:iehouses.com
	A	91	Placentia	USA	Ideal Property Management		property_management	140 Bradford Ave	+17149243860								overture:832bc515-d8f1-49ef-8cfe-943656ac3b60	2026-08-15T00:53:59.669877Z		Canonical queue drain | fit A | GitHub MASTER dedupe passed	http://idealproperty.com	info@idealproperty.com	https://idealproperty.com/wp-content/plugins/contact-form-7/includes/css/styles.css?ver=6.1.6								Medium	Recall-first	https://explore.overturemaps.org/#id=832bc515-d8f1-49ef-8cfe-943656ac3b60	Public Overture site+email; zero-HTTP V6 cheap-screen. Final MASTER dedupe/QA required.				overture:832bc515-d8f1-49ef-8cfe-943656ac3b60	idealproperty.com	17149243860	ideal property management	Placentia	USA	MEDIUM	domain:idealproperty.com
	A	91	San Diego	USA	Humphreys Residential Property Management		property_management	3145 Rosecrans St	+16198006567								overture:ffbbb2a9-c6c9-40a3-9944-33b1c62d6260	2026-08-15T00:53:59.669877Z		Canonical queue drain | fit A | GitHub MASTER dedupe passed	https://www.humphreysresidential.com/	info@humphreysresidential.com	https://www.humphreysresidential.com/contact-us								High	Verified	https://explore.overturemaps.org/#id=ffbbb2a9-c6c9-40a3-9944-33b1c62d6260	Public Overture site+email; zero-HTTP V6 cheap-screen. Final MASTER dedupe/QA required.				overture:ffbbb2a9-c6c9-40a3-9944-33b1c62d6260	humphreysresidential.com	16198006567	humphreys residential property management	San Diego	USA	HIGH	domain:humphreysresidential.com
	A	91	Riverside	USA	Horizon Property Management		property_management	7223 Magnolia Ave	+19518231322								overture:ee2a407a-8887-49cd-afa5-e191fb7b4fae	2026-08-15T00:53:59.669877Z		Canonical queue drain | fit A | GitHub MASTER dedupe passed	http://www.horizonpropmanagement.com/	horizonpropertymanager@gmail.com	https://www.horizonpropmanagement.com/about-us								High	Verified	https://explore.overturemaps.org/#id=ee2a407a-8887-49cd-afa5-e191fb7b4fae	Public Overture site+email; zero-HTTP V6 cheap-screen. Final MASTER dedupe/QA required.				overture:ee2a407a-8887-49cd-afa5-e191fb7b4fae	horizonpropmanagement.com	19518231322	horizon property management	Riverside	USA	HIGH	domain:horizonpropmanagement.com
	A	91	Fontana	USA	Golden California Property Management		property_management	7950 Cherry Ave	+19094292120								overture:b0d9b3ff-3a5c-4685-98d3-e4f2dce3ec10	2026-08-15T00:53:59.669877Z		Canonical queue drain | fit A | GitHub MASTER dedupe passed	https://www.goldencaliforniapropertymanagement.com/vacancies	hart39906@gmail.com	https://www.goldencaliforniapropertymanagement.com/about-us								High	Verified	https://explore.overturemaps.org/#id=b0d9b3ff-3a5c-4685-98d3-e4f2dce3ec10	Public Overture site+email; zero-HTTP V6 cheap-screen. Final MASTER dedupe/QA required.				overture:b0d9b3ff-3a5c-4685-98d3-e4f2dce3ec10	goldencaliforniapropertymanagement.com	19094292120	golden california property management	Fontana	USA	HIGH	domain:goldencaliforniapropertymanagement.com
	A	91	San Antonio	USA	Full Spectrum Property Management		property_management	11120 Wurzbach Rd	+12102814083								overture:487a2954-5b9a-4aff-afaf-3d0b87b8fdfa	2026-08-15T00:53:59.669877Z		Canonical queue drain | fit A | GitHub MASTER dedupe passed	http://fsppmtx.com/	manager@fsppmtx.com	https://www.fsppmtx.com/contact-us								High	Verified	https://explore.overturemaps.org/#id=487a2954-5b9a-4aff-afaf-3d0b87b8fdfa	Public Overture site+email; zero-HTTP V6 cheap-screen. Final MASTER dedupe/QA required.				overture:487a2954-5b9a-4aff-afaf-3d0b87b8fdfa	fsppmtx.com	12102814083	full spectrum property management	San Antonio	USA	HIGH	domain:fsppmtx.com
	A	91	Los Angeles	USA	Francis Property Management		property_management	10351 Santa Monica Blvd	+15308920664								overture:79b31a97-ee39-4dca-a87b-1920f30b7ee8	2026-08-15T00:53:59.669877Z		Canonical queue drain | fit A | GitHub MASTER dedupe passed	http://francispm.com/	cares@francispm.com	http://www.francispm.com/about-us								Medium	Recall-first	https://explore.overturemaps.org/#id=79b31a97-ee39-4dca-a87b-1920f30b7ee8	Public Overture site+email; zero-HTTP V6 cheap-screen. Final MASTER dedupe/QA required.				overture:79b31a97-ee39-4dca-a87b-1920f30b7ee8	francispm.com	15308920664	francis property management	Los Angeles	USA	MEDIUM	domain:francispm.com
	A	91	Los Angeles	USA	Fostr Property Management		property_management	13020 Pacific Prom	+13108703472								overture:54533693-311c-4a7b-b598-a26751a5350b	2026-08-15T00:53:59.669877Z		Canonical queue drain | fit A | GitHub MASTER dedupe passed	http://www.fostrpropertymanagement.com/	home@fostrpropertymanagement.com	https://fostrpropertymanagement.com/contact								Medium	Recall-first	https://explore.overturemaps.org/#id=54533693-311c-4a7b-b598-a26751a5350b	Public Overture site+email; zero-HTTP V6 cheap-screen. Final MASTER dedupe/QA required.				overture:54533693-311c-4a7b-b598-a26751a5350b	fostrpropertymanagement.com	13108703472	fostr property management	Los Angeles	USA	MEDIUM	domain:fostrpropertymanagement.com
	A	91	Surrey	Canada	Forres Pacific Property Management		property_management	18527 58A Ave	+16047241787								overture:44f84608-1f58-478b-a511-5878e1103fd0	2026-08-15T00:53:59.669877Z		Canonical queue drain | fit A | GitHub MASTER dedupe passed	http://forrespacific.com/	forrespacific@gmail.com	https://forrespacific.com/contact-us								High	Verified	https://explore.overturemaps.org/#id=44f84608-1f58-478b-a511-5878e1103fd0	Public Overture site+email; zero-HTTP V6 cheap-screen. Final MASTER dedupe/QA required.				overture:44f84608-1f58-478b-a511-5878e1103fd0	forrespacific.com	16047241787	forres pacific property management	Surrey	Canada	HIGH	domain:forrespacific.com
	A	91	Rancho Cucamonga	USA	Fanster Property Management		property_management	10722 Arrow Rte	+19097273720								overture:899d0182-5357-4406-8841-750efc411590	2026-08-15T00:53:59.669877Z		Canonical queue drain | fit A | GitHub MASTER dedupe passed	https://www.fansterpropertymgmt.com/	rickfan.realtor@gmail.com					https://www.fansterpropertymgmt.com/our-properties				High	Verified	https://explore.overturemaps.org/#id=899d0182-5357-4406-8841-750efc411590	Public Overture site+email; zero-HTTP V6 cheap-screen. Final MASTER dedupe/QA required.				overture:899d0182-5357-4406-8841-750efc411590	fansterpropertymgmt.com	19097273720	fanster property management	Rancho Cucamonga	USA	HIGH	domain:fansterpropertymgmt.com
	A	91	Monterey Park	USA	Diversified Property Management		property_management	215 W Pomona Blvd	+13238329328								overture:52f417da-6380-4c43-bbcc-3e7138ba8dcb	2026-08-15T00:53:59.669877Z		Canonical queue drain | fit A | GitHub MASTER dedupe passed	http://www.dpms.us/	dpms88@yahoo.com	https://www.dpms.us/about-us.html								High	Verified	https://explore.overturemaps.org/#id=52f417da-6380-4c43-bbcc-3e7138ba8dcb	Public Overture site+email; zero-HTTP V6 cheap-screen. Final MASTER dedupe/QA required.				overture:52f417da-6380-4c43-bbcc-3e7138ba8dcb	dpms.us	13238329328	diversified property management	Monterey Park	USA	HIGH	domain:dpms.us
	A	91	North Vancouver District	Canada	DPM Property Management		property_management	1460 Main St	+16049827051								overture:279ccd7f-c320-4a56-bfd9-edad73514e97	2026-08-15T00:53:59.669877Z		Canonical queue drain | fit A | GitHub MASTER dedupe passed	http://www.dpmonline.ca/	ads@dpmonline.ca	https://www.dpmonline.ca/contactus								High	Verified	https://explore.overturemaps.org/#id=279ccd7f-c320-4a56-bfd9-edad73514e97	Public Overture site+email; zero-HTTP V6 cheap-screen. Final MASTER dedupe/QA required.				overture:279ccd7f-c320-4a56-bfd9-edad73514e97	dpmonline.ca	16049827051	dpm property management	North Vancouver District	Canada	HIGH	domain:dpmonline.ca
	A	91	San Diego	USA	Dakota Property Management		property_management	9715 Carroll Centre Rd Ste 105	(858) 549-3000								overture:36a8adb3-53ee-41ea-b060-cf9e099ed99a	2026-08-15T00:53:59.669877Z		Canonical queue drain | fit A | GitHub MASTER dedupe passed	http://www.dakotapm.com	pam@dakotapm.com	https://www.dakotapm.com/aboutus								High	Verified	https://explore.overturemaps.org/#id=36a8adb3-53ee-41ea-b060-cf9e099ed99a	Public Overture site+email; zero-HTTP V6 cheap-screen. Final MASTER dedupe/QA required.				overture:36a8adb3-53ee-41ea-b060-cf9e099ed99a	dakotapm.com	8585493000	dakota property management	San Diego	USA	HIGH	domain:dakotapm.com
	A	91	Malibu	USA	Coastal Property Management Solutions		property_management	30765 Pacific Coast Hwy	+13109249663								overture:16dadf56-9090-45f3-b3cc-4004e229c4d8	2026-08-15T00:53:59.669877Z		Canonical queue drain | fit A | GitHub MASTER dedupe passed	http://www.coastalpros.com/	info@coastalpros.com	http://www.coastalpros.com/about.html								High	Verified	https://explore.overturemaps.org/#id=16dadf56-9090-45f3-b3cc-4004e229c4d8	Public Overture site+email; zero-HTTP V6 cheap-screen. Final MASTER dedupe/QA required.				overture:16dadf56-9090-45f3-b3cc-4004e229c4d8	coastalpros.com	13109249663	coastal property management solutions	Malibu	USA	HIGH	domain:coastalpros.com
	A	91	La Habra	USA	CLG Property Management		property_management	1100 W La Habra Blvd	+16572860288								overture:e3fb39e9-218c-4c48-96dd-f8a44c201ff1	2026-08-15T00:53:59.669877Z		Canonical queue drain | fit A | GitHub MASTER dedupe passed	http://www.clgproperty.net/	info@clgproperty.net					https://www.clgproperty.net/home/properties				High	Verified	https://explore.overturemaps.org/#id=e3fb39e9-218c-4c48-96dd-f8a44c201ff1	Public Overture site+email; zero-HTTP V6 cheap-screen. Final MASTER dedupe/QA required.				overture:e3fb39e9-218c-4c48-96dd-f8a44c201ff1	clgproperty.net	16572860288	clg property management	La Habra	USA	HIGH	domain:clgproperty.net
	A	91	San Diego	USA	CKS Property Management		property_management	4411 Mercury St	+18582572845								overture:e76cf307-068d-4bea-bd5c-9d74f1ac4dc6	2026-08-15T00:53:59.669877Z		Canonical queue drain | fit A | GitHub MASTER dedupe passed	http://www.cks-rentals.com/	info@cks-rentals.com					https://cks-rentals.com/feed/				High	Verified	https://explore.overturemaps.org/#id=e76cf307-068d-4bea-bd5c-9d74f1ac4dc6	Public Overture site+email; zero-HTTP V6 cheap-screen. Final MASTER dedupe/QA required.				overture:e76cf307-068d-4bea-bd5c-9d74f1ac4dc6	cks-rentals.com	18582572845	cks property management	San Diego	USA	HIGH	domain:cks-rentals.com
	A	91	El Cajon	USA	Cethron Property Management		property_management	2234 Fletcher Pkwy	+16192951100								overture:3714ed43-7554-4e46-aac1-f096710b49b4	2026-08-15T00:53:59.669877Z		Canonical queue drain | fit A | GitHub MASTER dedupe passed	http://cethron.com/	info@cethron.com	https://www.cethron.com/contact-us								High	Verified	https://explore.overturemaps.org/#id=3714ed43-7554-4e46-aac1-f096710b49b4	Public Overture site+email; zero-HTTP V6 cheap-screen. Final MASTER dedupe/QA required.				overture:3714ed43-7554-4e46-aac1-f096710b49b4	cethron.com	16192951100	cethron property management	El Cajon	USA	HIGH	domain:cethron.com
	A	91	West Covina	USA	BZ Property Management		property_management	4141 Nogales St	+18884200186								overture:e5e2d8c1-8d10-407d-a034-427302deaff5	2026-08-15T00:53:59.669877Z		Canonical queue drain | fit A | GitHub MASTER dedupe passed	http://www.bzpropmgmt.com/	info@bzpropmgmt.com	https://bzpropmgmt.com/about-us/								High	Verified	https://explore.overturemaps.org/#id=e5e2d8c1-8d10-407d-a034-427302deaff5	Public Overture site+email; zero-HTTP V6 cheap-screen. Final MASTER dedupe/QA required.				overture:e5e2d8c1-8d10-407d-a034-427302deaff5	bzpropmgmt.com	18884200186	bz property management	West Covina	USA	HIGH	domain:bzpropmgmt.com
	A	91	San Diego	USA	San Diego Property Management & Bitterlin Companies		property_management	3990 Old Town Ave Ste B101 Ste 121	(619) 718-6565								overture:98dc8634-6ca4-49e9-8f9e-fc3b331bcac8	2026-08-15T00:53:59.669877Z		Canonical queue drain | fit A | GitHub MASTER dedupe passed	https://www.bitterlin.com	mbitterlin@bitterlin.com	https://www.bitterlin.com/about								High	Verified	https://explore.overturemaps.org/#id=98dc8634-6ca4-49e9-8f9e-fc3b331bcac8	Public Overture site+email; zero-HTTP V6 cheap-screen. Final MASTER dedupe/QA required.				overture:98dc8634-6ca4-49e9-8f9e-fc3b331bcac8	bitterlin.com	6197186565	san diego property management bitterlin companies	San Diego	USA	HIGH	domain:bitterlin.com
	A	91	Carlsbad	USA	Aviara Property Management		property_management	7040 Avenida Encinas	+17606529033								overture:c8280491-3a60-4cb2-bdeb-879d1f01f836	2026-08-15T00:53:59.669877Z		Canonical queue drain | fit A | GitHub MASTER dedupe passed	http://www.aviarapropertymanagement.com/	derek@aviarapropertymanagement.com	https://aviarapropertymanagement.com/about-us/								High	Verified	https://explore.overturemaps.org/#id=c8280491-3a60-4cb2-bdeb-879d1f01f836	Public Overture site+email; zero-HTTP V6 cheap-screen. Final MASTER dedupe/QA required.				overture:c8280491-3a60-4cb2-bdeb-879d1f01f836	aviarapropertymanagement.com	17606529033	aviara property management	Carlsbad	USA	HIGH	domain:aviarapropertymanagement.com
	A	91	San Diego	USA	Ascent Property Management		property_management	1944 Commercial St	+17609945037								overture:e8ad8963-109a-4aff-8000-9f32136905f6	2026-08-15T00:53:59.669877Z		Canonical queue drain | fit A | GitHub MASTER dedupe passed	https://www.ascentpropertymanagement.com/contact-us	info@ascentpropertymanagement.com	https://www.ascentpropertymanagement.com/about-us								High	Verified	https://explore.overturemaps.org/#id=e8ad8963-109a-4aff-8000-9f32136905f6	Public Overture site+email; zero-HTTP V6 cheap-screen. Final MASTER dedupe/QA required.				overture:e8ad8963-109a-4aff-8000-9f32136905f6	ascentpropertymanagement.com	17609945037	ascent property management	San Diego	USA	HIGH	domain:ascentpropertymanagement.com
	A	91	Agoura Hills	USA	Archways Property Management		property_management	30101 Agoura Ct	+18182928728								overture:5b68f69d-b1f9-4600-85f8-4392f6533c09	2026-08-15T00:53:59.669877Z		Canonical queue drain | fit A | GitHub MASTER dedupe passed	http://www.archwaysmanagement.com/	info@archwaysmanagement.com	https://archwaysmanagement.com/about-us								High	Verified	https://explore.overturemaps.org/#id=5b68f69d-b1f9-4600-85f8-4392f6533c09	Public Overture site+email; zero-HTTP V6 cheap-screen. Final MASTER dedupe/QA required.				overture:5b68f69d-b1f9-4600-85f8-4392f6533c09	archwaysmanagement.com	18182928728	archways property management	Agoura Hills	USA	HIGH	domain:archwaysmanagement.com
	A	91	La Mirada	USA	APM Property Management		property_management	15744 Imperial Hwy	+18332767368								overture:795d39b1-9f72-4d1f-bc41-4bd29468f0bf	2026-08-15T00:53:59.669877Z		Canonical queue drain | fit A | GitHub MASTER dedupe passed	http://www.apmlease.com/	apm@apmlease.com	https://www.apmlease.com/about								High	Verified	https://explore.overturemaps.org/#id=795d39b1-9f72-4d1f-bc41-4bd29468f0bf	Public Overture site+email; zero-HTTP V6 cheap-screen. Final MASTER dedupe/QA required.				overture:795d39b1-9f72-4d1f-bc41-4bd29468f0bf	apmlease.com	18332767368	apm property management	La Mirada	USA	HIGH	domain:apmlease.com
	A	91	Chula Vista	USA	Derrod Property Management		property_management	2127 Olympic Pkwy	+16193953314								overture:a438b016-34ea-42ef-98b7-668e6d7a4a0d	2026-08-15T00:53:59.669877Z		Canonical queue drain | fit A | GitHub MASTER dedupe passed	https://aopta.com/insights/the-complete-guide-to-winning-your-property-tax-appeal/	anthony@aopta.com	https://aopta.com/about								Medium	Recall-first	https://explore.overturemaps.org/#id=a438b016-34ea-42ef-98b7-668e6d7a4a0d	Public Overture site+email; zero-HTTP V6 cheap-screen. Final MASTER dedupe/QA required.				overture:a438b016-34ea-42ef-98b7-668e6d7a4a0d	aopta.com	16193953314	derrod property management	Chula Vista	USA	MEDIUM	domain:aopta.com
	A	91	Santa Teresa	USA	AMAR Property Management		property_management	1301 Country Club Rd	+15753324886								overture:82b6836d-3511-4f0a-9ece-a8536eaf3b28	2026-08-15T00:53:59.669877Z		Canonical queue drain | fit A | GitHub MASTER dedupe passed	http://www.amarpropertymanagement.com/	adominguez@amarpropertymanagement.com	https://amarpropertymanagement.com/about-us								High	Verified	https://explore.overturemaps.org/#id=82b6836d-3511-4f0a-9ece-a8536eaf3b28	Public Overture site+email; zero-HTTP V6 cheap-screen. Final MASTER dedupe/QA required.				overture:82b6836d-3511-4f0a-9ece-a8536eaf3b28	amarpropertymanagement.com	15753324886	amar property management	Santa Teresa	USA	HIGH	domain:amarpropertymanagement.com
	A	91	Redondo Beach	USA	Alpha Dog Property Management		property_management	407 N Pacific Coast Hwy	+14242441895								overture:31b680fc-473f-4f30-9af6-11084b4ef249	2026-08-15T00:53:59.669877Z		Canonical queue drain | fit A | GitHub MASTER dedupe passed	http://www.AlphaDogPM.com/	alphadogpm@gmail.com	https://alphadogpm.com/about-us/								High	Verified	https://explore.overturemaps.org/#id=31b680fc-473f-4f30-9af6-11084b4ef249	Public Overture site+email; zero-HTTP V6 cheap-screen. Final MASTER dedupe/QA required.				overture:31b680fc-473f-4f30-9af6-11084b4ef249	alphadogpm.com	14242441895	alpha dog property management	Redondo Beach	USA	HIGH	domain:alphadogpm.com
	A	91	Los Angeles	USA	Alliance Property Management		property_management	4000 Venice Blvd	+13237355010								overture:878065a5-17d9-401d-993a-d0582d7d45b3	2026-08-15T00:53:59.669877Z		Canonical queue drain | fit A | GitHub MASTER dedupe passed	http://www.alliancela.com/	rent@alliancela.com	https://www.alliancela.com/about/								High	Verified	https://explore.overturemaps.org/#id=878065a5-17d9-401d-993a-d0582d7d45b3	Public Overture site+email; zero-HTTP V6 cheap-screen. Final MASTER dedupe/QA required.				overture:878065a5-17d9-401d-993a-d0582d7d45b3	alliancela.com	13237355010	alliance property management	Los Angeles	USA	HIGH	domain:alliancela.com
	A	91	Squamish	Canada	Aleutian Property Management Ltd		property_management	37989 Cleveland Ave #401	+16048492185								overture:a5723876-774c-4a2f-b5cf-925f72ebbed2	2026-08-15T00:53:59.669877Z		Canonical queue drain | fit A | GitHub MASTER dedupe passed	https://www.aleutian.ca/	rentals@aleutian.ca	https://www.aleutian.ca/contact								High	Verified	https://explore.overturemaps.org/#id=a5723876-774c-4a2f-b5cf-925f72ebbed2	Public Overture site+email; zero-HTTP V6 cheap-screen. Final MASTER dedupe/QA required.				overture:a5723876-774c-4a2f-b5cf-925f72ebbed2	aleutian.ca	16048492185	aleutian property management ltd	Squamish	Canada	HIGH	domain:aleutian.ca
	A	91	London	USA	Village Property Management London Inc		property_management	141-5 Wortley Road	+15194392227								overture:52ea9a8a-79ef-4c7f-9e84-d889f4b3bdac	2026-08-15T00:53:59.669877Z		Canonical queue drain | fit A | GitHub MASTER dedupe passed	http://www.vpmlondon.com/	info@vpmlondon.com	http://vpmlondon.com/about-us/								High	Verified	https://explore.overturemaps.org/#id=52ea9a8a-79ef-4c7f-9e84-d889f4b3bdac	Public Overture site+email; zero-HTTP V6 cheap-screen. Final MASTER dedupe/QA required.				overture:52ea9a8a-79ef-4c7f-9e84-d889f4b3bdac	vpmlondon.com	15194392227	village property management london inc	London	USA	HIGH	domain:vpmlondon.com
	A	91	Whitland	United Kingdom	West Wales Property Management		real_estate_service		+447932627964								overture:2e928ef8-0b8b-4958-ae1a-1d144f60ae7e	2026-08-15T00:53:59.669877Z		Canonical queue drain | fit A | GitHub MASTER dedupe passed	https://taplink.cc/wwpm	westwalespropertymanagement@gmail.com	https://taplink.cc/contact								High	Verified	https://explore.overturemaps.org/#id=2e928ef8-0b8b-4958-ae1a-1d144f60ae7e	Public Overture site+email; zero-HTTP V6 cheap-screen. Final MASTER dedupe/QA required.				overture:2e928ef8-0b8b-4958-ae1a-1d144f60ae7e	taplink.cc	447932627964	west wales property management	Whitland	United Kingdom	HIGH	domain:taplink.cc
	A	91	Merrillville	USA	Residential Premier Real Estate & Property Management		real_estate_agent	8396 Mississippi Street Suite G1	(219) 682-1058								overture:21f0e6bd-b6b7-44c9-aa42-44784a777ecb	2026-08-15T00:53:59.669877Z		Canonical queue drain | fit A | GitHub MASTER dedupe passed	http://www.residentialpremier.com	nakiadunlap@gmail.com	https://residentialpremier.com/contact-us								High	Verified	https://explore.overturemaps.org/#id=21f0e6bd-b6b7-44c9-aa42-44784a777ecb	Public Overture site+email; zero-HTTP V6 cheap-screen. Final MASTER dedupe/QA required.				overture:21f0e6bd-b6b7-44c9-aa42-44784a777ecb	residentialpremier.com	2196821058	residential premier real estate property management	Merrillville	USA	HIGH	domain:residentialpremier.com
	A	91	Montrose	USA	Prestige Real Estate and Property Management LLC		real_estate_service	737 S Townsend Ave	+19705961286								overture:80436d77-b50e-422f-9c3a-6e2a4d9b0472	2026-08-15T00:53:59.669877Z		Canonical queue drain | fit A | GitHub MASTER dedupe passed	http://www.prestigerealestatepro.com/	karenmaxnerrealtor@gmail.com	http://prestigerealestatepro.com/about								High	Verified	https://explore.overturemaps.org/#id=80436d77-b50e-422f-9c3a-6e2a4d9b0472	Public Overture site+email; zero-HTTP V6 cheap-screen. Final MASTER dedupe/QA required.				overture:80436d77-b50e-422f-9c3a-6e2a4d9b0472	prestigerealestatepro.com	19705961286	prestige real estate and property management llc	Montrose	USA	HIGH	domain:prestigerealestatepro.com
	A	91	Exeter	United Kingdom	Lloyds Lettings and Property Management		real_estate_agent	Unit 3, Vulcan Estate, Water Ln	+441392969280								overture:c83ef852-bae7-4b27-9107-c322b1651ed4	2026-08-15T00:53:59.669877Z		Canonical queue drain | fit A | GitHub MASTER dedupe passed	https://www.lloydslettings.co.uk/	enquiries@lloydslettings.co.uk	https://www.lloydslettings.co.uk/contact/								High	Verified	https://explore.overturemaps.org/#id=c83ef852-bae7-4b27-9107-c322b1651ed4	Public Overture site+email; zero-HTTP V6 cheap-screen. Final MASTER dedupe/QA required.				overture:c83ef852-bae7-4b27-9107-c322b1651ed4	lloydslettings.co.uk	441392969280	lloyds lettings and property management	Exeter	United Kingdom	HIGH	domain:lloydslettings.co.uk
	A	91	Chicago	USA	G-Spang Real Estate and Property Management		property_management	6415 N Ravenswood Ave	+17738560300								overture:145ee69c-8816-43e6-9476-1e389b34b5ee	2026-08-15T00:53:59.669877Z		Canonical queue drain | fit A | GitHub MASTER dedupe passed	http://www.gspang.com/	gary@gspang.com	https://gspang.com/about/								Medium	Recall-first	https://explore.overturemaps.org/#id=145ee69c-8816-43e6-9476-1e389b34b5ee	Public Overture site+email; zero-HTTP V6 cheap-screen. Final MASTER dedupe/QA required.				overture:145ee69c-8816-43e6-9476-1e389b34b5ee	gspang.com	17738560300	g spang real estate and property management	Chicago	USA	MEDIUM	domain:gspang.com
	A	91	Chatham	USA	Grenier Property Management		real_estate_agent	18 Fifth St N	(519) 351-0123								overture:fb0f9f4b-6e61-4cfd-b9d6-32ad61c8efa2	2026-08-15T00:53:59.669877Z		Canonical queue drain | fit A | GitHub MASTER dedupe passed	http://grenierpropertymanagement.com	taylor@grenierpropertymanagement.com	http://grenierpropertymanagement.com/wp-content/plugins/contact-form-7/includes/css/styles.css?ver=6.1.6								High	Verified	https://explore.overturemaps.org/#id=fb0f9f4b-6e61-4cfd-b9d6-32ad61c8efa2	Public Overture site+email; zero-HTTP V6 cheap-screen. Final MASTER dedupe/QA required.				overture:fb0f9f4b-6e61-4cfd-b9d6-32ad61c8efa2	grenierpropertymanagement.com	5193510123	grenier property management	Chatham	USA	HIGH	domain:grenierpropertymanagement.com
	A	91	Aurora	USA	Champion Property Management		real_estate_agent	6677 S Catawba Way	+13039081234								overture:9db54b49-6c72-49bf-b112-8501f931c4d4	2026-08-15T00:53:59.669877Z		Canonical queue drain | fit A | GitHub MASTER dedupe passed	http://championpropertymgmt.com/	tbridgeschampionms@outlook.com	https://championpropertymgmt.com/about/								High	Verified	https://explore.overturemaps.org/#id=9db54b49-6c72-49bf-b112-8501f931c4d4	Public Overture site+email; zero-HTTP V6 cheap-screen. Final MASTER dedupe/QA required.				overture:9db54b49-6c72-49bf-b112-8501f931c4d4	championpropertymgmt.com	13039081234	champion property management	Aurora	USA	HIGH	domain:championpropertymgmt.com
	A	91	Blue Mountains	USA	Chalet Butler (Property Management)		property_management	136 Grand Cypress Ln	+17059945550								overture:60e56de7-f516-46f9-96f8-18706bbb95e8	2026-08-15T00:53:59.669877Z		Canonical queue drain | fit A | GitHub MASTER dedupe passed	http://www.chaletbutler.ca/	chaletbutler@gmail.com	https://www.chaletbutler.ca/about-us								High	Verified	https://explore.overturemaps.org/#id=60e56de7-f516-46f9-96f8-18706bbb95e8	Public Overture site+email; zero-HTTP V6 cheap-screen. Final MASTER dedupe/QA required.				overture:60e56de7-f516-46f9-96f8-18706bbb95e8	chaletbutler.ca	17059945550	chalet butler property management	Blue Mountains	USA	HIGH	domain:chaletbutler.ca
	A	91	La Mesa	USA	SBI Realty & Property Management Inc.		real_estate_service	9001 Grossmont Blvd	+16198881916								overture:ea934875-6e08-4582-8412-a62533e48ec8	2026-08-15T00:53:59.669877Z		Canonical queue drain | fit A | GitHub MASTER dedupe passed	http://SBIREALTY.NET/	office.sbirealty@gmail.com			https://www.facebook.com/Sbirealty/						High	Verified	https://explore.overturemaps.org/#id=ea934875-6e08-4582-8412-a62533e48ec8	Public Overture site+email; zero-HTTP V6 cheap-screen. Final MASTER dedupe/QA required.				overture:ea934875-6e08-4582-8412-a62533e48ec8	sbirealty.net	16198881916	sbi realty property management inc	La Mesa	USA	HIGH	domain:sbirealty.net
	A	91	Del Mar	USA	Main-PM Property Management Suite		real_estate_service	3080 Caminito Tercer Verde	+18583810234								overture:9027420f-e8e2-4bc4-ab21-382ba83fdfdc	2026-08-15T00:53:59.669877Z		Canonical queue drain | fit A | GitHub MASTER dedupe passed	http://www.MAIN-PM.com/	infor@main-pm.com	https://main-pm.com/about/								High	Verified	https://explore.overturemaps.org/#id=9027420f-e8e2-4bc4-ab21-382ba83fdfdc	Public Overture site+email; zero-HTTP V6 cheap-screen. Final MASTER dedupe/QA required.				overture:9027420f-e8e2-4bc4-ab21-382ba83fdfdc	main-pm.com	18583810234	main pm property management suite	Del Mar	USA	HIGH	domain:main-pm.com
	A	91	Yucca Valley	USA	Inspire Real Estate and Property Management		property_management	56189 Twentynine Palms Hwy	+17602281113								overture:19718711-0989-44b7-80a6-045111f4ab5f	2026-08-15T00:53:59.669877Z		Canonical queue drain | fit A | GitHub MASTER dedupe passed	http://www.inspirerealestate.org	karen@inspirerealestate.org	https://www.inspirerealestate.org/about-us								High	Verified	https://explore.overturemaps.org/#id=19718711-0989-44b7-80a6-045111f4ab5f	Public Overture site+email; zero-HTTP V6 cheap-screen. Final MASTER dedupe/QA required.				overture:19718711-0989-44b7-80a6-045111f4ab5f	inspirerealestate.org	17602281113	inspire real estate and property management	Yucca Valley	USA	HIGH	domain:inspirerealestate.org
	A	91	Downey	USA	Hoag Property Management		property_management	10551 Paramount Blvd	+15628691556								overture:25ddc0a6-1cbe-4ce3-9740-2debaeb30443	2026-08-15T00:53:59.669877Z		Canonical queue drain | fit A | GitHub MASTER dedupe passed	http://www.hoagpropertymgt.com/	jreyes@hoagpropertymgt.com	http://hoagpropertymgt.com/about-us/								High	Verified	https://explore.overturemaps.org/#id=25ddc0a6-1cbe-4ce3-9740-2debaeb30443	Public Overture site+email; zero-HTTP V6 cheap-screen. Final MASTER dedupe/QA required.				overture:25ddc0a6-1cbe-4ce3-9740-2debaeb30443	hoagpropertymgt.com	15628691556	hoag property management	Downey	USA	HIGH	domain:hoagpropertymgt.com
	A	91	Crested Butte	USA	Watchdog Vacation Crested Butte Vacation Rentals		holiday_rental_home	736 Riverland Dr	+19703492424								overture:d40a3f2f-88a9-4f3d-9734-e1911cce0b65	2026-08-15T00:53:59.669877Z		Canonical queue drain | fit A | GitHub MASTER dedupe passed	http://watchdogvacation.com/	info@watchdogvacation.com					https://www.watchdogvacation.com:443/book				High	Verified	https://explore.overturemaps.org/#id=d40a3f2f-88a9-4f3d-9734-e1911cce0b65	Public Overture site+email; zero-HTTP V6 cheap-screen. Final MASTER dedupe/QA required.				overture:d40a3f2f-88a9-4f3d-9734-e1911cce0b65	watchdogvacation.com	19703492424	watchdog vacation crested butte vacation rentals	Crested Butte	USA	HIGH	domain:watchdogvacation.com
	A	91	Elk Rapids	USA	Northern Michigan Vacation Rentals		lodging	212 Traverse St	+18105237205								overture:cc5adb6f-da5c-4e84-aa6e-d12ead5e770a	2026-08-15T00:53:59.669877Z		Canonical queue drain | fit A | GitHub MASTER dedupe passed	http://northernmichiganvacationrentals.com/	pmhresko@aol.com	https://northernmichiganvacationrentals.com/contact.php								High	Verified	https://explore.overturemaps.org/#id=cc5adb6f-da5c-4e84-aa6e-d12ead5e770a	Public Overture site+email; zero-HTTP V6 cheap-screen. Final MASTER dedupe/QA required.				overture:cc5adb6f-da5c-4e84-aa6e-d12ead5e770a	northernmichiganvacationrentals.com	18105237205	northern michigan vacation rentals	Elk Rapids	USA	HIGH	domain:northernmichiganvacationrentals.com
	A	91	Morton Twp	USA	Lakes Rentals Vacation Homes		holiday_rental_home	10060 Buchanan Rd	+16164376894								overture:c4b8d85a-bc0b-446a-8337-ee2649b4f678	2026-08-15T00:53:59.669877Z		Canonical queue drain | fit A | GitHub MASTER dedupe passed	http://www.lakesrentals.com/	lakesrentals3@yahoo.com	https://www.lakesrentals.com/about-us								High	Verified	https://explore.overturemaps.org/#id=c4b8d85a-bc0b-446a-8337-ee2649b4f678	Public Overture site+email; zero-HTTP V6 cheap-screen. Final MASTER dedupe/QA required.				overture:c4b8d85a-bc0b-446a-8337-ee2649b4f678	lakesrentals.com	16164376894	lakes rentals vacation homes	Morton Twp	USA	HIGH	domain:lakesrentals.com
	A	91	Tofino	Canada	Tofino Vacation Rentals		holiday_rental_home	430 Campbell St	+12507252779								overture:6d912b51-e19a-4eb5-8a6c-fc63ecf880be	2026-08-15T00:53:59.669877Z		Canonical queue drain | fit A | GitHub MASTER dedupe passed	http://www.tofinovr.com/	info@tofinovr.com	https://tofinovr.com/contact								High	Verified	https://explore.overturemaps.org/#id=6d912b51-e19a-4eb5-8a6c-fc63ecf880be	Public Overture site+email; zero-HTTP V6 cheap-screen. Final MASTER dedupe/QA required.				overture:6d912b51-e19a-4eb5-8a6c-fc63ecf880be	tofinovr.com	12507252779	tofino vacation rentals	Tofino	Canada	HIGH	domain:tofinovr.com
	A	91	Nanaimo District	Canada	Seameadows Vacation Rentals by the Sea on Gabriola Island		hotel	215 Easthom Rd	+12502479119								overture:c79cab4a-d826-4617-ab18-ffc5b2d4e0ab	2026-08-15T00:53:59.669877Z		Canonical queue drain | fit A | GitHub MASTER dedupe passed	http://www.seameadows.com/	clarson@seameadows.com	http://www.seameadows.com/Contact_Form.php								High	Verified	https://explore.overturemaps.org/#id=c79cab4a-d826-4617-ab18-ffc5b2d4e0ab	Public Overture site+email; zero-HTTP V6 cheap-screen. Final MASTER dedupe/QA required.				overture:c79cab4a-d826-4617-ab18-ffc5b2d4e0ab	seameadows.com	12502479119	seameadows vacation rentals by the sea on gabriola island	Nanaimo District	Canada	HIGH	domain:seameadows.com
	A	91	Yuma	USA	Hidden Shores Vacation Homes Arizona		holiday_rental_home	10300 Imperial Dam Rd	+19285396700								overture:dfdcf6e1-bfcf-4b7e-acbb-70ddac2899c9	2026-08-15T00:53:59.669877Z		Canonical queue drain | fit A | GitHub MASTER dedupe passed	http://www.hiddenshores.com/	info@hiddenshores.com	https://www.hiddenshores.com/contact								High	Verified	https://explore.overturemaps.org/#id=dfdcf6e1-bfcf-4b7e-acbb-70ddac2899c9	Public Overture site+email; zero-HTTP V6 cheap-screen. Final MASTER dedupe/QA required.				overture:dfdcf6e1-bfcf-4b7e-acbb-70ddac2899c9	hiddenshores.com	19285396700	hidden shores vacation homes arizona	Yuma	USA	HIGH	domain:hiddenshores.com
	A	91	Balestrate	Italy	Residence Villaggio Petruso		resort	Contrada Sicciarotta	+393518211405								overture:7f8f1370-c6cc-474e-a492-acd1acb29ba1	2026-08-15T00:50:27Z		Canonical queue drain | fit A | GitHub MASTER dedupe passed	http://www.petrusoresort.it/	info@petrusoresort.it		https://www.instagram.com/petruso_resort/							High	Verified	https://explore.overturemaps.org/#id=7f8f1370-c6cc-474e-a492-acd1acb29ba1; https://www.villaggiopetruso.it/	Public Overture site+email; zero-HTTP V6 cheap-screen. Final MASTER dedupe/QA required.				overture:7f8f1370-c6cc-474e-a492-acd1acb29ba1	petrusoresort.it	393518211405	residence villaggio petruso	Balestrate	Italy	HIGH	domain:petrusoresort.it
	A	91	Avon Lake	USA	Point2Point Property Management		property_management	33489 Lake Rd	+14408272150								overture:1db16a2e-74a0-43c8-ba10-1e860795fd0c	2026-08-15T00:50:27Z		Canonical queue drain | fit A | GitHub MASTER dedupe passed	https://p2phoamgt.com/	susan@p2phoamgt.com		https://www.instagram.com/p2phoamgt/							High	Verified	https://explore.overturemaps.org/#id=1db16a2e-74a0-43c8-ba10-1e860795fd0c; https://p2phoamgt.wordpress.com/	Public Overture site+email; zero-HTTP V6 cheap-screen. Final MASTER dedupe/QA required.				overture:1db16a2e-74a0-43c8-ba10-1e860795fd0c	p2phoamgt.com	14408272150	point2point property management	Avon Lake	USA	HIGH	domain:p2phoamgt.com
	A	91	Centennial	USA	Limitless Vacation Rentals		property_management	12600 E Arapahoe Rd	+17205884445								overture:a0c5647c-2d61-4dfb-a095-2daa777eb846	2026-08-15T00:50:27Z		Canonical queue drain | fit A | GitHub MASTER dedupe passed	http://www.limitlessvrs.com/	info@limitlessvrs.com		https://www.instagram.com/limitless.vr/							High	Verified	https://explore.overturemaps.org/#id=a0c5647c-2d61-4dfb-a095-2daa777eb846; https://www.limitlessvacationrentals.com/	Public Overture site+email; zero-HTTP V6 cheap-screen. Final MASTER dedupe/QA required.				overture:a0c5647c-2d61-4dfb-a095-2daa777eb846	limitlessvrs.com	17205884445	limitless vacation rentals	Centennial	USA	HIGH	domain:limitlessvrs.com
	A	91	Concan	USA	Wanda's Hilltop Cottage - Concan, Texas		cottage	1260 County Road 350	+18302325721								overture:96859e0e-d8f6-4f05-b3ae-3bd74c207c03	2026-08-15T00:50:27Z		Canonical queue drain | fit A | GitHub MASTER dedupe passed	http://www.friofun.com/	info@friofun.com		https://www.instagram.com/friofunvacationhomes/							High	Verified	https://explore.overturemaps.org/#id=96859e0e-d8f6-4f05-b3ae-3bd74c207c03; https://www.friofun.com/	Public Overture site+email; zero-HTTP V6 cheap-screen. Final MASTER dedupe/QA required.				overture:96859e0e-d8f6-4f05-b3ae-3bd74c207c03	friofun.com	18302325721	wanda s hilltop cottage concan texas	Concan	USA	HIGH	domain:friofun.com
	A	91	Beckenham	United Kingdom	VFM Block Management		property_management	139 High Street	+442086586824								overture:48063a15-3586-4cd2-b1da-960bdfa3e481	2026-08-15T00:45:42.545149Z		Canonical queue drain | fit A | GitHub MASTER dedupe passed	http://www.vfmproperty.com	contact@vfmproperty.com	https://vfmproperty.com/contact/								Medium	Recall-first	https://explore.overturemaps.org/#id=48063a15-3586-4cd2-b1da-960bdfa3e481	Public Overture site+email; zero-HTTP V6 cheap-screen. Final MASTER dedupe/QA required.				overture:48063a15-3586-4cd2-b1da-960bdfa3e481	vfmproperty.com	442086586824	vfm block management	Beckenham	United Kingdom	MEDIUM	domain:vfmproperty.com
	A	91	Fakenham	United Kingdom	East Barn, holiday home in Norfolk		hotel	East Barn, Cannister Hall, Toftrees	+447876391305								overture:5d3bcf66-5659-4c39-92ae-59aa72abc029	2026-08-15T00:45:42.545149Z		Canonical queue drain | fit A | GitHub MASTER dedupe passed	http://www.eastbarn.co.uk/	eastbarn21@gmail.com	http://www.eastbarn.co.uk/contact.html								High	Verified	https://explore.overturemaps.org/#id=5d3bcf66-5659-4c39-92ae-59aa72abc029	Public Overture site+email; zero-HTTP V6 cheap-screen. Final MASTER dedupe/QA required.				overture:5d3bcf66-5659-4c39-92ae-59aa72abc029	eastbarn.co.uk	447876391305	east barn holiday home in norfolk	Fakenham	United Kingdom	HIGH	domain:eastbarn.co.uk
	A	91	Blue Ridge	USA	Tupelo Honey Cabin		lodge	1000 Weaver Creek Ln	+18503243058								overture:039f9edc-cb71-4c70-9149-d96963c0109e	2026-08-15T00:45:42.545149Z		Canonical queue drain | fit A | GitHub MASTER dedupe passed	http://RelaxedRetreats.com/	scott@relaxedretreats.com					https://www.relaxedretreats.com:443/book				High	Verified	https://explore.overturemaps.org/#id=039f9edc-cb71-4c70-9149-d96963c0109e	Public Overture site+email; zero-HTTP V6 cheap-screen. Final MASTER dedupe/QA required.				overture:039f9edc-cb71-4c70-9149-d96963c0109e	relaxedretreats.com	18503243058	tupelo honey cabin	Blue Ridge	USA	HIGH	domain:relaxedretreats.com
	A	91	Weymouth	United Kingdom	Littlecot Holiday Home		hotel	201a Portland Road	+447917275302								overture:dfdb10ce-95e8-4fd9-9f7d-d43f9e1a2fad	2026-08-15T00:45:42.545149Z		Canonical queue drain | fit A | GitHub MASTER dedupe passed	https://littlecotweymouth.com/	littlecotweymouth@gmail.com	https://littlecotweymouth.com/contact/								High	Verified	https://explore.overturemaps.org/#id=dfdb10ce-95e8-4fd9-9f7d-d43f9e1a2fad	Public Overture site+email; zero-HTTP V6 cheap-screen. Final MASTER dedupe/QA required.				overture:dfdb10ce-95e8-4fd9-9f7d-d43f9e1a2fad	littlecotweymouth.com	447917275302	littlecot holiday home	Weymouth	United Kingdom	HIGH	domain:littlecotweymouth.com
	A	91	Anstruther	United Kingdom	Harbour's Edge holiday home		hotel	8b Shore Street									overture:f2aa5e02-41ca-485e-997a-c414223b262c	2026-08-15T00:45:42.545149Z		Canonical queue drain | fit A | GitHub MASTER dedupe passed	http://www.harboursedge-anstruther.com/	info@harboursedge-anstruther.com	https://www.harboursedge-anstruther.com/about/				https://www.harboursedge-anstruther.com/wp-content/themes/book-club/assets/css/responsive.css?ver=5.4.6				Medium	Recall-first	https://explore.overturemaps.org/#id=f2aa5e02-41ca-485e-997a-c414223b262c	Public Overture site+email; zero-HTTP V6 cheap-screen. Final MASTER dedupe/QA required.				overture:f2aa5e02-41ca-485e-997a-c414223b262c	harboursedge-anstruther.com		harbour s edge holiday home	Anstruther	United Kingdom	MEDIUM	domain:harboursedge-anstruther.com
	A	91	Stevenage	United Kingdom	Clayton Living Serviced Apartments - Stevenage		hotel	Monument Court, Stevenage	+447511816219								overture:c26ca36d-7fa8-47d4-829a-3b667c927b95	2026-08-15T00:45:42.545149Z		Canonical queue drain | fit A | GitHub MASTER dedupe passed	http://www.claytonliving.co.uk/	enquiries@claytonliving.co.uk					https://claytonliving.co.uk/accommodation/liverpool/clifton-apartments/6910150				High	Verified	https://explore.overturemaps.org/#id=c26ca36d-7fa8-47d4-829a-3b667c927b95	Public Overture site+email; zero-HTTP V6 cheap-screen. Final MASTER dedupe/QA required.				overture:c26ca36d-7fa8-47d4-829a-3b667c927b95	claytonliving.co.uk	447511816219	clayton living serviced apartments stevenage	Stevenage	United Kingdom	HIGH	domain:claytonliving.co.uk
	A	91	Chelmsford	United Kingdom	Chelmsford Serviced Apartments		service_apartment	43 Baddow Road	+441245441547								overture:c47ce7af-19ca-4f02-aa1f-45bac2761e96	2026-08-15T00:45:42.545149Z		Canonical queue drain | fit A | GitHub MASTER dedupe passed	http://www.chelmsfordservicedapartments.co.uk/	info@chelmsfordservicedapartments.co.uk	https://www.chelmsfordservicedapartments.co.uk/contact								High	Verified	https://explore.overturemaps.org/#id=c47ce7af-19ca-4f02-aa1f-45bac2761e96	Public Overture site+email; zero-HTTP V6 cheap-screen. Final MASTER dedupe/QA required.				overture:c47ce7af-19ca-4f02-aa1f-45bac2761e96	chelmsfordservicedapartments.co.uk	441245441547	chelmsford serviced apartments	Chelmsford	United Kingdom	HIGH	domain:chelmsfordservicedapartments.co.uk
	A	91	Sevierville	USA	Mahant Retreat Short Term Rental		hotel	2014 Spotted Fawn Way	+5165086858								overture:1d5d7a73-38d7-40ed-8f0b-af68be628926	2026-08-15T00:45:42.545149Z		Canonical queue drain | fit A | GitHub MASTER dedupe passed	https://www.cabininthesmoky.com/	mahant.retreat@gmail.com					https://www.cabininthesmoky.com/book				High	Verified	https://explore.overturemaps.org/#id=1d5d7a73-38d7-40ed-8f0b-af68be628926	Public Overture site+email; zero-HTTP V6 cheap-screen. Final MASTER dedupe/QA required.				overture:1d5d7a73-38d7-40ed-8f0b-af68be628926	cabininthesmoky.com	5165086858	mahant retreat short term rental	Sevierville	USA	HIGH	domain:cabininthesmoky.com
	A	91	Bournemouth	United Kingdom	Dorset Holiday Home		hotel	22 Saxonbury Road									overture:ebaa6af6-2eb6-42e4-b9be-d803d33afcf5	2026-08-15T00:45:42.545149Z		Canonical queue drain | fit A | GitHub MASTER dedupe passed	http://www.22sxr.co.uk/	memerson1978@gmail.com	https://www.22sxr.co.uk/about		https://www.facebook.com/dorsetholidayhome/						High	Verified	https://explore.overturemaps.org/#id=ebaa6af6-2eb6-42e4-b9be-d803d33afcf5	Public Overture site+email; zero-HTTP V6 cheap-screen. Final MASTER dedupe/QA required.				overture:ebaa6af6-2eb6-42e4-b9be-d803d33afcf5	22sxr.co.uk		dorset holiday home	Bournemouth	United Kingdom	HIGH	domain:22sxr.co.uk
	A	91	Hatfield	United Kingdom	Harrps Property Management		property_management	Regus Business Centre, 3 Bishops Cl	+443335773436								overture:107961a5-49ce-4c64-a156-cb3789166159	2026-08-15T00:45:42.545149Z		Canonical queue drain | fit A | GitHub MASTER dedupe passed	http://www.harrps.co.uk/	office@harrps.co.uk	http://harrps.co.uk/wp-content/plugins/contact-form-7/includes/css/styles.css?ver=5.7.7								Medium	Recall-first	https://explore.overturemaps.org/#id=107961a5-49ce-4c64-a156-cb3789166159	Public Overture site+email; zero-HTTP V6 cheap-screen. Final MASTER dedupe/QA required.				overture:107961a5-49ce-4c64-a156-cb3789166159	harrps.co.uk	443335773436	harrps property management	Hatfield	United Kingdom	MEDIUM	domain:harrps.co.uk
	A	91	Washington Island	USA	Door Passage Vacation Rental		cabin	503 Jackson Harbor Rd	(920) 847-2870								overture:6f4e6201-202b-413c-bc34-a5593d761272	2026-08-15T00:45:42.545149Z		Canonical queue drain | fit A | GitHub MASTER dedupe passed	http://www.doorcountyvacationrental.com	michaelkickbush@doorcountyvacationrental.com	https://www.doorcountyvacationrental.com/about-us								High	Verified	https://explore.overturemaps.org/#id=6f4e6201-202b-413c-bc34-a5593d761272	Public Overture site+email; zero-HTTP V6 cheap-screen. Final MASTER dedupe/QA required.				overture:6f4e6201-202b-413c-bc34-a5593d761272	doorcountyvacationrental.com	9208472870	door passage vacation rental	Washington Island	USA	HIGH	domain:doorcountyvacationrental.com
	A	91	Kingston	USA	Coldwell Banker Jim Henry Property Management		property_management	410 N Kentucky St	+18653762121								overture:a010658b-1912-4ccd-b833-f9fa839b69cc	2026-08-15T00:45:42.545149Z		Canonical queue drain | fit A | GitHub MASTER dedupe passed	http://www.coldwellbankerjimhenry.com/	cbjhamarketing@gmail.com	https://coldwellbankerjimhenry.com/aboutus								High	Verified	https://explore.overturemaps.org/#id=a010658b-1912-4ccd-b833-f9fa839b69cc	Public Overture site+email; zero-HTTP V6 cheap-screen. Final MASTER dedupe/QA required.				overture:a010658b-1912-4ccd-b833-f9fa839b69cc	coldwellbankerjimhenry.com	18653762121	coldwell banker jim henry property management	Kingston	USA	HIGH	domain:coldwellbankerjimhenry.com
	A	91	London	United Kingdom	Alexander Property Management		property_management	70 Wood Street	+442085011489								overture:dad56348-ee1d-46fb-9091-bcf5dcc13fbc	2026-08-15T00:45:42.545149Z		Canonical queue drain | fit A | GitHub MASTER dedupe passed	http://alexanderproperty.co.uk/	alexanderpropman@aol.com					http://alexanderproperty.co.uk/images/1200/16634009/inviting-modern-rustic-living-room-featuring-armchairs-an-ottoman-and-a-stylish-bookshelf-jOpPrzUUl96hQzNtXVkydQ.jpeg				High	Verified	https://explore.overturemaps.org/#id=dad56348-ee1d-46fb-9091-bcf5dcc13fbc	Public Overture site+email; zero-HTTP V6 cheap-screen. Final MASTER dedupe/QA required.				overture:dad56348-ee1d-46fb-9091-bcf5dcc13fbc	alexanderproperty.co.uk	442085011489	alexander property management	London	United Kingdom	HIGH	domain:alexanderproperty.co.uk
	A	91	Asheville	USA	WNC Property Management		property_management	725 Merrimon Ave	+18285524343								overture:79019119-70ee-49a2-9988-d16b1d558059	2026-08-15T00:45:42.545149Z		Canonical queue drain | fit A | GitHub MASTER dedupe passed	http://www.wncpropertymanagement.com/	simon@wncpropertymanagement.com	https://www.wncpropertymanagement.com/contact								High	Verified	https://explore.overturemaps.org/#id=79019119-70ee-49a2-9988-d16b1d558059	Public Overture site+email; zero-HTTP V6 cheap-screen. Final MASTER dedupe/QA required.				overture:79019119-70ee-49a2-9988-d16b1d558059	wncpropertymanagement.com	18285524343	wnc property management	Asheville	USA	HIGH	domain:wncpropertymanagement.com
	A	91	London	United Kingdom	Winterborne Property Management		property_management	105 Victoria Street	+442070431167								overture:219d0a38-2885-4d54-977d-afeb3d4547d1	2026-08-15T00:45:42.545149Z		Canonical queue drain | fit A | GitHub MASTER dedupe passed	http://www.winterbornepm.com/	info@winterbornepm.com	https://www.winterbornepm.com/about								High	Verified	https://explore.overturemaps.org/#id=219d0a38-2885-4d54-977d-afeb3d4547d1	Public Overture site+email; zero-HTTP V6 cheap-screen. Final MASTER dedupe/QA required.				overture:219d0a38-2885-4d54-977d-afeb3d4547d1	winterbornepm.com	442070431167	winterborne property management	London	United Kingdom	HIGH	domain:winterbornepm.com
	A	91	Blue Ridge	USA	Willow Creek Cabin Rentals		cabin	21 High Park Dr	+18444722089								overture:f072458a-7f21-4c81-929b-e7e4b4b739d5	2026-08-15T00:45:42.545149Z		Canonical queue drain | fit A | GitHub MASTER dedupe passed	http://willowcreekcabinrentals.com/	info@willowcreekcabinrentals.com	https://www.willowcreekcabinrentals.com/contact								High	Verified	https://explore.overturemaps.org/#id=f072458a-7f21-4c81-929b-e7e4b4b739d5	Public Overture site+email; zero-HTTP V6 cheap-screen. Final MASTER dedupe/QA required.				overture:f072458a-7f21-4c81-929b-e7e4b4b739d5	willowcreekcabinrentals.com	18444722089	willow creek cabin rentals	Blue Ridge	USA	HIGH	domain:willowcreekcabinrentals.com
	A	91	Northeastern Manitoulin and Islands	USA	Wikwemikong Rental Property Management		property_management	5 Lake Shore Rd	+17058593613								overture:97306d84-7fd8-43c6-97f6-525a6ca6964b	2026-08-15T00:45:42.545149Z		Canonical queue drain | fit A | GitHub MASTER dedupe passed	https://wiikwemkoong.ca/administration/rental-property/	csimon@wiikwemkoong.ca	https://www.wiikwemkoong.ca/contact-us/								High	Verified	https://explore.overturemaps.org/#id=97306d84-7fd8-43c6-97f6-525a6ca6964b	Public Overture site+email; zero-HTTP V6 cheap-screen. Final MASTER dedupe/QA required.				overture:97306d84-7fd8-43c6-97f6-525a6ca6964b	wiikwemkoong.ca	17058593613	wikwemikong rental property management	Northeastern Manitoulin and Islands	USA	HIGH	domain:wiikwemkoong.ca
	A	91	Greenville	USA	Watchmen Property Management		property_management	520 Hunts Bridge Rd	+18647355501								overture:3b9a4512-9bcd-4933-8869-ba0681cf4243	2026-08-15T00:45:42.545149Z		Canonical queue drain | fit A | GitHub MASTER dedupe passed	http://www.watchmenproperty.com/	nathan@watchmenproperty.com	https://www.watchmenproperty.com/about-us/								High	Verified	https://explore.overturemaps.org/#id=3b9a4512-9bcd-4933-8869-ba0681cf4243	Public Overture site+email; zero-HTTP V6 cheap-screen. Final MASTER dedupe/QA required.				overture:3b9a4512-9bcd-4933-8869-ba0681cf4243	watchmenproperty.com	18647355501	watchmen property management	Greenville	USA	HIGH	domain:watchmenproperty.com
	A	91	Winona	USA	PrimeTime Property Management		property_management	724 E 6th St	+15074508827								overture:0a9b457a-effa-4148-9e7e-76faee768df9	2026-08-15T00:45:42.545149Z		Canonical queue drain | fit A | GitHub MASTER dedupe passed	http://www.spaces2go.com/	manager@spaces2go.com	https://www.spaces2go.com/contact/								High	Verified	https://explore.overturemaps.org/#id=0a9b457a-effa-4148-9e7e-76faee768df9	Public Overture site+email; zero-HTTP V6 cheap-screen. Final MASTER dedupe/QA required.				overture:0a9b457a-effa-4148-9e7e-76faee768df9	spaces2go.com	15074508827	primetime property management	Winona	USA	HIGH	domain:spaces2go.com
	A	91	Iowa City	USA	SouthGate Property Management		property_management	755 Mormon Trek Blvd	+13193399320								overture:562db20b-c532-42ae-859d-8c7f3b93da35	2026-08-15T00:45:42.545149Z		Canonical queue drain | fit A | GitHub MASTER dedupe passed	http://www.southgateco.com	info@southgateco.com	https://www.southgateco.com/contact-us/+ locations[i][16] +								High	Verified	https://explore.overturemaps.org/#id=562db20b-c532-42ae-859d-8c7f3b93da35	Public Overture site+email; zero-HTTP V6 cheap-screen. Final MASTER dedupe/QA required.				overture:562db20b-c532-42ae-859d-8c7f3b93da35	southgateco.com	13193399320	southgate property management	Iowa City	USA	HIGH	domain:southgateco.com
	A	91	Eau Claire	USA	River Valley Property Management		property_management	2822 London Rd	+17158338888								overture:df2d3ba5-40fb-4b08-9e48-86a31345693b	2026-08-15T00:45:42.545149Z		Canonical queue drain | fit A | GitHub MASTER dedupe passed	http://rvpm.com/	rivervalleyproperty@hotmail.com	https://www.rvpm.com/about-us								High	Verified	https://explore.overturemaps.org/#id=df2d3ba5-40fb-4b08-9e48-86a31345693b	Public Overture site+email; zero-HTTP V6 cheap-screen. Final MASTER dedupe/QA required.				overture:df2d3ba5-40fb-4b08-9e48-86a31345693b	rvpm.com	17158338888	river valley property management	Eau Claire	USA	HIGH	domain:rvpm.com
	A	91	Janesville	USA	Rocket Realty and Property Management		property_management	1360 Excalibur Dr	+19203978200								overture:7226af8e-ba79-4a76-a99f-7c6f622b9916	2026-08-15T00:45:42.545149Z		Canonical queue drain | fit A | GitHub MASTER dedupe passed	http://www.rocketpropertyinvestments.com/	luther@rocketpropertyinvestments.com	https://www.rocketpropertyinvestments.com/about-us8d8ed1f0								High	Verified	https://explore.overturemaps.org/#id=7226af8e-ba79-4a76-a99f-7c6f622b9916	Public Overture site+email; zero-HTTP V6 cheap-screen. Final MASTER dedupe/QA required.				overture:7226af8e-ba79-4a76-a99f-7c6f622b9916	rocketpropertyinvestments.com	19203978200	rocket realty and property management	Janesville	USA	HIGH	domain:rocketpropertyinvestments.com
	A	91	Winston-Salem	USA	Scofield Bishop Property Management		property_management	1318 Ashley Sq	+13367687448								overture:1c500567-2d0e-4b28-aecd-76a3b0fce817	2026-08-15T00:45:42.545149Z		Canonical queue drain | fit A | GitHub MASTER dedupe passed	https://www.priestleymanagement.com/	info@priestleymanagement.com	https://www.priestleymanagement.com/about								Medium	Recall-first	https://explore.overturemaps.org/#id=1c500567-2d0e-4b28-aecd-76a3b0fce817	Public Overture site+email; zero-HTTP V6 cheap-screen. Final MASTER dedupe/QA required.				overture:1c500567-2d0e-4b28-aecd-76a3b0fce817	priestleymanagement.com	13367687448	scofield bishop property management	Winston-Salem	USA	MEDIUM	domain:priestleymanagement.com
	A	91	Afton	USA	Practical Property Management		landscaping	315 Bill Shaw Rd	+14234702698								overture:f08e9919-e12d-4641-9d42-dc6c0620309b	2026-08-15T00:45:42.545149Z		Canonical queue drain | fit A | GitHub MASTER dedupe passed	http://ppmlawn.com/	myers523@live.com	https://ppmlawn.com/contact-us/								Medium	Recall-first	https://explore.overturemaps.org/#id=f08e9919-e12d-4641-9d42-dc6c0620309b	Public Overture site+email; zero-HTTP V6 cheap-screen. Final MASTER dedupe/QA required.				overture:f08e9919-e12d-4641-9d42-dc6c0620309b	ppmlawn.com	14234702698	practical property management	Afton	USA	MEDIUM	domain:ppmlawn.com
	A	91	Brentwood	United Kingdom	Pensar Property Management Ltd		property_management	Cockridden Farm Industrial Estate, 14	+441277600495								overture:e659616f-817d-4091-b145-a7aa138946b4	2026-08-15T00:45:42.545149Z		Canonical queue drain | fit A | GitHub MASTER dedupe passed	http://www.pensarpm.co.uk/	info@pensarpm.co.uk	https://www.pensarpm.co.uk/contact								High	Verified	https://explore.overturemaps.org/#id=e659616f-817d-4091-b145-a7aa138946b4	Public Overture site+email; zero-HTTP V6 cheap-screen. Final MASTER dedupe/QA required.				overture:e659616f-817d-4091-b145-a7aa138946b4	pensarpm.co.uk	441277600495	pensar property management ltd	Brentwood	United Kingdom	HIGH	domain:pensarpm.co.uk
	A	91	Iowa City	USA	Pace Property Management		property_management	1321 Sunset St	+13194818848								overture:e52e93ff-46d5-4dbe-ad7b-0b302c99df36	2026-08-15T00:45:42.545149Z		Canonical queue drain | fit A | GitHub MASTER dedupe passed	https://www.pacemgmt.com/	admin@pacemgmt.com	https://www.pacemgmt.com/contact								High	Verified	https://explore.overturemaps.org/#id=e52e93ff-46d5-4dbe-ad7b-0b302c99df36	Public Overture site+email; zero-HTTP V6 cheap-screen. Final MASTER dedupe/QA required.				overture:e52e93ff-46d5-4dbe-ad7b-0b302c99df36	pacemgmt.com	13194818848	pace property management	Iowa City	USA	HIGH	domain:pacemgmt.com
	A	91	London	United Kingdom	IS Property Management		property_management	71 Shelton Street	+442035763850								overture:e41f17fe-db48-4fea-9938-1faa18461c30	2026-08-15T00:45:42.545149Z		Canonical queue drain | fit A | GitHub MASTER dedupe passed	http://www.oculusmanagement.co.uk/	contact@oculusmanagement.co.uk	https://oculusmanagement.co.uk/about/								Medium	Recall-first	https://explore.overturemaps.org/#id=e41f17fe-db48-4fea-9938-1faa18461c30	Public Overture site+email; zero-HTTP V6 cheap-screen. Final MASTER dedupe/QA required.				overture:e41f17fe-db48-4fea-9938-1faa18461c30	oculusmanagement.co.uk	442035763850	is property management	London	United Kingdom	MEDIUM	domain:oculusmanagement.co.uk
	A	91	Chico	USA	NVPM Property Management Services		property_management	1288 E 1st Ave	+15305669223								overture:8d573ebd-127c-4802-9491-6aa11ea49a31	2026-08-15T00:45:42.545149Z		Canonical queue drain | fit A | GitHub MASTER dedupe passed	http://www.nvpm.net/	admin@nvpm.net	https://www.nvpm.net/contact-us								High	Verified	https://explore.overturemaps.org/#id=8d573ebd-127c-4802-9491-6aa11ea49a31	Public Overture site+email; zero-HTTP V6 cheap-screen. Final MASTER dedupe/QA required.				overture:8d573ebd-127c-4802-9491-6aa11ea49a31	nvpm.net	15305669223	nvpm property management services	Chico	USA	HIGH	domain:nvpm.net
	A	91	Chico	USA	North Coast United Property Management Chico		historic_site	2590 California Park Dr	+15303425472								overture:8c201c43-6a55-4a09-92fd-e2255aa4cb34	2026-08-15T00:45:42.545149Z		Canonical queue drain | fit A | GitHub MASTER dedupe passed	https://www.northcoastunited.com/	parkview@northcoastunited.com	https://www.northcoastunited.com/contact-us								High	Verified	https://explore.overturemaps.org/#id=8c201c43-6a55-4a09-92fd-e2255aa4cb34	Public Overture site+email; zero-HTTP V6 cheap-screen. Final MASTER dedupe/QA required.				overture:8c201c43-6a55-4a09-92fd-e2255aa4cb34	northcoastunited.com	15303425472	north coast united property management chico	Chico	USA	HIGH	domain:northcoastunited.com
	A	91	Charlotte	USA	Charlotte Property Management and Rental Services, LLC		property_management	9010 Glenwater Drive	(704) 593-1102								overture:cab6494b-8b47-4a32-94b9-02e50f682a67	2026-08-15T00:45:42.545149Z		Canonical queue drain | fit A | GitHub MASTER dedupe passed	https://www.mycharlottehome.com	ryanhollins@mycharlottehome.com	https://www.mycharlottehome.com/contact								High	Verified	https://explore.overturemaps.org/#id=cab6494b-8b47-4a32-94b9-02e50f682a67	Public Overture site+email; zero-HTTP V6 cheap-screen. Final MASTER dedupe/QA required.				overture:cab6494b-8b47-4a32-94b9-02e50f682a67	mycharlottehome.com	7045931102	charlotte property management and rental services llc	Charlotte	USA	HIGH	domain:mycharlottehome.com
	A	91	Asheville	USA	Lifestyle Property Management		property_management	2 Waldon Ridge Dr	+18282741110								overture:e4f7eef1-8e23-4ce8-909a-75c352bdbec3	2026-08-15T00:45:42.545149Z		Canonical queue drain | fit A | GitHub MASTER dedupe passed	http://www.lifestylepropertymanagement.net/	info@lifestylepropertymanagement.net	https://lifestylepropertymanagement.net/about-us								Medium	Recall-first	https://explore.overturemaps.org/#id=e4f7eef1-8e23-4ce8-909a-75c352bdbec3	Public Overture site+email; zero-HTTP V6 cheap-screen. Final MASTER dedupe/QA required.				overture:e4f7eef1-8e23-4ce8-909a-75c352bdbec3	lifestylepropertymanagement.net	18282741110	lifestyle property management	Asheville	USA	MEDIUM	domain:lifestylepropertymanagement.net
	A	91	Lake Lure	USA	Paradise Mountain Cabin Rentals, LLC		cabin	395 Sand Piper Ave	+19856885213								overture:c4016e5c-2336-4775-8139-392b6ddd0590	2026-08-15T00:45:42.545149Z		Canonical queue drain | fit A | GitHub MASTER dedupe passed	http://lakelurecabinrentals.com/	paradisemountaincabinrentals@gmail.com					https://www.lakelurecabinrentals.com/cabins				High	Verified	https://explore.overturemaps.org/#id=c4016e5c-2336-4775-8139-392b6ddd0590	Public Overture site+email; zero-HTTP V6 cheap-screen. Final MASTER dedupe/QA required.				overture:c4016e5c-2336-4775-8139-392b6ddd0590	lakelurecabinrentals.com	19856885213	paradise mountain cabin rentals llc	Lake Lure	USA	HIGH	domain:lakelurecabinrentals.com
	A	91	Iowa City	USA	Keystone Property Management		property_management	160 Southgate Ave	+13193386288								overture:31eef8cb-e2b8-4462-8829-42a710fcc4dd	2026-08-15T00:45:42.545149Z		Canonical queue drain | fit A | GitHub MASTER dedupe passed	http://www.keystoneproperty.net/	info@keystoneproperty.net	https://www.keystoneproperty.net/about-us								High	Verified	https://explore.overturemaps.org/#id=31eef8cb-e2b8-4462-8829-42a710fcc4dd	Public Overture site+email; zero-HTTP V6 cheap-screen. Final MASTER dedupe/QA required.				overture:31eef8cb-e2b8-4462-8829-42a710fcc4dd	keystoneproperty.net	13193386288	keystone property management	Iowa City	USA	HIGH	domain:keystoneproperty.net
	A	91	Anderson	USA	Integrity Property Management		property_management	1912 N Main St	+18643761554								overture:7d1fc86a-c7c6-44e2-bed6-397b75838166	2026-08-15T00:45:42.545149Z		Canonical queue drain | fit A | GitHub MASTER dedupe passed	http://integritypmllc.net/	integritypmllc@gmail.com	https://integritypmllc.net/about/								High	Verified	https://explore.overturemaps.org/#id=7d1fc86a-c7c6-44e2-bed6-397b75838166	Public Overture site+email; zero-HTTP V6 cheap-screen. Final MASTER dedupe/QA required.				overture:7d1fc86a-c7c6-44e2-bed6-397b75838166	integritypmllc.net	18643761554	integrity property management	Anderson	USA	HIGH	domain:integritypmllc.net
	A	91	Rochester	United Kingdom	Home From Home Property Management Services		property_management	7 Beech Grove	+441474822185								overture:d39fcfb7-d702-4228-be03-f900f3a3bf58	2026-08-15T00:45:42.545149Z		Canonical queue drain | fit A | GitHub MASTER dedupe passed	http://www.homefromhomeproperty.co.uk	lettings@homefromhomeproperty.co.uk	https://www.homefromhomeproperty.co.uk/contact								Medium	Recall-first	https://explore.overturemaps.org/#id=d39fcfb7-d702-4228-be03-f900f3a3bf58	Public Overture site+email; zero-HTTP V6 cheap-screen. Final MASTER dedupe/QA required.				overture:d39fcfb7-d702-4228-be03-f900f3a3bf58	homefromhomeproperty.co.uk	441474822185	home from home property management services	Rochester	United Kingdom	MEDIUM	domain:homefromhomeproperty.co.uk
	A	91	Newhaven	United Kingdom	Havens Property Management		property_management	7 St Leonards Road	+441273044989								overture:7c3a0dc4-f9e2-42c9-8490-2214a59965a6	2026-08-15T00:45:42.545149Z		Canonical queue drain | fit A | GitHub MASTER dedupe passed	https://www.havenspropertymanagement.co.uk/	info@havenspropertymanagement.co.uk	https://www.havenspropertymanagement.co.uk/about-us								Medium	Recall-first	https://explore.overturemaps.org/#id=7c3a0dc4-f9e2-42c9-8490-2214a59965a6	Public Overture site+email; zero-HTTP V6 cheap-screen. Final MASTER dedupe/QA required.				overture:7c3a0dc4-f9e2-42c9-8490-2214a59965a6	havenspropertymanagement.co.uk	441273044989	havens property management	Newhaven	United Kingdom	MEDIUM	domain:havenspropertymanagement.co.uk
	A	91	London	United Kingdom	Faraday Property Management		property_management	20 Red Lion Street	+442032060066								overture:96a0a2b7-f808-40fa-96ce-5be44d6ad2c7	2026-08-15T00:45:42.545149Z		Canonical queue drain | fit A | GitHub MASTER dedupe passed	http://www.faraday-property.com	enquiries@faraday-property.com	https://faraday-property.com/about-us/								High	Verified	https://explore.overturemaps.org/#id=96a0a2b7-f808-40fa-96ce-5be44d6ad2c7	Public Overture site+email; zero-HTTP V6 cheap-screen. Final MASTER dedupe/QA required.				overture:96a0a2b7-f808-40fa-96ce-5be44d6ad2c7	faraday-property.com	442032060066	faraday property management	London	United Kingdom	HIGH	domain:faraday-property.com
	A	91	Lake Lure	USA	Falling Waters at Rumbling Bald – North Carolina Mountain Lake Vacation Home		holiday_rental_home	2095 Buffalo Creek Rd	+17276923118								overture:86cfc678-f4eb-4a70-a176-f9b042a7501e	2026-08-15T00:45:42.545149Z		Canonical queue drain | fit A | GitHub MASTER dedupe passed	http://www.fallingwatersrumblingbald.com/	host@fallingwatersrumblingbald.com					https://www.fallingwatersrumblingbald.com:443/book				High	Verified	https://explore.overturemaps.org/#id=86cfc678-f4eb-4a70-a176-f9b042a7501e	Public Overture site+email; zero-HTTP V6 cheap-screen. Final MASTER dedupe/QA required.				overture:86cfc678-f4eb-4a70-a176-f9b042a7501e	fallingwatersrumblingbald.com	17276923118	falling waters at rumbling bald north carolina mountain lake vacation home	Lake Lure	USA	HIGH	domain:fallingwatersrumblingbald.com
	A	91	Reading	United Kingdom	Emerald Property Management Services Ltd		property_management	5 Lower Armour Road	+441184693492								overture:3a1abd47-6b1d-4a77-8080-19500e686236	2026-08-15T00:45:42.545149Z		Canonical queue drain | fit A | GitHub MASTER dedupe passed	https://emeraldpropertyservice.com/	sales@emeraldpropertyservice.com	https://emeraldpropertyservice.com/about/								High	Verified	https://explore.overturemaps.org/#id=3a1abd47-6b1d-4a77-8080-19500e686236	Public Overture site+email; zero-HTTP V6 cheap-screen. Final MASTER dedupe/QA required.				overture:3a1abd47-6b1d-4a77-8080-19500e686236	emeraldpropertyservice.com	441184693492	emerald property management services ltd	Reading	United Kingdom	HIGH	domain:emeraldpropertyservice.com
	A	91	Hitchin	United Kingdom	D and J Lettings and Property Management		property_management	30 Sun Street	+441462455434								overture:c26bea66-48fc-4ab4-818d-67f3c2bac346	2026-08-15T00:45:42.545149Z		Canonical queue drain | fit A | GitHub MASTER dedupe passed	http://www.djlettings.co.uk/	info@djlettings.co.uk	https://www.djlettings.co.uk/contact/								High	Verified	https://explore.overturemaps.org/#id=c26bea66-48fc-4ab4-818d-67f3c2bac346	Public Overture site+email; zero-HTTP V6 cheap-screen. Final MASTER dedupe/QA required.				overture:c26bea66-48fc-4ab4-818d-67f3c2bac346	djlettings.co.uk	441462455434	d and j lettings and property management	Hitchin	United Kingdom	HIGH	domain:djlettings.co.uk
	A	91	Woking	United Kingdom	Devere Property Management		property_management	5 High Street	+441483760011								overture:270416ff-69ad-4f59-bfb4-f8f23c1cdaee	2026-08-15T00:45:42.545149Z		Canonical queue drain | fit A | GitHub MASTER dedupe passed	http://www.devereproperty.co.uk/	devere@devereproperty.co.uk					http://devereproperty.co.uk/Real-estate/luxury-properties-for-sale-in-nice-discover-our-offers.html				High	Verified	https://explore.overturemaps.org/#id=270416ff-69ad-4f59-bfb4-f8f23c1cdaee	Public Overture site+email; zero-HTTP V6 cheap-screen. Final MASTER dedupe/QA required.				overture:270416ff-69ad-4f59-bfb4-f8f23c1cdaee	devereproperty.co.uk	441483760011	devere property management	Woking	United Kingdom	HIGH	domain:devereproperty.co.uk
	A	91	Charlotte	USA	Curo Property Management		property_management	6230 Fairview Rd	+17042741900								overture:5fe02ae3-7773-481b-85c6-43843fb33ada	2026-08-15T00:45:42.545149Z		Canonical queue drain | fit A | GitHub MASTER dedupe passed	http://curoprop.com/	tracy@curoprop.com	https://curoprop.com/contact/								High	Verified	https://explore.overturemaps.org/#id=5fe02ae3-7773-481b-85c6-43843fb33ada	Public Overture site+email; zero-HTTP V6 cheap-screen. Final MASTER dedupe/QA required.				overture:5fe02ae3-7773-481b-85c6-43843fb33ada	curoprop.com	17042741900	curo property management	Charlotte	USA	HIGH	domain:curoprop.com
	A	91	Rifle	USA	Cheryl&Co. Property Management		property_management	120 W 5th St	+19706254450								overture:2dfd8536-5055-4219-b53d-75e97de60f10	2026-08-15T00:45:42.545149Z		Canonical queue drain | fit A | GitHub MASTER dedupe passed	http://www.cherylcopm.com/	frontdesk@cherylcopm.com	https://cherylcopm.com/about-us								High	Verified	https://explore.overturemaps.org/#id=2dfd8536-5055-4219-b53d-75e97de60f10	Public Overture site+email; zero-HTTP V6 cheap-screen. Final MASTER dedupe/QA required.				overture:2dfd8536-5055-4219-b53d-75e97de60f10	cherylcopm.com	19706254450	cheryl co property management	Rifle	USA	HIGH	domain:cherylcopm.com
	A	91	Ilford	United Kingdom	CDC Property Management Ltd		property_management	595a Cranbrook Road	+442084347887								overture:ec1d02fd-f1a5-4568-a57c-3da0fe22376f	2026-08-15T00:45:42.545149Z		Canonical queue drain | fit A | GitHub MASTER dedupe passed	http://www.cdcproperty.management/	contact@cdcproperty.management	https://cdcproperty.management/contact-us								High	Verified	https://explore.overturemaps.org/#id=ec1d02fd-f1a5-4568-a57c-3da0fe22376f	Public Overture site+email; zero-HTTP V6 cheap-screen. Final MASTER dedupe/QA required.				overture:ec1d02fd-f1a5-4568-a57c-3da0fe22376f	cdcproperty.management	442084347887	cdc property management ltd	Ilford	United Kingdom	HIGH	domain:cdcproperty.management
	A	91	Wellingborough	United Kingdom	Cadore & Mayes Property Management Services		property_management	Belgrade Centre, Denington Rd	+441933449145								overture:c127d809-7d5e-4ff8-ba98-df9cc28c5762	2026-08-15T00:45:42.545149Z		Canonical queue drain | fit A | GitHub MASTER dedupe passed	http://www.c-mpropertymanagement.co.uk/	rachel@c-mpropertymanagement.co.uk			https://www.facebook.com/Cadore-Mayes-Property-Management-services-Ltd-188770854813930/						High	Verified	https://explore.overturemaps.org/#id=c127d809-7d5e-4ff8-ba98-df9cc28c5762	Public Overture site+email; zero-HTTP V6 cheap-screen. Final MASTER dedupe/QA required.				overture:c127d809-7d5e-4ff8-ba98-df9cc28c5762	c-mpropertymanagement.co.uk	441933449145	cadore mayes property management services	Wellingborough	United Kingdom	HIGH	domain:c-mpropertymanagement.co.uk
	A	91	Breckenridge	USA	Blue River Property Management		property_management	1915 Airport Rd	+19704536590								overture:264274ab-d7c3-4690-bd48-26c535960fe8	2026-08-15T00:45:42.545149Z		Canonical queue drain | fit A | GitHub MASTER dedupe passed	http://www.blueriverpropertymgmt.com/	rich@blueriverpropertymgmt.com	https://www.blueriverpropertymgmt.com/about-us/								Medium	Recall-first	https://explore.overturemaps.org/#id=264274ab-d7c3-4690-bd48-26c535960fe8	Public Overture site+email; zero-HTTP V6 cheap-screen. Final MASTER dedupe/QA required.				overture:264274ab-d7c3-4690-bd48-26c535960fe8	blueriverpropertymgmt.com	19704536590	blue river property management	Breckenridge	USA	MEDIUM	domain:blueriverpropertymgmt.com
	A	91	Greenville	USA	Blackstream Property Management		property_management	20 Overbrook Ct	+18647752476								overture:13b1d4e8-3e31-40f0-8c1d-afd5127f5d19	2026-08-15T00:45:42.545149Z		Canonical queue drain | fit A | GitHub MASTER dedupe passed	http://www.blackstreampm.com/	info@blackstreampm.com	https://www.blackstreampm.com/contact								Medium	Recall-first	https://explore.overturemaps.org/#id=13b1d4e8-3e31-40f0-8c1d-afd5127f5d19	Public Overture site+email; zero-HTTP V6 cheap-screen. Final MASTER dedupe/QA required.				overture:13b1d4e8-3e31-40f0-8c1d-afd5127f5d19	blackstreampm.com	18647752476	blackstream property management	Greenville	USA	MEDIUM	domain:blackstreampm.com
	A	91	Edwards	USA	Accent Property Management		property_management	428 Edwards Village Blvd	+19709267292								overture:abf6a4a6-5ba7-4845-80b8-54742cbf9fcd	2026-08-15T00:45:42.545149Z		Canonical queue drain | fit A | GitHub MASTER dedupe passed	http://www.accentpropertymgmt.com	jen@accentpropertymgmt.com	http://www.accentpropertymgmt.com/contact.html								High	Verified	https://explore.overturemaps.org/#id=abf6a4a6-5ba7-4845-80b8-54742cbf9fcd	Public Overture site+email; zero-HTTP V6 cheap-screen. Final MASTER dedupe/QA required.				overture:abf6a4a6-5ba7-4845-80b8-54742cbf9fcd	accentpropertymgmt.com	19709267292	accent property management	Edwards	USA	HIGH	domain:accentpropertymgmt.com
	A	91	Knoxville	USA	Absolute Mountain Property Management		property_management	1553 Coleman Rd	+18653331671								overture:344d836a-4d67-4019-ab6b-4d4ce290d774	2026-08-15T00:45:42.545149Z		Canonical queue drain | fit A | GitHub MASTER dedupe passed	http://absolutemountainpropertymanagement.com/	coty.ampm@gmail.com	https://www.absolutemountainpropertymanagement.com/about								High	Verified	https://explore.overturemaps.org/#id=344d836a-4d67-4019-ab6b-4d4ce290d774	Public Overture site+email; zero-HTTP V6 cheap-screen. Final MASTER dedupe/QA required.				overture:344d836a-4d67-4019-ab6b-4d4ce290d774	absolutemountainpropertymanagement.com	18653331671	absolute mountain property management	Knoxville	USA	HIGH	domain:absolutemountainpropertymanagement.com
	A	91	Letchworth	United Kingdom	Abbott Property Management		property_management	Devonshire Business Centre, Works Rd	+441462685489								overture:76dd06eb-ff8f-4408-a463-40175aab26ff	2026-08-15T00:45:42.545149Z		Canonical queue drain | fit A | GitHub MASTER dedupe passed	http://www.abbott-property.co.uk/	info@abbott-property.co.uk	https://www.abbott-property.co.uk/about-us.html								High	Verified	https://explore.overturemaps.org/#id=76dd06eb-ff8f-4408-a463-40175aab26ff	Public Overture site+email; zero-HTTP V6 cheap-screen. Final MASTER dedupe/QA required.				overture:76dd06eb-ff8f-4408-a463-40175aab26ff	abbott-property.co.uk	441462685489	abbott property management	Letchworth	United Kingdom	HIGH	domain:abbott-property.co.uk
	A	91	Lompoc	USA	Tower Property Management		property_management	307 E Ocean Ave	+18057400023								overture:16b616c0-df0c-4fb2-81b8-bdf93264f256	2026-08-15T00:45:42.545149Z		Canonical queue drain | fit A | GitHub MASTER dedupe passed	http://www.towerpm.org/	towermail@gmail.com	https://www.towerpm.org/about-us								High	Verified	https://explore.overturemaps.org/#id=16b616c0-df0c-4fb2-81b8-bdf93264f256	Public Overture site+email; zero-HTTP V6 cheap-screen. Final MASTER dedupe/QA required.				overture:16b616c0-df0c-4fb2-81b8-bdf93264f256	towerpm.org	18057400023	tower property management	Lompoc	USA	HIGH	domain:towerpm.org
	A	91	North Hollywood	USA	ONIT Property Management, Inc.		property_management	10153 Riverside Dr	+18188617887								overture:e9e681e4-4af2-4e23-ae6d-0fb5bf2616f5	2026-08-15T00:45:42.545149Z		Canonical queue drain | fit A | GitHub MASTER dedupe passed	http://onitpropmgmt.com/	support@onitpropmgmt.com	https://onitpropmgmt.com/about-us								Medium	Recall-first	https://explore.overturemaps.org/#id=e9e681e4-4af2-4e23-ae6d-0fb5bf2616f5	Public Overture site+email; zero-HTTP V6 cheap-screen. Final MASTER dedupe/QA required.				overture:e9e681e4-4af2-4e23-ae6d-0fb5bf2616f5	onitpropmgmt.com	18188617887	onit property management inc	North Hollywood	USA	MEDIUM	domain:onitpropmgmt.com
	A	91	Atascadero	USA	Mark IV Property Management Systems		property_management	5735 El Camino Real	+18054666275								overture:9f75c4b5-330d-46db-8bc9-a3bb370c1cfd	2026-08-15T00:45:42.545149Z		Canonical queue drain | fit A | GitHub MASTER dedupe passed	http://www.markiv.net/	info@markiv.net	https://www.markiv.net/about.asp								High	Verified	https://explore.overturemaps.org/#id=9f75c4b5-330d-46db-8bc9-a3bb370c1cfd	Public Overture site+email; zero-HTTP V6 cheap-screen. Final MASTER dedupe/QA required.				overture:9f75c4b5-330d-46db-8bc9-a3bb370c1cfd	markiv.net	18054666275	mark iv property management systems	Atascadero	USA	HIGH	domain:markiv.net
	A	91	La Canada Flintridge	USA	ABC Property Management		property_management	1313 Foothill Blvd	+18189572518								overture:b0bf1fcd-0d57-4559-9e96-f88fd988ca89	2026-08-15T00:45:42.545149Z		Canonical queue drain | fit A | GitHub MASTER dedupe passed	http://Www.managedbyabc.com/	schillinggrady@outlook.com	https://www.managedbyabc.com/about-us								High	Verified	https://explore.overturemaps.org/#id=b0bf1fcd-0d57-4559-9e96-f88fd988ca89	Public Overture site+email; zero-HTTP V6 cheap-screen. Final MASTER dedupe/QA required.				overture:b0bf1fcd-0d57-4559-9e96-f88fd988ca89	managedbyabc.com	18189572518	abc property management	La Canada Flintridge	USA	HIGH	domain:managedbyabc.com
	A	91	Paia	USA	Kuau Plaza Vacation Rental		holiday_rental_home	777 Hana Hwy	+18082143869								overture:db18acda-7bb7-4424-9e45-4ead2e4797fa	2026-08-15T00:45:42.545149Z		Canonical queue drain | fit A | GitHub MASTER dedupe passed	http://kuauplaza.com/	kandygrantz@gmail.com			https://www.facebook.com/102280002881446/						High	Verified	https://explore.overturemaps.org/#id=db18acda-7bb7-4424-9e45-4ead2e4797fa	Public Overture site+email; zero-HTTP V6 cheap-screen. Final MASTER dedupe/QA required.				overture:db18acda-7bb7-4424-9e45-4ead2e4797fa	kuauplaza.com	18082143869	kuau plaza vacation rental	Paia	USA	HIGH	domain:kuauplaza.com
	A	91	Santa Barbara	USA	Holly Honarvar - Director of Property Management		property_management	1435 Anacapa St	+18057059460								overture:1ae638c5-bce7-44a5-be60-66356d8ffa01	2026-08-15T00:45:42.545149Z		Canonical queue drain | fit A | GitHub MASTER dedupe passed	https://www.handhrealestateservices.com/	holly@handhrealestateservices.com	http://handhrealestateservices.com/about/								Medium	Recall-first	https://explore.overturemaps.org/#id=1ae638c5-bce7-44a5-be60-66356d8ffa01	Public Overture site+email; zero-HTTP V6 cheap-screen. Final MASTER dedupe/QA required.				overture:1ae638c5-bce7-44a5-be60-66356d8ffa01	handhrealestateservices.com	18057059460	holly honarvar director of property management	Santa Barbara	USA	MEDIUM	domain:handhrealestateservices.com
	A	91	Santa Maria	USA	Hacienda Oaks Property Management		property_management	1750 S Broadway	+18059250037								overture:664a42e3-8155-4eea-b1e1-3b2e262c28d6	2026-08-15T00:45:42.545149Z		Canonical queue drain | fit A | GitHub MASTER dedupe passed	http://www.haciendaoaks.com/	info@haciendaoaks.com	https://www.haciendaoaks.com/about-us								High	Verified	https://explore.overturemaps.org/#id=664a42e3-8155-4eea-b1e1-3b2e262c28d6	Public Overture site+email; zero-HTTP V6 cheap-screen. Final MASTER dedupe/QA required.				overture:664a42e3-8155-4eea-b1e1-3b2e262c28d6	haciendaoaks.com	18059250037	hacienda oaks property management	Santa Maria	USA	HIGH	domain:haciendaoaks.com
	A	91	North Hollywood	USA	Empire West Property Management		property_management	11668 Vanowen St	(818) 982-1220								overture:4a187a3f-2502-4815-9b5d-4eb33721a608	2026-08-15T00:45:42.545149Z		Canonical queue drain | fit A | GitHub MASTER dedupe passed	http://www.empirewestrealty.com	alisagonzalez@aol.com	https://empirewestrealty.com/contact-us/								High	Verified	https://explore.overturemaps.org/#id=4a187a3f-2502-4815-9b5d-4eb33721a608	Public Overture site+email; zero-HTTP V6 cheap-screen. Final MASTER dedupe/QA required.				overture:4a187a3f-2502-4815-9b5d-4eb33721a608	empirewestrealty.com	8189821220	empire west property management	North Hollywood	USA	HIGH	domain:empirewestrealty.com
	A	91	Lompoc	USA	Blue Sky Property Management		property_management	418 N H St	+18058193319								overture:34cb5dab-6e49-434b-af26-71a6420e94ac	2026-08-15T00:45:42.545149Z		Canonical queue drain | fit A | GitHub MASTER dedupe passed	http://blueskyproperty.com/	info@blueskyproperty.com	https://blueskyproperty.com/about-us-at-blue-sky-property-in-santa-ynez-lompoc-ca								High	Verified	https://explore.overturemaps.org/#id=34cb5dab-6e49-434b-af26-71a6420e94ac	Public Overture site+email; zero-HTTP V6 cheap-screen. Final MASTER dedupe/QA required.				overture:34cb5dab-6e49-434b-af26-71a6420e94ac	blueskyproperty.com	18058193319	blue sky property management	Lompoc	USA	HIGH	domain:blueskyproperty.com
	A	91	Santa Maria	USA	Advantage Property Management		property_management	511 E Main St	+18059282331								overture:f9d1c0f7-d759-4a88-8ae6-5938bd027dd6	2026-08-15T00:45:42.545149Z		Canonical queue drain | fit A | GitHub MASTER dedupe passed	http://www.advantagepropertymanagementinc.com/	info@advantagepropertymanagementinc.com	https://www.advantagepropertymanagementinc.com/about-us								High	Verified	https://explore.overturemaps.org/#id=f9d1c0f7-d759-4a88-8ae6-5938bd027dd6	Public Overture site+email; zero-HTTP V6 cheap-screen. Final MASTER dedupe/QA required.				overture:f9d1c0f7-d759-4a88-8ae6-5938bd027dd6	advantagepropertymanagementinc.com	18059282331	advantage property management	Santa Maria	USA	HIGH	domain:advantagepropertymanagementinc.com
	A	91	Simi Valley	USA	ABM Property Management Inc		property_management	1919 Williams St	+18055220292								overture:ef5547b6-9f4f-4db4-be5f-81cceb4e4b38	2026-08-15T00:45:42.545149Z		Canonical queue drain | fit A | GitHub MASTER dedupe passed	http://Www.abmpropertymgmt.com/	info@abmpropertymgmt.com	https://abmpropertymgmt.com/About-Us								Medium	Recall-first	https://explore.overturemaps.org/#id=ef5547b6-9f4f-4db4-be5f-81cceb4e4b38	Public Overture site+email; zero-HTTP V6 cheap-screen. Final MASTER dedupe/QA required.				overture:ef5547b6-9f4f-4db4-be5f-81cceb4e4b38	abmpropertymgmt.com	18055220292	abm property management inc	Simi Valley	USA	MEDIUM	domain:abmpropertymgmt.com
	A	91	Weaverville	USA	Foley Realty & Property Management		real_estate_agent	97 N Main St	(828) 484-7500								overture:ac897add-c1b7-46e5-948c-7684f4c7f1d5	2026-08-15T00:45:42.545149Z		Canonical queue drain | fit A | GitHub MASTER dedupe passed	http://www.foleyrealtync.com	ritaf@foleyrealtync.com	https://foleyrealtync.com/contact								Medium	Recall-first	https://explore.overturemaps.org/#id=ac897add-c1b7-46e5-948c-7684f4c7f1d5	Public Overture site+email; zero-HTTP V6 cheap-screen. Final MASTER dedupe/QA required.				overture:ac897add-c1b7-46e5-948c-7684f4c7f1d5	foleyrealtync.com	8284847500	foley realty property management	Weaverville	USA	MEDIUM	domain:foleyrealtync.com
	A	91	Claremont	USA	Innovative Property Management		real_estate_service	1270 Shady Valley Ln	+18286158181								overture:bf3372b0-4923-4ae8-a329-598b1d57603e	2026-08-15T00:45:42.545149Z		Canonical queue drain | fit A | GitHub MASTER dedupe passed	http://www.welcomehomeipm.com/	pbarrett.ipm@gmail.com	https://welcomehomeipm.com/about-us/								Medium	Recall-first	https://explore.overturemaps.org/#id=bf3372b0-4923-4ae8-a329-598b1d57603e	Public Overture site+email; zero-HTTP V6 cheap-screen. Final MASTER dedupe/QA required.				overture:bf3372b0-4923-4ae8-a329-598b1d57603e	welcomehomeipm.com	18286158181	innovative property management	Claremont	USA	MEDIUM	domain:welcomehomeipm.com
	A	91	Waynesville	USA	McGovern Property Management		real_estate_agent	284 N Haywood St	+18284521519								overture:21533f98-1e46-48b1-a9cb-ecd86a0c3997	2026-08-15T00:45:42.545149Z		Canonical queue drain | fit A | GitHub MASTER dedupe passed	http://shamrock13.com/	mcgovernpropertymgt@gmail.com	https://www.shamrock13.com/about/								High	Verified	https://explore.overturemaps.org/#id=21533f98-1e46-48b1-a9cb-ecd86a0c3997	Public Overture site+email; zero-HTTP V6 cheap-screen. Final MASTER dedupe/QA required.				overture:21533f98-1e46-48b1-a9cb-ecd86a0c3997	shamrock13.com	18284521519	mcgovern property management	Waynesville	USA	HIGH	domain:shamrock13.com
	A	91	London	United Kingdom	RXM Property Management LTD		real_estate_service	JKP Property Management, 152 City Road	+443301339534								overture:b5928650-3c18-4381-a2c3-87b921f75f84	2026-08-15T00:45:42.545149Z		Canonical queue drain | fit A | GitHub MASTER dedupe passed	https://www.rxmpropertymanagement.co.uk/	info@rxmpropertymanagement.co.uk	https://www.rxmpropertymanagement.co.uk/contact-us								High	Verified	https://explore.overturemaps.org/#id=b5928650-3c18-4381-a2c3-87b921f75f84	Public Overture site+email; zero-HTTP V6 cheap-screen. Final MASTER dedupe/QA required.				overture:b5928650-3c18-4381-a2c3-87b921f75f84	rxmpropertymanagement.co.uk	443301339534	rxm property management ltd	London	United Kingdom	HIGH	domain:rxmpropertymanagement.co.uk
	A	91	Gatlinburg	USA	Outback Rentals Cabin Rentals		cabin	902 Street of Dreams	+18005139001								overture:ef662124-7a44-4c73-ba58-1ab10edea0ce	2026-08-15T00:45:42.545149Z		Canonical queue drain | fit A | GitHub MASTER dedupe passed	http://outbackrentals.com/	info@outbackrentals.com					https://www.outbackrentals.com/cabinsgatlinburg				High	Verified	https://explore.overturemaps.org/#id=ef662124-7a44-4c73-ba58-1ab10edea0ce	Public Overture site+email; zero-HTTP V6 cheap-screen. Final MASTER dedupe/QA required.				overture:ef662124-7a44-4c73-ba58-1ab10edea0ce	outbackrentals.com	18005139001	outback rentals cabin rentals	Gatlinburg	USA	HIGH	domain:outbackrentals.com
	A	91	Oxford	United Kingdom	Oxford Heritage Property Management Ltd		real_estate_agent	81 St Clement's Street	+447771450697								overture:c936b9b3-2938-407e-8dc9-a150060669d8	2026-08-15T00:45:42.545149Z		Canonical queue drain | fit A | GitHub MASTER dedupe passed	http://www.ohpm.co.uk/	info@ohpm.co.uk	https://www.ohpm.co.uk/contact/								High	Verified	https://explore.overturemaps.org/#id=c936b9b3-2938-407e-8dc9-a150060669d8	Public Overture site+email; zero-HTTP V6 cheap-screen. Final MASTER dedupe/QA required.				overture:c936b9b3-2938-407e-8dc9-a150060669d8	ohpm.co.uk	447771450697	oxford heritage property management ltd	Oxford	United Kingdom	HIGH	domain:ohpm.co.uk
	A	91	Lahaina	USA	Going Maui Condo Rentals - Oceanfront Vacation Condos		holiday_rental_home	4327 Lower Honoapiilani Rd	+16514647288								overture:99518af6-5810-456f-bb3b-a891d67b17f0	2026-08-15T00:45:42.545149Z		Canonical queue drain | fit A | GitHub MASTER dedupe passed	http://www.goingmaui.com/	goingmaui@gmail.com			https://www.facebook.com/pages/Going-Maui-Vacation-Rental-Condos/191833074182529/						High	Verified	https://explore.overturemaps.org/#id=99518af6-5810-456f-bb3b-a891d67b17f0	Public Overture site+email; zero-HTTP V6 cheap-screen. Final MASTER dedupe/QA required.				overture:99518af6-5810-456f-bb3b-a891d67b17f0	goingmaui.com	16514647288	going maui condo rentals oceanfront vacation condos	Lahaina	USA	HIGH	domain:goingmaui.com
	A	91	Ventura	USA	Coastal View Property Management and Real Estate Services		property_management	2300 Knoll Dr	+18059323200								overture:eb7ad0d4-aec5-4fb1-b53e-36cdb2201621	2026-08-15T00:45:42.545149Z		Canonical queue drain | fit A | GitHub MASTER dedupe passed	http://coastalviewproperty.org/	coastalviewrealestate@gmail.com	http://coastalviewproperty.org/contact								High	Verified	https://explore.overturemaps.org/#id=eb7ad0d4-aec5-4fb1-b53e-36cdb2201621	Public Overture site+email; zero-HTTP V6 cheap-screen. Final MASTER dedupe/QA required.				overture:eb7ad0d4-aec5-4fb1-b53e-36cdb2201621	coastalviewproperty.org	18059323200	coastal view property management and real estate services	Ventura	USA	HIGH	domain:coastalviewproperty.org
	A	91	Weaverville	USA	Ox Glen Vacation Rentals		holiday_rental_home	376 Ox Creek Rd	+18287127182								overture:b9b20810-d627-4ea5-a998-47312c283dbf	2026-08-15T00:45:42.545149Z		Canonical queue drain | fit A | GitHub MASTER dedupe passed	http://oxglen.com/	knauernatalie@gmail.com	https://oxglen.com/about-us/								High	Verified	https://explore.overturemaps.org/#id=b9b20810-d627-4ea5-a998-47312c283dbf	Public Overture site+email; zero-HTTP V6 cheap-screen. Final MASTER dedupe/QA required.				overture:b9b20810-d627-4ea5-a998-47312c283dbf	oxglen.com	18287127182	ox glen vacation rentals	Weaverville	USA	HIGH	domain:oxglen.com
	A	91	Evesham	United Kingdom	Elite Holiday Homes		hotel	4 Longdon Hill									overture:fcb5475e-f86b-4eba-8b61-e053dd9387ad	2026-08-15T00:45:42.545149Z		Canonical queue drain | fit A | GitHub MASTER dedupe passed	http://eliteholidayhomes.co.uk/	bookings@eliteholidayhomes.co.uk			https://www.facebook.com/103088989344789/	https://wa.me/447729082558					High	Verified	https://explore.overturemaps.org/#id=fcb5475e-f86b-4eba-8b61-e053dd9387ad	Public Overture site+email; zero-HTTP V6 cheap-screen. Final MASTER dedupe/QA required.				overture:fcb5475e-f86b-4eba-8b61-e053dd9387ad	eliteholidayhomes.co.uk		elite holiday homes	Evesham	United Kingdom	HIGH	domain:eliteholidayhomes.co.uk
	A	91	Alpena	USA	40 Winks Motel and Vacation Rentals		motel	1021 S State Ave	+19893545622								overture:fb200dc7-35eb-4034-b7d5-39b98fa3839e	2026-08-15T00:45:42.545149Z		Canonical queue drain | fit A | GitHub MASTER dedupe passed	http://40winksmotel.com/	info@40winksmotel.com					https://40winksmotel.com/rooms				High	Verified	https://explore.overturemaps.org/#id=fb200dc7-35eb-4034-b7d5-39b98fa3839e	Public Overture site+email; zero-HTTP V6 cheap-screen. Final MASTER dedupe/QA required.				overture:fb200dc7-35eb-4034-b7d5-39b98fa3839e	40winksmotel.com	19893545622	40 winks motel and vacation rentals	Alpena	USA	HIGH	domain:40winksmotel.com
	A	91	Pismo Beach	USA	Pismo Beach Vacation Rentals		holiday_rental_home	152 Addie St	+18055504854								overture:d04ee0a2-2de6-4267-8847-82bd4f5b3f6d	2026-08-15T00:45:42.545149Z		Canonical queue drain | fit A | GitHub MASTER dedupe passed	https://gotopismo.com/	info@gotopismo.com	https://gotopismo.com/contact-us/								High	Verified	https://explore.overturemaps.org/#id=d04ee0a2-2de6-4267-8847-82bd4f5b3f6d	Public Overture site+email; zero-HTTP V6 cheap-screen. Final MASTER dedupe/QA required.				overture:d04ee0a2-2de6-4267-8847-82bd4f5b3f6d	gotopismo.com	18055504854	pismo beach vacation rentals	Pismo Beach	USA	HIGH	domain:gotopismo.com
	A	91	Charlotte	USA	Carolina United Realty		property_management	6211 Carmel Rd	+17049005005								overture:96717478-0c46-4749-9e0f-ab70eee5e0d0	2026-08-15T00:37:48.087928Z		Canonical queue drain | fit A | GitHub MASTER dedupe passed	http://www.CarolinaUnitedRealty.com/	info@carolinaunitedrealty.com	https://www.carolinaunitedrealty.com/about								High	Verified	https://explore.overturemaps.org/#id=96717478-0c46-4749-9e0f-ab70eee5e0d0	Public Overture site+email; zero-HTTP V6 cheap-screen. Final MASTER dedupe/QA required.				overture:96717478-0c46-4749-9e0f-ab70eee5e0d0	carolinaunitedrealty.com	17049005005	carolina united realty	Charlotte	USA	HIGH	domain:carolinaunitedrealty.com
	A	91	Lake Geneva	USA	Plus+ Vacation Rental		property_management	W4278 S Land Rd	+18007173034								overture:9047b190-cd2f-4168-83ec-4dc21f4e742f	2026-08-15T00:37:48.087928Z		Canonical queue drain | fit A | GitHub MASTER dedupe passed	https://www.plusvacationrental.com/contact.html	moreincome@plusvacationrental.com	https://www.plusvacationrental.com/about.html								High	Verified	https://explore.overturemaps.org/#id=9047b190-cd2f-4168-83ec-4dc21f4e742f	Public Overture site+email; zero-HTTP V6 cheap-screen. Final MASTER dedupe/QA required.				overture:9047b190-cd2f-4168-83ec-4dc21f4e742f	plusvacationrental.com	18007173034	plus vacation rental	Lake Geneva	USA	HIGH	domain:plusvacationrental.com
	A	91	Padstow	United Kingdom	Ivy's View, Padstow Holiday Rental		hotel	Egerton Road	+447500040182								overture:cf068c4d-a2a9-42a0-bcf3-be8063a33959	2026-08-15T00:30:13Z		Canonical queue drain | fit A | GitHub MASTER dedupe passed	http://Ivysview.co.uk/	ivysview@aol.com			https://www.facebook.com/1505026043137833/						High	Verified	https://explore.overturemaps.org/#id=cf068c4d-a2a9-42a0-bcf3-be8063a33959	Public Overture site+email; zero-HTTP V6 cheap-screen. Final MASTER dedupe/QA required.				overture:cf068c4d-a2a9-42a0-bcf3-be8063a33959	ivysview.co.uk	447500040182	ivy s view padstow holiday rental	Padstow	United Kingdom	HIGH	domain:ivysview.co.uk
	A	91	London	United Kingdom	Allstay Serviced Apartments		hotel	Maltings Place, 169 Tower Bridge Road	+442034659100								overture:f1e6b216-c9e3-4d28-929a-8850c95a8aa4	2026-08-15T00:30:13Z		Canonical queue drain | fit A | GitHub MASTER dedupe passed	http://www.allstay.co.uk/	reservations@allstay.co.uk	http://www.allstay.co.uk/contact?tr_uuid=20260816-1617-302a-912a-90927b8b6051&fp=-3								Medium	Recall-first	https://explore.overturemaps.org/#id=f1e6b216-c9e3-4d28-929a-8850c95a8aa4	Public Overture site+email; zero-HTTP V6 cheap-screen. Final MASTER dedupe/QA required.				overture:f1e6b216-c9e3-4d28-929a-8850c95a8aa4	allstay.co.uk	442034659100	allstay serviced apartments	London	United Kingdom	MEDIUM	domain:allstay.co.uk
	A	91	St Joseph	USA	Van Homes Property Management		property_management	2724 Niles Ave	+12693690426								overture:f5b9e2c7-6bca-4574-a84f-f6cbb23bf683	2026-08-15T00:30:13Z		Canonical queue drain | fit A | GitHub MASTER dedupe passed	http://vanhomespm.com/	vanhomespm@gmail.com			https://www.facebook.com/profile.php/						High	Verified	https://explore.overturemaps.org/#id=f5b9e2c7-6bca-4574-a84f-f6cbb23bf683	Public Overture site+email; zero-HTTP V6 cheap-screen. Final MASTER dedupe/QA required.				overture:f5b9e2c7-6bca-4574-a84f-f6cbb23bf683	vanhomespm.com	12693690426	van homes property management	St Joseph	USA	HIGH	domain:vanhomespm.com
	A	91	Waterville	USA	Log Cabin Rentals in Waterville, Ohio		lodging	9001 S River Rd	+14196543323								overture:e4168212-9076-4771-8947-2e7ec7ca16a1	2026-08-15T00:30:13Z		Canonical queue drain | fit A | GitHub MASTER dedupe passed	http://riverwoodlogcabins.com/	parkerhanson1956@gmail.com			https://www.facebook.com/106913662368115/						High	Verified	https://explore.overturemaps.org/#id=e4168212-9076-4771-8947-2e7ec7ca16a1	Public Overture site+email; zero-HTTP V6 cheap-screen. Final MASTER dedupe/QA required.				overture:e4168212-9076-4771-8947-2e7ec7ca16a1	riverwoodlogcabins.com	14196543323	log cabin rentals in waterville ohio	Waterville	USA	HIGH	domain:riverwoodlogcabins.com
	A	91	Freshwater	United Kingdom	Retriever Property Management		property_management	Retriever Property Management, 1 Hooke Close	+441983217669								overture:8364265f-4826-45f9-b898-b2e3e229fc73	2026-08-15T00:30:13Z		Canonical queue drain | fit A | GitHub MASTER dedupe passed	http://www.retrieverpm.co.uk/	office@retrieverpm.co.uk				https://wa.me/4407369273160					High	Verified	https://explore.overturemaps.org/#id=8364265f-4826-45f9-b898-b2e3e229fc73	Public Overture site+email; zero-HTTP V6 cheap-screen. Final MASTER dedupe/QA required.				overture:8364265f-4826-45f9-b898-b2e3e229fc73	retrieverpm.co.uk	441983217669	retriever property management	Freshwater	United Kingdom	HIGH	domain:retrieverpm.co.uk
	A	91	Rock Island	USA	Home Base Property Management		property_management	100 19th St	+18337862700								overture:093bffea-d1a8-47cf-a7be-bc8e0d26cafb	2026-08-15T00:30:13Z		Canonical queue drain | fit A | GitHub MASTER dedupe passed	http://www.homebasepm.com/	info@homebasepm.com					https://www.homebasepm.com/coatsworth-apartments.html				Medium	Recall-first	https://explore.overturemaps.org/#id=093bffea-d1a8-47cf-a7be-bc8e0d26cafb	Public Overture site+email; zero-HTTP V6 cheap-screen. Final MASTER dedupe/QA required.				overture:093bffea-d1a8-47cf-a7be-bc8e0d26cafb	homebasepm.com	18337862700	home base property management	Rock Island	USA	MEDIUM	domain:homebasepm.com
	A	91	Sarnia	USA	Mutual Property Management		property_management	290 Wellington St	+15199333987								overture:92234f16-dc9c-4973-a91f-4737ac032075	2026-08-15T00:30:13Z		Canonical queue drain | fit A | GitHub MASTER dedupe passed	http://www.graceventures.ca/	aaron@graceventures.ca	http://www.graceventures.ca/about.html								High	Verified	https://explore.overturemaps.org/#id=92234f16-dc9c-4973-a91f-4737ac032075	Public Overture site+email; zero-HTTP V6 cheap-screen. Final MASTER dedupe/QA required.				overture:92234f16-dc9c-4973-a91f-4737ac032075	graceventures.ca	15199333987	mutual property management	Sarnia	USA	HIGH	domain:graceventures.ca
	A	91	Chester	United Kingdom	Estates Property Management		property_management	Office 16, Riverside House, River Ln	+443330062930								overture:33ec2fa5-0892-4c80-8331-18927266e5b9	2026-08-15T00:30:13Z		Canonical queue drain | fit A | GitHub MASTER dedupe passed	http://www.estatespm.co.uk/	enquiries@estatespm.co.uk	https://estatespm.co.uk/about-us/								Medium	Recall-first	https://explore.overturemaps.org/#id=33ec2fa5-0892-4c80-8331-18927266e5b9	Public Overture site+email; zero-HTTP V6 cheap-screen. Final MASTER dedupe/QA required.				overture:33ec2fa5-0892-4c80-8331-18927266e5b9	estatespm.co.uk	443330062930	estates property management	Chester	United Kingdom	MEDIUM	domain:estatespm.co.uk
	A	91	Santa Fe	USA	Alexander's Inn Vacation Rentals		holiday_rental_home	529 E Palace Ave	+18883215123								overture:be0200d9-d92d-405e-95f4-1b37eca690d8	2026-08-15T00:30:13Z		Canonical queue drain | fit A | GitHub MASTER dedupe passed	http://www.alexanders-inn.com/	info@alexanders-inn.com	http://www.alexanders-inn.com/about-us/								Medium	Recall-first	https://explore.overturemaps.org/#id=be0200d9-d92d-405e-95f4-1b37eca690d8	Public Overture site+email; zero-HTTP V6 cheap-screen. Final MASTER dedupe/QA required.				overture:be0200d9-d92d-405e-95f4-1b37eca690d8	alexanders-inn.com	18883215123	alexander s inn vacation rentals	Santa Fe	USA	MEDIUM	domain:alexanders-inn.com
	A	91	Leighton Twp	USA	Xl Property Management Llc		property_management	4210 Morren St	+16164775511								overture:7dcf6b94-899e-42a7-9bf6-212c6de0effd	2026-08-15T00:30:13Z		Canonical queue drain | fit A | GitHub MASTER dedupe passed	http://www.xlpropertymanagement.com/	xlpropertymanagement@gmail.com		https://www.instagram.com/xl_property_management/							High	Verified	https://explore.overturemaps.org/#id=7dcf6b94-899e-42a7-9bf6-212c6de0effd; https://xlpropertymanagement.propertyware.com	Public Overture site+email; zero-HTTP V6 cheap-screen. Final MASTER dedupe/QA required.				overture:7dcf6b94-899e-42a7-9bf6-212c6de0effd	xlpropertymanagement.com	16164775511	xl property management llc	Leighton Twp	USA	HIGH	domain:xlpropertymanagement.com
	A	91	Isle of Palms	USA	Shipwatch 418 Isle of Palms Vacation Rental		holiday_rental_home	7600 Palmetto Dr	+18437799612								overture:b48b65bb-ebcd-4d65-8e46-2d25636475e1	2026-08-15T00:30:13Z		Canonical queue drain | fit A | GitHub MASTER dedupe passed	https://www.wyndhamvacationrentals.com/south-carolina/isle-of-palms/shipwatch-villas-wild-dunes-complex	shipwatch418@gmail.com		https://www.instagram.com/vacasa/							High	Verified	https://explore.overturemaps.org/#id=b48b65bb-ebcd-4d65-8e46-2d25636475e1; https://www.vacasa.com/search?&place=/usa/Shipwatch-Villas-SC/	Public Overture site+email; zero-HTTP V6 cheap-screen. Final MASTER dedupe/QA required.				overture:b48b65bb-ebcd-4d65-8e46-2d25636475e1	wyndhamvacationrentals.com	18437799612	shipwatch 418 isle of palms vacation rental	Isle of Palms	USA	HIGH	domain:wyndhamvacationrentals.com
	A	91	Wilmington	USA	Victory Property Management Wilmington NC Homes for Rent		real_estate_agent	4002 1/2 Oleander Dr Ste 1A	(910) 447-9495								overture:fbce2082-5ad2-4ab2-b9e3-f5ed96d09d59	2026-08-15T00:30:13Z		Canonical queue drain | fit A | GitHub MASTER dedupe passed	http://victoryrealestateinc.com/wilmington	rent@victoryrealestateinc.com		https://www.instagram.com/movezen/							High	Verified	https://explore.overturemaps.org/#id=fbce2082-5ad2-4ab2-b9e3-f5ed96d09d59; https://movezen360.com/wilmington/	Public Overture site+email; zero-HTTP V6 cheap-screen. Final MASTER dedupe/QA required.				overture:fbce2082-5ad2-4ab2-b9e3-f5ed96d09d59	victoryrealestateinc.com	9104479495	victory property management wilmington nc homes for rent	Wilmington	USA	HIGH	domain:victoryrealestateinc.com
	A	91	Monterey	USA	Terra Vista Property Management		property_management	337 El Dorado St	+18313755444								overture:4134a4a4-dbaa-48e7-a91b-9f5f4a048292	2026-08-15T00:30:13Z		Canonical queue drain | fit A | GitHub MASTER dedupe passed	http://www.terravistahoa.biz	bill@terravistahoa.biz		https://www.instagram.com/phillipsterravista/							High	Verified	https://explore.overturemaps.org/#id=4134a4a4-dbaa-48e7-a91b-9f5f4a048292; https://www.billandred.com/	Public Overture site+email; zero-HTTP V6 cheap-screen. Final MASTER dedupe/QA required.				overture:4134a4a4-dbaa-48e7-a91b-9f5f4a048292	terravistahoa.biz	18313755444	terra vista property management	Monterey	USA	HIGH	domain:terravistahoa.biz
	A	91	Abergele	United Kingdom	Holiday Homes and Lodges in North Wales		hotel	Rhyd-Y-Foel Road	+447917197924								overture:91ba430e-da5d-4879-b8f0-79e6215347b7	2026-08-15T00:30:13Z		Canonical queue drain | fit A | GitHub MASTER dedupe passed	https://tanrallt.co.uk/	rob@tanrallt.co.uk		https://www.instagram.com/parioholidayparks/							High	Verified	https://explore.overturemaps.org/#id=91ba430e-da5d-4879-b8f0-79e6215347b7; https://parioholidayparks.com/tan-rallt-holiday-park/	Public Overture site+email; zero-HTTP V6 cheap-screen. Final MASTER dedupe/QA required.				overture:91ba430e-da5d-4879-b8f0-79e6215347b7	tanrallt.co.uk	447917197924	holiday homes and lodges in north wales	Abergele	United Kingdom	HIGH	domain:tanrallt.co.uk
	A	91	Rocklin	USA	TRI Property Management Services		property_management	2205 Plaza Dr	+19169605700								overture:793ff60c-4b31-4b66-98bc-e2b4f09c0a54	2026-08-15T00:30:13Z		Canonical queue drain | fit A | GitHub MASTER dedupe passed	https://summit-rem.com/	marketing@summit-rem.com		https://www.instagram.com/summitrem/							Medium	Recall-first	https://explore.overturemaps.org/#id=793ff60c-4b31-4b66-98bc-e2b4f09c0a54; https://www.summit-rem.com/	Public Overture site+email; zero-HTTP V6 cheap-screen. Final MASTER dedupe/QA required.				overture:793ff60c-4b31-4b66-98bc-e2b4f09c0a54	summit-rem.com	19169605700	tri property management services	Rocklin	USA	MEDIUM	domain:summit-rem.com
	A	91	Oldham	United Kingdom	Saddleworth on this side of the Peak District- Akila Holiday Home		hotel	164 Oldham Road	+447759557262								overture:23eb41b1-2f9e-42fb-a50a-06bb729be876	2026-08-15T00:30:13Z		Canonical queue drain | fit A | GitHub MASTER dedupe passed	https://www.stayandholiday.com/	splweekends@gmail.com		https://www.instagram.com/wixstudio/							High	Verified	https://explore.overturemaps.org/#id=23eb41b1-2f9e-42fb-a50a-06bb729be876; https://www.stayandholiday.com/	Public Overture site+email; zero-HTTP V6 cheap-screen. Final MASTER dedupe/QA required.				overture:23eb41b1-2f9e-42fb-a50a-06bb729be876	stayandholiday.com	447759557262	saddleworth on this side of the peak district akila holiday home	Oldham	United Kingdom	HIGH	domain:stayandholiday.com
	A	91	Farmington	USA	SoWesCo Property Management		property_management	2222 E 20th St	+15053252100								overture:5e1dd796-977a-4dbb-94b3-2c99ef9649ef	2026-08-15T00:30:13Z		Canonical queue drain | fit A | GitHub MASTER dedupe passed	http://sowescopropertymanagement.com/	sowesco.propertymanagement@gmail.com		https://www.instagram.com/Sowesco_property_management/							High	Verified	https://explore.overturemaps.org/#id=5e1dd796-977a-4dbb-94b3-2c99ef9649ef; https://www.sowescopropertymanagement.com/	Public Overture site+email; zero-HTTP V6 cheap-screen. Final MASTER dedupe/QA required.				overture:5e1dd796-977a-4dbb-94b3-2c99ef9649ef	sowescopropertymanagement.com	15053252100	sowesco property management	Farmington	USA	HIGH	domain:sowescopropertymanagement.com
	A	91	Bass Lake	USA	Sierra Vacation Home Rentals		holiday_rental_home	54299 Road 432	+15595402222								overture:ab3dd538-4799-4c15-bf34-39bbcf16b049	2026-08-15T00:30:13Z		Canonical queue drain | fit A | GitHub MASTER dedupe passed	http://www.sierravacationhomerentals.com/	info@sierravacationhomerentals.com		https://www.instagram.com/vacasa/							High	Verified	https://explore.overturemaps.org/#id=ab3dd538-4799-4c15-bf34-39bbcf16b049; https://www.vacasa.com/usa/California/Bass-Lake/	Public Overture site+email; zero-HTTP V6 cheap-screen. Final MASTER dedupe/QA required.				overture:ab3dd538-4799-4c15-bf34-39bbcf16b049	sierravacationhomerentals.com	15595402222	sierra vacation home rentals	Bass Lake	USA	HIGH	domain:sierravacationhomerentals.com
	A	91	Jackson	USA	Sierra Real Estate Services Property Management		property_management	827 N CA-49	+12094194008								overture:fb32f879-0762-4feb-bac1-e51634ffd50e	2026-08-15T00:30:13Z		Canonical queue drain | fit A | GitHub MASTER dedupe passed	http://sierrarealestateservices.com/	beckymelvillerealtor@gmail.com		https://www.instagram.com/sierra_real_estate_services/							High	Verified	https://explore.overturemaps.org/#id=fb32f879-0762-4feb-bac1-e51634ffd50e; https://sresrentals.com/	Public Overture site+email; zero-HTTP V6 cheap-screen. Final MASTER dedupe/QA required.				overture:fb32f879-0762-4feb-bac1-e51634ffd50e	sierrarealestateservices.com	12094194008	sierra real estate services property management	Jackson	USA	HIGH	domain:sierrarealestateservices.com
	A	91	Salcombe	United Kingdom	Salcombe Holiday Homes		hotel	1 Island Street	+441548843485								overture:4a436463-38c0-4ae8-a768-5e0afab6703a	2026-08-15T00:30:13Z		Canonical queue drain | fit A | GitHub MASTER dedupe passed	http://www.salcombe.com/	shh@salcombe.com		https://www.instagram.com/cottagescom/							High	Verified	https://explore.overturemaps.org/#id=4a436463-38c0-4ae8-a768-5e0afab6703a; https://www.cottages.com/england/devon/salcombe?utm_source=www.salcombe.com&utm_medium=redirect&utm_campaign=closedDomains	Public Overture site+email; zero-HTTP V6 cheap-screen. Final MASTER dedupe/QA required.				overture:4a436463-38c0-4ae8-a768-5e0afab6703a	salcombe.com	441548843485	salcombe holiday homes	Salcombe	United Kingdom	HIGH	domain:salcombe.com
	A	91	Guerneville	USA	Russian River Vacation Rentals		holiday_rental_home	16212 Main St	+17078782204								overture:98a437f3-bf97-48d6-b787-62791807f1f3	2026-08-15T00:30:13Z		Canonical queue drain | fit A | GitHub MASTER dedupe passed	http://www.russianriverrentals.com/	info@russianriverrentals.com		https://www.instagram.com/vacasa/							High	Verified	https://explore.overturemaps.org/#id=98a437f3-bf97-48d6-b787-62791807f1f3; https://www.vacasa.com/usa/Russian-River/	Public Overture site+email; zero-HTTP V6 cheap-screen. Final MASTER dedupe/QA required.				overture:98a437f3-bf97-48d6-b787-62791807f1f3	russianriverrentals.com	17078782204	russian river vacation rentals	Guerneville	USA	HIGH	domain:russianriverrentals.com
	A	91	Modesto	USA	RPM Central Valley		property_management	717 16th St	+12095722222								overture:6a484c37-4e38-4883-b503-55a5c7e8fa74	2026-08-15T00:30:13Z		Canonical queue drain | fit A | GitHub MASTER dedupe passed	https://www.rpmcentralvalley.com/	info@rpmcentralvalley.com		https://www.instagram.com/valleywide_pm/							High	Verified	https://explore.overturemaps.org/#id=6a484c37-4e38-4883-b503-55a5c7e8fa74; https://valleywidepm.com/	Public Overture site+email; zero-HTTP V6 cheap-screen. Final MASTER dedupe/QA required.				overture:6a484c37-4e38-4883-b503-55a5c7e8fa74	rpmcentralvalley.com	12095722222	rpm central valley	Modesto	USA	HIGH	domain:rpmcentralvalley.com
	A	91	Sevierville	USA	Resting Eagle - Luxury Vacation Rental		holiday_rental_home	3744 Clabo Mountain Ln	+14042453841								overture:89f92594-7bf7-4796-89d2-522766a5dd52	2026-08-15T00:30:13Z		Canonical queue drain | fit A | GitHub MASTER dedupe passed	http://www.restingeagle.com/	jasontsmith77@outlook.com		https://www.instagram.com/resting.eagle/							High	Verified	https://explore.overturemaps.org/#id=89f92594-7bf7-4796-89d2-522766a5dd52; https://www.restingeagle.com/	Public Overture site+email; zero-HTTP V6 cheap-screen. Final MASTER dedupe/QA required.				overture:89f92594-7bf7-4796-89d2-522766a5dd52	restingeagle.com	14042453841	resting eagle luxury vacation rental	Sevierville	USA	HIGH	domain:restingeagle.com
	A	91	Tybee Island	USA	Tybee Beach Vacation Rentals		holiday_rental_home	1106 US Highway 80	+18009674433								overture:fe77003f-734e-4c34-ba87-6acc8d33688b	2026-08-15T00:30:13Z		Canonical queue drain | fit A | GitHub MASTER dedupe passed	http://www.renttybee.com/	info@renttybee.com		https://www.instagram.com/vacationontybee/							High	Verified	https://explore.overturemaps.org/#id=fe77003f-734e-4c34-ba87-6acc8d33688b; https://tybeevacationrentals.com	Public Overture site+email; zero-HTTP V6 cheap-screen. Final MASTER dedupe/QA required.				overture:fe77003f-734e-4c34-ba87-6acc8d33688b	renttybee.com	18009674433	tybee beach vacation rentals	Tybee Island	USA	HIGH	domain:renttybee.com
	A	91	Hilton Head Island	USA	Relax Rentals - Hilton Head Island Vacation Rentals		holiday_rental_home	18 Pope Ave Executive Park Rd	+18438952100								overture:f08a46ac-c87e-42e3-a81e-9fd11bc1efbb	2026-08-15T00:30:13Z		Canonical queue drain | fit A | GitHub MASTER dedupe passed	http://www.relaxrentals.com/	reservations@relaxrentals.com		https://www.instagram.com/host2coast_hhi/							High	Verified	https://explore.overturemaps.org/#id=f08a46ac-c87e-42e3-a81e-9fd11bc1efbb; https://www.host2coast.com/?relaxrentals	Public Overture site+email; zero-HTTP V6 cheap-screen. Final MASTER dedupe/QA required.				overture:f08a46ac-c87e-42e3-a81e-9fd11bc1efbb	relaxrentals.com	18438952100	relax rentals hilton head island vacation rentals	Hilton Head Island	USA	HIGH	domain:relaxrentals.com
	A	91	South Jordan	USA	Prioritime Property Management		property_management	3518 W Sojo Dr	+18019979275								overture:99fcf276-ab0d-4022-a9a4-af54676bc4fb	2026-08-15T00:30:13Z		Canonical queue drain | fit A | GitHub MASTER dedupe passed	http://www.PrioritimeManagement.com/	jean@prioritimemanagement.com		https://www.instagram.com/prioritime_management/							High	Verified	https://explore.overturemaps.org/#id=99fcf276-ab0d-4022-a9a4-af54676bc4fb; https://www.prioritimepropertymanagement.com/	Public Overture site+email; zero-HTTP V6 cheap-screen. Final MASTER dedupe/QA required.				overture:99fcf276-ab0d-4022-a9a4-af54676bc4fb	prioritimemanagement.com	18019979275	prioritime property management	South Jordan	USA	HIGH	domain:prioritimemanagement.com
	A	91	Pwllheli	United Kingdom	Peninsula Property Management		property_management	Unit 5C, Parc Eithin, Nefyn	+447789044338								overture:9dba891e-f297-4168-8c9d-69ddafd3503f	2026-08-15T00:30:13Z		Canonical queue drain | fit A | GitHub MASTER dedupe passed	http://www.peninsulapropertymanagement.co.uk/	info@peninsulapropertymanagement.co.uk		https://www.instagram.com/peninsula_management/							High	Verified	https://explore.overturemaps.org/#id=9dba891e-f297-4168-8c9d-69ddafd3503f; https://peninsulapropertymanagement.co.uk/	Public Overture site+email; zero-HTTP V6 cheap-screen. Final MASTER dedupe/QA required.				overture:9dba891e-f297-4168-8c9d-69ddafd3503f	peninsulapropertymanagement.co.uk	447789044338	peninsula property management	Pwllheli	United Kingdom	HIGH	domain:peninsulapropertymanagement.co.uk
	A	91	Saundersfoot	United Kingdom	Pembrokeshire Property Management		property_management	The Harbour, Unit 17 (The Old	+448000096987								overture:9fb5b4dc-35fe-42a5-ba9b-e754508d436d	2026-08-15T00:30:13Z		Canonical queue drain | fit A | GitHub MASTER dedupe passed	http://www.pembrokeshirepropertymanagement.co.uk/	info@pembrokeshirepropertymanagement.co.uk		https://www.instagram.com/staypembrokeshire/							High	Verified	https://explore.overturemaps.org/#id=9fb5b4dc-35fe-42a5-ba9b-e754508d436d; https://stay-pembrokeshire.co.uk/let-your-property/	Public Overture site+email; zero-HTTP V6 cheap-screen. Final MASTER dedupe/QA required.				overture:9fb5b4dc-35fe-42a5-ba9b-e754508d436d	pembrokeshirepropertymanagement.co.uk	448000096987	pembrokeshire property management	Saundersfoot	United Kingdom	HIGH	domain:pembrokeshirepropertymanagement.co.uk
	A	91	Páros	Greece	Paros Holiday Rentals		holiday_rental_home	Sotires	+306949105966								overture:87267467-66ad-4857-a1c5-ed806a54a362	2026-08-15T00:30:13Z		Canonical queue drain | fit A | GitHub MASTER dedupe passed	http://www.parosholidayrentals.com/	parosholidayrentals@gmail.com		https://www.instagram.com/yourparosholiday/							High	Verified	https://explore.overturemaps.org/#id=87267467-66ad-4857-a1c5-ed806a54a362; https://www.greekvillaparos.gr/parosholiday/	Public Overture site+email; zero-HTTP V6 cheap-screen. Final MASTER dedupe/QA required.				overture:87267467-66ad-4857-a1c5-ed806a54a362	parosholidayrentals.com	306949105966	paros holiday rentals	Páros	Greece	HIGH	domain:parosholidayrentals.com
	A	91	Marinette	USA	BP Property Management		real_estate_service	W1445 Madsen Rd	+17159381300								overture:d046e020-087f-46ca-a6a6-8a375bfd05f6	2026-08-15T00:30:13Z		Canonical queue drain | fit A | GitHub MASTER dedupe passed	https://na01.safelinks.protection.outlook.com/?url=https%3A%2F%2Fwa.me%2Fmessage%2FNYIOTNJU4VQEE1&data=05%7C02%7C%7C3ea3b7200b5b42adc1c108de65b1e75b%7C84df9e7fe9f640afb435aaaaaaaaaaaa%7C1%7C0%7C639060011925055578%7CUnknown%7CTWFpbGZsb3d8eyJFbXB0eU1hcGkiOnRydWUsIlYiOiIwLjAuMDAwMCIsIlAiOiJXaW4zMiIsIkFOIjoiTWFpbCIsIldUIjoyfQ%3D%3D%7C0%7C%7C%7C&sdata=EERzsdBwVdeLHdGUi8mAFdB%2FautnVLTqZgHiRyB%2BYOw%3D&reserved=0	braxtonpolzin10@hotmail.com		https://www.instagram.com/whatsapp/							High	Verified	https://explore.overturemaps.org/#id=d046e020-087f-46ca-a6a6-8a375bfd05f6; https://api.whatsapp.com/message/NYIOTNJU4VQEE1?autoload=1&app_absent=0	Public Overture site+email; zero-HTTP V6 cheap-screen. Final MASTER dedupe/QA required.				overture:d046e020-087f-46ca-a6a6-8a375bfd05f6	outlook.com	17159381300	bp property management	Marinette	USA	HIGH	domain:outlook.com
	A	91	Lleida	Spain	Novadmin Property Management		property_management	Avinguda d'Artesa, 13	+34973670710								overture:6c31cbe7-9d82-4721-9b11-5ea79cccd5ed	2026-08-15T00:30:13Z		Canonical queue drain | fit A | GitHub MASTER dedupe passed	http://www.novadmin.cat/	comunitats@novadmin.cat		https://www.instagram.com/novadmin_/							Medium	Recall-first	https://explore.overturemaps.org/#id=6c31cbe7-9d82-4721-9b11-5ea79cccd5ed; https://www.novadmin.es/	Public Overture site+email; zero-HTTP V6 cheap-screen. Final MASTER dedupe/QA required.				overture:6c31cbe7-9d82-4721-9b11-5ea79cccd5ed	novadmin.cat	34973670710	novadmin property management	Lleida	Spain	MEDIUM	domain:novadmin.cat
	A	91	North Myrtle Beach	USA	Myrtle Palms Vacation Rentals		holiday_rental_home	907 45th Ave S	+18432730394								overture:6184f942-9073-4014-9605-3e8c75e271a7	2026-08-15T00:30:13Z		Canonical queue drain | fit A | GitHub MASTER dedupe passed	http://www.myrtlepalmsvacationrentals.com/	richjacoby@me.com		https://www.instagram.com/myrtlepalmsvacationrentals/							High	Verified	https://explore.overturemaps.org/#id=6184f942-9073-4014-9605-3e8c75e271a7; https://www.myrtlepalmsrentals.com/	Public Overture site+email; zero-HTTP V6 cheap-screen. Final MASTER dedupe/QA required.				overture:6184f942-9073-4014-9605-3e8c75e271a7	myrtlepalmsvacationrentals.com	18432730394	myrtle palms vacation rentals	North Myrtle Beach	USA	HIGH	domain:myrtlepalmsvacationrentals.com
	A	91	Lakewood	USA	Mavi Unlimited Property Management		real_estate_agent	6926 W Alaska Dr	(303) 665-8944								overture:b9c16d95-f754-491c-952e-967885edc435	2026-08-15T00:30:13Z		Canonical queue drain | fit A | GitHub MASTER dedupe passed	http://maviunlimited.com	mike@maviunlimited.com		https://www.instagram.com/maviunlimited/							High	Verified	https://explore.overturemaps.org/#id=b9c16d95-f754-491c-952e-967885edc435; https://www.apexpmr.com/	Public Overture site+email; zero-HTTP V6 cheap-screen. Final MASTER dedupe/QA required.				overture:b9c16d95-f754-491c-952e-967885edc435	maviunlimited.com	3036658944	mavi unlimited property management	Lakewood	USA	HIGH	domain:maviunlimited.com
	A	91	Horsham	United Kingdom	Market Garden Cottage, Holiday Home		cottage		+441403891212								overture:66f48a15-493c-4949-89d8-7dc801074e49	2026-08-15T00:30:13Z		Canonical queue drain | fit A | GitHub MASTER dedupe passed	http://market-garden-cottage.uk/	marketgardencottage@gmail.com		https://www.instagram.com/marketgardencottage/							High	Verified	https://explore.overturemaps.org/#id=66f48a15-493c-4949-89d8-7dc801074e49; https://market-garden-cottage.loder-plants.co.uk/	Public Overture site+email; zero-HTTP V6 cheap-screen. Final MASTER dedupe/QA required.				overture:66f48a15-493c-4949-89d8-7dc801074e49	market-garden-cottage.uk	441403891212	market garden cottage holiday home	Horsham	United Kingdom	HIGH	domain:market-garden-cottage.uk
	A	91	Manitowoc	USA	Manitowoc Property Management		real_estate_agent	1302 Washington St	(920) 785-0910								overture:f0f157cc-f2fa-4569-a9ee-785767935e8d	2026-08-15T00:30:13Z		Canonical queue drain | fit A | GitHub MASTER dedupe passed	https://www.manitowocpropertymanagement.com	manitowocpropertymanagement@gmail.com		https://www.instagram.com/mpm_llc/							High	Verified	https://explore.overturemaps.org/#id=f0f157cc-f2fa-4569-a9ee-785767935e8d; https://www.manitowocpm.com/	Public Overture site+email; zero-HTTP V6 cheap-screen. Final MASTER dedupe/QA required.				overture:f0f157cc-f2fa-4569-a9ee-785767935e8d	manitowocpropertymanagement.com	9207850910	manitowoc property management	Manitowoc	USA	HIGH	domain:manitowocpropertymanagement.com
	A	91	Westminster	USA	Frontier Property Management West		property_management	8670 Wolff Ct	+17206470162								overture:8defa4cc-11cb-4ccb-b531-a451f67b72e3	2026-08-15T00:30:13Z		Canonical queue drain | fit A | GitHub MASTER dedupe passed	http://www.leasefrontier.com/	tanner@leasefrontier.com		https://www.instagram.com/managementtrustcommunities/							High	Verified	https://explore.overturemaps.org/#id=8defa4cc-11cb-4ccb-b531-a451f67b72e3; https://managementtrust.com	Public Overture site+email; zero-HTTP V6 cheap-screen. Final MASTER dedupe/QA required.				overture:8defa4cc-11cb-4ccb-b531-a451f67b72e3	leasefrontier.com	17206470162	frontier property management west	Westminster	USA	HIGH	domain:leasefrontier.com
	A	91	Cornelius	USA	Lake & Town Realty Property Management		property_management	19109 W Catawba Ave	+17045773306								overture:420c077f-f75c-4919-83e0-e318564eaf4c	2026-08-15T00:30:13Z		Canonical queue drain | fit A | GitHub MASTER dedupe passed	http://www.lakeandtown.com/	info@lakeandtown.com		https://www.instagram.com/lakeandtownrealty/							High	Verified	https://explore.overturemaps.org/#id=420c077f-f75c-4919-83e0-e318564eaf4c; https://lakenormanwaterfrontrealestate.com/	Public Overture site+email; zero-HTTP V6 cheap-screen. Final MASTER dedupe/QA required.				overture:420c077f-f75c-4919-83e0-e318564eaf4c	lakeandtown.com	17045773306	lake town realty property management	Cornelius	USA	HIGH	domain:lakeandtown.com
	A	91	Evans	USA	Keyway Property Management		property_management	4424 Evans To Locks Rd	+17069226390								overture:bb7f16fd-bf43-4381-a79c-f2f076a846b7	2026-08-15T00:30:13Z		Canonical queue drain | fit A | GitHub MASTER dedupe passed	http://www.KeywayPM.com/	leasing@keywaypm.com		https://www.instagram.com/bridgesrealtyaugusta/							High	Verified	https://explore.overturemaps.org/#id=bb7f16fd-bf43-4381-a79c-f2f076a846b7; https://www.augustaproperty.management/	Public Overture site+email; zero-HTTP V6 cheap-screen. Final MASTER dedupe/QA required.				overture:bb7f16fd-bf43-4381-a79c-f2f076a846b7	keywaypm.com	17069226390	keyway property management	Evans	USA	HIGH	domain:keywaypm.com
	A	91	Kaş	Greece	Villa Paloma		holiday_rental_home	Hürriyet Caddesi 46	+905324902737								overture:b3d8f458-9d68-426b-95f6-53e76b5826de	2026-08-15T00:30:13Z		Canonical queue drain | fit A | GitHub MASTER dedupe passed	https://kalkanlalerentals.com/accommodation/villa-paloma/	deltal.bih@hotmail.com		https://www.instagram.com/LaleHomesHolidayRentals/							High	Verified	https://explore.overturemaps.org/#id=b3d8f458-9d68-426b-95f6-53e76b5826de; https://kalkanlalerentals.com/accommodation/villa-paloma/	Public Overture site+email; zero-HTTP V6 cheap-screen. Final MASTER dedupe/QA required.				overture:b3d8f458-9d68-426b-95f6-53e76b5826de	kalkanlalerentals.com	905324902737	villa paloma	Kaş	Greece	HIGH	domain:kalkanlalerentals.com
	A	91	Amelia	Italy	Il tuo nido Fornole - Holiday Home		holiday_rental_home	Via Salisciano, 45	+393277827909								overture:233641ca-85f1-420b-ac71-6698da030d59	2026-08-15T00:30:13Z		Canonical queue drain | fit A | GitHub MASTER dedupe passed	http://iltuonido.it/	stay@iltuonido.it		https://www.instagram.com/il_tuo_nido_fornole/							Medium	Recall-first	https://explore.overturemaps.org/#id=233641ca-85f1-420b-ac71-6698da030d59; https://iltuonido.it/	Public Overture site+email; zero-HTTP V6 cheap-screen. Final MASTER dedupe/QA required.				overture:233641ca-85f1-420b-ac71-6698da030d59	iltuonido.it	393277827909	il tuo nido fornole holiday home	Amelia	Italy	MEDIUM	domain:iltuonido.it
	A	91	Lucignano	Italy	Holiday Home Croce		holiday_rental_home	Via Giuseppe Verdi, 15	+393923662013								overture:d7398424-c226-4cbc-a521-116c31dbebd1	2026-08-15T00:30:13Z		Canonical queue drain | fit A | GitHub MASTER dedupe passed	https://holidayhomecroce.it/	luciabraconi@gmail.com		https://www.instagram.com/holidayhomecrocelucy_/							High	Verified	https://explore.overturemaps.org/#id=d7398424-c226-4cbc-a521-116c31dbebd1; https://holidayhomecroce.it/	Public Overture site+email; zero-HTTP V6 cheap-screen. Final MASTER dedupe/QA required.				overture:d7398424-c226-4cbc-a521-116c31dbebd1	holidayhomecroce.it	393923662013	holiday home croce	Lucignano	Italy	HIGH	domain:holidayhomecroce.it
	A	91	Blowing Rock	USA	High Country Cabin Rentals		lodging	6236 US Highway 321 S	+18282957737								overture:34458f04-b94d-47b9-8c64-49ec484ca0e2	2026-08-15T00:30:13Z		Canonical queue drain | fit A | GitHub MASTER dedupe passed	http://www.hccabinrentals.com	info@hccabinrentals.com		https://www.instagram.com/carolina_cabin_rentals/							High	Verified	https://explore.overturemaps.org/#id=34458f04-b94d-47b9-8c64-49ec484ca0e2; https://www.carolinacabinrentals.com/	Public Overture site+email; zero-HTTP V6 cheap-screen. Final MASTER dedupe/QA required.				overture:34458f04-b94d-47b9-8c64-49ec484ca0e2	hccabinrentals.com	18282957737	high country cabin rentals	Blowing Rock	USA	HIGH	domain:hccabinrentals.com
	A	91	Orem	USA	Harman Property Management Group		property_management	73 W University Pkwy	+18013709792								overture:263d43a2-e293-4024-a266-12455983a8ef	2026-08-15T00:30:13Z		Canonical queue drain | fit A | GitHub MASTER dedupe passed	https://www.harmanapartments.com/	contact@harmanapartments.com		https://www.instagram.com/harmanpropertymanagent/							High	Verified	https://explore.overturemaps.org/#id=263d43a2-e293-4024-a266-12455983a8ef; https://www.harmanpm.com/	Public Overture site+email; zero-HTTP V6 cheap-screen. Final MASTER dedupe/QA required.				overture:263d43a2-e293-4024-a266-12455983a8ef	harmanapartments.com	18013709792	harman property management group	Orem	USA	HIGH	domain:harmanapartments.com
	A	91	Hilton Head Island	USA	Goode Vacation Rentals		holiday_rental_home	42 New Orleans Rd	+18436819325								overture:97dd7fd0-99de-4602-b913-1f10a48b28d1	2026-08-15T00:30:13Z		Canonical queue drain | fit A | GitHub MASTER dedupe passed	http://www.goodevacationrentals.com/	brian@goodevacationrentals.com		https://www.instagram.com/vacasa/							High	Verified	https://explore.overturemaps.org/#id=97dd7fd0-99de-4602-b913-1f10a48b28d1; https://www.vacasa.com/usa/South-Carolina/Hilton-Head-Island?partnerid=1805	Public Overture site+email; zero-HTTP V6 cheap-screen. Final MASTER dedupe/QA required.				overture:97dd7fd0-99de-4602-b913-1f10a48b28d1	goodevacationrentals.com	18436819325	goode vacation rentals	Hilton Head Island	USA	HIGH	domain:goodevacationrentals.com
	A	91	London	United Kingdom	Gollance Property Management		property_management	114 Crowborough Road	+447846339295								overture:62f940b6-821a-4c4e-b155-2730919144a6	2026-08-15T00:30:13Z		Canonical queue drain | fit A | GitHub MASTER dedupe passed	http://www.gollancepropertymanagement.com/	info@gollancepropertymanagement.com		https://www.instagram.com/gollancepropertymanagement/							High	Verified	https://explore.overturemaps.org/#id=62f940b6-821a-4c4e-b155-2730919144a6; https://gollancepropertymanagement.com/	Public Overture site+email; zero-HTTP V6 cheap-screen. Final MASTER dedupe/QA required.				overture:62f940b6-821a-4c4e-b155-2730919144a6	gollancepropertymanagement.com	447846339295	gollance property management	London	United Kingdom	HIGH	domain:gollancepropertymanagement.com
	A	91	Pigeon Forge	USA	Golfview Vacation Rentals		holiday_rental_home	718 Golf View Blvd	+18004294361								overture:b1aa3e2d-f50c-4dac-9184-72ecd8d1096b	2026-08-15T00:30:13Z		Canonical queue drain | fit A | GitHub MASTER dedupe passed	http://www.GolfviewVacationRentals.com/	reservations@golfviewvacationrentals.com		https://www.instagram.com/jacksonmountainrentals/							High	Verified	https://explore.overturemaps.org/#id=b1aa3e2d-f50c-4dac-9184-72ecd8d1096b; https://jacksonmountain.com:443/golf-view-resort	Public Overture site+email; zero-HTTP V6 cheap-screen. Final MASTER dedupe/QA required.				overture:b1aa3e2d-f50c-4dac-9184-72ecd8d1096b	golfviewvacationrentals.com	18004294361	golfview vacation rentals	Pigeon Forge	USA	HIGH	domain:golfviewvacationrentals.com
	A	91	Steamboat Springs	USA	Gold Peak Property Management		property_management	729 Oak St	+19703677964								overture:b18870e5-6b68-49c4-bbdf-dcd883e3a342	2026-08-15T00:30:13Z		Canonical queue drain | fit A | GitHub MASTER dedupe passed	https://goldpeakpm.com/	info@goldpeakpm.com		https://www.instagram.com/preferredpropertiessteamboat/							High	Verified	https://explore.overturemaps.org/#id=b18870e5-6b68-49c4-bbdf-dcd883e3a342; https://goldpeakpropertymanagement.com/	Public Overture site+email; zero-HTTP V6 cheap-screen. Final MASTER dedupe/QA required.				overture:b18870e5-6b68-49c4-bbdf-dcd883e3a342	goldpeakpm.com	19703677964	gold peak property management	Steamboat Springs	USA	HIGH	domain:goldpeakpm.com
	A	91	Νότια Ρόδος	Greece	Gennadi Dreams Luxury Holiday Homes		hotel	Gennadi	+306944298913								overture:b88fbb5e-efa9-43a4-8f06-d722f911b648	2026-08-15T00:30:13Z		Canonical queue drain | fit A | GitHub MASTER dedupe passed	http://www.gennadidreams.gr/	info@gennadidreams.gr		https://www.instagram.com/rhodesrentals.gr/							High	Verified	https://explore.overturemaps.org/#id=b88fbb5e-efa9-43a4-8f06-d722f911b648; https://rhodesrentals.gr/properties/gennadi-dreams-holiday-villa/	Public Overture site+email; zero-HTTP V6 cheap-screen. Final MASTER dedupe/QA required.				overture:b88fbb5e-efa9-43a4-8f06-d722f911b648	gennadidreams.gr	306944298913	gennadi dreams luxury holiday homes	Νότια Ρόδος	Greece	HIGH	domain:gennadidreams.gr
	A	91	Beechwood	USA	FYVE Property Management - Cleveland, Ohio		real_estate_agent	2000 Auburn Drive ONE CHAGRIN HIGHLANDS, Suite 200	(844) 548-3983								overture:0d74b129-7428-40d6-9ae9-9c0a061d15ee	2026-08-15T00:30:13Z		Canonical queue drain | fit A | GitHub MASTER dedupe passed	http://www.fyve.com	pm@fyve.com		https://www.instagram.com/intempus_/							High	Verified	https://explore.overturemaps.org/#id=0d74b129-7428-40d6-9ae9-9c0a061d15ee; https://intempuspropertymanagement.com/	Public Overture site+email; zero-HTTP V6 cheap-screen. Final MASTER dedupe/QA required.				overture:0d74b129-7428-40d6-9ae9-9c0a061d15ee	fyve.com	8445483983	fyve property management cleveland ohio	Beechwood	USA	HIGH	domain:fyve.com
	A	91	Folly Beach	USA	Folly Time Beach Rentals		property_management	13 Center St	+18435803731								overture:f3232cc3-5095-4a16-b3c0-37d1ecabeecc	2026-08-15T00:30:13Z		Canonical queue drain | fit A | GitHub MASTER dedupe passed	http://www.follytime.com/	info@follytime.com		https://www.instagram.com/vacasa/							High	Verified	https://explore.overturemaps.org/#id=f3232cc3-5095-4a16-b3c0-37d1ecabeecc; https://www.vacasa.com/usa/South-Carolina/Folly-Beach?partnerid=1751	Public Overture site+email; zero-HTTP V6 cheap-screen. Final MASTER dedupe/QA required.				overture:f3232cc3-5095-4a16-b3c0-37d1ecabeecc	follytime.com	18435803731	folly time beach rentals	Folly Beach	USA	HIGH	domain:follytime.com
	A	91	Roseville	USA	Expert Property Management		property_management	915 Highland Pointe Dr	+19168137653								overture:bf527d6b-39cb-420f-858f-520d4145403f	2026-08-15T00:30:13Z		Canonical queue drain | fit A | GitHub MASTER dedupe passed	https://www.expertpropmgmt.com/sacramento-homes-for-rent	rentals@expertpropmgmt.com		https://www.instagram.com/expertpropmgmt/							High	Verified	https://explore.overturemaps.org/#id=bf527d6b-39cb-420f-858f-520d4145403f; https://www.expertpropertymanagement.com/sacramento-homes-for-rent	Public Overture site+email; zero-HTTP V6 cheap-screen. Final MASTER dedupe/QA required.				overture:bf527d6b-39cb-420f-858f-520d4145403f	expertpropmgmt.com	19168137653	expert property management	Roseville	USA	HIGH	domain:expertpropmgmt.com
	A	91	Pellezzano	Italy	Excelsior Consulting - Property Management		real_estate_agent	Via della Quercia, 1	+393208822653								overture:90d22e8e-28a6-4211-b967-d0e8bc828617	2026-08-15T00:30:13Z		Canonical queue drain | fit A | GitHub MASTER dedupe passed	https://www.excelsiorconslt.com/	excelsiorconsultingoff@gmail.com		https://www.instagram.com/excelsiorcnslt_bnb/							High	Verified	https://explore.overturemaps.org/#id=90d22e8e-28a6-4211-b967-d0e8bc828617; https://www.excelsiorconslt.com/	Public Overture site+email; zero-HTTP V6 cheap-screen. Final MASTER dedupe/QA required.				overture:90d22e8e-28a6-4211-b967-d0e8bc828617	excelsiorconslt.com	393208822653	excelsior consulting property management	Pellezzano	Italy	HIGH	domain:excelsiorconslt.com
	A	91	Asheville	USA	Sunset Hollow Vacation Rental		holiday_rental_home	69 W Chapel Rd	+18778181014								overture:8c888e95-25e6-47fd-924c-45fdb06cc1e2	2026-08-15T00:30:13Z		Canonical queue drain | fit A | GitHub MASTER dedupe passed	http://www.evolvevacationrental.com/	sunsethollowvr@aol.com		https://www.instagram.com/evolvevacationrental/							High	Verified	https://explore.overturemaps.org/#id=8c888e95-25e6-47fd-924c-45fdb06cc1e2; https://evolve.com	Public Overture site+email; zero-HTTP V6 cheap-screen. Final MASTER dedupe/QA required.				overture:8c888e95-25e6-47fd-924c-45fdb06cc1e2	evolvevacationrental.com	18778181014	sunset hollow vacation rental	Asheville	USA	HIGH	domain:evolvevacationrental.com
	A	91	Charlotte	USA	Rentfy Property Management		property_management	128 S Tryon St	+19804009507								overture:b8c8e409-cf0b-44ae-b9d3-68d95f5c0c85	2026-08-15T00:30:13Z		Canonical queue drain | fit A | GitHub MASTER dedupe passed	http://www.elitecarolinas.com/	brian@elitecarolinas.com		https://www.instagram.com/eliteteamrealtync/							High	Verified	https://explore.overturemaps.org/#id=b8c8e409-cf0b-44ae-b9d3-68d95f5c0c85; https://elite-team-realty.com	Public Overture site+email; zero-HTTP V6 cheap-screen. Final MASTER dedupe/QA required.				overture:b8c8e409-cf0b-44ae-b9d3-68d95f5c0c85	elitecarolinas.com	19804009507	rentfy property management	Charlotte	USA	HIGH	domain:elitecarolinas.com
	A	91	Dartmouth	United Kingdom	Dartmouth Holiday Homes		hotel	16 Duke Street	+441803833082								overture:c4f14e5b-6915-46df-8ae9-bd3387686081	2026-08-15T00:30:13Z		Canonical queue drain | fit A | GitHub MASTER dedupe passed	http://www.dartmouthuk.com/	dhh@dartmouthuk.com		https://www.instagram.com/cottagescom/							High	Verified	https://explore.overturemaps.org/#id=c4f14e5b-6915-46df-8ae9-bd3387686081; https://www.cottages.com/england/devon/dartmouth?utm_source=www.dartmouthuk.com&utm_medium=redirect&utm_campaign=closedDomains	Public Overture site+email; zero-HTTP V6 cheap-screen. Final MASTER dedupe/QA required.				overture:c4f14e5b-6915-46df-8ae9-bd3387686081	dartmouthuk.com	441803833082	dartmouth holiday homes	Dartmouth	United Kingdom	HIGH	domain:dartmouthuk.com
	A	91	Massa Lubrense	Italy	Coemy - Sorrento Coast Vacation Rentals		travel_service	Via Riccardo Filangieri, 6	+390818789572								overture:561f356e-eedd-41c3-8224-5473cb6228ed	2026-08-15T00:30:13Z		Canonical queue drain | fit A | GitHub MASTER dedupe passed	http://www.coemy.com/	info@coemy.com		https://www.instagram.com/connysevents/							Medium	Recall-first	https://explore.overturemaps.org/#id=561f356e-eedd-41c3-8224-5473cb6228ed; https://connysevents.com	Public Overture site+email; zero-HTTP V6 cheap-screen. Final MASTER dedupe/QA required.				overture:561f356e-eedd-41c3-8224-5473cb6228ed	coemy.com	390818789572	coemy sorrento coast vacation rentals	Massa Lubrense	Italy	MEDIUM	domain:coemy.com
	A	91	Tucker	USA	Real Property Management Citywide		real_estate_agent	4500 Hugh Howell Rd Ste 170	(770) 733-1848								overture:662c40c0-e8ae-442e-b984-42045c38e2ca	2026-08-15T00:30:13Z		Canonical queue drain | fit A | GitHub MASTER dedupe passed	https://www.citywiderpm.com	dtaylor@citywiderpm.com		https://www.instagram.com/rpmgreateratlanta/							High	Verified	https://explore.overturemaps.org/#id=662c40c0-e8ae-442e-b984-42045c38e2ca; https://www.rpmgreateratlanta.com/	Public Overture site+email; zero-HTTP V6 cheap-screen. Final MASTER dedupe/QA required.				overture:662c40c0-e8ae-442e-b984-42045c38e2ca	citywiderpm.com	7707331848	real property management citywide	Tucker	USA	HIGH	domain:citywiderpm.com
	A	91	Joliet	USA	Celtic Property Management		corporate_or_business_office	3033 W Jefferson St Ste 100	(815) 730-1500								overture:5d8034de-adbe-42d2-a306-83e5b07c0c6d	2026-08-15T00:30:13Z		Canonical queue drain | fit A | GitHub MASTER dedupe passed	http://www.celticpm.com	info@celticpm.com		https://www.instagram.com/westward360/							High	Verified	https://explore.overturemaps.org/#id=5d8034de-adbe-42d2-a306-83e5b07c0c6d; https://westward360.com/	Public Overture site+email; zero-HTTP V6 cheap-screen. Final MASTER dedupe/QA required.				overture:5d8034de-adbe-42d2-a306-83e5b07c0c6d	celticpm.com	8157301500	celtic property management	Joliet	USA	HIGH	domain:celticpm.com
	A	91	Johnson City	USA	Casa Haven Property Management		property_management	600 N Broadway St	+14233404510								overture:e414e5ee-09e6-4e66-bfee-f15ec3a4ba6f	2026-08-15T00:30:13Z		Canonical queue drain | fit A | GitHub MASTER dedupe passed	http://CasaHavenPM.com/	office@casahavenpm.com		https://www.instagram.com/wix/							High	Verified	https://explore.overturemaps.org/#id=e414e5ee-09e6-4e66-bfee-f15ec3a4ba6f; https://www.casahavenpropertymanagement.com/	Public Overture site+email; zero-HTTP V6 cheap-screen. Final MASTER dedupe/QA required.				overture:e414e5ee-09e6-4e66-bfee-f15ec3a4ba6f	casahavenpm.com	14233404510	casa haven property management	Johnson City	USA	HIGH	domain:casahavenpm.com
	A	91	Brighton	USA	Canyon Vacation Rentals		holiday_rental_home	11445 E Big Cottonwood Canyon Rd	(888) 509-0999								overture:58187021-5e2b-4cb4-aa7e-3c2c5afbb3cc	2026-08-15T00:30:13Z		Canonical queue drain | fit A | GitHub MASTER dedupe passed	http://www.canyonvacationrentals.com	info@canyonvacationrentals.com		https://www.instagram.com/stay_avari/							High	Verified	https://explore.overturemaps.org/#id=58187021-5e2b-4cb4-aa7e-3c2c5afbb3cc; https://www.stayavari.com/destinations/utah/cottonwood-canyons	Public Overture site+email; zero-HTTP V6 cheap-screen. Final MASTER dedupe/QA required.				overture:58187021-5e2b-4cb4-aa7e-3c2c5afbb3cc	canyonvacationrentals.com	8885090999	canyon vacation rentals	Brighton	USA	HIGH	domain:canyonvacationrentals.com
	A	91	Banner Elk	USA	Blue Ridge Cabin Rentals		cabin	144 Gilliam Rd	+18288987788								overture:4bc11f00-f788-4a6c-b274-7e374bfd7b4b	2026-08-15T00:30:13Z		Canonical queue drain | fit A | GitHub MASTER dedupe passed	http://www.blueridgecabinrentals.com	deeann@blueridgecabinrentals.com		https://www.instagram.com/vacasa/							High	Verified	https://explore.overturemaps.org/#id=4bc11f00-f788-4a6c-b274-7e374bfd7b4b; https://www.vacasa.com/usa/georgia/helen	Public Overture site+email; zero-HTTP V6 cheap-screen. Final MASTER dedupe/QA required.				overture:4bc11f00-f788-4a6c-b274-7e374bfd7b4b	blueridgecabinrentals.com	18288987788	blue ridge cabin rentals	Banner Elk	USA	HIGH	domain:blueridgecabinrentals.com
	A	91	Hilton Head Island	USA	Best Nest Vacation Rentals by Beverly Serral		travel_and_transportation	5 Office Way, Hilton	(843) 341-3600								overture:4cbac200-5762-4d67-98cc-1a62f95db6f3	2026-08-15T00:30:13Z		Canonical queue drain | fit A | GitHub MASTER dedupe passed	http://www.beverlyserral.com	guestservices@beverlyserral.com		https://www.instagram.com/bestnestbybeverlyserral/							High	Verified	https://explore.overturemaps.org/#id=4cbac200-5762-4d67-98cc-1a62f95db6f3; https://www.bestnestbybeverlyserral.com	Public Overture site+email; zero-HTTP V6 cheap-screen. Final MASTER dedupe/QA required.				overture:4cbac200-5762-4d67-98cc-1a62f95db6f3	beverlyserral.com	8433413600	best nest vacation rentals by beverly serral	Hilton Head Island	USA	HIGH	domain:beverlyserral.com
	A	91	Michigan City	USA	Beachwalk Vacation Rentals		holiday_rental_home	202 Beachwalk Ln	+18008147501								overture:4b4359ce-deed-4260-ab41-83c369e956b4	2026-08-15T00:30:13Z		Canonical queue drain | fit A | GitHub MASTER dedupe passed	http://www.beachwalkresort.com	christy@beachwalkresort.com		https://www.instagram.com/beachwalkvacationrentals/							High	Verified	https://explore.overturemaps.org/#id=4b4359ce-deed-4260-ab41-83c369e956b4; https://www.beachwalkvacationrentals.com/	Public Overture site+email; zero-HTTP V6 cheap-screen. Final MASTER dedupe/QA required.				overture:4b4359ce-deed-4260-ab41-83c369e956b4	beachwalkresort.com	18008147501	beachwalk vacation rentals	Michigan City	USA	HIGH	domain:beachwalkresort.com
	A	91	Traverse City	USA	Bayshore Vacation Rentals		holiday_rental_home	500 S Union St	+12312680145								overture:2d961ae5-5c5e-4285-8731-b607bfcbbc8a	2026-08-15T00:30:13Z		Canonical queue drain | fit A | GitHub MASTER dedupe passed	https://www.bayshorevacationrentals.com/	info@bayshorevacationrentals.com		https://www.instagram.com/elevatedhomeshospitality/							High	Verified	https://explore.overturemaps.org/#id=2d961ae5-5c5e-4285-8731-b607bfcbbc8a; https://www.elevatedstays.com/bayshore-vacation-rentals	Public Overture site+email; zero-HTTP V6 cheap-screen. Final MASTER dedupe/QA required.				overture:2d961ae5-5c5e-4285-8731-b607bfcbbc8a	bayshorevacationrentals.com	12312680145	bayshore vacation rentals	Traverse City	USA	HIGH	domain:bayshorevacationrentals.com
	A	91	Berkeley	USA	Authentic Property Management		property_management	2731 Woolsey St	+15105429565								overture:77b6b045-5d32-4e3d-b3cf-9b48eb3cde53	2026-08-15T00:30:13Z		Canonical queue drain | fit A | GitHub MASTER dedupe passed	http://authenticre.com/	authenticre@gmail.com		https://www.instagram.com/authenticrepm/							High	Verified	https://explore.overturemaps.org/#id=77b6b045-5d32-4e3d-b3cf-9b48eb3cde53; https://authenticproperties.com/services/property-sales/	Public Overture site+email; zero-HTTP V6 cheap-screen. Final MASTER dedupe/QA required.				overture:77b6b045-5d32-4e3d-b3cf-9b48eb3cde53	authenticre.com	15105429565	authentic property management	Berkeley	USA	HIGH	domain:authenticre.com
	A	91	Snowmass Village	USA	Snowmass Ski Area		ski_resort	45 Village Sq	+19709231220								overture:211f8fe2-d2c1-45f4-866a-4f3f200cf840	2026-08-15T00:30:13Z		Canonical queue drain | fit A | GitHub MASTER dedupe passed	https://www.aspensnowmass.com	contactus@aspensnowmass.com		https://www.instagram.com/aspensnowmass/							High	Verified	https://explore.overturemaps.org/#id=211f8fe2-d2c1-45f4-866a-4f3f200cf840; https://www.aspensnowmass.com/	Public Overture site+email; zero-HTTP V6 cheap-screen. Final MASTER dedupe/QA required.				overture:211f8fe2-d2c1-45f4-866a-4f3f200cf840	aspensnowmass.com	19709231220	snowmass ski area	Snowmass Village	USA	HIGH	domain:aspensnowmass.com
	A	91	Boulder	USA	All County Boulder Property Management		property_management	6650 Gunpark Dr	+17204282100								overture:e3534d81-7638-4c2e-860f-c726c52e133a	2026-08-15T00:30:13Z		Canonical queue drain | fit A | GitHub MASTER dedupe passed	http://www.allcountyboulder.com/	contact@allcountyboulder.com		https://www.instagram.com/allcountyboulder/							High	Verified	https://explore.overturemaps.org/#id=e3534d81-7638-4c2e-860f-c726c52e133a; https://allcountyprop.com/locations/colorado/boulder/	Public Overture site+email; zero-HTTP V6 cheap-screen. Final MASTER dedupe/QA required.				overture:e3534d81-7638-4c2e-860f-c726c52e133a	allcountyboulder.com	17204282100	all county boulder property management	Boulder	USA	HIGH	domain:allcountyboulder.com
	A	91	Pigeon Forge	USA	Acorn Cabin Rentals		cabin	3121 Veterans Blvd	+18002236264								overture:9148909a-1276-4a69-b376-86a38ecd255b	2026-08-15T00:30:13Z		Canonical queue drain | fit A | GitHub MASTER dedupe passed	https://www.acorncabins.com/	info@acorncabins.com		https://www.instagram.com/auntbugscabinrentals/							High	Verified	https://explore.overturemaps.org/#id=9148909a-1276-4a69-b376-86a38ecd255b; https://www.auntbugs.com/	Public Overture site+email; zero-HTTP V6 cheap-screen. Final MASTER dedupe/QA required.				overture:9148909a-1276-4a69-b376-86a38ecd255b	acorncabins.com	18002236264	acorn cabin rentals	Pigeon Forge	USA	HIGH	domain:acorncabins.com
	A	91	Cary	USA	Above All Property Management		property_management	125 Edinburgh South Dr	+19193419555								overture:1771fd13-b35e-4ddb-a6ff-0611894755b6	2026-08-15T00:30:13Z		Canonical queue drain | fit A | GitHub MASTER dedupe passed	http://www.aboveallpm.com/	rentals@aboveallpm.com		https://www.instagram.com/aboveallpm/							High	Verified	https://explore.overturemaps.org/#id=1771fd13-b35e-4ddb-a6ff-0611894755b6; https://www.bestpropertymanagementincary.com/	Public Overture site+email; zero-HTTP V6 cheap-screen. Final MASTER dedupe/QA required.				overture:1771fd13-b35e-4ddb-a6ff-0611894755b6	aboveallpm.com	19193419555	above all property management	Cary	USA	HIGH	domain:aboveallpm.com
	A	91	Troy	USA	21 Property Management		corporate_or_business_office	700 E Big Beaver Rd Suite a	(248) 688-9920								overture:2e62b357-d7ed-488f-9325-35fcc3262f1c	2026-08-15T00:30:13Z		Canonical queue drain | fit A | GitHub MASTER dedupe passed	http://www.21propertymanagement.com	mpetrevski@21propertymanagement.com		https://www.instagram.com/rpm.metrodetroit/							High	Verified	https://explore.overturemaps.org/#id=2e62b357-d7ed-488f-9325-35fcc3262f1c; https://www.metrodetroitrpm.com//	Public Overture site+email; zero-HTTP V6 cheap-screen. Final MASTER dedupe/QA required.				overture:2e62b357-d7ed-488f-9325-35fcc3262f1c	21propertymanagement.com	2486889920	21 property management	Troy	USA	HIGH	domain:21propertymanagement.com
	A	91	Kailua Kona	USA	Oceanfront Condo in Kona - Alii Drive		lodging	76 6268 Alii Drive	+13033192541								overture:533f233a-8c2e-4bae-a247-d628e7e401f7	2026-08-14T23:59:35.771745Z		Canonical queue drain | fit A | GitHub MASTER dedupe passed	http://www.discountedvacationrental.com/	contact@discountedvacationrental.com					https://www.discountedvacationrental.com:443/properties				High	Verified	https://explore.overturemaps.org/#id=533f233a-8c2e-4bae-a247-d628e7e401f7	Public Overture site+email; zero-HTTP V6 cheap-screen. Final MASTER dedupe/QA required.				overture:533f233a-8c2e-4bae-a247-d628e7e401f7	discountedvacationrental.com	13033192541	oceanfront condo in kona alii drive	Kailua Kona	USA	HIGH	domain:discountedvacationrental.com
	A	91	Bakersfield	USA	Maya Property Management		property_management	31 S Real Rd	+16614721922								overture:a2de57d3-6df3-4df1-911f-5c1e1df18069	2026-08-14T23:59:35.771745Z		Canonical queue drain | fit A | GitHub MASTER dedupe passed	http://www.mayapropertymanagement.com/	mayapropertymanagement@gmail.com	https://www.mayapropertymanagement.com/about-us								High	Verified	https://explore.overturemaps.org/#id=a2de57d3-6df3-4df1-911f-5c1e1df18069	Public Overture site+email; zero-HTTP V6 cheap-screen. Final MASTER dedupe/QA required.				overture:a2de57d3-6df3-4df1-911f-5c1e1df18069	mayapropertymanagement.com	16614721922	maya property management	Bakersfield	USA	HIGH	domain:mayapropertymanagement.com
	A	91	Colwood	Canada	Royal Roads Oceanfront Vacation Rental		bed_and_breakfast	214 Portsmouth Dr	(250) 391-0249								overture:9354f583-1b1d-4fed-91f2-ae42392fba0e	2026-08-14T23:59:35.771745Z		Canonical queue drain | fit A | GitHub MASTER dedupe passed	http://www.royalroadsbb.com	stay@royalroadsbb.com	http://www.royalroadsbb.com/reservations.html								High	Verified	https://explore.overturemaps.org/#id=9354f583-1b1d-4fed-91f2-ae42392fba0e	Public Overture site+email; zero-HTTP V6 cheap-screen. Final MASTER dedupe/QA required.				overture:9354f583-1b1d-4fed-91f2-ae42392fba0e	royalroadsbb.com	2503910249	royal roads oceanfront vacation rental	Colwood	Canada	HIGH	domain:royalroadsbb.com
	A	91	Galveston	USA	Why Waite Vacation Rentals		holiday_rental_home		+17133767591								overture:789b660a-b0c7-4632-86f5-36d233296067	2026-08-14T23:59:35.771745Z		Canonical queue drain | fit A | GitHub MASTER dedupe passed	http://whywaitevacationrentals.com/	info@whywaitevacationrentals.com					https://www.whywaitevacationrentals.com:443/book				High	Verified	https://explore.overturemaps.org/#id=789b660a-b0c7-4632-86f5-36d233296067	Public Overture site+email; zero-HTTP V6 cheap-screen. Final MASTER dedupe/QA required.				overture:789b660a-b0c7-4632-86f5-36d233296067	whywaitevacationrentals.com	17133767591	why waite vacation rentals	Galveston	USA	HIGH	domain:whywaitevacationrentals.com
	A	91	Camarillo	USA	VC House Hunter Property Management		property_management	401 Mobil Ave	+18055041810								overture:42b73f5a-82f6-4151-a13a-53079376fb6d	2026-08-14T23:56:03Z		Canonical queue drain | fit A | GitHub MASTER dedupe passed	https://www.VChousehunter.com/	wendell@vchousehunter.com	https://www.VChousehunter.com/contact								High	Verified	https://explore.overturemaps.org/#id=42b73f5a-82f6-4151-a13a-53079376fb6d	Public Overture site+email; zero-HTTP V6 cheap-screen. Final MASTER dedupe/QA required.				overture:42b73f5a-82f6-4151-a13a-53079376fb6d	vchousehunter.com	18055041810	vc house hunter property management	Camarillo	USA	HIGH	domain:vchousehunter.com
	A	91	Nipomo	USA	Nipomo Property Management		property_management	195 W Tefft St	+18059297191								overture:9b8cc29d-99aa-4868-bd6a-7bc0b4891f59	2026-08-14T23:56:03Z		Canonical queue drain | fit A | GitHub MASTER dedupe passed	http://Nipomopm.com/	lisa@nipomopm.com	https://www.nipomopm.com/about-us								High	Verified	https://explore.overturemaps.org/#id=9b8cc29d-99aa-4868-bd6a-7bc0b4891f59	Public Overture site+email; zero-HTTP V6 cheap-screen. Final MASTER dedupe/QA required.				overture:9b8cc29d-99aa-4868-bd6a-7bc0b4891f59	nipomopm.com	18059297191	nipomo property management	Nipomo	USA	HIGH	domain:nipomopm.com
	A	91	Libby	Canada	Heron's Roost Vacation Rental		hotel	293 FDR 228	+14062933530								overture:01214248-2086-414e-bbde-d5e0bf45dad1	2026-08-14T23:56:03Z		Canonical queue drain | fit A | GitHub MASTER dedupe passed	http://www.heronsroost.com/	rgillan@heronsroost.com	https://www.heronsroost.com/contact-info-reviews								High	Verified	https://explore.overturemaps.org/#id=01214248-2086-414e-bbde-d5e0bf45dad1	Public Overture site+email; zero-HTTP V6 cheap-screen. Final MASTER dedupe/QA required.				overture:01214248-2086-414e-bbde-d5e0bf45dad1	heronsroost.com	14062933530	heron s roost vacation rental	Libby	Canada	HIGH	domain:heronsroost.com
	A	91	Murrieta	USA	WIRE Property Management		property_management	26413 Jefferson Ave	+19514985379								overture:8b63d206-95fa-4ba7-a580-82ec98c879d3	2026-08-14T23:56:03Z		Canonical queue drain | fit A | GitHub MASTER dedupe passed	https://wirepropmgmt.com/	team@wirepropmgmt.com		https://www.instagram.com/ryconnpropertymanagement/							High	Verified	https://explore.overturemaps.org/#id=8b63d206-95fa-4ba7-a580-82ec98c879d3; http://www.ryconn.com/wire-property-management/	Public Overture site+email; zero-HTTP V6 cheap-screen. Final MASTER dedupe/QA required.				overture:8b63d206-95fa-4ba7-a580-82ec98c879d3	wirepropmgmt.com	19514985379	wire property management	Murrieta	USA	HIGH	domain:wirepropmgmt.com
	A	91	Calgary	Canada	Westhawk Property Management		property_management	1289 Highfield Cres SE	+14033190701								overture:dd5d8ef3-5258-4015-bd07-3d2c2609a6ff	2026-08-14T23:56:03Z		Canonical queue drain | fit A | GitHub MASTER dedupe passed	http://www.WHPM.ca/	info@whpm.ca		https://www.instagram.com/westhawkproperties/							High	Verified	https://explore.overturemaps.org/#id=dd5d8ef3-5258-4015-bd07-3d2c2609a6ff; https://www.westhawkproperties.ca/	Public Overture site+email; zero-HTTP V6 cheap-screen. Final MASTER dedupe/QA required.				overture:dd5d8ef3-5258-4015-bd07-3d2c2609a6ff	whpm.ca	14033190701	westhawk property management	Calgary	Canada	HIGH	domain:whpm.ca
	A	91	Calgary	Canada	Sarah Loney Real Estate and Property Management		real_estate_agent	1612 17 Ave SW	+14038051203								overture:fd835127-f9e0-4422-a1a8-8f73608fa815	2026-08-14T23:56:03Z		Canonical queue drain | fit A | GitHub MASTER dedupe passed	http://wesellcalgaryhomes.ca/	sarah@wesellcalgaryhomes.ca		https://www.instagram.com/yycrealtor/							Medium	Recall-first	https://explore.overturemaps.org/#id=fd835127-f9e0-4422-a1a8-8f73608fa815; https://sarahparanych.c21.ca/socials	Public Overture site+email; zero-HTTP V6 cheap-screen. Final MASTER dedupe/QA required.				overture:fd835127-f9e0-4422-a1a8-8f73608fa815	wesellcalgaryhomes.ca	14038051203	sarah loney real estate and property management	Calgary	Canada	MEDIUM	domain:wesellcalgaryhomes.ca
	A	91	Cypress	USA	Avenue Property Management		property_management	5450 Orange Ave	+17147156145								overture:e1c0e27f-93b9-4930-b727-0690a51cf94b	2026-08-14T23:56:03Z		Canonical queue drain | fit A | GitHub MASTER dedupe passed	http://www.vppropertymgmt.com/	jwburtle@gmail.com		https://www.instagram.com/vp_propertymanagement/							High	Verified	https://explore.overturemaps.org/#id=e1c0e27f-93b9-4930-b727-0690a51cf94b; https://www.avenuepropertymgmt.com/	Public Overture site+email; zero-HTTP V6 cheap-screen. Final MASTER dedupe/QA required.				overture:e1c0e27f-93b9-4930-b727-0690a51cf94b	vppropertymgmt.com	17147156145	avenue property management	Cypress	USA	HIGH	domain:vppropertymgmt.com
	A	91	Peace River	Canada	VBV Property Management		property_management	10024 101 Ave	+17806179990								overture:527fc518-7bb1-4125-b76b-df12918ecf2d	2026-08-14T23:56:03Z		Canonical queue drain | fit A | GitHub MASTER dedupe passed	http://www.vbvmanagement.ca/	reception@vbvmanagement.ca		https://www.instagram.com/vbvpropertymanagement/							High	Verified	https://explore.overturemaps.org/#id=527fc518-7bb1-4125-b76b-df12918ecf2d; https://vbvpropertymanagement.wpcomstaging.com/	Public Overture site+email; zero-HTTP V6 cheap-screen. Final MASTER dedupe/QA required.				overture:527fc518-7bb1-4125-b76b-df12918ecf2d	vbvmanagement.ca	17806179990	vbv property management	Peace River	Canada	HIGH	domain:vbvmanagement.ca
	A	91	San Diego	USA	SeaBreeze Vacation Rentals		holiday_rental_home	6830 La Jolla Blvd	+18588776259								overture:21fafa4c-c988-4b1a-abd1-5a929a554130	2026-08-14T23:56:03Z		Canonical queue drain | fit A | GitHub MASTER dedupe passed	http://www.seabreezevacationrentals.com/	info@seabreezevacationrentals.com		https://www.instagram.com/vacasa/							High	Verified	https://explore.overturemaps.org/#id=21fafa4c-c988-4b1a-abd1-5a929a554130; https://www.vacasa.com/usa/California/San-Diego/	Public Overture site+email; zero-HTTP V6 cheap-screen. Final MASTER dedupe/QA required.				overture:21fafa4c-c988-4b1a-abd1-5a929a554130	seabreezevacationrentals.com	18588776259	seabreeze vacation rentals	San Diego	USA	HIGH	domain:seabreezevacationrentals.com
	A	91	Chula Vista	USA	Elite Real Estate Services & Property Management		property_management	261 Church Ave	+16193002815								overture:001b9e3f-ca26-4258-8b92-f18b80182783	2026-08-14T23:56:03Z		Canonical queue drain | fit A | GitHub MASTER dedupe passed	http://www.sdgotrent.com/	contact@sdgotrent.com		https://www.instagram.com/elitepmsd/							High	Verified	https://explore.overturemaps.org/#id=001b9e3f-ca26-4258-8b92-f18b80182783; https://elitepropertymanagementsd.com	Public Overture site+email; zero-HTTP V6 cheap-screen. Final MASTER dedupe/QA required.				overture:001b9e3f-ca26-4258-8b92-f18b80182783	sdgotrent.com	16193002815	elite real estate services property management	Chula Vista	USA	HIGH	domain:sdgotrent.com
	A	91	San Diego	USA	Sandy Beach Rentals		holiday_rental_home	2990 Mission Blvd	+18584887100								overture:9fa8f2d8-5d2b-4e8a-af83-2b1b959131fd	2026-08-14T23:56:03Z		Canonical queue drain | fit A | GitHub MASTER dedupe passed	http://www.sandybeachrentals.com/	info@sandybeachrentals.com		https://www.instagram.com/vacasa/							High	Verified	https://explore.overturemaps.org/#id=9fa8f2d8-5d2b-4e8a-af83-2b1b959131fd; https://www.vacasa.com/usa/california/san-diego	Public Overture site+email; zero-HTTP V6 cheap-screen. Final MASTER dedupe/QA required.				overture:9fa8f2d8-5d2b-4e8a-af83-2b1b959131fd	sandybeachrentals.com	18584887100	sandy beach rentals	San Diego	USA	HIGH	domain:sandybeachrentals.com
	A	91	Fort Worth	USA	Cole Group Property Management		property_management	2600 W 7th St	+16822151968								overture:110fad70-c577-4fc5-b550-dbfba3680c5b	2026-08-14T23:56:03Z		Canonical queue drain | fit A | GitHub MASTER dedupe passed	http://www.RentTheFort.com/	colegroupdfw@gmail.com		https://www.instagram.com/rentthefort/							High	Verified	https://explore.overturemaps.org/#id=110fad70-c577-4fc5-b550-dbfba3680c5b; https://www.colegrouppropertymanagement.com/	Public Overture site+email; zero-HTTP V6 cheap-screen. Final MASTER dedupe/QA required.				overture:110fad70-c577-4fc5-b550-dbfba3680c5b	rentthefort.com	16822151968	cole group property management	Fort Worth	USA	HIGH	domain:rentthefort.com
	A	91	Palm Springs	USA	Oranj Palm Vacation Homes		holiday_rental_home	1775 E Palm Canyon Dr	+18554431986								overture:d3fa15b6-31fa-4e35-aa1c-af1ad24abea2	2026-08-14T23:56:03Z		Canonical queue drain | fit A | GitHub MASTER dedupe passed	http://www.oranjpalm.com	info@oranjpalm.com		https://www.instagram.com/OranjPalm/							High	Verified	https://explore.overturemaps.org/#id=d3fa15b6-31fa-4e35-aa1c-af1ad24abea2; https://www.palmspringsrentals.com	Public Overture site+email; zero-HTTP V6 cheap-screen. Final MASTER dedupe/QA required.				overture:d3fa15b6-31fa-4e35-aa1c-af1ad24abea2	oranjpalm.com	18554431986	oranj palm vacation homes	Palm Springs	USA	HIGH	domain:oranjpalm.com
	A	91	Riverside	USA	Ryconn Property Management		property_management	4869 Arlington Ave	+19516847510								overture:4ed8ac0c-7129-420b-b9c4-b8c075cab7a6	2026-08-14T23:56:03Z		Canonical queue drain | fit A | GitHub MASTER dedupe passed	https://www.oneillproperty.net/	info@oneillproperty.net		https://www.instagram.com/ryconnpropertymanagement/							High	Verified	https://explore.overturemaps.org/#id=4ed8ac0c-7129-420b-b9c4-b8c075cab7a6; https://www.ryconn.com/oneill/	Public Overture site+email; zero-HTTP V6 cheap-screen. Final MASTER dedupe/QA required.				overture:4ed8ac0c-7129-420b-b9c4-b8c075cab7a6	oneillproperty.net	19516847510	ryconn property management	Riverside	USA	HIGH	domain:oneillproperty.net
	A	91	Los Angeles	USA	MaxWell Property Management Group		property_management	6356 Van Nuys Blvd	+18188603939								overture:b11b7515-09a9-4211-aec7-3ebeeb9b6b44	2026-08-14T23:56:03Z		Canonical queue drain | fit A | GitHub MASTER dedupe passed	http://www.mwpmg.com	felipe@mwpmg.com		https://www.instagram.com/maxwellpropertymanagement/							High	Verified	https://explore.overturemaps.org/#id=b11b7515-09a9-4211-aec7-3ebeeb9b6b44; https://www.maxwellpropertymanagementgroup.com/	Public Overture site+email; zero-HTTP V6 cheap-screen. Final MASTER dedupe/QA required.				overture:b11b7515-09a9-4211-aec7-3ebeeb9b6b44	mwpmg.com	18188603939	maxwell property management group	Los Angeles	USA	HIGH	domain:mwpmg.com
	A	91	Galveston	USA	Karas Vacation Rentals Management		holiday_rental_home	19 Grand Beach Blvd	+19365826976								overture:a99003c2-8459-421f-a1ed-636da6b83d9b	2026-08-14T23:56:03Z		Canonical queue drain | fit A | GitHub MASTER dedupe passed	http://www.karasvacationrentals.com/	karasvacationrentals@gmail.com		https://www.instagram.com/karasvacationrentals/							High	Verified	https://explore.overturemaps.org/#id=a99003c2-8459-421f-a1ed-636da6b83d9b; https://kvrgalveston.com/	Public Overture site+email; zero-HTTP V6 cheap-screen. Final MASTER dedupe/QA required.				overture:a99003c2-8459-421f-a1ed-636da6b83d9b	karasvacationrentals.com	19365826976	karas vacation rentals management	Galveston	USA	HIGH	domain:karasvacationrentals.com
	A	91	West Vancouver	Canada	Jerry Wang Property Management		property_management	1546 Marine Dr	+16046792222								overture:10cfae24-cce8-4858-92d0-bfdc611ac743	2026-08-14T23:56:03Z		Canonical queue drain | fit A | GitHub MASTER dedupe passed	http://jerryrental.ca/	jerrywang87@gmail.com		https://www.instagram.com/wix/							High	Verified	https://explore.overturemaps.org/#id=10cfae24-cce8-4858-92d0-bfdc611ac743; https://www.jerryrental.ca/	Public Overture site+email; zero-HTTP V6 cheap-screen. Final MASTER dedupe/QA required.				overture:10cfae24-cce8-4858-92d0-bfdc611ac743	jerryrental.ca	16046792222	jerry wang property management	West Vancouver	Canada	HIGH	domain:jerryrental.ca
	A	91	Dallas	USA	Healy Property Management		property_management	100 Crescent Ct	+12144897070								overture:2494c0e6-5dc5-458f-abd7-8bbe53f98260	2026-08-14T23:56:03Z		Canonical queue drain | fit A | GitHub MASTER dedupe passed	http://HealyGlobal.com/	connect@healyglobal.com		https://www.instagram.com/getlwolf/							Medium	Recall-first	https://explore.overturemaps.org/#id=2494c0e6-5dc5-458f-abd7-8bbe53f98260; https://propertybase.lwolf.com	Public Overture site+email; zero-HTTP V6 cheap-screen. Final MASTER dedupe/QA required.				overture:2494c0e6-5dc5-458f-abd7-8bbe53f98260	healyglobal.com	12144897070	healy property management	Dallas	USA	MEDIUM	domain:healyglobal.com
	A	91	Buda	USA	Havenpoint Property Management		real_estate_agent	1645 Main St Ste A	(512) 618-5870								overture:c1fadd35-6c62-446d-8ebe-25aa49cac03e	2026-08-14T23:56:03Z		Canonical queue drain | fit A | GitHub MASTER dedupe passed	http://havenpointpropertymanagement.com	havenpointpm@gmail.com		https://www.instagram.com/havenpointhm/							Medium	Recall-first	https://explore.overturemaps.org/#id=c1fadd35-6c62-446d-8ebe-25aa49cac03e; https://havenpointlbi.com/	Public Overture site+email; zero-HTTP V6 cheap-screen. Final MASTER dedupe/QA required.				overture:c1fadd35-6c62-446d-8ebe-25aa49cac03e	havenpointpropertymanagement.com	5126185870	havenpoint property management	Buda	USA	MEDIUM	domain:havenpointpropertymanagement.com
	A	91	Solana Beach	USA	Dave Stubbs Vacation Rentals		holiday_rental_home	614 S Sierra Ave	+18587927368								overture:85e40ac5-ad9b-4463-a374-0f16ef130904	2026-08-14T23:56:03Z		Canonical queue drain | fit A | GitHub MASTER dedupe passed	http://www.DaveStubbs.com/	vacations@davestubbs.com		https://www.instagram.com/stubbsrealestateinc/							High	Verified	https://explore.overturemaps.org/#id=85e40ac5-ad9b-4463-a374-0f16ef130904; https://www.gostubbs.com/	Public Overture site+email; zero-HTTP V6 cheap-screen. Final MASTER dedupe/QA required.				overture:85e40ac5-ad9b-4463-a374-0f16ef130904	davestubbs.com	18587927368	dave stubbs vacation rentals	Solana Beach	USA	HIGH	domain:davestubbs.com
	A	91	Oxnard	USA	The Mediterranean Beach Vacation Rental		lodging	1400 Ocean Dr	+18058009844								overture:e35ade54-a5ee-4e08-93d2-0cd1cda1b32f	2026-08-14T23:56:03Z		Canonical queue drain | fit A | GitHub MASTER dedupe passed	https://chicbeachvacations.com/	book@chicbeachvacations.com		https://www.instagram.com/chicbeachvacations/							High	Verified	https://explore.overturemaps.org/#id=e35ade54-a5ee-4e08-93d2-0cd1cda1b32f; https://chicbeachvacay.com	Public Overture site+email; zero-HTTP V6 cheap-screen. Final MASTER dedupe/QA required.				overture:e35ade54-a5ee-4e08-93d2-0cd1cda1b32f	chicbeachvacations.com	18058009844	the mediterranean beach vacation rental	Oxnard	USA	HIGH	domain:chicbeachvacations.com
	A	91	Calgary	Canada	Jade Griswold, Calgary Realtor, Residential and Property Management Services		real_estate_agent	6204b Burbank Rd SE	+14038705216								overture:9a38b2c2-7206-4e79-8f38-bd5fbd913b3d	2026-08-14T23:56:03Z		Canonical queue drain | fit A | GitHub MASTER dedupe passed	https://www.calgaryconcierge.ca/	jcoultman@gmail.com		https://www.instagram.com/calgary_concierge/							High	Verified	https://explore.overturemaps.org/#id=9a38b2c2-7206-4e79-8f38-bd5fbd913b3d; https://www.calgaryconcierge.ca/	Public Overture site+email; zero-HTTP V6 cheap-screen. Final MASTER dedupe/QA required.				overture:9a38b2c2-7206-4e79-8f38-bd5fbd913b3d	calgaryconcierge.ca	14038705216	jade griswold calgary realtor residential and property management services	Calgary	Canada	HIGH	domain:calgaryconcierge.ca
	A	91	Hemet	USA	Active Property Management		property_management	3980 W Florida Ave	+19516520906								overture:16f83749-0f10-4959-9f43-077e3b18f6e0	2026-08-14T23:56:03Z		Canonical queue drain | fit A | GitHub MASTER dedupe passed	http://www.activepropertymanagement.net/	rent@activepropertymanagement.net		https://www.instagram.com/ryconnpropertymanagement/							High	Verified	https://explore.overturemaps.org/#id=16f83749-0f10-4959-9f43-077e3b18f6e0; https://www.ryconn.com/active/	Public Overture site+email; zero-HTTP V6 cheap-screen. Final MASTER dedupe/QA required.				overture:16f83749-0f10-4959-9f43-077e3b18f6e0	activepropertymanagement.net	19516520906	active property management	Hemet	USA	HIGH	domain:activepropertymanagement.net
	A	91	Avila Beach	USA	Seven Sisters Vacation Rentals		holiday_rental_home	435 1st St	+18059006000								overture:1f6738a3-ec70-4a2a-babc-a49a8c791f50	2026-08-14T23:56:03Z		Canonical queue drain | fit A | GitHub MASTER dedupe passed	http://www.7svr.com/	info@7svr.com		https://www.instagram.com/sevensistersvacationrentals/							High	Verified	https://explore.overturemaps.org/#id=1f6738a3-ec70-4a2a-babc-a49a8c791f50; https://sevensvr.com/	Public Overture site+email; zero-HTTP V6 cheap-screen. Final MASTER dedupe/QA required.				overture:1f6738a3-ec70-4a2a-babc-a49a8c791f50	7svr.com	18059006000	seven sisters vacation rentals	Avila Beach	USA	HIGH	domain:7svr.com
	A	91	Rockwall	USA	Avila | Rylander Group - Property Management - Keller Williams		real_estate_service	550 Vigor Way	+14693807433								overture:bff24e06-923b-4d8d-ae09-55339fbef62b	2026-08-14T23:56:03Z		Canonical queue drain | fit A | GitHub MASTER dedupe passed	http://2arealtygroup.com/	jorge@2arealtygroup.com		https://www.instagram.com/jorge.avila.realtor/							High	Verified	https://explore.overturemaps.org/#id=bff24e06-923b-4d8d-ae09-55339fbef62b; https://2arealty.com	Public Overture site+email; zero-HTTP V6 cheap-screen. Final MASTER dedupe/QA required.				overture:bff24e06-923b-4d8d-ae09-55339fbef62b	2arealtygroup.com	14693807433	avila rylander group property management keller williams	Rockwall	USA	HIGH	domain:2arealtygroup.com
	B	78		United Kingdom	Wellington Museum		hotel										Q7981445	2026-08-16T20:50:44.772214Z		Canonical queue drain | fit B | GitHub MASTER dedupe passed	http://www.wellingtonmuseum.org.uk/	info@wellingtonmuseum.org.uk	https://www.wellingtonmuseum.org.uk/about-us		https://www.facebook.com/profile.php/						Medium	Recall-first	http://www.wikidata.org/entity/Q7981445; https://www.wellingtonmuseum.org.uk/	Wikidata structured evidence; country=Q145; class=Q27686; official website property P856. Public business email recovered from first-party website; no inference.				q7981445	wellingtonmuseum.org.uk		wellington museum		United Kingdom	MEDIUM	domain:wellingtonmuseum.org.uk
	B	78		United Kingdom	The Three Crowns Hotel		hotel										Q7768971	2026-08-16T20:50:44.772214Z		Canonical queue drain | fit B | GitHub MASTER dedupe passed	http://threecrowns-chagford.co.uk/		https://threecrowns-chagford.co.uk/about/	https://www.instagram.com/three_crowns_chagford/	https://www.facebook.com/ThreeCrownsChagford/						High	Verified	http://www.wikidata.org/entity/Q7768971; https://threecrowns-chagford.co.uk/	Wikidata structured evidence; country=Q145; class=Q27686; official website property P856.				q7768971	threecrowns-chagford.co.uk		the three crowns hotel		United Kingdom	HIGH	domain:threecrowns-chagford.co.uk
	B	78		United Kingdom	Swan Hotel		hotel										Q17545163	2026-08-16T20:50:44.772214Z		Canonical queue drain | fit B | GitHub MASTER dedupe passed	https://theswanstafford.co.uk		https://theswanstafford.co.uk/about-us/	https://www.instagram.com/theswanstafford/	https://www.facebook.com/theswanstafford/						High	Verified	http://www.wikidata.org/entity/Q17545163; https://theswanstafford.co.uk/; https://theswanstafford.co.uk	Wikidata structured evidence; country=Q145; class=Q27686; official website property P856.				q17545163	theswanstafford.co.uk		swan hotel		United Kingdom	HIGH	domain:theswanstafford.co.uk
	B	78		United Kingdom	Savoy Hotel		hotel										Q746639	2026-08-16T20:50:44.772214Z		Canonical queue drain | fit B | GitHub MASTER dedupe passed	https://www.thesavoylondon.com/		https://www.thesavoylondon.com/about	https://www.instagram.com/thesavoylondon/	https://www.facebook.com/FairmontSavoy/						High	Verified	http://www.wikidata.org/entity/Q746639; https://www.thesavoylondon.com/	Wikidata structured evidence; country=Q145; class=Q27686; official website property P856.				q746639	thesavoylondon.com		savoy hotel		United Kingdom	HIGH	domain:thesavoylondon.com
	B	78		United Kingdom	The Ritz London		hotel										Q1481002	2026-08-16T20:50:44.772214Z		Canonical queue drain | fit B | GitHub MASTER dedupe passed	http://www.theritzlondon.com/		https://www.theritzlondon.com/contact-us/	https://www.instagram.com/theritzlondon/	https://www.facebook.com/theritzlondon/						High	Verified	http://www.wikidata.org/entity/Q1481002; https://www.theritzlondon.com/	Wikidata structured evidence; country=Q145; class=Q27686; official website property P856.				q1481002	theritzlondon.com		the ritz london		United Kingdom	HIGH	domain:theritzlondon.com
	B	78		United Kingdom	The Reefs Hotel & Club		hotel										Q7760009	2026-08-16T20:50:44.772214Z		Canonical queue drain | fit B | GitHub MASTER dedupe passed	http://www.thereefs.com/		https://www.thereefs.com/contact-us	https://www.instagram.com/thereefs/	https://www.facebook.com/TheReefsBermuda/						High	Verified	http://www.wikidata.org/entity/Q7760009; https://www.thereefs.com/	Wikidata structured evidence; country=Q145; class=Q27686; official website property P856.				q7760009	thereefs.com		the reefs hotel club		United Kingdom	HIGH	domain:thereefs.com
	B	78		United Kingdom	The Olde Bell		hotel										Q7754948	2026-08-16T20:50:44.772214Z		Canonical queue drain | fit B | GitHub MASTER dedupe passed	https://www.theoldebell.co.uk/		https://www.theoldebell.co.uk/about-us/	https://www.instagram.com/the_olde_bell/	https://www.facebook.com/theoldebell/						High	Verified	http://www.wikidata.org/entity/Q7754948; https://www.theoldebell.co.uk/	Wikidata structured evidence; country=Q145; class=Q27686; official website property P856.				q7754948	theoldebell.co.uk		the olde bell		United Kingdom	HIGH	domain:theoldebell.co.uk
	B	78		United Kingdom	The Lovat Hotel		hotel										Q13529038	2026-08-16T20:50:44.772214Z		Canonical queue drain | fit B | GitHub MASTER dedupe passed	http://www.thelovat.com/		https://thelovat.com/about-us/	https://www.instagram.com/thelovatlochness/	https://www.facebook.com/thelovathotel/						Medium	Recall-first	http://www.wikidata.org/entity/Q13529038; https://thelovat.com/	Wikidata structured evidence; country=Q145; class=Q27686; official website property P856.				q13529038	thelovat.com		the lovat hotel		United Kingdom	MEDIUM	domain:thelovat.com
	B	78		United Kingdom	The Fairmont Hamilton Princess		hotel										Q7733114	2026-08-16T20:50:44.772214Z		Canonical queue drain | fit B | GitHub MASTER dedupe passed	http://thehamiltonprincess.com/		https://www.thehamiltonprincess.com/meetings-events/group-reservations/	https://www.instagram.com/PrincessBermuda/	https://www.facebook.com/PrincessBermuda/						High	Verified	http://www.wikidata.org/entity/Q7733114; https://www.thehamiltonprincess.com/	Wikidata structured evidence; country=Q145; class=Q27686; official website property P856.				q7733114	thehamiltonprincess.com		the fairmont hamilton princess		United Kingdom	HIGH	domain:thehamiltonprincess.com
	B	78		United Kingdom	Goring Hotel		hotel										Q609981	2026-08-16T20:50:44.772214Z		Canonical queue drain | fit B | GitHub MASTER dedupe passed	http://www.thegoring.com/		https://www.thegoring.com/about/	https://www.instagram.com/thegoring/	https://www.facebook.com/TheGoring/						High	Verified	http://www.wikidata.org/entity/Q609981; https://www.thegoring.com/	Wikidata structured evidence; country=Q145; class=Q27686; official website property P856.				q609981	thegoring.com		goring hotel		United Kingdom	HIGH	domain:thegoring.com
	B	78		United Kingdom	The Bentley London		hotel										Q13529117	2026-08-16T20:50:44.772214Z		Canonical queue drain | fit B | GitHub MASTER dedupe passed	http://www.thebentley-hotel.com/		https://thebentley-hotel.com/contact/location.html	https://www.instagram.com/thebentleylondonhotel/	https://www.facebook.com/THEBENTLEYLONDON/						High	Verified	http://www.wikidata.org/entity/Q13529117; http://www.thebentley-hotel.com/	Wikidata structured evidence; country=Q145; class=Q27686; official website property P856.				q13529117	thebentley-hotel.com		the bentley london		United Kingdom	HIGH	domain:thebentley-hotel.com
	B	78		United Kingdom	Angel Hotel		hotel										Q17545359	2026-08-16T20:50:44.772214Z		Canonical queue drain | fit B | GitHub MASTER dedupe passed	https://www.theangel.co.uk	reservations@theangel.co.uk	https://www.theangel.co.uk/contact/	https://www.instagram.com/angel_hotel_bury/							High	Verified	http://www.wikidata.org/entity/Q17545359; https://www.theangel.co.uk/; https://www.theangel.co.uk/contact/	Wikidata structured evidence; country=Q145; class=Q27686; official website property P856. Public business email recovered from first-party website; no inference.				q17545359	theangel.co.uk		angel hotel		United Kingdom	HIGH	domain:theangel.co.uk
	B	78		United Kingdom	10 Trinity Square		hotel										Q7699363	2026-08-16T20:50:44.772214Z		Canonical queue drain | fit B | GitHub MASTER dedupe passed	https://www.tentrinitysquare.com/	reception@tentrinitysquare.com	https://www.tentrinitysquare.com/contact/	https://www.instagram.com/tentrinitysquareclub/							High	Verified	http://www.wikidata.org/entity/Q7699363; https://www.tentrinitysquare.com/	Wikidata structured evidence; country=Q145; class=Q27686; official website property P856. Public business email recovered from first-party website; no inference.				q7699363	tentrinitysquare.com		10 trinity square		United Kingdom	HIGH	domain:tentrinitysquare.com
	B	78		United Kingdom	Rufflets Hotel		hotel										Q7377929	2026-08-16T20:50:44.772214Z		Canonical queue drain | fit B | GitHub MASTER dedupe passed	https://www.rufflets.co.uk/	reservations@rufflets.co.uk	https://www.rufflets.co.uk/about-rufflets/	https://www.instagram.com/ruffletshotel/							High	Verified	http://www.wikidata.org/entity/Q7377929; https://www.rufflets.co.uk/	Wikidata structured evidence; country=Q145; class=Q27686; official website property P856. Public business email recovered from first-party website; no inference.				q7377929	rufflets.co.uk		rufflets hotel		United Kingdom	HIGH	domain:rufflets.co.uk
	B	78		United Kingdom	Roseate Reading Hotel		hotel										Q7734747	2026-08-16T20:50:44.772214Z		Canonical queue drain | fit B | GitHub MASTER dedupe passed	https://www.roseatehotels.com/reading/theroseate/		https://www.roseatehotels.com/reading/theroseate/reservations/	https://www.instagram.com/roseatereading/	https://www.facebook.com/roseatereading/						High	Verified	http://www.wikidata.org/entity/Q7734747; https://www.roseatehotels.com/reading/theroseate/	Wikidata structured evidence; country=Q145; class=Q27686; official website property P856.				q7734747	roseatehotels.com		roseate reading hotel		United Kingdom	HIGH	domain:roseatehotels.com
	B	78		United Kingdom	The Old Bell Hotel and Restaurant		hotel										Q7754804	2026-08-16T20:50:44.772214Z		Canonical queue drain | fit B | GitHub MASTER dedupe passed	https://www.oldbellhotel.co.uk/		https://www.oldbellhotel.co.uk/about-us/	https://www.instagram.com/oldbell_hotel/	https://www.facebook.com/TheOldBellHotel/						High	Verified	http://www.wikidata.org/entity/Q7754804; https://www.oldbellhotel.co.uk/	Wikidata structured evidence; country=Q145; class=Q27686; official website property P856.				q7754804	oldbellhotel.co.uk		the old bell hotel and restaurant		United Kingdom	HIGH	domain:oldbellhotel.co.uk
	B	78		United Kingdom	North Euston Hotel		hotel										Q7055329	2026-08-16T20:50:44.772214Z		Canonical queue drain | fit B | GitHub MASTER dedupe passed	http://www.northeustonhotel.com/	reception@northeustonhotel.com	https://www.northeustonhotel.com/contact/		https://www.facebook.com/northeustonhotel/						High	Verified	http://www.wikidata.org/entity/Q7055329; https://www.northeustonhotel.com/	Wikidata structured evidence; country=Q145; class=Q27686; official website property P856. Public business email recovered from first-party website; no inference.				q7055329	northeustonhotel.com		north euston hotel		United Kingdom	HIGH	domain:northeustonhotel.com
	B	78		United Kingdom	Northcote Manor		hotel										Q7057767	2026-08-16T20:50:44.772214Z		Canonical queue drain | fit B | GitHub MASTER dedupe passed	http://www.northcote.com		https://www.northcote.com/contact-us/	https://www.instagram.com/northcoteuk/	https://www.facebook.com/NorthcoteUK/						High	Verified	http://www.wikidata.org/entity/Q7057767; https://www.northcote.com/	Wikidata structured evidence; country=Q145; class=Q27686; official website property P856.				q7057767	northcote.com		northcote manor		United Kingdom	HIGH	domain:northcote.com
	B	78		United Kingdom	Morston Hall		hotel										Q13529213	2026-08-16T20:50:44.772214Z		Canonical queue drain | fit B | GitHub MASTER dedupe passed	http://www.morstonhall.com/		https://morstonhall.com/about-us/	https://www.instagram.com/morstonhallhotel/	https://www.facebook.com/morstonhallhotel/						High	Verified	http://www.wikidata.org/entity/Q13529213; https://morstonhall.com/	Wikidata structured evidence; country=Q145; class=Q27686; official website property P856.				q13529213	morstonhall.com		morston hall		United Kingdom	HIGH	domain:morstonhall.com
	B	78		United Kingdom	The Mermaid Inn		hotel										Q7751082	2026-08-16T20:50:44.772214Z		Canonical queue drain | fit B | GitHub MASTER dedupe passed	http://www.mermaidinn.com		https://www.mermaidinn.com/about-the-hotel/	https://www.instagram.com/mermaid_inn_rye/	https://www.facebook.com/themermaidinnrye/						High	Verified	http://www.wikidata.org/entity/Q7751082; https://www.mermaidinn.com/	Wikidata structured evidence; country=Q145; class=Q27686; official website property P856.				q7751082	mermaidinn.com		the mermaid inn		United Kingdom	HIGH	domain:mermaidinn.com
	B	78		United Kingdom	The Landmark London		hotel										Q7745419	2026-08-16T20:50:44.772214Z		Canonical queue drain | fit B | GitHub MASTER dedupe passed	http://www.landmarklondon.co.uk/		https://www.landmarklondon.co.uk/about/	https://www.instagram.com/the_landmark_london/	https://www.facebook.com/TheLandmarkLondon/						High	Verified	http://www.wikidata.org/entity/Q7745419; https://www.landmarklondon.co.uk/	Wikidata structured evidence; country=Q145; class=Q27686; official website property P856.				q7745419	landmarklondon.co.uk		the landmark london		United Kingdom	HIGH	domain:landmarklondon.co.uk
	B	78		United Kingdom	The Kings Arms Hotel		hotel										Q17539966	2026-08-16T20:50:44.772214Z		Canonical queue drain | fit B | GitHub MASTER dedupe passed	https://www.kings-arms-hotel.com/		https://www.kings-arms-hotel.com/contact/	https://www.instagram.com/kingsarmsoldamersham/	https://www.facebook.com/KingsArmsHotelAmersham/						High	Verified	http://www.wikidata.org/entity/Q17539966; https://www.kings-arms-hotel.com/	Wikidata structured evidence; country=Q145; class=Q27686; official website property P856.				q17539966	kings-arms-hotel.com		the kings arms hotel		United Kingdom	HIGH	domain:kings-arms-hotel.com
	B	78		United Kingdom	Jamaica Inn		hotel										Q1328052	2026-08-16T20:50:44.772214Z		Canonical queue drain | fit B | GitHub MASTER dedupe passed	https://www.jamaicainn.co.uk	enquiry@jamaicainn.co.uk	https://jamaicainn.co.uk/about-us/		https://www.facebook.com/JamaicaInnCornwall/						High	Verified	http://www.wikidata.org/entity/Q1328052; https://jamaicainn.co.uk/	Wikidata structured evidence; country=Q145; class=Q27686; official website property P856. Public business email recovered from first-party website; no inference.				q1328052	jamaicainn.co.uk		jamaica inn		United Kingdom	HIGH	domain:jamaicainn.co.uk
	B	78		United Kingdom	Inverlochy Castle Hotel		hotel										Q6060140	2026-08-16T20:50:44.772214Z		Canonical queue drain | fit B | GitHub MASTER dedupe passed	https://inverlochycastlehotel.com/		https://www.inverlochycastlehotel.com/about	https://www.instagram.com/inverlochycastlehotel/	https://www.facebook.com/inverlochycastlehotel/						High	Verified	http://www.wikidata.org/entity/Q6060140; https://www.inverlochycastlehotel.com/	Wikidata structured evidence; country=Q145; class=Q27686; official website property P856.				q6060140	inverlochycastlehotel.com		inverlochy castle hotel		United Kingdom	HIGH	domain:inverlochycastlehotel.com
	B	78		United Kingdom	Hotel Café Royal		hotel										Q5017262	2026-08-16T20:50:44.772214Z		Canonical queue drain | fit B | GitHub MASTER dedupe passed	https://www.hotelcaferoyal.com/		https://www.hotelcaferoyal.com/reservations/	https://www.instagram.com/hotelcaferoyal/	https://www.facebook.com/HotelCafeRoyal/						High	Verified	http://www.wikidata.org/entity/Q5017262; https://www.hotelcaferoyal.com/	Wikidata structured evidence; country=Q145; class=Q27686; official website property P856.				q5017262	hotelcaferoyal.com		hotel cafe royal		United Kingdom	HIGH	domain:hotelcaferoyal.com
	B	78		United Kingdom	Half Moon		hotel										Q16707737	2026-08-16T20:50:44.772214Z		Canonical queue drain | fit B | GitHub MASTER dedupe passed	https://www.halfmoonhernehill.co.uk/		https://www.halfmoonhernehill.co.uk/about	https://www.instagram.com/thehalfmoonpub/	https://www.facebook.com/282082798844198/						High	Verified	http://www.wikidata.org/entity/Q16707737; https://www.halfmoonhernehill.co.uk/	Wikidata structured evidence; country=Q145; class=Q27686; official website property P856.				q16707737	halfmoonhernehill.co.uk		half moon		United Kingdom	HIGH	domain:halfmoonhernehill.co.uk
	B	78		United Kingdom	Gidleigh Park		hotel										Q5559720	2026-08-16T20:50:44.772214Z		Canonical queue drain | fit B | GitHub MASTER dedupe passed	http://www.gidleigh.co.uk/	info@gidleigh.co.uk		https://www.instagram.com/gidleighpark/	https://www.facebook.com/GidleighPark/						High	Verified	http://www.wikidata.org/entity/Q5559720; https://gidleigh.co.uk/	Wikidata structured evidence; country=Q145; class=Q27686; official website property P856. Public business email recovered from first-party website; no inference.				q5559720	gidleigh.co.uk		gidleigh park		United Kingdom	HIGH	domain:gidleigh.co.uk
	B	78		United Kingdom	Francis Hotel		hotel										Q5481326	2026-08-16T20:50:44.772214Z		Canonical queue drain | fit B | GitHub MASTER dedupe passed	http://francishotel.com		https://www.francishotel.com/about-us/	https://www.instagram.com/francishotelbath/	https://www.facebook.com/FrancisBathHotel/						High	Verified	http://www.wikidata.org/entity/Q5481326; https://www.francishotel.com/	Wikidata structured evidence; country=Q145; class=Q27686; official website property P856.				q5481326	francishotel.com		francis hotel		United Kingdom	HIGH	domain:francishotel.com
	B	78		United Kingdom	Soho Hotel		hotel										Q7554756	2026-08-16T20:50:44.772214Z		Canonical queue drain | fit B | GitHub MASTER dedupe passed	https://www.firmdalehotels.com/hotels/london/the-soho-hotel/		https://www.firmdalehotels.com/contact-us	https://www.instagram.com/firmdale_hotels/	https://www.facebook.com/FirmdaleHotels/						High	Verified	http://www.wikidata.org/entity/Q7554756; https://www.firmdalehotels.com/hotels/the-soho-hotel	Wikidata structured evidence; country=Q145; class=Q27686; official website property P856.				q7554756	firmdalehotels.com		soho hotel		United Kingdom	HIGH	domain:firmdalehotels.com
	B	78		United Kingdom	The Manor House		hotel										Q6751348	2026-08-16T20:50:44.772214Z		Canonical queue drain | fit B | GitHub MASTER dedupe passed	https://www.exclusive.co.uk/the-manor-house/		https://www.exclusive.co.uk/contact-us/	https://www.instagram.com/themanor_house/	https://www.facebook.com/ExclusiveTheManorHouse/						High	Verified	http://www.wikidata.org/entity/Q6751348; https://www.exclusive.co.uk/the-manor-house/	Wikidata structured evidence; country=Q145; class=Q27686; official website property P856.				q6751348	exclusive.co.uk		the manor house		United Kingdom	HIGH	domain:exclusive.co.uk
	B	78		United Kingdom	The George Hotel		hotel										Q17543163	2026-08-16T20:50:44.772214Z		Canonical queue drain | fit B | GitHub MASTER dedupe passed	https://www.everbrightgrouphotels.com/the-george-hotel		https://www.everbrightgrouphotels.com/the-george-hotel-contact-us	https://www.instagram.com/georgepenrith1/	https://www.facebook.com/GeorgeHotelPenrith/						High	Verified	http://www.wikidata.org/entity/Q17543163; https://www.everbrightgrouphotels.com/the-george-hotel	Wikidata structured evidence; country=Q145; class=Q27686; official website property P856.				q17543163	everbrightgrouphotels.com		the george hotel		United Kingdom	HIGH	domain:everbrightgrouphotels.com
	B	78		United Kingdom	The Eliott Hotel		hotel										Q7071695	2026-08-16T20:50:44.772214Z		Canonical queue drain | fit B | GitHub MASTER dedupe passed	https://www.eliotthotel.com/		https://www.eliotthotel.com/about-us/	https://www.instagram.com/theeliottgibraltar/	https://www.facebook.com/eliotthotel/						Medium	Recall-first	http://www.wikidata.org/entity/Q7071695; https://www.eliotthotel.com/	Wikidata structured evidence; country=Q145; class=Q27686; official website property P856.				q7071695	eliotthotel.com		the eliott hotel		United Kingdom	MEDIUM	domain:eliotthotel.com
	B	78		United Kingdom	Cranage Hall		hotel										Q5181877	2026-08-16T20:50:44.772214Z		Canonical queue drain | fit B | GitHub MASTER dedupe passed	https://www.devere.co.uk/cranage-estate/		https://www.devere.co.uk/cranage-estate/contact	https://www.instagram.com/devere_hotels/	https://www.facebook.com/DeVereHotels/						High	Verified	http://www.wikidata.org/entity/Q5181877; https://www.devere.co.uk/cranage-estate	Wikidata structured evidence; country=Q145; class=Q27686; official website property P856.				q5181877	devere.co.uk		cranage hall		United Kingdom	HIGH	domain:devere.co.uk
	B	78		United Kingdom	Cringletie		hotel										Q5185742	2026-08-16T20:50:44.772214Z		Canonical queue drain | fit B | GitHub MASTER dedupe passed	https://www.cringletie.com/		https://www.cringletie.com/about-us/careers	https://www.instagram.com/cringletie/	https://www.facebook.com/cringletie/						High	Verified	http://www.wikidata.org/entity/Q5185742; https://www.cringletie.com/	Wikidata structured evidence; country=Q145; class=Q27686; official website property P856.				q5185742	cringletie.com		cringletie		United Kingdom	HIGH	domain:cringletie.com
	B	78		United Kingdom	Courthouse Hotel		hotel										Q5178513	2026-08-16T20:50:44.772214Z		Canonical queue drain | fit B | GitHub MASTER dedupe passed	http://www.courthouse-hotel.com/	reservations@courthouse-hotel.com	https://www.courthouse-hotel.com/contact/	https://www.instagram.com/courthousehotellondon/							High	Verified	http://www.wikidata.org/entity/Q5178513; https://www.courthouse-hotel.com/; https://www.courthouse-hotel.com/contact/	Wikidata structured evidence; country=Q145; class=Q27686; official website property P856. Public business email recovered from first-party website; no inference.				q5178513	courthouse-hotel.com		courthouse hotel		United Kingdom	HIGH	domain:courthouse-hotel.com
	B	78		United Kingdom	Mottram Hall		hotel										Q6918696	2026-08-16T20:50:44.772214Z		Canonical queue drain | fit B | GitHub MASTER dedupe passed	https://www.champneys.com/hotels/mottram-hall/		https://www.champneys.com/about.html	https://www.instagram.com/champneysspas/	https://www.facebook.com/ChampneysResorts/						High	Verified	http://www.wikidata.org/entity/Q6918696; https://www.champneys.com/hotels/mottram-hall/	Wikidata structured evidence; country=Q145; class=Q27686; official website property P856.				q6918696	champneys.com		mottram hall		United Kingdom	HIGH	domain:champneys.com
	B	78		United Kingdom	Castle Hotel		hotel										Q5050148	2026-08-16T20:50:44.772214Z		Canonical queue drain | fit B | GitHub MASTER dedupe passed	http://www.castlewales.co.uk/		https://castlewales.co.uk/about-us/	https://www.instagram.com/castlehotelconwy/	https://www.facebook.com/castlehotelconwy/						High	Verified	http://www.wikidata.org/entity/Q5050148; https://castlewales.co.uk/	Wikidata structured evidence; country=Q145; class=Q27686; official website property P856.				q5050148	castlewales.co.uk		castle hotel		United Kingdom	HIGH	domain:castlewales.co.uk
	B	78		United Kingdom	Butlins Bognor Regis		resort										Q5002722	2026-08-16T20:50:44.772214Z		Canonical queue drain | fit B | GitHub MASTER dedupe passed	http://www.butlins.com/resorts/bognor-regis/		https://www.butlins.com/about-us	https://www.instagram.com/officialbutlins/	https://www.facebook.com/butlins/						High	Verified	http://www.wikidata.org/entity/Q5002722; https://www.butlins.com/resorts/bognor-regis	Wikidata structured evidence; country=Q145; class=Q875157; official website property P856.				q5002722	butlins.com		butlins bognor regis		United Kingdom	HIGH	domain:butlins.com
	B	78		United Kingdom	Old Hall Hotel, Sandbach		hotel										Q7084164	2026-08-16T20:50:44.772214Z		Canonical queue drain | fit B | GitHub MASTER dedupe passed	https://www.brunningandprice.co.uk/oldhall/		https://www.brunningandprice.co.uk/oldhall/contact/	https://www.instagram.com/oldhallpub/	https://www.facebook.com/280221318656875/						Medium	Recall-first	http://www.wikidata.org/entity/Q7084164; https://www.brunningandprice.co.uk/oldhall/	Wikidata structured evidence; country=Q145; class=Q27686; official website property P856.				q7084164	brunningandprice.co.uk		old hall hotel sandbach		United Kingdom	MEDIUM	domain:brunningandprice.co.uk
	B	78		United Kingdom	Aurora Anguilla		hotel										Q5192754	2026-08-16T20:50:44.772214Z		Canonical queue drain | fit B | GitHub MASTER dedupe passed	https://www.auroraanguilla.com/		https://www.auroraanguilla.com/about-us/	https://www.instagram.com/auroraanguilla/	https://www.facebook.com/auroraanguilla/						High	Verified	http://www.wikidata.org/entity/Q5192754; https://www.auroraanguilla.com/	Wikidata structured evidence; country=Q145; class=Q27686; official website property P856.				q5192754	auroraanguilla.com		aurora anguilla		United Kingdom	HIGH	domain:auroraanguilla.com
	B	78		Canada	Château Albert		hotel										Q112692715	2026-08-16T20:50:04.397001Z		Canonical queue drain | fit B | GitHub MASTER dedupe passed	https://villagehistoriqueacadien.com/en/hotel		https://villagehistoriqueacadien.com	https://www.instagram.com/village_acadien/	https://www.facebook.com/villagehistoriqueacadien/						High	Verified	http://www.wikidata.org/entity/Q112692715; https://villagehistoriqueacadien.com/en/	Wikidata structured evidence; country=Q16; class=Q27686; official website property P856.				q112692715	villagehistoriqueacadien.com		chateau albert		Canada	HIGH	domain:villagehistoriqueacadien.com
	B	78		Canada	Tweedsmuir Park Lodge		resort										Q136431793	2026-08-16T20:50:04.397001Z		Canonical queue drain | fit B | GitHub MASTER dedupe passed	https://www.tweedsmuirparklodge.com/		https://www.tweedsmuirparklodge.com/about-us/	https://www.instagram.com/tweedsmuirparklodge/	https://www.facebook.com/tweedsmuirparklodge/						High	Verified	http://www.wikidata.org/entity/Q136431793; https://www.tweedsmuirparklodge.com/	Wikidata structured evidence; country=Q16; class=Q875157; official website property P856.				q136431793	tweedsmuirparklodge.com		tweedsmuir park lodge		Canada	HIGH	domain:tweedsmuirparklodge.com
	B	78		Canada	Star of the Sea Bed and Breakfast		hotel										Q138009119	2026-08-16T20:50:04.397001Z		Canonical queue drain | fit B | GitHub MASTER dedupe passed	https://www.staroftheseabandb.ca/	staroftheseabnb@gmail.com	https://www.staroftheseabandb.ca/book-now		https://www.facebook.com/Star-of-the-Sea-Bed-Breakfast-232103090248010/						Permissive	Qualification	http://www.wikidata.org/entity/Q138009119; https://www.staroftheseabandb.ca/	Wikidata structured evidence; country=Q16; class=Q27686; official website property P856. Public business email recovered from first-party website; no inference.				q138009119	staroftheseabandb.ca		star of the sea bed and breakfast		Canada	PERMISSIVE	domain:staroftheseabandb.ca
	B	78		Canada	Snow Lake Motor Inn		hotel										Q135550540	2026-08-16T20:50:04.397001Z		Canonical queue drain | fit B | GitHub MASTER dedupe passed	https://www.snowlakemotorinn.com/	snowlakemotorinn@gmail.com	https://www.snowlakemotorinn.com/contactus		https://www.facebook.com/groups/143085709035568/about/						Medium	Recall-first	http://www.wikidata.org/entity/Q135550540; https://www.snowlakemotorinn.com/	Wikidata structured evidence; country=Q16; class=Q27686; official website property P856. Public business email recovered from first-party website; no inference.				q135550540	snowlakemotorinn.com		snow lake motor inn		Canada	MEDIUM	domain:snowlakemotorinn.com
	B	78		Canada	River Rock Casino Resort		hotel										Q7337769	2026-08-16T20:50:04.397001Z		Canonical queue drain | fit B | GitHub MASTER dedupe passed	https://riverrock.com/		https://riverrock.com/gordon-ramsay-steak-about/	https://www.instagram.com/riverrockcasinoresort/	https://www.facebook.com/RiverRockCasinoResort/						High	Verified	http://www.wikidata.org/entity/Q7337769; https://riverrock.com/	Wikidata structured evidence; country=Q16; class=Q27686; official website property P856.				q7337769	riverrock.com		river rock casino resort		Canada	HIGH	domain:riverrock.com
	B	78		Canada	Pinnacle Hotel at the Pier		hotel										Q55832450	2026-08-16T20:50:04.397001Z		Canonical queue drain | fit B | GitHub MASTER dedupe passed	https://www.pinnaclepierhotel.com/		https://pinnaclepierhotel.com/contact/	https://www.instagram.com/pinnaclepierhotel/	https://www.facebook.com/PinnaclePierHotel/						High	Verified	http://www.wikidata.org/entity/Q55832450; https://pinnaclepierhotel.com/	Wikidata structured evidence; country=Q16; class=Q27686; official website property P856.				q55832450	pinnaclepierhotel.com		pinnacle hotel at the pier		Canada	HIGH	domain:pinnaclepierhotel.com
	B	78		Canada	Opus Hotel		hotel										Q111231447	2026-08-16T20:50:04.397001Z		Canonical queue drain | fit B | GitHub MASTER dedupe passed	https://www.opushotel.com/		https://opushotel.com/reservation-policy/	https://www.instagram.com/opusvancouver/	https://www.facebook.com/opusvancouver/						Medium	Recall-first	http://www.wikidata.org/entity/Q111231447; https://opushotel.com/	Wikidata structured evidence; country=Q16; class=Q27686; official website property P856.				q111231447	opushotel.com		opus hotel		Canada	MEDIUM	domain:opushotel.com
	B	78		Canada	Old Mill Toronto		hotel										Q7084525	2026-08-16T20:50:04.397001Z		Canonical queue drain | fit B | GitHub MASTER dedupe passed	https://www.oldmilltoronto.com/		https://www.oldmilltoronto.com/about-us/	https://www.instagram.com/oldmilltoronto/	https://www.facebook.com/oldmilltoronto/						Medium	Recall-first	http://www.wikidata.org/entity/Q7084525; https://www.oldmilltoronto.com/	Wikidata structured evidence; country=Q16; class=Q27686; official website property P856.				q7084525	oldmilltoronto.com		old mill toronto		Canada	MEDIUM	domain:oldmilltoronto.com
	B	78		Canada	Queen Anne Inn		hotel										Q105945315	2026-08-16T20:50:04.397001Z		Canonical queue drain | fit B | GitHub MASTER dedupe passed	https://www.queenanneinn.ns.ca/	contact@queenanneinn.ns.ca	https://www.queenanneinn.ns.ca/AboutUs.html		https://www.facebook.com/Queen-Anne-Inn-Annapolis-Royal-197308017134328/						High	Verified	http://www.wikidata.org/entity/Q105945315; https://www.queenanneinn.ns.ca/	Wikidata structured evidence; country=Q16; class=Q27686; official website property P856. Public business email recovered from first-party website; no inference.				q105945315	ns.ca		queen anne inn		Canada	HIGH	domain:ns.ca
	B	78		Canada	Lord Nelson Hotel		hotel										Q6679821	2026-08-16T20:50:04.397001Z		Canonical queue drain | fit B | GitHub MASTER dedupe passed	https://lordnelsonhotel.ca/		https://reservations.lordnelsonhotel.ca/13607?languageid=EN_US	https://www.instagram.com/lordnelsonhotel/	https://www.facebook.com/Lord.Nelson.Hotel/						High	Verified	http://www.wikidata.org/entity/Q6679821; https://lordnelsonhotel.ca/	Wikidata structured evidence; country=Q16; class=Q27686; official website property P856.				q6679821	lordnelsonhotel.ca		lord nelson hotel		Canada	HIGH	domain:lordnelsonhotel.ca
	B	78		Canada	La Côte Surprise		hotel										Q139859347	2026-08-16T20:50:04.397001Z		Canonical queue drain | fit B | GitHub MASTER dedupe passed	https://www.hotelcotesurprise.com/	reservations@hotelcotesurprise.com	https://www.hotelcotesurprise.com/contact		https://www.facebook.com/hotelcotesurprise/						Medium	Recall-first	http://www.wikidata.org/entity/Q139859347; https://www.hotelcotesurprise.com/	Wikidata structured evidence; country=Q16; class=Q27686; official website property P856. Public business email recovered from first-party website; no inference.				q139859347	hotelcotesurprise.com		la cote surprise		Canada	MEDIUM	domain:hotelcotesurprise.com
	B	78		Canada	The Waldorf Hotel		hotel										Q7773258	2026-08-16T20:50:04.397001Z		Canonical queue drain | fit B | GitHub MASTER dedupe passed	https://www.hotelatthewaldorf.ca/	info@hotelatthewaldorf.ca	https://www.hotelatthewaldorf.ca/contact/		https://www.facebook.com/hotelatthewaldorf/						Medium	Recall-first	http://www.wikidata.org/entity/Q7773258; https://www.hotelatthewaldorf.ca/; https://www.hotelatthewaldorf.ca/contact/	Wikidata structured evidence; country=Q16; class=Q27686; official website property P856. Public business email recovered from first-party website; no inference.				q7773258	hotelatthewaldorf.ca		the waldorf hotel		Canada	MEDIUM	domain:hotelatthewaldorf.ca
	B	78		Canada	Hotel Selkirk		hotel										Q139679754	2026-08-16T20:50:04.397001Z		Canonical queue drain | fit B | GitHub MASTER dedupe passed	https://www.fortedmontonpark.ca/book-with-us/hotel-selkirk		https://www.fortedmontonpark.ca/contact	https://www.instagram.com/fortedmontonpark/	https://www.facebook.com/fortedmontonpark/						High	Verified	http://www.wikidata.org/entity/Q139679754; https://www.fortedmontonpark.ca/book-with-us/hotel-selkirk	Wikidata structured evidence; country=Q16; class=Q27686; official website property P856.				q139679754	fortedmontonpark.ca		hotel selkirk		Canada	HIGH	domain:fortedmontonpark.ca
	B	78		Canada	Fogo Island Inn		hotel										Q113148621	2026-08-16T20:50:04.397001Z		Canonical queue drain | fit B | GitHub MASTER dedupe passed	https://fogoislandinn.ca/		https://fogoislandinn.ca/contact/	https://www.instagram.com/fogoislandinn/	https://www.facebook.com/fogoislandinn/						Medium	Recall-first	http://www.wikidata.org/entity/Q113148621; https://fogoislandinn.ca/	Wikidata structured evidence; country=Q16; class=Q27686; official website property P856.				q113148621	fogoislandinn.ca		fogo island inn		Canada	MEDIUM	domain:fogoislandinn.ca
	B	78		Canada	Hotel Épik Montréal		hotel										Q111392575	2026-08-16T20:50:04.397001Z		Canonical queue drain | fit B | GitHub MASTER dedupe passed	https://www.epikmontreal.com/		https://reservations.epikmontreal.com/search-rates	https://www.instagram.com/epikhotelmontreal/	https://www.facebook.com/epikmontreal/						Medium	Recall-first	http://www.wikidata.org/entity/Q111392575; https://epikmontreal.com/	Wikidata structured evidence; country=Q16; class=Q27686; official website property P856.				q111392575	epikmontreal.com		hotel epik montreal		Canada	MEDIUM	domain:epikmontreal.com
	B	78		Canada	Chateau Lacombe Hotel		hotel										Q5087538	2026-08-16T20:50:04.397001Z		Canonical queue drain | fit B | GitHub MASTER dedupe passed	https://www.chateaulacombe.com	info@chateaulacombe.com	https://www.chateaulacombe.com/contact/	https://www.instagram.com/chateaulacombehotel/							Medium	Recall-first	http://www.wikidata.org/entity/Q5087538; https://www.chateaulacombe.com/; https://www.chateaulacombe.com/contact/	Wikidata structured evidence; country=Q16; class=Q27686; official website property P856. Public business email recovered from first-party website; no inference.				q5087538	chateaulacombe.com		chateau lacombe hotel		Canada	MEDIUM	domain:chateaulacombe.com
	B	78		Canada	Calabogie Peaks		resort										Q5018299	2026-08-16T20:50:04.397001Z		Canonical queue drain | fit B | GitHub MASTER dedupe passed	http://www.calabogie.com/		https://calabogie.com/contact/	https://www.instagram.com/calabogiepeaks/	https://www.facebook.com/calabogiepeaks/						High	Verified	http://www.wikidata.org/entity/Q5018299; https://calabogie.com/	Wikidata structured evidence; country=Q16; class=Q875157; official website property P856.				q5018299	calabogie.com		calabogie peaks		Canada	HIGH	domain:calabogie.com
	B	78		Canada	Best Western Brantford Hotel and Conference Centre		hotel										Q111392442	2026-08-16T20:50:04.397001Z		Canonical queue drain | fit B | GitHub MASTER dedupe passed	https://www.bestwesternbrantford.com/	reservations@bestwesternbrantford.com	https://www.bestwesternbrantford.com/site/about-best-western-brantford		https://www.facebook.com/BestWesternBrantford/						High	Verified	http://www.wikidata.org/entity/Q111392442; https://www.bestwesternbrantford.com/site/home; https://www.bestwesternbrantford.com/site/contact-best-western-brantford	Wikidata structured evidence; country=Q16; class=Q27686; official website property P856. Public business email recovered from first-party website; no inference.				q111392442	bestwesternbrantford.com		best western brantford hotel and conference centre		Canada	HIGH	domain:bestwesternbrantford.com
	B	78		Canada	Le Baluchon Éco-villégiature		resort										Q111392241	2026-08-16T20:50:04.397001Z		Canonical queue drain | fit B | GitHub MASTER dedupe passed	https://baluchon.com/		https://baluchon.com/reservation	https://www.instagram.com/lebaluchon_/	https://www.facebook.com/baluchonecovillegiature/						Medium	Recall-first	http://www.wikidata.org/entity/Q111392241; https://baluchon.com/	Wikidata structured evidence; country=Q16; class=Q875157; official website property P856.				q111392241	baluchon.com		le baluchon eco villegiature		Canada	MEDIUM	domain:baluchon.com
	B	78		Canada	Mount Baldy Ski Area		resort										Q6919591	2026-08-16T20:50:04.397001Z		Canonical queue drain | fit B | GitHub MASTER dedupe passed	https://baldyresort.com/		https://baldyresort.com/contact-us/	https://www.instagram.com/baldymountainresort/	https://www.facebook.com/BaldyMountainResort/						High	Verified	http://www.wikidata.org/entity/Q6919591; https://baldyresort.com/	Wikidata structured evidence; country=Q16; class=Q875157; official website property P856.				q6919591	baldyresort.com		mount baldy ski area		Canada	HIGH	domain:baldyresort.com
	B	78		Canada	Auberge le Parasol		hotel										Q111887203	2026-08-16T20:50:04.397001Z		Canonical queue drain | fit B | GitHub MASTER dedupe passed	https://www.aubergeleparasol.com/		https://aubergeleparasol.com/fr/contact	https://www.instagram.com/aubergeleparasol/	https://www.facebook.com/aubergeleparasol/						Medium	Recall-first	http://www.wikidata.org/entity/Q111887203; https://aubergeleparasol.com/	Wikidata structured evidence; country=Q16; class=Q27686; official website property P856.				q111887203	aubergeleparasol.com		auberge le parasol		Canada	MEDIUM	domain:aubergeleparasol.com
	B	78	Улаанбаатар	MN	Red Rock Resort		hotel	Горхи-Тэрэлж БЦГ, Red rock resort	+97677000111								overture:49b60c23-6074-4d71-af72-dc07c89bde23	2026-08-16T20:36:13.611821Z		Canonical queue drain | fit B | GitHub MASTER dedupe passed	http://www.redrockresort.mn/		https://redrockresort.mn/contact-us/		https://www.facebook.com/RedRockmongolia/						High	Verified	https://explore.overturemaps.org/#id=49b60c23-6074-4d71-af72-dc07c89bde23; https://redrockresort.mn/	Public Overture website; no usable Overture email. First-party public contact crawl required; no inference.				overture:49b60c23-6074-4d71-af72-dc07c89bde23	redrockresort.mn	97677000111	red rock resort	Улаанбаатар	MN	HIGH	domain:redrockresort.mn
	B	78	Ulaanbaatar	MN	Palm Springs resort and villa		hotel	Жаргалантын ам, Хан-Уул дүүрэг, 8 хороо	+97677015000								overture:744fa4cc-fc2b-46a0-abe0-1625a0a9ed96	2026-08-16T20:36:13.611821Z		Canonical queue drain | fit B | GitHub MASTER dedupe passed	http://www.palmsprings.mn/		https://palmsprings.mn/contact-us		https://www.facebook.com/PalmSpringsresortandvilla/						High	Verified	https://explore.overturemaps.org/#id=744fa4cc-fc2b-46a0-abe0-1625a0a9ed96; https://palmsprings.mn/	Public Overture website; no usable Overture email. First-party public contact crawl required; no inference.				overture:744fa4cc-fc2b-46a0-abe0-1625a0a9ed96	palmsprings.mn	97677015000	palm springs resort and villa	Ulaanbaatar	MN	HIGH	domain:palmsprings.mn
	B	78		France	Hôtel Mondial Paris		hotel										Q112154637	2026-08-16T20:33:15.749759Z		Canonical queue drain | fit B | GitHub MASTER dedupe passed	https://www.hotelmondialparis.com	reservation@hotelmondialparis.com	http://www.hotelmondialparis.com/contact-us/				https://www.hotelmondialparis.com/wp-content/plugins/tp-hotel-booking/assets/css/libraries.css?ver=6.9.7				High	Verified	http://www.wikidata.org/entity/Q112154637; https://www.hotelmondialparis.com	Wikidata structured evidence; country=Q142; class=Q27686; official website property P856. Public business email recovered from first-party website; no inference.				q112154637	hotelmondialparis.com		hotel mondial paris		France	HIGH	domain:hotelmondialparis.com
	B	78		France	Best Western Saint Louis		hotel										Q140089959	2026-08-16T20:33:15.749759Z		Canonical queue drain | fit B | GitHub MASTER dedupe passed	https://www.hotel-saint-louis-vincennes.com/		https://www.hotel-saint-louis-vincennes.com/fr/page/contact-hotel-proche-paris.2259.html		https://www.facebook.com/BestWesternHotelSaintLouis/		https://www.hotel-saint-louis-vincennes.com/fr/book.html				High	Verified	http://www.wikidata.org/entity/Q140089959; https://www.hotel-saint-louis-vincennes.com/	Wikidata structured evidence; country=Q142; class=Q27686; official website property P856.				q140089959	hotel-saint-louis-vincennes.com		best western saint louis		France	HIGH	domain:hotel-saint-louis-vincennes.com
	B	78		France	Q123410223		hotel										Q123410223	2026-08-16T20:33:15.749759Z		Canonical queue drain | fit B | GitHub MASTER dedupe passed	https://hotel-la-vanoise.com/fr/		https://hotel-la-vanoise.com/fr/contact.html		https://www.facebook.com/H%C3%B4tel-La-Vanoise-Peisey-Vallandry-2255776011407003/		https://hotel-la-vanoise.com/fr/chambres-et-chalets.html				Permissive	Qualification	http://www.wikidata.org/entity/Q123410223; https://hotel-la-vanoise.com/fr/	Wikidata structured evidence; country=Q142; class=Q27686; official website property P856.				q123410223	hotel-la-vanoise.com		q123410223		France	PERMISSIVE	domain:hotel-la-vanoise.com
	B	78	Amrad	India	Hamsa Eco Resort Mannanur		resort	Srisailam Road, Mannanur village, Amrabad Mandal,	+919281412737								overture:072f8070-334e-4ae3-aaa7-f68ed5fb1982	2026-08-16T20:33:15.749759Z		Canonical queue drain | fit B | GitHub MASTER dedupe passed	http://www.hamsaresorts.com/		https://www.hamsaresorts.com/about				https://www.hamsaresorts.com/stays				High	Verified	https://explore.overturemaps.org/#id=072f8070-334e-4ae3-aaa7-f68ed5fb1982	Public Overture website; no usable Overture email. First-party public contact crawl required; no inference.				overture:072f8070-334e-4ae3-aaa7-f68ed5fb1982	hamsaresorts.com	919281412737	hamsa eco resort mannanur	Amrad	India	HIGH	domain:hamsaresorts.com
	B	78		France	Fimmvörðuháls hut		hotel										Q134073625	2026-08-16T20:33:15.749759Z		Canonical queue drain | fit B | GitHub MASTER dedupe passed	https://www.utivist.is/english/fimmvorduhals-hut	utivist@utivist.is	https://www.utivist.is/english/about-utivist		https://www.facebook.com/utivist/						High	Verified	http://www.wikidata.org/entity/Q134073625; https://www.utivist.is/english/fimmvorduhals-hut	Wikidata structured evidence; country=Q142; class=Q27686; official website property P856. Public business email recovered from first-party website; no inference.				q134073625	utivist.is		fimmvoruhals hut		France	HIGH	domain:utivist.is
	B	78		France	Q115625471		resort										Q115625471	2026-08-16T20:33:15.749759Z		Canonical queue drain | fit B | GitHub MASTER dedupe passed	https://www.stationdugranier.com/home	stationdugranier@gmail.com	https://www.stationdugranier.com/about-1	https://www.instagram.com/stationdugranier/							Permissive	Qualification	http://www.wikidata.org/entity/Q115625471; https://www.stationdugranier.com/home	Wikidata structured evidence; country=Q142; class=Q875157; official website property P856. Public business email recovered from first-party website; no inference.				q115625471	stationdugranier.com		q115625471		France	PERMISSIVE	domain:stationdugranier.com
	B	78		France	Les Sources du Val		hotel										Q140136617	2026-08-16T20:33:15.749759Z		Canonical queue drain | fit B | GitHub MASTER dedupe passed	https://www.sourcesduval.com	info@sourcesduval.com	https://www.sourcesduval.com/contact	https://www.instagram.com/lessourcesduval/							High	Verified	http://www.wikidata.org/entity/Q140136617; https://www.sourcesduval.com/; https://www.sourcesduval.com/contact	Wikidata structured evidence; country=Q142; class=Q27686; official website property P856. Public business email recovered from first-party website; no inference.				q140136617	sourcesduval.com		les sources du val		France	HIGH	domain:sourcesduval.com
	B	78	Hyderabad	India	Reva Luxury Spa		hotel	3-6-154, Himayat Nagar, Above Peter England Show Room	09000487871								overture:b096b259-0f19-4c47-8541-5ce5d1c853fd	2026-08-16T20:33:15.749759Z		Canonical queue drain | fit B | GitHub MASTER dedupe passed	https://revaluxuryspa.com/	revaspa@gmail.com	https://revaluxuryspa.com/contact.html								Permissive	Qualification	https://explore.overturemaps.org/#id=b096b259-0f19-4c47-8541-5ce5d1c853fd; https://revaluxuryspa.com/	Public Overture website; no usable Overture email. First-party public contact crawl required; no inference. Public business email recovered from first-party website; no inference.				overture:b096b259-0f19-4c47-8541-5ce5d1c853fd	revaluxuryspa.com	09000487871	reva luxury spa	Hyderabad	India	PERMISSIVE	domain:revaluxuryspa.com
	B	78		France	Refugi del Ras de Carançà		hotel										Q140473307	2026-08-16T20:33:15.749759Z		Canonical queue drain | fit B | GitHub MASTER dedupe passed	https://www.refugelacaranca.com/ca	refugedelacaranca@gmail.com	https://www.refugelacaranca.com/ca/reservation		https://www.facebook.com/genin.alexandre.90/						Medium	Recall-first	http://www.wikidata.org/entity/Q140473307; https://www.refugelacaranca.com/ca	Wikidata structured evidence; country=Q142; class=Q27686; official website property P856. Public business email recovered from first-party website; no inference.				q140473307	refugelacaranca.com		refugi del ras de caranca		France	MEDIUM	domain:refugelacaranca.com
	B	78		France	Refuge de la Croix de Pierre		hotel										Q113642278	2026-08-16T20:33:15.749759Z		Canonical queue drain | fit B | GitHub MASTER dedupe passed	https://www.refugedelacroixdepierre.fr/fr/m_1_refuge-domaine-les-saisies-col-de-very.php	info@refugedelacroixdepierre.fr	https://www.refugedelacroixdepierre.fr/site/contact.php		https://www.facebook.com/profile.php/						Medium	Recall-first	http://www.wikidata.org/entity/Q113642278; https://www.refugedelacroixdepierre.fr/fr/m_1_refuge-domaine-les-saisies-col-de-very.php	Wikidata structured evidence; country=Q142; class=Q27686; official website property P856. Public business email recovered from first-party website; no inference.				q113642278	refugedelacroixdepierre.fr		refuge de la croix de pierre		France	MEDIUM	domain:refugedelacroixdepierre.fr
	B	78		France	Q120316406		hotel										Q120316406	2026-08-16T20:33:15.749759Z		Canonical queue drain | fit B | GitHub MASTER dedupe passed	https://refugedelacoire.fr/	bonjour@refugedelacoire.fr	https://www.refugedelacoire.fr/contacts/	https://www.instagram.com/refugedelacoire/							Permissive	Qualification	http://www.wikidata.org/entity/Q120316406; https://www.refugedelacoire.fr/; https://www.refugedelacoire.fr/contacts/	Wikidata structured evidence; country=Q142; class=Q27686; official website property P856. Public business email recovered from first-party website; no inference.				q120316406	refugedelacoire.fr		q120316406		France	PERMISSIVE	domain:refugedelacoire.fr
	B	78		France	Q124439323		hotel										Q124439323	2026-08-16T20:33:15.749759Z		Canonical queue drain | fit B | GitHub MASTER dedupe passed	https://www.refuge-loriaz.com/		https://www.refuge-loriaz.com/fr/contact	https://www.instagram.com/refugedeloriaz/	https://www.facebook.com/p/Refuge-de-Loriaz-100040055443458/						Permissive	Qualification	http://www.wikidata.org/entity/Q124439323; https://www.refuge-loriaz.com/fr	Wikidata structured evidence; country=Q142; class=Q27686; official website property P856.				q124439323	refuge-loriaz.com		q124439323		France	PERMISSIVE	domain:refuge-loriaz.com
	B	78		France	Q120316249		hotel										Q120316249	2026-08-16T20:33:15.749759Z		Canonical queue drain | fit B | GitHub MASTER dedupe passed	https://refuge-econdu.com/	refuge@refuge-econdu.com	https://www.refuge-econdu.com/contact/	https://www.instagram.com/refugedelecondu/							Permissive	Qualification	http://www.wikidata.org/entity/Q120316249; https://www.refuge-econdu.com/	Wikidata structured evidence; country=Q142; class=Q27686; official website property P856. Public business email recovered from first-party website; no inference.				q120316249	refuge-econdu.com		q120316249		France	PERMISSIVE	domain:refuge-econdu.com
	B	78		France	Q131870250		hotel										Q131870250	2026-08-16T20:33:15.749759Z		Canonical queue drain | fit B | GitHub MASTER dedupe passed	http://www.refuge-alpage.com/		https://refuge-alpage.com/contact.php	https://www.instagram.com/refugedelalpage/	https://www.facebook.com/Refuge-restaurant-lAlpage-257339307653152/						Permissive	Qualification	http://www.wikidata.org/entity/Q131870250; https://refuge-alpage.com/	Wikidata structured evidence; country=Q142; class=Q27686; official website property P856.				q131870250	refuge-alpage.com		q131870250		France	PERMISSIVE	domain:refuge-alpage.com
	B	78		France	Grand Hotel Nord-Pinus		hotel										Q115927665	2026-08-16T20:33:15.749759Z		Canonical queue drain | fit B | GitHub MASTER dedupe passed	https://nord-pinus.com/fr/	contact@nord-pinus.com		https://www.instagram.com/nordpinus/	https://www.facebook.com/NordPinusArles/						Medium	Recall-first	http://www.wikidata.org/entity/Q115927665; https://www.nord-pinus.com/fr/	Wikidata structured evidence; country=Q142; class=Q27686; official website property P856. Public business email recovered from first-party website; no inference.				q115927665	nord-pinus.com		grand hotel nord pinus		France	MEDIUM	domain:nord-pinus.com
	B	78		France	Manoir des Indes, The Originals Relais (Relais du Silence)		hotel										Q111662267	2026-08-16T20:33:15.749759Z		Canonical queue drain | fit B | GitHub MASTER dedupe passed	https://www.manoir-hoteldesindes.com/		https://www.manoir-hoteldesindes.com/contact	https://www.instagram.com/manoirdesindes/	https://www.facebook.com/manoirdesindes/						Medium	Recall-first	http://www.wikidata.org/entity/Q111662267; https://www.manoir-hoteldesindes.com/	Wikidata structured evidence; country=Q142; class=Q27686; official website property P856.				q111662267	manoir-hoteldesindes.com		manoir des indes the originals relais relais du silence		France	MEDIUM	domain:manoir-hoteldesindes.com
	B	78		France	Q140958585		hotel										Q140958585	2026-08-16T20:33:15.749759Z		Canonical queue drain | fit B | GitHub MASTER dedupe passed	https://www.lesecuriesderigny.com/		https://www.lesecuriesderigny.com/contact	https://www.instagram.com/lesecuriesderigny/	https://www.facebook.com/lesecuriesderigny/						High	Verified	http://www.wikidata.org/entity/Q140958585; https://www.lesecuriesderigny.com/; https://www.lesecuriesderigny.com/contact	Wikidata structured evidence; country=Q142; class=Q27686; official website property P856.				q140958585	lesecuriesderigny.com		q140958585		France	HIGH	domain:lesecuriesderigny.com
	B	78		France	Q118162212		hotel										Q118162212	2026-08-16T20:33:15.749759Z		Canonical queue drain | fit B | GitHub MASTER dedupe passed	https://www.lerefugedespres.com/fr/		https://www.lerefugedespres.com/fr/contactez-nous/	https://www.instagram.com/lerefugedespres/	https://www.facebook.com/lerefugedespres/						Permissive	Qualification	http://www.wikidata.org/entity/Q118162212; https://www.lerefugedespres.com/fr/	Wikidata structured evidence; country=Q142; class=Q27686; official website property P856.				q118162212	lerefugedespres.com		q118162212		France	PERMISSIVE	domain:lerefugedespres.com
	B	78		France	The Marmotel		hotel										Q140843175	2026-08-16T20:33:15.749759Z		Canonical queue drain | fit B | GitHub MASTER dedupe passed	https://www.le-marmotel.fr/	reception@le-marmotel.fr	https://www.le-marmotel.fr/contact		https://www.facebook.com/lemarmotel/						High	Verified	http://www.wikidata.org/entity/Q140843175; https://www.le-marmotel.fr/; https://www.le-marmotel.fr/contact	Wikidata structured evidence; country=Q142; class=Q27686; official website property P856. Public business email recovered from first-party website; no inference.				q140843175	le-marmotel.fr		the marmotel		France	HIGH	domain:le-marmotel.fr
	B	78		France	Hotel Palombaggia		hotel										Q136655840	2026-08-16T20:33:15.749759Z		Canonical queue drain | fit B | GitHub MASTER dedupe passed	http://www.hotelpalombaggia.fr	contact@hotelpalombaggia.fr	https://www.hotelpalombaggia.fr	https://www.instagram.com/hotelpalombaggia/							High	Verified	http://www.wikidata.org/entity/Q136655840; https://www.hotelpalombaggia.fr/	Wikidata structured evidence; country=Q142; class=Q27686; official website property P856. Public business email recovered from first-party website; no inference.				q136655840	hotelpalombaggia.fr		hotel palombaggia		France	HIGH	domain:hotelpalombaggia.fr
	B	78		France	Best Western Hotel Alexandra		hotel										Q111662314	2026-08-16T20:33:15.749759Z		Canonical queue drain | fit B | GitHub MASTER dedupe passed	https://www.hotelalexandra.com/fr/	contact@hotelalexandra.com	https://www.hotelalexandra.com/fr/		https://www.facebook.com/BestWesternHotelAlexandra/						Medium	Recall-first	http://www.wikidata.org/entity/Q111662314; https://www.hotelalexandra.com/fr/	Wikidata structured evidence; country=Q142; class=Q27686; official website property P856. Public business email recovered from first-party website; no inference.				q111662314	hotelalexandra.com		best western hotel alexandra		France	MEDIUM	domain:hotelalexandra.com
	B	78		France	Q125469930		hotel										Q125469930	2026-08-16T20:33:15.749759Z		Canonical queue drain | fit B | GitHub MASTER dedupe passed	https://www.hotel-restaurant-euzkadi.com/	contact@hotel-restaurant-euzkadi.com	https://www.hotel-restaurant-euzkadi.com/infos-pratiques	https://www.instagram.com/hotelrestauranteuzkadi/							Permissive	Qualification	http://www.wikidata.org/entity/Q125469930; https://www.hotel-restaurant-euzkadi.com/	Wikidata structured evidence; country=Q142; class=Q27686; official website property P856. Public business email recovered from first-party website; no inference.				q125469930	hotel-restaurant-euzkadi.com		q125469930		France	PERMISSIVE	domain:hotel-restaurant-euzkadi.com
	B	78		France	Best Western Plus Hotel Kregenn		hotel										Q111876930	2026-08-16T20:33:15.749759Z		Canonical queue drain | fit B | GitHub MASTER dedupe passed	https://www.hotel-kregenn.fr/		https://www.hotel-kregenn.fr/contact	https://www.instagram.com/hotel.kregenn/	https://www.facebook.com/hotel.kregenn/						High	Verified	http://www.wikidata.org/entity/Q111876930; https://www.hotel-kregenn.fr/	Wikidata structured evidence; country=Q142; class=Q27686; official website property P856.				q111876930	hotel-kregenn.fr		best western plus hotel kregenn		France	HIGH	domain:hotel-kregenn.fr
	B	78		France	Aletti Palace		hotel										Q129405325	2026-08-16T20:33:15.749759Z		Canonical queue drain | fit B | GitHub MASTER dedupe passed	http://www.hotel-aletti.fr/		https://hotel-aletti.fr/contact/	https://www.instagram.com/hotelalettipalace/	https://www.facebook.com/AlettiPalace/						Medium	Recall-first	http://www.wikidata.org/entity/Q129405325; https://hotel-aletti.fr/	Wikidata structured evidence; country=Q142; class=Q27686; official website property P856.				q129405325	hotel-aletti.fr		aletti palace		France	MEDIUM	domain:hotel-aletti.fr
	B	78		France	Q131343724		hotel										Q131343724	2026-08-16T20:33:15.749759Z		Canonical queue drain | fit B | GitHub MASTER dedupe passed	https://www.futuroscope.com/fr/xperiences/hotels/hotel-station-cosmos		https://www.futuroscope.com/fr/nous-contacter	https://www.instagram.com/futuroscope/	https://www.facebook.com/Futuroscope/						Permissive	Qualification	http://www.wikidata.org/entity/Q131343724; https://www.futuroscope.com/fr/xperiences/hotels/hotel-station-cosmos	Wikidata structured evidence; country=Q142; class=Q27686; official website property P856.				q131343724	futuroscope.com		q131343724		France	PERMISSIVE	domain:futuroscope.com
	B	78	Shangri-La	China	香格里拉松赞林卡美憬阁 Songtsam Retreat at Shangri-La		resort	Song Zan Lin Yunnan Province Shangri La 674400	400 000 0830								overture:e7f65507-d57f-4e5e-b478-79603adc482f	2026-08-16T20:14:18.600730Z		Canonical queue drain | fit B | GitHub MASTER dedupe passed	https://www.songtsam.com/hotel/1	info@songtsam.com	https://www.songtsam.com/about								Permissive	Qualification	https://explore.overturemaps.org/#id=e7f65507-d57f-4e5e-b478-79603adc482f; https://www.songtsam.com/hotel/1	Public Overture website; no usable Overture email. First-party public contact crawl required; no inference. Public business email recovered from first-party website; no inference.				overture:e7f65507-d57f-4e5e-b478-79603adc482f	songtsam.com	4000000830	songtsam retreat at shangri la	Shangri-La	China	PERMISSIVE	domain:songtsam.com
	B	78		Italy	Rifugio Tavecchia		hotel										Q130216081	2026-08-16T20:10:08.805114Z		Canonical queue drain | fit B | GitHub MASTER dedupe passed	https://rifugiotavecchia.it/	info@rifugiotavecchia.it	https://rifugiotavecchia.it/about-us/		https://www.facebook.com/rifugiotavecchia.biandino/						Medium	Recall-first	http://www.wikidata.org/entity/Q130216081; https://rifugiotavecchia.it/	Wikidata structured evidence; country=Q38; class=Q27686; official website property P856. Public business email recovered from first-party website; no inference.				q130216081	rifugiotavecchia.it		rifugio tavecchia		Italy	MEDIUM	domain:rifugiotavecchia.it
	B	78		Italy	PhotoGuest B&B		hotel										Q140393374	2026-08-16T20:10:08.805114Z		Canonical queue drain | fit B | GitHub MASTER dedupe passed	https://www.photoguest-bb.com			https://www.instagram.com/photoguest.siracusa/	https://www.facebook.com/photoguest/	https://wa.me/393920008687?text=Cari%20Eleonora%20e%20Giovanni%2C%20vi%20contatto%20dal%20sito%20internet%20di%20PhotoGuest%20B%26B%2C%20vi%20scrivo%20per...					High	Verified	http://www.wikidata.org/entity/Q140393374; https://www.photoguest-bb.com/; https://www.photoguest-bb.com	Wikidata structured evidence; country=Q38; class=Q27686; official website property P856.				q140393374	photoguest-bb.com		photoguest b b		Italy	HIGH	domain:photoguest-bb.com
	B	78		Italy	Petit Château		hotel										Q55807460	2026-08-16T20:10:08.805114Z		Canonical queue drain | fit B | GitHub MASTER dedupe passed	http://www.petitchateau.it/	info@petitchateau.it	https://www.petitchateau.it/it/booking/room				https://www.petitchateau.it/it/booking/room				High	Verified	http://www.wikidata.org/entity/Q55807460; https://www.petitchateau.it/contact	Wikidata structured evidence; country=Q38; class=Q27686; official website property P856. Public business email recovered from first-party website; no inference.				q55807460	petitchateau.it		petit chateau		Italy	HIGH	domain:petitchateau.it
	B	78		Italy	Hotel Villa Pannonia		hotel										Q111878644	2026-08-16T20:10:08.805114Z		Canonical queue drain | fit B | GitHub MASTER dedupe passed	http://www.hotelvillapannonia.it/	info@hotelvillapannonia.it	https://www.hotelvillapannonia.it/en/contacts				https://www.hotelvillapannonia.it/de				High	Verified	http://www.wikidata.org/entity/Q111878644; https://www.hotelvillapannonia.it/	Wikidata structured evidence; country=Q38; class=Q27686; official website property P856. Public business email recovered from first-party website; no inference.				q111878644	hotelvillapannonia.it		hotel villa pannonia		Italy	HIGH	domain:hotelvillapannonia.it
	B	78		Italy	Hotel Villa Cipro		hotel										Q124359398	2026-08-16T20:10:08.805114Z		Canonical queue drain | fit B | GitHub MASTER dedupe passed	https://hotelvillacipro.com/	info@hotelvillacipro.com	https://www.hotelvillacipro.com/contacts/				https://www.hotelvillacipro.com/dove/				High	Verified	http://www.wikidata.org/entity/Q124359398; https://www.hotelvillacipro.com/	Wikidata structured evidence; country=Q38; class=Q27686; official website property P856. Public business email recovered from first-party website; no inference.				q124359398	hotelvillacipro.com		hotel villa cipro		Italy	HIGH	domain:hotelvillacipro.com
	B	78		Italy	Hotel Edelweiss		hotel										Q28819361	2026-08-16T20:10:08.805114Z		Canonical queue drain | fit B | GitHub MASTER dedupe passed	https://www.hoteledelweiss.net	info@hoteledelweiss.net			https://www.facebook.com/Hotel-Edelweiss-Bognanco-100123466741440/		https://www.hoteledelweiss.net/images/rooms/family-room-edelweiss-bognanco.jpg				Medium	Recall-first	http://www.wikidata.org/entity/Q28819361; https://www.hoteledelweiss.net/it/	Wikidata structured evidence; country=Q38; class=Q27686; official website property P856. Public business email recovered from first-party website; no inference.				q28819361	hoteledelweiss.net		hotel edelweiss		Italy	MEDIUM	domain:hoteledelweiss.net
	B	78		Italy	Hotel Cristoforo Colombo		hotel										Q135901210	2026-08-16T20:10:08.805114Z		Canonical queue drain | fit B | GitHub MASTER dedupe passed	https://www.hotelcolomboroma.it/en/		https://www.hotelcolomboroma.it/en/location-and-contacts/		https://www.facebook.com/Cristoforocolombohtl/		https://www.hotelcolomboroma.it/en/rooms/				High	Verified	http://www.wikidata.org/entity/Q135901210; https://www.hotelcolomboroma.it/en/location-and-contacts/	Wikidata structured evidence; country=Q38; class=Q27686; official website property P856.				q135901210	hotelcolomboroma.it		hotel cristoforo colombo		Italy	HIGH	domain:hotelcolomboroma.it
	B	78	Murshidabad Jiaganj	India	Hotel Anwesha		hotel	Hazarduari Museum Rd	+919434115470								overture:42f2f446-2414-4be9-82d6-833c58a50a13	2026-08-16T20:10:08.805114Z		Canonical queue drain | fit B | GitHub MASTER dedupe passed	http://hotelanwesha.com/index.html		https://hotelanwesha.com/about				https://hotelanwesha.com/deluxe_rooms				High	Verified	https://explore.overturemaps.org/#id=42f2f446-2414-4be9-82d6-833c58a50a13	Public Overture website; no usable Overture email. First-party public contact crawl required; no inference.				overture:42f2f446-2414-4be9-82d6-833c58a50a13	hotelanwesha.com	919434115470	hotel anwesha	Murshidabad Jiaganj	India	HIGH	domain:hotelanwesha.com
	B	78		Italy	Chalet Hotel Hartmann		hotel										Q138762455	2026-08-16T20:10:08.805114Z		Canonical queue drain | fit B | GitHub MASTER dedupe passed	https://www.hotel-hartmann.com			https://www.instagram.com/enjoyhartmann/	https://www.facebook.com/Hotel.Hartmann/	https://api.whatsapp.com/send?phone=393773979120					High	Verified	http://www.wikidata.org/entity/Q138762455; https://www.hotel-hartmann.com/it/	Wikidata structured evidence; country=Q38; class=Q27686; official website property P856.				q138762455	hotel-hartmann.com		chalet hotel hartmann		Italy	HIGH	domain:hotel-hartmann.com
	B	78		Italy	Q135299265		hotel										Q135299265	2026-08-16T20:10:08.805114Z		Canonical queue drain | fit B | GitHub MASTER dedupe passed	https://www.gruppostudicesaremattei.com/mulino-cati/			https://www.instagram.com/gruppostudi_cesaremattei/	https://www.facebook.com/GruppoStudiCesareMattei/		https://www.gruppostudicesaremattei.com/mulino-cati-info-point-bookshop/				Permissive	Qualification	http://www.wikidata.org/entity/Q135299265; https://www.gruppostudicesaremattei.com/mulino-cati/	Wikidata structured evidence; country=Q38; class=Q27686; official website property P856.				q135299265	gruppostudicesaremattei.com		q135299265		Italy	PERMISSIVE	domain:gruppostudicesaremattei.com
	B	78		Italy	Grand Hotel Menaggio		hotel										Q108420880	2026-08-16T20:10:08.805114Z		Canonical queue drain | fit B | GitHub MASTER dedupe passed	https://www.grandhotelmenaggio.com/	info@grandhotelmenaggio.com	https://www.grandhotelmenaggio.com/contacts				https://www.grandhotelmenaggio.com/rooms-4-star-hotel-menaggio				High	Verified	http://www.wikidata.org/entity/Q108420880; https://www.grandhotelmenaggio.com/	Wikidata structured evidence; country=Q38; class=Q27686; official website property P856. Public business email recovered from first-party website; no inference.				q108420880	grandhotelmenaggio.com		grand hotel menaggio		Italy	HIGH	domain:grandhotelmenaggio.com
	B	78		Italy	Cittadella Ospitalità della Pro Civitate Christiana		hotel										Q56476405	2026-08-16T20:10:08.805114Z		Canonical queue drain | fit B | GitHub MASTER dedupe passed	http://www.cittadelladiassisi.it/		https://www.cittadelladiassisi.it/contatti/		https://www.facebook.com/CittadelladiAssisi/		https://www.cittadelladiassisi.it/ns/wp-content/plugins/easy-facebook-likebox/public/assets/css/public.css?ver=4.3.8				Permissive	Qualification	http://www.wikidata.org/entity/Q56476405; https://www.cittadelladiassisi.it/	Wikidata structured evidence; country=Q38; class=Q27686; official website property P856.				q56476405	cittadelladiassisi.it		cittadella ospitalita della pro civitate christiana		Italy	PERMISSIVE	domain:cittadelladiassisi.it
	B	78		Italy	Bvlgari Hotel & Resort Milano		hotel										Q115280141	2026-08-16T20:10:08.805114Z		Canonical queue drain | fit B | GitHub MASTER dedupe passed	http://www.bulgarihotels.com/en-us/milan/the-hotel/overview		https://www.bulgarihotels.com/en_US/milan/contact-us			https://web.whatsapp.com/send?phone=39028058051	https://www.bulgarihotels.com/en_US/milan/rooms-and-suites/rooms				High	Verified	http://www.wikidata.org/entity/Q115280141	Wikidata structured evidence; country=Q38; class=Q27686; official website property P856.				q115280141	bulgarihotels.com		bvlgari hotel resort milano		Italy	HIGH	domain:bulgarihotels.com
	B	78		Italy	Batzenhäusl		hotel										Q14540724	2026-08-16T20:10:08.805114Z		Canonical queue drain | fit B | GitHub MASTER dedupe passed	https://batzenhaeusl.com/	booking@batzenhaeusl.com			https://www.facebook.com/batzenhaeusl/	https://wa.me/436604798358?text=Bewerbung					Medium	Recall-first	http://www.wikidata.org/entity/Q14540724; https://batzenhaeusl.com/	Wikidata structured evidence; country=Q38; class=Q27686; official website property P856. Public business email recovered from first-party website; no inference.				q14540724	batzenhaeusl.com		batzenhausl		Italy	MEDIUM	domain:batzenhaeusl.com
	B	78		Italy	We.Me Suite Hotel		hotel										Q138496973	2026-08-16T20:10:08.805114Z		Canonical queue drain | fit B | GitHub MASTER dedupe passed	https://www.wemehotel.com	info@wemehotel.com		https://www.instagram.com/wemehotel/	https://www.facebook.com/wemehotel/						Medium	Recall-first	http://www.wikidata.org/entity/Q138496973; https://www.wemehotel.com/; https://www.wemehotel.com	Wikidata structured evidence; country=Q38; class=Q27686; official website property P856. Public business email recovered from first-party website; no inference.				q138496973	wemehotel.com		we me suite hotel		Italy	MEDIUM	domain:wemehotel.com
	B	78		Italy	SHG Hotel Antonella		hotel										Q111412491	2026-08-16T20:10:08.805114Z		Canonical queue drain | fit B | GitHub MASTER dedupe passed	https://www.shghotelantonella.com/	info@shghotelantonella.com		https://www.instagram.com/shg_hotel_antonella/	https://www.facebook.com/SHGhotelantonellapomezia/						High	Verified	http://www.wikidata.org/entity/Q111412491; https://www.shghotelantonella.com/	Wikidata structured evidence; country=Q38; class=Q27686; official website property P856. Public business email recovered from first-party website; no inference.				q111412491	shghotelantonella.com		shg hotel antonella		Italy	HIGH	domain:shghotelantonella.com
	B	78		Italy	Albergo San Lorenzo		hotel										Q98563480	2026-08-16T20:10:08.805114Z		Canonical queue drain | fit B | GitHub MASTER dedupe passed	https://sanlorenzogrosseto.com/	info@sanlorenzogrosseto.com		https://www.instagram.com/hotel_sanlorenzo/	https://www.facebook.com/hotel.sanlorenzo.grosseto/						High	Verified	http://www.wikidata.org/entity/Q98563480; https://sanlorenzogrosseto.com/	Wikidata structured evidence; country=Q38; class=Q27686; official website property P856. Public business email recovered from first-party website; no inference.				q98563480	sanlorenzogrosseto.com		albergo san lorenzo		Italy	HIGH	domain:sanlorenzogrosseto.com
	B	78		Italy	Rifugio Valbiandino		hotel										Q130216128	2026-08-16T20:10:08.805114Z		Canonical queue drain | fit B | GitHub MASTER dedupe passed	https://www.rifugiovalbiandino.com/	info@rifugiovalbiandino.com		https://www.instagram.com/rifugiovalbiandino/	https://www.facebook.com/Rifugio-Valbiandino-215985042071070/						Medium	Recall-first	http://www.wikidata.org/entity/Q130216128; https://www.rifugiovalbiandino.com/	Wikidata structured evidence; country=Q38; class=Q27686; official website property P856. Public business email recovered from first-party website; no inference.				q130216128	rifugiovalbiandino.com		rifugio valbiandino		Italy	MEDIUM	domain:rifugiovalbiandino.com
	B	78		Italy	Rifugio Passo San Nicolò		hotel										Q97819826	2026-08-16T20:10:08.805114Z		Canonical queue drain | fit B | GitHub MASTER dedupe passed	https://www.rifugiopassosannicolo.com/	rifugiopassosannicolo@gmail.com		https://www.instagram.com/rifugiopassosannicolo/	https://www.facebook.com/people/Rifugio-Passo-San-Nicol%C3%B2/61572910041230/						Permissive	Qualification	http://www.wikidata.org/entity/Q97819826; https://www.rifugiopassosannicolo.com/	Wikidata structured evidence; country=Q38; class=Q27686; official website property P856. Public business email recovered from first-party website; no inference.				q97819826	rifugiopassosannicolo.com		rifugio passo san nicolo		Italy	PERMISSIVE	domain:rifugiopassosannicolo.com
	B	78		Italy	Q26821425		hotel										Q26821425	2026-08-16T20:10:08.805114Z		Canonical queue drain | fit B | GitHub MASTER dedupe passed	http://www.rifugiopadova.it/		https://www.rifugiopadova.it/about-us/	https://www.instagram.com/rifugiopadova/	https://www.facebook.com/macellerialasc/						Permissive	Qualification	http://www.wikidata.org/entity/Q26821425; https://www.rifugiopadova.it/	Wikidata structured evidence; country=Q38; class=Q27686; official website property P856.				q26821425	rifugiopadova.it		q26821425		Italy	PERMISSIVE	domain:rifugiopadova.it
	B	78		Italy	Q101536755		hotel										Q101536755	2026-08-16T20:10:08.805114Z		Canonical queue drain | fit B | GitHub MASTER dedupe passed	https://www.rifugiocarestiato.com/	info@rifugiocarestiato.com	https://www.rifugiocarestiato.com/wordpress/rifugio-carestiato_it/about-2/		https://www.facebook.com/Rifugio-Bruto-Carestiato-268136020001773/						Permissive	Qualification	http://www.wikidata.org/entity/Q101536755; https://www.rifugiocarestiato.com/wordpress/	Wikidata structured evidence; country=Q38; class=Q27686; official website property P856. Public business email recovered from first-party website; no inference.				q101536755	rifugiocarestiato.com		q101536755		Italy	PERMISSIVE	domain:rifugiocarestiato.com
	B	78		Italy	Rifugio Cima d’Asta		hotel										Q21234806	2026-08-16T20:10:08.805114Z		Canonical queue drain | fit B | GitHub MASTER dedupe passed	https://www.rifugio-cimadasta.it/	info@rifugio-cimadasta.it	https://www.rifugio-cimadasta.it/en/contacts/		https://www.facebook.com/Rifugio-Cima-dAsta-471161846400262/						Permissive	Qualification	http://www.wikidata.org/entity/Q21234806; https://www.rifugio-cimadasta.it/en/contacts/; https://www.rifugio-cimadasta.it/	Wikidata structured evidence; country=Q38; class=Q27686; official website property P856. Public business email recovered from first-party website; no inference.				q21234806	rifugio-cimadasta.it		rifugio cima dasta		Italy	PERMISSIVE	domain:rifugio-cimadasta.it
	B	78		Italy	Shangri-La Hotel		hotel										Q135901240	2026-08-16T20:10:08.805114Z		Canonical queue drain | fit B | GitHub MASTER dedupe passed	https://www.omniahotels.com/it/hotel-shangri-la-roma/index	info.hsl@omniahotels.com		https://www.instagram.com/hotelshangrilaroma/	https://www.facebook.com/HotelShangriLaRoma/						Medium	Recall-first	http://www.wikidata.org/entity/Q135901240; https://www.omniahotels.com/it/hotel-shangri-la-roma/index	Wikidata structured evidence; country=Q38; class=Q27686; official website property P856. Public business email recovered from first-party website; no inference.				q135901240	omniahotels.com		shangri la hotel		Italy	MEDIUM	domain:omniahotels.com
	B	78		Italy	Hotel Roma		hotel										Q140073532	2026-08-16T20:10:08.805114Z		Canonical queue drain | fit B | GitHub MASTER dedupe passed	https://www.hotelroma.biz	info@hotelroma.biz		https://www.instagram.com/hotelroma_bologna/	https://www.facebook.com/hotelromabologna/						High	Verified	http://www.wikidata.org/entity/Q140073532; https://www.hotelroma.biz/; https://www.hotelroma.biz	Wikidata structured evidence; country=Q38; class=Q27686; official website property P856. Public business email recovered from first-party website; no inference.				q140073532	hotelroma.biz		hotel roma		Italy	HIGH	domain:hotelroma.biz
	B	78		Italy	Hotel Metropole Suisse		hotel										Q56261157	2026-08-16T20:10:08.805114Z		Canonical queue drain | fit B | GitHub MASTER dedupe passed	https://www.hotelmetropolesuisse.com/	info@hotelmetropolesuisse.com	https://www.hotelmetropolesuisse.com/contatti-hotel-sul-lago-di-como/	https://www.instagram.com/hotelmetropolesuisse/							Medium	Recall-first	http://www.wikidata.org/entity/Q56261157; https://www.hotelmetropolesuisse.com/	Wikidata structured evidence; country=Q38; class=Q27686; official website property P856. Public business email recovered from first-party website; no inference.				q56261157	hotelmetropolesuisse.com		hotel metropole suisse		Italy	MEDIUM	domain:hotelmetropolesuisse.com
	B	78		Italy	Hotel Arnolfo		hotel										Q55807390	2026-08-16T20:10:08.805114Z		Canonical queue drain | fit B | GitHub MASTER dedupe passed	http://www.hotelarnolfo.com	info@hotelarnolfo.com	https://www.hotelarnolfo.com/informazioni-contatti-hotel-arnolfo-montecatini/		https://www.facebook.com/arnolfo.aqualaetitia/						High	Verified	http://www.wikidata.org/entity/Q55807390; https://www.hotelarnolfo.com/	Wikidata structured evidence; country=Q38; class=Q27686; official website property P856. Public business email recovered from first-party website; no inference.				q55807390	hotelarnolfo.com		hotel arnolfo		Italy	HIGH	domain:hotelarnolfo.com
	B	78		Italy	Grand Hotel Cocumella		hotel										Q28146357	2026-08-16T20:10:08.805114Z		Canonical queue drain | fit B | GitHub MASTER dedupe passed	http://www.cocumella.com	info@cocumella.com		https://www.instagram.com/lacocumella/	https://www.facebook.com/Grand-Hotel-Cocumella-188536201191466/						High	Verified	http://www.wikidata.org/entity/Q28146357; https://www.cocumella.com/	Wikidata structured evidence; country=Q38; class=Q27686; official website property P856. Public business email recovered from first-party website; no inference.				q28146357	cocumella.com		grand hotel cocumella		Italy	HIGH	domain:cocumella.com
	B	78		Italy	Bockerhütte		hotel										Q14541090	2026-08-16T20:10:08.805114Z		Canonical queue drain | fit B | GitHub MASTER dedupe passed	https://www.bockerhuette.com/		https://www.bockerhuette.com	https://www.instagram.com/schutzhuette.bockerhuette/	https://www.facebook.com/BockerhÃÂ¼tte-518570271681787/						Permissive	Qualification	http://www.wikidata.org/entity/Q14541090; https://www.bockerhuette.com/	Wikidata structured evidence; country=Q38; class=Q27686; official website property P856.				q14541090	bockerhuette.com		bockerhutte		Italy	PERMISSIVE	domain:bockerhuette.com
	B	78		Italy	Klein Fein Hotel Anderlahn		hotel										Q140675763	2026-08-16T20:10:08.805114Z		Canonical queue drain | fit B | GitHub MASTER dedupe passed	https://www.anderlahn.com	info@anderlahn.com		https://www.instagram.com/kleinfeinhotelanderlahn/	https://www.facebook.com/kleinfeinhotelanderlahn/						Medium	Recall-first	http://www.wikidata.org/entity/Q140675763; https://www.anderlahn.com/de/urlaub-deluxe.html	Wikidata structured evidence; country=Q38; class=Q27686; official website property P856. Public business email recovered from first-party website; no inference.				q140675763	anderlahn.com		klein fein hotel anderlahn		Italy	MEDIUM	domain:anderlahn.com
	B	78		Italy	Hotel Almhof		hotel										Q111876132	2026-08-16T20:10:08.805114Z		Canonical queue drain | fit B | GitHub MASTER dedupe passed	https://www.almhof.it/	info@almhof.it	https://www.almhof.it/contact	https://www.instagram.com/wellnesshotelalmhof/							High	Verified	http://www.wikidata.org/entity/Q111876132; https://www.almhof.it/	Wikidata structured evidence; country=Q38; class=Q27686; official website property P856. Public business email recovered from first-party website; no inference.				q111876132	almhof.it		hotel almhof		Italy	HIGH	domain:almhof.it
	B	78		Spain	Rocamar		hotel										Q112147432	2026-08-16T20:02:25.210024Z		Canonical queue drain | fit B | GitHub MASTER dedupe passed	http://apartamentosrocamar.com/		https://www.apartamentosrocamar.com/es/contactar			https://wa.me/34621142867?text=Hi	https://www.apartamentosrocamar.com/es/booking/room				High	Verified	http://www.wikidata.org/entity/Q112147432	Wikidata structured evidence; country=Q29; class=Q27686; official website property P856.				q112147432	apartamentosrocamar.com		rocamar		Spain	HIGH	domain:apartamentosrocamar.com
	B	78		Spain	Son Sabater by Zafiro		hotel										Q133306344	2026-08-16T20:02:25.210024Z		Canonical queue drain | fit B | GitHub MASTER dedupe passed	https://www.zafiroboutiquecollection.com/hoteles/son-sabater-by-zafiro/		https://www.zafiroboutiquecollection.com/proteccion-datos	https://www.instagram.com/zafiroboutiquecollection/	https://www.facebook.com/profile.php/						High	Verified	http://www.wikidata.org/entity/Q133306344; https://www.zafiroboutiquecollection.com/hoteles/son-sabater-by-zafiro	Wikidata structured evidence; country=Q29; class=Q27686; official website property P856.				q133306344	zafiroboutiquecollection.com		son sabater by zafiro		Spain	HIGH	domain:zafiroboutiquecollection.com
	B	78		Spain	Flamboyan Caribe Hotel & Spa		hotel										Q134887675	2026-08-16T20:02:25.210024Z		Canonical queue drain | fit B | GitHub MASTER dedupe passed	https://www.hotelflamboyancaribe.com/		https://www.hotelflamboyancaribe.com/informacion/contacto	https://www.instagram.com/hotelspaflamboyancaribe/	https://www.facebook.com/HotelFlamboyanCaribe/						High	Verified	http://www.wikidata.org/entity/Q134887675; https://www.hotelflamboyancaribe.com/	Wikidata structured evidence; country=Q29; class=Q27686; official website property P856.				q134887675	hotelflamboyancaribe.com		flamboyan caribe hotel spa		Spain	HIGH	domain:hotelflamboyancaribe.com
	B	78		France	Villa Hortensia		hotel										Q106869752	2026-08-16T19:58:38.267629Z		Canonical queue drain | fit B | GitHub MASTER dedupe passed	https://www.villahortensia.fr/			https://www.instagram.com/villa.hortensia.jacou/	https://www.facebook.com/villa.hortensia.jacou/		https://villahortensia.fr/feed/				High	Verified	http://www.wikidata.org/entity/Q106869752; https://villahortensia.fr/	Wikidata structured evidence; country=Q142; class=Q27686; official website property P856.				q106869752	villahortensia.fr		villa hortensia		France	HIGH	domain:villahortensia.fr
	B	78		France	Le Lazaret		resort										Q56062492	2026-08-16T19:58:38.267629Z		Canonical queue drain | fit B | GitHub MASTER dedupe passed	http://www.lazaretsete.com		https://www.lazaretsete.com/reservations-familles/	https://www.instagram.com/domaine_lazaret_sete/			https://www.lazaretsete.com/accueil-village-vacances-le-lazaret-2/feed/				High	Verified	http://www.wikidata.org/entity/Q56062492; https://www.lazaretsete.com/	Wikidata structured evidence; country=Q142; class=Q875157; official website property P856.				q56062492	lazaretsete.com		le lazaret		France	HIGH	domain:lazaretsete.com
