8565,B,70,Altoona,USA,Riverbend Rentals & Property Management,,property_management,"2620 Fairway Dr, Altoona, WI",+17152254200,1,,,High,,,,overture:3c9900fb-cca7-41d5-90a4-659e0aac807a,46249,New,Recall-first: plausible adjacent hospitality/STR buyer retained.,http://www.riverbendpm.com/,admin@riverbendpm.com,,,,,,,,,Email,Medium,Recall-first,https://explore.overturemaps.org/#id=3c9900fb-cca7-41d5-90a4-659e0aac807a,,domain:riverbendpm.com,17152254200,riverbendpm.com,riverbend rentals property management,Altoona,USA,Riverbend Rentals & Property Management,8565
8566,A,91,Marquette,USA,Water Street Lodge Riverfront Vacation Rental,,holiday_rental_home,"79 Water St, Marquette, IA",+16087320212,1,,,High,,,,overture:0ea80c1c-f138-4e47-922d-bf82dd83abd8,46249,New,,http://www.RiverfrontVacationRentals.com/,riverfrontvacationrentals@gmail.com,,https://www.instagram.com/riverfront_vacation_rentals/,,,,,,,Email,High,Verified,https://explore.overturemaps.org/#id=0ea80c1c-f138-4e47-922d-bf82dd83abd8,,domain:riverfrontvacationrentals.com,16087320212,riverfrontvacationrentals.com,water street lodge riverfront vacation rental,Marquette,USA,Water Street Lodge Riverfront Vacation Rental,8566
8567,B,70,Sarnia,USA,Real Property Management Riverview,,property_management,"301 Front St N Unit 5, Sarnia",+15199002033,1,,,High,,,,overture:23ee6c64-a5a1-41b6-ae31-294ea2fa2b58,46249,New,Recall-first: plausible adjacent hospitality/STR buyer retained.,http://www.riverviewmgt.ca/,info@riverviewmgt.ca,,https://www.instagram.com/riverview.pm/,,,,,,,Email,Medium,Recall-first,https://explore.overturemaps.org/#id=23ee6c64-a5a1-41b6-ae31-294ea2fa2b58,,domain:riverviewmgt.ca,15199002033,riverviewmgt.ca,real property management riverview,Sarnia,USA,Real Property Management Riverview,8567
8568,A,91,Waterville,USA,"Log Cabin Rentals in Waterville, Ohio",,lodging,"9001 S River Rd, Waterville, OH",+14196543323,1,,,High,,,,overture:e4168212-9076-4771-8947-2e7ec7ca16a1,46249,New,,http://riverwoodlogcabins.com/,parkerhanson1956@gmail.com,,,,,,,,,Email,High,Verified,https://explore.overturemaps.org/#id=e4168212-9076-4771-8947-2e7ec7ca16a1,,domain:riverwoodlogcabins.com,14196543323,riverwoodlogcabins.com,log cabin rentals in waterville ohio,Waterville,USA,"Log Cabin Rentals in Waterville, Ohio",8568
8569,A,88,Πάρος,Greece,Riviere Residence,,resort,"Ποτάμι, Πάρος",+306936852615,1,,,High,,,,overture:79674cb9-b5dc-46e5-b0a9-f8a1ac784ad1,46249,New,,https://riviereresidence.gr/,info@riviereresidence.gr,,https://www.instagram.com/riviere_residence/,,,,,,,Email,High,Verified,https://explore.overturemaps.org/#id=79674cb9-b5dc-46e5-b0a9-f8a1ac784ad1,,domain:riviereresidence.gr,306936852615,riviereresidence.gr,riviere residence,Πάρος,Greece,Riviere Residence,8569
8570,A,88,Περιφέρεια Πελοποννήσου,Greece,Rizes Villas,,hotel,"by street, Theod. Kolokotroni, Περιφέρεια Πελοποννήσου",+306944909206,1,,,High,,,,overture:5660a5e7-83b0-4bfb-8116-2072a8e9b81b,46249,New,,https://rizesvillas.gr/,info@rizesvillas.gr,,https://www.instagram.com/rizesvillas/,,,,,,,Email,High,Verified,https://explore.overturemaps.org/#id=5660a5e7-83b0-4bfb-8116-2072a8e9b81b,,domain:rizesvillas.gr,306944909206,rizesvillas.gr,rizes villas,Περιφέρεια Πελοποννήσου,Greece,Rizes Villas,8570
8571,A,88,Λευκάδα,Greece,Rizomata Luxury Villas,,hotel,"Agios Ioannis, Λευκάδα",+306977981342,1,,,High,,,,overture:499a5e81-5e72-4d29-ad7a-3f2c53fcb972,46249,New,,https://www.rizomatavillas.com/,info@rizomatavillas.com,,,,,,,,,Email,High,Verified,https://explore.overturemaps.org/#id=499a5e81-5e72-4d29-ad7a-3f2c53fcb972,,domain:rizomatavillas.com,306977981342,rizomatavillas.com,rizomata luxury villas,Λευκάδα,Greece,Rizomata Luxury Villas,8571
8572,B,70,Bluffton,USA,Realty Management Advisors,,property_management,"1008 Fording Island Rd, Bluffton, SC",+18437062030,1,,,High,,,,overture:56404259-59d0-4a5b-bb49-b5212d7ae9a1,46249,New,Recall-first: plausible adjacent hospitality/STR buyer retained.,https://www.rma-sc.com/,info@rma-sc.com,,https://www.instagram.com/realtymanagementadvisors/,,,,,,,Email,Medium,Recall-first,https://explore.overturemaps.org/#id=56404259-59d0-4a5b-bb49-b5212d7ae9a1,,domain:rma-sc.com,18437062030,rma-sc.com,realty management advisors,Bluffton,USA,Realty Management Advisors,8572
8573,B,70,Elk Grove,USA,RNB Property Management,,property_management,"9401 E Stockton Blvd, Elk Grove, CA",+19163060517,1,,,High,,,,overture:b1f7c98b-50e3-4a18-a096-2c2f1e00af42,46249,New,Recall-first: plausible adjacent hospitality/STR buyer retained.,http://RNBElkGrove.com/,socialmedia@rnbelkgrove.com,,,,,,,,,Email,Medium,Recall-first,https://explore.overturemaps.org/#id=b1f7c98b-50e3-4a18-a096-2c2f1e00af42,,domain:rnbelkgrove.com,19163060517,rnbelkgrove.com,rnb property management,Elk Grove,USA,RNB Property Management,8573
8574,B,70,London,United Kingdom,Robert Fells Property Management,,property_management,"71 College Road, London, ENG",+442088615781,1,,,High,,,,overture:99131697-e7d0-4842-a1e7-2f19ec2e8e86,46249,New,Recall-first: plausible adjacent hospitality/STR buyer retained.,http://www.robertfellspropertymanagement.co.uk/,info@robertfellspropertymanagement.co.uk,,,,,,,,,Email,Medium,Recall-first,https://explore.overturemaps.org/#id=99131697-e7d0-4842-a1e7-2f19ec2e8e86,,domain:robertfellspropertymanagement.co.uk,442088615781,robertfellspropertymanagement.co.uk,robert fells property management,London,United Kingdom,Robert Fells Property Management,8574
8575,B,70,Rochester,USA,Rochester Property Management Group,,property_management,"411 Woodward Ave, Rochester, MI",+12486508983,1,,,High,,,,overture:92c0e52c-757c-473d-af16-c538a24f5f03,46249,New,Recall-first: plausible adjacent hospitality/STR buyer retained.,https://RochesterPMG.com/,support@rochesterpmg.com,,,,,,,,,Email,Medium,Recall-first,https://explore.overturemaps.org/#id=92c0e52c-757c-473d-af16-c538a24f5f03,,domain:rochesterpmg.com,12486508983,rochesterpmg.com,rochester property management group,Rochester,USA,Rochester Property Management Group,8575
8576,B,70,Janesville,USA,Rocket Realty and Property Management,,property_management,"1360 Excalibur Dr, Janesville, WI",+19203978200,1,,,High,,,,overture:7226af8e-ba79-4a76-a99f-7c6f622b9916,46249,New,Recall-first: plausible adjacent hospitality/STR buyer retained.,http://www.rocketpropertyinvestments.com/,luther@rocketpropertyinvestments.com,,,,,,,,,Email,Medium,Recall-first,https://explore.overturemaps.org/#id=7226af8e-ba79-4a76-a99f-7c6f622b9916,,domain:rocketpropertyinvestments.com,19203978200,rocketpropertyinvestments.com,rocket realty and property management,Janesville,USA,Rocket Realty and Property Management,8576
8577,A,88,Θήρα,Greece,Rock Villas & Rock Dandy Chalets,,hotel,"Santorini | Arachova - Delphi | Kaimaktsalan, Θήρα",+306937277277,1,,,High,,,,overture:fbed58a8-67ad-48ad-accd-f45c6240c0a2,46249,New,,http://www.rockvillas.gr/,welcome@rockvillas.gr,,https://www.instagram.com/rockvillas.rockdandy/,,,,,,,Email,High,Verified,https://explore.overturemaps.org/#id=fbed58a8-67ad-48ad-accd-f45c6240c0a2,,domain:rockvillas.gr,306937277277,rockvillas.gr,rock villas rock dandy chalets,Θήρα,Greece,Rock Villas & Rock Dandy Chalets,8577
8578,B,70,Bountiful,USA,Rockwell Property Management Inc.,,property_management,"513 W 2600 S, Bountiful, UT",+18016771890,1,,,High,,,,overture:d7c7a563-cbc9-4d58-a0eb-3cc349aecbc7,46249,New,Recall-first: plausible adjacent hospitality/STR buyer retained.,http://www.rockwellpm.com/,leasing@rockwellpm.com,,,,,,,,,Email,Medium,Recall-first,https://explore.overturemaps.org/#id=d7c7a563-cbc9-4d58-a0eb-3cc349aecbc7,,domain:rockwellpm.com,18016771890,rockwellpm.com,rockwell property management inc,Bountiful,USA,Rockwell Property Management Inc.,8578
8579,A,91,Lake City,USA,Rocky Top Vacation Home Rentals,,cabin,"1415 N State Highway 149, Lake City, CO",+19709442780,1,,,High,,,,overture:c538b9b7-79f6-4d4e-81d5-4880b26f0e1f,46249,New,,http://www.rockytopvacationhomerentals.com/,rockytoplakecity@gmail.com,,,,,,,,,Email,Medium,Verified,https://explore.overturemaps.org/#id=c538b9b7-79f6-4d4e-81d5-4880b26f0e1f,,domain:rockytopvacationhomerentals.com,19709442780,rockytopvacationhomerentals.com,rocky top vacation home rentals,Lake City,USA,Rocky Top Vacation Home Rentals,8579
8580,A,88,Κολυμβάρι,Greece,Rodanthi Villas,,hotel,"Darmarohori, Κολυμβάρι",+306907257615,1,,,High,,,,overture:d13f650f-b07c-4243-bd3c-6bc1ae8be875,46249,New,,http://www.rodanthivillas.gr/,info@rodanthivillas.gr,,,,,,,,,Email,High,Verified,https://explore.overturemaps.org/#id=d13f650f-b07c-4243-bd3c-6bc1ae8be875,,domain:rodanthivillas.gr,306907257615,rodanthivillas.gr,rodanthi villas,Κολυμβάρι,Greece,Rodanthi Villas,8580
8581,A,88,Heraklion,Greece,Rogdia Luxury Villas in Crete,,hotel,"Village Rogdia, Heraklion",+306936805714,1,,,High,,,,overture:d89a3699-66be-43ea-94fa-5756e6e4a07e,46249,New,,http://www.rogdiavilla.com/,rogdialuxuryvillas@gmail.com,,https://www.instagram.com/rogdiavillascrete/,,,,,,,Email,High,Verified,https://explore.overturemaps.org/#id=d89a3699-66be-43ea-94fa-5756e6e4a07e,,domain:rogdiavilla.com,306936805714,rogdiavilla.com,rogdia luxury villas in crete,Heraklion,Greece,Rogdia Luxury Villas in Crete,8581
8582,B,70,Creedmoor,USA,Rogers Property Management,,property_management,"602 N Durham Ave, Creedmoor, NC",+19195292965,1,,,High,,,,overture:02804176-e920-49d5-aa07-d52781212aef,46249,New,Recall-first: plausible adjacent hospitality/STR buyer retained.,http://rogerspm-nc.com/,info@rogerspm-nc.com,,https://www.instagram.com/rogerspropertymanagement/,,,,,,,Email,Medium,Recall-first,https://explore.overturemaps.org/#id=02804176-e920-49d5-aa07-d52781212aef,,domain:rogerspm-nc.com,19195292965,rogerspm-nc.com,rogers property management,Creedmoor,USA,Rogers Property Management,8582
8583,B,70,Bath,United Kingdom,Roman City Property Management Ltd,,property_management,"24 Claverton Buildings, Bath, ENG",+441225332030,1,,,High,,,,overture:2b1e8ca6-6608-467f-a088-c269fbc9d1c5,46249,New,Recall-first: plausible adjacent hospitality/STR buyer retained.,https://www.romancity.co.uk/,office@romancity.co.uk,,https://www.instagram.com/romancityproperty/,,,,,,,Email,Medium,Recall-first,https://explore.overturemaps.org/#id=2b1e8ca6-6608-467f-a088-c269fbc9d1c5,,domain:romancity.co.uk,441225332030,romancity.co.uk,roman city property management ltd,Bath,United Kingdom,Roman City Property Management Ltd,8583
8584,A,88,Χερσόνησος,Greece,Romantica Beach Villas,,hotel,Χερσόνησος,+306936880578,1,,,High,,,,overture:bebaacfb-86a3-479f-a0bf-c94308cec6fe,46249,New,,http://www.romantica.gr/,guest@romantica.gr,,,,,,,,,Email,High,Verified,https://explore.overturemaps.org/#id=bebaacfb-86a3-479f-a0bf-c94308cec6fe,,domain:romantica.gr,306936880578,romantica.gr,romantica beach villas,Χερσόνησος,Greece,Romantica Beach Villas,8584
8585,A,88,Εσπέριοι,Greece,Romanza Villas,,hotel,"San Stefanos, Εσπέριοι",+306988713292,1,,,High,,,,overture:8c958c64-d914-45ea-82ad-236b8617609d,46249,New,,http://romanzavillas.com/,info@romanzavillas.com,,,,,,,,,Email,High,Verified,https://explore.overturemaps.org/#id=8c958c64-d914-45ea-82ad-236b8617609d,,domain:romanzavillas.com,306988713292,romanzavillas.com,romanza villas,Εσπέριοι,Greece,Romanza Villas,8585
8586,A,88,Δημοτική Ενότητα Σητείας,Greece,Romanza Villas,,hotel,Δημοτική Ενότητα Σητείας,+302843023314,1,,,High,,,,overture:b867bdaa-cd0a-473f-8cf8-cd00d1911ad1,46249,New,,http://www.romanzavillas.gr/,romanzaviilas@hotmail.com,,,,,,,,,Email,Medium,Verified,https://explore.overturemaps.org/#id=b867bdaa-cd0a-473f-8cf8-cd00d1911ad1,,domain:romanzavillas.gr,302843023314,romanzavillas.gr,romanza villas,Δημοτική Ενότητα Σητείας,Greece,Romanza Villas,8586
8587,B,70,Millcreek,USA,"Romsett Property Management, LLC",,property_management,"2120 E Greenbriar Way, Millcreek, UT",+18012148488,1,,,High,,,,overture:e018d3c9-2391-4091-b445-61b0e68bd7a9,46249,New,Recall-first: plausible adjacent hospitality/STR buyer retained.,http://www.romsett.com/,dustin@romsett.com,,,,,,,,,Email,Medium,Recall-first,https://explore.overturemaps.org/#id=e018d3c9-2391-4091-b445-61b0e68bd7a9,,domain:romsett.com,18012148488,romsett.com,romsett property management llc,Millcreek,USA,"Romsett Property Management, LLC",8587
8588,A,91,Phoenix,USA,Roosevelt Row Vacation Rentals,,holiday_rental_home,"712 E Pierce St, Phoenix, AZ",+16028550828,1,,,High,,,,overture:e5071019-45bf-4f0c-8f0a-af07d46ceebc,46249,New,,https://rooseveltrowvacationrentals.com/,tericlsfitness@gmail.com,,https://www.instagram.com/rooseveltrowvacationrentals/,,,,,,,Email,Medium,Verified,https://explore.overturemaps.org/#id=e5071019-45bf-4f0c-8f0a-af07d46ceebc,,domain:rooseveltrowvacationrentals.com,16028550828,rooseveltrowvacationrentals.com,roosevelt row vacation rentals,Phoenix,USA,Roosevelt Row Vacation Rentals,8588
8589,B,70,Munster,USA,Rose Real Estate Inc,,property_management,"1846 45th St, Munster, IN",+12198362400,1,,,High,,,,overture:616bb1c5-bda0-40b7-a3d7-323414a54b6a,46249,New,Recall-first: plausible adjacent hospitality/STR buyer retained.,http://www.rose-re.com/,info@rose-re.com,,,,,,,,,Email,Medium,Recall-first,https://explore.overturemaps.org/#id=616bb1c5-bda0-40b7-a3d7-323414a54b6a,,domain:rose-re.com,12198362400,rose-re.com,rose real estate inc,Munster,USA,Rose Real Estate Inc,8589
8590,A,91,St Ives,United Kingdom,"Rose Cottage Holiday Home, Lelant St Ives",,cottage,"Lelant, St Ives, ENG",,1,,,High,,,,overture:2fb5c41d-6f41-4b61-826b-e94334cc9212,46249,New,,https://www.rosecottagestives.co.uk/,rosecottstives@outlook.com,,,,,,,,,Email,High,Verified,https://explore.overturemaps.org/#id=2fb5c41d-6f41-4b61-826b-e94334cc9212,,domain:rosecottagestives.co.uk,,rosecottagestives.co.uk,rose cottage holiday home lelant st ives,St Ives,United Kingdom,"Rose Cottage Holiday Home, Lelant St Ives",8590
8591,A,88,Ρέθυμνο,Greece,Villa Artemis / Rose Villas,,hotel,", Astéri, Rethimni, Greece, 74100, Ρέθυμνο",+306982870439,1,,,High,,,,overture:e3f5943a-d113-4d41-9f5d-9e770c31e8be,46249,New,,http://www.rosevillas.gr/,rosevillasgr@gmail.com,,https://www.instagram.com/rose_villas_in_asteri/,,,,,,,Email,High,Verified,https://explore.overturemaps.org/#id=e3f5943a-d113-4d41-9f5d-9e770c31e8be,,domain:rosevillas.gr,306982870439,rosevillas.gr,villa artemis rose villas,Ρέθυμνο,Greece,Villa Artemis / Rose Villas,8591
8592,A,88,Δήμος Ρεθύμνης,Greece,Roupes Villas,,hotel,"Epar.Od. Viran Episkopis-Monis Arkadiou, Δήμος Ρεθύμνης",+306983638482,1,,,High,,,,overture:34f75a3c-1e76-46e4-a41f-8657758b9dc6,46249,New,,http://roupesvillas.gr/,info@roupesvillas.gr,,,,,,,,,Email,High,Verified,https://explore.overturemaps.org/#id=34f75a3c-1e76-46e4-a41f-8657758b9dc6,,domain:roupesvillas.gr,306983638482,roupesvillas.gr,roupes villas,Δήμος Ρεθύμνης,Greece,Roupes Villas,8592
8593,A,88,Murrells Inlet,USA,Oceanfront Condo 1506 at Royal Garden Resort,,hotel,"1210 N Waccamaw Dr, Murrells Inlet, SC",+18004464010,1,,,High,,,,overture:cb2205e1-6cbe-4f10-a33e-31111e47a519,46249,New,,https://www.royalgardenresort.com/rentals/royal-garden-resort-1506,sheliatrull@gmail.com,,,,,,,,,Email,High,Verified,https://explore.overturemaps.org/#id=cb2205e1-6cbe-4f10-a33e-31111e47a519,,domain:royalgardenresort.com,18004464010,royalgardenresort.com,oceanfront condo 1506 at royal garden resort,Murrells Inlet,USA,Oceanfront Condo 1506 at Royal Garden Resort,8593
8594,B,70,Williamston,USA,Renaissance Property Management,,property_management,"170 E Grand River Ave, Williamston, MI",+15173497355,1,,,High,,,,overture:7e128af9-7c74-4639-a7f6-3648cfc646c6,46249,New,Recall-first: plausible adjacent hospitality/STR buyer retained.,http://www.rpm4rent.com/,rpm@rpm4rent.com,,,,,,,,,Email,Medium,Recall-first,https://explore.overturemaps.org/#id=7e128af9-7c74-4639-a7f6-3648cfc646c6,,domain:rpm4rent.com,15173497355,rpm4rent.com,renaissance property management,Williamston,USA,Renaissance Property Management,8594
8595,B,70,Albuquerque,USA,Real Property Management Albuquerque,,property_management,"306 Isleta Blvd SW, Albuquerque, NM",+15058318700,1,,,High,,,,overture:0e8620b8-d271-4fe1-8e16-8df71ecbeb68,46249,New,Recall-first: plausible adjacent hospitality/STR buyer retained.,https://www.rpmabq.com/?cid=LSTL_RPM000183,support@rpmabq.com,,https://www.instagram.com/rpm_abq/,,,,,,,Email,Medium,Recall-first,https://explore.overturemaps.org/#id=0e8620b8-d271-4fe1-8e16-8df71ecbeb68,,domain:rpmabq.com,15058318700,rpmabq.com,real property management albuquerque,Albuquerque,USA,Real Property Management Albuquerque,8595
8596,B,70,McDonough,USA,Real Property Management Anchor,,real_estate_agent,"200 Turner St, McDonough, GA",(770) 506-1237,1,,,High,,,,overture:91f5790a-7a6f-45c8-9858-b0439fc0f8ae,46249,New,Recall-first: plausible adjacent hospitality/STR buyer retained.,https://www.rpmanchor.com,walt.holzman@rpmanchor.com,,,,,,,,,Email,Medium,Recall-first,https://explore.overturemaps.org/#id=91f5790a-7a6f-45c8-9858-b0439fc0f8ae,,domain:rpmanchor.com,7705061237,rpmanchor.com,real property management anchor,McDonough,USA,Real Property Management Anchor,8596
8597,B,70,Providence,USA,Real Property Management Cache Valley,,property_management,"221 N Gateway Dr, Providence, UT",+14357535200,1,,,High,,,,overture:ef38acc3-8150-40c9-aeea-2df6a31d59bd,46249,New,Recall-first: plausible adjacent hospitality/STR buyer retained.,https://www.rpmcachevalley.com/?cid=LSTL_RPM000183,info@rpmcachevalley.com,,,,,,,,,Email,Medium,Recall-first,https://explore.overturemaps.org/#id=ef38acc3-8150-40c9-aeea-2df6a31d59bd,,domain:rpmcachevalley.com,14357535200,rpmcachevalley.com,real property management cache valley,Providence,USA,Real Property Management Cache Valley,8597
8598,B,70,Modesto,USA,RPM Central Valley,,property_management,"717 16th St, Modesto, CA",+12095722222,1,,,High,,,,overture:6a484c37-4e38-4883-b503-55a5c7e8fa74,46249,New,Recall-first: plausible adjacent hospitality/STR buyer retained.,https://www.rpmcentralvalley.com/,info@rpmcentralvalley.com,,https://www.instagram.com/valleywide_pm/,,,,,,,Email,Medium,Recall-first,https://explore.overturemaps.org/#id=6a484c37-4e38-4883-b503-55a5c7e8fa74,,domain:rpmcentralvalley.com,12095722222,rpmcentralvalley.com,rpm central valley,Modesto,USA,RPM Central Valley,8598
8599,B,70,Reno,USA,Real Property Management Corazon,,property_management,"1875 Plumas St, Reno, NV",+17758261414,1,,,High,,,,overture:37e78123-9d37-497d-8218-ac26a6620314,46249,New,Recall-first: plausible adjacent hospitality/STR buyer retained.,https://www.rpmcorazon.com/?cid=LSTL_RPM000183,kris@rpmcorazon.com,,,,,,,,,Email,Medium,Recall-first,https://explore.overturemaps.org/#id=37e78123-9d37-497d-8218-ac26a6620314,,domain:rpmcorazon.com,17758261414,rpmcorazon.com,real property management corazon,Reno,USA,Real Property Management Corazon,8599
8600,A,91,Περιφέρεια Ιονίων Νήσων,Greece,Rental Property Management Corfu,,holiday_rental_home,"RPM corfu, Περιφέρεια Ιονίων Νήσων",+306906469249,1,,,High,,,,overture:42b8dcf8-a60c-4717-95fd-0cc62d908cbb,46249,New,,https://www.rpmcorfu.com/,info@rpmcorfu.com,,,,,,,,,Email,High,Verified,https://explore.overturemaps.org/#id=42b8dcf8-a60c-4717-95fd-0cc62d908cbb,,domain:rpmcorfu.com,306906469249,rpmcorfu.com,rental property management corfu,Περιφέρεια Ιονίων Νήσων,Greece,Rental Property Management Corfu,8600
8601,B,70,Lombard,USA,Real Property Management Dupage Preferred,,property_management,"450 E 22nd St, Lombard, IL",+16304272200,1,,,High,,,,overture:a4469e6b-89bd-4db7-92e1-264428a94a0c,46249,New,Recall-first: plausible adjacent hospitality/STR buyer retained.,https://www.rpmdupage.com/?cid=LSTL_RPM000183,info@rpmdupage.com,,,,,,,,,Email,Medium,Recall-first,https://explore.overturemaps.org/#id=a4469e6b-89bd-4db7-92e1-264428a94a0c,,domain:rpmdupage.com,16304272200,rpmdupage.com,real property management dupage preferred,Lombard,USA,Real Property Management Dupage Preferred,8601
8602,B,70,Marietta,USA,Real Property Management,,property_management,"3535 Roswell Rd, Marietta, GA",+17706225657,1,,,High,,,,overture:ea7eaf96-f017-46a4-ad2b-3318c59831ae,46249,New,Recall-first: plausible adjacent hospitality/STR buyer retained.,https://www.rpmeastcobb.com/?cid=LSTL_RPM000183,tcollins@rpmeastcobb.com,,,,,,,,,Email,Medium,Recall-first,https://explore.overturemaps.org/#id=ea7eaf96-f017-46a4-ad2b-3318c59831ae,,domain:rpmeastcobb.com,17706225657,rpmeastcobb.com,real property management,Marietta,USA,Real Property Management,8602
8603,B,70,Sugar Hill,USA,Real Property Management Executives Greater Atlanta,,property_management,"1400 Buford Hwy, Sugar Hill, GA",+16787658383,1,,,High,,,,overture:5bad9860-9f25-4948-abed-b0278dea931b,46249,New,Recall-first: plausible adjacent hospitality/STR buyer retained.,https://www.rpmgreateratlanta.com/?cid=LSTL_RPM000183,bhunter@rpmgreateratlanta.com,,https://www.instagram.com/rpmgreateratlanta/,,,,,,,Email,Medium,Recall-first,https://explore.overturemaps.org/#id=5bad9860-9f25-4948-abed-b0278dea931b,,domain:rpmgreateratlanta.com,16787658383,rpmgreateratlanta.com,real property management executives greater atlanta,Sugar Hill,USA,Real Property Management Executives Greater Atlanta,8603
8604,B,70,Madison,USA,Real Property Management Greater Madison Metro,,property_management,"6441 Enterprise Ln, Madison, WI",+16083101290,1,,,High,,,,overture:b559c30f-2054-4d59-9d80-3d85261a6054,46249,New,Recall-first: plausible adjacent hospitality/STR buyer retained.,https://www.rpmgreatermadison.com/?cid=LSTL_RPM000183,info@rpmgreatermadison.com,,,,,,,,,Email,Medium,Recall-first,https://explore.overturemaps.org/#id=b559c30f-2054-4d59-9d80-3d85261a6054,,domain:rpmgreatermadison.com,16083101290,rpmgreatermadison.com,real property management greater madison metro,Madison,USA,Real Property Management Greater Madison Metro,8604
8605,B,70,Waukesha,USA,Real Property Management Greater Milwaukee Suburbs,,property_management,"401 W Main St, Waukesha, WI",+12623096961,1,,,High,,,,overture:9d3a2518-6e2a-4dd3-97d6-927c871d922e,46249,New,Recall-first: plausible adjacent hospitality/STR buyer retained.,https://www.rpmgreatermilwaukee.com/?cid=LSTL_RPM000183,info@rpmgreatermilwaukee.com,,,,,,,,,Email,Medium,Recall-first,https://explore.overturemaps.org/#id=9d3a2518-6e2a-4dd3-97d6-927c871d922e,,domain:rpmgreatermilwaukee.com,12623096961,rpmgreatermilwaukee.com,real property management greater milwaukee suburbs,Waukesha,USA,Real Property Management Greater Milwaukee Suburbs,8605
8606,B,70,Lawrenceville,USA,Real Property Management of Greater Gwinnett,,property_management,"440 S Perry St, Lawrenceville, GA",+16788357255,1,,,High,,,,overture:2aa93d91-696b-4f1c-bd8b-1886f63f34ac,46249,New,Recall-first: plausible adjacent hospitality/STR buyer retained.,https://www.rpmgwinnett.com/?cid=LSTL_RPM000183,info@rpmgwinnett.com,,https://www.instagram.com/rpmgreatergwinnett/,,,,,,,Email,Medium,Recall-first,https://explore.overturemaps.org/#id=2aa93d91-696b-4f1c-bd8b-1886f63f34ac,,domain:rpmgwinnett.com,16788357255,rpmgwinnett.com,real property management of greater gwinnett,Lawrenceville,USA,Real Property Management of Greater Gwinnett,8606
8607,B,70,Detroit,USA,Real Property Management Main,,property_management,"453 Forest Ave W, Detroit, MI",+12489051246,1,,,High,,,,overture:1cb61235-0dcc-47e6-a640-5e33d5135da9,46249,New,Recall-first: plausible adjacent hospitality/STR buyer retained.,https://www.rpmmain.com/?cid=LSTL_RPM000183,leasing@rpmmain.com,,,,,,,,,Email,Medium,Recall-first,https://explore.overturemaps.org/#id=1cb61235-0dcc-47e6-a640-5e33d5135da9,,domain:rpmmain.com,12489051246,rpmmain.com,real property management main,Detroit,USA,Real Property Management Main,8607
8608,B,70,Atlanta,USA,Real Property Management Metro Atlanta,,property_management,"2033 Hosea L Williams Dr SE, Atlanta, GA",+16788093477,1,,,High,,,,overture:b5753fc4-aa42-40b7-8ea7-f85ad63c2871,46249,New,Recall-first: plausible adjacent hospitality/STR buyer retained.,http://www.rpmmetroatl.com/,info@rpmmetroatl.com,,,,,,,,,Email,Medium,Recall-first,https://explore.overturemaps.org/#id=b5753fc4-aa42-40b7-8ea7-f85ad63c2871,,domain:rpmmetroatl.com,16788093477,rpmmetroatl.com,real property management metro atlanta,Atlanta,USA,Real Property Management Metro Atlanta,8608
8609,B,70,Columbia,USA,Real Property Management Midlands,,property_management,"24 Office Park Ct, Columbia, SC",+18034038838,1,,,High,,,,overture:47a08854-4dd5-40a8-ae3b-7dd550c1e8e2,46249,New,Recall-first: plausible adjacent hospitality/STR buyer retained.,https://www.rpmmidlands.com/?cid=LSTL_RPM000183,office@rpmmidlands.com,,,,,,,,,Email,Medium,Recall-first,https://explore.overturemaps.org/#id=47a08854-4dd5-40a8-ae3b-7dd550c1e8e2,,domain:rpmmidlands.com,18034038838,rpmmidlands.com,real property management midlands,Columbia,USA,Real Property Management Midlands,8609
8610,B,70,Oakland,USA,Real Property Management Pacific,,property_management,"3911 Harrison St, Oakland, CA",+15109004544,1,,,High,,,,overture:7b12b23d-99ce-4b8d-aee1-d853ff40fe33,46249,New,Recall-first: plausible adjacent hospitality/STR buyer retained.,http://www.rpmpacific.com/,info@rpmpacific.com,,,,,,,,,Email,Medium,Recall-first,https://explore.overturemaps.org/#id=7b12b23d-99ce-4b8d-aee1-d853ff40fe33,,domain:rpmpacific.com,15109004544,rpmpacific.com,real property management pacific,Oakland,USA,Real Property Management Pacific,8610
8611,B,70,Limerick,Ireland,Resource Property Management,,real_estate_agent,"Maiden St, Limerick",+3536961451,1,,,High,,,,overture:9ba7c3d9-76ce-41e6-96dc-466cd8c7745f,46249,New,Recall-first: plausible adjacent hospitality/STR buyer retained.,https://www.rpmproperty.ie/,info@rpmproperty.ie,,https://www.instagram.com/rpmproperty.ie/,,,,,,,Email,Medium,Recall-first,https://explore.overturemaps.org/#id=9ba7c3d9-76ce-41e6-96dc-466cd8c7745f,,domain:rpmproperty.ie,3536961451,rpmproperty.ie,resource property management,Limerick,Ireland,Resource Property Management,8611
8612,B,70,Raleigh,USA,Real Property Management Raleigh,,property_management,"8480 Honeycutt Rd, Raleigh, NC",+19194810008,1,,,High,,,,overture:425b4ff8-7bdb-4ad4-b334-7e50866abdbe,46249,New,Recall-first: plausible adjacent hospitality/STR buyer retained.,https://www.rpmraleigh.com/?cid=LSTL_RPM000183,heather@rpmraleigh.com,,,,,,,,,Email,Medium,Recall-first,https://explore.overturemaps.org/#id=425b4ff8-7bdb-4ad4-b334-7e50866abdbe,,domain:rpmraleigh.com,19194810008,rpmraleigh.com,real property management raleigh,Raleigh,USA,Real Property Management Raleigh,8612
8613,B,70,Rotherham,United Kingdom,Resource Property Management,,property_management,"55 Moorgate Street, Rotherham, ENG",+447872474676,1,,,High,,,,overture:ad39d70e-44e4-492c-afb8-58cf84d0d812,46249,New,Recall-first: plausible adjacent hospitality/STR buyer retained.,https://www.rpmrentals.uk/,rpm247ltd@gmail.com,,,,,,,,,Email,Medium,Recall-first,https://explore.overturemaps.org/#id=ad39d70e-44e4-492c-afb8-58cf84d0d812,,domain:rpmrentals.uk,447872474676,rpmrentals.uk,resource property management,Rotherham,United Kingdom,Resource Property Management,8613
8614,B,70,Tucson,USA,Real Property Management Rincon,,property_management,"6380 E Tanque Verde Rd, Tucson, AZ",+15208294500,1,,,High,,,,overture:fc0c8cfb-6f74-48e1-916c-9e2594c56636,46249,New,Recall-first: plausible adjacent hospitality/STR buyer retained.,https://www.rpmrincon.com/?cid=LSTL_RPM000183,cjudd@rpmrincon.com,,,,,,,,,Email,Medium,Recall-first,https://explore.overturemaps.org/#id=fc0c8cfb-6f74-48e1-916c-9e2594c56636,,domain:rpmrincon.com,15208294500,rpmrincon.com,real property management rincon,Tucson,USA,Real Property Management Rincon,8614
8615,B,70,Albuquerque,USA,Real Property Management Rio Grande,,property_management,"2111 Wyoming Blvd NE, Albuquerque, NM",+15052924765,1,,,High,,,,overture:f061e026-c960-4562-8729-1c41f6c68f47,46249,New,Recall-first: plausible adjacent hospitality/STR buyer retained.,https://www.rpmriogrande.com/?cid=LSTL_RPM000183,mark@rpmriogrande.com,,,,,,,,,Email,Medium,Recall-first,https://explore.overturemaps.org/#id=f061e026-c960-4562-8729-1c41f6c68f47,,domain:rpmriogrande.com,15052924765,rpmriogrande.com,real property management rio grande,Albuquerque,USA,Real Property Management Rio Grande,8615
8616,B,70,St George,USA,Real Property Management Southern Utah,,property_management,"295 N Bluff St, St George, UT",+14356734242,1,,,High,,,,overture:79aadeb7-95cc-4434-adde-50c1ca9102e7,46249,New,Recall-first: plausible adjacent hospitality/STR buyer retained.,https://www.rpmsouthernutah.com/?cid=LSTL_RPM000183,info@rpmsouthernutah.com,,,,,,,,,Email,Medium,Recall-first,https://explore.overturemaps.org/#id=79aadeb7-95cc-4434-adde-50c1ca9102e7,,domain:rpmsouthernutah.com,14356734242,rpmsouthernutah.com,real property management southern utah,St George,USA,Real Property Management Southern Utah,8616
8617,B,70,Fayetteville,USA,Real Property Management SuiteLife,,property_management,"210 J Arthur Rank Ave, Fayetteville, GA",+16785521915,1,,,High,,,,overture:d292ff9a-e86e-41df-a39a-9adf20133f6c,46249,New,Recall-first: plausible adjacent hospitality/STR buyer retained.,http://www.rpmsuitelife.com/?cid=LSTL_RPM000263,paul@rpmsuitelife.com,,,,,,,,,Email,Medium,Recall-first,https://explore.overturemaps.org/#id=d292ff9a-e86e-41df-a39a-9adf20133f6c,,domain:rpmsuitelife.com,16785521915,rpmsuitelife.com,real property management suitelife,Fayetteville,USA,Real Property Management SuiteLife,8617
8618,B,70,Dearborn,USA,Real Property Management Synergy,,property_management,"19855 Outer Dr, Dearborn, MI",+12487643119,1,,,High,,,,overture:182b7514-13d5-447f-b317-cc66a2e1323e,46249,New,Recall-first: plausible adjacent hospitality/STR buyer retained.,https://www.rpmsynergy.com/?cid=LSTL_RPM000183,info@rpmsynergy.com,,,,,,,,,Email,Medium,Recall-first,https://explore.overturemaps.org/#id=182b7514-13d5-447f-b317-cc66a2e1323e,,domain:rpmsynergy.com,12487643119,rpmsynergy.com,real property management synergy,Dearborn,USA,Real Property Management Synergy,8618
8619,B,70,Greensboro,USA,Real Property Management of The Triad,,property_management,"1901 Lendew St, Greensboro, NC",+13363556677,1,,,High,,,,overture:5a3f08ca-2beb-446a-8afd-60f3f62931e1,46249,New,Recall-first: plausible adjacent hospitality/STR buyer retained.,https://www.rpmtriad.com/?cid=LSTL_RPM000183,support@rpmtriad.com,,https://www.instagram.com/rpmtriad/,,,,,,,Email,Medium,Recall-first,https://explore.overturemaps.org/#id=5a3f08ca-2beb-446a-8afd-60f3f62931e1,,domain:rpmtriad.com,13363556677,rpmtriad.com,real property management of the triad,Greensboro,USA,Real Property Management of The Triad,8619
8620,B,70,Greenville,USA,Real Property Management Upcountry,,property_management,"37 Villa Rd, Greenville, SC",+18648079807,1,,,High,,,,overture:b4f2a455-bf2f-4d57-8255-b289d70bac95,46249,New,Recall-first: plausible adjacent hospitality/STR buyer retained.,https://www.rpmupcountry.com/?cid=LSTL_RPM000183,hannahtinsley@rpmupcountry.com,,,,,,,,,Email,Medium,Recall-first,https://explore.overturemaps.org/#id=b4f2a455-bf2f-4d57-8255-b289d70bac95,,domain:rpmupcountry.com,18648079807,rpmupcountry.com,real property management upcountry,Greenville,USA,Real Property Management Upcountry,8620
8621,B,70,Orem,USA,Real Property Management Utah County,,property_management,"1366 S 740 E, Orem, UT",+18012240033,1,,,High,,,,overture:74a1c60d-7fe0-4a4a-9dd1-e5d6dc838b0b,46249,New,Recall-first: plausible adjacent hospitality/STR buyer retained.,https://www.rpmutahcounty.com/?cid=LSTL_RPM000183,info@rpmutahcounty.com,,,,,,,,,Email,Medium,Recall-first,https://explore.overturemaps.org/#id=74a1c60d-7fe0-4a4a-9dd1-e5d6dc838b0b,,domain:rpmutahcounty.com,18012240033,rpmutahcounty.com,real property management utah county,Orem,USA,Real Property Management Utah County,8621
8622,B,70,Taylorsville,USA,Real Property Management Wasatch,,property_management,"4548 S Atherton Dr, Taylorsville, UT",+18013637368,1,,,High,,,,overture:43dc5cb3-8a51-46db-8a6f-2043066b874e,46249,New,Recall-first: plausible adjacent hospitality/STR buyer retained.,https://www.rpmwasatch.com/?cid=LSTL_RPM000183,lease@rpmwasatch.com,,,,,,,,,Email,Medium,Recall-first,https://explore.overturemaps.org/#id=43dc5cb3-8a51-46db-8a6f-2043066b874e,,domain:rpmwasatch.com,18013637368,rpmwasatch.com,real property management wasatch,Taylorsville,USA,Real Property Management Wasatch,8622
8623,B,70,Savannah,USA,Rendezvous Property Management,,property_management,"2108 Drayton St, Savannah, GA",+19125251160,1,,,High,,,,overture:adb15ec0-1e4b-4734-9e64-cc0d134a64d7,46249,New,Recall-first: plausible adjacent hospitality/STR buyer retained.,https://rpropmgt.com/,info@rpropmgt.com,,https://www.instagram.com/rendezvouspropertymanagement/,,,,,,,Email,Medium,Recall-first,https://explore.overturemaps.org/#id=adb15ec0-1e4b-4734-9e64-cc0d134a64d7,,domain:rpropmgt.com,19125251160,rpropmgt.com,rendezvous property management,Savannah,USA,Rendezvous Property Management,8623
8624,B,70,Citrus Heights,USA,RPS Property Management,,property_management,"7649 Sunrise Blvd, Citrus Heights, CA",+19168971200,1,,,High,,,,overture:7f828ed6-77fc-45ae-843b-2639edc9ae46,46249,New,Recall-first: plausible adjacent hospitality/STR buyer retained.,https://www.rpssac.com/about-us,carole@rpssac.com,,,,,,,,,Email,Medium,Recall-first,https://explore.overturemaps.org/#id=7f828ed6-77fc-45ae-843b-2639edc9ae46,,domain:rpssac.com,19168971200,rpssac.com,rps property management,Citrus Heights,USA,RPS Property Management,8624
8625,B,70,Colorado Springs,USA,RS Property Management LLC,,property_management,"1755 Telstar Dr, Colorado Springs, CO",+17196615593,1,,,High,,,,overture:fbc937e9-d07d-43a7-a04f-409c194b9b6f,46249,New,Recall-first: plausible adjacent hospitality/STR buyer retained.,http://www.RSpropertymgmt.com/,rspropertymgmt@gmail.com,,,,,,,,,Email,Medium,Recall-first,https://explore.overturemaps.org/#id=fbc937e9-d07d-43a7-a04f-409c194b9b6f,,domain:rspropertymgmt.com,17196615593,rspropertymgmt.com,rs property management llc,Colorado Springs,USA,RS Property Management LLC,8625
8626,B,70,Greenville,USA,Russell Property Management,,property_management,"106 Regency Blvd, Greenville",+12523297368,1,,,High,,,,overture:5a6d0a4c-7837-4f47-8bf0-66f1acd20722,46249,New,Recall-first: plausible adjacent hospitality/STR buyer retained.,http://www.russellpm.com/,rocky@russellpm.com,,,,,,,,,Email,Medium,Recall-first,https://explore.overturemaps.org/#id=5a6d0a4c-7837-4f47-8bf0-66f1acd20722,,domain:russellpm.com,12523297368,russellpm.com,russell property management,Greenville,USA,Russell Property Management,8626
8627,A,91,Guerneville,USA,Russian River Vacation Rentals,,holiday_rental_home,"16212 Main St, Guerneville, CA",+17078782204,1,,,High,,,,overture:98a437f3-bf97-48d6-b787-62791807f1f3,46249,New,,http://www.russianriverrentals.com/,info@russianriverrentals.com,,https://www.instagram.com/vacasa/,,,,,,,Email,High,Verified,https://explore.overturemaps.org/#id=98a437f3-bf97-48d6-b787-62791807f1f3,,domain:russianriverrentals.com,17078782204,russianriverrentals.com,russian river vacation rentals,Guerneville,USA,Russian River Vacation Rentals,8627
8628,A,88,Λευκάδα,Greece,Rustic Luxury Villa Lefkas Greece,,hotel,Λευκάδα,+306978950129,1,,,High,,,,overture:b1a53894-c09e-4d88-b0da-3c4c33390ca9,46249,New,,http://www.rusticvilla.gr/,rusticvillagreece@gmail.com,,https://www.instagram.com/rusticluxuryvillalefkasgreece/,,,,,,,Email,High,Verified,https://explore.overturemaps.org/#id=b1a53894-c09e-4d88-b0da-3c4c33390ca9,,domain:rusticvilla.gr,306978950129,rusticvilla.gr,rustic luxury villa lefkas greece,Λευκάδα,Greece,Rustic Luxury Villa Lefkas Greece,8628
8629,B,70,Eau Claire,USA,River Valley Property Management,,property_management,"2822 London Rd, Eau Claire, WI",+17158338888,1,,,High,,,,overture:df2d3ba5-40fb-4b08-9e48-86a31345693b,46249,New,Recall-first: plausible adjacent hospitality/STR buyer retained.,http://rvpm.com/,rivervalleyproperty@hotmail.com,,,,,,,,,Email,Medium,Recall-first,https://explore.overturemaps.org/#id=df2d3ba5-40fb-4b08-9e48-86a31345693b,,domain:rvpm.com,17158338888,rvpm.com,river valley property management,Eau Claire,USA,River Valley Property Management,8629
8630,B,70,Leeds,United Kingdom,Glidefern Property Management,,property_management,"22 The Headrow, Leeds, ENG",+441133504160,1,,,High,,,,overture:cdf13202-1d99-4509-ad22-8f522203def8,46249,New,Recall-first: plausible adjacent hospitality/STR buyer retained.,http://www.rwlettings.co.uk/,info@rwlettings.co.uk,,https://www.instagram.com/rwlettings/,,,,,,,Email,Medium,Recall-first,https://explore.overturemaps.org/#id=cdf13202-1d99-4509-ad22-8f522203def8,,domain:rwlettings.co.uk,441133504160,rwlettings.co.uk,glidefern property management,Leeds,United Kingdom,Glidefern Property Management,8630
8631,B,70,Plymouth,USA,R & W Property Management LLC,,property_management,"1098 Ann Arbor Rd W, Plymouth, MI",+19472820117,1,,,High,,,,overture:10927362-9c2b-4f71-96c4-1ac353ff0693,46249,New,Recall-first: plausible adjacent hospitality/STR buyer retained.,http://www.rwpropertymgmt.com/,rwproperties2020@gmail.com,,https://www.instagram.com/rwpropertymgmt/,,,,,,,Email,Medium,Recall-first,https://explore.overturemaps.org/#id=10927362-9c2b-4f71-96c4-1ac353ff0693,,domain:rwpropertymgmt.com,19472820117,rwpropertymgmt.com,r w property management llc,Plymouth,USA,R & W Property Management LLC,8631
8632,B,70,London,United Kingdom,RXM Property Management LTD,,real_estate_service,"JKP Property Management, 152 City Road, London, ENG",+443301339534,1,,,High,,,,overture:b5928650-3c18-4381-a2c3-87b921f75f84,46249,New,Recall-first: plausible adjacent hospitality/STR buyer retained.,https://www.rxmpropertymanagement.co.uk/,info@rxmpropertymanagement.co.uk,,,,,,,,,Email,Medium,Recall-first,https://explore.overturemaps.org/#id=b5928650-3c18-4381-a2c3-87b921f75f84,,domain:rxmpropertymanagement.co.uk,443301339534,rxmpropertymanagement.co.uk,rxm property management ltd,London,United Kingdom,RXM Property Management LTD,8632
8633,A,88,Δήμος Κασσάνδρας,Greece,S4Sani Luxury Villas,,hotel,"Beach, Δήμος Κασσάνδρας",+306955656301,1,,,High,,,,overture:239e628d-178a-4138-b675-e54000982a73,46249,New,,http://www.s4sani.com/,info@s4sani.com,,,,,,,,,Email,High,Verified,https://explore.overturemaps.org/#id=239e628d-178a-4138-b675-e54000982a73,,domain:s4sani.com,306955656301,s4sani.com,s4sani luxury villas,Δήμος Κασσάνδρας,Greece,S4Sani Luxury Villas,8633
8634,A,88,Yalova,Greece,Sabel Villas Yalova,,hotel,"Yalova Termal Yolu 19A, 77100 Samanlı/Yalova Merkez/Yalova",+902269110123,1,,,High,,,,overture:18ea01d4-ec52-4d9b-ade2-c76570f260d3,46249,New,,https://sabelvillas.com/,tr.sabelvillas@gmail.com,,https://www.instagram.com/sabel_villas/,,,,,,,Email,High,Verified,https://explore.overturemaps.org/#id=18ea01d4-ec52-4d9b-ade2-c76570f260d3,,domain:sabelvillas.com,902269110123,sabelvillas.com,sabel villas yalova,Yalova,Greece,Sabel Villas Yalova,8634
8635,B,70,Atlanta,USA,Sabra Property Management,,property_management,"3300 Buckeye Rd, Atlanta, GA",+17702169344,1,,,High,,,,overture:10ef6dbb-7796-4c27-89ad-37765f199078,46249,New,Recall-first: plausible adjacent hospitality/STR buyer retained.,http://sabrapropertymgt.com/,spm@sabrapropertymgt.com,,,,,,,,,Email,Medium,Recall-first,https://explore.overturemaps.org/#id=10ef6dbb-7796-4c27-89ad-37765f199078,,domain:sabrapropertymgt.com,17702169344,sabrapropertymgt.com,sabra property management,Atlanta,USA,Sabra Property Management,8635
8636,B,70,Sandy,USA,Safeguard Property Management,,property_management,"11075 State St, Sandy, UT",+18015669339,1,,,High,,,,overture:a30ba8fd-3a56-4306-9e35-a6308fbeaf08,46249,New,Recall-first: plausible adjacent hospitality/STR buyer retained.,http://www.safeguardproperty.com,info@safeguardproperty.com,,,,,,,,,Email,Medium,Recall-first,https://explore.overturemaps.org/#id=a30ba8fd-3a56-4306-9e35-a6308fbeaf08,,domain:safeguardproperty.com,18015669339,safeguardproperty.com,safeguard property management,Sandy,USA,Safeguard Property Management,8636
8637,B,70,Savannah,USA,Sago Property Management,,property_management,"315 Commercial Dr, Savannah, GA",+19123302472,1,,,High,,,,overture:2e7bd68e-476b-4066-8f00-a7210cad1768,46249,New,Recall-first: plausible adjacent hospitality/STR buyer retained.,http://www.sagopropertymanagement.com/,stacie@sagopropertymanagement.com,,,,,,,,,Email,Medium,Recall-first,https://explore.overturemaps.org/#id=2e7bd68e-476b-4066-8f00-a7210cad1768,,domain:sagopropertymanagement.com,19123302472,sagopropertymanagement.com,sago property management,Savannah,USA,Sago Property Management,8637
8638,A,88,Fethiye,Greece,Sahra Su Holiday Village & Spa,,resort,"Gızelen Caddesi 9/1, Fethiye",+902523450470,1,,,High,,,,overture:a4ac4ae6-5bcf-45f9-91b7-03c42a82623e,46249,New,,http://www.sahrasuhotel.com,info@sahrasuhotel.com,,,,,,,,,Email,High,Verified,https://explore.overturemaps.org/#id=a4ac4ae6-5bcf-45f9-91b7-03c42a82623e,,domain:sahrasuhotel.com,902523450470,sahrasuhotel.com,sahra su holiday village spa,Fethiye,Greece,Sahra Su Holiday Village & Spa,8638
8639,A,88,Πάρος,Greece,Saint George Beachfront Resort,,hotel,"New Golden Beach, Πάρος",+302284043400,1,,,High,,,,overture:49120855-355c-44fc-917d-8f64748714ff,46249,New,,http://www.saintgeorgehotel.gr/,info@saintgeorgehotel.gr,,https://www.instagram.com/saintgeorge_beachfrontresort/,,,,,,,Email,High,Verified,https://explore.overturemaps.org/#id=49120855-355c-44fc-917d-8f64748714ff,,domain:saintgeorgehotel.gr,302284043400,saintgeorgehotel.gr,saint george beachfront resort,Πάρος,Greece,Saint George Beachfront Resort,8639
8640,A,88,Δήμος Θήρας,Greece,Saint John Villas,,hotel,Δήμος Θήρας,+306936819799,1,,,High,,,,overture:7784de2e-bab2-4515-9bfb-737714cf6dc2,46249,New,,https://www.saintjohn-santorini.com/,info@saintjohn-santorini.com,,https://www.instagram.com/saintjohnvillassantorini/,,,,,,,Email,High,Verified,https://explore.overturemaps.org/#id=7784de2e-bab2-4515-9bfb-737714cf6dc2,,domain:saintjohn-santorini.com,306936819799,saintjohn-santorini.com,saint john villas,Δήμος Θήρας,Greece,Saint John Villas,8640
8641,A,88,Μύκονος,Greece,Saint John Hotel Villas and Spa,,hotel,"Παραλία Άγιος Ιωάννης, Μύκονος",+302289028752,1,,,High,,,,overture:941194f4-095c-4297-8458-8bb76936c171,46249,New,,http://www.saintjohn.gr/,info@saintjohn.gr,,https://www.instagram.com/saintjohn.resort/,,,,,,,Email,High,Verified,https://explore.overturemaps.org/#id=941194f4-095c-4297-8458-8bb76936c171,,domain:saintjohn.gr,302289028752,saintjohn.gr,saint john hotel villas and spa,Μύκονος,Greece,Saint John Hotel Villas and Spa,8641
8642,A,91,Saint-Lary-Soulan,Spain,Saint Lary,,ski_resort,"37 Rue Vincent Mir, Saint-Lary-Soulan",+33562395081,1,,,High,,,,overture:baa41874-ddc8-4924-800d-87daee4fc233,46249,New,,http://www.saintlary.com/,info@saintlary.com,,https://www.instagram.com/saintlary/,,,,,,,Email,High,Verified,https://explore.overturemaps.org/#id=baa41874-ddc8-4924-800d-87daee4fc233,,domain:saintlary.com,33562395081,saintlary.com,saint lary,Saint-Lary-Soulan,Spain,Saint Lary,8642
8643,B,70,Centennial,USA,Saint Property Management Team,,property_management,"12600 E Arapahoe Rd, Centennial, CO",+17203081037,1,,,High,,,,overture:d82b0035-4b2c-4366-a591-6e3ad667b15f,46249,New,Recall-first: plausible adjacent hospitality/STR buyer retained.,http://www.saintpropertymanagement.com/,saintpropertymanagement@gmail.com,,,,,,,,,Email,Medium,Recall-first,https://explore.overturemaps.org/#id=d82b0035-4b2c-4366-a591-6e3ad667b15f,,domain:saintpropertymanagement.com,17203081037,saintpropertymanagement.com,saint property management team,Centennial,USA,Saint Property Management Team,8643
8644,B,70,Redding,USA,Curato Property Management Inc.,,property_management,"3294 Bechelli Ln, Redding, CA",+15302226600,1,,,High,,,,overture:b815ff44-9d62-4165-9a44-50efd8e96430,46249,New,Recall-first: plausible adjacent hospitality/STR buyer retained.,http://www.Salcuratorealty.com/,realestatebyvalharvey@yahoo.com,,,,,,,,,Email,Medium,Recall-first,https://explore.overturemaps.org/#id=b815ff44-9d62-4165-9a44-50efd8e96430,,domain:salcuratorealty.com,15302226600,salcuratorealty.com,curato property management inc,Redding,USA,Curato Property Management Inc.,8644
8645,A,88,Βόλος,Greece,Salina Premium Residences,,hotel,"Καλλέργη Σ. 11, Βόλος",+302421085505,1,,,High,,,,overture:b179588c-6a3c-49bd-867a-014210f3f04e,46249,New,,https://salina-volos.gr/,info@salina-volos.gr,,https://www.instagram.com/salinavolos/,,,,,,,Email,High,Verified,https://explore.overturemaps.org/#id=b179588c-6a3c-49bd-867a-014210f3f04e,,domain:salina-volos.gr,302421085505,salina-volos.gr,salina premium residences,Βόλος,Greece,Salina Premium Residences,8645
8646,A,88,Tortoreto,Italy,Salinello Camping Village,,beach_resort,"Lungomare Sirena, 642, Tortoreto, 65",+39086177231,1,,,High,,,,overture:a3134c77-a11a-414d-99c3-af7c0769c814,46249,New,,http://www.salinello.it/,booking@salinello.it,,https://www.instagram.com/salinellovillage/,,,,,,,Email,High,Verified,https://explore.overturemaps.org/#id=a3134c77-a11a-414d-99c3-af7c0769c814,,domain:salinello.it,39086177231,salinello.it,salinello camping village,Tortoreto,Italy,Salinello Camping Village,8646
8647,A,88,Περιφέρεια Κεντρικής Μακεδονίας,Greece,Salonikiou Beach Apartments & Villas,,hotel,"Pyrgadikia, Akti Salonikiou, Περιφέρεια Κεντρικής Μακεδονίας",+302375092444,1,,,High,,,,overture:ff6113d9-3e58-4c94-bd52-956c2b90ef4e,46249,New,,http://www.salonikioubeach.gr/,info@salonikioubeach.gr,,https://www.instagram.com/salonikioubeach/,,,,,,,Email,High,Verified,https://explore.overturemaps.org/#id=ff6113d9-3e58-4c94-bd52-956c2b90ef4e,,domain:salonikioubeach.gr,302375092444,salonikioubeach.gr,salonikiou beach apartments villas,Περιφέρεια Κεντρικής Μακεδονίας,Greece,Salonikiou Beach Apartments & Villas,8647
8648,A,91,Myrtle Beach,USA,Serenity at Shore Drive,,hotel,"9400 Shore Dr, Myrtle Beach, SC",,1,,,High,,,,overture:4a73326b-a829-41ad-8305-c1f6a27af270,46249,New,,https://www.saltyseavacation.com/property/717,serenityatshoredrive@gmail.com,,,,,,,,,Email,High,Verified,https://explore.overturemaps.org/#id=4a73326b-a829-41ad-8305-c1f6a27af270,,domain:saltyseavacation.com,,saltyseavacation.com,serenity at shore drive,Myrtle Beach,USA,Serenity at Shore Drive,8648
8649,A,88,Πάργα,Greece,Salvator Villas and Spa Hotel,,hotel,Πάργα,+302684032911,1,,,High,,,,overture:0552ca9b-afc3-48d1-a454-9bc71e2f372e,46249,New,,https://www.salvator.gr/,reservations@salvator.gr,,,,,,,,,Email,High,Verified,https://explore.overturemaps.org/#id=0552ca9b-afc3-48d1-a454-9bc71e2f372e,,domain:salvator.gr,302684032911,salvator.gr,salvator villas and spa hotel,Πάργα,Greece,Salvator Villas and Spa Hotel,8649
8650,A,88,Θήρα,Greece,Salvatore Villas Santorini Imerovigli,,hotel,"Imerovigli, Θήρα",+306986213790,1,,,High,,,,overture:44cee0f8-5023-4880-a495-9e1f1fc1eb48,46249,New,,http://www.salvatorevillassantorini.com/,info@salvatorevillassantorini.com,,https://www.instagram.com/salvatorevillassantorini/,,,,,,,Email,High,Verified,https://explore.overturemaps.org/#id=44cee0f8-5023-4880-a495-9e1f1fc1eb48,,domain:salvatorevillassantorini.com,306986213790,salvatorevillassantorini.com,salvatore villas santorini imerovigli,Θήρα,Greece,Salvatore Villas Santorini Imerovigli,8650
8651,A,88,Σάμη,Greece,Sami Beach Villas,,hotel,"karavomilos Sami Kefalonia, Σάμη",+306948333804,1,,,High,,,,overture:ec08e2be-b5e1-47ba-a3d7-2e818d792e9a,46249,New,,https://samibeachvillas.gr/,info@samibeachvillas.gr,,,,,,,,,Email,High,Verified,https://explore.overturemaps.org/#id=ec08e2be-b5e1-47ba-a3d7-2e818d792e9a,,domain:samibeachvillas.gr,306948333804,samibeachvillas.gr,sami beach villas,Σάμη,Greece,Sami Beach Villas,8651
8652,A,88,Kaş,Greece,Samira Resort Hotel & Apartmens & Villas,,hotel,"Çınar Sokak 1, Kaş",+902428442845,1,,,High,,,,overture:97b9d415-ab5e-4bce-af29-ee29a82da77a,46249,New,,http://www.samiraresort.com/,info@samiraresort.com,,https://www.instagram.com/samirahotelvillasuite/,,,,,,,Email,High,Verified,https://explore.overturemaps.org/#id=97b9d415-ab5e-4bce-af29-ee29a82da77a,,domain:samiraresort.com,902428442845,samiraresort.com,samira resort hotel apartmens villas,Kaş,Greece,Samira Resort Hotel & Apartmens & Villas,8652
8653,A,88,Περιφέρεια Κρήτης,Greece,Samonas Traditional Settlement,,hotel,"Σαμωνάς, Αποκόρωνας, Περιφέρεια Κρήτης",+306986783030,1,,,High,,,,overture:582086db-9558-4948-b79a-df93c0acdcbf,46249,New,,http://www.samonas.gr/,info@samonas.gr,,,,,,,,,Email,High,Verified,https://explore.overturemaps.org/#id=582086db-9558-4948-b79a-df93c0acdcbf,,domain:samonas.gr,306986783030,samonas.gr,samonas traditional settlement,Περιφέρεια Κρήτης,Greece,Samonas Traditional Settlement,8653
8654,A,88,Sarandë,Greece,San Angelo Luxury Resort,,resort,"Rruga Mitat Hoxha\n, Sarandë",+355694804876,1,,,High,,,,overture:c926bdc5-ea20-44bc-b8c7-17e4958c7dea,46249,New,,http://www.sanangeloresort.com/,info@sanangeloresort.com,,https://www.instagram.com/sanangelosarande/,,,,,,,Email,High,Verified,https://explore.overturemaps.org/#id=c926bdc5-ea20-44bc-b8c7-17e4958c7dea,,domain:sanangeloresort.com,355694804876,sanangeloresort.com,san angelo luxury resort,Sarandë,Greece,San Angelo Luxury Resort,8654
8655,A,88,Λαγανάς,Greece,San Antonio Traditional Stone Villas,,hotel,"San Antonio Villas, Λαγανάς",+306956092030,1,,,High,,,,overture:87cf2389-a683-4b5c-8055-8a67d2b0972f,46249,New,,http://www.sanantoniovillas.gr/,san.antonio.villas.zante@gmail.com,,,,,,,,,Email,High,Verified,https://explore.overturemaps.org/#id=87cf2389-a683-4b5c-8055-8a67d2b0972f,,domain:sanantoniovillas.gr,306956092030,sanantoniovillas.gr,san antonio traditional stone villas,Λαγανάς,Greece,San Antonio Traditional Stone Villas,8655
8656,A,91,Poole,United Kingdom,Holiday Rental Poole,,hotel,"17 Labrador Drive, Poole, ENG",+441202805466,1,,,High,,,,overture:c1b122af-8922-485e-b4ae-ff3eb10f2a4b,46249,New,,http://www.sandbanksview.co.uk/,sunnypoole@gmail.com,,https://www.instagram.com/corfeview/,,,,,,,Email,High,Verified,https://explore.overturemaps.org/#id=c1b122af-8922-485e-b4ae-ff3eb10f2a4b,,domain:sandbanksview.co.uk,441202805466,sandbanksview.co.uk,holiday rental poole,Poole,United Kingdom,Holiday Rental Poole,8656
8657,A,91,Puerto Peñasco,USA,Sandy Beach Rentals and Services,,holiday_rental_home,"Calle Puerto de San Felipe 37, Puerto Peñasco",+526361100850,1,,,High,,,,overture:413b491f-c66e-4539-864a-b8c86cb844d6,46249,New,,https://sandybeachrentals.net/,rentacondo@hotmail.com,,https://www.instagram.com/sandybeachrent/,,,,,,,Email,High,Verified,https://explore.overturemaps.org/#id=413b491f-c66e-4539-864a-b8c86cb844d6,,domain:sandybeachrentals.net,526361100850,sandybeachrentals.net,sandy beach rentals and services,Puerto Peñasco,USA,Sandy Beach Rentals and Services,8657
8658,A,88,Νέα Κυδωνία,Greece,Sandy Villas Chania,,hotel,"Αγίων Θεοδώρων, Νέα Κυδωνία",+306993284097,1,,,High,,,,overture:ea4a4c07-11bc-48d4-8486-a8d5216ecf14,46249,New,,http://www.sandyvillas.gr/,sandyvillaschania@gmail.com,,,,,,,,,Email,High,Verified,https://explore.overturemaps.org/#id=ea4a4c07-11bc-48d4-8486-a8d5216ecf14,,domain:sandyvillas.gr,306993284097,sandyvillas.gr,sandy villas chania,Νέα Κυδωνία,Greece,Sandy Villas Chania,8658
8659,A,91,Durrës,Greece,San Pietro Vacation Rentals,,beach_resort,"Gjiri i lalezit San Pietro Resort, Durrës",+355694032888,1,,,High,,,,overture:aa1c181e-a85d-458d-bc73-b57f845915be,46249,New,,http://sanpietrovacationrentals.com/,info@sanpietrovacationrentals.com,,,,,,,,,Email,High,Verified,https://explore.overturemaps.org/#id=aa1c181e-a85d-458d-bc73-b57f845915be,,domain:sanpietrovacationrentals.com,355694032888,sanpietrovacationrentals.com,san pietro vacation rentals,Durrës,Greece,San Pietro Vacation Rentals,8659
8660,A,91,Santa Cruz,USA,Arbor House Beach Cottage Vacation Rental,,lodging,"121 6th Ave, Santa Cruz, CA",+12099857422,1,,,High,,,,overture:2f5f381e-1b49-4e42-b0ee-24af2c0f49cc,46249,New,,http://www.santacruzbeachcottage.com,santacruzcottage@yahoo.com,,,,,,,,,Email,High,Verified,https://explore.overturemaps.org/#id=2f5f381e-1b49-4e42-b0ee-24af2c0f49cc,,domain:santacruzbeachcottage.com,12099857422,santacruzbeachcottage.com,arbor house beach cottage vacation rental,Santa Cruz,USA,Arbor House Beach Cottage Vacation Rental,8660
8661,B,70,Santa Fe,USA,MAEZ Property Management,,property_management,"1817 Cerros Colorados, Santa Fe, NM",+15058190050,1,,,High,,,,overture:39e36fb4-ce91-4383-9d2b-e4b7f0ba6e99,46249,New,Recall-first: plausible adjacent hospitality/STR buyer retained.,http://www.santaferentalhomes.com/,info@santaferentalhomes.com,,,,,,,,,Email,Medium,Recall-first,https://explore.overturemaps.org/#id=39e36fb4-ce91-4383-9d2b-e4b7f0ba6e99,,domain:santaferentalhomes.com,15058190050,santaferentalhomes.com,maez property management,Santa Fe,USA,MAEZ Property Management,8661
8662,A,88,Οία,Greece,Santa Irini Retreat,,resort,"Riva, Therasia, Οία",+306975400059,1,,,High,,,,overture:56f04820-465b-4982-89e7-d614d81083f9,46249,New,,https://www.santairini.gr/,info@santairini.gr,,https://www.instagram.com/santairiniretreat/,,,,,,,Email,High,Verified,https://explore.overturemaps.org/#id=56f04820-465b-4982-89e7-d614d81083f9,,domain:santairini.gr,306975400059,santairini.gr,santa irini retreat,Οία,Greece,Santa Irini Retreat,8662
8663,A,88,Μήλος,Greece,Santa Maria Village Resort and Spa,,hotel,"Adamas Area, Μήλος",+302287021949,1,,,High,,,,overture:123d6767-80af-46b2-9327-24a0a5f0446a,46249,New,,http://www.santamaria-milos.gr/,info@santamaria-milos.gr,,https://www.instagram.com/santamariavillage/,,,,,,,Email,High,Verified,https://explore.overturemaps.org/#id=123d6767-80af-46b2-9327-24a0a5f0446a,,domain:santamaria-milos.gr,302287021949,santamaria-milos.gr,santa maria village resort and spa,Μήλος,Greece,Santa Maria Village Resort and Spa,8663
8664,A,88,Πειραιάς,Greece,The Alex,,hotel,"Λεωφόρος Παπαναστασίου Αλέξανδρου 109, Πειραιάς",+302111983763,1,,,High,,,,overture:e4115f93-d812-4cb3-b162-91d548cc94f0,46249,New,,https://santikoscollection.com/hotels/the-alex/,thealex@santikoscollection.com,,https://www.instagram.com/santikoscollection/,,,,,,,Email,High,Verified,https://explore.overturemaps.org/#id=e4115f93-d812-4cb3-b162-91d548cc94f0,,domain:santikoscollection.com,302111983763,santikoscollection.com,the alex,Πειραιάς,Greece,The Alex,8664
8665,A,88,Θήρα,Greece,SantoBloom villas Santorini,,hotel,"Vothon 1, Θήρα",+306976861508,1,,,High,,,,overture:3ddcd05a-8546-43b0-9f15-0e01c7ae0215,46249,New,,http://www.santobloom.com/,info@santobloom.com,,,,,,,,,Email,High,Verified,https://explore.overturemaps.org/#id=3ddcd05a-8546-43b0-9f15-0e01c7ae0215,,domain:santobloom.com,306976861508,santobloom.com,santobloom villas santorini,Θήρα,Greece,SantoBloom villas Santorini,8665
8666,A,88,Οία,Greece,Santo Pure Oia Suites and Villas,,hotel,Οία,+302897502154,1,,,High,,,,overture:b1c2a224-ed41-48b7-b943-8cc02e252088,46249,New,,https://www.santocollection.gr/santo-pure,reservations@santocollection.gr,,https://www.instagram.com/santopureofficial/,,,,,,,Email,High,Verified,https://explore.overturemaps.org/#id=b1c2a224-ed41-48b7-b943-8cc02e252088,,domain:santocollection.gr,302897502154,santocollection.gr,santo pure oia suites and villas,Οία,Greece,Santo Pure Oia Suites and Villas,8666
8667,A,88,Νάξος,Greece,Santo Concept Luxury Villas,,hotel,"Santo Concept Luxury Villas, Νάξος",+306980873898,1,,,High,,,,overture:a8a0e847-5a03-4b0d-b593-da024937841d,46249,New,,https://www.santoconcept.gr/,santoconcept@gmail.com,,https://www.instagram.com/santoconceptluxuryvillas/,,,,,,,Email,High,Verified,https://explore.overturemaps.org/#id=a8a0e847-5a03-4b0d-b593-da024937841d,,domain:santoconcept.gr,306980873898,santoconcept.gr,santo concept luxury villas,Νάξος,Greece,Santo Concept Luxury Villas,8667
8668,A,88,Περιφέρεια Νοτίου Αιγαίου,Greece,Zatrikion Villas Santorini,,hotel,"Epar.Od. Pirgou Kallistis - Profiti Ilia, Περιφέρεια Νοτίου Αιγαίου",+302286032139,1,,,High,,,,overture:30681692-9feb-4382-b969-974a38f2ff81,46249,New,,http://santorini-villas-zatrikion.com/,info@santorini-villas-zatrikion.com,,,,,,,,,Email,High,Verified,https://explore.overturemaps.org/#id=30681692-9feb-4382-b969-974a38f2ff81,,domain:santorini-villas-zatrikion.com,302286032139,santorini-villas-zatrikion.com,zatrikion villas santorini,Περιφέρεια Νοτίου Αιγαίου,Greece,Zatrikion Villas Santorini,8668
8669,A,88,Θήρα,Greece,Santorini Heritage Villas,,hotel,Θήρα,+306994102450,1,,,High,,,,overture:ba484221-eeaa-4949-bf86-6105d5db8e77,46249,New,,http://www.santoriniheritage.com/,info@santoriniheritage.com,,https://www.instagram.com/santoriniheritage/,,,,,,,Email,High,Verified,https://explore.overturemaps.org/#id=ba484221-eeaa-4949-bf86-6105d5db8e77,,domain:santoriniheritage.com,306994102450,santoriniheritage.com,santorini heritage villas,Θήρα,Greece,Santorini Heritage Villas,8669
8670,A,88,Θήρα,Greece,Santorini Villas Traditional Houses,,hotel,"konstantinou Bellonia, Θήρα",+306948175531,1,,,High,,,,overture:83658186-7068-44d0-af0a-31aeff29d78a,46249,New,,http://Www.santorinivillas.gr/,info@santorinivillas.gr,,https://www.instagram.com/santorini_villas_/,,,,,,,Email,High,Verified,https://explore.overturemaps.org/#id=83658186-7068-44d0-af0a-31aeff29d78a,,domain:santorinivillas.gr,306948175531,santorinivillas.gr,santorini villas traditional houses,Θήρα,Greece,Santorini Villas Traditional Houses,8670
8671,B,70,Colchester,United Kingdom,Sapphire Property Management,,property_management,"Sapphire House, Whitehall Rd, Colchester, ENG",+441206593130,1,,,High,,,,overture:846e65ba-aef6-4c06-a271-89d6b8c99e64,46249,New,Recall-first: plausible adjacent hospitality/STR buyer retained.,https://sapphirepm.co.uk/,info@sapphirepm.co.uk,,,,,,,,,Email,Medium,Recall-first,https://explore.overturemaps.org/#id=846e65ba-aef6-4c06-a271-89d6b8c99e64,,domain:sapphirepm.co.uk,441206593130,sapphirepm.co.uk,sapphire property management,Colchester,United Kingdom,Sapphire Property Management,8671
8672,B,70,Savannah,USA,Premier Leasing & Property Management,,property_management,"352 Commercial Dr, Savannah, GA",+19128981682,1,,,High,,,,overture:cee21823-3a35-43dc-9fd8-5575fce5d900,46249,New,Recall-first: plausible adjacent hospitality/STR buyer retained.,http://www.savannah.lease/,info@savannah.lease,,,,,,,,,Email,Medium,Recall-first,https://explore.overturemaps.org/#id=cee21823-3a35-43dc-9fd8-5575fce5d900,,domain:savannah.lease,19128981682,savannah.lease,premier leasing property management,Savannah,USA,Premier Leasing & Property Management,8672
8673,A,88,London,United Kingdom,Millbank Residences,,hotel,"London, ENG",,1,,,High,,,,overture:0329a538-6e1b-4f49-ac2d-7a0b8a21d49a,46249,New,,http://www.savills.co.th/property-showcase/international-residential-sales/united-kingdom/uk-prime-london/9-millbank.aspx,prapapornb@savills.co.th,,https://www.instagram.com/savills/,,,,,,,Email,High,Verified,https://explore.overturemaps.org/#id=0329a538-6e1b-4f49-ac2d-7a0b8a21d49a,,domain:co.th,,co.th,millbank residences,London,United Kingdom,Millbank Residences,8673
8674,A,88,Nicotera,Italy,Sayonara Club Hotel Village,,resort,"Contrada Mortelletto, Nicotera",+39096381813,1,,,High,,,,overture:c8b35a93-0bc2-4071-9c0f-38fec59d614a,46249,New,,http://www.sayonaravillage.com/,booking@sayonaravillage.com,,,,,,,,,Email,High,Verified,https://explore.overturemaps.org/#id=c8b35a93-0bc2-4071-9c0f-38fec59d614a,,domain:sayonaravillage.com,39096381813,sayonaravillage.com,sayonara club hotel village,Nicotera,Italy,Sayonara Club Hotel Village,8674
8675,A,88,Αθήνα,Greece,Scale Suites,,hotel,Αθήνα,+302109845423,1,,,High,,,,overture:bf97a8d6-061d-432f-8d49-e196ca2252da,46249,New,,https://scalesuites.gr/,info@scalesuites.gr,,https://www.instagram.com/scale_suites/,,,,,,,Email,High,Verified,https://explore.overturemaps.org/#id=bf97a8d6-061d-432f-8d49-e196ca2252da,,domain:scalesuites.gr,302109845423,scalesuites.gr,scale suites,Αθήνα,Greece,Scale Suites,8675
8676,A,88,Δήμος Θάσου,Greece,Scandia Villas,,hotel,Δήμος Θάσου,+306942291908,1,,,High,,,,overture:525b878a-174b-49e8-8731-99745b2d7e0a,46249,New,,http://www.scandiavillas.com/,info@scandiavillas.com,,,,,,,,,Email,High,Verified,https://explore.overturemaps.org/#id=525b878a-174b-49e8-8731-99745b2d7e0a,,domain:scandiavillas.com,306942291908,scandiavillas.com,scandia villas,Δήμος Θάσου,Greece,Scandia Villas,8676
8677,A,88,Greece-Islands-Mainland-Premium,Greece,S Cave Villas Seaside Karystos,,hotel_supply_service,Leoforos Mpourou karystou,,1,,,High,,,,overture:018f9c16-3c4b-4104-82fa-ec610e4639a5,46249,New,,https://www.scavevillas.com/,info@scavevillas.com,,https://www.instagram.com/scavevillas_/,,,,,,,Email,High,Verified,https://explore.overturemaps.org/#id=018f9c16-3c4b-4104-82fa-ec610e4639a5,,domain:scavevillas.com,,scavevillas.com,s cave villas seaside karystos,Greece-Islands-Mainland-Premium,Greece,S Cave Villas Seaside Karystos,8677
8678,B,70,Loveland,USA,Scheele Property Management,,property_management,"1425 W 29th St, Loveland, CO",+19704430377,1,,,High,,,,overture:19ffece0-ce17-46d7-bf21-4676589e7a01,46249,New,Recall-first: plausible adjacent hospitality/STR buyer retained.,http://www.scheelepm.com/,louisa@scheelepm.com,,,,,,,,,Email,Medium,Recall-first,https://explore.overturemaps.org/#id=19ffece0-ce17-46d7-bf21-4676589e7a01,,domain:scheelepm.com,19704430377,scheelepm.com,scheele property management,Loveland,USA,Scheele Property Management,8678
8679,B,70,Milwaukee,USA,Schulhof Properties,,property_management,"825 N 16th St, Milwaukee, WI",+14149331211,1,,,High,,,,overture:03954e3e-03c2-4dc0-bce3-a7e312f4851a,46249,New,Recall-first: plausible adjacent hospitality/STR buyer retained.,https://schulhofproperties.com/,info@schulhofproperties.com,,,,,,,,,Email,Medium,Recall-first,https://explore.overturemaps.org/#id=03954e3e-03c2-4dc0-bce3-a7e312f4851a,,domain:schulhofproperties.com,14149331211,schulhofproperties.com,schulhof properties,Milwaukee,USA,Schulhof Properties,8679
8680,B,70,London,United Kingdom,Scion Property Management,,property_management,"27 Old Gloucester St, London, ENG",+442079983194,1,,,High,,,,overture:7f2ae5a7-a03b-4848-b826-60a9814734eb,46249,New,Recall-first: plausible adjacent hospitality/STR buyer retained.,http://www.scionrealty.co.uk/,enquiries@scionrealty.co.uk,,https://www.instagram.com/scionlondonshortstays/,,,,,,,Email,Medium,Recall-first,https://explore.overturemaps.org/#id=7f2ae5a7-a03b-4848-b826-60a9814734eb,,domain:scionrealty.co.uk,442079983194,scionrealty.co.uk,scion property management,London,United Kingdom,Scion Property Management,8680
8681,A,88,Dillon,USA,Expedition Station Condominiums,,resort,"135 Dercum Dr, Dillon, CO",+19703687023,1,,,High,,,,overture:ff50edc6-933d-424d-be54-a12ac4607711,46249,New,,https://www.scmountainretreats.com/rentals/expedition-station-8630,headforthemountainsllc@gmail.com,,https://www.instagram.com/summitcountyretreats/,,,,,,,Email,High,Verified,https://explore.overturemaps.org/#id=ff50edc6-933d-424d-be54-a12ac4607711,,domain:scmountainretreats.com,19703687023,scmountainretreats.com,expedition station condominiums,Dillon,USA,Expedition Station Condominiums,8681
8682,A,91,Cairndow,United Kingdom,"Greenbank, Lochgoilhead, holiday home near Loch Lomond, West Scotland",,holiday_rental_home,"Shore Road, Lochgoilhead, Cairndow, SCT",+447780708780,1,,,High,,,,overture:540e5612-354f-481a-abc3-54e26f2f99bd,46249,New,,http://scottish-cottage.com/,friman.scottish.cottage@gmail.com,,https://www.instagram.com/theboatshedlochgoil/,,,,,,,Email,High,Verified,https://explore.overturemaps.org/#id=540e5612-354f-481a-abc3-54e26f2f99bd,,domain:scottish-cottage.com,447780708780,scottish-cottage.com,greenbank lochgoilhead holiday home near loch lomond west scotland,Cairndow,United Kingdom,"Greenbank, Lochgoilhead, holiday home near Loch Lomond, West Scotland",8682
8683,B,70,Scottsdale,USA,Scottsdale Property Management,,property_management,"9259 E Raintree Dr, Scottsdale, AZ",+16029356539,1,,,High,,,,overture:0e983e8d-274b-403b-8456-57bbeb4960d8,46249,New,Recall-first: plausible adjacent hospitality/STR buyer retained.,https://www.scottsdalepropmanagement.com/,scottsdalepropmgmt@gmail.com,,,,,,,,,Email,Medium,Recall-first,https://explore.overturemaps.org/#id=0e983e8d-274b-403b-8456-57bbeb4960d8,,domain:scottsdalepropmanagement.com,16029356539,scottsdalepropmanagement.com,scottsdale property management,Scottsdale,USA,Scottsdale Property Management,8683
8684,A,88,Θήρα,Greece,Seahorse Luxury Villa,,hotel,"Imerovigli, Θήρα",+306946101589,1,,,High,,,,overture:b3c2207a-7385-4875-aea9-7bc388d2c735,46249,New,,https://www.seahorsesantorini.com/,seahorsesantorini@hotmail.com,,https://www.instagram.com/seahorsesantorini/,,,,,,,Email,High,Verified,https://explore.overturemaps.org/#id=b3c2207a-7385-4875-aea9-7bc388d2c735,,domain:seahorsesantorini.com,306946101589,seahorsesantorini.com,seahorse luxury villa,Θήρα,Greece,Seahorse Luxury Villa,8684
8685,A,88,Χανιά,Greece,Seametry Luxury Living Apartments and Villas,,hotel,"Seametry Apartments A1, Vlite, B5, Χανιά",+306949908582,1,,,High,,,,overture:6e58b054-987f-4782-a2b4-9c803f0f529c,46249,New,,http://www.seametry.gr/,info@seametry.gr,,https://www.instagram.com/seametryluxuryliving/,,,,,,,Email,High,Verified,https://explore.overturemaps.org/#id=6e58b054-987f-4782-a2b4-9c803f0f529c,,domain:seametry.gr,306949908582,seametry.gr,seametry luxury living apartments and villas,Χανιά,Greece,Seametry Luxury Living Apartments and Villas,8685
8686,A,88,Θάσος,Greece,SEA OASIS Residence Thassos,,beach_resort,"Λιμένας, Θάσος",+306946095121,1,,,High,,,,overture:f7816f89-a6a4-4fe9-beaf-d78b527407e0,46249,New,,http://www.seaoasisresidence.gr/,seaoasisthassos@gmail.com,,,,,,,,,Email,High,Verified,https://explore.overturemaps.org/#id=f7816f89-a6a4-4fe9-beaf-d78b527407e0,,domain:seaoasisresidence.gr,306946095121,seaoasisresidence.gr,sea oasis residence thassos,Θάσος,Greece,SEA OASIS Residence Thassos,8686
8687,A,91,Hilton Head Island,USA,Sea Pines Villa Near Harbour Town - Hilton Head Vacation Rental,,holiday_rental_home,"Sea Pines, Hilton Head Island, SC",+14796401970,1,,,High,,,,overture:09a1a6ae-b24c-40e7-8fb0-74ff73af7de2,46249,New,,https://www.seapines.com/vacation-rentals/287-stoney-creek-villa,dconwil@hotmail.com,,https://www.instagram.com/seapinesresort/,,,,,,,Email,High,Verified,https://explore.overturemaps.org/#id=09a1a6ae-b24c-40e7-8fb0-74ff73af7de2,,domain:seapines.com,14796401970,seapines.com,sea pines villa near harbour town hilton head vacation rental,Hilton Head Island,USA,Sea Pines Villa Near Harbour Town - Hilton Head Vacation Rental,8687
8688,A,88,Γάζι,Greece,Seascape Luxury Residences,,hotel,Γάζι,+302810371625,1,,,High,,,,overture:aae42bfa-be40-43d1-b43d-63e04c0b05a5,46249,New,,https://www.seascapecrete.com/,info@seascapecrete.com,,https://www.instagram.com/seascapecretecom/,,,,,,,Email,High,Verified,https://explore.overturemaps.org/#id=aae42bfa-be40-43d1-b43d-63e04c0b05a5,,domain:seascapecrete.com,302810371625,seascapecrete.com,seascape luxury residences,Γάζι,Greece,Seascape Luxury Residences,8688
8689,A,91,Myrtle Beach,USA,Seascape Property Management Rentals,,holiday_rental_home,"2105 Cromley Cir, Myrtle Beach, SC",+18433403315,1,,,High,,,,overture:08ccfa7a-0ceb-4840-a740-6948d87432b8,46249,New,,http://www.seascaperentals.net/,contact@seascaperentals.net,,https://www.instagram.com/seascapemb/,,,,,,,Email,High,Verified,https://explore.overturemaps.org/#id=08ccfa7a-0ceb-4840-a740-6948d87432b8,,domain:seascaperentals.net,18433403315,seascaperentals.net,seascape property management rentals,Myrtle Beach,USA,Seascape Property Management Rentals,8689
8690,A,88,Νάξος,Greece,Seaside Naxos • Holiday Villas,,hotel,"Plaka Beach, Νάξος",+306947821904,1,,,High,,,,overture:8be6076f-1ace-4cd9-8a2c-a1f6988da385,46249,New,,http://www.seasidenaxos.com/,info@seasidenaxos.com,,https://www.instagram.com/seaside_naxos/,,,,,,,Email,High,Verified,https://explore.overturemaps.org/#id=8be6076f-1ace-4cd9-8a2c-a1f6988da385,,domain:seasidenaxos.com,306947821904,seasidenaxos.com,seaside naxos holiday villas,Νάξος,Greece,Seaside Naxos • Holiday Villas,8690
8691,A,88,Στύρα,Greece,Seastone Villas,,hotel,"Οδός Πανοράματος, Άγιος Δημήτριος Αργυρού Ευβοίας 34017, Στύρα",+306942469924,1,,,High,,,,overture:42cdcb53-ae50-4a63-afb0-fc72d5cb801b,46249,New,,https://www.seastone.gr/,info@seastone.gr,,https://www.instagram.com/seastone_villas/,,,,,,,Email,High,Verified,https://explore.overturemaps.org/#id=42cdcb53-ae50-4a63-afb0-fc72d5cb801b,,domain:seastone.gr,306942469924,seastone.gr,seastone villas,Στύρα,Greece,Seastone Villas,8691
8692,A,91,Hornsea,United Kingdom,Seaview Country Park - Holiday Homes,,rv_park,"Main Road, Hornsea",+441964589189,1,,,High,,,,overture:58d5a4d0-d488-4373-aba4-b955c4048a19,46249,New,,https://seaviewcountrypark.com/,info@seaviewcountrypark.com,,https://www.instagram.com/countryparkseaview/,,,,,,,Email,High,Verified,https://explore.overturemaps.org/#id=58d5a4d0-d488-4373-aba4-b955c4048a19,,domain:seaviewcountrypark.com,441964589189,seaviewcountrypark.com,seaview country park holiday homes,Hornsea,United Kingdom,Seaview Country Park - Holiday Homes,8692
8693,A,88,Αρκάδιοι,Greece,SEA ZANTE Luxury Beachfront Retreat,,hotel,Αρκάδιοι,+306970809325,1,,,High,,,,overture:96565004-a646-4f37-81e4-89c72f249dc6,46249,New,,http://www.seazante.gr/,info@seazante.gr,,https://www.instagram.com/sea.zante/,,,,,,,Email,High,Verified,https://explore.overturemaps.org/#id=96565004-a646-4f37-81e4-89c72f249dc6,,domain:seazante.gr,306970809325,seazante.gr,sea zante luxury beachfront retreat,Αρκάδιοι,Greece,SEA ZANTE Luxury Beachfront Retreat,8693
8694,A,88,Kavála,Greece,Secret Paradise villas,,hotel,Kavála,+306937140560,1,,,High,,,,overture:5d257337-1f8c-4876-99ba-f0cecc84cf9d,46249,New,,http://www.secretparadisevillas.gr/,mariamixa31@yahoo.com,,,,,,,,,Email,High,Verified,https://explore.overturemaps.org/#id=5d257337-1f8c-4876-99ba-f0cecc84cf9d,,domain:secretparadisevillas.gr,306937140560,secretparadisevillas.gr,secret paradise villas,Kavála,Greece,Secret Paradise villas,8694
8695,B,70,San Leandro,USA,Select Property Management,,property_management,"2450 Washington Ave, San Leandro, CA",+15107467081,1,,,High,,,,overture:e2a05228-8f1e-4db1-afa3-6819fd240d15,46249,New,Recall-first: plausible adjacent hospitality/STR buyer retained.,http://www.selectpropmgt.com/,mgarcia@selectpropmgt.com,,,,,,,,,Email,Medium,Recall-first,https://explore.overturemaps.org/#id=e2a05228-8f1e-4db1-afa3-6819fd240d15,,domain:selectpropmgt.com,15107467081,selectpropmgt.com,select property management,San Leandro,USA,Select Property Management,8695
8696,A,91,Galway,Ireland,Kilronan Holiday Homes Aran Islands,,hotel,"St Ronans Road, Galway",+353851289035,1,,,High,,,,overture:9c19e657-783d-47b4-b933-538ef6638645,46249,New,,http://www.selfcateringaranislands.com/,kilronanholidayhome@gmail.com,,https://www.instagram.com/kilronanholidayhomes/,,,,,,,Email,High,Verified,https://explore.overturemaps.org/#id=9c19e657-783d-47b4-b933-538ef6638645,,domain:selfcateringaranislands.com,353851289035,selfcateringaranislands.com,kilronan holiday homes aran islands,Galway,Ireland,Kilronan Holiday Homes Aran Islands,8696
8697,A,88,Ιωάννινα,Greece,Selin Luxury Residences,,hotel,"Στρατηγού Βογιανού Ι. 37, Ιωάννινα",+302651021483,1,,,High,,,,overture:3e7809d9-e7ed-4dae-9df9-4b19d4c53994,46249,New,,http://www.selin.gr/,info@selin.gr,,https://www.instagram.com/selinluxuryresidencesandspa/,,,,,,,Email,High,Verified,https://explore.overturemaps.org/#id=3e7809d9-e7ed-4dae-9df9-4b19d4c53994,,domain:selin.gr,302651021483,selin.gr,selin luxury residences,Ιωάννινα,Greece,Selin Luxury Residences,8697
8698,A,88,Κολυμβάρι,Greece,Selini Luxury Villas,,hotel,Κολυμβάρι,+302824083033,1,,,High,,,,overture:7cb62573-16d8-4693-b36d-9b2815fc659f,46249,New,,http://www.selinivilla.gr/,admin@selinivilla.gr,,https://www.instagram.com/selini_villas/,,,,,,,Email,High,Verified,https://explore.overturemaps.org/#id=7cb62573-16d8-4693-b36d-9b2815fc659f,,domain:selinivilla.gr,302824083033,selinivilla.gr,selini luxury villas,Κολυμβάρι,Greece,Selini Luxury Villas,8698
8699,B,70,Myrtle Beach,USA,Semper Fi Property Management,,property_management,"1756 US-501, Myrtle Beach, SC",+18433151756,1,,,High,,,,overture:4c271133-67c2-485f-956c-45b056dc05f4,46249,New,Recall-first: plausible adjacent hospitality/STR buyer retained.,https://semperfimanagement.com/,semperfipm@gmail.com,,,,,,,,,Email,Medium,Recall-first,https://explore.overturemaps.org/#id=4c271133-67c2-485f-956c-45b056dc05f4,,domain:semperfimanagement.com,18433151756,semperfimanagement.com,semper fi property management,Myrtle Beach,USA,Semper Fi Property Management,8699
8700,B,70,Camberley,United Kingdom,Sennen Property Management,,property_management,"Unit 8, Stanhope Gate, Camberley, ENG",+441276817893,1,,,High,,,,overture:d017a607-9108-4c28-a0fa-b724a2014b38,46249,New,Recall-first: plausible adjacent hospitality/STR buyer retained.,http://www.SennenPM.co.uk/,info@sennenpm.co.uk,,,,,,,,,Email,Medium,Recall-first,https://explore.overturemaps.org/#id=d017a607-9108-4c28-a0fa-b724a2014b38,,domain:sennenpm.co.uk,441276817893,sennenpm.co.uk,sennen property management,Camberley,United Kingdom,Sennen Property Management,8700
8701,A,88,Μύκονος,Greece,Senses Villas - Villa Petrolefko,,hotel,"Elia, Μύκονος",+302310522422,1,,,High,,,,overture:34ec372b-9dd7-414d-983e-c4006da6fe6e,46249,New,,http://www.sensesvillas.com/,info@sensesvillas.com,,,,,,,,,Email,High,Verified,https://explore.overturemaps.org/#id=34ec372b-9dd7-414d-983e-c4006da6fe6e,,domain:sensesvillas.com,302310522422,sensesvillas.com,senses villas villa petrolefko,Μύκονος,Greece,Senses Villas - Villa Petrolefko,8701
8702,B,70,Warner Robins,USA,Sentinel Property Management,,property_management,"1114 GA Highway 96, Warner Robins",+14785501595,1,,,High,,,,overture:b7cbefcb-fda5-4214-af01-248a9d321d85,46249,New,Recall-first: plausible adjacent hospitality/STR buyer retained.,http://www.sentinelwr.com/,sentinelpmga@gmail.com,,,,,,,,,Email,Medium,Recall-first,https://explore.overturemaps.org/#id=b7cbefcb-fda5-4214-af01-248a9d321d85,,domain:sentinelwr.com,14785501595,sentinelwr.com,sentinel property management,Warner Robins,USA,Sentinel Property Management,8702
8703,A,88,Beyoğlu,Greece,Sentire Hotels and Residences,,hotel,"Mis Sokak 1, Beyoğlu",+902122435050,1,,,High,,,,overture:c86a2cf7-58bb-46b0-9331-7d2448c65587,46249,New,,http://www.sentirehotel.com/,info@sentirehotel.com,,https://www.instagram.com/hotelsentire/,,,,,,,Email,Medium,Verified,https://explore.overturemaps.org/#id=c86a2cf7-58bb-46b0-9331-7d2448c65587,,domain:sentirehotel.com,902122435050,sentirehotel.com,sentire hotels and residences,Beyoğlu,Greece,Sentire Hotels and Residences,8703
8704,A,88,Terrasini,Italy,Villa Serendipity Terrasini,,resort,"Via Renato Guttuso, 19, Terrasini, 82",+393332573617,1,,,High,,,,overture:62f752b2-2713-46b3-976f-75d9de4e2298,46249,New,,https://www.serendipityterrasini.com/,villaserendipityterrasini@gmail.com,,,,,,,,,Email,Medium,Verified,https://explore.overturemaps.org/#id=62f752b2-2713-46b3-976f-75d9de4e2298,,domain:serendipityterrasini.com,393332573617,serendipityterrasini.com,villa serendipity terrasini,Terrasini,Italy,Villa Serendipity Terrasini,8704
8705,A,91,Cosby,USA,Serenity Falls Cabin Rentals,,cabin,"4555 Redwood Rd, Cosby, TN",+14234872990,1,,,High,,,,overture:e8543c05-a575-46fb-ae1a-41bd54bcb66d,46249,New,,http://Serenityfallscabinrentals.com/,serenitytn@aol.com,,,,,,,,,Email,High,Verified,https://explore.overturemaps.org/#id=e8543c05-a575-46fb-ae1a-41bd54bcb66d,,domain:serenityfallscabinrentals.com,14234872990,serenityfallscabinrentals.com,serenity falls cabin rentals,Cosby,USA,Serenity Falls Cabin Rentals,8705
8706,A,88,Sérifos,Greece,Serifians Residences,,hotel,"Serifians Residencies, Sérifos",+302103640323,1,,,High,,,,overture:6eb0324f-08e9-42a3-bb25-2ddc120ed4a3,46249,New,,http://www.serifians.com/,serifians@gmail.com,,,,,,,,,Email,High,Verified,https://explore.overturemaps.org/#id=6eb0324f-08e9-42a3-bb25-2ddc120ed4a3,,domain:serifians.com,302103640323,serifians.com,serifians residences,Sérifos,Greece,Serifians Residences,8706
8707,A,88,Páros,Greece,Sersi Paros Villas & Suites,,resort,"Glysidia, Páros",,1,,,High,,,,overture:d4756477-07cd-4236-b061-bce7b1eaccc6,46249,New,,http://sersiparos.com/,sersiparos@gmail.com,,https://www.instagram.com/sersi_paros/,,,,,,,Email,High,Verified,https://explore.overturemaps.org/#id=d4756477-07cd-4236-b061-bce7b1eaccc6,,domain:sersiparos.com,,sersiparos.com,sersi paros villas suites,Páros,Greece,Sersi Paros Villas & Suites,8707
8708,B,70,Aylmer,USA,Servall Property Management,,property_management,"516 John St N, Aylmer, ON",+12263776095,1,,,High,,,,overture:f9cbf836-fbe3-433d-bdb0-5a2ae788557c,46249,New,Recall-first: plausible adjacent hospitality/STR buyer retained.,http://servallpm.com/,info@servallpm.com,,,,,,,,,Email,Medium,Recall-first,https://explore.overturemaps.org/#id=f9cbf836-fbe3-433d-bdb0-5a2ae788557c,,domain:servallpm.com,12263776095,servallpm.com,servall property management,Aylmer,USA,Servall Property Management,8708
8709,B,70,Denver,USA,SettleWell Realty and Property Management,,property_management,"2590 Welton St, Denver, CO",+17206880313,1,,,High,,,,overture:cd494b3c-0e50-4577-849a-7e17b0462cdd,46249,New,Recall-first: plausible adjacent hospitality/STR buyer retained.,http://settlewellrealty.com/,accounts@settlewellrealty.com,,https://www.instagram.com/settlewellrealty/,,,,,,,Email,Medium,Recall-first,https://explore.overturemaps.org/#id=cd494b3c-0e50-4577-849a-7e17b0462cdd,,domain:settlewellrealty.com,17206880313,settlewellrealty.com,settlewell realty and property management,Denver,USA,SettleWell Realty and Property Management,8709
8710,B,70,Pacifica,USA,Holly and Anesto Estrella - Real Estate Sales & Property Management,,real_estate_agent,"580 Crespi Dr, Pacifica, CA",+16504383704,1,,,High,,,,overture:89211a76-3964-4b24-abb7-95668cf03ae5,46249,New,Recall-first: plausible adjacent hospitality/STR buyer retained.,http://www.sfcoastsidehomes.com/,coastsideholly@yahoo.com,,,,,,,,,Email,Medium,Recall-first,https://explore.overturemaps.org/#id=89211a76-3964-4b24-abb7-95668cf03ae5,,domain:sfcoastsidehomes.com,16504383704,sfcoastsidehomes.com,holly and anesto estrella real estate sales property management,Pacifica,USA,Holly and Anesto Estrella - Real Estate Sales & Property Management,8710
8711,B,70,Santa Fe,USA,Santa Fe Property Management,,property_management,"2019 Galisteo St, Santa Fe, NM",+15057720110,1,,,High,,,,overture:b6584c59-b096-4624-98ec-1f466a51982c,46249,New,Recall-first: plausible adjacent hospitality/STR buyer retained.,http://www.sfpmrentals.com/,rent@sfpmrentals.com,,,,,,,,,Email,Medium,Recall-first,https://explore.overturemaps.org/#id=b6584c59-b096-4624-98ec-1f466a51982c,,domain:sfpmrentals.com,15057720110,sfpmrentals.com,santa fe property management,Santa Fe,USA,Santa Fe Property Management,8711
8712,B,70,Boston,United Kingdom,SG Property Management Services,,property_management,"Nelson Way, Boston, ENG",+441205726725,1,,,High,,,,overture:295267c0-f858-4ca8-9439-7358aac7f5bf,46249,New,Recall-first: plausible adjacent hospitality/STR buyer retained.,https://www.sgpropertymanagementservices.co.uk/,jgray9902@outlook.com,,,,,,,,,Email,Medium,Recall-first,https://explore.overturemaps.org/#id=295267c0-f858-4ca8-9439-7358aac7f5bf,,domain:sgpropertymanagementservices.co.uk,441205726725,sgpropertymanagementservices.co.uk,sg property management services,Boston,United Kingdom,SG Property Management Services,8712
8713,A,91,Myrtle Beach,USA,Shade Beach Rentals,,holiday_rental_home,"601 Mitchell Dr, Myrtle Beach, SC",+13042794207,1,,,High,,,,overture:6c5228e9-85f8-4a16-a722-35f0ecb82c66,46249,New,,http://SHADEBEACHRENTALS.COM/,daveshade11@gmail.com,,,,,,,,,Email,High,Verified,https://explore.overturemaps.org/#id=6c5228e9-85f8-4a16-a722-35f0ecb82c66,,domain:shadebeachrentals.com,13042794207,shadebeachrentals.com,shade beach rentals,Myrtle Beach,USA,Shade Beach Rentals,8713
8714,B,70,Waynesville,USA,McGovern Property Management,,real_estate_agent,"284 N Haywood St, Waynesville, NC",+18284521519,1,,,High,,,,overture:21533f98-1e46-48b1-a9cb-ecd86a0c3997,46249,New,Recall-first: plausible adjacent hospitality/STR buyer retained.,http://shamrock13.com/,mcgovernpropertymgt@gmail.com,,,,,,,,,Email,Medium,Recall-first,https://explore.overturemaps.org/#id=21533f98-1e46-48b1-a9cb-ecd86a0c3997,,domain:shamrock13.com,18284521519,shamrock13.com,mcgovern property management,Waynesville,USA,McGovern Property Management,8714
8715,A,91,Southport,USA,Sharon's Linens and Beach Rentals,,holiday_rental_home,"4574 Long Beach Rd SE, Southport, NC",+19103634839,1,,,High,,,,overture:68f13f15-f78a-46fd-8792-c1580ab80e11,46249,New,,http://www.sharonslinens.com/,sharonslinensandbeachrentals@yahoo.com,,,,,,,,,Email,High,Verified,https://explore.overturemaps.org/#id=68f13f15-f78a-46fd-8792-c1580ab80e11,,domain:sharonslinens.com,19103634839,sharonslinens.com,sharon s linens and beach rentals,Southport,USA,Sharon's Linens and Beach Rentals,8715
8716,A,91,Shaver Lake,USA,Shaver Lake Cabin Rentals,,cabin,"41820 Linnet Ln, Shaver Lake, CA",+15593870374,1,,,High,,,,overture:90ed6583-7463-4d0d-b56b-842ae091e2a6,46249,New,,http://www.shaverlakecabinstays.com/,shaverlakecabinstays@gmail.com,,,,,,,,,Email,High,Verified,https://explore.overturemaps.org/#id=90ed6583-7463-4d0d-b56b-842ae091e2a6,,domain:shaverlakecabinstays.com,15593870374,shaverlakecabinstays.com,shaver lake cabin rentals,Shaver Lake,USA,Shaver Lake Cabin Rentals,8716
8717,B,70,Chicago,USA,Shepherd Property Management LLC,,property_management,"3032 N Halsted St, Chicago, IL",+17738838667,1,,,High,,,,overture:e208879f-df96-436d-8df9-07ab98c9458e,46249,New,Recall-first: plausible adjacent hospitality/STR buyer retained.,http://www.shepherdproperty.com/,leasing@shepherdproperty.com,,,,,,,,,Email,Medium,Recall-first,https://explore.overturemaps.org/#id=e208879f-df96-436d-8df9-07ab98c9458e,,domain:shepherdproperty.com,17738838667,shepherdproperty.com,shepherd property management llc,Chicago,USA,Shepherd Property Management LLC,8717
8718,A,88,Ula,Greece,Shimal Residences,,hotel,"Köy İçi Mevkii, Papatya Sk., Ula",+905301779407,1,,,High,,,,overture:eaf91c75-3968-4223-b1e2-fb6dba416b7e,46249,New,,http://www.shimalresidencehotel.com/,info@shimalresidencehotel.com,,,,,,,,,Email,High,Verified,https://explore.overturemaps.org/#id=eaf91c75-3968-4223-b1e2-fb6dba416b7e,,domain:shimalresidencehotel.com,905301779407,shimalresidencehotel.com,shimal residences,Ula,Greece,Shimal Residences,8718
8719,A,91,Galena,USA,Elle & Beck's Vacation Rentals,,holiday_rental_home,"204 S Bench St, Galena, IL",+18157769155,1,,,High,,,,overture:b267f894-85b1-402c-8d64-3f4021665fe2,46249,New,,https://www.shopltk.com/explore/AliciaEllerbeck?tab=posts,elleandbecks@icloud.com,,https://www.instagram.com/shop.LTK/,,,,,,,Email,High,Verified,https://explore.overturemaps.org/#id=b267f894-85b1-402c-8d64-3f4021665fe2,,domain:shopltk.com,18157769155,shopltk.com,elle beck s vacation rentals,Galena,USA,Elle & Beck's Vacation Rentals,8719
8720,A,91,Corolla,USA,Sand Trap - Corolla NC,,holiday_rental_home,"751 Starfish Ct, Corolla, NC",+12019603614,1,,,High,,,,overture:8c51dfd4-5ee2-40d2-8f30-9fbbaa412a68,46249,New,,https://shorelineobx.com/vacation_rentals/osn-4-sand-trap-sun-sun/,rmjschaefer@aol.com,,https://www.instagram.com/Shorelineobxvacationrentals/,,,,,,,Email,High,Verified,https://explore.overturemaps.org/#id=8c51dfd4-5ee2-40d2-8f30-9fbbaa412a68,,domain:shorelineobx.com,12019603614,shorelineobx.com,sand trap corolla nc,Corolla,USA,Sand Trap - Corolla NC,8720
8721,B,70,Caccamo,Italy,Sicily Property Management Brokers,,real_estate_agent,"Via Savonarola, 22, Caccamo, 82",+393382076371,1,,,High,,,,overture:63ca95fe-3770-41b8-b904-a13700bdedc7,46249,New,Recall-first: plausible adjacent hospitality/STR buyer retained.,http://www.sicilypropertybrokers.com/,francaspb@gmail.com,,,,,,,,,Email,Medium,Recall-first,https://explore.overturemaps.org/#id=63ca95fe-3770-41b8-b904-a13700bdedc7,,domain:sicilypropertybrokers.com,393382076371,sicilypropertybrokers.com,sicily property management brokers,Caccamo,Italy,Sicily Property Management Brokers,8721
8722,B,70,West Sacramento,USA,Hart Property Management,,property_management,"1050 Triangle Ct, West Sacramento, CA",+19166348921,1,,,High,,,,overture:f0cb1558-1f3c-41f4-abef-e8be4fb021a3,46249,New,Recall-first: plausible adjacent hospitality/STR buyer retained.,https://sierrahart.net,rick@sierrahart.net,,,,,,,,,Email,Medium,Recall-first,https://explore.overturemaps.org/#id=f0cb1558-1f3c-41f4-abef-e8be4fb021a3,,domain:sierrahart.net,19166348921,sierrahart.net,hart property management,West Sacramento,USA,Hart Property Management,8722
8723,B,70,Jackson,USA,Sierra Real Estate Services Property Management,,property_management,"827 N CA-49, Jackson",+12094194008,1,,,High,,,,overture:fb32f879-0762-4feb-bac1-e51634ffd50e,46249,New,Recall-first: plausible adjacent hospitality/STR buyer retained.,http://sierrarealestateservices.com/,beckymelvillerealtor@gmail.com,,https://www.instagram.com/sierra_real_estate_services/,,,,,,,Email,Medium,Recall-first,https://explore.overturemaps.org/#id=fb32f879-0762-4feb-bac1-e51634ffd50e,,domain:sierrarealestateservices.com,12094194008,sierrarealestateservices.com,sierra real estate services property management,Jackson,USA,Sierra Real Estate Services Property Management,8723
8724,A,91,Bass Lake,USA,Sierra Vacation Home Rentals,,holiday_rental_home,"54299 Road 432, Bass Lake, CA",+15595402222,1,,,High,,,,overture:ab3dd538-4799-4c15-bf34-39bbcf16b049,46249,New,,http://www.sierravacationhomerentals.com/,info@sierravacationhomerentals.com,,https://www.instagram.com/vacasa/,,,,,,,Email,High,Verified,https://explore.overturemaps.org/#id=ab3dd538-4799-4c15-bf34-39bbcf16b049,,domain:sierravacationhomerentals.com,15595402222,sierravacationhomerentals.com,sierra vacation home rentals,Bass Lake,USA,Sierra Vacation Home Rentals,8724
8725,A,91,Arnold,USA,Sierra Vacation Rentals,,rv_park,"3365 Highway 4, Arnold, CA",+12097954712,1,,,High,,,,overture:436125b2-ec61-4c8a-92e1-30a15add4454,46249,New,,http://www.sierravacationrentals.com/,sierravacationrentals@gmail.com,,,,,,,,,Email,Medium,Verified,https://explore.overturemaps.org/#id=436125b2-ec61-4c8a-92e1-30a15add4454,,domain:sierravacationrentals.com,12097954712,sierravacationrentals.com,sierra vacation rentals,Arnold,USA,Sierra Vacation Rentals,8725
8726,A,88,Σίφνος,Greece,Villa pelagos and Villa Pelagos Residence,,hotel,"Panagia Tou Vounou,Platys Gialos, Σίφνος",+302284071234,1,,,High,,,,overture:924c2058-59bc-4857-91b7-50feb28b6dda,46249,New,,http://sifnospelagos.gr/,moschoulag@yahoo.com,,,,,,,,,Email,High,Verified,https://explore.overturemaps.org/#id=924c2058-59bc-4857-91b7-50feb28b6dda,,domain:sifnospelagos.gr,302284071234,sifnospelagos.gr,villa pelagos and villa pelagos residence,Σίφνος,Greece,Villa pelagos and Villa Pelagos Residence,8726
8727,B,70,Kill Devil Hills,USA,Signature Touch Property Management,,property_management,"2600 N Croatan Hwy, Kill Devil Hills, NC",+12524418857,1,,,High,,,,overture:52dbf547-1853-4392-876a-6547a6a9f100,46249,New,Recall-first: plausible adjacent hospitality/STR buyer retained.,http://www.signaturetouchobx.com/,admin@signaturetouchobx.com,,,,,,,,,Email,Medium,Recall-first,https://explore.overturemaps.org/#id=52dbf547-1853-4392-876a-6547a6a9f100,,domain:signaturetouchobx.com,12524418857,signaturetouchobx.com,signature touch property management,Kill Devil Hills,USA,Signature Touch Property Management,8727
8728,A,88,Κάρπαθος,Greece,Silene Villas Karpathos,,hotel,"Ammopi, Κάρπαθος",+306993676272,1,,,High,,,,overture:79446d91-ef13-4130-aea8-e8ba28e40c54,46249,New,,http://www.silenevillas.com/,silenehotel@gmail.com,,https://www.instagram.com/silene.villas.karpathos/,,,,,,,Email,High,Verified,https://explore.overturemaps.org/#id=79446d91-ef13-4130-aea8-e8ba28e40c54,,domain:silenevillas.com,306993676272,silenevillas.com,silene villas karpathos,Κάρπαθος,Greece,Silene Villas Karpathos,8728
8729,A,91,Mountain Village,USA,SilverStar Telluride Vacation Rentals,,property_management,"624 Mountain Village Blvd, CO",+19707283001,1,,,High,,,,overture:9604412b-7fbd-4c88-89ba-1d1f0cca6405,46249,New,,http://www.silverstartelluride.com/,silverstarluxuryproperties@yahoo.com,,,,,,,,,Email,High,Verified,https://explore.overturemaps.org/#id=9604412b-7fbd-4c88-89ba-1d1f0cca6405,,domain:silverstartelluride.com,19707283001,silverstartelluride.com,silverstar telluride vacation rentals,Mountain Village,USA,SilverStar Telluride Vacation Rentals,8729
8730,A,91,Durango,USA,Silverton Powdercats,,ski_resort,"966 County Road 238, Durango",+19703857288,1,,,High,,,,overture:88031b8f-5b3d-49af-ae05-3a351744b15d,46249,New,,http://silvertoncatskiing.com,info@silvertoncatskiing.com,,https://www.instagram.com/silvertonpowdercats/,,,,,,,Email,High,Verified,https://explore.overturemaps.org/#id=88031b8f-5b3d-49af-ae05-3a351744b15d,,domain:silvertoncatskiing.com,19703857288,silvertoncatskiing.com,silverton powdercats,Durango,USA,Silverton Powdercats,8730
8731,A,91,Silverton,USA,Silverton Mountain,,ski_resort,"1315 Snowden St, Silverton, CO",+19703875779,1,,,High,,,,overture:7b0da607-948d-4a1d-9dd1-f25bba2982ad,46249,New,,http://www.silvertonmountain.com,office@silvertonmountain.com,,https://www.instagram.com/silvertonmtn/,,,,,,,Email,High,Verified,https://explore.overturemaps.org/#id=7b0da607-948d-4a1d-9dd1-f25bba2982ad,,domain:silvertonmountain.com,19703875779,silvertonmountain.com,silverton mountain,Silverton,USA,Silverton Mountain,8731
8732,B,70,Centerville,USA,Simple Property Management,,property_management,"331 W Parrish Ln, Centerville, UT",+18014800000,1,,,High,,,,overture:248dcc9a-6e74-4461-a19f-6a027541a7e4,46249,New,Recall-first: plausible adjacent hospitality/STR buyer retained.,https://SimplePM.com/,info@simplepm.com,,,,,,,,,Email,Medium,Recall-first,https://explore.overturemaps.org/#id=248dcc9a-6e74-4461-a19f-6a027541a7e4,,domain:simplepm.com,18014800000,simplepm.com,simple property management,Centerville,USA,Simple Property Management,8732
8733,A,88,Περιφέρεια Κρήτης,Greece,Villa Asteriskos,,hotel,Περιφέρεια Κρήτης,,1,,,High,,,,overture:33f277be-c2e0-48d1-99cb-9e9e8c7f63c9,46249,New,,http://www.simpsontravel.com/greece-holidays/crete/villas/villa-asteriskos,villaasteriskos@gmail.com,,https://www.instagram.com/simpsontravel/,,,,,,,Email,Medium,Verified,https://explore.overturemaps.org/#id=33f277be-c2e0-48d1-99cb-9e9e8c7f63c9,,domain:simpsontravel.com,,simpsontravel.com,villa asteriskos,Περιφέρεια Κρήτης,Greece,Villa Asteriskos,8733
8734,A,88,Πόρος,Greece,Sirene Blue Luxury Beach Resort,,hotel,"Μοναστήρι, Πόρος",+302298022741,1,,,High,,,,overture:4921e54c-4bf1-4cf8-95e3-347f684a8fbb,46249,New,,http://www.sireneblueresort.gr/,info@sireneblueresort.gr,,https://www.instagram.com/sireneblueluxurybeachresort/,,,,,,,Email,High,Verified,https://explore.overturemaps.org/#id=4921e54c-4bf1-4cf8-95e3-347f684a8fbb,,domain:sireneblueresort.gr,302298022741,sireneblueresort.gr,sirene blue luxury beach resort,Πόρος,Greece,Sirene Blue Luxury Beach Resort,8734
8735,A,88,Κύθηρα,Greece,Sirene Villas,,hotel,"Διακοφτι, Κύθηρα",+302736033900,1,,,High,,,,overture:8a83e802-ddaf-4414-8062-664d08c141cc,46249,New,,http://www.sirenevillas.gr/,info@sirenevillas.gr,,https://www.instagram.com/sirenevillas/,,,,,,,Email,High,Verified,https://explore.overturemaps.org/#id=8a83e802-ddaf-4414-8062-664d08c141cc,,domain:sirenevillas.gr,302736033900,sirenevillas.gr,sirene villas,Κύθηρα,Greece,Sirene Villas,8735
8736,A,88,Ródos,Greece,Cristelia Luxury Sea Front & Pool Villa,,hotel,"DISTRICT ROAD LACHANIA - KATTAVIA, Ródos",+306932454996,1,,,High,,,,overture:47b09e71-cc15-4a56-b44d-b302b3855990,46249,New,,http://68b2928e1d4b2.site123.me/,regeconomides@gmail.com,,,,,,,,,Email,High,Verified,https://explore.overturemaps.org/#id=47b09e71-cc15-4a56-b44d-b302b3855990,,domain:site123.me,306932454996,site123.me,cristelia luxury sea front pool villa,Ródos,Greece,Cristelia Luxury Sea Front & Pool Villa,8736
8737,A,88,Σύβοτα,Greece,Villa Polyxeni Sivota,,beach_resort,Σύβοτα,+302665093013,1,,,High,,,,overture:d168f0f9-f2b5-4ab9-b5ff-52791a3ca9c4,46249,New,,http://www.sivota.dk/,villapolsivota@gmail.com,,,,,,,,,Email,High,Verified,https://explore.overturemaps.org/#id=d168f0f9-f2b5-4ab9-b5ff-52791a3ca9c4,,domain:sivota.dk,302665093013,sivota.dk,villa polyxeni sivota,Σύβοτα,Greece,Villa Polyxeni Sivota,8737
8738,A,88,Σύβοτα,Greece,Sivota Legacy Luxury Villas,,lodging,Σύβοτα,+306980454445,1,,,High,,,,overture:981bc86a-3fd6-4ff0-a0ab-5a1301432a82,46249,New,,http://villas.sivotalegacy.com/,info@sivotalegacy.com,,https://www.instagram.com/sivotalegacyluxuryvillas/,,,,,,,Email,High,Verified,https://explore.overturemaps.org/#id=981bc86a-3fd6-4ff0-a0ab-5a1301432a82,,domain:sivotalegacy.com,306980454445,sivotalegacy.com,sivota legacy luxury villas,Σύβοτα,Greece,Sivota Legacy Luxury Villas,8738
8739,A,88,Σύβοτα,Greece,Sivota luxury collection,,hotel,"Syvota, Σύβοτα",+306936772998,1,,,High,,,,overture:7fe8fa8b-616f-4e2c-ae14-a420a14b8a9e,46249,New,,http://www.sivotaluxurycollection.com/,sivotaluxurycollection@yahoo.com,,https://www.instagram.com/sivota_luxury_collection/,,,,,,,Email,Medium,Verified,https://explore.overturemaps.org/#id=7fe8fa8b-616f-4e2c-ae14-a420a14b8a9e,,domain:sivotaluxurycollection.com,306936772998,sivotaluxurycollection.com,sivota luxury collection,Σύβοτα,Greece,Sivota luxury collection,8739
8740,A,88,Σύβοτα,Greece,Bellou Villas Sivota,,hotel,"Sivota-Thesprotia-Epirus, Σύβοτα",+306974747918,1,,,High,,,,overture:2d103af3-fe34-4d0c-a71d-0dc7b142629e,46249,New,,http://www.sivotavillas.com/,villasbellou@gmail.com,,https://www.instagram.com/bellouvillas.sivota/,,,,,,,Email,High,Verified,https://explore.overturemaps.org/#id=2d103af3-fe34-4d0c-a71d-0dc7b142629e,,domain:sivotavillas.com,306974747918,sivotavillas.com,bellou villas sivota,Σύβοτα,Greece,Bellou Villas Sivota,8740
8741,B,70,Fortuna,USA,Six Rivers Property Management,,property_management,"755 12th St, Fortuna, CA",+17077251094,1,,,High,,,,overture:f0d3f778-a377-44ce-b3b8-59874724d7c0,46249,New,Recall-first: plausible adjacent hospitality/STR buyer retained.,http://www.six-rivers.com/,rentals@six-rivers.com,,https://www.instagram.com/sixriverspropertymanagement/,,,,,,,Email,Medium,Recall-first,https://explore.overturemaps.org/#id=f0d3f778-a377-44ce-b3b8-59874724d7c0,,domain:six-rivers.com,17077251094,six-rivers.com,six rivers property management,Fortuna,USA,Six Rivers Property Management,8741
8742,A,91,Aberdeenshire,United Kingdom,Glenshee Ski Centre,,ski_resort,"Old Military Rd, Aberdeenshire",+441339741320,1,,,High,,,,overture:e42dbc2b-766c-464f-84f2-44fab4653e15,46249,New,,http://www.ski-glenshee.co.uk/,info@ski-glenshee.co.uk,,https://www.instagram.com/glenshee_ski_centre/,,,,,,,Email,High,Verified,https://explore.overturemaps.org/#id=e42dbc2b-766c-464f-84f2-44fab4653e15,,domain:ski-glenshee.co.uk,441339741320,ski-glenshee.co.uk,glenshee ski centre,Aberdeenshire,United Kingdom,Glenshee Ski Centre,8742
8743,A,91,Hesperus,USA,Hesperus Ski Area,,ski_resort,"9848 Highway 160, Hesperus, CO",+19703852199,1,,,High,,,,overture:cdf796d6-a225-4158-8bda-31b26e299354,46249,New,,http://www.ski-hesperus.com/,info@ski-hesperus.com,,https://www.instagram.com/skihesperus/,,,,,,,Email,High,Verified,https://explore.overturemaps.org/#id=cdf796d6-a225-4158-8bda-31b26e299354,,domain:ski-hesperus.com,19703852199,ski-hesperus.com,hesperus ski area,Hesperus,USA,Hesperus Ski Area,8743
8744,A,91,Avon,USA,Ski-lockers.com,,ski_resort,"26 Avondale Ln, CO",+18887541988,1,,,High,,,,overture:5253eeb4-0b5c-4b0d-b90f-431e3972d7fc,46249,New,,http://www.ski-lockers.com/,eugene@ski-lockers.com,,,,,,,,,Email,High,Verified,https://explore.overturemaps.org/#id=5253eeb4-0b5c-4b0d-b90f-431e3972d7fc,,domain:ski-lockers.com,18887541988,ski-lockers.com,ski lockers com,Avon,USA,Ski-lockers.com,8744
8745,A,91,Град Источно Сарајево / Grad Istočno Sarajevo,Italy,Ski Centar Ravna Planina,,ski_resort,"Ravna Planina - One-Bedroom Apartment, Jahorinski potok bb, 71420, Град Источно Сарајево / Grad Istočno Sarajevo",+38757226180,1,,,High,,,,overture:e3e1d5a6-f2c6-43c9-9488-20602b83e641,46249,New,,http://ski-rp.com/,info@ski-rp.com,,https://www.instagram.com/skicentar_ravna_planina/,,,,,,,Email,High,Verified,https://explore.overturemaps.org/#id=e3e1d5a6-f2c6-43c9-9488-20602b83e641,,domain:ski-rp.com,38757226180,ski-rp.com,ski centar ravna planina,Град Источно Сарајево / Grad Istočno Sarajevo,Italy,Ski Centar Ravna Planina,8745
8746,A,91,Alto,USA,Ski Apache,,ski_resort,"1286 Ski Run Rd, Alto, NM",+15754643600,1,,,High,,,,overture:85d5e0eb-6884-4200-b054-d2aa533ae4fd,46249,New,,http://www.skiapache.com/,info@skiapache.com,,https://www.instagram.com/skiapache/,,,,,,,Email,High,Verified,https://explore.overturemaps.org/#id=85d5e0eb-6884-4200-b054-d2aa533ae4fd,,domain:skiapache.com,15754643600,skiapache.com,ski apache,Alto,USA,Ski Apache,8746
8747,A,88,Σκιάθος,Greece,Skiathea Villas,,hotel,Σκιάθος,+306944845355,1,,,High,,,,overture:a297b2a9-a64a-44ab-a55d-dc86babec8d6,46249,New,,https://www.skiathea.com/,info@skiathea.com,,https://www.instagram.com/skiatheavillas/,,,,,,,Email,High,Verified,https://explore.overturemaps.org/#id=a297b2a9-a64a-44ab-a55d-dc86babec8d6,,domain:skiathea.com,306944845355,skiathea.com,skiathea villas,Σκιάθος,Greece,Skiathea Villas,8747
8748,A,88,Σκιάθος,Greece,Skiathos GEA Villas,,hotel,"VASILIAS ,SKIATHOS,GREECE, Σκιάθος",+306983822752,1,,,High,,,,overture:24e805ff-dfdc-4aca-98a6-2e050e074801,46249,New,,http://www.skiathos-gea-villas.com/,skiathosgeavillas@gmail.com,,https://www.instagram.com/skiathos_gea_villas/,,,,,,,Email,Medium,Verified,https://explore.overturemaps.org/#id=24e805ff-dfdc-4aca-98a6-2e050e074801,,domain:skiathos-gea-villas.com,306983822752,skiathos-gea-villas.com,skiathos gea villas,Σκιάθος,Greece,Skiathos GEA Villas,8748
8749,A,88,Σκιάθος,Greece,Mystery Skiathos Hotels,,hotel,"Χώρα, Σκιάθος",+306981885581,1,,,High,,,,overture:bd307427-a5f1-42e1-a01d-77f7fa8de615,46249,New,,https://www.skiathosmystery.com/,info@skiathosmystery.com,,https://www.instagram.com/skiathosmystery/,,,,,,,Email,High,Verified,https://explore.overturemaps.org/#id=bd307427-a5f1-42e1-a01d-77f7fa8de615,,domain:skiathosmystery.com,306981885581,skiathosmystery.com,mystery skiathos hotels,Σκιάθος,Greece,Mystery Skiathos Hotels,8749
8750,A,91,Beech Mountain,USA,Beech Mountain Chalet Rentals,,holiday_rental_home,"405 Beech Mountain Pkwy, NC",(800) 368-7404,1,,,High,,,,overture:74f91822-a4fc-44a8-a59b-2eb41c6c7614,46249,New,,http://www.skibeechmountainnc.com,beechmountainchaletrentals@yahoo.com,,,,,,,,,Email,High,Verified,https://explore.overturemaps.org/#id=74f91822-a4fc-44a8-a59b-2eb41c6c7614,,domain:skibeechmountainnc.com,8003687404,skibeechmountainnc.com,beech mountain chalet rentals,Beech Mountain,USA,Beech Mountain Chalet Rentals,8750
8751,A,91,Canillo,Spain,Ski canaro,,ski_resort,"8 Carretera de la Vall d'Incles, Canillo",+380376601015,1,,,High,,,,overture:5cb61a2e-4d54-43b1-8e03-67435349f08c,46249,New,,https://www.skicanaro.com/,info@skicanaro.com,,https://www.instagram.com/skicanaro/,,,,,,,Email,Medium,Verified,https://explore.overturemaps.org/#id=5cb61a2e-4d54-43b1-8e03-67435349f08c,,domain:skicanaro.com,380376601015,skicanaro.com,ski canaro,Canillo,Spain,Ski canaro,8751
8752,A,91,Naut Aran,Spain,Skicenter España,,ski_resort,"Nucleo, 1500, Naut Aran",+34919041947,1,,,High,,,,overture:43e72dfb-5f97-4441-94e7-15951d547e87,46249,New,,http://www.skicenter.es/,reservas@skicenter.es,,,,,,,,,Email,Medium,Verified,https://explore.overturemaps.org/#id=43e72dfb-5f97-4441-94e7-15951d547e87,,domain:skicenter.es,34919041947,skicenter.es,skicenter espana,Naut Aran,Spain,Skicenter España,8752
8753,A,91,Kilternan,United Kingdom,Ski Club of Ireland,,ski_resort,"Ski Club of Ireland, Kilternan",+35312955658,1,,,High,,,,overture:3de26603-6418-40fc-8424-07f29126902a,46249,New,,http://www.skiclub.ie/,info@skiclub.ie,,https://www.instagram.com/skiclubofireland/,,,,,,,Email,High,Verified,https://explore.overturemaps.org/#id=3de26603-6418-40fc-8424-07f29126902a,,domain:skiclub.ie,35312955658,skiclub.ie,ski club of ireland,Kilternan,United Kingdom,Ski Club of Ireland,8753
8754,A,91,Leadville,USA,Lake County's Ski Cooper,,ski_resort,"896 Harrison Ave, Leadville, CO",+18007076114,1,,,High,,,,overture:f3aaffb2-3402-4264-9b6c-8e5718a148c7,46249,New,,http://www.skicooper.com/,info@skicooper.com,,https://www.instagram.com/skicooper/,,,,,,,Email,High,Verified,https://explore.overturemaps.org/#id=f3aaffb2-3402-4264-9b6c-8e5718a148c7,,domain:skicooper.com,18007076114,skicooper.com,lake county s ski cooper,Leadville,USA,Lake County's Ski Cooper,8754
8755,A,91,Duluth,USA,Snowflake Nordic Ski Center,,ski_resort,"4348 Rice Lake Rd, Duluth, MN",+12187261550,1,,,High,,,,overture:7652d000-215d-4337-b005-8631047f8357,46249,New,,http://www.skiduluth.com/,snowflakeduluth@gmail.com,,https://www.instagram.com/snowflakeduluth/,,,,,,,Email,High,Verified,https://explore.overturemaps.org/#id=7652d000-215d-4337-b005-8631047f8357,,domain:skiduluth.com,12187261550,skiduluth.com,snowflake nordic ski center,Duluth,USA,Snowflake Nordic Ski Center,8755
8756,A,91,Wausau,USA,Granite Peak Ski Area,,ski_resort,"227200 Snowbird Ave, Wausau, WI",+17158452846,1,,,High,,,,overture:8b949c2f-f306-4b6d-8df7-dfdaa53250ff,46249,New,,http://www.skigranitepeak.com/,info@skigranitepeak.com,,https://www.instagram.com/granitepeakskiarea/,,,,,,,Email,High,Verified,https://explore.overturemaps.org/#id=8b949c2f-f306-4b6d-8df7-dfdaa53250ff,,domain:skigranitepeak.com,17158452846,skigranitepeak.com,granite peak ski area,Wausau,USA,Granite Peak Ski Area,8756
8757,A,91,Homewood,USA,Ski Homewood,,ski_resort,"5145 W Lake Blvd, Homewood, CA",+15305252992,1,,,High,,,,overture:d4b4da24-f37a-457b-9b1f-498feee6f9e2,46249,New,,https://www.skihomewood.com,guestservices@skihomewood.com,,,,,,,,,Email,High,Verified,https://explore.overturemaps.org/#id=d4b4da24-f37a-457b-9b1f-498feee6f9e2,,domain:skihomewood.com,15305252992,skihomewood.com,ski homewood,Homewood,USA,Ski Homewood,8757
8758,A,91,Silverton,USA,Kendall Mountain Recreation Area,,ski_resort,"1 Kendall Pl, Silverton, CO",+19707595557,1,,,High,,,,overture:16f34a25-ff68-4cc2-a5a0-0f3cd59b655b,46249,New,,http://www.skikendall.com/,info@skikendall.com,,https://www.instagram.com/kendallmountain/,,,,,,,Email,High,Verified,https://explore.overturemaps.org/#id=16f34a25-ff68-4cc2-a5a0-0f3cd59b655b,,domain:skikendall.com,19707595557,skikendall.com,kendall mountain recreation area,Silverton,USA,Kendall Mountain Recreation Area,8758
8759,A,91,Clear Creek County,USA,Loveland Ski Area,,ski_resort,"I-70, Clear Creek County",+18007363754,1,,,High,,,,overture:8317c031-90c5-456c-a223-fe374f499073,46249,New,,http://www.skiloveland.com/,loveland@skiloveland.com,,https://www.instagram.com/lovelandskiarea/,,,,,,,Email,High,Verified,https://explore.overturemaps.org/#id=8317c031-90c5-456c-a223-fe374f499073,,domain:skiloveland.com,18007363754,skiloveland.com,loveland ski area,Clear Creek County,USA,Loveland Ski Area,8759
8760,A,91,Salida,USA,Monarch Mountain,,ski_resort,"23715 W Us Highway 50, Salida, CO",+17195305000,1,,,High,,,,overture:81aa895b-f964-4b8e-b6fe-657478ef3460,46249,New,,http://www.skimonarch.com,info@skimonarch.com,,https://www.instagram.com/monarchmountain/,,,,,,,Email,High,Verified,https://explore.overturemaps.org/#id=81aa895b-f964-4b8e-b6fe-657478ef3460,,domain:skimonarch.com,17195305000,skimonarch.com,monarch mountain,Salida,USA,Monarch Mountain,8760
8761,A,91,Shuniah,USA,Mount Baldy Ski Area,,ski_resort,"375 Mt Baldy Rd, Shuniah, ON",+18076838441,1,,,High,,,,overture:217965b7-8241-4462-8e23-2c3e15b64f6f,46249,New,,http://www.skimountbaldy.ca/,info@skimountbaldy.ca,,https://www.instagram.com/mountbaldyskiarea/,,,,,,,Email,High,Verified,https://explore.overturemaps.org/#id=217965b7-8241-4462-8e23-2c3e15b64f6f,,domain:skimountbaldy.ca,18076838441,skimountbaldy.ca,mount baldy ski area,Shuniah,USA,Mount Baldy Ski Area,8761
8762,A,91,Washington Twp,USA,Mount Pleasant of Edinboro,,ski_resort,"14510 Mt Pleasant Rd, Washington Twp, PA",+18147341641,1,,,High,,,,overture:bb70b744-19cc-40cd-b70c-525e19f4349b,46249,New,,http://www.skimountpleasant.com/,info@skimountpleasant.com,,https://www.instagram.com/mountpleasantofedinboro/,,,,,,,Email,High,Verified,https://explore.overturemaps.org/#id=bb70b744-19cc-40cd-b70c-525e19f4349b,,domain:skimountpleasant.com,18147341641,skimountpleasant.com,mount pleasant of edinboro,Washington Twp,USA,Mount Pleasant of Edinboro,8762
8763,A,88,Περιφερειακή Ενότητα Ευβοίας,Greece,SkiNAmmos eco villas,,hotel,Περιφερειακή Ενότητα Ευβοίας,+306973673563,1,,,High,,,,overture:2e646c22-610b-43d4-8a96-d3e1150a0982,46249,New,,http://www.skinammosvillas.gr/,kakatsos@gmail.com,,https://www.instagram.com/skinammosecovillas/,,,,,,,Email,Medium,Verified,https://explore.overturemaps.org/#id=2e646c22-610b-43d4-8a96-d3e1150a0982,,domain:skinammosvillas.gr,306973673563,skinammosvillas.gr,skinammos eco villas,Περιφερειακή Ενότητα Ευβοίας,Greece,SkiNAmmos eco villas,8763
8764,A,88,Περιφερειακή Ενότητα Κεφαλληνίας,Greece,Skinos Ilivatos Eco Villa & Estate,,lodging,"Skinos, Περιφερειακή Ενότητα Κεφαλληνίας",+306974102148,1,,,High,,,,overture:5aa837a1-c564-43a5-ae52-785285fc7af0,46249,New,,http://www.skinos-ilivatos.gr/,info@skinos-ilivatos.gr,,https://www.instagram.com/skinosilivatos/,,,,,,,Email,High,Verified,https://explore.overturemaps.org/#id=5aa837a1-c564-43a5-ae52-785285fc7af0,,domain:skinos-ilivatos.gr,306974102148,skinos-ilivatos.gr,skinos ilivatos eco villa estate,Περιφερειακή Ενότητα Κεφαλληνίας,Greece,Skinos Ilivatos Eco Villa & Estate,8764
8765,A,88,Χίος,Greece,Skinos rooms and apartment pirgi chios,,resort,"ΠΥΡΓΙ ΧΙΟΣ, Χίος",+302271072073,1,,,High,,,,overture:2c2ca5c5-d5cb-4e3e-8b4f-465c0490d472,46249,New,,http://skinosrooms.gr/,info@skinosrooms.gr,,,,,,,,,Email,High,Verified,https://explore.overturemaps.org/#id=2c2ca5c5-d5cb-4e3e-8b4f-465c0490d472,,domain:skinosrooms.gr,302271072073,skinosrooms.gr,skinos rooms and apartment pirgi chios,Χίος,Greece,Skinos rooms and apartment pirgi chios,8765
8766,A,91,McCloud,USA,Mt. Shasta Ski Park,,ski_resort,"4500 Ski Park Hwy, McCloud, CA",+15309268600,1,,,High,,,,overture:e74181b9-96b9-4586-80e1-98fb5b91f0b6,46249,New,,http://skipark.com/,thinksnow@skipark.com,,https://www.instagram.com/mtshastaskipark/,,,,,,,Email,High,Verified,https://explore.overturemaps.org/#id=e74181b9-96b9-4586-80e1-98fb5b91f0b6,,domain:skipark.com,15309268600,skipark.com,mt shasta ski park,McCloud,USA,Mt. Shasta Ski Park,8766
8767,B,70,Capitola,USA,Skipper Realty & Property Management,,property_management,"1840 41st Ave, Capitola, CA",+18312123103,1,,,High,,,,overture:4339b610-f43f-4888-b824-08d6503aee54,46249,New,Recall-first: plausible adjacent hospitality/STR buyer retained.,http://skippersrpm.com/,rentals@skippersrpm.com,,,,,,,,,Email,Medium,Recall-first,https://explore.overturemaps.org/#id=4339b610-f43f-4888-b824-08d6503aee54,,domain:skippersrpm.com,18312123103,skippersrpm.com,skipper realty property management,Capitola,USA,Skipper Realty & Property Management,8767
8768,A,91,Reno,USA,Mt. Rose - Ski Tahoe,,ski_resort,"22222 Mt Rose Hwy, Reno, NV",+17758490704,1,,,High,,,,overture:970087d6-89b0-44c3-afbf-8dee333ba727,46249,New,,http://www.skirose.com,deepsnow@skirose.com,,https://www.instagram.com/mtroseskitahoe/,,,,,,,Email,High,Verified,https://explore.overturemaps.org/#id=970087d6-89b0-44c3-afbf-8dee333ba727,,domain:skirose.com,17758490704,skirose.com,mt rose ski tahoe,Reno,USA,Mt. Rose - Ski Tahoe,8768
8769,A,91,Frisco,USA,Copper Mountain Condo Rentals,,holiday_rental_home,"910 Copper Rd, Frisco",+18503990316,1,,,High,,,,overture:4240cedd-e9f1-45cb-9de9-a9000e3df1de,46249,New,,https://www.skisandseas.com,tpcurtin@hotmail.com,,https://www.instagram.com/skisandseas/,,,,,,,Email,High,Verified,https://explore.overturemaps.org/#id=4240cedd-e9f1-45cb-9de9-a9000e3df1de,,domain:skisandseas.com,18503990316,skisandseas.com,copper mountain condo rentals,Frisco,USA,Copper Mountain Condo Rentals,8769
8770,A,91,Santa Fe,USA,Ski Santa Fe,,ski_resort,"2209 Brothers Rd, Santa Fe, NM",+18009849984,1,,,High,,,,overture:c1971a6d-a78b-49ac-8399-895ab15abe5c,46249,New,,http://www.skisantafe.com,info@skisantafe.com,,https://www.instagram.com/skisantafe/,,,,,,,Email,High,Verified,https://explore.overturemaps.org/#id=c1971a6d-a78b-49ac-8399-895ab15abe5c,,domain:skisantafe.com,18009849984,skisantafe.com,ski santa fe,Santa Fe,USA,Ski Santa Fe,8770
8771,A,91,Ballater,United Kingdom,Glenshee Ski and Board School,,ski_resort,"Glenshee Ski Centre, Ballater, SCT",+447538007891,1,,,High,,,,overture:baf4812f-4e46-4146-b37f-4c016f57bb6b,46249,New,,http://www.skischoolglenshee.co.uk/,bookings@skischoolglenshee.co.uk,,https://www.instagram.com/glenshee_skiboard_school/,,,,,,,Email,High,Verified,https://explore.overturemaps.org/#id=baf4812f-4e46-4146-b37f-4c016f57bb6b,,domain:skischoolglenshee.co.uk,447538007891,skischoolglenshee.co.uk,glenshee ski and board school,Ballater,United Kingdom,Glenshee Ski and Board School,8771
8772,A,91,Andalusia,USA,Snowstar,,ski_resort,"9500 126th St W, Andalusia, IL",+13097982666,1,,,High,,,,overture:e27b2000-34a1-431b-8f07-bd13f87b8c21,46249,New,,http://www.skisnowstar.com/,info@skisnowstar.com,,https://www.instagram.com/skisnowstar/,,,,,,,Email,High,Verified,https://explore.overturemaps.org/#id=e27b2000-34a1-431b-8f07-bd13f87b8c21,,domain:skisnowstar.com,13097982666,skisnowstar.com,snowstar,Andalusia,USA,Snowstar,8772
8773,A,91,New Castle,USA,Ski Stout,,ski_resort,"2000 Baldy Creek Rd, New Castle, CO",+19709848211,1,,,High,,,,overture:b6d04cf5-6988-4929-aae8-92322e25ca8a,46249,New,,http://www.SkiStout.com/,info@skistout.com,,,,,,,,,Email,High,Verified,https://explore.overturemaps.org/#id=b6d04cf5-6988-4929-aae8-92322e25ca8a,,domain:skistout.com,19709848211,skistout.com,ski stout,New Castle,USA,Ski Stout,8773
8774,A,91,Jones,USA,Swiss Valley,,ski_resort,"13421 Mann St, Jones, MI",+12692445635,1,,,High,,,,overture:e0505d5f-934b-4e1d-bda0-ff6388dac6de,46249,New,,http://www.skiswissvalley.com,missy@skiswissvalley.com,,https://www.instagram.com/skiswissvalley/,,,,,,,Email,High,Verified,https://explore.overturemaps.org/#id=e0505d5f-934b-4e1d-bda0-ff6388dac6de,,domain:skiswissvalley.com,12692445635,skiswissvalley.com,swiss valley,Jones,USA,Swiss Valley,8774
8775,A,91,Salt Lake City,USA,Ski Truck,,ski_resort,"1260 W North Temple, Salt Lake City, UT",,1,,,High,,,,overture:e8bf170b-9570-4dda-aa51-7ec81ee8d683,46249,New,,http://www.skitrucks.com,monte@skitrucks.com,,https://www.instagram.com/ski_trucks/,,,,,,,Email,High,Verified,https://explore.overturemaps.org/#id=e8bf170b-9570-4dda-aa51-7ec81ee8d683,,domain:skitrucks.com,,skitrucks.com,ski truck,Salt Lake City,USA,Ski Truck,8775
8776,A,91,Vail,USA,Ski Valet Vail,,ski_resort,"616 W Lionshead Cir, Vail, CO",+19704767770,1,,,High,,,,overture:202cfe66-8815-4833-8b26-880e06e59b6a,46249,New,,https://skivalet.net/,vailbikevalet@gmail.com,,,,,,,,,Email,High,Verified,https://explore.overturemaps.org/#id=202cfe66-8815-4833-8b26-880e06e59b6a,,domain:skivalet.net,19704767770,skivalet.net,ski valet vail,Vail,USA,Ski Valet Vail,8776
8777,A,88,Σκόπελος,Greece,Villa Antigone- Skopelos Luxury Retreat,,hotel,"Skopelos, Σκόπελος",+306974071686,1,,,High,,,,overture:298dd869-d0ac-43ff-936b-30b6156ec5fa,46249,New,,http://skopelosluxuryvillas.gr/,nmouftoglou@hotmail.com,,,,,,,,,Email,High,Verified,https://explore.overturemaps.org/#id=298dd869-d0ac-43ff-936b-30b6156ec5fa,,domain:skopelosluxuryvillas.gr,306974071686,skopelosluxuryvillas.gr,villa antigone skopelos luxury retreat,Σκόπελος,Greece,Villa Antigone- Skopelos Luxury Retreat,8777
8778,A,88,Σκιάθος,Greece,Sky Sea Resort Skiathos,,hotel,"Unnamed Road, Σκιάθος",+393894498458,1,,,High,,,,overture:2ef3ff1c-56f9-4d24-9162-2ce086808c0e,46249,New,,http://www.skysea-resort.com/,info@skysea-resort.com,,https://www.instagram.com/skysearesortskiathos/,,,,,,,Email,High,Verified,https://explore.overturemaps.org/#id=2ef3ff1c-56f9-4d24-9162-2ce086808c0e,,domain:skysea-resort.com,393894498458,skysea-resort.com,sky sea resort skiathos,Σκιάθος,Greece,Sky Sea Resort Skiathos,8778
8779,B,70,Elk Grove,USA,SkyWest Property Management,,property_management,"9381 E Stockton Blvd, Elk Grove, CA",+19163995500,1,,,High,,,,overture:e8235e17-696d-497a-9ced-77572173eddb,46249,New,Recall-first: plausible adjacent hospitality/STR buyer retained.,http://skywestpm.com/,info@skywestpm.com,,,,,,,,,Email,Medium,Recall-first,https://explore.overturemaps.org/#id=e8235e17-696d-497a-9ced-77572173eddb,,domain:skywestpm.com,19163995500,skywestpm.com,skywest property management,Elk Grove,USA,SkyWest Property Management,8779
8780,A,91,Glendale,USA,99 Palms Events & Vacation Rental Glendale AZ,,music_venue,"12225 N 65th Dr, Glendale, AZ",+13602390977,1,,,High,,,,overture:b8836d86-4cdd-40f9-9939-c9d02361fbf4,46249,New,,http://www.slaterstays.com/,tsjetset@yahoo.com,,,,,,,,,Email,High,Verified,https://explore.overturemaps.org/#id=b8836d86-4cdd-40f9-9939-c9d02361fbf4,,domain:slaterstays.com,13602390977,slaterstays.com,99 palms events vacation rental glendale az,Glendale,USA,99 Palms Events & Vacation Rental Glendale AZ,8780
8781,A,91,Bryson City,USA,Sleeping Dog Cabin Rentals,,hotel,"139 Forest Hills Rd, Bryson City, NC",+18287364549,1,,,High,,,,overture:372598ba-dd9b-4f48-9d26-477ac405334d,46249,New,,http://www.sleepingdogcabinrentals.com/,sleepingdogcabin@aol.com,,,,,,,,,Email,High,Verified,https://explore.overturemaps.org/#id=372598ba-dd9b-4f48-9d26-477ac405334d,,domain:sleepingdogcabinrentals.com,18287364549,sleepingdogcabinrentals.com,sleeping dog cabin rentals,Bryson City,USA,Sleeping Dog Cabin Rentals,8781
8782,B,70,Park City,USA,Silver Lake Property Management,,property_management,"1950 Woodbine Way, Park City, UT",+14356459338,1,,,High,,,,overture:e673660c-4077-4b02-b6f7-2475cd11a3f2,46249,New,Recall-first: plausible adjacent hospitality/STR buyer retained.,http://www.slpm-pc.com/,silverlakepropertymanagement@gmail.com,,,,,,,,,Email,Medium,Recall-first,https://explore.overturemaps.org/#id=e673660c-4077-4b02-b6f7-2475cd11a3f2,,domain:slpm-pc.com,14356459338,slpm-pc.com,silver lake property management,Park City,USA,Silver Lake Property Management,8782
8783,B,70,Greensboro,USA,SM1 Property Management,,property_management,"3800 S Holden Rd, Greensboro, NC",+13362906822,1,,,High,,,,overture:40941c4f-2d2b-42ba-abf1-6f0974cdeb84,46249,New,Recall-first: plausible adjacent hospitality/STR buyer retained.,https://www.sm1properties.com/,rentals@sm1properties.com,,https://www.instagram.com/sm1_property_solutions/,,,,,,,Email,Medium,Recall-first,https://explore.overturemaps.org/#id=40941c4f-2d2b-42ba-abf1-6f0974cdeb84,,domain:sm1properties.com,13362906822,sm1properties.com,sm1 property management,Greensboro,USA,SM1 Property Management,8783
8784,A,88,Χανιά,Greece,Smile Hotels Group,,hotel,"Κισσάμου 14, Χανιά",+302821083618,1,,,High,,,,overture:4480de72-7108-4032-93a7-199b4fa908f8,46249,New,,https://www.smilehotels.gr/el/,res-iolidabeach@smilehotels.gr,,https://www.instagram.com/smilehotels_official/,,,,,,,Email,High,Verified,https://explore.overturemaps.org/#id=4480de72-7108-4032-93a7-199b4fa908f8,,domain:smilehotels.gr,302821083618,smilehotels.gr,smile hotels group,Χανιά,Greece,Smile Hotels Group,8784
8785,B,70,Florence,USA,Smith Property Management Group,,property_management,"1951 Pisgah Rd, Florence, SC",+18432307219,1,,,High,,,,overture:eabe59f2-11b5-4b40-9361-95557caba530,46249,New,Recall-first: plausible adjacent hospitality/STR buyer retained.,https://www.smithpropertymgt.com/,info@smithpropertymgt.com,,https://www.instagram.com/wix/,,,,,,,Email,Medium,Recall-first,https://explore.overturemaps.org/#id=eabe59f2-11b5-4b40-9361-95557caba530,,domain:smithpropertymgt.com,18432307219,smithpropertymgt.com,smith property management group,Florence,USA,Smith Property Management Group,8785
8786,A,91,Pale,Italy,Jahorina Smjestaj - Ice Jahorina,,ski_resort,"Jahorina, Pale",+38765714705,1,,,High,,,,overture:cd0a9d96-c9d8-4c30-bd49-a6717615adf9,46249,New,,http://www.smjestaj-jahorina.com/,jahorina.smjestaj@gmail.com,,https://www.instagram.com/icejahorina/,,,,,,,Email,High,Verified,https://explore.overturemaps.org/#id=cd0a9d96-c9d8-4c30-bd49-a6717615adf9,,domain:smjestaj-jahorina.com,38765714705,smjestaj-jahorina.com,jahorina smjestaj ice jahorina,Pale,Italy,Jahorina Smjestaj - Ice Jahorina,8786
8787,A,91,Sevierville,USA,Smoky Jones Vacation Rentals,,holiday_rental_home,"Sevierville, TN",+18652800722,1,,,High,,,,overture:6606c32c-585b-47bd-bf2c-f3ecb3b95464,46249,New,,http://smokyjonesvacations.com/,smokyjonesvacations@gmail.com,,,,,,,,,Email,High,Verified,https://explore.overturemaps.org/#id=6606c32c-585b-47bd-bf2c-f3ecb3b95464,,domain:smokyjonesvacations.com,18652800722,smokyjonesvacations.com,smoky jones vacation rentals,Sevierville,USA,Smoky Jones Vacation Rentals,8787
8788,B,70,Sierra Vista,USA,SMS Realty and Property Management,,property_management,"2345 E Fry Blvd, Sierra Vista, AZ",+15204339255,1,,,High,,,,overture:ef3b3c0e-f48e-4b8f-a5ab-1049d4d30085,46249,New,Recall-first: plausible adjacent hospitality/STR buyer retained.,http://www.smspropertymgt.com/,leasing@smspropertymgt.com,,,,,,,,,Email,Medium,Recall-first,https://explore.overturemaps.org/#id=ef3b3c0e-f48e-4b8f-a5ab-1049d4d30085,,domain:smspropertymgt.com,15204339255,smspropertymgt.com,sms realty and property management,Sierra Vista,USA,SMS Realty and Property Management,8788
8789,A,88,Μύκονος,Greece,Smy Mykonos Suites and Villas,,hotel,"Elia Beach, Mykonos, Μύκονος",+302111992753,1,,,High,,,,overture:42261537-cb9b-41a9-8119-934528ec1cc3,46249,New,,https://www.smyhotels.com/,info.mykonos@smyhotels.com,,https://www.instagram.com/smyhotels/,,,,,,,Email,High,Verified,https://explore.overturemaps.org/#id=42261537-cb9b-41a9-8119-934528ec1cc3,,domain:smyhotels.com,302111992753,smyhotels.com,smy mykonos suites and villas,Μύκονος,Greece,Smy Mykonos Suites and Villas,8789
8790,A,91,Huntsville,USA,Snowbasin,,ski_resort,"Huntsville, UT",,1,,,High,,,,overture:3e5b5c9a-3e0f-4825-a4c4-afca24683539,46249,New,,http://www.snowbasin.com,weddings@snowbasin.com,,https://www.instagram.com/snowbasinresort/,,,,,,,Email,High,Verified,https://explore.overturemaps.org/#id=3e5b5c9a-3e0f-4825-a4c4-afca24683539,,domain:snowbasin.com,,snowbasin.com,snowbasin,Huntsville,USA,Snowbasin,8790
8791,A,91,Sturgeon Bay,USA,Snowkraft Nordic,,ski_resort,"5736 Walker Rd, Sturgeon Bay, WI",+19204958484,1,,,High,,,,overture:c69cec24-72a1-4c9e-8af7-897fa6ac1567,46249,New,,http://snowkraft.com/,latitude44@gmail.com,,https://www.instagram.com/snowkraft/,,,,,,,Email,High,Verified,https://explore.overturemaps.org/#id=c69cec24-72a1-4c9e-8af7-897fa6ac1567,,domain:snowkraft.com,19204958484,snowkraft.com,snowkraft nordic,Sturgeon Bay,USA,Snowkraft Nordic,8791
8792,A,91,Halifax,United Kingdom,Snowtubing Halifax,,ski_resort,"Bradford Old Rd, Halifax, ENG",+441422340760,1,,,High,,,,overture:4195641b-4ad3-43cb-a294-2003a959f0b9,46249,New,,http://www.snowtubinghalifax.co.uk/,snowsportbookings@gmail.com,,https://www.instagram.com/snowtubinghalifax/,,,,,,,Email,Medium,Verified,https://explore.overturemaps.org/#id=4195641b-4ad3-43cb-a294-2003a959f0b9,,domain:snowtubinghalifax.co.uk,441422340760,snowtubinghalifax.co.uk,snowtubing halifax,Halifax,United Kingdom,Snowtubing Halifax,8792
8793,A,91,Laramie,USA,Snowy Range Ski Area,,ski_resort,"6416 Mountain Mist Ct, Laramie, WY",+13077455750,1,,,High,,,,overture:abb9e1d0-f743-43b1-88bf-ffd9a87e787d,46249,New,,http://www.snowyrangeski.com/,info@snowyrangeski.com,,https://www.instagram.com/snowyrangeski/,,,,,,,Email,High,Verified,https://explore.overturemaps.org/#id=abb9e1d0-f743-43b1-88bf-ffd9a87e787d,,domain:snowyrangeski.com,13077455750,snowyrangeski.com,snowy range ski area,Laramie,USA,Snowy Range Ski Area,8793
8794,A,91,Castleford,United Kingdom,Snozone,,ski_resort,"Colorado Way, Castleford, ENG",+443330030520,1,,,High,,,,overture:f5e0090d-be46-42ef-9d50-5b490c1a6bdd,46249,New,,http://www.snozoneuk.com,enquiriescastleford@snozoneuk.com,,https://www.instagram.com/snozone/,,,,,,,Email,High,Verified,https://explore.overturemaps.org/#id=f5e0090d-be46-42ef-9d50-5b490c1a6bdd,,domain:snozoneuk.com,443330030520,snozoneuk.com,snozone,Castleford,United Kingdom,Snozone,8794
8795,A,88,Τήνος,Greece,Soborgo Tinos Exquisite Villas,,hotel,"Thesi Ntraouna, Τήνος",+306932746292,1,,,High,,,,overture:f0a66e80-dda5-4433-8cbc-1d79e3400a7b,46249,New,,http://www.soborgo.gr/,info@soborgo.gr,,,,,,,,,Email,High,Verified,https://explore.overturemaps.org/#id=f0a66e80-dda5-4433-8cbc-1d79e3400a7b,,domain:soborgo.gr,306932746292,soborgo.gr,soborgo tinos exquisite villas,Τήνος,Greece,Soborgo Tinos Exquisite Villas,8795
8796,A,88,Δήμος Μυλοποτάμου,Greece,Sofia Luxury Villas,,hotel,Δήμος Μυλοποτάμου,+306944830880,1,,,High,,,,overture:42daf16a-b477-4a9b-8a4d-31f9a6c60eb3,46249,New,,http://www.sofialuxuryvillas.gr/en/,sofialuxuryvillas@gmail.com,,,,,,,,,Email,High,Verified,https://explore.overturemaps.org/#id=42daf16a-b477-4a9b-8a4d-31f9a6c60eb3,,domain:sofialuxuryvillas.gr,306944830880,sofialuxuryvillas.gr,sofia luxury villas,Δήμος Μυλοποτάμου,Greece,Sofia Luxury Villas,8796
8797,A,88,Γεωργιούπολη,Greece,Sofia Resort Luxury Suites,,hotel,"kavros georgioupoli \n, Γεωργιούπολη",+302825061060,1,,,High,,,,overture:30e1be60-6092-4693-a63b-727fc8d59e4d,46249,New,,http://www.sofiaresortluxurysuites.gr/,info@sofiaresortluxurysuites.gr,,https://www.instagram.com/sofia_resort/,,,,,,,Email,High,Verified,https://explore.overturemaps.org/#id=30e1be60-6092-4693-a63b-727fc8d59e4d,,domain:sofiaresortluxurysuites.gr,302825061060,sofiaresortluxurysuites.gr,sofia resort luxury suites,Γεωργιούπολη,Greece,Sofia Resort Luxury Suites,8797
8798,A,88,Sámi,Greece,Sofia Villas,,hotel,"Αϊ Λιας Χαλιωτατα, Sámi",+306940619785,1,,,High,,,,overture:cd809629-8a19-4c09-a511-da08c4e693ab,46249,New,,http://www.sofiavillas.gr/,papadimatos10@gmail.com,,https://www.instagram.com/sofia.villas/,,,,,,,Email,Medium,Verified,https://explore.overturemaps.org/#id=cd809629-8a19-4c09-a511-da08c4e693ab,,domain:sofiavillas.gr,306940619785,sofiavillas.gr,sofia villas,Sámi,Greece,Sofia Villas,8798
8799,A,88,Pátmos,Greece,Sofouliou Luxury Villa,,hotel,"Patmos Chora, Pátmos",+306944542992,1,,,High,,,,overture:65981113-a0c4-4d64-ac52-7f4b73a147ec,46249,New,,http://www.sofouliou.gr/,booking@sofouliou.gr,,,,,,,,,Email,High,Verified,https://explore.overturemaps.org/#id=65981113-a0c4-4d64-ac52-7f4b73a147ec,,domain:sofouliou.gr,306944542992,sofouliou.gr,sofouliou luxury villa,Pátmos,Greece,Sofouliou Luxury Villa,8799
8800,A,88,Θήρα,Greece,Soil Of Sun Luxury Villas,,hotel,"Epar.Od. Firon-Ormou Perissis, Θήρα",+302286023577,1,,,High,,,,overture:7a0e2140-e01f-43e7-8f21-ab33ff084bcd,46249,New,,http://www.soilofsun.com/,info@soilofsun.com,,,,,,,,,Email,High,Verified,https://explore.overturemaps.org/#id=7a0e2140-e01f-43e7-8f21-ab33ff084bcd,,domain:soilofsun.com,302286023577,soilofsun.com,soil of sun luxury villas,Θήρα,Greece,Soil Of Sun Luxury Villas,8800
8801,A,88,Φαίακες,Greece,Sokraki Villas,,hotel,Φαίακες,+302663022176,1,,,High,,,,overture:d8b0315e-6731-4e73-89de-7973cd3822b2,46249,New,,http://www.sokrakivillas.gr/,info@sokrakivillas.gr,,https://www.instagram.com/sokrakivillas/,,,,,,,Email,High,Verified,https://explore.overturemaps.org/#id=d8b0315e-6731-4e73-89de-7973cd3822b2,,domain:sokrakivillas.gr,302663022176,sokrakivillas.gr,sokraki villas,Φαίακες,Greece,Sokraki Villas,8801
8802,B,70,Vacaville,USA,Solano Property Management,,property_management,"750 Mason St, Vacaville, CA",+17074478501,1,,,High,,,,overture:15f54d25-60b8-4e0c-a3d3-69be23ac5866,46249,New,Recall-first: plausible adjacent hospitality/STR buyer retained.,http://www.solanopm.com/,info@solanopm.com,,,,,,,,,Email,Medium,Recall-first,https://explore.overturemaps.org/#id=15f54d25-60b8-4e0c-a3d3-69be23ac5866,,domain:solanopm.com,17074478501,solanopm.com,solano property management,Vacaville,USA,Solano Property Management,8802
8803,A,88,Κασσάνδρα,Greece,Soleado Luxury Villas,,hotel,"Skala Fourkas, Chalkidiki, Κασσάνδρα",+306951660724,1,,,High,,,,overture:e80168af-de21-4e86-9905-67dc05cc8aef,46249,New,,https://soleado-villas.com/,info@soleado-villas.com,,https://www.instagram.com/soleado_luxury_villas/,,,,,,,Email,High,Verified,https://explore.overturemaps.org/#id=e80168af-de21-4e86-9905-67dc05cc8aef,,domain:soleado-villas.com,306951660724,soleado-villas.com,soleado luxury villas,Κασσάνδρα,Greece,Soleado Luxury Villas,8803
8804,A,88,Δήμος Ζακύνθου,Greece,Soleil Luxury Villas,,hotel,"EO Zakinthou Keriou, Δήμος Ζακύνθου",+306972603777,1,,,High,,,,overture:e777cabd-3368-4ef3-ab94-653cc01095b4,46249,New,,https://soleilvillas.gr/,soleilluxuryvillas1@gmail.com,,https://www.instagram.com/_soleilvillas/,,,,,,,Email,High,Verified,https://explore.overturemaps.org/#id=e777cabd-3368-4ef3-ab94-653cc01095b4,,domain:soleilvillas.gr,306972603777,soleilvillas.gr,soleil luxury villas,Δήμος Ζακύνθου,Greece,Soleil Luxury Villas,8804
8805,A,88,Ελειός-Πρόννοι,Greece,Solomos Villas,,hotel,Ελειός-Πρόννοι,+302671083457,1,,,High,,,,overture:d78a3de3-eb08-4683-9a55-52c432223772,46249,New,,http://www.solomosvillas.gr/,solomosmarket@gmail.com,,,,,,,,,Email,Medium,Verified,https://explore.overturemaps.org/#id=d78a3de3-eb08-4683-9a55-52c432223772,,domain:solomosvillas.gr,302671083457,solomosvillas.gr,solomos villas,Ελειός-Πρόννοι,Greece,Solomos Villas,8805
8806,B,70,Rohnert Park,USA,Sonoma Marin Property Management,,property_management,"6555 Hunter Dr, Rohnert Park, CA",+17075837775,1,,,High,,,,overture:abb125ad-6d63-4c1e-82c4-88b55592fa95,46249,New,Recall-first: plausible adjacent hospitality/STR buyer retained.,http://www.SonomaMarinRealtyGroup.com/,sonomamarinproperties@gmail.com,,https://www.instagram.com/sonomamarinproperties/,,,,,,,Email,Medium,Recall-first,https://explore.overturemaps.org/#id=abb125ad-6d63-4c1e-82c4-88b55592fa95,,domain:sonomamarinrealtygroup.com,17075837775,sonomamarinrealtygroup.com,sonoma marin property management,Rohnert Park,USA,Sonoma Marin Property Management,8806
8807,A,88,Korčula,Italy,Soul Sister Villas Korcula,,hotel,"Tri žala 976, Korčula",+385913112235,1,,,High,,,,overture:893033bc-1bed-4f36-bb43-e51186f3baa5,46249,New,,http://www.soulsisters.hr/,info@soulsisters.hr,,,,,,,,,Email,High,Verified,https://explore.overturemaps.org/#id=893033bc-1bed-4f36-bb43-e51186f3baa5,,domain:soulsisters.hr,385913112235,soulsisters.hr,soul sister villas korcula,Korčula,Italy,Soul Sister Villas Korcula,8807
8808,A,88,Λαυρεωτική,Greece,Sounio Luxury Villas,,hotel,"Pountazzeza Sounio, Λαυρεωτική",+302292027870,1,,,High,,,,overture:490da9ce-5929-4d45-a61d-520b107a3861,46249,New,,https://www.sounio-villas.com/,info@sounio-villas.com,,https://www.instagram.com/villasounio/,,,,,,,Email,High,Verified,https://explore.overturemaps.org/#id=490da9ce-5929-4d45-a61d-520b107a3861,,domain:sounio-villas.com,302292027870,sounio-villas.com,sounio luxury villas,Λαυρεωτική,Greece,Sounio Luxury Villas,8808
8809,A,88,Lávrion,Greece,Poseidon Beach Villas,,hotel,"67.5 km Athens-Sounion, Lávrion",+306932243864,1,,,High,,,,overture:381917b6-0b04-4ada-9eac-056ef4b7b8e9,46249,New,,http://www.sounionvillas.gr/,contact@sounionvillas.gr,,,,,,,,,Email,High,Verified,https://explore.overturemaps.org/#id=381917b6-0b04-4ada-9eac-056ef4b7b8e9,,domain:sounionvillas.gr,306932243864,sounionvillas.gr,poseidon beach villas,Lávrion,Greece,Poseidon Beach Villas,8809
8810,A,91,Stranraer,United Kingdom,Southcliff Holiday Home,,hotel,"Portpatrick, Stranraer, SCT",+447803591911,1,,,High,,,,overture:d3b438b9-3228-4825-acfb-aa00043034bf,46249,New,,http://www.southcliffhouse.com/,southcliffhouse@gmail.com,,,,,,,,,Email,Medium,Verified,https://explore.overturemaps.org/#id=d3b438b9-3228-4825-acfb-aa00043034bf,,domain:southcliffhouse.com,447803591911,southcliffhouse.com,southcliff holiday home,Stranraer,United Kingdom,Southcliff Holiday Home,8810
8811,B,70,Morgan Hill,USA,South County Property Management,,property_management,"1057 Cochrane Rd, Morgan Hill, CA",+16692912282,1,,,High,,,,overture:21c3088e-46f2-4069-bc21-f0b662298ef3,46249,New,Recall-first: plausible adjacent hospitality/STR buyer retained.,https://southcounty-propertymanagement.com/,so.countypropertymgmt@gmail.com,,,,,,,,,Email,Medium,Recall-first,https://explore.overturemaps.org/#id=21c3088e-46f2-4069-bc21-f0b662298ef3,,domain:southcounty-propertymanagement.com,16692912282,southcounty-propertymanagement.com,south county property management,Morgan Hill,USA,South County Property Management,8811
8812,B,70,Soledad,USA,South County Property Management,,property_management,"155 Kidder St, Soledad, CA",+18316785212,1,,,High,,,,overture:a9b1aa86-fc36-4e98-ab85-4bda6ad372b2,46249,New,Recall-first: plausible adjacent hospitality/STR buyer retained.,https://southcountypm.com/RealtorWebPage,pinnbroker17@gmail.com,,,,,,,,,Email,Medium,Recall-first,https://explore.overturemaps.org/#id=a9b1aa86-fc36-4e98-ab85-4bda6ad372b2,,domain:southcountypm.com,18316785212,southcountypm.com,south county property management,Soledad,USA,South County Property Management,8812
8813,B,70,Bognor Regis,United Kingdom,Southernbrook Property Management,,real_estate_agent,"3a, Bognor Regis, ENG",+441243815996,1,,,High,,,,overture:8220d86b-6e30-4fad-aa07-12c9a33e97d4,46249,New,Recall-first: plausible adjacent hospitality/STR buyer retained.,http://www.southernbrook.co.uk/,estates@southernbrook.co.uk,,https://www.instagram.com/southernbrooklettings/,,,,,,,Email,Medium,Recall-first,https://explore.overturemaps.org/#id=8220d86b-6e30-4fad-aa07-12c9a33e97d4,,domain:southernbrook.co.uk,441243815996,southernbrook.co.uk,southernbrook property management,Bognor Regis,United Kingdom,Southernbrook Property Management,8813
8814,B,70,Iowa City,USA,SouthGate Property Management,,property_management,"755 Mormon Trek Blvd, Iowa City, IA",+13193399320,1,,,High,,,,overture:562db20b-c532-42ae-859d-8c7f3b93da35,46249,New,Recall-first: plausible adjacent hospitality/STR buyer retained.,http://www.southgateco.com,info@southgateco.com,,,,,,,,,Email,Medium,Recall-first,https://explore.overturemaps.org/#id=562db20b-c532-42ae-859d-8c7f3b93da35,,domain:southgateco.com,13193399320,southgateco.com,southgate property management,Iowa City,USA,SouthGate Property Management,8814
8815,B,70,Aiken,USA,South Lake Property Management,,property_management,"427 Jerrys Folly Rd, Aiken, SC",+17174602858,1,,,High,,,,overture:151f5618-b17d-446a-a638-367e3360f9f1,46249,New,Recall-first: plausible adjacent hospitality/STR buyer retained.,https://southlakeenvironmental.com/,mfulk@southlakeenvironmental.com,,,,,,,,,Email,Medium,Recall-first,https://explore.overturemaps.org/#id=151f5618-b17d-446a-a638-367e3360f9f1,,domain:southlakeenvironmental.com,17174602858,southlakeenvironmental.com,south lake property management,Aiken,USA,South Lake Property Management,8815
8816,A,88,Περιφερειακή Ενότητα Ρόδου,Greece,Southrock Villas,,hotel,Περιφερειακή Ενότητα Ρόδου,+306947524624,1,,,High,,,,overture:f5079a85-4472-41eb-bf50-b3371e0c5d42,46249,New,,https://www.southrockvillas.gr/,info@southrockvillas.gr,,https://www.instagram.com/southrockvillas/,,,,,,,Email,High,Verified,https://explore.overturemaps.org/#id=f5079a85-4472-41eb-bf50-b3371e0c5d42,,domain:southrockvillas.gr,306947524624,southrockvillas.gr,southrock villas,Περιφερειακή Ενότητα Ρόδου,Greece,Southrock Villas,8816
8817,B,70,Menomonie,USA,Southside Property Management,,property_management,"1621 S Broadway St, Menomonie, WI",+17152317368,1,,,High,,,,overture:666f9235-0f2b-474c-9170-1645c73af138,46249,New,Recall-first: plausible adjacent hospitality/STR buyer retained.,http://southsidepropertymanagement.com/rentals/,info@southsidepropertymanagement.com,,,,,,,,,Email,Medium,Recall-first,https://explore.overturemaps.org/#id=666f9235-0f2b-474c-9170-1645c73af138,,domain:southsidepropertymanagement.com,17152317368,southsidepropertymanagement.com,southside property management,Menomonie,USA,Southside Property Management,8817
8818,A,91,Launceston,United Kingdom,SWD Holiday Property Management Services,,home_cleaning,"Unit 1F, Course View, Kennards House, Launceston, ENG",+441566706160,1,,,High,,,,overture:25bce5c0-dbdb-48eb-838b-a985caa3e974,46249,New,,https://southwestdomestics.co.uk/,enquiries@southwestdomestics.co.uk,,,,,,,,,Email,High,Verified,https://explore.overturemaps.org/#id=25bce5c0-dbdb-48eb-838b-a985caa3e974,,domain:southwestdomestics.co.uk,441566706160,southwestdomestics.co.uk,swd holiday property management services,Launceston,United Kingdom,SWD Holiday Property Management Services,8818
8819,B,70,Farmington,USA,SoWesCo Property Management,,property_management,"2222 E 20th St, Farmington, NM",+15053252100,1,,,High,,,,overture:5e1dd796-977a-4dbb-94b3-2c99ef9649ef,46249,New,Recall-first: plausible adjacent hospitality/STR buyer retained.,http://sowescopropertymanagement.com/,sowesco.propertymanagement@gmail.com,,https://www.instagram.com/Sowesco_property_management/,,,,,,,Email,Medium,Recall-first,https://explore.overturemaps.org/#id=5e1dd796-977a-4dbb-94b3-2c99ef9649ef,,domain:sowescopropertymanagement.com,15053252100,sowescopropertymanagement.com,sowesco property management,Farmington,USA,SoWesCo Property Management,8819
8820,B,70,Winona,USA,PrimeTime Property Management,,property_management,"724 E 6th St, Winona, MN",+15074508827,1,,,High,,,,overture:0a9b457a-effa-4148-9e7e-76faee768df9,46249,New,Recall-first: plausible adjacent hospitality/STR buyer retained.,http://www.spaces2go.com/,manager@spaces2go.com,,,,,,,,,Email,Medium,Recall-first,https://explore.overturemaps.org/#id=0a9b457a-effa-4148-9e7e-76faee768df9,,domain:spaces2go.com,15074508827,spaces2go.com,primetime property management,Winona,USA,PrimeTime Property Management,8820
8821,B,70,Dublin,USA,Specialized Property Management INC,,property_management,"4101 Dublin Blvd, CA",+18887103394,1,,,High,,,,overture:5b4f0300-3f51-4e20-922a-cbca2f0ffc9c,46249,New,Recall-first: plausible adjacent hospitality/STR buyer retained.,https://www.specializedhomesforrent.com/,info@specializedhomesforrent.com,,,,,,,,,Email,Medium,Recall-first,https://explore.overturemaps.org/#id=5b4f0300-3f51-4e20-922a-cbca2f0ffc9c,,domain:specializedhomesforrent.com,18887103394,specializedhomesforrent.com,specialized property management inc,Dublin,USA,Specialized Property Management INC,8821
8822,B,70,Cedar Hills,USA,Spectrum Realty & Property Management,,property_management,"10447 N Doral Dr, Cedar Hills, UT",+18016553700,1,,,High,,,,overture:40755ffc-19c8-46a3-afe9-c96bf9436750,46249,New,Recall-first: plausible adjacent hospitality/STR buyer retained.,http://www.spectrumpropertymanagement.com/,spectrumpm@gmail.com,,https://www.instagram.com/tworthington8/,,,,,,,Email,Medium,Recall-first,https://explore.overturemaps.org/#id=40755ffc-19c8-46a3-afe9-c96bf9436750,,domain:spectrumpropertymanagement.com,18016553700,spectrumpropertymanagement.com,spectrum realty property management,Cedar Hills,USA,Spectrum Realty & Property Management,8822
8823,A,88,Αποκεντρωμένη Διοίκηση Αιγαίου,Greece,Sperveri Enalio Villas,,hotel,"Unnamed Road, Trapezia, Αποκεντρωμένη Διοίκηση Αιγαίου",+306944268424,1,,,High,,,,overture:bed95509-84c8-4741-a7b6-200d49233382,46249,New,,http://www.sperveri.gr/en/hotels/sperveri-enalio-hotel,info@sperveri.gr,,https://www.instagram.com/sperveri_boutique_hotel/,,,,,,,Email,High,Verified,https://explore.overturemaps.org/#id=bed95509-84c8-4741-a7b6-200d49233382,,domain:sperveri.gr,306944268424,sperveri.gr,sperveri enalio villas,Αποκεντρωμένη Διοίκηση Αιγαίου,Greece,Sperveri Enalio Villas,8823
8824,B,70,Aviemore,United Kingdom,Speyside Property Management,,property_management,"Unit 17-3, Spey Valley Hire, business park Dalfaber Industrial Est, Aviemore, SCT",+441479810656,1,,,High,,,,overture:63856ee4-13ab-4b61-af85-8c0c92402ee0,46249,New,Recall-first: plausible adjacent hospitality/STR buyer retained.,https://speysidepropertymanagement.com/,info@speysidepropertymanagement.com,,https://www.instagram.com/speysidepropertymanagement/,,,,,,,Email,Medium,Recall-first,https://explore.overturemaps.org/#id=63856ee4-13ab-4b61-af85-8c0c92402ee0,,domain:speysidepropertymanagement.com,441479810656,speysidepropertymanagement.com,speyside property management,Aviemore,United Kingdom,Speyside Property Management,8824
8825,A,88,Άγιος Νικόλαος,Greece,Athina Villas,,hotel,"Plaka, Crete, Άγιος Νικόλαος",+302841041342,1,,,High,,,,overture:5e78e779-05a1-404a-bb5a-59568eed37fc,46249,New,,http://www.spinalonga.eu/,athina-villas@hotmail.com,,,,,,,,,Email,Medium,Verified,https://explore.overturemaps.org/#id=5e78e779-05a1-404a-bb5a-59568eed37fc,,domain:spinalonga.eu,302841041342,spinalonga.eu,athina villas,Άγιος Νικόλαος,Greece,Athina Villas,8825
8826,A,88,Άγιος Νικόλαος,Greece,Spinalonga Villas,,hotel,"Πλάκα Ελούντα, Άγιος Νικόλαος",+306942220925,1,,,High,,,,overture:2d76c236-3ea7-4768-9bb5-cba9ae877de8,46249,New,,http://www.spinalongavillas.gr/,info@spinalongavillas.gr,,https://www.instagram.com/spinalonga_villas/,,,,,,,Email,High,Verified,https://explore.overturemaps.org/#id=2d76c236-3ea7-4768-9bb5-cba9ae877de8,,domain:spinalongavillas.gr,306942220925,spinalongavillas.gr,spinalonga villas,Άγιος Νικόλαος,Greece,Spinalonga Villas,8826
8827,A,91,Duluth,USA,Spirit Mountain,,ski_resort,"9500 Spirit Mountain Pl, Duluth, MN",+12186282891,1,,,High,,,,overture:9c37ecc1-2c09-4d1b-86ae-af72864c56d3,46249,New,,http://www.spiritmt.com,info@spiritmt.com,,https://www.instagram.com/spiritmtduluth/,,,,,,,Email,High,Verified,https://explore.overturemaps.org/#id=9c37ecc1-2c09-4d1b-86ae-af72864c56d3,,domain:spiritmt.com,12186282891,spiritmt.com,spirit mountain,Duluth,USA,Spirit Mountain,8827
8828,A,88,Χανιά,Greece,Splantzia Houses - Villa Splantzia & Splantzia Boutique Home,,hotel,"PARODOS ROUSSOU VOURDOUBA, Χανιά",+306932849995,1,,,High,,,,overture:36364e23-c9fa-4855-919f-4efd133bc1f3,46249,New,,http://www.splantziahouses.com/,villasplantzia@gmail.com,,,,,,,,,Email,High,Verified,https://explore.overturemaps.org/#id=36364e23-c9fa-4855-919f-4efd133bc1f3,,domain:splantziahouses.com,306932849995,splantziahouses.com,splantzia houses villa splantzia splantzia boutique home,Χανιά,Greece,Splantzia Houses - Villa Splantzia & Splantzia Boutique Home,8828
8829,B,70,Royal Oak,USA,Silva Property Management,,property_management,"905 N Stephenson Hwy, Royal Oak, MI",+18002996881,1,,,High,,,,overture:23bac0cd-91a8-4922-a80f-c0fd17a25938,46249,New,Recall-first: plausible adjacent hospitality/STR buyer retained.,http://www.spmliving.com/,theroe@spmliving.com,,,,,,,,,Email,Medium,Recall-first,https://explore.overturemaps.org/#id=23bac0cd-91a8-4922-a80f-c0fd17a25938,,domain:spmliving.com,18002996881,spmliving.com,silva property management,Royal Oak,USA,Silva Property Management,8829
8830,B,70,Parker,USA,Specialized Property Management,,property_management,"19590 E Mainstreet, Parker, CO",+13038410456,1,,,High,,,,overture:98ac42f5-8810-4338-a536-21852b2975b1,46249,New,Recall-first: plausible adjacent hospitality/STR buyer retained.,http://www.SPMParker.com/,hello@spmparker.com,,,,,,,,,Email,Medium,Recall-first,https://explore.overturemaps.org/#id=98ac42f5-8810-4338-a536-21852b2975b1,,domain:spmparker.com,13038410456,spmparker.com,specialized property management,Parker,USA,Specialized Property Management,8830
8831,B,70,Modesto,USA,Stanislaus Property Management,,property_management,"1407 Sunrise Ave, Modesto, CA",+12095781174,1,,,High,,,,overture:0ed1ab9a-29e5-4bd1-8a49-c844b7b0427a,46249,New,Recall-first: plausible adjacent hospitality/STR buyer retained.,http://www.spmrentals.com/,info@spmrentals.com,,https://www.instagram.com/spm_rentals/,,,,,,,Email,Medium,Recall-first,https://explore.overturemaps.org/#id=0ed1ab9a-29e5-4bd1-8a49-c844b7b0427a,,domain:spmrentals.com,12095781174,spmrentals.com,stanislaus property management,Modesto,USA,Stanislaus Property Management,8831
8832,B,70,Reno,USA,Sprenger Property Management,,property_management,"225 W Moana Ln Ste 215, Reno, NV",(775) 826-4414,1,,,High,,,,overture:cd089a6a-3bba-4b82-b0bd-cecb6e8457b9,46249,New,Recall-first: plausible adjacent hospitality/STR buyer retained.,http://www.sprengerpropertymanagement.com,sprengerproperties@yahoo.com,,,,,,,,,Email,Medium,Recall-first,https://explore.overturemaps.org/#id=cd089a6a-3bba-4b82-b0bd-cecb6e8457b9,,domain:sprengerpropertymanagement.com,7758264414,sprengerpropertymanagement.com,sprenger property management,Reno,USA,Sprenger Property Management,8832
8833,A,91,Terrace Bay,USA,Trestle Ridge Ski Hill,,ski_resort,"Hwy 17, Terrace Bay, ON",+18072280617,1,,,High,,,,overture:aac30677-b411-42bd-a45f-9e0f55ff5a74,46249,New,,https://terrace-bay-ski-hill.square.site/,trestleridgeskihill@gmail.com,,,,,,,,,Email,Medium,Verified,https://explore.overturemaps.org/#id=aac30677-b411-42bd-a45f-9e0f55ff5a74,,phone:18072280617,18072280617,,trestle ridge ski hill,Terrace Bay,USA,Trestle Ridge Ski Hill,8833
8834,A,88,Olympic Valley,USA,Squaw Tahoe Resort,,hotel,"2000 Olympic Valley Rd, CA",+15305832846,1,,,High,,,,overture:867dd337-2f48-4ca4-bd42-9c6d98539f37,46249,New,,http://squawalpine.com,info@squawalpine.com,,https://www.instagram.com/palisadestahoe/,,,,,,,Email,High,Verified,https://explore.overturemaps.org/#id=867dd337-2f48-4ca4-bd42-9c6d98539f37,,domain:squawalpine.com,15305832846,squawalpine.com,squaw tahoe resort,Olympic Valley,USA,Squaw Tahoe Resort,8834
8835,B,70,St Neots,United Kingdom,Squire Property Management,,property_management,"38 Park Road, St Neots, ENG",+441480731750,1,,,High,,,,overture:37a741a0-90dd-4f05-b7d9-c783c6e9dc90,46249,New,Recall-first: plausible adjacent hospitality/STR buyer retained.,http://www.squire-property.co.uk/,enquiries@squire-property.co.uk,,https://www.instagram.com/squire_property_management/,,,,,,,Email,Medium,Recall-first,https://explore.overturemaps.org/#id=37a741a0-90dd-4f05-b7d9-c783c6e9dc90,,domain:squire-property.co.uk,441480731750,squire-property.co.uk,squire property management,St Neots,United Kingdom,Squire Property Management,8835
8836,B,70,Milton,USA,SRB Property Management,,property_management,"15 Parkview Dr, Milton, WI",+16085800566,1,,,High,,,,overture:30922d61-59f7-4f3c-bf04-db981de5d14a,46249,New,Recall-first: plausible adjacent hospitality/STR buyer retained.,http://www.srbrentals.net/,office@srbrentals.net,,,,,,,,,Email,Medium,Recall-first,https://explore.overturemaps.org/#id=30922d61-59f7-4f3c-bf04-db981de5d14a,,domain:srbrentals.net,16085800566,srbrentals.net,srb property management,Milton,USA,SRB Property Management,8836
8837,A,91,Truckee,USA,Sierra Regional Ski for Light,,ski_resort,"10435 Royal Crest Dr, Truckee, CA",+15304140799,1,,,High,,,,overture:9981c71f-d77c-41f3-b3ec-8a18278350ac,46249,New,,http://srsfl.org/,thelotts@gmail.com,,,,,,,,,Email,High,Verified,https://explore.overturemaps.org/#id=9981c71f-d77c-41f3-b3ec-8a18278350ac,,domain:srsfl.org,15304140799,srsfl.org,sierra regional ski for light,Truckee,USA,Sierra Regional Ski for Light,8837
8838,B,70,Stoke-on-Trent,United Kingdom,"ST Properties Estate Agents, property sales, property lettings & property management",,real_estate_agent,"63 James Street, Stoke-on-Trent, ENG",+441782898502,1,,,High,,,,overture:ab5361bd-51cc-454d-be24-d6c7925d112b,46249,New,Recall-first: plausible adjacent hospitality/STR buyer retained.,http://www.st-properties.co.uk/,info@st-properties.co.uk,,https://www.instagram.com/properties.st/,,,,,,,Email,Medium,Recall-first,https://explore.overturemaps.org/#id=ab5361bd-51cc-454d-be24-d6c7925d112b,,domain:st-properties.co.uk,441782898502,st-properties.co.uk,st properties estate agents property sales property lettings property management,Stoke-on-Trent,United Kingdom,"ST Properties Estate Agents, property sales, property lettings & property management",8838
8839,B,70,North Charleston,USA,Stallion Property Management,,property_management,"1455 Remount Rd, North Charleston, SC",+18433769444,1,,,High,,,,overture:cf991a36-ae72-4b15-9794-9e168f4c028a,46249,New,Recall-first: plausible adjacent hospitality/STR buyer retained.,http://www.stallionpm.com/,rentals@stallionpm.com,,https://www.instagram.com/stallionpm1/,,,,,,,Email,Medium,Recall-first,https://explore.overturemaps.org/#id=cf991a36-ae72-4b15-9794-9e168f4c028a,,domain:stallionpm.com,18433769444,stallionpm.com,stallion property management,North Charleston,USA,Stallion Property Management,8839
8840,A,88,Skópelos,Greece,"Stargaze Villas, Skopelos",,hotel,Skópelos,+306971571991,1,,,High,,,,overture:02c04b34-ddc7-4856-a60a-91dd1e90e9c1,46249,New,,https://stargazevillas.com/,info@stargazevillas.com,,https://www.instagram.com/stargazevillas/,,,,,,,Email,High,Verified,https://explore.overturemaps.org/#id=02c04b34-ddc7-4856-a60a-91dd1e90e9c1,,domain:stargazevillas.com,306971571991,stargazevillas.com,stargaze villas skopelos,Skópelos,Greece,"Stargaze Villas, Skopelos",8840
8841,B,70,North Augusta,USA,Starnes Realty & Property Management Inc,,real_estate_agent,"725 E Martintown Rd, North Augusta, SC",+18036343479,1,,,High,,,,overture:bc7ea9e3-d303-4757-97fd-ab37fc43e519,46249,New,Recall-first: plausible adjacent hospitality/STR buyer retained.,http://starnesRealtyinc.com/,info@starnesrealtyinc.com,,,,,,,,,Email,Medium,Recall-first,https://explore.overturemaps.org/#id=bc7ea9e3-d303-4757-97fd-ab37fc43e519,,domain:starnesrealtyinc.com,18036343479,starnesrealtyinc.com,starnes realty property management inc,North Augusta,USA,Starnes Realty & Property Management Inc,8841
8842,A,91,Kilgetty,United Kingdom,Hixon's Holiday Home,,holiday_rental_home,"croft caravan park, Kilgetty, WLS",+447851873956,1,,,High,,,,overture:a024913e-4cf6-4709-8ec3-cc308d91b631,46249,New,,http://www.static-caravan.co.uk/private-hire-hixon-croft,martynsianhixon1@aol.com,,https://www.instagram.com/staticcaravanuk/,,,,,,,Email,Medium,Verified,https://explore.overturemaps.org/#id=a024913e-4cf6-4709-8ec3-cc308d91b631,,domain:static-caravan.co.uk,447851873956,static-caravan.co.uk,hixon s holiday home,Kilgetty,United Kingdom,Hixon's Holiday Home,8842
8843,B,70,Durham,USA,Station 7 Property Management,,property_management,"206 Gray Ave, Durham, NC",+19196806403,1,,,High,,,,overture:716bb1bd-6bb3-47cc-8109-d311aae5c074,46249,New,Recall-first: plausible adjacent hospitality/STR buyer retained.,http://www.station7properties.com/,customerservice@station7properties.com,,,,,,,,,Email,Medium,Recall-first,https://explore.overturemaps.org/#id=716bb1bd-6bb3-47cc-8109-d311aae5c074,,domain:station7properties.com,19196806403,station7properties.com,station 7 property management,Durham,USA,Station 7 Property Management,8843
8844,A,91,Denver,USA,Denver Vacation Rentals at Denver Place by Stay Alfred,,hotel,"1880 Arapahoe St, Denver, CO",+18662323864,1,,,High,,,,overture:46466fbd-aa57-4a29-b7c8-5b9ececbe5b8,46249,New,,http://www.stayalfred.com,info@stayalfred.com,,,,,,,,,Email,Medium,Verified,https://explore.overturemaps.org/#id=46466fbd-aa57-4a29-b7c8-5b9ececbe5b8,,domain:stayalfred.com,18662323864,stayalfred.com,denver vacation rentals at denver place by stay alfred,Denver,USA,Denver Vacation Rentals at Denver Place by Stay Alfred,8844
8845,A,91,Oldham,United Kingdom,Saddleworth on this side of the Peak District- Akila Holiday Home,,hotel,"164 Oldham Road, ENG",+447759557262,1,,,High,,,,overture:23eb41b1-2f9e-42fb-a50a-06bb729be876,46249,New,,https://www.stayandholiday.com/,splweekends@gmail.com,,https://www.instagram.com/wixstudio/,,,,,,,Email,High,Verified,https://explore.overturemaps.org/#id=23eb41b1-2f9e-42fb-a50a-06bb729be876,,domain:stayandholiday.com,447759557262,stayandholiday.com,saddleworth on this side of the peak district akila holiday home,Oldham,United Kingdom,Saddleworth on this side of the Peak District- Akila Holiday Home,8845
8846,B,70,Κέρκυρα,Greece,StayEasy Property Management & Marketing,,real_estate_service,"Ριζοσπαστών Βουλευτών Ιονίου Βουλής 1, Κέρκυρα",+306974931695,1,,,High,,,,overture:32ec56fd-632a-4f46-8adb-c4851241e8ea,46249,New,Recall-first: plausible adjacent hospitality/STR buyer retained.,http://www.stayeasy.gr/,info@stayeasy.gr,,https://www.instagram.com/stayeasy_property_management/,,,,,,,Email,Medium,Recall-first,https://explore.overturemaps.org/#id=32ec56fd-632a-4f46-8adb-c4851241e8ea,,domain:stayeasy.gr,306974931695,stayeasy.gr,stayeasy property management marketing,Κέρκυρα,Greece,StayEasy Property Management & Marketing,8846
8847,A,88,Thompsonville,USA,Stargazing Luxury Glamping Resort,,resort,"16897 Cadillac Hwy, Thompsonville, MI",,1,,,High,,,,overture:bbf9088a-9397-4b5b-8c0c-86d95c2af1b2,46249,New,,https://staystargazing.com/,reservation@staystargazing.com,,,,,,,,,Email,Medium,Verified,https://explore.overturemaps.org/#id=bbf9088a-9397-4b5b-8c0c-86d95c2af1b2,,domain:staystargazing.com,,staystargazing.com,stargazing luxury glamping resort,Thompsonville,USA,Stargazing Luxury Glamping Resort,8847
8848,B,70,Sheboygan,USA,NSD Property Management LLC,,property_management,"615 S 8th St, Sheboygan, WI",+19209398040,1,,,High,,,,overture:9116047e-a81f-49cb-af2a-2dcf3937ca96,46249,New,Recall-first: plausible adjacent hospitality/STR buyer retained.,http://www.staywithnsd.com/,danie@staywithnsd.com,,https://www.instagram.com/staywithnsd/,,,,,,,Email,Medium,Recall-first,https://explore.overturemaps.org/#id=9116047e-a81f-49cb-af2a-2dcf3937ca96,,domain:staywithnsd.com,19209398040,staywithnsd.com,nsd property management llc,Sheboygan,USA,NSD Property Management LLC,8848
8849,A,91,Steamboat Springs,USA,Steamboat Ticket Office,,ski_resort,"2305 Mt Werner Cir, Steamboat Springs, CO",+18009222722,1,,,High,,,,overture:f9a28c27-b160-45f9-aa25-8944f8106269,46249,New,,https://www.steamboat.com/explore/groups,groupsales@steamboat.com,,https://www.instagram.com/steamboatresort/,,,,,,,Email,High,Verified,https://explore.overturemaps.org/#id=f9a28c27-b160-45f9-aa25-8944f8106269,,domain:steamboat.com,18009222722,steamboat.com,steamboat ticket office,Steamboat Springs,USA,Steamboat Ticket Office,8849
8850,A,91,Steamboat Springs,USA,Steamboat Powdercats,,ski_resort,"1724 Ski Time Square Dr, Steamboat Springs, CO",+19708795188,1,,,High,,,,overture:f6514051-63e6-48e8-a5a6-33c9321fd40d,46249,New,,http://www.steamboatpowdercats.com/,info@steamboatpowdercats.com,,https://www.instagram.com/steamboatpowdercats/,,,,,,,Email,High,Verified,https://explore.overturemaps.org/#id=f6514051-63e6-48e8-a5a6-33c9321fd40d,,domain:steamboatpowdercats.com,19708795188,steamboatpowdercats.com,steamboat powdercats,Steamboat Springs,USA,Steamboat Powdercats,8850
8851,A,91,Steamboat Springs,USA,Howelsen Hill Ski Area,,ski_resort,"845 Howelsen Pkwy, Steamboat Springs, CO",+19708798499,1,,,High,,,,overture:b733b421-0fcf-40b3-92fa-fc99e787132c,46249,New,,https://steamboatsprings.net/131/Howelsen-Hill-Ski-Area,howelsenticketoffice@steamboatsprings.net,,https://www.instagram.com/cityofsteamboat/,,,,,,,Email,High,Verified,https://explore.overturemaps.org/#id=b733b421-0fcf-40b3-92fa-fc99e787132c,,domain:steamboatsprings.net,19708798499,steamboatsprings.net,howelsen hill ski area,Steamboat Springs,USA,Howelsen Hill Ski Area,8851
8852,B,70,Raleigh,USA,Steele Property Management,,property_management,"867 Washington St, Raleigh, NC",+19194382804,1,,,High,,,,overture:0a2ae924-d0d7-4879-beea-7e36b384fda0,46249,New,Recall-first: plausible adjacent hospitality/STR buyer retained.,http://www.steelepropertymanagement.com/,sdahlem@steelepropertymanagement.com,,,,,,,,,Email,Medium,Recall-first,https://explore.overturemaps.org/#id=0a2ae924-d0d7-4879-beea-7e36b384fda0,,domain:steelepropertymanagement.com,19194382804,steelepropertymanagement.com,steele property management,Raleigh,USA,Steele Property Management,8852
8853,A,91,Mazeppa,USA,Steeplechase Ski Hill,,ski_resort,"59468 423rd Ave Suite C, Mazeppa, MN",+15072618033,1,,,High,,,,overture:e7028087-2233-40f0-806c-7f4cfa029829,46249,New,,http://www.steeplechaseevents.com/,steeplechaseevents@gmail.com,,https://www.instagram.com/steeplechasesnow/,,,,,,,Email,Medium,Verified,https://explore.overturemaps.org/#id=e7028087-2233-40f0-806c-7f4cfa029829,,domain:steeplechaseevents.com,15072618033,steeplechaseevents.com,steeplechase ski hill,Mazeppa,USA,Steeplechase Ski Hill,8853
8854,B,70,Fort Collins,USA,Stegner Property Management,,property_management,"1020 Luke St, Fort Collins, CO",+19704202191,1,,,High,,,,overture:09c08d84-75c9-4dc7-a374-2f87c8eb28fd,46249,New,Recall-first: plausible adjacent hospitality/STR buyer retained.,https://www.stegnerrentals.com/,stegnerproperties@gmail.com,,,,,,,,,Email,Medium,Recall-first,https://explore.overturemaps.org/#id=09c08d84-75c9-4dc7-a374-2f87c8eb28fd,,domain:stegnerrentals.com,19704202191,stegnerrentals.com,stegner property management,Fort Collins,USA,Stegner Property Management,8854
8855,A,88,Κοινότητα Καμηλαρίου,Greece,Stelani Villas and Suites,,hotel,"Unnamed Road, Κοινότητα Καμηλαρίου",+306986010976,1,,,High,,,,overture:4f25e062-0e25-484a-a565-52200a0e40a4,46249,New,,http://www.stelani.com/,info@stelani.com,,,,,,,,,Email,High,Verified,https://explore.overturemaps.org/#id=4f25e062-0e25-484a-a565-52200a0e40a4,,domain:stelani.com,306986010976,stelani.com,stelani villas and suites,Κοινότητα Καμηλαρίου,Greece,Stelani Villas and Suites,8855
8856,A,88,Fiskárdho,Greece,Fiscardo Villas Gaia & Nemus,,hotel,"Villas Gaia & Nemus Steliata, Fiskárdho",+306934216620,1,,,High,,,,overture:0af1e10b-8f74-4add-94d8-3e9f1dbf8950,46249,New,,https://www.steliata.gr/,villas@steliata.gr,,,,,,,,,Email,High,Verified,https://explore.overturemaps.org/#id=0af1e10b-8f74-4add-94d8-3e9f1dbf8950,,domain:steliata.gr,306934216620,steliata.gr,fiscardo villas gaia nemus,Fiskárdho,Greece,Fiscardo Villas Gaia & Nemus,8856
8857,A,88,Φοίνικας,Greece,Stella Villas,,hotel,"Μύρθιος, Φοίνικας",+306970855670,1,,,High,,,,overture:f196ebc0-cd65-42d4-9dec-dc3eba72c003,46249,New,,http://stella.villas/,info@stella.villas,,https://www.instagram.com/stellavillas/,,,,,,,Email,High,Verified,https://explore.overturemaps.org/#id=f196ebc0-cd65-42d4-9dec-dc3eba72c003,,domain:stella.villas,306970855670,stella.villas,stella villas,Φοίνικας,Greece,Stella Villas,8857
8858,A,88,Μάλια,Greece,Stella Village,,resort,"Analipsi,Chersonissos, Μάλια",+302897023200,1,,,High,,,,overture:2b4a41df-04e9-4c8b-ba6a-129037879205,46249,New,,http://www.stellavillage.gr/,info@stellavillage.gr,,https://www.instagram.com/stella_village_/,,,,,,,Email,High,Verified,https://explore.overturemaps.org/#id=2b4a41df-04e9-4c8b-ba6a-129037879205,,domain:stellavillage.gr,302897023200,stellavillage.gr,stella village,Μάλια,Greece,Stella Village,8858
8859,A,91,Смолян,Greece,Aparthotel Stenata,,ski_resort,"Улица Студенец 4, Смолян",+359895547505,1,,,High,,,,overture:dae92411-9817-46cb-9977-f7df07c373ee,46249,New,,https://stenata.bg/,reservation.stenata@gmail.com,,,,,,,,,Email,Medium,Verified,https://explore.overturemaps.org/#id=dae92411-9817-46cb-9977-f7df07c373ee,,domain:stenata.bg,359895547505,stenata.bg,aparthotel stenata,Смолян,Greece,Aparthotel Stenata,8859
8860,B,70,Jacksonville,USA,Sterling Key Realty and Property Management,,real_estate_agent,"825 Gum Branch Rd, Jacksonville",+19103330995,1,,,High,,,,overture:595f9ac5-35d1-49d1-b2f7-a3413e247929,46249,New,Recall-first: plausible adjacent hospitality/STR buyer retained.,http://www.sterlingkeyrealty.com/,sterlingkeypm@gmail.com,,,,,,,,,Email,Medium,Recall-first,https://explore.overturemaps.org/#id=595f9ac5-35d1-49d1-b2f7-a3413e247929,,domain:sterlingkeyrealty.com,19103330995,sterlingkeyrealty.com,sterling key realty and property management,Jacksonville,USA,Sterling Key Realty and Property Management,8860
8861,B,70,Monterey,USA,Sterling Property Management,,property_management,"801 Lighthouse Ave, Monterey, CA",+18316439400,1,,,High,,,,overture:ebda7765-2dbf-48e9-9756-c056213e9a3e,46249,New,Recall-first: plausible adjacent hospitality/STR buyer retained.,http://www.sterlingmonterey.com/,info@sterlingmonterey.com,,,,,,,,,Email,Medium,Recall-first,https://explore.overturemaps.org/#id=ebda7765-2dbf-48e9-9756-c056213e9a3e,,domain:sterlingmonterey.com,18316439400,sterlingmonterey.com,sterling property management,Monterey,USA,Sterling Property Management,8861
8862,B,70,London,United Kingdom,Sterling Property Management,,property_management,"194 Brent Street, London, ENG",+442030310850,1,,,High,,,,overture:f5a46130-96c5-48e5-bfea-d9a9c2ccb5bb,46249,New,Recall-first: plausible adjacent hospitality/STR buyer retained.,https://sterlingprop.co.uk/,info@sterlingprop.co.uk,,,,,,,,,Email,Medium,Recall-first,https://explore.overturemaps.org/#id=f5a46130-96c5-48e5-bfea-d9a9c2ccb5bb,,domain:sterlingprop.co.uk,442030310850,sterlingprop.co.uk,sterling property management,London,United Kingdom,Sterling Property Management,8862
8863,B,70,Louth,United Kingdom,Stevens Property Management,,property_management,"13 Cornmarket, Louth, ENG",+441507605721,1,,,High,,,,overture:cab40071-d69c-49e5-959c-3ecb2f94f158,46249,New,Recall-first: plausible adjacent hospitality/STR buyer retained.,http://www.stevenspropertymanagement.co.uk/,enquiries@stevenspropertymanagement.co.uk,,https://www.instagram.com/stevenspropertymanagementltd/,,,,,,,Email,Medium,Recall-first,https://explore.overturemaps.org/#id=cab40071-d69c-49e5-959c-3ecb2f94f158,,domain:stevenspropertymanagement.co.uk,441507605721,stevenspropertymanagement.co.uk,stevens property management,Louth,United Kingdom,Stevens Property Management,8863
8864,B,70,Albemarle,USA,The St. Germain Group - Property Management,,property_management,"814 NC 24 27 Byp E, Albemarle",+17045509020,1,,,High,,,,overture:b0eff833-02ce-49dd-a155-f1f0914896ab,46249,New,Recall-first: plausible adjacent hospitality/STR buyer retained.,http://www.stgrentals.net/,stgermain.pmd@gmail.com,,,,,,,,,Email,Medium,Recall-first,https://explore.overturemaps.org/#id=b0eff833-02ce-49dd-a155-f1f0914896ab,,domain:stgrentals.net,17045509020,stgrentals.net,the st germain group property management,Albemarle,USA,The St. Germain Group - Property Management,8864
8865,B,70,Wilmington,USA,Stokley Property Management,,property_management,"4604 Franklin Ave, Wilmington, NC",+19102321964,1,,,High,,,,overture:16fd9ae5-f8a8-4162-a865-9c1660a39cd8,46249,New,Recall-first: plausible adjacent hospitality/STR buyer retained.,http://www.stokleyproperties.com/,contact@stokleyproperties.com,,https://www.instagram.com/stokleypropertymanagement/,,,,,,,Email,Medium,Recall-first,https://explore.overturemaps.org/#id=16fd9ae5-f8a8-4162-a865-9c1660a39cd8,,domain:stokleyproperties.com,19102321964,stokleyproperties.com,stokley property management,Wilmington,USA,Stokley Property Management,8865
8866,B,70,Rancho Cordova,USA,Stone Creek Property Management,,property_management,"11344 Coloma Rd, Rancho Cordova, CA",+19166387916,1,,,High,,,,overture:aca38204-96a9-4baf-9017-c8505f5ecd02,46249,New,Recall-first: plausible adjacent hospitality/STR buyer retained.,http://www.stonecreekpm.com,stonecreekpm@gmail.com,,,,,,,,,Email,Medium,Recall-first,https://explore.overturemaps.org/#id=aca38204-96a9-4baf-9017-c8505f5ecd02,,domain:stonecreekpm.com,19166387916,stonecreekpm.com,stone creek property management,Rancho Cordova,USA,Stone Creek Property Management,8866
8867,B,70,Greenville,USA,Stone Property Management,,property_management,"13 N Irvine St, Greenville, SC",+18642714442,1,,,High,,,,overture:808d6a98-ad05-4b6c-95b2-dd674a94030e,46249,New,Recall-first: plausible adjacent hospitality/STR buyer retained.,http://www.StoneProp.com/,office@stoneprop.com,,https://www.instagram.com/stoneproperties/,,,,,,,Email,Medium,Recall-first,https://explore.overturemaps.org/#id=808d6a98-ad05-4b6c-95b2-dd674a94030e,,domain:stoneprop.com,18642714442,stoneprop.com,stone property management,Greenville,USA,Stone Property Management,8867
8868,A,88,Lefkáda,Greece,Stone Villas Lefkada,,hotel,"Σύβοτα, Lefkáda",+306973324662,1,,,High,,,,overture:86e50928-18e8-483c-9818-8e9c5c1be021,46249,New,,http://www.stonevillas-lefkada.gr/,info@stonevillas-lefkada.gr,,https://www.instagram.com/stonevillaslefkada/,,,,,,,Email,High,Verified,https://explore.overturemaps.org/#id=86e50928-18e8-483c-9818-8e9c5c1be021,,domain:stonevillas-lefkada.gr,306973324662,stonevillas-lefkada.gr,stone villas lefkada,Lefkáda,Greece,Stone Villas Lefkada,8868
8869,A,88,Beyoğlu,Greece,Stories Hotel Kumbaraci,,hotel,"Kumbaracı Yokuşu Sokak 66, Beyoğlu",+902122443472,1,,,High,,,,overture:a63316ac-2480-4d46-a569-cba88a848618,46249,New,,http://www.storieshotel.com.tr/,kumbaraci@storieshotel.com.tr,,,,,,,,,Email,Medium,Verified,https://explore.overturemaps.org/#id=a63316ac-2480-4d46-a569-cba88a848618,,domain:storieshotel.com.tr,902122443472,storieshotel.com.tr,stories hotel kumbaraci,Beyoğlu,Greece,Stories Hotel Kumbaraci,8869
8870,A,88,Περιφέρεια Κρήτης,Greece,Stratos Villas,,hotel,"Melidhónion, Kalyves, Περιφέρεια Κρήτης",+306974075831,1,,,High,,,,overture:9f5579d6-ed5b-41ca-9134-3f24f8a4eced,46249,New,,http://stratos-villas-chania.gr/,nmaridak@gmail.com,,https://www.instagram.com/stratosvillaschania/,,,,,,,Email,Medium,Verified,https://explore.overturemaps.org/#id=9f5579d6-ed5b-41ca-9134-3f24f8a4eced,,domain:stratos-villas-chania.gr,306974075831,stratos-villas-chania.gr,stratos villas,Περιφέρεια Κρήτης,Greece,Stratos Villas,8870
8871,A,88,Δήμος Ρεθύμνης,Greece,Stratos Villas,,hotel,"Καλονύκτης Ρέθυμνο Κρήτης, Δήμος Ρεθύμνης",+302831026956,1,,,High,,,,overture:87d40bd8-c27c-4789-a702-bf76ed284159,46249,New,,http://www.stratosvillas.com/,eva@stratosvillas.com,,https://www.instagram.com/stratosvillas/,,,,,,,Email,High,Verified,https://explore.overturemaps.org/#id=87d40bd8-c27c-4789-a702-bf76ed284159,,domain:stratosvillas.com,302831026956,stratosvillas.com,stratos villas,Δήμος Ρεθύμνης,Greece,Stratos Villas,8871
8872,B,70,Cedar City,USA,Stratum Property Management,,property_management,"365 S Main St, Cedar City, UT",+14352630677,1,,,High,,,,overture:b14ddb8c-7176-4a94-810d-ed3e8296523b,46249,New,Recall-first: plausible adjacent hospitality/STR buyer retained.,https://stratumrealestate.com/rental-properties/,pm@stratumrealestate.com,,,,,,,,,Email,Medium,Recall-first,https://explore.overturemaps.org/#id=b14ddb8c-7176-4a94-810d-ed3e8296523b,,domain:stratumrealestate.com,14352630677,stratumrealestate.com,stratum property management,Cedar City,USA,Stratum Property Management,8872
8873,B,70,Taormina,Italy,Progetto Casa - Property Management,,real_estate_service,"Via Francavilla, 183, Taormina, 82",+390942630261,1,,,High,,,,overture:82adef3e-6971-4a73-bc52-36c67ff164e6,46249,New,Recall-first: plausible adjacent hospitality/STR buyer retained.,http://www.studioprogettocasa.it/,info@studioprogettocasa.it,,,,,,,,,Email,Medium,Recall-first,https://explore.overturemaps.org/#id=82adef3e-6971-4a73-bc52-36c67ff164e6,,domain:studioprogettocasa.it,390942630261,studioprogettocasa.it,progetto casa property management,Taormina,Italy,Progetto Casa - Property Management,8873
8874,B,70,Kenosha,USA,Success Property Management,,property_management,"933 Washington Rd, Kenosha, WI",+12626718279,1,,,High,,,,overture:eff7a6d9-4576-41a2-a693-a546f6e7e80c,46249,New,Recall-first: plausible adjacent hospitality/STR buyer retained.,https://successpropertymanagementllc.com/,spmwisconsin@gmail.com,,,,,,,,,Email,Medium,Recall-first,https://explore.overturemaps.org/#id=eff7a6d9-4576-41a2-a693-a546f6e7e80c,,domain:successpropertymanagementllc.com,12626718279,successpropertymanagementllc.com,success property management,Kenosha,USA,Success Property Management,8874
8875,B,70,Modesto,USA,Success Property Management,,property_management,"3425 Coffee Rd, Modesto, CA",+12096224808,1,,,High,,,,overture:cbd52781-c45c-4f5a-ba0c-1eba70ad93b0,46249,New,Recall-first: plausible adjacent hospitality/STR buyer retained.,http://www.SuccessRents.com/,spm@successrents.com,,,,,,,,,Email,Medium,Recall-first,https://explore.overturemaps.org/#id=cbd52781-c45c-4f5a-ba0c-1eba70ad93b0,,domain:successrents.com,12096224808,successrents.com,success property management,Modesto,USA,Success Property Management,8875
8876,A,91,Sugar Mountain,USA,Sugar Ski & Country Club,,ski_resort,"100 Sugar Ski Dr, Sugar Mountain, NC",+18006341320,1,,,High,,,,overture:2d85a1b6-6056-4b3b-8a05-9c65d0df8b84,46249,New,,http://www.sugarmountain.com/,info@sugarmountain.com,,,,,,,,,Email,High,Verified,https://explore.overturemaps.org/#id=2d85a1b6-6056-4b3b-8a05-9c65d0df8b84,,domain:sugarmountain.com,18006341320,sugarmountain.com,sugar ski country club,Sugar Mountain,USA,Sugar Ski & Country Club,8876
8877,A,91,Sugar Mountain,USA,Sugar Top Vacation Rentals | Sugar Mountain NC,,holiday_rental_home,"303 Sugar Top Dr, Sugar Mountain, NC",+18283722022,1,,,High,,,,overture:2b63c5dc-828a-4ab0-96ca-c7c8d9bf22bf,46249,New,,http://sugartop.com/,sugartopcondos@gmail.com,,,,,,,,,Email,High,Verified,https://explore.overturemaps.org/#id=2b63c5dc-828a-4ab0-96ca-c7c8d9bf22bf,,domain:sugartop.com,18283722022,sugartop.com,sugar top vacation rentals sugar mountain nc,Sugar Mountain,USA,Sugar Top Vacation Rentals | Sugar Mountain NC,8877
8878,A,91,Wasaga Beach,USA,Summerhill Cottage and Cabin Rentals,,cottage,"35 River Rd E, Wasaga Beach, ON",+17054432132,1,,,High,,,,overture:8716f10a-6d7e-4569-aa51-1a111411db38,46249,New,,http://summerhillwasaga.com,summerhillwasaga@hotmail.com,,,,,,,,,Email,High,Verified,https://explore.overturemaps.org/#id=8716f10a-6d7e-4569-aa51-1a111411db38,,domain:summerhillwasaga.com,17054432132,summerhillwasaga.com,summerhill cottage and cabin rentals,Wasaga Beach,USA,Summerhill Cottage and Cabin Rentals,8878
8879,A,88,Πάρος,Greece,Summer Senses Luxury Resort,,hotel,"Punda Beach, Πάρος",+302284093000,1,,,High,,,,overture:5e338506-4720-45ba-8117-625d5e7c115e,46249,New,,https://www.summersenses.gr/,reservations@summersenses.gr,,https://www.instagram.com/summersensesresort/,,,,,,,Email,High,Verified,https://explore.overturemaps.org/#id=5e338506-4720-45ba-8117-625d5e7c115e,,domain:summersenses.gr,302284093000,summersenses.gr,summer senses luxury resort,Πάρος,Greece,Summer Senses Luxury Resort,8879
8880,B,70,Rocklin,USA,TRI Property Management Services,,property_management,"2205 Plaza Dr, Rocklin, CA",+19169605700,1,,,High,,,,overture:793ff60c-4b31-4b66-98bc-e2b4f09c0a54,46249,New,Recall-first: plausible adjacent hospitality/STR buyer retained.,https://summit-rem.com/,marketing@summit-rem.com,,https://www.instagram.com/summitrem/,,,,,,,Email,Medium,Recall-first,https://explore.overturemaps.org/#id=793ff60c-4b31-4b66-98bc-e2b4f09c0a54,,domain:summit-rem.com,19169605700,summit-rem.com,tri property management services,Rocklin,USA,TRI Property Management Services,8880
8881,B,70,Lehi,USA,Summit Ridge Property Management,,property_management,"2940 W Maple Loop Dr, Lehi, UT",+13853366815,1,,,High,,,,overture:a5ec38f0-5a5a-4afc-bcd7-a9f03da6200c,46249,New,Recall-first: plausible adjacent hospitality/STR buyer retained.,https://summitridgepm.com/,info@summitridgepm.com,,,,,,,,,Email,Medium,Recall-first,https://explore.overturemaps.org/#id=a5ec38f0-5a5a-4afc-bcd7-a9f03da6200c,,domain:summitridgepm.com,13853366815,summitridgepm.com,summit ridge property management,Lehi,USA,Summit Ridge Property Management,8881
8882,A,88,Δήμος Θάσου,Greece,SunBlue Boutique Villas,,hotel,Δήμος Θάσου,+302593081200,1,,,High,,,,overture:6b8fcb60-0958-47f5-83d4-b2bf533078e4,46249,New,,http://www.sunbluevillas.com/,info@sunbluevillas.com,,https://www.instagram.com/thasosvillas/,,,,,,,Email,High,Verified,https://explore.overturemaps.org/#id=6b8fcb60-0958-47f5-83d4-b2bf533078e4,,domain:sunbluevillas.com,302593081200,sunbluevillas.com,sunblue boutique villas,Δήμος Θάσου,Greece,SunBlue Boutique Villas,8882
8883,A,91,Dubuque,USA,Sundown Mountain,,ski_resort,"16991 Asbury Rd, Dubuque, IA",(563) 556-6676,1,,,High,,,,overture:34885dca-3945-4d12-92c5-d2708ce518b9,46249,New,,http://www.sundownmtn.com,info@sundownmtn.com,,https://www.instagram.com/sundownmountain/,,,,,,,Email,High,Verified,https://explore.overturemaps.org/#id=34885dca-3945-4d12-92c5-d2708ce518b9,,domain:sundownmtn.com,5635566676,sundownmtn.com,sundown mountain,Dubuque,USA,Sundown Mountain,8883
8884,A,91,Glenwood Springs,USA,Sunlight Winter Sports Club,,ski_resort,"10901 County Road 117, Glenwood Springs",+19703193988,1,,,High,,,,overture:c471750d-16da-46e4-9816-91faaa01a226,46249,New,,http://www.sunlightskiteam.com/,sunlightwintersportsclubinfo@gmail.com,,,,,,,,,Email,High,Verified,https://explore.overturemaps.org/#id=c471750d-16da-46e4-9816-91faaa01a226,,domain:sunlightskiteam.com,19703193988,sunlightskiteam.com,sunlight winter sports club,Glenwood Springs,USA,Sunlight Winter Sports Club,8884
8885,A,91,Kassándra,Greece,Sunny Sani Luxury Villas,,holiday_rental_home,"Chalkidiki - Sani 6 Km from the interjection to Sani, Kassándra",+306937230240,1,,,High,,,,overture:df8c7a87-3089-4f63-86bb-179d84e66756,46249,New,,http://www.sunnysani-luxuryvillas.com/,sunnysaniluxuryvillas@gmail.com,,,,,,,,,Email,High,Verified,https://explore.overturemaps.org/#id=df8c7a87-3089-4f63-86bb-179d84e66756,,domain:sunnysani-luxuryvillas.com,306937230240,sunnysani-luxuryvillas.com,sunny sani luxury villas,Kassándra,Greece,Sunny Sani Luxury Villas,8885
8886,B,70,Boulder,USA,Sunnyside Property Management,,property_management,"1450 28th St Frontage Rd, Boulder, CO",+13034427773,1,,,High,,,,overture:8d866d81-a398-4222-9f36-4b9d4de0a7de,46249,New,Recall-first: plausible adjacent hospitality/STR buyer retained.,http://www.sunnysiderental.com/,info@sunnysiderental.com,,,,,,,,,Email,Medium,Recall-first,https://explore.overturemaps.org/#id=8d866d81-a398-4222-9f36-4b9d4de0a7de,,domain:sunnysiderental.com,13034427773,sunnysiderental.com,sunnyside property management,Boulder,USA,Sunnyside Property Management,8886
8887,A,91,Port Clinton,USA,Sunnyside Tower,,holiday_rental_home,"3612 N West Catawba Rd, Port Clinton, OH",+16082201505,1,,,High,,,,overture:ae89e66e-d437-46c7-a97d-aa47363608c0,46249,New,,http://sunnysidetower.com/,sunnysidetower@yahoo.com,,,,,,,,,Email,High,Verified,https://explore.overturemaps.org/#id=ae89e66e-d437-46c7-a97d-aa47363608c0,,domain:sunnysidetower.com,16082201505,sunnysidetower.com,sunnyside tower,Port Clinton,USA,Sunnyside Tower,8887
8888,A,88,Θήρα,Greece,Sunny Villas Hotel,,hotel,Θήρα,+302286023142,1,,,High,,,,overture:e8d5e933-a1eb-4763-b7c6-68d8c49d3e4e,46249,New,,http://www.sunnyvillas.gr/,info@sunnyvillas.gr,,,,,,,,,Email,High,Verified,https://explore.overturemaps.org/#id=e8d5e933-a1eb-4763-b7c6-68d8c49d3e4e,,domain:sunnyvillas.gr,302286023142,sunnyvillas.gr,sunny villas hotel,Θήρα,Greece,Sunny Villas Hotel,8888
8889,A,88,Περιφερειακή Ενότητα Χαλκιδικής,Greece,Sunny Villas Resort and Spa,,hotel,"Sunny Villas, Περιφερειακή Ενότητα Χαλκιδικής",+306945796792,1,,,High,,,,overture:6b9e11a0-e4af-473f-8e57-a1728052204d,46249,New,,http://www.sunnyvillashalkidiki.com,info@sunnyvillashalkidiki.com,,https://www.instagram.com/sunny_villas_resort_and_spa/,,,,,,,Email,High,Verified,https://explore.overturemaps.org/#id=6b9e11a0-e4af-473f-8e57-a1728052204d,,domain:sunnyvillashalkidiki.com,306945796792,sunnyvillashalkidiki.com,sunny villas resort and spa,Περιφερειακή Ενότητα Χαλκιδικής,Greece,Sunny Villas Resort and Spa,8889
8890,A,88,Ζαγορά,Greece,Sunrise Pelion Villas,,hotel,Ζαγορά,+306931526312,1,,,High,,,,overture:003e027f-d0fd-41ef-a3aa-12848640df8f,46249,New,,http://www.sunrisepelionvillas.com/,sunrisepelionvillas@gmail.com,,https://www.instagram.com/sunrise_pelion_villas/,,,,,,,Email,High,Verified,https://explore.overturemaps.org/#id=003e027f-d0fd-41ef-a3aa-12848640df8f,,domain:sunrisepelionvillas.com,306931526312,sunrisepelionvillas.com,sunrise pelion villas,Ζαγορά,Greece,Sunrise Pelion Villas,8890
8891,A,88,Keramotí,Greece,Sunset Luxury Apartments,,beach_resort,"Keramoti, Keramotí",+359889695636,1,,,High,,,,overture:7b360c8d-1566-4695-a436-d617e9fb4eb4,46249,New,,http://www.sunsetluxury.com/,office@sunsetluxury.com,,https://www.instagram.com/sunsetluxuryapartments/,,,,,,,Email,High,Verified,https://explore.overturemaps.org/#id=7b360c8d-1566-4695-a436-d617e9fb4eb4,,domain:sunsetluxury.com,359889695636,sunsetluxury.com,sunset luxury apartments,Keramotí,Greece,Sunset Luxury Apartments,8891
8892,A,88,Κασσάνδρα,Greece,Sunset Villas Possidi,,hotel,"POSIDI AEGEOPELAGITIKA, Κασσάνδρα",+302312312604,1,,,High,,,,overture:ad68bc28-26e0-41d0-b0d2-44ed764a1adb,46249,New,,http://www.sunsetvillas.gr/,info@sunsetvillas.gr,,,,,,,,,Email,High,Verified,https://explore.overturemaps.org/#id=ad68bc28-26e0-41d0-b0d2-44ed764a1adb,,domain:sunsetvillas.gr,302312312604,sunsetvillas.gr,sunset villas possidi,Κασσάνδρα,Greece,Sunset Villas Possidi,8892
8893,A,91,Kingsbridge,United Kingdom,Holiday Home Sales at Bigbury Bay Holiday Park,,rv_park,"Bigbury Bay Holiday Park, Ringmere Road, Kingsbridge, ENG",+447881648090,1,,,High,,,,overture:3b42e31d-bca5-41d6-bda1-c89eb83ff944,46249,New,,http://www.surfbayleisure.co.uk/bigbury-bay-holiday-park,thecaravansitingco@gmail.com,,,,,,,,,Email,Medium,Verified,https://explore.overturemaps.org/#id=3b42e31d-bca5-41d6-bda1-c89eb83ff944,,domain:surfbayleisure.co.uk,447881648090,surfbayleisure.co.uk,holiday home sales at bigbury bay holiday park,Kingsbridge,United Kingdom,Holiday Home Sales at Bigbury Bay Holiday Park,8893
8894,B,70,Susanville,USA,Susanville Property Management,,property_management,"25 N Lassen St, Susanville, CA",+18055709017,1,,,High,,,,overture:b94efa05-3481-425a-9c45-b3b80c07636f,46249,New,Recall-first: plausible adjacent hospitality/STR buyer retained.,http://www.SusanvillePropertyManagement.com/,lolatraylor@gmail.com,,,,,,,,,Email,Medium,Recall-first,https://explore.overturemaps.org/#id=b94efa05-3481-425a-9c45-b3b80c07636f,,domain:susanvillepropertymanagement.com,18055709017,susanvillepropertymanagement.com,susanville property management,Susanville,USA,Susanville Property Management,8894
8895,B,70,San Francisco,USA,DC Property Management,,property_management,"330 Townsend St, San Francisco, CA",+14153418774,1,,,High,,,,overture:68e9a69b-f134-45f0-b414-b4cfc82b710b,46249,New,Recall-first: plausible adjacent hospitality/STR buyer retained.,http://www.sutroprop.com,rhand@sutroprop.com,,,,,,,,,Email,Medium,Recall-first,https://explore.overturemaps.org/#id=68e9a69b-f134-45f0-b414-b4cfc82b710b,,domain:sutroprop.com,14153418774,sutroprop.com,dc property management,San Francisco,USA,DC Property Management,8895
8896,B,70,Gilbert,USA,Swans Realty and Property Management,,property_management,"1425 W Elliot Rd, Gilbert, AZ",+14802217634,1,,,High,,,,overture:3e13f696-489c-4ac9-ae58-db379b37febc,46249,New,Recall-first: plausible adjacent hospitality/STR buyer retained.,http://www.swansproperties.com/,terranceswan12@gmail.com,,,,,,,,,Email,Medium,Recall-first,https://explore.overturemaps.org/#id=3e13f696-489c-4ac9-ae58-db379b37febc,,domain:swansproperties.com,14802217634,swansproperties.com,swans realty and property management,Gilbert,USA,Swans Realty and Property Management,8896
8897,B,70,Park City,USA,Swiss Property Management,,property_management,"2064 Prospector Ave, Park City, UT",+14359012156,1,,,High,,,,overture:34e56f9a-9c54-4cce-8601-cfd49b95f4b6,46249,New,Recall-first: plausible adjacent hospitality/STR buyer retained.,http://www.swissparkcity.com/,house@swissparkcity.com,,,,,,,,,Email,Medium,Recall-first,https://explore.overturemaps.org/#id=34e56f9a-9c54-4cce-8601-cfd49b95f4b6,,domain:swissparkcity.com,14359012156,swissparkcity.com,swiss property management,Park City,USA,Swiss Property Management,8897
8898,B,70,Stevensville,USA,SWM Homes Property Management,,property_management,"4333 Red Arrow Hwy, Stevensville, MI",+12697696822,1,,,High,,,,overture:1628d806-ffcd-4174-b07f-c4503738b3de,46249,New,Recall-first: plausible adjacent hospitality/STR buyer retained.,http://swmhomes.com/,swmhomesproperty@gmail.com,,,,,,,,,Email,Medium,Recall-first,https://explore.overturemaps.org/#id=1628d806-ffcd-4174-b07f-c4503738b3de,,domain:swmhomes.com,12697696822,swmhomes.com,swm homes property management,Stevensville,USA,SWM Homes Property Management,8898
8899,B,70,Albuquerque,USA,Tafoya Property Management,,property_management,"Albuquerque, NM",+15054447368,1,,,High,,,,overture:da4262bc-9357-4e95-831d-01093da46a5b,46249,New,Recall-first: plausible adjacent hospitality/STR buyer retained.,http://www.tafoyaproperties.com/,leasing@tafoyaproperties.com,,,,,,,,,Email,Medium,Recall-first,https://explore.overturemaps.org/#id=da4262bc-9357-4e95-831d-01093da46a5b,,domain:tafoyaproperties.com,15054447368,tafoyaproperties.com,tafoya property management,Albuquerque,USA,Tafoya Property Management,8899
8900,A,91,South Lake Tahoe,USA,Tahoe Acres,,holiday_rental_home,"981 Lakeview Ave, South Lake Tahoe, CA",+15305443234,1,,,High,,,,overture:8a224d33-2890-453a-955e-982408cb46e7,46249,New,,http://www.tahoeaccommodations.com/id/cyh1281,tahoeacres@gmail.com,,https://www.instagram.com/laketahoeaccommodations/,,,,,,,Email,High,Verified,https://explore.overturemaps.org/#id=8a224d33-2890-453a-955e-982408cb46e7,,domain:tahoeaccommodations.com,15305443234,tahoeaccommodations.com,tahoe acres,South Lake Tahoe,USA,Tahoe Acres,8900
8901,A,91,Truckee,USA,Tahoe Donner Cross Country Ski Center,,ski_resort,"15275 Alder Creek Rd, Truckee, CA",+15305879484,1,,,High,,,,overture:be4ba7c1-5434-4107-bddf-6e140854f98c,46249,New,,http://www.tahoedonner.com/cross-country/,xc@tahoedonner.com,,https://www.instagram.com/tahoedonnerassociation/,,,,,,,Email,High,Verified,https://explore.overturemaps.org/#id=be4ba7c1-5434-4107-bddf-6e140854f98c,,domain:tahoedonner.com,15305879484,tahoedonner.com,tahoe donner cross country ski center,Truckee,USA,Tahoe Donner Cross Country Ski Center,8901
8902,B,70,Grand Rapids,USA,Tall Tree Realty And Property Management,,property_management,"980 Hall St SE, Grand Rapids, MI",+16166340633,1,,,High,,,,overture:9ff0e136-1f9b-49b2-98d8-10d79ec973fb,46249,New,Recall-first: plausible adjacent hospitality/STR buyer retained.,http://talltreerealty.com/,lewis@talltreerealty.com,,,,,,,,,Email,Medium,Recall-first,https://explore.overturemaps.org/#id=9ff0e136-1f9b-49b2-98d8-10d79ec973fb,,domain:talltreerealty.com,16166340633,talltreerealty.com,tall tree realty and property management,Grand Rapids,USA,Tall Tree Realty And Property Management,8902
8903,A,88,Ζάκυνθος,Greece,Tambouros Boutique Villas,,hotel,"St Nicholas, Ζάκυνθος",+306944418823,1,,,High,,,,overture:2431fa17-fe4e-44ee-bd18-9b696460c7be,46249,New,,http://www.tambourosboutiquevillas.gr/,info@tambourosboutiquevillas.gr,,,,,,,,,Email,High,Verified,https://explore.overturemaps.org/#id=2431fa17-fe4e-44ee-bd18-9b696460c7be,,domain:tambourosboutiquevillas.gr,306944418823,tambourosboutiquevillas.gr,tambouros boutique villas,Ζάκυνθος,Greece,Tambouros Boutique Villas,8903
8904,A,88,Παλλήνη,Greece,Tami's 2 Luxury Apartments by Tami Resort,,hotel,Παλλήνη,+381628041950,1,,,High,,,,overture:cc47f48d-8a2c-43fb-91c7-c4abc04f60e4,46249,New,,http://www.tamiresidence.com/,recepcija@tamiresidence.com,,https://www.instagram.com/tami.resort/,,,,,,,Email,High,Verified,https://explore.overturemaps.org/#id=cc47f48d-8a2c-43fb-91c7-c4abc04f60e4,,domain:tamiresidence.com,381628041950,tamiresidence.com,tami s 2 luxury apartments by tami resort,Παλλήνη,Greece,Tami's 2 Luxury Apartments by Tami Resort,8904
8905,B,70,Taos,USA,Taos Love Local Boutique Property Management,,property_management,"613 Paseo del Pueblo Norte, Taos, NM",+15757415455,1,,,High,,,,overture:264d62f5-d454-4271-9828-e75bf977ee92,46249,New,Recall-first: plausible adjacent hospitality/STR buyer retained.,http://www.taoslove575.com/,taoslove575@gmail.com,,https://www.instagram.com/taoslove575/,,,,,,,Email,Medium,Recall-first,https://explore.overturemaps.org/#id=264d62f5-d454-4271-9828-e75bf977ee92,,domain:taoslove575.com,15757415455,taoslove575.com,taos love local boutique property management,Taos,USA,Taos Love Local Boutique Property Management,8905
8906,A,88,Αποκεντρωμένη Διοίκηση Μακεδονίας - Θράκης,Greece,Ta Petrina Boutique Villas,,hotel,"VOURVOUROU, Αποκεντρωμένη Διοίκηση Μακεδονίας - Θράκης",+306973451399,1,,,High,,,,overture:40d69a71-6e49-498b-b88c-cbcd08369971,46249,New,,http://www.tapetrina.com/,info@tapetrina.com,,https://www.instagram.com/tapetrina_halkidiki/,,,,,,,Email,High,Verified,https://explore.overturemaps.org/#id=40d69a71-6e49-498b-b88c-cbcd08369971,,domain:tapetrina.com,306973451399,tapetrina.com,ta petrina boutique villas,Αποκεντρωμένη Διοίκηση Μακεδονίας - Θράκης,Greece,Ta Petrina Boutique Villas,8906
8907,B,70,Whitland,United Kingdom,West Wales Property Management,,real_estate_service,"Whitland, WLS",+447932627964,1,,,High,,,,overture:2e928ef8-0b8b-4958-ae1a-1d144f60ae7e,46249,New,Recall-first: plausible adjacent hospitality/STR buyer retained.,https://taplink.cc/wwpm,westwalespropertymanagement@gmail.com,,,,,,,,,Email,Medium,Recall-first,https://explore.overturemaps.org/#id=2e928ef8-0b8b-4958-ae1a-1d144f60ae7e,,domain:taplink.cc,447932627964,taplink.cc,west wales property management,Whitland,United Kingdom,West Wales Property Management,8907
8908,B,70,London,USA,TA Property Management,,property_management,"289 Dufferin Ave, London, ON",+15194324325,1,,,High,,,,overture:a88335d0-c54f-4045-919b-42ac232dbdbb,46249,New,Recall-first: plausible adjacent hospitality/STR buyer retained.,http://www.tapropertymanagement.com/,info@tapropertymanagement.com,,,,,,,,,Email,Medium,Recall-first,https://explore.overturemaps.org/#id=a88335d0-c54f-4045-919b-42ac232dbdbb,,domain:tapropertymanagement.com,15194324325,tapropertymanagement.com,ta property management,London,USA,TA Property Management,8908
8909,B,70,Salford,United Kingdom,Taylor Jackson Property Management,,real_estate_agent,"House, Leirum, Cobden St, Salford, ENG",+441617368585,1,,,High,,,,overture:5dedd889-85a2-4fa1-9062-a6b77dbdbcbd,46249,New,Recall-first: plausible adjacent hospitality/STR buyer retained.,http://www.taylorjackson.co.uk/,sales@taylorjackson.co.uk,,,,,,,,,Email,Medium,Recall-first,https://explore.overturemaps.org/#id=5dedd889-85a2-4fa1-9062-a6b77dbdbcbd,,domain:taylorjackson.co.uk,441617368585,taylorjackson.co.uk,taylor jackson property management,Salford,United Kingdom,Taylor Jackson Property Management,8909
8910,B,70,Phoenix,USA,Taylor Street Property Management,,property_management,"2929 E Camelback Rd, Phoenix, AZ",+16026039777,1,,,High,,,,overture:c1017f7a-9ba2-45f2-a6f3-d2a702af15f3,46249,New,Recall-first: plausible adjacent hospitality/STR buyer retained.,http://www.taylorstmgmt.com/,info@taylorstmgmt.com,,,,,,,,,Email,Medium,Recall-first,https://explore.overturemaps.org/#id=c1017f7a-9ba2-45f2-a6f3-d2a702af15f3,,domain:taylorstmgmt.com,16026039777,taylorstmgmt.com,taylor street property management,Phoenix,USA,Taylor Street Property Management,8910
8911,B,70,Fort Collins,USA,TBC Property Management,,property_management,"1612 Laporte Ave, Fort Collins, CO",+19702240852,1,,,High,,,,overture:845637e0-9631-477d-b575-dcc58ca0fdbc,46249,New,Recall-first: plausible adjacent hospitality/STR buyer retained.,http://www.tbcprop.com/,info@tbcprop.com,,,,,,,,,Email,Medium,Recall-first,https://explore.overturemaps.org/#id=845637e0-9631-477d-b575-dcc58ca0fdbc,,domain:tbcprop.com,19702240852,tbcprop.com,tbc property management,Fort Collins,USA,TBC Property Management,8911
8912,B,70,Mesa,USA,Tri City Property Management,,property_management,"1150 N Country Club Dr, Mesa, AZ",+14808442224,1,,,High,,,,overture:1f30ed9a-7458-417a-8fbe-394187f79298,46249,New,Recall-first: plausible adjacent hospitality/STR buyer retained.,http://tcpm.net/,info@tcpm.net,,,,,,,,,Email,Medium,Recall-first,https://explore.overturemaps.org/#id=1f30ed9a-7458-417a-8fbe-394187f79298,,domain:tcpm.net,14808442224,tcpm.net,tri city property management,Mesa,USA,Tri City Property Management,8912
8913,A,91,Westport,Ireland,Teach Cruachán Large-Group Holiday Home,,holiday_rental_home,"Keel West, Westport",+353861723087,1,,,High,,,,overture:c919303a-0cee-4ec2-9f56-876acc9280ca,46249,New,,http://www.teachcruachan.com/,teachcruachan@hotmail.com,,,,,,,,,Email,High,Verified,https://explore.overturemaps.org/#id=c919303a-0cee-4ec2-9f56-876acc9280ca,,domain:teachcruachan.com,353861723087,teachcruachan.com,teach cruachan large group holiday home,Westport,Ireland,Teach Cruachán Large-Group Holiday Home,8913
8914,A,91,Tecumseh,USA,Coast 2 Coast - Vacation Rentals and Real Estate,,real_estate_agent,"5800 Allen Rd, Tecumseh, MI",+15179027525,1,,,High,,,,overture:77a3ddcc-a260-4928-8b49-51493e29d491,46249,New,,http://teamcoast2coast.com/,team.coast2coast@yahoo.com,,https://www.instagram.com/teamcst2cst/,,,,,,,Email,High,Verified,https://explore.overturemaps.org/#id=77a3ddcc-a260-4928-8b49-51493e29d491,,domain:teamcoast2coast.com,15179027525,teamcoast2coast.com,coast 2 coast vacation rentals and real estate,Tecumseh,USA,Coast 2 Coast - Vacation Rentals and Real Estate,8914
8915,B,70,Bonaire,USA,Teamworks Property Management,,real_estate_agent,"798 GA Highway 247 S, Bonaire",,1,,,High,,,,overture:3da2bd29-345a-4b1b-9d6a-d064ddd18e6b,46249,New,Recall-first: plausible adjacent hospitality/STR buyer retained.,http://www.teamworkspropertymanagement.com/,teamworksgeorgia@gmail.com,,,,,,,,,Email,Medium,Recall-first,https://explore.overturemaps.org/#id=3da2bd29-345a-4b1b-9d6a-d064ddd18e6b,,domain:teamworkspropertymanagement.com,,teamworkspropertymanagement.com,teamworks property management,Bonaire,USA,Teamworks Property Management,8915
8916,A,88,Cable,USA,Telemark Condos - Christiana Villas,,resort,"15315 Nordmor Rd, Cable, WI",(715) 798-3999,1,,,High,,,,overture:a9f7c89c-6576-40fe-ba65-18a90570461b,46249,New,,http://www.telemarkcondos.com,telemarkcondos@gmail.com,,,,,,,,,Email,Medium,Verified,https://explore.overturemaps.org/#id=a9f7c89c-6576-40fe-ba65-18a90570461b,,domain:telemarkcondos.com,7157983999,telemarkcondos.com,telemark condos christiana villas,Cable,USA,Telemark Condos - Christiana Villas,8916
8917,A,91,Sciacca,Italy,Temples of Sicily - Villas and holiday homes -Ville al mare per le vacanze,,hotel,"Sciacca , Agrigento, Sicilia, Italia",+393485954938,1,,,High,,,,overture:f2797413-a793-494e-84e7-1628375045c9,46249,New,,http://www.templesofsicily.com/,info@templesofsicily.com,,https://www.instagram.com/templesofsicily_holiday_villas/,,,,,,,Email,High,Verified,https://explore.overturemaps.org/#id=f2797413-a793-494e-84e7-1628375045c9,,domain:templesofsicily.com,393485954938,templesofsicily.com,temples of sicily villas and holiday homes ville al mare per le vacanze,Sciacca,Italy,Temples of Sicily - Villas and holiday homes -Ville al mare per le vacanze,8917
8918,B,70,Strathroy-Caradoc,USA,TEMPO Property Management,,historic_site,"516 Albert St, Strathroy-Caradoc, ON",+18888367620,1,,,High,,,,overture:65ed9234-1833-4e3c-8578-127fd1048a60,46249,New,Recall-first: plausible adjacent hospitality/STR buyer retained.,http://www.tempoproperty.com/,info@tempoproperty.com,,,,,,,,,Email,Medium,Recall-first,https://explore.overturemaps.org/#id=65ed9234-1833-4e3c-8578-127fd1048a60,,domain:tempoproperty.com,18888367620,tempoproperty.com,tempo property management,Strathroy-Caradoc,USA,TEMPO Property Management,8918
8919,A,88,Skíathos,Greece,Villa Teozenia - Skiathos,,hotel,"Achladies, Skíathos",+302427023983,1,,,High,,,,overture:5e53af7a-a6c5-45f7-8d5e-759ec6cb1114,46249,New,,http://www.teozenia.gr,teozenia@gmail.com,,https://www.instagram.com/villa_teozenia/,,,,,,,Email,High,Verified,https://explore.overturemaps.org/#id=5e53af7a-a6c5-45f7-8d5e-759ec6cb1114,,domain:teozenia.gr,302427023983,teozenia.gr,villa teozenia skiathos,Skíathos,Greece,Villa Teozenia - Skiathos,8919
8920,A,88,Δημοτική Ενότητα Παλλήνης,Greece,Terra Olivia Luxury Villas and Suites,,hotel,"Bodineika, Δημοτική Ενότητα Παλλήνης",+302374092206,1,,,High,,,,overture:cd0478fc-cc25-46d5-85ac-bd1bc2a1496f,46249,New,,http://www.terra-olivia.gr/,info@terra-olivia.gr,,https://www.instagram.com/terra_olivia_luxury_villas/,,,,,,,Email,High,Verified,https://explore.overturemaps.org/#id=cd0478fc-cc25-46d5-85ac-bd1bc2a1496f,,domain:terra-olivia.gr,302374092206,terra-olivia.gr,terra olivia luxury villas and suites,Δημοτική Ενότητα Παλλήνης,Greece,Terra Olivia Luxury Villas and Suites,8920
8921,A,88,Μενεμένη,Greece,Terra Mare Villas,,hotel,"Eleftheriou Venizelou, Μενεμένη",+306956022887,1,,,High,,,,overture:e915144b-b325-42f6-a333-91d6c4b1d049,46249,New,,http://www.terramarevillas.gr/,hello@terramarevillas.gr,,https://www.instagram.com/terramarevillas/,,,,,,,Email,High,Verified,https://explore.overturemaps.org/#id=e915144b-b325-42f6-a333-91d6c4b1d049,,domain:terramarevillas.gr,306956022887,terramarevillas.gr,terra mare villas,Μενεμένη,Greece,Terra Mare Villas,8921
8922,A,88,Ίτανος,Greece,Terra Minoika Boutique Resort,,hotel,"KATO ZAKROS, Ίτανος",+306996523714,1,,,High,,,,overture:4c4f2115-425c-4941-a31f-fae4c69dcfcc,46249,New,,http://www.terraminoika.com/,stellasapts@gmail.com,,https://www.instagram.com/terra.minoika/,,,,,,,Email,High,Verified,https://explore.overturemaps.org/#id=4c4f2115-425c-4941-a31f-fae4c69dcfcc,,domain:terraminoika.com,306996523714,terraminoika.com,terra minoika boutique resort,Ίτανος,Greece,Terra Minoika Boutique Resort,8922
8923,B,70,Monterey,USA,Terra Vista Property Management,,property_management,"337 El Dorado St, Monterey, CA",+18313755444,1,,,High,,,,overture:4134a4a4-dbaa-48e7-a91b-9f5f4a048292,46249,New,Recall-first: plausible adjacent hospitality/STR buyer retained.,http://www.terravistahoa.biz,bill@terravistahoa.biz,,https://www.instagram.com/phillipsterravista/,,,,,,,Email,Medium,Recall-first,https://explore.overturemaps.org/#id=4134a4a4-dbaa-48e7-a91b-9f5f4a048292,,domain:terravistahoa.biz,18313755444,terravistahoa.biz,terra vista property management,Monterey,USA,Terra Vista Property Management,8923
8924,B,70,North Charleston,USA,TGI Property Management and Consulting,,property_management,"6650 Rivers Ave, North Charleston, SC",+18434109958,1,,,High,,,,overture:d29d1566-20dd-4a3a-ad11-2083bf9121d1,46249,New,Recall-first: plausible adjacent hospitality/STR buyer retained.,https://tgimanagement.com/,socials@tgimanagement.com,,,,,,,,,Email,Medium,Recall-first,https://explore.overturemaps.org/#id=d29d1566-20dd-4a3a-ad11-2083bf9121d1,,domain:tgimanagement.com,18434109958,tgimanagement.com,tgi property management and consulting,North Charleston,USA,TGI Property Management and Consulting,8924
8925,A,88,Σκιάθος,Greece,Thalasses Villas Skiathos,,hotel,"Pounta, Σκιάθος",+306944619890,1,,,High,,,,overture:4e406716-2075-4927-b1cb-77110d20235f,46249,New,,https://www.thalassesvillas.gr/,reservation.thalasses@gmail.com,,,,,,,,,Email,High,Verified,https://explore.overturemaps.org/#id=4e406716-2075-4927-b1cb-77110d20235f,,domain:thalassesvillas.gr,306944619890,thalassesvillas.gr,thalasses villas skiathos,Σκιάθος,Greece,Thalasses Villas Skiathos,8925
8926,A,88,Περιφέρεια Νοτίου Αιγαίου,Greece,Thalelion Villas Naxos,,hotel,"Agios Thalalaios, Περιφέρεια Νοτίου Αιγαίου",+306977706556,1,,,High,,,,overture:2fefa669-44eb-41df-88f6-19a2d9598c1a,46249,New,,https://www.thalelionvillas.com/,info@thalelionvillas.com,,https://www.instagram.com/thalelion.villas/,,,,,,,Email,High,Verified,https://explore.overturemaps.org/#id=2fefa669-44eb-41df-88f6-19a2d9598c1a,,domain:thalelionvillas.com,306977706556,thalelionvillas.com,thalelion villas naxos,Περιφέρεια Νοτίου Αιγαίου,Greece,Thalelion Villas Naxos,8926
8927,A,88,Περιφέρεια Ανατολικής Μακεδονίας και Θράκης,Greece,Harmony Deluxe Villas,,hotel,"Nisos, Περιφέρεια Ανατολικής Μακεδονίας και Θράκης",+306945223030,1,,,High,,,,overture:75d581ed-bda0-4148-aa7b-74e5f0e700a0,46249,New,,http://www.thassosestate.com/harmony,grkapsalis@gmail.com,,,,,,,,,Email,High,Verified,https://explore.overturemaps.org/#id=75d581ed-bda0-4148-aa7b-74e5f0e700a0,,domain:thassosestate.com,306945223030,thassosestate.com,harmony deluxe villas,Περιφέρεια Ανατολικής Μακεδονίας και Θράκης,Greece,Harmony Deluxe Villas,8927
8928,A,88,Lefkáda,Greece,The VIEW Luxury Villas,,hotel,"THE VIEW – Luxury Villas, 31080 Ellomenou/NYDRI, Lefkáda",+306988515770,1,,,High,,,,overture:579bf9fd-28f7-4ddb-ba23-3541e0e9acc6,46249,New,,https://the-view-luxury-villas.com/en/,welcome@the-view-luxury-villas.com,,,,,,,,,Email,High,Verified,https://explore.overturemaps.org/#id=579bf9fd-28f7-4ddb-ba23-3541e0e9acc6,,domain:the-view-luxury-villas.com,306988515770,the-view-luxury-villas.com,the view luxury villas,Lefkáda,Greece,The VIEW Luxury Villas,8928
8929,A,88,Aegina,Greece,Thea Villas Aegina,,hotel,Aegina,+302104204226,1,,,High,,,,overture:cbaa8e77-0244-4b17-ab8f-ce04e3abe032,46249,New,,http://www.Thea-Villas.com/,thea.villas.aegina@gmail.com,,https://www.instagram.com/theavillasaegina/,,,,,,,Email,High,Verified,https://explore.overturemaps.org/#id=cbaa8e77-0244-4b17-ab8f-ce04e3abe032,,domain:thea-villas.com,302104204226,thea-villas.com,thea villas aegina,Aegina,Greece,Thea Villas Aegina,8929
8930,A,88,Θήρα,Greece,Thea Luxury Resort,,hotel,"Main street, Θήρα",+302286025357,1,,,High,,,,overture:f0e85c68-326d-4d6b-9cf9-364faf471bd9,46249,New,,http://www.thealuxuryresort.com/,info@thealuxuryresort.com,,,,,,,,,Email,High,Verified,https://explore.overturemaps.org/#id=f0e85c68-326d-4d6b-9cf9-364faf471bd9,,domain:thealuxuryresort.com,302286025357,thealuxuryresort.com,thea luxury resort,Θήρα,Greece,Thea Luxury Resort,8930
8931,A,91,"Αποκεντρωμένη Διοίκηση Πελοποννήσου, Δυτικής Ελλάδας και Ιονίου",Greece,Thea Resort Villas,,hotel,"Αποκεντρωμένη Διοίκηση Πελοποννήσου, Δυτικής Ελλάδας και Ιονίου",+306974191089,1,,,High,,,,overture:cd989587-dafe-4d8e-b0b7-4e8eeb219afa,46249,New,,http://www.thearesort-lefkada.gr/,info@thearesort-lefkada.gr,,,,,,,,,Email,High,Verified,https://explore.overturemaps.org/#id=cd989587-dafe-4d8e-b0b7-4e8eeb219afa,,domain:thearesort-lefkada.gr,306974191089,thearesort-lefkada.gr,thea resort villas,"Αποκεντρωμένη Διοίκηση Πελοποννήσου, Δυτικής Ελλάδας και Ιονίου",Greece,Thea Resort Villas,8931
8932,A,88,Γεροπόταμος,Greece,Theasea Stylish Residences,,hotel,"EO Rethimnou Irakliou, Panormos, Γεροπόταμος",+302831040578,1,,,High,,,,overture:87db9303-e4bd-4254-b4a4-5f8c2591c989,46249,New,,https://www.theasearethymno.gr/,info@theasearethymno.gr,,,,,,,,,Email,High,Verified,https://explore.overturemaps.org/#id=87db9303-e4bd-4254-b4a4-5f8c2591c989,,domain:theasearethymno.gr,302831040578,theasearethymno.gr,theasea stylish residences,Γεροπόταμος,Greece,Theasea Stylish Residences,8932
